timestamp,project_name,run_id,experiment_id,duration,emissions,emissions_rate,cpu_power,gpu_power,ram_power,cpu_energy,gpu_energy,ram_energy,energy_consumed,water_consumed,country_name,country_iso_code,region,cloud_provider,cloud_region,os,python_version,codecarbon_version,cpu_count,cpu_model,gpu_count,gpu_model,longitude,latitude,ram_total_size,tracking_mode,cpu_utilization_percent,gpu_utilization_percent,ram_utilization_percent,ram_used_gb,on_cloud,pue,wue
2026-05-05T09:42:16,Q1_qwen2.5:14b_GSM8K,b90c66e5-c614-4303-81a7-7e2b58c4e4c0,5b0fa12a-3dd7-45bb-9766-cc326314d9f1,23.717828100008774,0.0001797960437149,7.58062850261235e-06,13.3237095936,52.545997366697975,20.0,8.413374923644744e-05,0.00033335304446,0.0001261668438889,0.0005436536375854,0.0,Italy,ITA,lombardy,,,Windows-11-10.0.26200-SP0,3.13.13,3.2.6,32,13th Gen Intel(R) Core(TM) i9-13900HX,1,1 x NVIDIA GeForce RTX 4070 Laptop GPU,9.1922,45.4722,31.70067596435547,machine,3.636363636363636,44.22727272727273,38.150000000000006,12.09111161665483,N,1.0,0.0
2026-05-05T09:42:48,Q2_qwen2.5:14b_HellaSwag,a8c04e53-e8c6-4112-a3b1-72687dbfd7f4,5b0fa12a-3dd7-45bb-9766-cc326314d9f1,7.180232999991858,5.081261591774479e-05,7.076736356299636e-06,13.371779552,46.04178167016501,20.0,2.47905349269794e-05,9.177479564198564e-05,3.70780027777073e-05,0.0001536433333466,0.0,Italy,ITA,lombardy,,,Windows-11-10.0.26200-SP0,3.13.13,3.2.6,32,13th Gen Intel(R) Core(TM) i9-13900HX,1,1 x NVIDIA GeForce RTX 4070 Laptop GPU,9.1922,45.4722,31.70067596435547,machine,0.0,50.8,38.4,12.163640594482422,N,1.0,0.0
2026-05-05T09:43:22,Q3_qwen2.5:14b_MMLU,c8f3e061-7f41-4884-9e78-8c2c9257f4bf,5b0fa12a-3dd7-45bb-9766-cc326314d9f1,8.92732299999625,6.355151085928219e-05,7.118764590382682e-06,13.5137318096,45.86817533242014,20.0,3.162616928644179e-05,0.0001137309243179,4.6805143888842495e-05,0.0001921622374932,0.0,Italy,ITA,lombardy,,,Windows-11-10.0.26200-SP0,3.13.13,3.2.6,32,13th Gen Intel(R) Core(TM) i9-13900HX,1,1 x NVIDIA GeForce RTX 4070 Laptop GPU,9.1922,45.4722,31.70067596435547,machine,9.528571428571428,46.57142857142857,38.4,12.161914825439451,N,1.0,0.0
2026-05-05T09:44:02,Q4_qwen2.5:14b_GSM8K,2bf648b2-3611-44c3-99df-12c773f8e35b,5b0fa12a-3dd7-45bb-9766-cc326314d9f1,14.576872699995874,0.0001075718923183,7.379627615078339e-06,13.18154568763077,48.29866025667077,20.0,5.153219944058075e-05,0.000195547934216,7.818759388885358e-05,0.0003252677275454,0.0,Italy,ITA,lombardy,,,Windows-11-10.0.26200-SP0,3.13.13,3.2.6,32,13th Gen Intel(R) Core(TM) i9-13900HX,1,1 x NVIDIA GeForce RTX 4070 Laptop GPU,9.1922,45.4722,31.70067596435547,machine,10.225,44.083333333333336,38.4,12.159289042154947,N,1.0,0.0
2026-05-05T09:44:43,Q5_qwen2.5:14b_MMLU,33855ee5-b3c0-4642-bc5d-596207648076,5b0fa12a-3dd7-45bb-9766-cc326314d9f1,6.628020899996045,4.643386751637489e-05,7.005691173424423e-06,13.1062279232,45.66981628701307,20.0,2.230172162604288e-05,8.407006725597022e-05,3.4031417222205264e-05,0.0001404032061042,0.0,Italy,ITA,lombardy,,,Windows-11-10.0.26200-SP0,3.13.13,3.2.6,32,13th Gen Intel(R) Core(TM) i9-13900HX,1,1 x NVIDIA GeForce RTX 4070 Laptop GPU,9.1922,45.4722,31.70067596435547,machine,0.0,40.6,38.3,12.145816802978516,N,1.0,0.0
2026-05-05T09:45:19,Q6_qwen2.5:14b_MMLU,11d804d9-3ffb-47d0-8c7d-9a60f0df9d13,5b0fa12a-3dd7-45bb-9766-cc326314d9f1,10.298266299985698,7.685516158095473e-05,7.462922334904222e-06,13.1414609792,49.718576012366576,20.0,3.575870855756529e-05,0.000142209558212,5.4420540555535504e-05,0.0002323888073251,0.0,Italy,ITA,lombardy,,,Windows-11-10.0.26200-SP0,3.13.13,3.2.6,32,13th Gen Intel(R) Core(TM) i9-13900HX,1,1 x NVIDIA GeForce RTX 4070 Laptop GPU,9.1922,45.4722,31.70067596435547,machine,11.8375,37.875,38.4,12.1714129447937,N,1.0,0.0
2026-05-05T09:45:57,Q7_qwen2.5:14b_HellaSwag,1ea4a5d8-4c4e-4360-9f0b-d844d37a3b94,5b0fa12a-3dd7-45bb-9766-cc326314d9f1,12.750551999997697,9.652989158845446e-05,7.570644124934504e-06,13.136128736000003,50.59023390240525,20.0,4.468831339960163e-05,0.0001791534766559,6.803797333333124e-05,0.0002918797633889,0.0,Italy,ITA,lombardy,,,Windows-11-10.0.26200-SP0,3.13.13,3.2.6,32,13th Gen Intel(R) Core(TM) i9-13900HX,1,1 x NVIDIA GeForce RTX 4070 Laptop GPU,9.1922,45.4722,31.70067596435547,machine,0.0,47.72727272727273,38.3,12.14628115567294,N,1.0,0.0
2026-05-05T09:46:35,Q8_qwen2.5:14b_SQuAD,37383ed3-4d15-4cac-bbe4-6d8c5d7d585d,5b0fa12a-3dd7-45bb-9766-cc326314d9f1,3.127917599995272,1.7154709357912157e-05,5.48438659571406e-06,13.2891627008,31.769374288066825,20.0,9.692568941724456e-06,2.7592244296048563e-05,1.4586295555555907e-05,5.187110879332893e-05,0.0,Italy,ITA,lombardy,,,Windows-11-10.0.26200-SP0,3.13.13,3.2.6,32,13th Gen Intel(R) Core(TM) i9-13900HX,1,1 x NVIDIA GeForce RTX 4070 Laptop GPU,9.1922,45.4722,31.70067596435547,machine,0.0,97.0,38.3,12.127777099609377,N,1.0,0.0
2026-05-05T09:46:56,Q9_qwen2.5:14b_MMLU,a17ba1f9-e2d0-4eae-9f57-ef6d3016fd4c,5b0fa12a-3dd7-45bb-9766-cc326314d9f1,6.479710899991915,4.3694426171072274e-05,6.743267847200837e-06,13.433011581440002,42.571789607058726,20.0,2.2302707112125507e-05,7.661200573400029e-05,3.3205178333284695e-05,0.0001321198911794,0.0,Italy,ITA,lombardy,,,Windows-11-10.0.26200-SP0,3.13.13,3.2.6,32,13th Gen Intel(R) Core(TM) i9-13900HX,1,1 x NVIDIA GeForce RTX 4070 Laptop GPU,9.1922,45.4722,31.70067596435547,machine,0.0,43.25,38.55,12.220545768737791,N,1.0,0.0
2026-05-05T09:47:29,Q10_qwen2.5:14b_HellaSwag,f2b19b52-fe03-43e1-85c6-8851478e8020,5b0fa12a-3dd7-45bb-9766-cc326314d9f1,7.497072300000582,5.385859733987048e-05,7.183950638953596e-06,13.5406904,46.91476708551968,20.0,2.630934442001428e-05,9.76853559259694e-05,3.8858840555541165e-05,0.0001628535409015,0.0,Italy,ITA,lombardy,,,Windows-11-10.0.26200-SP0,3.13.13,3.2.6,32,13th Gen Intel(R) Core(TM) i9-13900HX,1,1 x NVIDIA GeForce RTX 4070 Laptop GPU,9.1922,45.4722,31.70067596435547,machine,0.0,44.4,38.5,12.196178436279297,N,1.0,0.0
2026-05-05T09:48:31,Q11_qwen2.5:14b_HumanEval,9033dde1-f364-4050-8439-322a797a3791,5b0fa12a-3dd7-45bb-9766-cc326314d9f1,37.11586399999214,0.0002998837897176,8.079666142694828e-06,13.45874927513143,56.469160284731664,20.0,0.0001334030013927,0.000575536293762,0.0001978265588888,0.0009067658540436,0.0,Italy,ITA,lombardy,,,Windows-11-10.0.26200-SP0,3.13.13,3.2.6,32,13th Gen Intel(R) Core(TM) i9-13900HX,1,1 x NVIDIA GeForce RTX 4070 Laptop GPU,9.1922,45.4722,31.70067596435547,machine,0.0,41.71428571428572,38.4,12.169767434256418,N,1.0,0.0
2026-05-05T09:49:49,Q12_qwen2.5:14b_HumanEval,babe95ea-94e5-44a5-995f-9aea5e881d41,5b0fa12a-3dd7-45bb-9766-cc326314d9f1,22.32103360000474,0.0001737678687279,7.784938271312726e-06,13.594402739565716,54.01210827509348,20.0,8.06367432559736e-05,0.00032637942777,0.0001184099283333,0.0005254260993593,0.0,Italy,ITA,lombardy,,,Windows-11-10.0.26200-SP0,3.13.13,3.2.6,32,13th Gen Intel(R) Core(TM) i9-13900HX,1,1 x NVIDIA GeForce RTX 4070 Laptop GPU,9.1922,45.4722,31.70067596435547,machine,1.6649999999999998,39.5,38.4,12.165565490722656,N,1.0,0.0
2026-05-05T09:50:52,Q13_qwen2.5:14b_MMLU,d7852d81-521d-45e6-bc70-8ae359a27bb3,5b0fa12a-3dd7-45bb-9766-cc326314d9f1,8.191406099998858,6.13061892017828e-05,7.4842082608737155e-06,13.385138536228574,50.140018787534856,20.0,2.858634627054921e-05,0.000114073980148,4.271267777771249e-05,0.0001853730041962,0.0,Italy,ITA,lombardy,,,Windows-11-10.0.26200-SP0,3.13.13,3.2.6,32,13th Gen Intel(R) Core(TM) i9-13900HX,1,1 x NVIDIA GeForce RTX 4070 Laptop GPU,9.1922,45.4722,31.70067596435547,machine,0.0,57.333333333333336,38.5,12.21812375386556,N,1.0,0.0
2026-05-05T09:51:29,Q14_qwen2.5:14b_SQuAD,33d9fa65-5721-4b0a-a292-a31a8b71d735,5b0fa12a-3dd7-45bb-9766-cc326314d9f1,11.426983299999849,8.532117031526064e-05,7.4666399762098e-06,13.20018238208,49.56357388791795,20.0,4.0045774264444144e-05,0.00015726818137,6.067372666665405e-05,0.0002579876823011,0.0,Italy,ITA,lombardy,,,Windows-11-10.0.26200-SP0,3.13.13,3.2.6,32,13th Gen Intel(R) Core(TM) i9-13900HX,1,1 x NVIDIA GeForce RTX 4070 Laptop GPU,9.1922,45.4722,31.70067596435547,machine,0.0,38.333333333333336,38.5,12.202581617567274,N,1.0,0.0
2026-05-05T09:52:41,Q15_qwen2.5:14b_HumanEval,ae0e27fc-9cc3-405b-aec2-4f34ef085403,5b0fa12a-3dd7-45bb-9766-cc326314d9f1,37.558213900003466,0.0003029111166151,8.06510973662572e-06,13.186779963885714,55.832829264655,20.0,0.0001321546775604,0.000583488800124,0.0002002761777778,0.0009159196554623,0.0,Italy,ITA,lombardy,,,Windows-11-10.0.26200-SP0,3.13.13,3.2.6,32,13th Gen Intel(R) Core(TM) i9-13900HX,1,1 x NVIDIA GeForce RTX 4070 Laptop GPU,9.1922,45.4722,31.70067596435547,machine,6.182857142857143,40.08571428571429,38.457142857142856,12.188704463413783,N,1.0,0.0
2026-05-05T09:54:17,Q16_qwen2.5:14b_MMLU,e8ee29a5-9f0d-4f3f-9400-e0e7d10752ff,5b0fa12a-3dd7-45bb-9766-cc326314d9f1,29.336808099993505,0.0002337777541509,7.96875220215318e-06,13.637977812388574,54.53576592113595,20.0,0.0001073608531628,0.000442122853698,0.0001573957316667,0.0007068794385275,0.0,Italy,ITA,lombardy,,,Windows-11-10.0.26200-SP0,3.13.13,3.2.6,32,13th Gen Intel(R) Core(TM) i9-13900HX,1,1 x NVIDIA GeForce RTX 4070 Laptop GPU,9.1922,45.4722,31.70067596435547,machine,2.8481481481481485,41.629629629629626,38.42222222222222,12.182256486680773,N,1.0,0.0
2026-05-05T09:55:20,Q17_qwen2.5:14b_HellaSwag,7909569f-6d6d-4344-8a25-6a6da00074ba,5b0fa12a-3dd7-45bb-9766-cc326314d9f1,7.697033200005535,5.387425113236829e-05,6.999352832768026e-06,13.07291534994286,45.28333301732174,20.0,2.612660843046021e-05,9.680452188798316e-05,3.99697433333333e-05,0.0001629008736517,0.0,Italy,ITA,lombardy,,,Windows-11-10.0.26200-SP0,3.13.13,3.2.6,32,13th Gen Intel(R) Core(TM) i9-13900HX,1,1 x NVIDIA GeForce RTX 4070 Laptop GPU,9.1922,45.4722,31.70067596435547,machine,6.666666666666667,41.16666666666666,38.3,12.147725423177084,N,1.0,0.0
2026-05-05T09:56:11,Q18_qwen2.5:14b_GSM8K,62cec244-f591-4ea6-baac-c639b40ba1e6,5b0fa12a-3dd7-45bb-9766-cc326314d9f1,26.13677840000309,0.0002032150529539,7.775061250620044e-06,13.590519739345456,53.18984833428134,20.0,9.489619327421648e-05,0.000379979748428,0.0001395903194444,0.0006144662611466,0.0,Italy,ITA,lombardy,,,Windows-11-10.0.26200-SP0,3.13.13,3.2.6,32,13th Gen Intel(R) Core(TM) i9-13900HX,1,1 x NVIDIA GeForce RTX 4070 Laptop GPU,9.1922,45.4722,31.70067596435547,machine,0.0,35.708333333333336,38.30416666666667,12.155398845672607,N,1.0,0.0
2026-05-05T09:57:13,Q19_qwen2.5:14b_SQuAD,21f44100-1912-4d6e-94bf-64e210a7a67c,5b0fa12a-3dd7-45bb-9766-cc326314d9f1,6.995583900003112,5.071257445139772e-05,7.249226823135543e-06,13.0929279872,48.20364000692242,20.0,2.3614810071070866e-05,9.365424158996882e-05,3.60717838888781e-05,0.0001533408355499,0.0,Italy,ITA,lombardy,,,Windows-11-10.0.26200-SP0,3.13.13,3.2.6,32,13th Gen Intel(R) Core(TM) i9-13900HX,1,1 x NVIDIA GeForce RTX 4070 Laptop GPU,9.1922,45.4722,31.70067596435547,machine,0.0,52.4,38.4,12.170565795898437,N,1.0,0.0
2026-05-05T09:57:44,Q20_qwen2.5:14b_SQuAD,4fa764c2-f28f-4867-91d6-4cda2c5a401b,5b0fa12a-3dd7-45bb-9766-cc326314d9f1,5.472702799990657,3.915713553978588e-05,7.154990316640753e-06,13.435145984000002,47.58304017336758,20.0,1.853495759416801e-05,7.227450226393595e-05,2.759091611110812e-05,0.0001184003759692,0.0,Italy,ITA,lombardy,,,Windows-11-10.0.26200-SP0,3.13.13,3.2.6,32,13th Gen Intel(R) Core(TM) i9-13900HX,1,1 x NVIDIA GeForce RTX 4070 Laptop GPU,9.1922,45.4722,31.70067596435547,machine,33.333333333333336,56.333333333333336,38.3,12.137840270996094,N,1.0,0.0
2026-05-05T09:58:36,Q21_qwen2.5:14b_HumanEval,a8a60e1d-0582-45f5-8feb-35a5bcdfef15,5b0fa12a-3dd7-45bb-9766-cc326314d9f1,37.05543320000288,0.0002981007978592,8.044725755876548e-06,13.377249789211431,56.29070944295504,20.0,0.0001321008566429,0.0005717921240999,0.0001974815977778,0.0009013745785207,0.0,Italy,ITA,lombardy,,,Windows-11-10.0.26200-SP0,3.13.13,3.2.6,32,13th Gen Intel(R) Core(TM) i9-13900HX,1,1 x NVIDIA GeForce RTX 4070 Laptop GPU,9.1922,45.4722,31.70067596435547,machine,0.0,38.97142857142857,38.3,12.147294071742468,N,1.0,0.0
2026-05-05T09:59:50,Q22_qwen2.5:14b_HellaSwag,e52ef8b2-78d0-4d11-8cc2-608fc722bfc9,5b0fa12a-3dd7-45bb-9766-cc326314d9f1,7.737619799998356,5.687852308867287e-05,7.350906940230503e-06,13.3577969024,48.831122782722815,20.0,2.6847132112428943e-05,0.0001049417506199,4.019608055556698e-05,0.0001719849632879,0.0,Italy,ITA,lombardy,,,Windows-11-10.0.26200-SP0,3.13.13,3.2.6,32,13th Gen Intel(R) Core(TM) i9-13900HX,1,1 x NVIDIA GeForce RTX 4070 Laptop GPU,9.1922,45.4722,31.70067596435547,machine,0.0,39.16666666666666,38.4,12.17308235168457,N,1.0,0.0
2026-05-05T10:00:24,Q23_qwen2.5:14b_SQuAD,cac1172f-2bf2-4459-8379-ead98b2e6fd2,5b0fa12a-3dd7-45bb-9766-cc326314d9f1,8.951605800000834,6.64096079002711e-05,7.418736859510157e-06,13.093223340800002,49.52682656029904,20.0,3.072992211240773e-05,0.000123135098508,4.693931388893462e-05,0.0002008043345093,0.0,Italy,ITA,lombardy,,,Windows-11-10.0.26200-SP0,3.13.13,3.2.6,32,13th Gen Intel(R) Core(TM) i9-13900HX,1,1 x NVIDIA GeForce RTX 4070 Laptop GPU,9.1922,45.4722,31.70067596435547,machine,0.0,38.57142857142857,38.4,12.170264652797156,N,1.0,0.0
2026-05-05T10:00:56,Q24_qwen2.5:14b_HellaSwag,badb5a01-1efd-4c70-b165-b0761f5cb35b,5b0fa12a-3dd7-45bb-9766-cc326314d9f1,7.472030599994468,5.374670011050958e-05,7.193051392288111e-06,13.475871776,47.0813320448364,20.0,2.608975305023203e-05,9.770563371996888e-05,3.871980777775106e-05,0.0001625151945479,0.0,Italy,ITA,lombardy,,,Windows-11-10.0.26200-SP0,3.13.13,3.2.6,32,13th Gen Intel(R) Core(TM) i9-13900HX,1,1 x NVIDIA GeForce RTX 4070 Laptop GPU,9.1922,45.4722,31.70067596435547,machine,0.0,30.2,38.4,12.173790740966798,N,1.0,0.0
2026-05-05T10:01:29,Q25_qwen2.5:14b_MMLU,563bc4c3-4324-4284-8608-0e845c4e98bf,5b0fa12a-3dd7-45bb-9766-cc326314d9f1,8.112968500005081,6.084991414562841e-05,7.50032668629125e-06,13.11245804617143,50.590276742968506,20.0,2.771930032041405e-05,0.000113995646752,4.227840722224857e-05,0.0001839933542946,0.0,Italy,ITA,lombardy,,,Windows-11-10.0.26200-SP0,3.13.13,3.2.6,32,13th Gen Intel(R) Core(TM) i9-13900HX,1,1 x NVIDIA GeForce RTX 4070 Laptop GPU,9.1922,45.4722,31.70067596435547,machine,0.0,40.0,38.5,12.19799550374349,N,1.0,0.0
2026-05-05T10:02:14,Q26_qwen2.5:14b_HumanEval,c2353e69-22c3-4fda-b84e-673be0a432e8,5b0fa12a-3dd7-45bb-9766-cc326314d9f1,19.92083430000639,0.0001505488853845,7.557358447808782e-06,13.3901725184,50.63377015220452,20.0,7.074370707018774e-05,0.0002794046679679,0.0001050699238888,0.000455218298927,0.0,Italy,ITA,lombardy,,,Windows-11-10.0.26200-SP0,3.13.13,3.2.6,32,13th Gen Intel(R) Core(TM) i9-13900HX,1,1 x NVIDIA GeForce RTX 4070 Laptop GPU,9.1922,45.4722,31.70067596435547,machine,0.0,42.27777777777778,38.48888888888889,12.193982654147678,N,1.0,0.0
2026-05-05T10:03:05,Q27_qwen2.5:14b_SQuAD,d9df8ad1-2a79-4a6b-9431-e49fe8f3b29f,5b0fa12a-3dd7-45bb-9766-cc326314d9f1,5.417956699995557,3.666143555784112e-05,6.766653479875759e-06,13.156409043200002,43.58660450148759,20.0,1.796310966531374e-05,6.558477468998625e-05,2.7306183333308176e-05,0.0001108540676886,0.0,Italy,ITA,lombardy,,,Windows-11-10.0.26200-SP0,3.13.13,3.2.6,32,13th Gen Intel(R) Core(TM) i9-13900HX,1,1 x NVIDIA GeForce RTX 4070 Laptop GPU,9.1922,45.4722,31.70067596435547,machine,0.0,36.66666666666666,38.4,12.177291870117188,N,1.0,0.0
2026-05-05T10:03:25,Q28_qwen2.5:14b_SQuAD,a27ab000-bca5-4b42-863a-10f470312371,5b0fa12a-3dd7-45bb-9766-cc326314d9f1,4.678692300003604,3.1169319433085315e-05,6.661972498824363e-06,13.200202265600002,42.89237927803801,20.0,1.531314177532518e-05,5.573393347602096e-05,2.3200348333355376e-05,9.424742358470152e-05,0.0,Italy,ITA,lombardy,,,Windows-11-10.0.26200-SP0,3.13.13,3.2.6,32,13th Gen Intel(R) Core(TM) i9-13900HX,1,1 x NVIDIA GeForce RTX 4070 Laptop GPU,9.1922,45.4722,31.70067596435547,machine,0.0,52.0,38.4,12.17620086669922,N,1.0,0.0
2026-05-05T10:03:47,Q29_qwen2.5:14b_SQuAD,b3d50254-a7d0-4a59-95d3-a67a2a67e6cb,5b0fa12a-3dd7-45bb-9766-cc326314d9f1,6.62252149998676,4.6891906058807296e-05,7.080672529172014e-06,13.1182571264,46.4788705182727,20.0,2.2300764911023003e-05,8.548867950197714e-05,3.3998743888837955e-05,0.0001417881883018,0.0,Italy,ITA,lombardy,,,Windows-11-10.0.26200-SP0,3.13.13,3.2.6,32,13th Gen Intel(R) Core(TM) i9-13900HX,1,1 x NVIDIA GeForce RTX 4070 Laptop GPU,9.1922,45.4722,31.70067596435547,machine,0.0,28.6,38.4,12.176132965087891,N,1.0,0.0
2026-05-05T10:04:16,Q30_qwen2.5:14b_SQuAD,8ac10149-ebc6-46e2-9b53-c7cadcba1fd0,5b0fa12a-3dd7-45bb-9766-cc326314d9f1,4.078073799988488,2.3813471831194992e-05,5.839392075558372e-06,13.096977267200003,34.55244090387218,20.0,1.3008967762789264e-05,3.913169797203908e-05,1.98647038888238e-05,7.200536962365215e-05,0.0,Italy,ITA,lombardy,,,Windows-11-10.0.26200-SP0,3.13.13,3.2.6,32,13th Gen Intel(R) Core(TM) i9-13900HX,1,1 x NVIDIA GeForce RTX 4070 Laptop GPU,9.1922,45.4722,31.70067596435547,machine,0.0,69.0,38.35,12.15667724609375,N,1.0,0.0
2026-05-05T10:04:48,Q31_qwen2.5:14b_GSM8K,0a25b61d-0e0b-472f-8477-6ba12199757a,5b0fa12a-3dd7-45bb-9766-cc326314d9f1,16.897640200011665,0.0001771966353148,1.048647226579491e-05,13.05708672512,53.90290221338061,20.0,0.0001175374797693,0.0002381932461099,0.0001800630177778,0.0005357937436571,0.0,Italy,ITA,lombardy,,,Windows-11-10.0.26200-SP0,3.13.13,3.2.6,32,13th Gen Intel(R) Core(TM) i9-13900HX,1,1 x NVIDIA GeForce RTX 4070 Laptop GPU,9.1922,45.4722,31.70067596435547,machine,12.38,45.53333333333333,38.36666666666667,12.159433746337893,N,1.0,0.0
2026-05-05T10:05:44,Q32_qwen2.5:14b_GSM8K,77be740e-a302-403f-9486-b6a360d77060,5b0fa12a-3dd7-45bb-9766-cc326314d9f1,11.00241709999682,8.286369982274597e-05,7.531408695891917e-06,13.217024288,50.31507844826979,20.0,3.85360498168082e-05,0.0001537090118559,5.8311907777776165e-05,0.0002505569694505,0.0,Italy,ITA,lombardy,,,Windows-11-10.0.26200-SP0,3.13.13,3.2.6,32,13th Gen Intel(R) Core(TM) i9-13900HX,1,1 x NVIDIA GeForce RTX 4070 Laptop GPU,9.1922,45.4722,31.70067596435547,machine,11.11111111111111,40.66666666666666,38.44444444444444,12.18853759765625,N,1.0,0.0
2026-05-05T10:06:26,Q33_qwen2.5:14b_SQuAD,0b4408cf-bdc0-4a7b-88f3-94fb2159570a,5b0fa12a-3dd7-45bb-9766-cc326314d9f1,6.821886699995957,4.5746856201781165e-05,6.705895042467984e-06,13.12669328,42.318154395571945,20.0,2.304225426654618e-05,8.017700858603538e-05,3.510661055552191e-05,0.0001383258734081,0.0,Italy,ITA,lombardy,,,Windows-11-10.0.26200-SP0,3.13.13,3.2.6,32,13th Gen Intel(R) Core(TM) i9-13900HX,1,1 x NVIDIA GeForce RTX 4070 Laptop GPU,9.1922,45.4722,31.70067596435547,machine,0.0,32.4,38.4,12.180962371826173,N,1.0,0.0
2026-05-05T10:06:59,Q34_qwen2.5:14b_MMLU,9781e13e-50e8-486f-bf9f-73001b5c6e65,5b0fa12a-3dd7-45bb-9766-cc326314d9f1,7.784655299998121,5.522615320511979e-05,7.094232316893096e-06,13.287558639542858,46.098374688660094,20.0,2.687512340895391e-05,9.96628575079539e-05,4.045067166662193e-05,0.0001669886525835,0.0,Italy,ITA,lombardy,,,Windows-11-10.0.26200-SP0,3.13.13,3.2.6,32,13th Gen Intel(R) Core(TM) i9-13900HX,1,1 x NVIDIA GeForce RTX 4070 Laptop GPU,9.1922,45.4722,31.70067596435547,machine,0.0,27.666666666666668,38.4,12.182628631591797,N,1.0,0.0
2026-05-05T10:07:28,Q35_qwen2.5:14b_SQuAD,cc9ba832-d47e-4fe2-baae-de3c79e602d6,5b0fa12a-3dd7-45bb-9766-cc326314d9f1,4.715269799999078,3.168622204469147e-05,6.719917075518705e-06,13.0059110432,43.7774334679166,20.0,1.5196304803002231e-05,5.724671246398749e-05,2.336737722224724e-05,9.581039448923696e-05,0.0,Italy,ITA,lombardy,,,Windows-11-10.0.26200-SP0,3.13.13,3.2.6,32,13th Gen Intel(R) Core(TM) i9-13900HX,1,1 x NVIDIA GeForce RTX 4070 Laptop GPU,9.1922,45.4722,31.70067596435547,machine,0.0,53.66666666666666,38.4,12.175538380940756,N,1.0,0.0
2026-05-05T10:08:00,Q36_qwen2.5:14b_MMLU,c72340ae-4a88-496e-8ffd-b99bc96df8fa,5b0fa12a-3dd7-45bb-9766-cc326314d9f1,16.411726399994222,0.000127790585278,7.786541291482087e-06,13.45447798784,52.33632731113275,20.0,5.945662499959994e-05,0.000238565746408,8.838110611112724e-05,0.0003864034775187,0.0,Italy,ITA,lombardy,,,Windows-11-10.0.26200-SP0,3.13.13,3.2.6,32,13th Gen Intel(R) Core(TM) i9-13900HX,1,1 x NVIDIA GeForce RTX 4070 Laptop GPU,9.1922,45.4722,31.70067596435547,machine,5.357142857142857,42.71428571428572,38.4,12.176412309919083,N,1.0,0.0
2026-05-05T10:09:07,Q37_qwen2.5:14b_HumanEval,c8424cd5-bb62-4c70-94fc-a99379476a29,5b0fa12a-3dd7-45bb-9766-cc326314d9f1,22.24451260000933,0.0001725138953445,7.755346158695156e-06,13.249897526857144,53.93370443586124,20.0,7.82593789095502e-05,0.0003253808158599,0.000117994235,0.0005216344297695,0.0,Italy,ITA,lombardy,,,Windows-11-10.0.26200-SP0,3.13.13,3.2.6,32,13th Gen Intel(R) Core(TM) i9-13900HX,1,1 x NVIDIA GeForce RTX 4070 Laptop GPU,9.1922,45.4722,31.70067596435547,machine,0.0,40.15,38.42,12.181099128723144,N,1.0,0.0
2026-05-05T10:10:06,Q38_qwen2.5:14b_MMLU,19df0f12-a2f4-466d-95eb-f3bbad3124d3,5b0fa12a-3dd7-45bb-9766-cc326314d9f1,13.323475599987432,0.0001054788824723,7.916769290472304e-06,13.3249463552,54.1116422442988,20.0,4.745764183784002e-05,0.0002002509935339,7.12304077777339e-05,0.0003189390431495,0.0,Italy,ITA,lombardy,,,Windows-11-10.0.26200-SP0,3.13.13,3.2.6,32,13th Gen Intel(R) Core(TM) i9-13900HX,1,1 x NVIDIA GeForce RTX 4070 Laptop GPU,9.1922,45.4722,31.70067596435547,machine,9.090909090909092,37.18181818181818,38.4,12.167011607776988,N,1.0,0.0
2026-05-05T10:11:00,Q39_qwen2.5:14b_SQuAD,f831454e-1ec0-45f5-9963-18365a102e8a,5b0fa12a-3dd7-45bb-9766-cc326314d9f1,8.759260999999242,6.496173270495978e-05,7.4163485601085985e-06,13.3581430928,49.297772853215896,20.0,3.063469894502335e-05,0.000119925929274,4.586573111114881e-05,0.0001964263593301,0.0,Italy,ITA,lombardy,,,Windows-11-10.0.26200-SP0,3.13.13,3.2.6,32,13th Gen Intel(R) Core(TM) i9-13900HX,1,1 x NVIDIA GeForce RTX 4070 Laptop GPU,9.1922,45.4722,31.70067596435547,machine,0.0,43.0,38.785714285714285,12.296954563685826,N,1.0,0.0
2026-05-05T10:11:43,Q40_qwen2.5:14b_GSM8K,90038627-76d0-4297-8c32-781a907cabec,5b0fa12a-3dd7-45bb-9766-cc326314d9f1,17.90358089999063,0.0001395215515306,7.792941105468257e-06,13.13012628992,55.8914660759484,20.0,6.225769910043065e-05,0.0002657382681459,9.387871611106676e-05,0.0004218746833574,0.0,Italy,ITA,lombardy,,,Windows-11-10.0.26200-SP0,3.13.13,3.2.6,32,13th Gen Intel(R) Core(TM) i9-13900HX,1,1 x NVIDIA GeForce RTX 4070 Laptop GPU,9.1922,45.4722,31.70067596435547,machine,0.0,39.5625,38.5,12.207977771759031,N,1.0,0.0
2026-05-05T10:12:38,Q41_qwen2.5:14b_HellaSwag,03bf553c-d458-431c-8e4d-6990884ddfc3,5b0fa12a-3dd7-45bb-9766-cc326314d9f1,10.62969560000056,7.933232873440559e-05,7.463273805733573e-06,13.134314086400002,49.67820485523328,20.0,3.694809955354139e-05,0.0001466698395579,5.6261138333340777e-05,0.0002398790774448,0.0,Italy,ITA,lombardy,,,Windows-11-10.0.26200-SP0,3.13.13,3.2.6,32,13th Gen Intel(R) Core(TM) i9-13900HX,1,1 x NVIDIA GeForce RTX 4070 Laptop GPU,9.1922,45.4722,31.70067596435547,machine,1.3111111111111111,42.44444444444444,38.4,12.169377221001518,N,1.0,0.0
2026-05-05T10:13:17,Q42_qwen2.5:14b_SQuAD,21659bc1-0d78-4fdf-b03b-8844d0fcaac6,5b0fa12a-3dd7-45bb-9766-cc326314d9f1,3.701461999997264,2.2332102214554416e-05,6.033319324788671e-06,13.060010739200004,37.11289907285101,20.0,1.1605801035632764e-05,3.81480860740524e-05,1.7772229444461926e-05,6.752611655414709e-05,0.0,Italy,ITA,lombardy,,,Windows-11-10.0.26200-SP0,3.13.13,3.2.6,32,13th Gen Intel(R) Core(TM) i9-13900HX,1,1 x NVIDIA GeForce RTX 4070 Laptop GPU,9.1922,45.4722,31.70067596435547,machine,0.0,51.5,38.4,12.171388626098633,N,1.0,0.0
2026-05-05T10:13:44,Q43_qwen2.5:14b_GSM8K,3999812f-d8ca-4917-b361-e3598d596220,5b0fa12a-3dd7-45bb-9766-cc326314d9f1,11.711936100007732,8.722924980688171e-05,7.447893248565804e-06,13.217147557236364,49.318615963163865,20.0,4.1136885577100143e-05,0.0001603734616319,6.224684111115898e-05,0.0002637571883202,0.0,Italy,ITA,lombardy,,,Windows-11-10.0.26200-SP0,3.13.13,3.2.6,32,13th Gen Intel(R) Core(TM) i9-13900HX,1,1 x NVIDIA GeForce RTX 4070 Laptop GPU,9.1922,45.4722,31.70067596435547,machine,0.0,39.3,39.2,12.436605453491213,N,1.0,0.0
2026-05-05T10:14:57,Q44_qwen2.5:14b_GSM8K,3a0b1945-6dc6-4820-aa98-f65b079850e7,5b0fa12a-3dd7-45bb-9766-cc326314d9f1,27.808915999994497,0.0002192839973442,7.885384577533752e-06,13.348224121796925,54.25359137845814,20.0,9.955370839591322e-05,0.0004146136650239,0.0001488869427778,0.0006630543161977,0.0,Italy,ITA,lombardy,,,Windows-11-10.0.26200-SP0,3.13.13,3.2.6,32,13th Gen Intel(R) Core(TM) i9-13900HX,1,1 x NVIDIA GeForce RTX 4070 Laptop GPU,9.1922,45.4722,31.70067596435547,machine,3.8461538461538463,39.84615384615385,39.0,12.363424888023964,N,1.0,0.0
2026-05-05T10:16:04,Q45_qwen2.5:14b_HellaSwag,39af81d3-1d35-4753-8532-d205cfd79ce5,5b0fa12a-3dd7-45bb-9766-cc326314d9f1,12.050869000013336,9.066537879530112e-05,7.523555255243483e-06,13.513170137600005,49.78468630429957,20.0,4.334929562147748e-05,0.0001666404110899,6.415738777779755e-05,0.0002741470944892,0.0,Italy,ITA,lombardy,,,Windows-11-10.0.26200-SP0,3.13.13,3.2.6,32,13th Gen Intel(R) Core(TM) i9-13900HX,1,1 x NVIDIA GeForce RTX 4070 Laptop GPU,9.1922,45.4722,31.70067596435547,machine,4.29,40.0,38.8,12.295976257324218,N,1.0,0.0
2026-05-05T10:17:13,Q46_qwen2.5:14b_GSM8K,880458bb-1fd0-42d8-962f-f809654b0a69,5b0fa12a-3dd7-45bb-9766-cc326314d9f1,33.80643179999606,0.0002689829656206,7.956561852253907e-06,13.16592662672,55.507400275603686,20.0,0.0001187492991424,0.000515182634368,0.0001793983527777,0.0008133302862882,0.0,Italy,ITA,lombardy,,,Windows-11-10.0.26200-SP0,3.13.13,3.2.6,32,13th Gen Intel(R) Core(TM) i9-13900HX,1,1 x NVIDIA GeForce RTX 4070 Laptop GPU,9.1922,45.4722,31.70067596435547,machine,3.953125,38.3125,38.771875,12.289577841758728,N,1.0,0.0
2026-05-05T10:18:55,Q47_qwen2.5:14b_GSM8K,12f17832-ca0f-4205-b7d1-6c8437564723,5b0fa12a-3dd7-45bb-9766-cc326314d9f1,26.427802199992584,0.00020425395315,7.728752909693795e-06,13.237533986327277,52.79277740210014,20.0,9.359053249498068e-05,0.0003828169729199,0.0001412001033332,0.0006176076087482,0.0,Italy,ITA,lombardy,,,Windows-11-10.0.26200-SP0,3.13.13,3.2.6,32,13th Gen Intel(R) Core(TM) i9-13900HX,1,1 x NVIDIA GeForce RTX 4070 Laptop GPU,9.1922,45.4722,31.70067596435547,machine,4.166666666666667,41.333333333333336,38.895833333333336,12.334485371907553,N,1.0,0.0
2026-05-05T10:20:21,Q48_qwen2.5:14b_HellaSwag,6a54e913-ce32-481b-8525-c3197993b547,5b0fa12a-3dd7-45bb-9766-cc326314d9f1,20.44127660000231,0.0001600240079329,7.82847427116783e-06,13.710984177920002,54.26691687054992,20.0,7.438561505132934e-05,0.000301508296762,0.0001079745438889,0.0004838684557022,0.0,Italy,ITA,lombardy,,,Windows-11-10.0.26200-SP0,3.13.13,3.2.6,32,13th Gen Intel(R) Core(TM) i9-13900HX,1,1 x NVIDIA GeForce RTX 4070 Laptop GPU,9.1922,45.4722,31.70067596435547,machine,5.0,39.66666666666666,38.80555555555556,12.295641157362196,N,1.0,0.0
2026-05-05T10:21:49,Q49_qwen2.5:14b_GSM8K,039a4cb2-7df2-487a-bbae-7663069f8154,5b0fa12a-3dd7-45bb-9766-cc326314d9f1,22.95399670000188,0.0001799064625152,7.837696627151202e-06,13.501504142720002,53.61243710666881,20.0,8.246132022506329e-05,0.0003396072161299,0.0001219189772222,0.0005439875135772,0.0,Italy,ITA,lombardy,,,Windows-11-10.0.26200-SP0,3.13.13,3.2.6,32,13th Gen Intel(R) Core(TM) i9-13900HX,1,1 x NVIDIA GeForce RTX 4070 Laptop GPU,9.1922,45.4722,31.70067596435547,machine,0.0,40.0,39.1,12.398561023530506,N,1.0,0.0
2026-05-05T10:23:43,Q50_qwen2.5:14b_GSM8K,603f8494-c9ce-41ec-b914-d9da365aeecf,5b0fa12a-3dd7-45bb-9766-cc326314d9f1,37.50426489999518,0.0002928990833473,7.809754014065724e-06,13.599567698354289,54.10287862569029,20.0,0.0001354046652129,0.000550297384682,0.0001999439788887,0.0008856460287838,0.0,Italy,ITA,lombardy,,,Windows-11-10.0.26200-SP0,3.13.13,3.2.6,32,13th Gen Intel(R) Core(TM) i9-13900HX,1,1 x NVIDIA GeForce RTX 4070 Laptop GPU,9.1922,45.4722,31.70067596435547,machine,9.268571428571429,34.628571428571426,39.760000000000005,12.601434435163226,N,1.0,0.0
2026-05-05T10:25:27,Q51_qwen2.5:14b_MMLU,aafad9e1-975b-4cda-ad61-a56df2e939b2,5b0fa12a-3dd7-45bb-9766-cc326314d9f1,18.336283000011463,0.0001389439181939,7.57754001690788e-06,13.12178011136,51.28782809356966,20.0,6.354401957880055e-05,0.000260310208248,9.62738516666933e-05,0.0004201280794935,0.0,Italy,ITA,lombardy,,,Windows-11-10.0.26200-SP0,3.13.13,3.2.6,32,13th Gen Intel(R) Core(TM) i9-13900HX,1,1 x NVIDIA GeForce RTX 4070 Laptop GPU,9.1922,45.4722,31.70067596435547,machine,11.80625,37.75,39.49375,12.510210752487184,N,1.0,0.0
2026-05-05T10:26:35,Q52_qwen2.5:14b_MMLU,33544015-3792-4d04-88c2-f18ac0f2626d,5b0fa12a-3dd7-45bb-9766-cc326314d9f1,22.29270949999045,0.0001756178587363,7.877815782619072e-06,13.189593821805715,55.05982970804639,20.0,7.80566538040624e-05,0.000334724712224,0.0001182385927777,0.0005310199588058,0.0,Italy,ITA,lombardy,,,Windows-11-10.0.26200-SP0,3.13.13,3.2.6,32,13th Gen Intel(R) Core(TM) i9-13900HX,1,1 x NVIDIA GeForce RTX 4070 Laptop GPU,9.1922,45.4722,31.70067596435547,machine,0.0,38.7,39.5,12.527924919128418,N,1.0,0.0
2026-05-05T10:27:53,Q53_qwen2.5:14b_HumanEval,8e6609d6-c484-4083-9079-a20db4168c55,5b0fa12a-3dd7-45bb-9766-cc326314d9f1,22.725597900003777,0.000175496597076,7.72241935496049e-06,13.216312177760004,53.33954573442056,20.0,7.99489068545659e-05,0.000330038597364,0.0001206657927777,0.0005306532969963,0.0,Italy,ITA,lombardy,,,Windows-11-10.0.26200-SP0,3.13.13,3.2.6,32,13th Gen Intel(R) Core(TM) i9-13900HX,1,1 x NVIDIA GeForce RTX 4070 Laptop GPU,9.1922,45.4722,31.70067596435547,machine,0.0,41.19047619047619,39.4,12.488004048665363,N,1.0,0.0
2026-05-05T10:28:57,Q54_qwen2.5:14b_HellaSwag,af441125-6b6f-4ae2-85ad-8a7f549e39cc,5b0fa12a-3dd7-45bb-9766-cc326314d9f1,8.50527609999699,6.307525464020403e-05,7.416014941622688e-06,13.189979977142858,49.49717781059008,20.0,2.932531985477041e-05,0.00011693203799,4.446481222217295e-05,0.0001907221700669,0.0,Italy,ITA,lombardy,,,Windows-11-10.0.26200-SP0,3.13.13,3.2.6,32,13th Gen Intel(R) Core(TM) i9-13900HX,1,1 x NVIDIA GeForce RTX 4070 Laptop GPU,9.1922,45.4722,31.70067596435547,machine,0.0,46.66666666666666,39.4,12.48416837056478,N,1.0,0.0
2026-05-05T10:29:30,Q55_qwen2.5:14b_MMLU,9a773086-3844-45ac-a44b-eb1dcfe6eca6,5b0fa12a-3dd7-45bb-9766-cc326314d9f1,8.196883600001456,5.755876958275794e-05,7.022030858501847e-06,13.4746769792,45.023492024313775,20.0,2.8798498477871808e-05,0.000102499526444,4.274381611111393e-05,0.000174041841033,0.0,Italy,ITA,lombardy,,,Windows-11-10.0.26200-SP0,3.13.13,3.2.6,32,13th Gen Intel(R) Core(TM) i9-13900HX,1,1 x NVIDIA GeForce RTX 4070 Laptop GPU,9.1922,45.4722,31.70067596435547,machine,16.666666666666668,45.5,39.5,12.52465565999349,N,1.0,0.0
2026-05-05T10:30:08,Q56_qwen2.5:14b_GSM8K,e71a2fa2-6b18-40be-8b4a-1ac747c1d285,5b0fa12a-3dd7-45bb-9766-cc326314d9f1,12.291643800010206,9.209274290879362e-05,7.492304886732656e-06,13.46577771636364,49.46910109239087,20.0,4.4093352487822e-05,0.000168881523994,6.548817333338472e-05,0.0002784630498152,0.0,Italy,ITA,lombardy,,,Windows-11-10.0.26200-SP0,3.13.13,3.2.6,32,13th Gen Intel(R) Core(TM) i9-13900HX,1,1 x NVIDIA GeForce RTX 4070 Laptop GPU,9.1922,45.4722,31.70067596435547,machine,8.0,41.6,39.5,12.519974517822266,N,1.0,0.0
2026-05-05T10:30:46,Q57_qwen2.5:14b_SQuAD,4d9cd52b-3443-4e48-946c-af766e768149,5b0fa12a-3dd7-45bb-9766-cc326314d9f1,3.1818025000102352,1.7884151313987765e-05,5.620760972414295e-06,13.058845932800002,33.36490988750377,20.0,9.717169239155591e-06,2.9478634694046768e-05,1.4880936111148914e-05,5.407674004435128e-05,0.0,Italy,ITA,lombardy,,,Windows-11-10.0.26200-SP0,3.13.13,3.2.6,32,13th Gen Intel(R) Core(TM) i9-13900HX,1,1 x NVIDIA GeForce RTX 4070 Laptop GPU,9.1922,45.4722,31.70067596435547,machine,0.0,46.0,39.4,12.48685073852539,N,1.0,0.0
2026-05-05T10:31:13,Q58_qwen2.5:14b_GSM8K,e1220af4-00d5-466e-91c8-ae7a4ccdca73,5b0fa12a-3dd7-45bb-9766-cc326314d9f1,11.81751059999806,8.678607297365737e-05,7.343854040940875e-06,13.18870331578182,48.16762154167229,20.0,4.145342401603506e-05,0.0001581029042599,6.286081555550077e-05,0.0002624171438314,0.0,Italy,ITA,lombardy,,,Windows-11-10.0.26200-SP0,3.13.13,3.2.6,32,13th Gen Intel(R) Core(TM) i9-13900HX,1,1 x NVIDIA GeForce RTX 4070 Laptop GPU,9.1922,45.4722,31.70067596435547,machine,0.0,44.2,39.4,12.481546783447266,N,1.0,0.0
2026-05-05T10:32:22,Q59_qwen2.5:14b_GSM8K,a67ade84-e389-407d-a4f8-ed408f5072cc,5b0fa12a-3dd7-45bb-9766-cc326314d9f1,13.219812700001055,9.868692606483464e-05,7.465077479110332e-06,13.525803171200002,49.016478182441,20.0,4.777857717929269e-05,0.000179976810648,7.064665277777952e-05,0.000298402040605,0.0,Italy,ITA,lombardy,,,Windows-11-10.0.26200-SP0,3.13.13,3.2.6,32,13th Gen Intel(R) Core(TM) i9-13900HX,1,1 x NVIDIA GeForce RTX 4070 Laptop GPU,9.1922,45.4722,31.70067596435547,machine,6.490909090909091,42.63636363636363,39.4,12.4900859485973,N,1.0,0.0
2026-05-05T10:33:18,Q60_qwen2.5:14b_HellaSwag,5d5809d5-f3a1-4011-8cb4-a8091393856c,5b0fa12a-3dd7-45bb-9766-cc326314d9f1,11.246597200006365,8.509681725047869e-05,7.566450165960469e-06,13.698238016,50.17806804559108,20.0,4.088093401841085e-05,0.000156742347616,5.968601888889679e-05,0.0002573093005233,0.0,Italy,ITA,lombardy,,,Windows-11-10.0.26200-SP0,3.13.13,3.2.6,32,13th Gen Intel(R) Core(TM) i9-13900HX,1,1 x NVIDIA GeForce RTX 4070 Laptop GPU,9.1922,45.4722,31.70067596435547,machine,0.0,44.11111111111112,39.3,12.45555623372396,N,1.0,0.0
2026-05-05T10:34:07,Q61_qwen2.5:14b_GSM8K,1d105100-4ef3-42ae-8569-5bba2be08e6d,5b0fa12a-3dd7-45bb-9766-cc326314d9f1,13.823740799998632,0.00010746269108,7.773777925588066e-06,13.494747459938464,52.345377837478416,20.0,4.993838955650104e-05,0.0002009887719019,7.401037166669589e-05,0.0003249375331251,0.0,Italy,ITA,lombardy,,,Windows-11-10.0.26200-SP0,3.13.13,3.2.6,32,13th Gen Intel(R) Core(TM) i9-13900HX,1,1 x NVIDIA GeForce RTX 4070 Laptop GPU,9.1922,45.4722,31.70067596435547,machine,0.0,45.66666666666666,39.3,12.45900789896647,N,1.0,0.0
2026-05-05T10:34:53,Q62_qwen2.5:14b_HellaSwag,5d6b1dec-9749-465d-a844-ec7be968092d,5b0fa12a-3dd7-45bb-9766-cc326314d9f1,10.762933000005432,7.236843960138573e-05,6.723858598892068e-06,13.0633275008,41.680210190087166,20.0,3.722905475730302e-05,0.000124596488566,5.6996654444487326e-05,0.0002188221977678,0.0,Italy,ITA,lombardy,,,Windows-11-10.0.26200-SP0,3.13.13,3.2.6,32,13th Gen Intel(R) Core(TM) i9-13900HX,1,1 x NVIDIA GeForce RTX 4070 Laptop GPU,9.1922,45.4722,31.70067596435547,machine,5.555555555555555,20.11111111111111,39.51111111111111,12.525918748643663,N,1.0,0.0
2026-05-05T10:35:27,Q63_qwen2.5:14b_MMLU,efc6e0b2-65f8-4070-9a77-bd4afc076d76,5b0fa12a-3dd7-45bb-9766-cc326314d9f1,8.459494699985953,5.826085134179312e-05,6.887036803970083e-06,13.183243657142858,43.75946422726232,20.0,2.913989645198051e-05,0.000102818693366,4.4206152777769605e-05,0.0001761647425957,0.0,Italy,ITA,lombardy,,,Windows-11-10.0.26200-SP0,3.13.13,3.2.6,32,13th Gen Intel(R) Core(TM) i9-13900HX,1,1 x NVIDIA GeForce RTX 4070 Laptop GPU,9.1922,45.4722,31.70067596435547,machine,0.0,45.333333333333336,39.38333333333333,12.475770950317385,N,1.0,0.0
2026-05-05T10:36:14,Q64_qwen2.5:14b_GSM8K,9b17f294-3c4a-4e9c-bc46-0e170cc947cf,5b0fa12a-3dd7-45bb-9766-cc326314d9f1,22.003314599991427,0.0001730077625666,7.862804568850464e-06,13.449622237074289,55.05521092579775,20.0,7.868621577588055e-05,0.0003277941511239,0.000116647381111,0.0005231277480108,0.0,Italy,ITA,lombardy,,,Windows-11-10.0.26200-SP0,3.13.13,3.2.6,32,13th Gen Intel(R) Core(TM) i9-13900HX,1,1 x NVIDIA GeForce RTX 4070 Laptop GPU,9.1922,45.4722,31.70067596435547,machine,0.0,39.05,39.4,12.486636352539062,N,1.0,0.0
2026-05-05T10:37:17,Q65_qwen2.5:14b_MMLU,ef8cf552-c083-4cc3-b8b1-97d4805e3acc,5b0fa12a-3dd7-45bb-9766-cc326314d9f1,8.125132899993332,5.852566444393836e-05,7.203040881212711e-06,13.14661115977143,47.32698948493778,20.0,2.7833086710591604e-05,0.0001067906409879,4.234173666668034e-05,0.0001769654643652,0.0,Italy,ITA,lombardy,,,Windows-11-10.0.26200-SP0,3.13.13,3.2.6,32,13th Gen Intel(R) Core(TM) i9-13900HX,1,1 x NVIDIA GeForce RTX 4070 Laptop GPU,9.1922,45.4722,31.70067596435547,machine,0.0,48.0,39.333333333333336,12.473284403483072,N,1.0,0.0
2026-05-05T10:38:03,Q66_qwen2.5:14b_MMLU,9c5870d8-02e3-42e9-8edd-6d87a055174c,5b0fa12a-3dd7-45bb-9766-cc326314d9f1,20.645110500001465,0.0001586746595532,7.68582273043311e-06,13.34163834176,52.362861463187016,20.0,7.301142916837194e-05,0.0002976930159319,0.0001090839533334,0.0004797883984337,0.0,Italy,ITA,lombardy,,,Windows-11-10.0.26200-SP0,3.13.13,3.2.6,32,13th Gen Intel(R) Core(TM) i9-13900HX,1,1 x NVIDIA GeForce RTX 4070 Laptop GPU,9.1922,45.4722,31.70067596435547,machine,3.642105263157895,43.26315789473684,39.38947368421052,12.476729142038446,N,1.0,0.0
2026-05-05T10:39:23,Q67_qwen2.5:14b_HellaSwag,e6fdc5d4-6c57-42f5-8318-f73fc3070f43,5b0fa12a-3dd7-45bb-9766-cc326314d9f1,14.640940500001308,0.0001151275034461,7.863395349918577e-06,13.208093169371429,53.531774904423,20.0,5.187321159133413e-05,0.0002176940630439,7.85465366666257e-05,0.0003481138113019,0.0,Italy,ITA,lombardy,,,Windows-11-10.0.26200-SP0,3.13.13,3.2.6,32,13th Gen Intel(R) Core(TM) i9-13900HX,1,1 x NVIDIA GeForce RTX 4070 Laptop GPU,9.1922,45.4722,31.70067596435547,machine,0.0,43.46153846153846,39.3,12.45180892944336,N,1.0,0.0
2026-05-05T10:40:31,Q68_qwen2.5:14b_GSM8K,4609c082-1051-43f8-bbe9-b42a942147c5,5b0fa12a-3dd7-45bb-9766-cc326314d9f1,22.401140200003283,0.0001743145976947,7.781505590272333e-06,13.4456877824,53.16865086940611,20.0,7.994663987196199e-05,0.0003282727626179,0.0001188598544443,0.0005270792569343,0.0,Italy,ITA,lombardy,,,Windows-11-10.0.26200-SP0,3.13.13,3.2.6,32,13th Gen Intel(R) Core(TM) i9-13900HX,1,1 x NVIDIA GeForce RTX 4070 Laptop GPU,9.1922,45.4722,31.70067596435547,machine,0.0,39.65,39.3,12.455899429321288,N,1.0,0.0
2026-05-05T10:41:38,Q69_qwen2.5:14b_HellaSwag,79a94a68-7e51-4ab0-a64f-5903d9eddcef,5b0fa12a-3dd7-45bb-9766-cc326314d9f1,11.11262520001037,8.233240137534088e-05,7.408906526899156e-06,13.34960438528,48.81007324598307,20.0,3.934663953971956e-05,0.00015065706497,5.894676500004911e-05,0.0002489504695097,0.0,Italy,ITA,lombardy,,,Windows-11-10.0.26200-SP0,3.13.13,3.2.6,32,13th Gen Intel(R) Core(TM) i9-13900HX,1,1 x NVIDIA GeForce RTX 4070 Laptop GPU,9.1922,45.4722,31.70067596435547,machine,8.333333333333334,43.66666666666666,39.3,12.460707346598308,N,1.0,0.0
2026-05-05T10:42:46,Q70_qwen2.5:14b_HumanEval,829877bf-b251-4a11-b667-1c35c3d2057c,5b0fa12a-3dd7-45bb-9766-cc326314d9f1,33.271129699991434,0.0002639593128352,7.933584318157528e-06,13.195935124160002,54.39313684716868,20.0,0.0001166053425714,0.000505095404076,0.0001764393994444,0.0007981401460919,0.0,Italy,ITA,lombardy,,,Windows-11-10.0.26200-SP0,3.13.13,3.2.6,32,13th Gen Intel(R) Core(TM) i9-13900HX,1,1 x NVIDIA GeForce RTX 4070 Laptop GPU,9.1922,45.4722,31.70067596435547,machine,0.0,43.193548387096776,38.8,12.294423134096208,N,1.0,0.0
2026-05-05T10:44:00,Q71_qwen2.5:14b_MMLU,5866de55-c056-42d1-a87e-6dc4e04914ce,5b0fa12a-3dd7-45bb-9766-cc326314d9f1,8.407170900012716,6.200902582997136e-05,7.375730381533885e-06,13.5142234112,48.78395122003272,20.0,2.9673771591255222e-05,0.000113910368906,4.391404777779826e-05,0.0001874981882751,0.0,Italy,ITA,lombardy,,,Windows-11-10.0.26200-SP0,3.13.13,3.2.6,32,13th Gen Intel(R) Core(TM) i9-13900HX,1,1 x NVIDIA GeForce RTX 4070 Laptop GPU,9.1922,45.4722,31.70067596435547,machine,0.0,40.66666666666666,39.0,12.356767654418944,N,1.0,0.0
2026-05-05T10:45:02,Q72_qwen2.5:14b_HumanEval,4a08f19d-0bf7-449b-af11-b2eb5abea57f,5b0fa12a-3dd7-45bb-9766-cc326314d9f1,37.46141979999084,0.0003032778659869,8.095738698804413e-06,13.508735416937148,56.32247840280925,20.0,0.0001350594869304,0.0005822426880159,0.0001997264294444,0.0009170286043908,0.0,Italy,ITA,lombardy,,,Windows-11-10.0.26200-SP0,3.13.13,3.2.6,32,13th Gen Intel(R) Core(TM) i9-13900HX,1,1 x NVIDIA GeForce RTX 4070 Laptop GPU,9.1922,45.4722,31.70067596435547,machine,7.22,42.457142857142856,38.9,12.33513194492885,N,1.0,0.0
2026-05-05T10:46:14,Q73_qwen2.5:14b_SQuAD,94a17991-4536-40fc-b1e2-379ecfcb49f5,5b0fa12a-3dd7-45bb-9766-cc326314d9f1,6.871543000001111,4.71896680527693e-05,6.867404897671697e-06,13.1025999872,44.12912270412521,20.0,2.316579276703895e-05,8.416312288600514e-05,3.535962277779214e-05,0.0001426885384308,0.0,Italy,ITA,lombardy,,,Windows-11-10.0.26200-SP0,3.13.13,3.2.6,32,13th Gen Intel(R) Core(TM) i9-13900HX,1,1 x NVIDIA GeForce RTX 4070 Laptop GPU,9.1922,45.4722,31.70067596435547,machine,0.0,42.8,38.98,12.34988250732422,N,1.0,0.0
2026-05-05T10:46:50,Q74_qwen2.5:14b_HellaSwag,eafcfd6b-a2c2-48ba-9d86-9d79a15291b1,5b0fa12a-3dd7-45bb-9766-cc326314d9f1,10.35969730000943,7.588073018679678e-05,7.3246088171637715e-06,13.3438097408,48.01062274784413,20.0,3.653668508061868e-05,0.00013814455496,5.476115555559065e-05,0.0002294423955962,0.0,Italy,ITA,lombardy,,,Windows-11-10.0.26200-SP0,3.13.13,3.2.6,32,13th Gen Intel(R) Core(TM) i9-13900HX,1,1 x NVIDIA GeForce RTX 4070 Laptop GPU,9.1922,45.4722,31.70067596435547,machine,0.0,43.625,38.975,12.352505683898926,N,1.0,0.0
2026-05-05T10:48:01,Q75_qwen2.5:14b_HumanEval,bb7279a4-cb18-4d6f-b01a-b587fc0fd9d2,5b0fa12a-3dd7-45bb-9766-cc326314d9f1,35.647712299993145,0.0002838146287755,7.961650565037892e-06,13.45499769504,55.35391702683845,20.0,0.0001279452956239,0.000540581543576,0.000189650305,0.0008581771442,0.0,Italy,ITA,lombardy,,,Windows-11-10.0.26200-SP0,3.13.13,3.2.6,32,13th Gen Intel(R) Core(TM) i9-13900HX,1,1 x NVIDIA GeForce RTX 4070 Laptop GPU,9.1922,45.4722,31.70067596435547,machine,5.50909090909091,41.54545454545455,38.93939393939394,12.343326337409742,N,1.0,0.0
2026-05-05T10:49:41,Q76_qwen2.5:14b_HumanEval,6b773634-cd88-4f55-934c-87ade94f9405,5b0fa12a-3dd7-45bb-9766-cc326314d9f1,35.311084600005415,0.0002797476869843,7.92237593813059e-06,13.24247193632,55.360562144719786,20.0,0.0001244073755071,0.00053369764918,0.0001877748094444,0.0008458798341317,0.0,Italy,ITA,lombardy,,,Windows-11-10.0.26200-SP0,3.13.13,3.2.6,32,13th Gen Intel(R) Core(TM) i9-13900HX,1,1 x NVIDIA GeForce RTX 4070 Laptop GPU,9.1922,45.4722,31.70067596435547,machine,3.0303030303030303,42.21212121212121,38.8,12.30794721661192,N,1.0,0.0
2026-05-05T10:51:25,Q77_qwen2.5:14b_GSM8K,8e14e719-ea88-40e0-9b20-bce6015ad955,5b0fa12a-3dd7-45bb-9766-cc326314d9f1,37.3966064999986,0.0002987341743343,7.988269586289092e-06,13.295658397234286,55.50914355808502,20.0,0.0001328880413078,0.000571049345728,0.0001993523472221,0.000903289734258,0.0,Italy,ITA,lombardy,,,Windows-11-10.0.26200-SP0,3.13.13,3.2.6,32,13th Gen Intel(R) Core(TM) i9-13900HX,1,1 x NVIDIA GeForce RTX 4070 Laptop GPU,9.1922,45.4722,31.70067596435547,machine,0.7142857142857143,40.08571428571429,38.80571428571428,12.309769439697266,N,1.0,0.0
2026-05-05T10:52:40,Q78_qwen2.5:14b_HellaSwag,16581b6a-6f8c-4b24-86de-77156c68b229,5b0fa12a-3dd7-45bb-9766-cc326314d9f1,8.846968300000299,6.29147184538887e-05,7.111443866469666e-06,13.3614787808,45.94913249239533,20.0,3.0970926487512506e-05,0.000112908145882,4.6357680555552685e-05,0.0001902367529251,0.0,Italy,ITA,lombardy,,,Windows-11-10.0.26200-SP0,3.13.13,3.2.6,32,13th Gen Intel(R) Core(TM) i9-13900HX,1,1 x NVIDIA GeForce RTX 4070 Laptop GPU,9.1922,45.4722,31.70067596435547,machine,0.0,38.71428571428572,38.81428571428571,12.311735425676618,N,1.0,0.0
2026-05-05T10:53:09,Q79_qwen2.5:14b_SQuAD,6aa1ea19-31fe-429d-92a3-f483bbd60bee,5b0fa12a-3dd7-45bb-9766-cc326314d9f1,4.791837400000077,3.060181101833045e-05,6.386237358206261e-06,13.0322512352,39.9561600427644,20.0,1.5528320486289597e-05,5.3173375871962136e-05,2.382973833332977e-05,9.25314346915815e-05,0.0,Italy,ITA,lombardy,,,Windows-11-10.0.26200-SP0,3.13.13,3.2.6,32,13th Gen Intel(R) Core(TM) i9-13900HX,1,1 x NVIDIA GeForce RTX 4070 Laptop GPU,9.1922,45.4722,31.70067596435547,machine,0.0,43.66666666666666,38.8,12.296159108479818,N,1.0,0.0
2026-05-05T10:54:01,Q80_qwen2.5:14b_GSM8K,40b51616-7a1e-419f-b386-3d9e29cb9000,5b0fa12a-3dd7-45bb-9766-cc326314d9f1,37.05158379999921,0.0002932145838288,7.913685563660235e-06,13.309188522514283,54.91545468926085,20.0,0.0001319356827721,0.000557209056878,0.0001974552755555,0.0008866000152057,0.0,Italy,ITA,lombardy,,,Windows-11-10.0.26200-SP0,3.13.13,3.2.6,32,13th Gen Intel(R) Core(TM) i9-13900HX,1,1 x NVIDIA GeForce RTX 4070 Laptop GPU,9.1922,45.4722,31.70067596435547,machine,2.857142857142857,39.371428571428574,38.8,12.304787336077007,N,1.0,0.0
2026-05-05T10:55:14,Q81_qwen2.5:14b_MMLU,9b5ee844-61bd-41c5-bb3c-c4ad2364111d,5b0fa12a-3dd7-45bb-9766-cc326314d9f1,6.448004900012165,4.450934514417573e-05,6.90280882759437e-06,13.072195228160002,44.65739668292128,20.0,2.158616681659448e-05,7.997256397801467e-05,3.302525055559171e-05,0.0001345839813502,0.0,Italy,ITA,lombardy,,,Windows-11-10.0.26200-SP0,3.13.13,3.2.6,32,13th Gen Intel(R) Core(TM) i9-13900HX,1,1 x NVIDIA GeForce RTX 4070 Laptop GPU,9.1922,45.4722,31.70067596435547,machine,6.825,46.5,38.8,12.302528381347656,N,1.0,0.0
2026-05-05T10:55:47,Q82_qwen2.5:14b_MMLU,055d8369-38b5-4c49-9882-8a52a18f7b3d,5b0fa12a-3dd7-45bb-9766-cc326314d9f1,7.898485300000175,5.578737031075232e-05,7.0630466718411295e-06,13.289783414857144,45.72104773076829,20.0,2.7302313611859504e-05,0.0001002964691259,4.108683555556733e-05,0.0001686856182933,0.0,Italy,ITA,lombardy,,,Windows-11-10.0.26200-SP0,3.13.13,3.2.6,32,13th Gen Intel(R) Core(TM) i9-13900HX,1,1 x NVIDIA GeForce RTX 4070 Laptop GPU,9.1922,45.4722,31.70067596435547,machine,0.0,49.0,38.8,12.30309804280599,N,1.0,0.0
2026-05-05T10:56:27,Q83_qwen2.5:14b_HumanEval,defea46b-ad62-49fc-99d2-36c49082ee7f,5b0fa12a-3dd7-45bb-9766-cc326314d9f1,15.285893100008252,0.0001169964527826,7.653884010385075e-06,13.13430296137143,51.27475972040636,20.0,5.393552658776745e-05,0.000217701007494,8.212846444447577e-05,0.0003537649985262,0.0,Italy,ITA,lombardy,,,Windows-11-10.0.26200-SP0,3.13.13,3.2.6,32,13th Gen Intel(R) Core(TM) i9-13900HX,1,1 x NVIDIA GeForce RTX 4070 Laptop GPU,9.1922,45.4722,31.70067596435547,machine,6.923076923076923,45.53846153846154,38.8,12.308403895451471,N,1.0,0.0
2026-05-05T10:57:17,Q84_qwen2.5:14b_SQuAD,22c136db-12cc-4165-bf75-3889f7c78224,5b0fa12a-3dd7-45bb-9766-cc326314d9f1,4.517929399997229,2.6364441615145755e-05,5.835514298909126e-06,13.686401024,33.60405180182555,20.0,1.5262982038742996e-05,4.215281150005135e-05,2.2303004999978133e-05,7.971879853877247e-05,0.0,Italy,ITA,lombardy,,,Windows-11-10.0.26200-SP0,3.13.13,3.2.6,32,13th Gen Intel(R) Core(TM) i9-13900HX,1,1 x NVIDIA GeForce RTX 4070 Laptop GPU,9.1922,45.4722,31.70067596435547,machine,0.0,27.5,38.8,12.306427001953123,N,1.0,0.0
2026-05-05T10:57:41,Q85_qwen2.5:14b_HellaSwag,22ac74bf-bc68-42cc-9328-4c1950838f19,5b0fa12a-3dd7-45bb-9766-cc326314d9f1,8.9953591000085,6.556805099521773e-05,7.289097663166751e-06,13.120938992,48.07955936144807,20.0,3.095485803888588e-05,0.000120121762764,4.71830777777844e-05,0.0001982596985807,0.0,Italy,ITA,lombardy,,,Windows-11-10.0.26200-SP0,3.13.13,3.2.6,32,13th Gen Intel(R) Core(TM) i9-13900HX,1,1 x NVIDIA GeForce RTX 4070 Laptop GPU,9.1922,45.4722,31.70067596435547,machine,14.285714285714286,30.285714285714285,38.81428571428571,12.3118166242327,N,1.0,0.0
2026-05-05T10:58:25,Q86_qwen2.5:14b_HumanEval,7ffeae73-6c59-4d40-8182-236af8e9f7a0,5b0fa12a-3dd7-45bb-9766-cc326314d9f1,18.43305920000421,0.0001414728114938,7.67495020543606e-06,13.449868348160004,54.74043855133195,20.0,6.530481102871974e-05,0.00026564465696,9.682528722227694e-05,0.000427774755211,0.0,Italy,ITA,lombardy,,,Windows-11-10.0.26200-SP0,3.13.13,3.2.6,32,13th Gen Intel(R) Core(TM) i9-13900HX,1,1 x NVIDIA GeForce RTX 4070 Laptop GPU,9.1922,45.4722,31.70067596435547,machine,0.0,44.375,38.81875,12.31332302093506,N,1.0,0.0
2026-05-05T10:59:17,Q87_qwen2.5:14b_HellaSwag,33a1bd8f-0271-4356-834e-898dafe2c59a,5b0fa12a-3dd7-45bb-9766-cc326314d9f1,7.325396100000944,5.317313324859942e-05,7.258738302027458e-06,13.452965888000003,47.86487222677908,20.0,2.549615923235556e-05,9.738146679399984e-05,3.790326055556458e-05,0.0001607808865819,0.0,Italy,ITA,lombardy,,,Windows-11-10.0.26200-SP0,3.13.13,3.2.6,32,13th Gen Intel(R) Core(TM) i9-13900HX,1,1 x NVIDIA GeForce RTX 4070 Laptop GPU,9.1922,45.4722,31.70067596435547,machine,0.0,37.0,38.84,12.314752197265625,N,1.0,0.0
2026-05-05T10:59:55,Q88_qwen2.5:14b_MMLU,ebe08548-6f40-4721-9c47-45c03c1c0efa,5b0fa12a-3dd7-45bb-9766-cc326314d9f1,13.092995099999824,9.6911633148068e-05,7.401792516371545e-06,13.8568662272,48.045757293562325,20.0,4.844656816002948e-05,0.0001746640286199,6.992344777778878e-05,0.0002930340445578,0.0,Italy,ITA,lombardy,,,Windows-11-10.0.26200-SP0,3.13.13,3.2.6,32,13th Gen Intel(R) Core(TM) i9-13900HX,1,1 x NVIDIA GeForce RTX 4070 Laptop GPU,9.1922,45.4722,31.70067596435547,machine,0.0,45.36363636363637,39.16363636363637,12.41635443947532,N,1.0,0.0
2026-05-05T11:01:03,Q89_qwen2.5:14b_HumanEval,050bab9d-a123-4e0f-b488-51c466c84b40,5b0fa12a-3dd7-45bb-9766-cc326314d9f1,22.961780600002385,0.0001830914001859,7.973745737556474e-06,13.22564627504,56.31342132696005,20.0,8.074430467400237e-05,0.000350888058488,0.0001219855233333,0.0005536178864953,0.0,Italy,ITA,lombardy,,,Windows-11-10.0.26200-SP0,3.13.13,3.2.6,32,13th Gen Intel(R) Core(TM) i9-13900HX,1,1 x NVIDIA GeForce RTX 4070 Laptop GPU,9.1922,45.4722,31.70067596435547,machine,0.0,40.523809523809526,39.04285714285714,12.381127312069848,N,1.0,0.0
2026-05-05T11:02:04,Q90_qwen2.5:14b_MMLU,d64a7115-e8d4-4ac5-ade7-0f2a525ca5a3,5b0fa12a-3dd7-45bb-9766-cc326314d9f1,5.697893900010968,3.948236421723946e-05,6.929290876610297e-06,13.2882641408,45.08255974429952,20.0,1.9178462921627123e-05,7.1340890406002e-05,2.8864424444489287e-05,0.0001193837777721,0.0,Italy,ITA,lombardy,,,Windows-11-10.0.26200-SP0,3.13.13,3.2.6,32,13th Gen Intel(R) Core(TM) i9-13900HX,1,1 x NVIDIA GeForce RTX 4070 Laptop GPU,9.1922,45.4722,31.70067596435547,machine,0.0,37.25,39.0,12.363592147827148,N,1.0,0.0
2026-05-05T11:02:41,Q91_qwen2.5:14b_MMLU,539ba481-c7f6-48ff-b6a6-e381823f0519,5b0fa12a-3dd7-45bb-9766-cc326314d9f1,11.356731399995624,8.552723632990485e-05,7.530972893304301e-06,13.250073532160004,50.207051784067694,20.0,3.994897906064129e-05,0.00015836262669,6.0299163333305234e-05,0.0002586107690839,0.0,Italy,ITA,lombardy,,,Windows-11-10.0.26200-SP0,3.13.13,3.2.6,32,13th Gen Intel(R) Core(TM) i9-13900HX,1,1 x NVIDIA GeForce RTX 4070 Laptop GPU,9.1922,45.4722,31.70067596435547,machine,0.0,45.11111111111112,39.0,12.364345126681858,N,1.0,0.0
2026-05-05T11:03:32,Q92_qwen2.5:14b_GSM8K,ac7c0fd7-366b-42be-9db6-bfd1c81461f7,5b0fa12a-3dd7-45bb-9766-cc326314d9f1,15.048450300004331,0.0001133816577727,7.534440790407881e-06,13.42799625234286,49.70484277511024,20.0,5.425904605270254e-05,0.0002077618328759,8.081397666667019e-05,0.0003428348555953,0.0,Italy,ITA,campania,,,Windows-11-10.0.26200-SP0,3.13.13,3.2.6,32,13th Gen Intel(R) Core(TM) i9-13900HX,1,1 x NVIDIA GeForce RTX 4070 Laptop GPU,14.4869,40.7021,31.70067596435547,machine,0.0,38.53846153846154,39.0,12.363614595853363,N,1.0,0.0
2026-05-05T11:04:21,Q93_qwen2.5:14b_SQuAD,96601def-11a6-4c1e-b350-e077a684f41d,5b0fa12a-3dd7-45bb-9766-cc326314d9f1,3.9811499000061294,2.7540115674838778e-05,6.917628415548073e-06,13.0519337984,46.444097362074665,20.0,1.2610438723160853e-05,5.134059662798007e-05,1.9322677222226047e-05,8.327371257336697e-05,0.0,Italy,ITA,lombardy,,,Windows-11-10.0.26200-SP0,3.13.13,3.2.6,32,13th Gen Intel(R) Core(TM) i9-13900HX,1,1 x NVIDIA GeForce RTX 4070 Laptop GPU,9.1922,45.4722,31.70067596435547,machine,0.0,33.5,39.1,12.395540237426758,N,1.0,0.0
2026-05-05T11:04:39,Q94_qwen2.5:14b_SQuAD,978b5cb2-2309-409e-9cd9-35a27550963c,5b0fa12a-3dd7-45bb-9766-cc326314d9f1,3.1932593999954406,1.6039067953830412e-05,5.022788926528584e-06,13.031633043200005,26.859434741542657,20.0,9.738091229797007e-06,2.381529683004313e-05,1.4944328888830366e-05,4.84977169486705e-05,0.0,Italy,ITA,lombardy,,,Windows-11-10.0.26200-SP0,3.13.13,3.2.6,32,13th Gen Intel(R) Core(TM) i9-13900HX,1,1 x NVIDIA GeForce RTX 4070 Laptop GPU,9.1922,45.4722,31.70067596435547,machine,0.0,51.0,39.1,12.385387420654297,N,1.0,0.0
2026-05-05T11:05:11,Q95_qwen2.5:14b_GSM8K,f49af476-f22f-415b-a9a7-4b705651f440,5b0fa12a-3dd7-45bb-9766-cc326314d9f1,17.474526599995443,0.0001365897026803,7.816503748971288e-06,13.33167657152,48.28740675773801,20.0,6.190362241199933e-05,0.0002596154854699,9.149047333331613e-05,0.0004130095812153,0.0,Italy,ITA,lombardy,,,Windows-11-10.0.26200-SP0,3.13.13,3.2.6,32,13th Gen Intel(R) Core(TM) i9-13900HX,1,1 x NVIDIA GeForce RTX 4070 Laptop GPU,9.1922,45.4722,31.70067596435547,machine,8.693333333333333,41.13333333333333,39.04666666666667,12.374017333984376,N,1.0,0.0
2026-05-05T11:06:06,Q96_qwen2.5:14b_MMLU,785cf8eb-9e6a-4cdf-b9a8-7299411355be,5b0fa12a-3dd7-45bb-9766-cc326314d9f1,9.505566899999394,7.097421600769181e-05,7.466594760139591e-06,13.3754605472,49.675989481588296,20.0,3.34491953178559e-05,0.0001311423271359,5.001492777777862e-05,0.0002146064502315,0.0,Italy,ITA,lombardy,,,Windows-11-10.0.26200-SP0,3.13.13,3.2.6,32,13th Gen Intel(R) Core(TM) i9-13900HX,1,1 x NVIDIA GeForce RTX 4070 Laptop GPU,9.1922,45.4722,31.70067596435547,machine,7.142857142857143,49.0,38.92857142857143,12.34612328665597,N,1.0,0.0
2026-05-05T11:06:59,Q97_qwen2.5:14b_GSM8K,c7640578-2ac6-43be-be9c-4e71f4131d6d,5b0fa12a-3dd7-45bb-9766-cc326314d9f1,18.11558200001309,0.0001373551346447,7.5821541170805e-06,13.35674672384,51.36331569231552,20.0,6.366701937528223e-05,0.00025660159417,9.505542277782096e-05,0.0004153240363231,0.0,Italy,ITA,lombardy,,,Windows-11-10.0.26200-SP0,3.13.13,3.2.6,32,13th Gen Intel(R) Core(TM) i9-13900HX,1,1 x NVIDIA GeForce RTX 4070 Laptop GPU,9.1922,45.4722,31.70067596435547,machine,0.0,39.5625,39.15625,12.407224655151367,N,1.0,0.0
2026-05-05T11:08:16,Q98_qwen2.5:14b_HumanEval,a96cdcbf-4087-4c76-a35c-e0a8d6d3f4eb,5b0fa12a-3dd7-45bb-9766-cc326314d9f1,31.84673930000281,0.0003020985478317,9.486011895471004e-06,13.127094219200004,64.20674943024154,20.0,0.0001653868068392,0.0004962501192219,0.0002518257455555,0.0009134626716168,0.0,Italy,ITA,lombardy,,,Windows-11-10.0.26200-SP0,3.13.13,3.2.6,32,13th Gen Intel(R) Core(TM) i9-13900HX,1,1 x NVIDIA GeForce RTX 4070 Laptop GPU,9.1922,45.4722,31.70067596435547,machine,0.0,37.8,39.1,12.396311060587566,N,1.0,0.0
2026-05-05T11:09:19,Q99_qwen2.5:14b_HellaSwag,03f34c2b-34d0-400e-8282-e30e47598c16,5b0fa12a-3dd7-45bb-9766-cc326314d9f1,6.844250699999975,4.903300627119679e-05,7.16411604723903e-06,13.4414652416,47.07262248548703,20.0,2.3657749842584072e-05,8.94042381900384e-05,3.520029666671892e-05,0.0001482622846993,0.0,Italy,ITA,lombardy,,,Windows-11-10.0.26200-SP0,3.13.13,3.2.6,32,13th Gen Intel(R) Core(TM) i9-13900HX,1,1 x NVIDIA GeForce RTX 4070 Laptop GPU,9.1922,45.4722,31.70067596435547,machine,0.0,45.2,39.1,12.382916259765626,N,1.0,0.0
2026-05-05T11:09:58,Q100_qwen2.5:14b_GSM8K,16d63735-85f2-412f-86d6-a9f806542028,5b0fa12a-3dd7-45bb-9766-cc326314d9f1,14.097205099998972,0.0001096479658241,7.777993229605402e-06,13.258629437046157,52.597776426512034,20.0,5.006922969415656e-05,0.000205949609204,7.552636222228305e-05,0.0003315452011204,0.0,Italy,ITA,lombardy,,,Windows-11-10.0.26200-SP0,3.13.13,3.2.6,32,13th Gen Intel(R) Core(TM) i9-13900HX,1,1 x NVIDIA GeForce RTX 4070 Laptop GPU,9.1922,45.4722,31.70067596435547,machine,0.0,39.333333333333336,39.1,12.38611380259196,N,1.0,0.0
2026-05-05T11:10:50,Q101_qwen2.5:14b_SQuAD,5d072b8c-7a72-47e8-9620-628dfb1d2f2a,5b0fa12a-3dd7-45bb-9766-cc326314d9f1,7.418666099998518,5.3997081352799766e-05,7.278543153844133e-06,13.358619392000003,48.143889342809054,20.0,2.5662809558823227e-05,9.9188968240016e-05,3.842050055552843e-05,0.0001632722783543,0.0,Italy,ITA,lombardy,,,Windows-11-10.0.26200-SP0,3.13.13,3.2.6,32,13th Gen Intel(R) Core(TM) i9-13900HX,1,1 x NVIDIA GeForce RTX 4070 Laptop GPU,9.1922,45.4722,31.70067596435547,machine,0.0,39.4,39.1,12.407484436035157,N,1.0,0.0
2026-05-05T11:11:24,Q102_qwen2.5:14b_HellaSwag,7cf14549-b097-4a0b-81d6-8349be5427c5,5b0fa12a-3dd7-45bb-9766-cc326314d9f1,8.286723400000483,5.846839463414534e-05,7.055671079131461e-06,13.423496367542857,45.41311294930151,20.0,2.902631042095112e-05,0.0001045198058379,4.3246179999955024e-05,0.0001767922962588,0.0,Italy,ITA,lombardy,,,Windows-11-10.0.26200-SP0,3.13.13,3.2.6,32,13th Gen Intel(R) Core(TM) i9-13900HX,1,1 x NVIDIA GeForce RTX 4070 Laptop GPU,9.1922,45.4722,31.70067596435547,machine,0.0,52.16666666666666,39.1,12.401153564453123,N,1.0,0.0
2026-05-05T11:11:56,Q103_qwen2.5:14b_SQuAD,b8293e49-1b9e-4e85-9feb-086a5f244057,5b0fa12a-3dd7-45bb-9766-cc326314d9f1,7.43093869999575,5.417976120438787e-05,7.291105927763724e-06,13.404552396800002,48.23024284295243,20.0,2.5797166089936245e-05,9.953813518598364e-05,3.848935055551313e-05,0.0001638246518314,0.0,Italy,ITA,lombardy,,,Windows-11-10.0.26200-SP0,3.13.13,3.2.6,32,13th Gen Intel(R) Core(TM) i9-13900HX,1,1 x NVIDIA GeForce RTX 4070 Laptop GPU,9.1922,45.4722,31.70067596435547,machine,0.0,47.0,39.0,12.361910247802737,N,1.0,0.0
2026-05-05T11:12:28,Q104_qwen2.5:14b_HellaSwag,20141abe-6542-4a50-9b31-2b5539d91980,5b0fa12a-3dd7-45bb-9766-cc326314d9f1,6.754007700001239,4.86819558703458e-05,7.20786206245173e-06,13.5315592256,47.47564435601967,20.0,2.348471114554332e-05,8.900590453803092e-05,3.4710189444498e-05,0.000147200805128,0.0,Italy,ITA,lombardy,,,Windows-11-10.0.26200-SP0,3.13.13,3.2.6,32,13th Gen Intel(R) Core(TM) i9-13900HX,1,1 x NVIDIA GeForce RTX 4070 Laptop GPU,9.1922,45.4722,31.70067596435547,machine,18.0,34.6,39.0,12.364076232910156,N,1.0,0.0
2026-05-05T11:13:20,Q105_qwen2.5:14b_MMLU,8c26b0bb-24c8-4fe0-90aa-e2a4cdf33a39,5b0fa12a-3dd7-45bb-9766-cc326314d9f1,27.40229559999716,0.0002161930334318,7.88959569620435e-06,13.20378066848,54.3663179145123,20.0,9.683169302641884e-05,0.0004102464393079,0.0001466299616667,0.0006537080940011,0.0,Italy,ITA,lombardy,,,Windows-11-10.0.26200-SP0,3.13.13,3.2.6,32,13th Gen Intel(R) Core(TM) i9-13900HX,1,1 x NVIDIA GeForce RTX 4070 Laptop GPU,9.1922,45.4722,31.70067596435547,machine,4.0,41.36,38.996,12.353772735595705,N,1.0,0.0
2026-05-05T11:14:21,Q106_qwen2.5:14b_HellaSwag,2d4fe412-8872-45bc-a865-f3beb009a9d4,5b0fa12a-3dd7-45bb-9766-cc326314d9f1,5.549208500000532,3.79595807773004e-05,6.84053965124878e-06,13.422352378880005,44.07570335443327,20.0,1.881680027403209e-05,6.79253321180795e-05,2.803716833328104e-05,0.0001147793007253,0.0,Italy,ITA,lombardy,,,Windows-11-10.0.26200-SP0,3.13.13,3.2.6,32,13th Gen Intel(R) Core(TM) i9-13900HX,1,1 x NVIDIA GeForce RTX 4070 Laptop GPU,9.1922,45.4722,31.70067596435547,machine,0.0,55.0,39.0,12.35010051727295,N,1.0,0.0
2026-05-05T11:15:06,Q107_qwen2.5:14b_GSM8K,d5752f3b-1dbe-4d96-a127-b0f74a0f6918,5b0fa12a-3dd7-45bb-9766-cc326314d9f1,19.135432900002343,0.0001469043113182,7.677083245827613e-06,13.394797103360002,53.65609665324702,20.0,6.731991142004391e-05,0.000276155498702,0.0001007227022221,0.0004441981123442,0.0,Italy,ITA,lombardy,,,Windows-11-10.0.26200-SP0,3.13.13,3.2.6,32,13th Gen Intel(R) Core(TM) i9-13900HX,1,1 x NVIDIA GeForce RTX 4070 Laptop GPU,9.1922,45.4722,31.70067596435547,machine,10.588235294117649,39.05882352941177,39.16470588235295,12.406990948845358,N,1.0,0.0
2026-05-05T11:16:10,Q108_qwen2.5:14b_HellaSwag,e3766d6c-9c29-4636-9ca2-d3c097615266,5b0fa12a-3dd7-45bb-9766-cc326314d9f1,8.940156099997694,6.547693499907809e-05,7.323914064441781e-06,13.3099990832,48.2910886963116,20.0,3.119717079336057e-05,0.000119910095928,4.687692222222621e-05,0.0001979841889436,0.0,Italy,ITA,lombardy,,,Windows-11-10.0.26200-SP0,3.13.13,3.2.6,32,13th Gen Intel(R) Core(TM) i9-13900HX,1,1 x NVIDIA GeForce RTX 4070 Laptop GPU,9.1922,45.4722,31.70067596435547,machine,0.0,49.285714285714285,39.2,12.435636792864118,N,1.0,0.0
2026-05-05T11:16:48,Q109_qwen2.5:14b_GSM8K,9335082a-dcba-439d-a9fb-028d76bae0db,5b0fa12a-3dd7-45bb-9766-cc326314d9f1,12.885203199999523,9.83691764714637e-05,7.634274364525919e-06,13.1802840128,51.21901406892086,20.0,4.533733628667497e-05,0.0001833090355359,6.87948816666095e-05,0.0002974412534892,0.0,Italy,ITA,lombardy,,,Windows-11-10.0.26200-SP0,3.13.13,3.2.6,32,13th Gen Intel(R) Core(TM) i9-13900HX,1,1 x NVIDIA GeForce RTX 4070 Laptop GPU,9.1922,45.4722,31.70067596435547,machine,9.090909090909092,47.54545454545455,39.11818181818182,12.40757231278853,N,1.0,0.0
2026-05-05T11:17:52,Q110_qwen2.5:14b_HellaSwag,df833056-571f-43ca-af7e-53f380629ce0,5b0fa12a-3dd7-45bb-9766-cc326314d9f1,29.2273453999951,0.0002328931924251,7.968332027348365e-06,13.250681449417144,55.057015849952,20.0,0.0001039157480888,0.0004434947992399,0.0001567942205554,0.0007042047678842,0.0,Italy,ITA,lombardy,,,Windows-11-10.0.26200-SP0,3.13.13,3.2.6,32,13th Gen Intel(R) Core(TM) i9-13900HX,1,1 x NVIDIA GeForce RTX 4070 Laptop GPU,9.1922,45.4722,31.70067596435547,machine,0.3074074074074074,42.18518518518518,39.1,12.399797510217738,N,1.0,0.0
2026-05-05T11:19:14,Q111_qwen2.5:14b_MMLU,362c761c-3111-4b82-9364-0c411882c42f,5b0fa12a-3dd7-45bb-9766-cc326314d9f1,16.36890560000029,0.0001237170277534,7.558051269683123e-06,13.51506589952,49.78943316781967,20.0,5.956632997732237e-05,0.0002263726810979,8.814715222219497e-05,0.0003740861632974,0.0,Italy,ITA,lombardy,,,Windows-11-10.0.26200-SP0,3.13.13,3.2.6,32,13th Gen Intel(R) Core(TM) i9-13900HX,1,1 x NVIDIA GeForce RTX 4070 Laptop GPU,9.1922,45.4722,31.70067596435547,machine,0.0,37.85714285714285,39.10714285714285,12.39692497253418,N,1.0,0.0
2026-05-05T11:20:09,Q112_qwen2.5:14b_HellaSwag,d3a72bbb-af9d-451c-855f-8384daa7eeec,5b0fa12a-3dd7-45bb-9766-cc326314d9f1,9.977402400007122,7.546106027032787e-05,7.5631970371641025e-06,13.445991936,50.57477536396588,20.0,3.538867686578815e-05,0.00014014733434,5.26374183333246e-05,0.0002281734295391,0.0,Italy,ITA,lombardy,,,Windows-11-10.0.26200-SP0,3.13.13,3.2.6,32,13th Gen Intel(R) Core(TM) i9-13900HX,1,1 x NVIDIA GeForce RTX 4070 Laptop GPU,9.1922,45.4722,31.70067596435547,machine,0.0,54.625,39.1,12.397937774658203,N,1.0,0.0
2026-05-05T11:21:07,Q113_qwen2.5:14b_MMLU,7bff7e88-dd68-4744-ac90-9e4632c4f717,5b0fa12a-3dd7-45bb-9766-cc326314d9f1,23.38480010000057,0.0001814655141045,7.759977135938653e-06,13.15485491312,53.72095183397066,20.0,8.191227709409662e-05,0.000342455273964,0.0001243341044444,0.0005487016555025,0.0,Italy,ITA,lombardy,,,Windows-11-10.0.26200-SP0,3.13.13,3.2.6,32,13th Gen Intel(R) Core(TM) i9-13900HX,1,1 x NVIDIA GeForce RTX 4070 Laptop GPU,9.1922,45.4722,31.70067596435547,machine,0.0,42.80952380952381,39.3,12.456456320626396,N,1.0,0.0
2026-05-05T11:22:21,Q114_qwen2.5:14b_GSM8K,f3a9aff5-fe72-40bd-ab14-ec186a6be97c,5b0fa12a-3dd7-45bb-9766-cc326314d9f1,18.462852600001497,0.0001416297839594,7.671067252058663e-06,13.5588570752,51.483781077811656,20.0,6.6303184674888e-05,0.000264962156414,9.698405555552908e-05,0.0004282493966444,0.0,Italy,ITA,lombardy,,,Windows-11-10.0.26200-SP0,3.13.13,3.2.6,32,13th Gen Intel(R) Core(TM) i9-13900HX,1,1 x NVIDIA GeForce RTX 4070 Laptop GPU,9.1922,45.4722,31.70067596435547,machine,0.0,36.0,39.25625,12.440661191940308,N,1.0,0.0
2026-05-05T11:23:29,Q115_qwen2.5:14b_HellaSwag,3633a2e3-d977-423d-9c88-ada3460a05b6,5b0fa12a-3dd7-45bb-9766-cc326314d9f1,22.18456109998806,0.0001724236694107,7.772237126245937e-06,13.517863272594289,53.24666601347784,20.0,7.980857065951733e-05,0.000323887203554,0.0001176658372221,0.0005213616114357,0.0,Italy,ITA,lombardy,,,Windows-11-10.0.26200-SP0,3.13.13,3.2.6,32,13th Gen Intel(R) Core(TM) i9-13900HX,1,1 x NVIDIA GeForce RTX 4070 Laptop GPU,9.1922,45.4722,31.70067596435547,machine,3.335,39.7,39.2,12.425259399414063,N,1.0,0.0
2026-05-05T11:25:02,Q116_qwen2.5:14b_HumanEval,6373f92d-c003-46ab-ad0f-f5334bb404f5,5b0fa12a-3dd7-45bb-9766-cc326314d9f1,37.91697029999341,0.0003081549489022,8.127098406444577e-06,13.25002612304,57.25221288336672,20.0,0.0001342143170279,0.0005953260318159,0.0002022352088889,0.0009317755577328,0.0,Italy,ITA,lombardy,,,Windows-11-10.0.26200-SP0,3.13.13,3.2.6,32,13th Gen Intel(R) Core(TM) i9-13900HX,1,1 x NVIDIA GeForce RTX 4070 Laptop GPU,9.1922,45.4722,31.70067596435547,machine,0.0,41.22222222222222,39.19166666666667,12.421548207600912,N,1.0,0.0
2026-05-05T11:26:43,Q117_qwen2.5:14b_HumanEval,67d20acd-8b17-47a7-8e82-3b19d1867f0a,5b0fa12a-3dd7-45bb-9766-cc326314d9f1,35.24508629999764,0.0002835730129716,8.045746024225248e-06,13.30075108928,55.90117348104235,20.0,0.0001249066430074,0.000545123491654,0.0001874164299998,0.0008574465646613,0.0,Italy,ITA,lombardy,,,Windows-11-10.0.26200-SP0,3.13.13,3.2.6,32,13th Gen Intel(R) Core(TM) i9-13900HX,1,1 x NVIDIA GeForce RTX 4070 Laptop GPU,9.1922,45.4722,31.70067596435547,machine,1.818181818181818,39.66666666666666,39.2,12.430149887547348,N,1.0,0.0
2026-05-05T11:28:10,Q118_qwen2.5:14b_GSM8K,f2f94e08-a30d-4a1d-bcc6-6bcae46a93e1,5b0fa12a-3dd7-45bb-9766-cc326314d9f1,31.21726079999644,0.0002514658230362,8.05534555537659e-06,13.21851146696,55.61347079414287,20.0,0.0001109418269176,0.000481574274148,0.0001678471783333,0.000760363279399,0.0,Italy,ITA,lombardy,,,Windows-11-10.0.26200-SP0,3.13.13,3.2.6,32,13th Gen Intel(R) Core(TM) i9-13900HX,1,1 x NVIDIA GeForce RTX 4070 Laptop GPU,9.1922,45.4722,31.70067596435547,machine,5.641379310344828,40.793103448275865,39.15172413793104,12.410996667270002,N,1.0,0.0
2026-05-05T11:29:35,Q119_qwen2.5:14b_MMLU,9f6fd663-8e86-4ee6-80bb-0c47191478ee,5b0fa12a-3dd7-45bb-9766-cc326314d9f1,29.375216800006456,0.0002363729366594,8.046678881340862e-06,13.577914859702858,55.367504851075765,20.0,0.0001070965372846,0.0004500231377959,0.0001576068794444,0.000714726554525,0.0,Italy,ITA,lombardy,,,Windows-11-10.0.26200-SP0,3.13.13,3.2.6,32,13th Gen Intel(R) Core(TM) i9-13900HX,1,1 x NVIDIA GeForce RTX 4070 Laptop GPU,9.1922,45.4722,31.70067596435547,machine,3.703703703703704,39.48148148148148,39.129629629629626,12.408954761646411,N,1.0,0.0
2026-05-05T11:30:34,Q120_qwen2.5:14b_SQuAD,1ebabd5b-ed75-46fe-8c21-d8c423804558,5b0fa12a-3dd7-45bb-9766-cc326314d9f1,3.9651797999977134,2.7330104095438643e-05,6.892525805627882e-06,12.983847065600004,46.237977636270266,20.0,1.2488679204727976e-05,5.0913651842010577e-05,1.9236364444400856e-05,8.26386954911394e-05,0.0,Italy,ITA,lombardy,,,Windows-11-10.0.26200-SP0,3.13.13,3.2.6,32,13th Gen Intel(R) Core(TM) i9-13900HX,1,1 x NVIDIA GeForce RTX 4070 Laptop GPU,9.1922,45.4722,31.70067596435547,machine,0.0,75.5,39.2,12.415382385253906,N,1.0,0.0
2026-05-05T11:31:11,Q121_qwen2.5:14b_MMLU,7aa527c9-739c-414c-bbe4-03a8f3351fea,5b0fa12a-3dd7-45bb-9766-cc326314d9f1,22.09176209999714,0.0001727103046673,7.817860064107445e-06,13.243406945462858,53.51741500116245,20.0,7.757407814746566e-05,0.000327513317566,0.0001171409216666,0.0005222283173801,0.0,Italy,ITA,lombardy,,,Windows-11-10.0.26200-SP0,3.13.13,3.2.6,32,13th Gen Intel(R) Core(TM) i9-13900HX,1,1 x NVIDIA GeForce RTX 4070 Laptop GPU,9.1922,45.4722,31.70067596435547,machine,5.0,42.65,39.155,12.403930282592771,N,1.0,0.0
2026-05-05T11:32:01,Q122_qwen2.5:14b_SQuAD,994dada3-e75b-4269-a568-af097ebc98ec,5b0fa12a-3dd7-45bb-9766-cc326314d9f1,4.282674300004146,2.8287366342097983e-05,6.605070654583889e-06,13.2824406656,42.5331808772831,20.0,1.3947521986259725e-05,5.058504046800971e-05,2.100063000002087e-05,8.55331924542903e-05,0.0,Italy,ITA,lombardy,,,Windows-11-10.0.26200-SP0,3.13.13,3.2.6,32,13th Gen Intel(R) Core(TM) i9-13900HX,1,1 x NVIDIA GeForce RTX 4070 Laptop GPU,9.1922,45.4722,31.70067596435547,machine,0.0,69.5,39.1,12.3826904296875,N,1.0,0.0
2026-05-05T11:32:45,Q123_qwen2.5:14b_HumanEval,914cfc78-fcce-4c66-bc25-9e5fff0c7aba,5b0fa12a-3dd7-45bb-9766-cc326314d9f1,28.996697399998084,0.0002282718911314,7.872341045690636e-06,13.347974180205716,53.90264193915607,20.0,0.0001038954701397,0.0004308611780219,0.0001554745794444,0.0006902312276062,0.0,Italy,ITA,lombardy,,,Windows-11-10.0.26200-SP0,3.13.13,3.2.6,32,13th Gen Intel(R) Core(TM) i9-13900HX,1,1 x NVIDIA GeForce RTX 4070 Laptop GPU,9.1922,45.4722,31.70067596435547,machine,7.407407407407407,39.51851851851852,39.06296296296296,12.38132377907082,N,1.0,0.0
2026-05-05T11:33:44,Q124_qwen2.5:14b_SQuAD,bc9f14aa-a3fa-455d-95bc-c3bf0c88afe4,5b0fa12a-3dd7-45bb-9766-cc326314d9f1,3.645185899993521,2.2541973955599588e-05,6.184039600186003e-06,12.9329660672,38.926788926649806,20.0,1.1291870389000624e-05,3.940753152592569e-05,1.7461308888838784e-05,6.81607108037651e-05,0.0,Italy,ITA,lombardy,,,Windows-11-10.0.26200-SP0,3.13.13,3.2.6,32,13th Gen Intel(R) Core(TM) i9-13900HX,1,1 x NVIDIA GeForce RTX 4070 Laptop GPU,9.1922,45.4722,31.70067596435547,machine,0.0,34.0,39.05,12.379619598388672,N,1.0,0.0
2026-05-05T11:34:03,Q125_qwen2.5:14b_SQuAD,14699f5f-baae-469e-ac09-3a234799c3bc,5b0fa12a-3dd7-45bb-9766-cc326314d9f1,4.232802700003958,2.593688519968748e-05,6.127591347374452e-06,13.048914944000002,37.58463406190575,20.0,1.352121498334812e-05,4.418170201203608e-05,2.072306888892652e-05,7.842598588431072e-05,0.0,Italy,ITA,lombardy,,,Windows-11-10.0.26200-SP0,3.13.13,3.2.6,32,13th Gen Intel(R) Core(TM) i9-13900HX,1,1 x NVIDIA GeForce RTX 4070 Laptop GPU,9.1922,45.4722,31.70067596435547,machine,0.0,38.5,39.0,12.373964309692385,N,1.0,0.0
2026-05-05T11:34:55,Q126_qwen2.5:14b_HumanEval,4a8ef33d-9cfd-4b0a-83a8-fb17c15d410a,5b0fa12a-3dd7-45bb-9766-cc326314d9f1,37.26022389999707,0.0002951984507569,7.922616126763707e-06,13.244343535565712,55.05156363336855,20.0,0.0001316742700128,0.000562308505402,0.0001986159061111,0.000892598681526,0.0,Italy,ITA,lombardy,,,Windows-11-10.0.26200-SP0,3.13.13,3.2.6,32,13th Gen Intel(R) Core(TM) i9-13900HX,1,1 x NVIDIA GeForce RTX 4070 Laptop GPU,9.1922,45.4722,31.70067596435547,machine,6.531428571428571,38.885714285714286,39.30857142857143,12.464688328334264,N,1.0,0.0
2026-05-05T11:35:54,Q127_qwen2.5:14b_SQuAD,565470c1-0856-4303-acab-ff6017a135eb,5b0fa12a-3dd7-45bb-9766-cc326314d9f1,3.776766199996928,2.478138823694001e-05,6.561536225610199e-06,13.0313131136,42.81221174154003,20.0,1.1851005910140713e-05,4.489336924801135e-05,1.818770666666549e-05,7.493208182481756e-05,0.0,Italy,ITA,lombardy,,,Windows-11-10.0.26200-SP0,3.13.13,3.2.6,32,13th Gen Intel(R) Core(TM) i9-13900HX,1,1 x NVIDIA GeForce RTX 4070 Laptop GPU,9.1922,45.4722,31.70067596435547,machine,0.0,66.0,39.150000000000006,12.41086769104004,N,1.0,0.0
2026-05-05T11:36:27,Q128_qwen2.5:14b_GSM8K,01f47c9d-7850-413c-acf3-a45dcc848350,5b0fa12a-3dd7-45bb-9766-cc326314d9f1,17.710185600008117,0.0001342659910623,7.581286503417671e-06,13.073667722240003,53.26996462801362,20.0,6.13714140849369e-05,0.0002517999236619,9.281198055557778e-05,0.0004059833183024,0.0,Italy,ITA,lombardy,,,Windows-11-10.0.26200-SP0,3.13.13,3.2.6,32,13th Gen Intel(R) Core(TM) i9-13900HX,1,1 x NVIDIA GeForce RTX 4070 Laptop GPU,9.1922,45.4722,31.70067596435547,machine,0.0,42.8125,39.2,12.418947219848633,N,1.0,0.0
2026-05-05T11:37:32,Q129_qwen2.5:14b_GSM8K,ad8bf0d2-ecce-410b-88b2-58b5a75248db,5b0fa12a-3dd7-45bb-9766-cc326314d9f1,20.019063800005824,0.0001566113178318,7.82310898234061e-06,13.40412307328,55.04577353300756,20.0,7.14984856860837e-05,0.0002964155149099,0.0001056354216666,0.0004735494222626,0.0,Italy,ITA,lombardy,,,Windows-11-10.0.26200-SP0,3.13.13,3.2.6,32,13th Gen Intel(R) Core(TM) i9-13900HX,1,1 x NVIDIA GeForce RTX 4070 Laptop GPU,9.1922,45.4722,31.70067596435547,machine,0.0,39.77777777777778,39.17777777777778,12.41526985168457,N,1.0,0.0
2026-05-05T11:38:23,Q130_qwen2.5:14b_HellaSwag,77dcaba1-bb6e-453a-9c9d-a676fb4a98d2,5b0fa12a-3dd7-45bb-9766-cc326314d9f1,5.365278600002057,3.611727926573018e-05,6.731668932479357e-06,14.518665689600002,41.999341596180784,20.0,1.9612284663563305e-05,6.258060561997736e-05,2.7015798888896823e-05,0.0001092086891724,0.0,Italy,ITA,lombardy,,,Windows-11-10.0.26200-SP0,3.13.13,3.2.6,32,13th Gen Intel(R) Core(TM) i9-13900HX,1,1 x NVIDIA GeForce RTX 4070 Laptop GPU,9.1922,45.4722,31.70067596435547,machine,0.0,65.0,39.3,12.458160400390623,N,1.0,0.0
2026-05-05T11:38:59,Q131_qwen2.5:14b_HellaSwag,2e0dffa0-9b34-4d00-89cf-4120d51797fc,5b0fa12a-3dd7-45bb-9766-cc326314d9f1,11.176273899996886,8.603094084778449e-05,7.697640700073436e-06,13.40183046656,51.89612628953847,20.0,3.9736625382610586e-05,0.000161097628878,5.929957833327029e-05,0.0002601338325938,0.0,Italy,ITA,lombardy,,,Windows-11-10.0.26200-SP0,3.13.13,3.2.6,32,13th Gen Intel(R) Core(TM) i9-13900HX,1,1 x NVIDIA GeForce RTX 4070 Laptop GPU,9.1922,45.4722,31.70067596435547,machine,0.0,35.111111111111114,39.21111111111112,12.436035580105251,N,1.0,0.0
2026-05-05T11:40:07,Q132_qwen2.5:14b_MMLU,bcd86502-02ac-49a7-a91b-f5e3ad929458,5b0fa12a-3dd7-45bb-9766-cc326314d9f1,32.5686313000042,0.0002556862994307,7.850692191374727e-06,13.2421396184,52.095741625109866,20.0,0.0001152309030355,0.0004853420549399,0.0001725518777778,0.0007731248357534,0.0,Italy,ITA,lombardy,,,Windows-11-10.0.26200-SP0,3.13.13,3.2.6,32,13th Gen Intel(R) Core(TM) i9-13900HX,1,1 x NVIDIA GeForce RTX 4070 Laptop GPU,9.1922,45.4722,31.70067596435547,machine,0.0,41.7,39.2,12.41729113260905,N,1.0,0.0
2026-05-05T11:41:19,Q133_qwen2.5:14b_MMLU,8f41f232-c4a9-4990-a63e-5fb5d3d289a0,5b0fa12a-3dd7-45bb-9766-cc326314d9f1,17.33004090000759,0.0001344741817528,7.759599791411099e-06,13.076964076160005,54.09546941068047,20.0,5.988769524569925e-05,0.000256036038162,9.06890961111963e-05,0.0004066128295189,0.0,Italy,ITA,lombardy,,,Windows-11-10.0.26200-SP0,3.13.13,3.2.6,32,13th Gen Intel(R) Core(TM) i9-13900HX,1,1 x NVIDIA GeForce RTX 4070 Laptop GPU,9.1922,45.4722,31.70067596435547,machine,6.666666666666667,39.86666666666667,39.1,12.397069295247396,N,1.0,0.0
2026-05-05T11:42:33,Q134_qwen2.5:14b_HumanEval,9ceb37bb-bb86-4034-b4a3-d63f151c41f2,5b0fa12a-3dd7-45bb-9766-cc326314d9f1,28.477667500003008,0.0002243554228029,7.878293501494147e-06,13.58116307958154,53.82586112743111,20.0,0.0001035445183308,0.0004222278377819,0.0001526165516666,0.0006783889077793,0.0,Italy,ITA,lombardy,,,Windows-11-10.0.26200-SP0,3.13.13,3.2.6,32,13th Gen Intel(R) Core(TM) i9-13900HX,1,1 x NVIDIA GeForce RTX 4070 Laptop GPU,9.1922,45.4722,31.70067596435547,machine,0.0,40.69230769230769,39.17307692307693,12.415549498337963,N,1.0,0.0
2026-05-05T11:43:32,Q135_qwen2.5:14b_SQuAD,d5f1fc94-fbf0-4f55-b4ee-ae8bbf3a8a81,5b0fa12a-3dd7-45bb-9766-cc326314d9f1,3.5064273000025423,1.8550409517790152e-05,5.290401862253555e-06,13.2892876352,29.08250565130394,20.0,1.1087814515575312e-05,2.831752265397558e-05,1.668598388884372e-05,5.609132105839461e-05,0.0,Italy,ITA,lombardy,,,Windows-11-10.0.26200-SP0,3.13.13,3.2.6,32,13th Gen Intel(R) Core(TM) i9-13900HX,1,1 x NVIDIA GeForce RTX 4070 Laptop GPU,9.1922,45.4722,31.70067596435547,machine,0.0,45.0,39.1,12.400970458984377,N,1.0,0.0
2026-05-05T11:44:00,Q136_qwen2.5:14b_MMLU,fd7ec610-fe25-4602-a1b8-5893ac7e6ebe,5b0fa12a-3dd7-45bb-9766-cc326314d9f1,13.618638400002965,0.0001013497119738,7.441985681462091e-06,13.166611584984617,49.06698212168492,20.0,4.797412381718536e-05,0.0001856079262639,7.287152055553936e-05,0.0003064535706367,0.0,Italy,ITA,lombardy,,,Windows-11-10.0.26200-SP0,3.13.13,3.2.6,32,13th Gen Intel(R) Core(TM) i9-13900HX,1,1 x NVIDIA GeForce RTX 4070 Laptop GPU,9.1922,45.4722,31.70067596435547,machine,0.0,45.16666666666666,39.1,12.404919624328612,N,1.0,0.0
2026-05-05T11:44:43,Q137_qwen2.5:14b_SQuAD,997fe0c5-3012-40d9-bd0e-ce45e6184587,5b0fa12a-3dd7-45bb-9766-cc326314d9f1,7.125714299996616,5.247275829626825e-05,7.36385940933573e-06,13.151314822400002,49.3523115263778,20.0,2.419631835066285e-05,9.767091147000472e-05,3.679591611111795e-05,0.0001586631459317,0.0,Italy,ITA,lombardy,,,Windows-11-10.0.26200-SP0,3.13.13,3.2.6,32,13th Gen Intel(R) Core(TM) i9-13900HX,1,1 x NVIDIA GeForce RTX 4070 Laptop GPU,9.1922,45.4722,31.70067596435547,machine,0.0,48.6,39.1,12.394445037841797,N,1.0,0.0
2026-05-05T11:45:18,Q138_qwen2.5:14b_HellaSwag,695f4fb0-1c91-467f-816f-e2556f7bb735,5b0fa12a-3dd7-45bb-9766-cc326314d9f1,10.515731999999844,8.067338136912193e-05,7.671684802267985e-06,13.164976563200002,51.93240677747384,20.0,3.661973098923591e-05,0.0001516831769019,5.563114277772708e-05,0.0002439340506689,0.0,Italy,ITA,lombardy,,,Windows-11-10.0.26200-SP0,3.13.13,3.2.6,32,13th Gen Intel(R) Core(TM) i9-13900HX,1,1 x NVIDIA GeForce RTX 4070 Laptop GPU,9.1922,45.4722,31.70067596435547,machine,0.0,40.75,39.2,12.435580253601074,N,1.0,0.0
2026-05-05T11:46:06,Q139_qwen2.5:14b_HellaSwag,fd7056af-232f-4cfb-b50b-4227660c7982,5b0fa12a-3dd7-45bb-9766-cc326314d9f1,12.746478300003218,9.69776691603328e-05,7.608193171309782e-06,13.1118090656,51.03385007233953,20.0,4.458558639634633e-05,0.000180640700068,6.800743277781294e-05,0.0002932337192421,0.0,Italy,ITA,lombardy,,,Windows-11-10.0.26200-SP0,3.13.13,3.2.6,32,13th Gen Intel(R) Core(TM) i9-13900HX,1,1 x NVIDIA GeForce RTX 4070 Laptop GPU,9.1922,45.4722,31.70067596435547,machine,0.0,38.27272727272727,39.23636363636364,12.44231449473988,N,1.0,0.0
2026-05-05T11:47:19,Q140_qwen2.5:14b_HumanEval,b27a292d-b225-4e86-acdd-4e0cae27d4fc,5b0fa12a-3dd7-45bb-9766-cc326314d9f1,37.39168069999141,0.0003006480565776,8.040506630066564e-06,13.24980458566857,56.12641300741751,20.0,0.0001323699981998,0.000577358517442,0.0001993482705554,0.0009090767861973,0.0,Italy,ITA,lombardy,,,Windows-11-10.0.26200-SP0,3.13.13,3.2.6,32,13th Gen Intel(R) Core(TM) i9-13900HX,1,1 x NVIDIA GeForce RTX 4070 Laptop GPU,9.1922,45.4722,31.70067596435547,machine,2.857142857142857,40.48571428571429,39.26285714285714,12.443528420584542,N,1.0,0.0
2026-05-05T11:48:33,Q141_qwen2.5:14b_GSM8K,a34ba48c-1356-439a-838b-2b454b10d74e,5b0fa12a-3dd7-45bb-9766-cc326314d9f1,18.8781561999931,0.0001451620341065,7.689418000822439e-06,13.367100096320002,54.30457044400883,20.0,6.711195587184934e-05,0.000272539940254,9.92780505555048e-05,0.0004389299466813,0.0,Italy,ITA,lombardy,,,Windows-11-10.0.26200-SP0,3.13.13,3.2.6,32,13th Gen Intel(R) Core(TM) i9-13900HX,1,1 x NVIDIA GeForce RTX 4070 Laptop GPU,9.1922,45.4722,31.70067596435547,machine,0.0,39.64705882352941,39.2,12.417393403894762,N,1.0,0.0
2026-05-05T11:49:55,Q142_qwen2.5:14b_HumanEval,d4741c8b-e1c3-47fd-8eb5-fce532a3d81c,5b0fa12a-3dd7-45bb-9766-cc326314d9f1,37.22399480000604,0.0002966125234086,7.968315195677054e-06,13.165640014445716,55.59808003728116,20.0,0.0001306853101404,0.0005677754542199,0.0001984136827778,0.0008968744471383,0.0,Italy,ITA,lombardy,,,Windows-11-10.0.26200-SP0,3.13.13,3.2.6,32,13th Gen Intel(R) Core(TM) i9-13900HX,1,1 x NVIDIA GeForce RTX 4070 Laptop GPU,9.1922,45.4722,31.70067596435547,machine,4.571428571428571,39.42857142857143,39.14,12.409668949672154,N,1.0,0.0
2026-05-05T11:51:16,Q143_qwen2.5:14b_MMLU,cfeec3c1-433b-4ebd-8717-fadcfc3916c6,5b0fa12a-3dd7-45bb-9766-cc326314d9f1,15.56178020000516,0.000116330247383,7.475381729335156e-06,13.287499451428571,49.164025230841325,20.0,5.558281161674764e-05,0.000212506836672,8.366092888892228e-05,0.0003517505771776,0.0,Italy,ITA,lombardy,,,Windows-11-10.0.26200-SP0,3.13.13,3.2.6,32,13th Gen Intel(R) Core(TM) i9-13900HX,1,1 x NVIDIA GeForce RTX 4070 Laptop GPU,9.1922,45.4722,31.70067596435547,machine,0.0,40.61538461538461,39.2,12.41745846088116,N,1.0,0.0
2026-05-05T11:52:07,Q144_qwen2.5:14b_GSM8K,e6369dcf-c701-42ca-b9b3-e0d274bcefd3,5b0fa12a-3dd7-45bb-9766-cc326314d9f1,15.712838299994472,0.0001212341637993,7.715612003681235e-06,13.418465776640002,51.64385161578861,20.0,5.669353787182222e-05,0.0002253851803079,8.449994944441844e-05,0.0003665786676241,0.0,Italy,ITA,lombardy,,,Windows-11-10.0.26200-SP0,3.13.13,3.2.6,32,13th Gen Intel(R) Core(TM) i9-13900HX,1,1 x NVIDIA GeForce RTX 4070 Laptop GPU,9.1922,45.4722,31.70067596435547,machine,0.0,38.92857142857143,39.10714285714285,12.40712765284947,N,1.0,0.0
2026-05-05T11:53:21,Q145_qwen2.5:14b_GSM8K,4f21072d-fc3d-4a2d-aa8a-e4ca9c88cd31,5b0fa12a-3dd7-45bb-9766-cc326314d9f1,28.49914249998983,0.0002273055798917,7.975874358038033e-06,13.535373548406156,54.69495408087003,20.0,0.0001033562740006,0.000431229789428,0.0001527233055555,0.0006873093689842,0.0,Italy,ITA,lombardy,,,Windows-11-10.0.26200-SP0,3.13.13,3.2.6,32,13th Gen Intel(R) Core(TM) i9-13900HX,1,1 x NVIDIA GeForce RTX 4070 Laptop GPU,9.1922,45.4722,31.70067596435547,machine,7.3076923076923075,42.07692307692308,39.1,12.40199089050293,N,1.0,0.0
2026-05-05T11:54:38,Q146_qwen2.5:14b_GSM8K,32f1300d-26a2-401f-a03b-44fdb871a697,5b0fa12a-3dd7-45bb-9766-cc326314d9f1,22.41653149999911,0.0001710965306609,7.632605011215722e-06,13.301903823542858,52.74353421484669,20.0,7.94961281679936e-05,0.0003189085884599,0.0001189439933333,0.0005173487099612,0.0,Italy,ITA,lombardy,,,Windows-11-10.0.26200-SP0,3.13.13,3.2.6,32,13th Gen Intel(R) Core(TM) i9-13900HX,1,1 x NVIDIA GeForce RTX 4070 Laptop GPU,9.1922,45.4722,31.70067596435547,machine,1.0,41.95,39.1,12.403956604003906,N,1.0,0.0
2026-05-05T11:55:44,Q147_qwen2.5:14b_HumanEval,2ae4e883-5e23-4b9b-ae39-93a9b84ec0b4,5b0fa12a-3dd7-45bb-9766-cc326314d9f1,20.223969499988016,0.0001563781811168,7.732318876217872e-06,13.15420149248,53.83914517877882,20.0,7.048378689144053e-05,0.0002956007920359,0.000106759902222,0.0004728444811495,0.0,Italy,ITA,lombardy,,,Windows-11-10.0.26200-SP0,3.13.13,3.2.6,32,13th Gen Intel(R) Core(TM) i9-13900HX,1,1 x NVIDIA GeForce RTX 4070 Laptop GPU,9.1922,45.4722,31.70067596435547,machine,0.0,41.333333333333336,39.1,12.403104146321615,N,1.0,0.0
2026-05-05T11:56:36,Q148_qwen2.5:14b_SQuAD,346b3fee-0496-4729-b8b7-692e8bf0c3b6,5b0fa12a-3dd7-45bb-9766-cc326314d9f1,7.194237200004864,4.9322267910389965e-05,6.855802295531293e-06,13.3692801152,43.58985627334078,20.0,2.485450408579097e-05,8.710173634796092e-05,3.718069166667798e-05,0.0001491369321004,0.0,Italy,ITA,lombardy,,,Windows-11-10.0.26200-SP0,3.13.13,3.2.6,32,13th Gen Intel(R) Core(TM) i9-13900HX,1,1 x NVIDIA GeForce RTX 4070 Laptop GPU,9.1922,45.4722,31.70067596435547,machine,0.0,44.8,39.1,12.407671356201172,N,1.0,0.0
2026-05-05T11:57:14,Q149_qwen2.5:14b_SQuAD,6fd08a92-a4d9-44e1-83d2-821829152554,5b0fa12a-3dd7-45bb-9766-cc326314d9f1,12.774130000005243,9.608418166440578e-05,7.52177891287832e-06,13.547400329600002,49.65696805565559,20.0,4.6178126364565646e-05,0.0001761820853899,6.817184777780009e-05,0.0002905320595323,0.0,Italy,ITA,lombardy,,,Windows-11-10.0.26200-SP0,3.13.13,3.2.6,32,13th Gen Intel(R) Core(TM) i9-13900HX,1,1 x NVIDIA GeForce RTX 4070 Laptop GPU,9.1922,45.4722,31.70067596435547,machine,0.0,38.09090909090909,39.18181818181818,12.412992304021662,N,1.0,0.0
2026-05-05T11:58:14,Q150_qwen2.5:14b_HumanEval,4c3a3b8b-2e1a-4b25-9066-23e4ce48dba2,5b0fa12a-3dd7-45bb-9766-cc326314d9f1,24.857448899987503,0.0001917563356186,7.714240362724803e-06,13.17576661952,53.19889908708289,20.0,8.741865135263197e-05,0.000359890287912,0.0001325093216665,0.0005798182609312,0.0,Italy,ITA,lombardy,,,Windows-11-10.0.26200-SP0,3.13.13,3.2.6,32,13th Gen Intel(R) Core(TM) i9-13900HX,1,1 x NVIDIA GeForce RTX 4070 Laptop GPU,9.1922,45.4722,31.70067596435547,machine,4.3478260869565215,39.91304347826087,39.10869565217392,12.405216880466629,N,1.0,0.0
2026-05-05T11:59:09,Q151_qwen2.5:14b_SQuAD,0a940e8d-811a-4517-9e57-6d8ea0df96d9,5b0fa12a-3dd7-45bb-9766-cc326314d9f1,8.52685590001056,6.10713835216382e-05,7.16223942773122e-06,13.127333443657143,46.79135043367548,20.0,2.926233515997042e-05,0.000110819255322,4.458142611110816e-05,0.0001846630165931,0.0,Italy,ITA,lombardy,,,Windows-11-10.0.26200-SP0,3.13.13,3.2.6,32,13th Gen Intel(R) Core(TM) i9-13900HX,1,1 x NVIDIA GeForce RTX 4070 Laptop GPU,9.1922,45.4722,31.70067596435547,machine,0.0,52.66666666666666,39.11666666666667,12.407294591267904,N,1.0,0.0
2026-05-05T12:00:02,Q152_qwen2.5:14b_GSM8K,4e9c036f-460c-4e97-80f9-8fa17568ac49,5b0fa12a-3dd7-45bb-9766-cc326314d9f1,28.67012359999353,0.0002260143902181,7.883272265285313e-06,13.244316843062858,53.96875069219918,20.0,0.0001018098325015,0.0004279003423199,0.0001536949927777,0.0006834051675993,0.0,Italy,ITA,lombardy,,,Windows-11-10.0.26200-SP0,3.13.13,3.2.6,32,13th Gen Intel(R) Core(TM) i9-13900HX,1,1 x NVIDIA GeForce RTX 4070 Laptop GPU,9.1922,45.4722,31.70067596435547,machine,0.0,40.44444444444444,39.1962962962963,12.421127178050854,N,1.0,0.0
2026-05-05T12:01:26,Q153_qwen2.5:14b_HumanEval,bd6fff75-bd38-40dd-96aa-a904e43cc66e,5b0fa12a-3dd7-45bb-9766-cc326314d9f1,27.986327999999048,0.0002240079333133,8.004191665062747e-06,13.144858581366154,55.6349408069035,20.0,9.856739399008622e-05,0.0004288725653199,0.0001498982361111,0.0006773381954211,0.0,Italy,ITA,lombardy,,,Windows-11-10.0.26200-SP0,3.13.13,3.2.6,32,13th Gen Intel(R) Core(TM) i9-13900HX,1,1 x NVIDIA GeForce RTX 4070 Laptop GPU,9.1922,45.4722,31.70067596435547,machine,3.076923076923077,38.03846153846154,39.3,12.454515016995945,N,1.0,0.0
2026-05-05T12:02:24,Q154_qwen2.5:14b_SQuAD,574392d5-e4dc-430a-9941-5535008a8d6b,5b0fa12a-3dd7-45bb-9766-cc326314d9f1,3.2739136000018334,1.8929390354692e-05,5.7818845172583045e-06,13.2890622464,34.77256646275475,20.0,1.0230895386753984e-05,3.160974750998635e-05,1.539661166663993e-05,5.723725456338027e-05,0.0,Italy,ITA,lombardy,,,Windows-11-10.0.26200-SP0,3.13.13,3.2.6,32,13th Gen Intel(R) Core(TM) i9-13900HX,1,1 x NVIDIA GeForce RTX 4070 Laptop GPU,9.1922,45.4722,31.70067596435547,machine,0.0,50.0,39.3,12.454109191894531,N,1.0,0.0
2026-05-05T12:02:44,Q155_qwen2.5:14b_HellaSwag,87759f25-a7fe-44e2-be36-6f42e4375df3,5b0fa12a-3dd7-45bb-9766-cc326314d9f1,4.563447099993937,3.0030244934208504e-05,6.580605466917411e-06,13.109691872,42.18292672276968,20.0,1.4788555428923649e-05,5.34542094300372e-05,2.2560411666684862e-05,9.080317652564572e-05,0.0,Italy,ITA,lombardy,,,Windows-11-10.0.26200-SP0,3.13.13,3.2.6,32,13th Gen Intel(R) Core(TM) i9-13900HX,1,1 x NVIDIA GeForce RTX 4070 Laptop GPU,9.1922,45.4722,31.70067596435547,machine,0.0,51.333333333333336,39.3,12.458799997965494,N,1.0,0.0
2026-05-05T12:03:37,Q156_qwen2.5:14b_HumanEval,86b6bcd1-2f05-4cc4-811d-94459b5cd445,5b0fa12a-3dd7-45bb-9766-cc326314d9f1,38.12396900000749,0.0003126768229655,8.201581083163832e-06,13.502883582720004,57.46497283528478,20.0,0.000137579702257,0.0006044638169039,0.0002034049383332,0.0009454484574942,0.0,Italy,ITA,lombardy,,,Windows-11-10.0.26200-SP0,3.13.13,3.2.6,32,13th Gen Intel(R) Core(TM) i9-13900HX,1,1 x NVIDIA GeForce RTX 4070 Laptop GPU,9.1922,45.4722,31.70067596435547,machine,0.0,39.86111111111112,39.3,12.456897947523329,N,1.0,0.0
2026-05-05T12:04:42,Q157_qwen2.5:14b_HellaSwag,50ecbeb1-6291-422f-a97a-c18f0af46349,5b0fa12a-3dd7-45bb-9766-cc326314d9f1,9.496720100010862,6.636778683641556e-05,6.988495621381918e-06,13.1041799552,44.72323352956154,20.0,3.274163810970519e-05,0.000117965927706,4.997031333332416e-05,0.000200677879149,0.0,Italy,ITA,lombardy,,,Windows-11-10.0.26200-SP0,3.13.13,3.2.6,32,13th Gen Intel(R) Core(TM) i9-13900HX,1,1 x NVIDIA GeForce RTX 4070 Laptop GPU,9.1922,45.4722,31.70067596435547,machine,0.0,40.71428571428572,39.3,12.453151157924108,N,1.0,0.0
2026-05-05T12:05:24,Q158_qwen2.5:14b_MMLU,9156fc58-693f-4573-8531-f6b04e003937,5b0fa12a-3dd7-45bb-9766-cc326314d9f1,7.463341000009677,5.150052405738389e-05,6.900465094294514e-06,13.099654726400004,44.29459487262384,20.0,2.5312521048524704e-05,9.176562896801022e-05,3.8645227777791054e-05,0.0001557233777943,0.0,Italy,ITA,lombardy,,,Windows-11-10.0.26200-SP0,3.13.13,3.2.6,32,13th Gen Intel(R) Core(TM) i9-13900HX,1,1 x NVIDIA GeForce RTX 4070 Laptop GPU,9.1922,45.4722,31.70067596435547,machine,0.0,33.8,39.2,12.423761749267578,N,1.0,0.0
2026-05-05T12:06:27,Q159_qwen2.5:14b_HumanEval,b895d17d-bf00-4760-909b-f6cc88299edc,5b0fa12a-3dd7-45bb-9766-cc326314d9f1,37.26859680000052,0.0002982214287438,8.001949478920954e-06,13.26308399602286,55.8364900410985,20.0,0.0001322340724797,0.00057083795667,0.0001986673038888,0.0009017393330386,0.0,Italy,ITA,lombardy,,,Windows-11-10.0.26200-SP0,3.13.13,3.2.6,32,13th Gen Intel(R) Core(TM) i9-13900HX,1,1 x NVIDIA GeForce RTX 4070 Laptop GPU,9.1922,45.4722,31.70067596435547,machine,2.857142857142857,41.142857142857146,39.18857142857144,12.415499332972937,N,1.0,0.0
2026-05-05T12:07:36,Q160_qwen2.5:14b_MMLU,3173ac46-72ec-46c4-8c37-34149b2ee9dc,5b0fa12a-3dd7-45bb-9766-cc326314d9f1,13.670569499998235,0.000103599778841,7.578307461225392e-06,13.413448551384615,50.31050783883449,20.0,4.906451430999023e-05,0.0001910362639399,7.315637388884271e-05,0.0003132571521387,0.0,Italy,ITA,lombardy,,,Windows-11-10.0.26200-SP0,3.13.13,3.2.6,32,13th Gen Intel(R) Core(TM) i9-13900HX,1,1 x NVIDIA GeForce RTX 4070 Laptop GPU,9.1922,45.4722,31.70067596435547,machine,8.333333333333334,44.16666666666666,39.2,12.434870084126793,N,1.0,0.0
2026-05-05T12:08:36,Q161_qwen2.5:14b_GSM8K,a040f02e-28fc-4405-9db5-10eb06b7dc29,5b0fa12a-3dd7-45bb-9766-cc326314d9f1,15.770295900001656,0.0001231849355496,7.811200013670247e-06,13.24759629824,52.84100389247178,20.0,5.618686752870561e-05,0.00023146546295,8.482493277778203e-05,0.0003724772632565,0.0,Italy,ITA,lombardy,,,Windows-11-10.0.26200-SP0,3.13.13,3.2.6,32,13th Gen Intel(R) Core(TM) i9-13900HX,1,1 x NVIDIA GeForce RTX 4070 Laptop GPU,9.1922,45.4722,31.70067596435547,machine,0.0,38.285714285714285,39.20714285714286,12.436723164149694,N,1.0,0.0
2026-05-05T12:09:23,Q162_qwen2.5:14b_SQuAD,9ebfafc9-7b70-4013-bcc3-2786a363fcf8,5b0fa12a-3dd7-45bb-9766-cc326314d9f1,11.271589399999357,8.661383471975617e-05,7.684260989826432e-06,13.18619188352,51.94417871874347,20.0,3.944550332258917e-05,0.0001626231856539,5.982765388883611e-05,0.0002618963428653,0.0,Italy,ITA,lombardy,,,Windows-11-10.0.26200-SP0,3.13.13,3.2.6,32,13th Gen Intel(R) Core(TM) i9-13900HX,1,1 x NVIDIA GeForce RTX 4070 Laptop GPU,9.1922,45.4722,31.70067596435547,machine,0.0,45.333333333333336,39.2,12.42659674750434,N,1.0,0.0
2026-05-05T12:10:01,Q163_qwen2.5:14b_SQuAD,fc34cef3-07f3-42be-8b9c-1d3b4d13838c,5b0fa12a-3dd7-45bb-9766-cc326314d9f1,3.4136515999998664,2.0708849351045657e-05,6.066480056443507e-06,13.083008556800005,37.8357648293412,20.0,1.0580220661281877e-05,3.586447313597141e-05,1.617315388882869e-05,6.261784768608197e-05,0.0,Italy,ITA,lombardy,,,Windows-11-10.0.26200-SP0,3.13.13,3.2.6,32,13th Gen Intel(R) Core(TM) i9-13900HX,1,1 x NVIDIA GeForce RTX 4070 Laptop GPU,9.1922,45.4722,31.70067596435547,machine,0.0,35.0,39.2,12.430591583251951,N,1.0,0.0
2026-05-05T12:10:21,Q164_qwen2.5:14b_SQuAD,9e5da988-c0a7-4a71-b7d8-c7285dd1c32f,5b0fa12a-3dd7-45bb-9766-cc326314d9f1,4.373544800007949,2.885814929537762e-05,6.598343132400329e-06,13.40689376,42.31467378891033,20.0,1.4406880448358305e-05,5.1361429977969664e-05,2.149077222226576e-05,8.725908264859372e-05,0.0,Italy,ITA,lombardy,,,Windows-11-10.0.26200-SP0,3.13.13,3.2.6,32,13th Gen Intel(R) Core(TM) i9-13900HX,1,1 x NVIDIA GeForce RTX 4070 Laptop GPU,9.1922,45.4722,31.70067596435547,machine,0.0,75.5,39.4,12.48497200012207,N,1.0,0.0
2026-05-05T12:10:45,Q165_qwen2.5:14b_HellaSwag,545334c4-cf19-402f-b1ea-cb09fafa1985,5b0fa12a-3dd7-45bb-9766-cc326314d9f1,8.893778600002406,6.426891706649547e-05,7.226278048621323e-06,13.3135625792,47.242170144149206,20.0,3.103023760991373e-05,0.0001166875933499,4.661364499996934e-05,0.0001943314759598,0.0,Italy,ITA,lombardy,,,Windows-11-10.0.26200-SP0,3.13.13,3.2.6,32,13th Gen Intel(R) Core(TM) i9-13900HX,1,1 x NVIDIA GeForce RTX 4070 Laptop GPU,9.1922,45.4722,31.70067596435547,machine,0.0,42.142857142857146,39.4,12.485001155308314,N,1.0,0.0
2026-05-05T12:11:21,Q166_qwen2.5:14b_HellaSwag,ae7669a5-b7ca-40b1-9944-f59ec603ec70,5b0fa12a-3dd7-45bb-9766-cc326314d9f1,10.842509499998414,8.118366576536997e-05,7.487534667632234e-06,13.093316134400002,49.952609082453726,20.0,3.760603012865056e-05,0.0001504287314539,5.744224833332636e-05,0.0002454770099159,0.0,Italy,ITA,lombardy,,,Windows-11-10.0.26200-SP0,3.13.13,3.2.6,32,13th Gen Intel(R) Core(TM) i9-13900HX,1,1 x NVIDIA GeForce RTX 4070 Laptop GPU,9.1922,45.4722,31.70067596435547,machine,0.0,36.66666666666666,39.4,12.482520633273657,N,1.0,0.0
2026-05-05T12:12:04,Q167_qwen2.5:14b_GSM8K,6bfdc2a4-7d9c-4e03-a129-c6d3f8d6a494,5b0fa12a-3dd7-45bb-9766-cc326314d9f1,18.584667400005856,0.0001423489982697,7.65948591954599e-06,13.437084700160003,53.0754686446953,20.0,6.597476720886935e-05,0.000266801046774,9.76482883332614e-05,0.0004304241023161,0.0,Italy,ITA,lombardy,,,Windows-11-10.0.26200-SP0,3.13.13,3.2.6,32,13th Gen Intel(R) Core(TM) i9-13900HX,1,1 x NVIDIA GeForce RTX 4070 Laptop GPU,9.1922,45.4722,31.70067596435547,machine,6.25,35.6875,39.39375,12.481887340545654,N,1.0,0.0
2026-05-05T12:13:03,Q168_qwen2.5:14b_SQuAD,0c2ca5db-501f-44b5-acb2-dcd9bcc10def,5b0fa12a-3dd7-45bb-9766-cc326314d9f1,13.61349460000929,0.0001018139543239,7.478899233111293e-06,13.402607894646156,49.24287841263283,20.0,4.881381803144616e-05,0.000186202093406,7.28413999999854e-05,0.0003078573114374,0.0,Italy,ITA,lombardy,,,Windows-11-10.0.26200-SP0,3.13.13,3.2.6,32,13th Gen Intel(R) Core(TM) i9-13900HX,1,1 x NVIDIA GeForce RTX 4070 Laptop GPU,9.1922,45.4722,31.70067596435547,machine,6.25,43.5,39.3,12.467398961385092,N,1.0,0.0
2026-05-05T12:13:49,Q169_qwen2.5:14b_HellaSwag,6fce36b2-eff3-4cf0-9de0-c2dd1dedb522,5b0fa12a-3dd7-45bb-9766-cc326314d9f1,11.21524849999696,8.601715545621268e-05,7.669661127547553e-06,13.422514119680002,51.57169140435752,20.0,3.994046141641867e-05,0.0001606398507339,5.9511837222251216e-05,0.0002600921493726,0.0,Italy,ITA,lombardy,,,Windows-11-10.0.26200-SP0,3.13.13,3.2.6,32,13th Gen Intel(R) Core(TM) i9-13900HX,1,1 x NVIDIA GeForce RTX 4070 Laptop GPU,9.1922,45.4722,31.70067596435547,machine,5.088888888888889,35.55555555555556,39.32222222222222,12.472821129692925,N,1.0,0.0
2026-05-05T12:14:33,Q170_qwen2.5:14b_HellaSwag,cbf9fa60-5f86-4f72-ab79-ed3c7ead578f,5b0fa12a-3dd7-45bb-9766-cc326314d9f1,7.902501500007929,5.5722286661928827e-05,7.051221269856502e-06,13.347653279085716,45.5794187666612,20.0,2.7421043308465125e-05,9.998119109599912e-05,4.108658888888183e-05,0.0001684888232933,0.0,Italy,ITA,lombardy,,,Windows-11-10.0.26200-SP0,3.13.13,3.2.6,32,13th Gen Intel(R) Core(TM) i9-13900HX,1,1 x NVIDIA GeForce RTX 4070 Laptop GPU,9.1922,45.4722,31.70067596435547,machine,0.0,41.833333333333336,39.4,12.499255498250326,N,1.0,0.0
2026-05-05T12:15:19,Q171_qwen2.5:14b_GSM8K,80794987-08a6-43cf-b470-19c0e4beed3c,5b0fa12a-3dd7-45bb-9766-cc326314d9f1,21.327926600002684,0.0001633714760943,7.659979291860986e-06,13.14922712576,52.71697551280224,20.0,7.432789613804964e-05,0.000306757745406,0.0001129046344444,0.0004939902759884,0.0,Italy,ITA,lombardy,,,Windows-11-10.0.26200-SP0,3.13.13,3.2.6,32,13th Gen Intel(R) Core(TM) i9-13900HX,1,1 x NVIDIA GeForce RTX 4070 Laptop GPU,9.1922,45.4722,31.70067596435547,machine,0.0,41.26315789473684,39.38421052631579,12.484973305150085,N,1.0,0.0
2026-05-05T12:16:08,Q172_qwen2.5:14b_SQuAD,2d899d2b-1b2d-4b24-a1fd-bb993838970e,5b0fa12a-3dd7-45bb-9766-cc326314d9f1,3.4259546999965096,2.1761780649097e-05,6.352033974389437e-06,12.9830443904,41.04973957839407,20.0,1.0537761910679466e-05,3.9031697891989126e-05,1.623216166667084e-05,6.580162146933944e-05,0.0,Italy,ITA,lombardy,,,Windows-11-10.0.26200-SP0,3.13.13,3.2.6,32,13th Gen Intel(R) Core(TM) i9-13900HX,1,1 x NVIDIA GeForce RTX 4070 Laptop GPU,9.1922,45.4722,31.70067596435547,machine,0.0,30.0,39.3,12.459728240966797,N,1.0,0.0
2026-05-05T12:16:49,Q173_qwen2.5:14b_HumanEval,fb15af27-89db-44a6-b77c-95005e4455e2,5b0fa12a-3dd7-45bb-9766-cc326314d9f1,26.10158409998985,0.0002047390497107,7.843931959320381e-06,13.209124690269093,54.057033867601135,20.0,9.20685157508922e-05,0.000387584198956,0.0001394216922222,0.0006190744069291,0.0,Italy,ITA,lombardy,,,Windows-11-10.0.26200-SP0,3.13.13,3.2.6,32,13th Gen Intel(R) Core(TM) i9-13900HX,1,1 x NVIDIA GeForce RTX 4070 Laptop GPU,9.1922,45.4722,31.70067596435547,machine,8.333333333333334,40.66666666666666,39.29166666666666,12.449055989583334,N,1.0,0.0
2026-05-05T12:17:41,Q174_qwen2.5:14b_MMLU,50870690-1e7b-4b87-9bb8-c94ca3d7c0d4,5b0fa12a-3dd7-45bb-9766-cc326314d9f1,7.24714700000186,5.2954654008145154e-05,7.30696562497374e-06,13.307558009600005,48.54830519628337,20.0,2.4932892455417748e-05,9.771646706197012e-05,3.7470906111169216e-05,0.0001601202656285,0.0,Italy,ITA,lombardy,,,Windows-11-10.0.26200-SP0,3.13.13,3.2.6,32,13th Gen Intel(R) Core(TM) i9-13900HX,1,1 x NVIDIA GeForce RTX 4070 Laptop GPU,9.1922,45.4722,31.70067596435547,machine,0.0,39.2,39.3,12.456439971923828,N,1.0,0.0
2026-05-05T12:18:15,Q175_qwen2.5:14b_MMLU,97956da2-dda3-4408-a823-1a6e4ff04780,5b0fa12a-3dd7-45bb-9766-cc326314d9f1,8.25382160001027,5.75292301301406e-05,6.97001133754442e-06,13.408858166857144,44.51795553778106,20.0,2.886563969504203e-05,0.0001020331371819,4.305374500003786e-05,0.000173952521877,0.0,Italy,ITA,lombardy,,,Windows-11-10.0.26200-SP0,3.13.13,3.2.6,32,13th Gen Intel(R) Core(TM) i9-13900HX,1,1 x NVIDIA GeForce RTX 4070 Laptop GPU,9.1922,45.4722,31.70067596435547,machine,16.666666666666668,49.0,39.3,12.44820467631022,N,1.0,0.0
2026-05-05T12:18:47,Q176_qwen2.5:14b_MMLU,52363737-a49d-4292-ae0c-560817240c17,5b0fa12a-3dd7-45bb-9766-cc326314d9f1,7.646129200002178,5.6860310199850494e-05,7.436483050774801e-06,13.297492648228571,49.83993592053683,20.0,2.639059396947493e-05,0.000105847584678,3.969171388889663e-05,0.0001719298925363,0.0,Italy,ITA,lombardy,,,Windows-11-10.0.26200-SP0,3.13.13,3.2.6,32,13th Gen Intel(R) Core(TM) i9-13900HX,1,1 x NVIDIA GeForce RTX 4070 Laptop GPU,9.1922,45.4722,31.70067596435547,machine,0.0,49.0,39.3,12.469199498494469,N,1.0,0.0
2026-05-05T12:19:18,Q177_qwen2.5:14b_SQuAD,1a81ff43-68d8-4e94-b3bc-bd3eac411b61,5b0fa12a-3dd7-45bb-9766-cc326314d9f1,5.223308899992844,3.366803300350963e-05,6.445728875723922e-06,13.479221648000005,39.98353231984933,20.0,1.7655436097603975e-05,5.795171302797053e-05,2.619569499996336e-05,0.0001018028441255,0.0,Italy,ITA,lombardy,,,Windows-11-10.0.26200-SP0,3.13.13,3.2.6,32,13th Gen Intel(R) Core(TM) i9-13900HX,1,1 x NVIDIA GeForce RTX 4070 Laptop GPU,9.1922,45.4722,31.70067596435547,machine,0.0,32.666666666666664,39.3,12.45089848836263,N,1.0,0.0
2026-05-05T12:20:01,Q178_qwen2.5:14b_MMLU,4d21732f-b666-4dba-be5b-c0dae7a6c7b5,5b0fa12a-3dd7-45bb-9766-cc326314d9f1,28.38363690000552,0.0002232683805611,7.866094868242211e-06,13.445769581784615,53.62085408056394,20.0,0.0001022485136356,0.0004207625588319,0.0001520909194444,0.000675101991912,0.0,Italy,ITA,lombardy,,,Windows-11-10.0.26200-SP0,3.13.13,3.2.6,32,13th Gen Intel(R) Core(TM) i9-13900HX,1,1 x NVIDIA GeForce RTX 4070 Laptop GPU,9.1922,45.4722,31.70067596435547,machine,0.0,37.88461538461539,39.3,12.449144950279823,N,1.0,0.0
2026-05-05T12:21:04,Q179_qwen2.5:14b_HellaSwag,3f1c004a-5612-449d-b65d-4a216be2a56f,5b0fa12a-3dd7-45bb-9766-cc326314d9f1,7.265661000012187,5.227801344683403e-05,7.195217812494464e-06,13.4015202368,47.23958461934359,20.0,2.5177001636305782e-05,9.532479848201048e-05,3.757249111117239e-05,0.0001580742912294,0.0,Italy,ITA,lombardy,,,Windows-11-10.0.26200-SP0,3.13.13,3.2.6,32,13th Gen Intel(R) Core(TM) i9-13900HX,1,1 x NVIDIA GeForce RTX 4070 Laptop GPU,9.1922,45.4722,31.70067596435547,machine,0.0,40.0,39.3,12.451121520996091,N,1.0,0.0
2026-05-05T12:21:52,Q180_qwen2.5:14b_HumanEval,b14e20b6-c5c0-4c01-b301-769efd682579,5b0fa12a-3dd7-45bb-9766-cc326314d9f1,23.41562640000484,0.0001814322415801,7.748340295528107e-06,13.30684026944,53.4972153089178,20.0,8.311458576075906e-05,0.000341008883918,0.0001244775788888,0.0005486010485676,0.0,Italy,ITA,lombardy,,,Windows-11-10.0.26200-SP0,3.13.13,3.2.6,32,13th Gen Intel(R) Core(TM) i9-13900HX,1,1 x NVIDIA GeForce RTX 4070 Laptop GPU,9.1922,45.4722,31.70067596435547,machine,0.0,44.04761904761905,39.3,12.455194019135975,N,1.0,0.0
2026-05-05T12:22:42,Q181_qwen2.5:14b_SQuAD,7cac357c-b30c-42b5-94da-a7e4a189439c,5b0fa12a-3dd7-45bb-9766-cc326314d9f1,4.607537300005788,2.9844633347497468e-05,6.4773503510128885e-06,13.003650531200003,41.11580138662519,20.0,1.4828968982972512e-05,5.260643097398932e-05,2.280653833335641e-05,9.024193829031824e-05,0.0,Italy,ITA,lombardy,,,Windows-11-10.0.26200-SP0,3.13.13,3.2.6,32,13th Gen Intel(R) Core(TM) i9-13900HX,1,1 x NVIDIA GeForce RTX 4070 Laptop GPU,9.1922,45.4722,31.70067596435547,machine,33.333333333333336,41.66666666666666,39.3,12.451573689778646,N,1.0,0.0
2026-05-05T12:23:16,Q182_qwen2.5:14b_GSM8K,745fd224-f2ea-45ac-870a-8b66aaec28f1,5b0fa12a-3dd7-45bb-9766-cc326314d9f1,19.18280809999851,0.0001514279035892,7.893938301412647e-06,13.51660489568,54.4575790034322,20.0,6.87595147648168e-05,0.0002881310638379,0.0001009856288888,0.0004578762074916,0.0,Italy,ITA,lombardy,,,Windows-11-10.0.26200-SP0,3.13.13,3.2.6,32,13th Gen Intel(R) Core(TM) i9-13900HX,1,1 x NVIDIA GeForce RTX 4070 Laptop GPU,9.1922,45.4722,31.70067596435547,machine,0.0,37.588235294117645,39.3,12.454589394962088,N,1.0,0.0
2026-05-05T12:24:07,Q183_qwen2.5:14b_SQuAD,e58453c3-54ca-4cf4-b2ee-6469458067a1,5b0fa12a-3dd7-45bb-9766-cc326314d9f1,5.2602224000002025,3.586037151347736e-05,6.817272880605956e-06,13.154673008,44.26209203086918,20.0,1.7377122069370396e-05,6.463588504201923e-05,2.6418863888910792e-05,0.0001084318710003,0.0,Italy,ITA,lombardy,,,Windows-11-10.0.26200-SP0,3.13.13,3.2.6,32,13th Gen Intel(R) Core(TM) i9-13900HX,1,1 x NVIDIA GeForce RTX 4070 Laptop GPU,9.1922,45.4722,31.70067596435547,machine,0.0,41.333333333333336,39.3,12.450792948404947,N,1.0,0.0
2026-05-05T12:24:54,Q184_qwen2.5:14b_HumanEval,e85d90ef-a82e-4dac-8b58-3df4f0d057c7,5b0fa12a-3dd7-45bb-9766-cc326314d9f1,32.28143790000468,0.0002577334566063,7.983952183439254e-06,13.13286908688,50.226539621478274,20.0,0.0001128654540344,0.000495499840844,0.0001709495794443,0.0007793148743228,0.0,Italy,ITA,lombardy,,,Windows-11-10.0.26200-SP0,3.13.13,3.2.6,32,13th Gen Intel(R) Core(TM) i9-13900HX,1,1 x NVIDIA GeForce RTX 4070 Laptop GPU,9.1922,45.4722,31.70067596435547,machine,0.0,40.13333333333333,39.3,12.454862467447915,N,1.0,0.0
2026-05-05T12:26:13,Q185_qwen2.5:14b_HumanEval,17fa064a-3c78-44d0-9075-8f4bf95b1666,5b0fa12a-3dd7-45bb-9766-cc326314d9f1,23.23703539998678,0.0001836901602512,7.905060051306841e-06,13.499645866400002,54.90385217096101,20.0,8.359253754096029e-05,0.000348327778662,0.0001235080555555,0.0005554283717585,0.0,Italy,ITA,lombardy,,,Windows-11-10.0.26200-SP0,3.13.13,3.2.6,32,13th Gen Intel(R) Core(TM) i9-13900HX,1,1 x NVIDIA GeForce RTX 4070 Laptop GPU,9.1922,45.4722,31.70067596435547,machine,4.166666666666667,40.66666666666666,39.37142857142857,12.478468577067057,N,1.0,0.0
2026-05-05T12:27:16,Q186_qwen2.5:14b_MMLU,1fd36b4f-f07d-4e9b-aa31-c95c68fd3121,5b0fa12a-3dd7-45bb-9766-cc326314d9f1,7.455803099990589,5.493974073221081e-05,7.36872205386971e-06,13.2415183616,49.2206554956957,20.0,2.5574082626415658e-05,0.0001019223037599,3.862623388890319e-05,0.0001661226202753,0.0,Italy,ITA,lombardy,,,Windows-11-10.0.26200-SP0,3.13.13,3.2.6,32,13th Gen Intel(R) Core(TM) i9-13900HX,1,1 x NVIDIA GeForce RTX 4070 Laptop GPU,9.1922,45.4722,31.70067596435547,machine,0.0,46.8,39.4,12.497914123535155,N,1.0,0.0
2026-05-05T12:27:54,Q187_qwen2.5:14b_MMLU,9847b5ff-5dc5-4572-bf7e-377094d84b73,5b0fa12a-3dd7-45bb-9766-cc326314d9f1,13.146765199999209,9.87485809299704e-05,7.5112454986247375e-06,13.209293225600003,49.84554542458692,20.0,4.638456121844261e-05,0.000181974590024,7.022931666668026e-05,0.0002985884679091,0.0,Italy,ITA,lombardy,,,Windows-11-10.0.26200-SP0,3.13.13,3.2.6,32,13th Gen Intel(R) Core(TM) i9-13900HX,1,1 x NVIDIA GeForce RTX 4070 Laptop GPU,9.1922,45.4722,31.70067596435547,machine,0.0,47.27272727272727,39.4,12.49629696932706,N,1.0,0.0
2026-05-05T12:28:47,Q188_qwen2.5:14b_HumanEval,d1bdf8a2-6fa4-4a8f-b4ed-beb886385384,5b0fa12a-3dd7-45bb-9766-cc326314d9f1,17.28032939998957,0.000128701271709,7.447848286335093e-06,13.202952540800002,47.06163480952633,20.0,5.995832437149735e-05,0.0002387821354699,9.041668222222748e-05,0.0003891571420636,0.0,Italy,ITA,lombardy,,,Windows-11-10.0.26200-SP0,3.13.13,3.2.6,32,13th Gen Intel(R) Core(TM) i9-13900HX,1,1 x NVIDIA GeForce RTX 4070 Laptop GPU,9.1922,45.4722,31.70067596435547,machine,5.926666666666667,41.73333333333333,39.43333333333333,12.505334981282552,N,1.0,0.0
2026-05-05T12:30:04,Q189_qwen2.5:14b_MMLU,666c363e-fd61-4b2e-bb2d-02103250de3e,5b0fa12a-3dd7-45bb-9766-cc326314d9f1,31.53141670000332,0.0002793824853044,8.860448230492099e-06,8.997003967093335,36.65558978190239,20.0,0.0001143989813572,0.0004802437175279,0.0002501328661111,0.0008447755649963,0.0,Italy,ITA,lombardy,,,Windows-11-10.0.26200-SP0,3.13.13,3.2.6,32,13th Gen Intel(R) Core(TM) i9-13900HX,1,1 x NVIDIA GeForce RTX 4070 Laptop GPU,9.1922,45.4722,31.70067596435547,machine,3.641379310344828,41.241379310344826,39.43793103448276,12.50640053584658,N,1.0,0.0
2026-05-05T12:31:27,Q190_qwen2.5:14b_GSM8K,3bc16398-236f-4feb-81e9-1d3bc15e7b8c,5b0fa12a-3dd7-45bb-9766-cc326314d9f1,28.077477300001192,0.0002212799010535,7.88104638779434e-06,13.208729015433848,54.18696487528321,20.0,9.932934959965776e-05,0.0004193639466019,0.0001503960822221,0.0006690893784237,0.0,Italy,ITA,lombardy,,,Windows-11-10.0.26200-SP0,3.13.13,3.2.6,32,13th Gen Intel(R) Core(TM) i9-13900HX,1,1 x NVIDIA GeForce RTX 4070 Laptop GPU,9.1922,45.4722,31.70067596435547,machine,3.496153846153846,39.23076923076923,39.34230769230769,12.475710502037636,N,1.0,0.0
2026-05-05T12:32:34,Q191_qwen2.5:14b_HellaSwag,8d4f26bf-8f8f-4253-9725-044569aaf7ca,5b0fa12a-3dd7-45bb-9766-cc326314d9f1,11.681721000000834,8.665236550967406e-05,7.41777393156949e-06,13.540585339345457,48.652569325029184,20.0,4.204835861408038e-05,0.0001578581818419,6.210630888890591e-05,0.0002620128493449,0.0,Italy,ITA,lombardy,,,Windows-11-10.0.26200-SP0,3.13.13,3.2.6,32,13th Gen Intel(R) Core(TM) i9-13900HX,1,1 x NVIDIA GeForce RTX 4070 Laptop GPU,9.1922,45.4722,31.70067596435547,machine,0.0,42.3,39.3,12.461977767944337,N,1.0,0.0
2026-05-05T12:33:12,Q192_qwen2.5:14b_SQuAD,3a26b79a-7fdc-43ed-a1bf-17fe8b82c89e,5b0fa12a-3dd7-45bb-9766-cc326314d9f1,3.258480500007863,1.7021676100488283e-05,5.223807876231638e-06,12.998333734400005,28.961498086384275,20.0,9.952082513288229e-06,2.6204743185986867e-05,1.5312027222211734e-05,5.146885292148683e-05,0.0,Italy,ITA,lombardy,,,Windows-11-10.0.26200-SP0,3.13.13,3.2.6,32,13th Gen Intel(R) Core(TM) i9-13900HX,1,1 x NVIDIA GeForce RTX 4070 Laptop GPU,9.1922,45.4722,31.70067596435547,machine,0.0,97.0,39.3,12.457576751708984,N,1.0,0.0
2026-05-05T12:33:34,Q193_qwen2.5:14b_HellaSwag,90df2b63-04ab-43a9-9ec8-6f6c58662540,5b0fa12a-3dd7-45bb-9766-cc326314d9f1,6.824587799987057,4.35187353940957e-05,6.376756614396291e-06,13.1165429312,38.74363929101949,20.0,2.3033354765718506e-05,7.343505874801703e-05,3.512023722222593e-05,0.0001315886507359,0.0,Italy,ITA,lombardy,,,Windows-11-10.0.26200-SP0,3.13.13,3.2.6,32,13th Gen Intel(R) Core(TM) i9-13900HX,1,1 x NVIDIA GeForce RTX 4070 Laptop GPU,9.1922,45.4722,31.70067596435547,machine,0.0,30.4,39.3,12.463282775878906,N,1.0,0.0
2026-05-05T12:34:18,Q194_qwen2.5:14b_HumanEval,78ec7e9f-9dd0-4f96-b1cc-fc0d990a07bc,5b0fa12a-3dd7-45bb-9766-cc326314d9f1,28.39920990000246,0.0002301115107459,8.10274340575584e-06,13.494033759015387,56.2093715117724,20.0,0.0001026853676545,0.000440929241632,0.0001521791205555,0.0006957937298421,0.0,Italy,ITA,lombardy,,,Windows-11-10.0.26200-SP0,3.13.13,3.2.6,32,13th Gen Intel(R) Core(TM) i9-13900HX,1,1 x NVIDIA GeForce RTX 4070 Laptop GPU,9.1922,45.4722,31.70067596435547,machine,0.0,42.84615384615385,39.3,12.460154900184044,N,1.0,0.0
2026-05-05T12:35:37,Q195_qwen2.5:14b_GSM8K,7c02465e-873e-42f6-9f19-e71f9e5f86ce,5b0fa12a-3dd7-45bb-9766-cc326314d9f1,24.25116899999557,0.0001974602801576,8.142299456067918e-06,13.500902890240004,56.3704512288946,20.0,8.731698235521444e-05,0.000380601137814,0.0001291472955555,0.0005970654157248,0.0,Italy,ITA,lombardy,,,Windows-11-10.0.26200-SP0,3.13.13,3.2.6,32,13th Gen Intel(R) Core(TM) i9-13900HX,1,1 x NVIDIA GeForce RTX 4070 Laptop GPU,9.1922,45.4722,31.70067596435547,machine,0.0,44.13636363636363,39.3,12.456989808516068,N,1.0,0.0
2026-05-05T12:36:36,Q196_qwen2.5:14b_SQuAD,4f43cf4c-36fd-49ad-8df7-e1e9b6970c8c,5b0fa12a-3dd7-45bb-9766-cc326314d9f1,3.2452306999912253,2.011041282211491e-05,6.196913156950378e-06,12.998709056000004,39.5718971576451,20.0,9.905421066000762e-06,3.5663084086035024e-05,1.5239835555500272e-05,6.080834070753606e-05,0.0,Italy,ITA,lombardy,,,Windows-11-10.0.26200-SP0,3.13.13,3.2.6,32,13th Gen Intel(R) Core(TM) i9-13900HX,1,1 x NVIDIA GeForce RTX 4070 Laptop GPU,9.1922,45.4722,31.70067596435547,machine,0.0,99.0,39.3,12.462974548339844,N,1.0,0.0
2026-05-05T12:36:58,Q197_qwen2.5:14b_MMLU,fe9431fd-13ae-4fb7-99bc-6303045ed063,5b0fa12a-3dd7-45bb-9766-cc326314d9f1,7.071940699999686,4.787683533723852e-05,6.769971266478613e-06,13.1742569408,42.88351088836372,20.0,2.40413509096494e-05,8.422840071603543e-05,3.649659111114387e-05,0.0001447663427368,0.0,Italy,ITA,lombardy,,,Windows-11-10.0.26200-SP0,3.13.13,3.2.6,32,13th Gen Intel(R) Core(TM) i9-13900HX,1,1 x NVIDIA GeForce RTX 4070 Laptop GPU,9.1922,45.4722,31.70067596435547,machine,0.0,34.0,39.3,12.46387939453125,N,1.0,0.0
2026-05-05T12:37:27,Q198_qwen2.5:14b_MMLU,142fc5fb-0d2a-4912-aa2d-6ef34d7c2ee7,5b0fa12a-3dd7-45bb-9766-cc326314d9f1,14.30755230000068,0.0001088173471321,7.605587933594276e-06,13.130907072984618,50.82651387322745,20.0,5.0353638297607936e-05,0.0002019859949219,7.669400611104923e-05,0.0003290336393306,0.0,Italy,ITA,lombardy,,,Windows-11-10.0.26200-SP0,3.13.13,3.2.6,32,13th Gen Intel(R) Core(TM) i9-13900HX,1,1 x NVIDIA GeForce RTX 4070 Laptop GPU,9.1922,45.4722,31.70067596435547,machine,0.0,40.333333333333336,39.3,12.462745348612469,N,1.0,0.0
2026-05-05T12:38:38,Q199_qwen2.5:14b_GSM8K,65e33f75-a683-4e8b-be12-cf96f1600a7f,5b0fa12a-3dd7-45bb-9766-cc326314d9f1,26.008322800000315,0.0002043607116486,7.857512121028147e-06,13.647201764654548,53.991843750392746,20.0,9.518462547712668e-05,0.000383845307076,0.0001389004844444,0.0006179304169976,0.0,Italy,ITA,lombardy,,,Windows-11-10.0.26200-SP0,3.13.13,3.2.6,32,13th Gen Intel(R) Core(TM) i9-13900HX,1,1 x NVIDIA GeForce RTX 4070 Laptop GPU,9.1922,45.4722,31.70067596435547,machine,4.166666666666667,41.16666666666666,39.30833333333333,12.469840367635092,N,1.0,0.0
2026-05-05T12:40:00,Q200_qwen2.5:14b_HumanEval,4e6a7355-bdd4-487e-9de2-c60d28ad335b,5b0fa12a-3dd7-45bb-9766-cc326314d9f1,26.73143159999745,0.0002106753770082,7.88118572027067e-06,13.218922633280002,54.606105439051184,20.0,9.451695952118744e-05,0.0003995867085579,0.0001429205549999,0.0006370242230791,0.0,Italy,ITA,lombardy,,,Windows-11-10.0.26200-SP0,3.13.13,3.2.6,32,13th Gen Intel(R) Core(TM) i9-13900HX,1,1 x NVIDIA GeForce RTX 4070 Laptop GPU,9.1922,45.4722,31.70067596435547,machine,0.0,37.72,39.3,12.461815032958985,N,1.0,0.0
2026-05-05T12:41:01,Q201_qwen2.5:14b_SQuAD,32e0b0cd-4d25-4b03-851b-513d96a0fc35,5b0fa12a-3dd7-45bb-9766-cc326314d9f1,5.221981199996662,3.445877340642438e-05,6.598793079999293e-06,13.1162836448,41.92817754698212,20.0,1.719083967067628e-05,6.079088196597749e-05,2.6212103333333896e-05,0.0001041938249699,0.0,Italy,ITA,lombardy,,,Windows-11-10.0.26200-SP0,3.13.13,3.2.6,32,13th Gen Intel(R) Core(TM) i9-13900HX,1,1 x NVIDIA GeForce RTX 4070 Laptop GPU,9.1922,45.4722,31.70067596435547,machine,0.0,42.66666666666666,39.3,12.464308420817057,N,1.0,0.0
2026-05-05T12:41:23,Q202_qwen2.5:14b_SQuAD,d6a5fd37-0bde-415e-98c2-5e82296e942c,5b0fa12a-3dd7-45bb-9766-cc326314d9f1,7.318327600005432,5.449591624224077e-05,7.446498601975719e-06,13.1168610944,50.24332341752123,20.0,2.482748355056056e-05,0.0001020981372339,3.785499666668734e-05,0.0001647806174512,0.0,Italy,ITA,lombardy,,,Windows-11-10.0.26200-SP0,3.13.13,3.2.6,32,13th Gen Intel(R) Core(TM) i9-13900HX,1,1 x NVIDIA GeForce RTX 4070 Laptop GPU,9.1922,45.4722,31.70067596435547,machine,0.0,36.6,39.3,12.466477966308592,N,1.0,0.0
2026-05-05T12:41:59,Q203_qwen2.5:14b_HellaSwag,f13735b0-e7d4-4d75-b33b-2715676e84fd,5b0fa12a-3dd7-45bb-9766-cc326314d9f1,10.951985899999272,8.387020940314873e-05,7.657990995327552e-06,13.14822879488,51.740589674207264,20.0,3.816472530333488e-05,0.0001573834592399,5.805219222222351e-05,0.0002536003767655,0.0,Italy,ITA,lombardy,,,Windows-11-10.0.26200-SP0,3.13.13,3.2.6,32,13th Gen Intel(R) Core(TM) i9-13900HX,1,1 x NVIDIA GeForce RTX 4070 Laptop GPU,9.1922,45.4722,31.70067596435547,machine,0.0,39.333333333333336,39.3,12.465777079264322,N,1.0,0.0
2026-05-05T12:43:12,Q204_qwen2.5:14b_HumanEval,4aaa5583-fb5b-40cd-ac65-a5ca48847324,5b0fa12a-3dd7-45bb-9766-cc326314d9f1,37.54038510000101,0.0003033957190588,8.081848874235438e-06,13.548956402285716,56.13835600001772,20.0,0.0001355044286444,0.000581711854258,0.0002001686766666,0.0009173849595692,0.0,Italy,ITA,lombardy,,,Windows-11-10.0.26200-SP0,3.13.13,3.2.6,32,13th Gen Intel(R) Core(TM) i9-13900HX,1,1 x NVIDIA GeForce RTX 4070 Laptop GPU,9.1922,45.4722,31.70067596435547,machine,0.0,42.02857142857143,39.34857142857143,12.473144204275949,N,1.0,0.0
2026-05-05T12:44:21,Q205_qwen2.5:14b_SQuAD,56780fda-95c6-4c91-8e91-b2fcae5f2de5,5b0fa12a-3dd7-45bb-9766-cc326314d9f1,3.807713200003491,2.133532920275969e-05,5.603187026465157e-06,13.0306395776,32.34980769530815,20.0,1.1960593136394434e-05,3.4194749578053685e-05,1.835680722223414e-05,6.451214993668226e-05,0.0,Italy,ITA,lombardy,,,Windows-11-10.0.26200-SP0,3.13.13,3.2.6,32,13th Gen Intel(R) Core(TM) i9-13900HX,1,1 x NVIDIA GeForce RTX 4070 Laptop GPU,9.1922,45.4722,31.70067596435547,machine,0.0,68.0,39.4,12.496746063232422,N,1.0,0.0
2026-05-05T12:45:12,Q206_qwen2.5:14b_HumanEval,43854869-857e-4358-aebf-5d674043c006,5b0fa12a-3dd7-45bb-9766-cc326314d9f1,36.23484460001055,0.0002893961741415,7.986681806867272e-06,13.44475674736,56.02595712673499,20.0,0.000129479718297,0.000552675719918,0.0001928987594444,0.0008750541976595,0.0,Italy,ITA,lombardy,,,Windows-11-10.0.26200-SP0,3.13.13,3.2.6,32,13th Gen Intel(R) Core(TM) i9-13900HX,1,1 x NVIDIA GeForce RTX 4070 Laptop GPU,9.1922,45.4722,31.70067596435547,machine,2.9411764705882355,40.0,39.4,12.491560543284695,N,1.0,0.0
2026-05-05T12:46:33,Q207_qwen2.5:14b_GSM8K,fc2300d9-9971-46a9-8c78-b09065fab638,5b0fa12a-3dd7-45bb-9766-cc326314d9f1,14.92462279999745,0.0001152510050502,7.722205552175461e-06,13.1642772032,52.0157246298792,20.0,5.273780802606478e-05,0.0002156276725019,8.012176555550671e-05,0.0003484872460835,0.0,Italy,ITA,lombardy,,,Windows-11-10.0.26200-SP0,3.13.13,3.2.6,32,13th Gen Intel(R) Core(TM) i9-13900HX,1,1 x NVIDIA GeForce RTX 4070 Laptop GPU,9.1922,45.4722,31.70067596435547,machine,0.0,43.07692307692308,39.39999999999999,12.483941885141226,N,1.0,0.0
2026-05-05T12:47:14,Q208_qwen2.5:14b_MMLU,f2263425-457a-46e0-823b-bc7ec1538876,5b0fa12a-3dd7-45bb-9766-cc326314d9f1,5.977702200005297,4.208761725301118e-05,7.040768483410546e-06,13.63049801984,45.85177166153596,20.0,2.072800170340924e-05,7.61200608960233e-05,3.041328166671317e-05,0.0001272613442661,0.0,Italy,ITA,lombardy,,,Windows-11-10.0.26200-SP0,3.13.13,3.2.6,32,13th Gen Intel(R) Core(TM) i9-13900HX,1,1 x NVIDIA GeForce RTX 4070 Laptop GPU,9.1922,45.4722,31.70067596435547,machine,0.0,50.5,39.5,12.51440715789795,N,1.0,0.0
2026-05-05T12:47:50,Q209_qwen2.5:14b_SQuAD,731233d8-b593-4b9b-9a3d-dc7b4bc66639,5b0fa12a-3dd7-45bb-9766-cc326314d9f1,10.93186080000305,7.943527316944683e-05,7.266399986489461e-06,13.354131042560002,47.28366187074961,20.0,3.868690538901937e-05,0.0001435642815179,5.7939166111140775e-05,0.0002401903530181,0.0,Italy,ITA,lombardy,,,Windows-11-10.0.26200-SP0,3.13.13,3.2.6,32,13th Gen Intel(R) Core(TM) i9-13900HX,1,1 x NVIDIA GeForce RTX 4070 Laptop GPU,9.1922,45.4722,31.70067596435547,machine,11.11111111111111,45.333333333333336,39.4,12.491434309217665,N,1.0,0.0
2026-05-05T12:48:39,Q210_qwen2.5:14b_GSM8K,101313b1-d940-4992-94cb-7e35f5a02d30,5b0fa12a-3dd7-45bb-9766-cc326314d9f1,14.375911399998586,0.0001112553884235,7.73901461465032e-06,13.19591568246154,52.23012426700459,20.0,5.0842724610230974e-05,0.000208505444582,7.705743444441598e-05,0.0003364056036366,0.0,Italy,ITA,lombardy,,,Windows-11-10.0.26200-SP0,3.13.13,3.2.6,32,13th Gen Intel(R) Core(TM) i9-13900HX,1,1 x NVIDIA GeForce RTX 4070 Laptop GPU,9.1922,45.4722,31.70067596435547,machine,0.0,34.5,39.4,12.485525131225586,N,1.0,0.0
2026-05-05T12:49:23,Q211_qwen2.5:14b_HellaSwag,381ca949-2a0c-4667-a573-a56e6c0bff6d,5b0fa12a-3dd7-45bb-9766-cc326314d9f1,8.098658000002615,5.732428886574753e-05,7.078245416182412e-06,13.102441422628576,46.01401862804497,20.0,2.764131878457796e-05,0.0001034998050219,4.21917122222011e-05,0.0001733328360287,0.0,Italy,ITA,lombardy,,,Windows-11-10.0.26200-SP0,3.13.13,3.2.6,32,13th Gen Intel(R) Core(TM) i9-13900HX,1,1 x NVIDIA GeForce RTX 4070 Laptop GPU,9.1922,45.4722,31.70067596435547,machine,0.0,36.66666666666666,39.4,12.485300064086914,N,1.0,0.0
2026-05-05T12:49:54,Q212_qwen2.5:14b_HellaSwag,dbb243fc-8058-4805-9d06-3aca32be53ab,5b0fa12a-3dd7-45bb-9766-cc326314d9f1,6.317409900002531,4.441729866357134e-05,7.030935045635324e-06,13.13548424192,46.04510086441634,20.0,2.1216498000587133e-05,8.078589796201019e-05,3.2303262222234885e-05,0.0001343056581848,0.0,Italy,ITA,lombardy,,,Windows-11-10.0.26200-SP0,3.13.13,3.2.6,32,13th Gen Intel(R) Core(TM) i9-13900HX,1,1 x NVIDIA GeForce RTX 4070 Laptop GPU,9.1922,45.4722,31.70067596435547,machine,0.0,57.25,39.4,12.48022747039795,N,1.0,0.0
2026-05-05T12:50:42,Q213_qwen2.5:14b_HumanEval,f7bcd142-bfc4-4bb4-9242-4b63289f1214,5b0fa12a-3dd7-45bb-9766-cc326314d9f1,22.41340189999028,0.0001780636079804,7.944515017176142e-06,13.232955889554288,54.83598152029575,20.0,7.880805117517042e-05,0.0003406858281039,0.0001189213505555,0.0005384152298347,0.0,Italy,ITA,lombardy,,,Windows-11-10.0.26200-SP0,3.13.13,3.2.6,32,13th Gen Intel(R) Core(TM) i9-13900HX,1,1 x NVIDIA GeForce RTX 4070 Laptop GPU,9.1922,45.4722,31.70067596435547,machine,0.0,40.6,39.4,12.491305160522462,N,1.0,0.0
2026-05-05T12:51:43,Q214_qwen2.5:14b_SQuAD,4d265bf1-0057-4dd9-ac2b-71ceeac1c0cc,5b0fa12a-3dd7-45bb-9766-cc326314d9f1,5.702348499995424,4.138775983501706e-05,7.258020065776456e-06,13.24385175296,48.701055765388446,20.0,1.913050068530992e-05,7.712589503400258e-05,2.8888772777766764e-05,0.000125145168497,0.0,Italy,ITA,lombardy,,,Windows-11-10.0.26200-SP0,3.13.13,3.2.6,32,13th Gen Intel(R) Core(TM) i9-13900HX,1,1 x NVIDIA GeForce RTX 4070 Laptop GPU,9.1922,45.4722,31.70067596435547,machine,0.0,39.25,39.6,12.546208381652832,N,1.0,0.0
2026-05-05T12:52:35,Q215_qwen2.5:14b_HumanEval,2a2b2429-4e75-444a-8f5c-5d9ace042355,5b0fa12a-3dd7-45bb-9766-cc326314d9f1,37.04511469999852,0.0003002034780398,8.103726509446814e-06,13.517865260937144,56.40274622901571,20.0,0.0001336194025106,0.00057673240583,0.000197380695,0.0009077325033408,0.0,Italy,ITA,lombardy,,,Windows-11-10.0.26200-SP0,3.13.13,3.2.6,32,13th Gen Intel(R) Core(TM) i9-13900HX,1,1 x NVIDIA GeForce RTX 4070 Laptop GPU,9.1922,45.4722,31.70067596435547,machine,2.705714285714286,39.6,39.5,12.52593765258789,N,1.0,0.0
2026-05-05T12:53:57,Q216_qwen2.5:14b_HellaSwag,47b4836d-2e13-40e7-a995-e6f471ac608c,5b0fa12a-3dd7-45bb-9766-cc326314d9f1,15.36525060000713,0.0001156399476439,7.526069743629573e-06,13.49851951177143,49.52582753278939,20.0,5.572809598876885e-05,0.0002113668357599,8.256836944444029e-05,0.0003496633011931,0.0,Italy,ITA,lombardy,,,Windows-11-10.0.26200-SP0,3.13.13,3.2.6,32,13th Gen Intel(R) Core(TM) i9-13900HX,1,1 x NVIDIA GeForce RTX 4070 Laptop GPU,9.1922,45.4722,31.70067596435547,machine,7.6923076923076925,39.84615384615385,39.49230769230769,12.5108762887808,N,1.0,0.0
2026-05-05T12:54:49,Q217_qwen2.5:14b_SQuAD,a44b9b58-35cc-4bd6-a313-66b3dbdaea01,5b0fa12a-3dd7-45bb-9766-cc326314d9f1,7.149155299994163,5.0893232747522734e-05,7.118775661169968e-06,13.4552406848,46.38712337590142,20.0,2.484588382344685e-05,9.211090702193614e-05,3.693030555554692e-05,0.0001538870964009,0.0,Italy,ITA,lombardy,,,Windows-11-10.0.26200-SP0,3.13.13,3.2.6,32,13th Gen Intel(R) Core(TM) i9-13900HX,1,1 x NVIDIA GeForce RTX 4070 Laptop GPU,9.1922,45.4722,31.70067596435547,machine,0.0,59.8,39.48,12.509368896484377,N,1.0,0.0
2026-05-05T12:55:37,Q218_qwen2.5:14b_HumanEval,4d48e959-0399-44c8-99f7-d3b6aaea98fa,5b0fa12a-3dd7-45bb-9766-cc326314d9f1,22.53765420000127,0.0001796427599893,7.97078340075696e-06,13.481266792777143,55.76952858726011,20.0,8.096773191646571e-05,0.0003425988851899,0.0001196235327776,0.0005431901498841,0.0,Italy,ITA,lombardy,,,Windows-11-10.0.26200-SP0,3.13.13,3.2.6,32,13th Gen Intel(R) Core(TM) i9-13900HX,1,1 x NVIDIA GeForce RTX 4070 Laptop GPU,9.1922,45.4722,31.70067596435547,machine,0.0,39.25,39.510000000000005,12.532594108581543,N,1.0,0.0
2026-05-05T12:56:45,Q219_qwen2.5:14b_HumanEval,5991f142-207d-4679-8d18-2cfcaf639043,5b0fa12a-3dd7-45bb-9766-cc326314d9f1,23.144322700012708,0.0001808238315726,7.812880675592562e-06,13.4468139656,54.262344878651305,20.0,8.2741187263764e-05,0.000341041106166,0.0001229790911111,0.0005467613845409,0.0,Italy,ITA,lombardy,,,Windows-11-10.0.26200-SP0,3.13.13,3.2.6,32,13th Gen Intel(R) Core(TM) i9-13900HX,1,1 x NVIDIA GeForce RTX 4070 Laptop GPU,9.1922,45.4722,31.70067596435547,machine,0.0,42.95238095238095,39.4,12.494613829113188,N,1.0,0.0
2026-05-05T12:57:51,Q220_qwen2.5:14b_MMLU,af2b7e8d-b9fe-4571-98e3-8879177af8fe,5b0fa12a-3dd7-45bb-9766-cc326314d9f1,10.293391600003815,7.888258564803676e-05,7.663420251883502e-06,13.215132492800004,51.83240498701803,20.0,3.594074542488946e-05,0.0001481859518819,5.439248111110323e-05,0.0002385191784179,0.0,Italy,ITA,lombardy,,,Windows-11-10.0.26200-SP0,3.13.13,3.2.6,32,13th Gen Intel(R) Core(TM) i9-13900HX,1,1 x NVIDIA GeForce RTX 4070 Laptop GPU,9.1922,45.4722,31.70067596435547,machine,0.0,37.125,39.4,12.495858669281006,N,1.0,0.0
2026-05-05T12:58:29,Q221_qwen2.5:14b_SQuAD,3d50805f-c3ea-4fb2-92f7-02801df6565a,5b0fa12a-3dd7-45bb-9766-cc326314d9f1,3.606473499996355,2.210333798606548e-05,6.128795341512371e-06,12.910653171200002,38.40340152570495,20.0,1.113122697683451e-05,3.846058632400728e-05,1.7242583333346476e-05,6.683439663418827e-05,0.0,Italy,ITA,lombardy,,,Windows-11-10.0.26200-SP0,3.13.13,3.2.6,32,13th Gen Intel(R) Core(TM) i9-13900HX,1,1 x NVIDIA GeForce RTX 4070 Laptop GPU,9.1922,45.4722,31.70067596435547,machine,0.0,64.5,39.4,12.492034912109377,N,1.0,0.0
2026-05-05T12:59:04,Q222_qwen2.5:14b_HumanEval,6f6975cd-48bb-4bb1-b820-dbdf1b30d282,5b0fa12a-3dd7-45bb-9766-cc326314d9f1,19.162017299997387,0.0001467282940081,7.657246714214935e-06,13.230284440640002,53.06884072597559,20.0,6.733158417245673e-05,0.00027547799816,0.0001008563022221,0.0004436658845546,0.0,Italy,ITA,lombardy,,,Windows-11-10.0.26200-SP0,3.13.13,3.2.6,32,13th Gen Intel(R) Core(TM) i9-13900HX,1,1 x NVIDIA GeForce RTX 4070 Laptop GPU,9.1922,45.4722,31.70067596435547,machine,7.841176470588236,38.52941176470589,39.4,12.495372772216797,N,1.0,0.0
2026-05-05T12:59:57,Q223_qwen2.5:14b_MMLU,a4b70de9-8e5f-4aa5-92c4-da5029cf0daa,5b0fa12a-3dd7-45bb-9766-cc326314d9f1,8.093053800010239,5.96113581417193e-05,7.365743465296608e-06,13.368195710171433,48.88195179186995,20.0,2.8191304146945417e-05,0.0001098811990159,4.217579944452154e-05,0.0001802483026074,0.0,Italy,ITA,lombardy,,,Windows-11-10.0.26200-SP0,3.13.13,3.2.6,32,13th Gen Intel(R) Core(TM) i9-13900HX,1,1 x NVIDIA GeForce RTX 4070 Laptop GPU,9.1922,45.4722,31.70067596435547,machine,0.0,40.833333333333336,39.46666666666667,12.50818888346354,N,1.0,0.0
2026-05-05T13:00:39,Q224_qwen2.5:14b_HellaSwag,44209a5d-46b8-49b5-9636-6846f4779106,5b0fa12a-3dd7-45bb-9766-cc326314d9f1,16.592245199994068,0.0001597269149815,9.626600442332906e-06,6.77601462784,26.63569068232656,20.0,6.027564586595544e-05,0.000244356862152,0.0001783376205554,0.0004829701285734,0.0,Italy,ITA,lombardy,,,Windows-11-10.0.26200-SP0,3.13.13,3.2.6,32,13th Gen Intel(R) Core(TM) i9-13900HX,1,1 x NVIDIA GeForce RTX 4070 Laptop GPU,9.1922,45.4722,31.70067596435547,machine,0.0,42.85714285714285,39.521428571428565,12.536075047084264,N,1.0,0.0
2026-05-05T13:01:45,Q225_qwen2.5:14b_GSM8K,9aeb301f-102b-4dc7-9638-cf9a2bce2b88,5b0fa12a-3dd7-45bb-9766-cc326314d9f1,21.15184229999432,0.0001648018269017,7.79136987522756e-06,13.393651001600002,54.27338410122929,20.0,7.476940846624592e-05,0.00031167802712,0.0001118678266665,0.0004983152622528,0.0,Italy,ITA,lombardy,,,Windows-11-10.0.26200-SP0,3.13.13,3.2.6,32,13th Gen Intel(R) Core(TM) i9-13900HX,1,1 x NVIDIA GeForce RTX 4070 Laptop GPU,9.1922,45.4722,31.70067596435547,machine,9.773684210526316,40.8421052631579,39.5,12.527659366005343,N,1.0,0.0
2026-05-05T13:03:06,Q226_qwen2.5:14b_HumanEval,a41aae0e-6a08-4a20-b6b3-d1b8dfe33c04,5b0fa12a-3dd7-45bb-9766-cc326314d9f1,35.211058700006106,0.0002822593637127,8.016213488992678e-06,13.2512270024,55.5430091380807,20.0,0.0001246048606099,0.000541623211076,0.00018724638,0.000853474451686,0.0,Italy,ITA,lombardy,,,Windows-11-10.0.26200-SP0,3.13.13,3.2.6,32,13th Gen Intel(R) Core(TM) i9-13900HX,1,1 x NVIDIA GeForce RTX 4070 Laptop GPU,9.1922,45.4722,31.70067596435547,machine,6.136363636363637,42.03030303030303,39.5,12.529856595126065,N,1.0,0.0
2026-05-05T13:04:16,Q227_qwen2.5:14b_MMLU,715f526a-ee5f-4b2f-ab9d-481ef54f5d3e,5b0fa12a-3dd7-45bb-9766-cc326314d9f1,5.140037100005429,3.4489609805482275e-05,6.7099923861339145e-06,13.400910128,42.91489560132978,20.0,1.7262950058819378e-05,6.126088234204019e-05,2.576323333333777e-05,0.0001042870657341,0.0,Italy,ITA,lombardy,,,Windows-11-10.0.26200-SP0,3.13.13,3.2.6,32,13th Gen Intel(R) Core(TM) i9-13900HX,1,1 x NVIDIA GeForce RTX 4070 Laptop GPU,9.1922,45.4722,31.70067596435547,machine,0.0,38.0,39.5,12.521141052246094,N,1.0,0.0
2026-05-05T13:04:38,Q228_qwen2.5:14b_HellaSwag,a3f16caa-9b42-4c71-9505-33e6e25ae9dd,5b0fa12a-3dd7-45bb-9766-cc326314d9f1,7.1800076000072295,4.8720794519675394e-05,6.785618795114693e-06,13.4557771904,42.7576696175286,20.0,2.4958533167780783e-05,8.526340154402234e-05,3.709630777779643e-05,0.0001473182424895,0.0,Italy,ITA,lombardy,,,Windows-11-10.0.26200-SP0,3.13.13,3.2.6,32,13th Gen Intel(R) Core(TM) i9-13900HX,1,1 x NVIDIA GeForce RTX 4070 Laptop GPU,9.1922,45.4722,31.70067596435547,machine,0.0,48.0,39.5,12.524715423583984,N,1.0,0.0
2026-05-05T13:05:20,Q229_qwen2.5:14b_GSM8K,af61573d-a6d4-43eb-b2d1-cb053b78b72c,5b0fa12a-3dd7-45bb-9766-cc326314d9f1,16.45278189999226,0.000128597638875,7.816163835193028e-06,13.649875758080002,52.46503107066829,20.0,6.047587426609411e-05,0.000239758802918,8.860910777778674e-05,0.0003888437849619,0.0,Italy,ITA,lombardy,,,Windows-11-10.0.26200-SP0,3.13.13,3.2.6,32,13th Gen Intel(R) Core(TM) i9-13900HX,1,1 x NVIDIA GeForce RTX 4070 Laptop GPU,9.1922,45.4722,31.70067596435547,machine,0.0,50.21428571428572,39.5,12.52806227547782,N,1.0,0.0
2026-05-05T13:06:35,Q230_qwen2.5:14b_HumanEval,bb583c6a-615f-4da2-bd36-7d8af4437bd6,5b0fa12a-3dd7-45bb-9766-cc326314d9f1,30.43380249998881,0.0002452797902557,8.05945265156427e-06,13.315181738240002,55.6480108843824,20.0,0.0001089074534386,0.0004692812087579,0.0001634697605555,0.000741658422752,0.0,Italy,ITA,lombardy,,,Windows-11-10.0.26200-SP0,3.13.13,3.2.6,32,13th Gen Intel(R) Core(TM) i9-13900HX,1,1 x NVIDIA GeForce RTX 4070 Laptop GPU,9.1922,45.4722,31.70067596435547,machine,10.267857142857142,36.71428571428572,39.5,12.52100249699184,N,1.0,0.0
2026-05-05T13:08:08,Q231_qwen2.5:14b_HumanEval,ba284b2c-b275-4436-81bd-bccab7ee3945,5b0fa12a-3dd7-45bb-9766-cc326314d9f1,37.01296340000408,0.0002952780720554,7.977693352038329e-06,13.212726778605717,55.67413887340821,20.0,0.0001305778390227,0.00056501572979,0.0001972458655555,0.0008928394343684,0.0,Italy,ITA,lombardy,,,Windows-11-10.0.26200-SP0,3.13.13,3.2.6,32,13th Gen Intel(R) Core(TM) i9-13900HX,1,1 x NVIDIA GeForce RTX 4070 Laptop GPU,9.1922,45.4722,31.70067596435547,machine,0.0,38.74285714285714,39.51714285714286,12.527304077148438,N,1.0,0.0
2026-05-05T13:09:50,Q232_qwen2.5:14b_HumanEval,7a0dfa91-faea-4553-bbb7-a2e1ea844b0b,5b0fa12a-3dd7-45bb-9766-cc326314d9f1,37.19322360001388,0.000296979835634,7.984783433344297e-06,13.27493916514286,55.587470792709496,20.0,0.0001312217714922,0.0005685279548219,0.0001982353716667,0.0008979850979809,0.0,Italy,ITA,lombardy,,,Windows-11-10.0.26200-SP0,3.13.13,3.2.6,32,13th Gen Intel(R) Core(TM) i9-13900HX,1,1 x NVIDIA GeForce RTX 4070 Laptop GPU,9.1922,45.4722,31.70067596435547,machine,2.857142857142857,39.42857142857143,39.5,12.528973388671876,N,1.0,0.0
2026-05-05T13:11:14,Q233_qwen2.5:14b_SQuAD,6722d621-b926-424e-a817-46155a5d0ed5,5b0fa12a-3dd7-45bb-9766-cc326314d9f1,18.67141629999969,0.0001466756261855,7.855624009922089e-06,13.406236327040002,55.885141293922416,20.0,6.665265750928641e-05,0.000278709667412,9.814430666673514e-05,0.000443506631588,0.0,Italy,ITA,lombardy,,,Windows-11-10.0.26200-SP0,3.13.13,3.2.6,32,13th Gen Intel(R) Core(TM) i9-13900HX,1,1 x NVIDIA GeForce RTX 4070 Laptop GPU,9.1922,45.4722,31.70067596435547,machine,0.0,40.41176470588236,39.66470588235295,12.57197391285616,N,1.0,0.0
2026-05-05T13:12:45,Q234_qwen2.5:14b_HumanEval,7c0d5029-a72f-4c10-95c0-a19b9185b123,5b0fa12a-3dd7-45bb-9766-cc326314d9f1,25.21012060000794,0.0001959306863995,7.771905954289695e-06,14.23114648064,52.355678043932144,20.0,9.667095986491266e-05,0.0003613347335119,0.0001344346527777,0.0005924403461546,0.0,Italy,ITA,lombardy,,,Windows-11-10.0.26200-SP0,3.13.13,3.2.6,32,13th Gen Intel(R) Core(TM) i9-13900HX,1,1 x NVIDIA GeForce RTX 4070 Laptop GPU,9.1922,45.4722,31.70067596435547,machine,6.395652173913043,41.869565217391305,41.29565217391304,13.091418058975885,N,1.0,0.0
2026-05-05T13:14:30,Q235_qwen2.5:14b_GSM8K,8daea74d-bc99-43d3-8170-8e4a60101793,5b0fa12a-3dd7-45bb-9766-cc326314d9f1,29.790320500003872,0.0002350160020745,7.889005493395129e-06,14.03820863744,53.30358282464047,20.0,0.0001122714007022,0.000438425906296,0.0001599262516666,0.0007106235586648,0.0,Italy,ITA,lombardy,,,Windows-11-10.0.26200-SP0,3.13.13,3.2.6,32,13th Gen Intel(R) Core(TM) i9-13900HX,1,1 x NVIDIA GeForce RTX 4070 Laptop GPU,9.1922,45.4722,31.70067596435547,machine,10.292857142857144,38.035714285714285,41.625,13.198563848223005,N,1.0,0.0
2026-05-05T13:16:03,Q236_qwen2.5:14b_HellaSwag,0bf766bf-9dd4-4859-bc18-b0f9a7c08760,5b0fa12a-3dd7-45bb-9766-cc326314d9f1,7.523947800000315,5.069077579796675e-05,6.737257772836307e-06,13.824697472000002,41.81844270812499,20.0,2.6949779231538343e-05,8.73381254260508e-05,3.8987017777738704e-05,0.0001532749224353,0.0,Italy,ITA,lombardy,,,Windows-11-10.0.26200-SP0,3.13.13,3.2.6,32,13th Gen Intel(R) Core(TM) i9-13900HX,1,1 x NVIDIA GeForce RTX 4070 Laptop GPU,9.1922,45.4722,31.70067596435547,machine,0.0,43.2,41.42,13.138071441650393,N,1.0,0.0
2026-05-05T13:16:56,Q237_qwen2.5:14b_MMLU,10be68c6-26e5-4461-bb52-f3fb4153f192,5b0fa12a-3dd7-45bb-9766-cc326314d9f1,18.54332219999924,0.0001407859570296,7.592272598793321e-06,13.994647854080002,50.70593635057484,20.0,6.891499872506245e-05,0.000259383263062,9.739963500000564e-05,0.0004256978967871,0.0,Italy,ITA,lombardy,,,Windows-11-10.0.26200-SP0,3.13.13,3.2.6,32,13th Gen Intel(R) Core(TM) i9-13900HX,1,1 x NVIDIA GeForce RTX 4070 Laptop GPU,9.1922,45.4722,31.70067596435547,machine,0.0,40.0,41.5,13.15434718132019,N,1.0,0.0
2026-05-05T13:18:46,Q238_qwen2.5:14b_HumanEval,3adaf116-e6c4-49c9-930b-77e53bc1e1e9,5b0fa12a-3dd7-45bb-9766-cc326314d9f1,34.313323199996375,0.0002763640220043,8.054131638418386e-06,13.796356880320005,54.7993755222355,20.0,0.000127612376796,0.000525791809522,0.0001822443783333,0.0008356485646513,0.0,Italy,ITA,lombardy,,,Windows-11-10.0.26200-SP0,3.13.13,3.2.6,32,13th Gen Intel(R) Core(TM) i9-13900HX,1,1 x NVIDIA GeForce RTX 4070 Laptop GPU,9.1922,45.4722,31.70067596435547,machine,1.5625,39.78125,41.91875,13.28834593296051,N,1.0,0.0
2026-05-05T13:20:41,Q239_qwen2.5:14b_GSM8K,f208cb43-9bf0-4a3d-80be-e3dee1f89f18,5b0fa12a-3dd7-45bb-9766-cc326314d9f1,19.329325400001835,0.0001475589860736,7.633943917860869e-06,13.808011763840002,51.24628826244573,20.0,7.090886776755794e-05,0.000273464663216,0.0001018041372222,0.0004461776682058,0.0,Italy,ITA,lombardy,,,Windows-11-10.0.26200-SP0,3.13.13,3.2.6,32,13th Gen Intel(R) Core(TM) i9-13900HX,1,1 x NVIDIA GeForce RTX 4070 Laptop GPU,9.1922,45.4722,31.70067596435547,machine,9.664705882352942,41.88235294117647,44.0,13.949689977309284,N,1.0,0.0
2026-05-05T13:21:40,Q240_qwen2.5:14b_SQuAD,14d24c69-a96a-4536-bb5d-be0d50bd759d,5b0fa12a-3dd7-45bb-9766-cc326314d9f1,3.813264099997468,2.2798427890310302e-05,5.978717259663563e-06,13.2262592384,36.31440958719261,20.0,1.2149798247096936e-05,3.841503073198638e-05,1.837132777776181e-05,6.893615675684513e-05,0.0,Italy,ITA,lombardy,,,Windows-11-10.0.26200-SP0,3.13.13,3.2.6,32,13th Gen Intel(R) Core(TM) i9-13900HX,1,1 x NVIDIA GeForce RTX 4070 Laptop GPU,9.1922,45.4722,31.70067596435547,machine,0.0,23.0,44.35,14.059152603149414,N,1.0,0.0
2026-05-05T13:22:18,Q241_qwen2.5:14b_HumanEval,263971de-7ddb-4ea6-a937-beccd4dd15e7,5b0fa12a-3dd7-45bb-9766-cc326314d9f1,23.62478579999879,0.0001780018266824,7.534537167421928e-06,14.06213935488,47.88153243580948,20.0,8.790978548900403e-05,0.0003246797041879,0.0001256389305555,0.0005382284202325,0.0,Italy,ITA,lombardy,,,Windows-11-10.0.26200-SP0,3.13.13,3.2.6,32,13th Gen Intel(R) Core(TM) i9-13900HX,1,1 x NVIDIA GeForce RTX 4070 Laptop GPU,9.1922,45.4722,31.70067596435547,machine,1.818181818181818,36.76190476190476,43.7,13.85348163951527,N,1.0,0.0
2026-05-05T13:24:34,Q242_qwen2.5:14b_MMLU,303bb33b-c83e-488f-ba2d-5861a34696e8,5b0fa12a-3dd7-45bb-9766-cc326314d9f1,9.41738919999625,6.998510364840812e-05,7.431476193894162e-06,13.3254419024,49.35089347141236,20.0,3.299960293256636e-05,0.0001290881588259,4.952788555553222e-05,0.000211615647314,0.0,Italy,ITA,lombardy,,,Windows-11-10.0.26200-SP0,3.13.13,3.2.6,32,13th Gen Intel(R) Core(TM) i9-13900HX,1,1 x NVIDIA GeForce RTX 4070 Laptop GPU,9.1922,45.4722,31.70067596435547,machine,0.0,49.85714285714285,40.9,12.976414816720146,N,1.0,0.0
2026-05-05T13:25:28,Q243_qwen2.5:14b_GSM8K,d1bd87a8-efbb-4d0d-b194-c81949a73323,5b0fa12a-3dd7-45bb-9766-cc326314d9f1,18.467437100000097,0.0001383767643305,7.493013978131215e-06,13.12323383168,52.0823929691637,20.0,6.383829047463342e-05,0.0002576004838579,9.697438833334473e-05,0.0004184131626659,0.0,Italy,ITA,lombardy,,,Windows-11-10.0.26200-SP0,3.13.13,3.2.6,32,13th Gen Intel(R) Core(TM) i9-13900HX,1,1 x NVIDIA GeForce RTX 4070 Laptop GPU,9.1922,45.4722,31.70067596435547,machine,0.0,47.625,40.6,12.863225221633911,N,1.0,0.0
2026-05-05T13:26:17,Q244_qwen2.5:14b_SQuAD,cc380861-0a8a-4519-9a33-e646a9ec6026,5b0fa12a-3dd7-45bb-9766-cc326314d9f1,3.877045800007181,2.533854092523739e-05,6.535527881870897e-06,13.029965273600002,42.42985573453306,20.0,1.2209150212036482e-05,4.5668369868023806e-05,1.8739237777804697e-05,7.661675785786498e-05,0.0,Italy,ITA,lombardy,,,Windows-11-10.0.26200-SP0,3.13.13,3.2.6,32,13th Gen Intel(R) Core(TM) i9-13900HX,1,1 x NVIDIA GeForce RTX 4070 Laptop GPU,9.1922,45.4722,31.70067596435547,machine,0.0,37.5,40.7,12.904605865478516,N,1.0,0.0
2026-05-05T13:26:38,Q245_qwen2.5:14b_SQuAD,cb8095e2-68ce-4ece-9665-dc88e8fe6492,5b0fa12a-3dd7-45bb-9766-cc326314d9f1,6.0276928999956,4.193063199085239e-05,6.95633183151766e-06,13.218432389120002,45.28650125969882,20.0,2.0285973492990263e-05,7.5808116202003e-05,3.069257444440155e-05,0.0001267866641393,0.0,Italy,ITA,lombardy,,,Windows-11-10.0.26200-SP0,3.13.13,3.2.6,32,13th Gen Intel(R) Core(TM) i9-13900HX,1,1 x NVIDIA GeForce RTX 4070 Laptop GPU,9.1922,45.4722,31.70067596435547,machine,0.0,35.25,40.7,12.904860496520996,N,1.0,0.0
2026-05-05T13:26:57,Q246_qwen2.5:14b_SQuAD,fd4f87d5-ae83-4fd9-9253-e0f9f73e9967,5b0fa12a-3dd7-45bb-9766-cc326314d9f1,3.626088000004529,2.2342442759134427e-05,6.16158316044909e-06,13.000490892800002,38.65129471630773,20.0,1.1281446815769308e-05,3.892142002598353e-05,1.7354516666657422e-05,6.755738350841027e-05,0.0,Italy,ITA,lombardy,,,Windows-11-10.0.26200-SP0,3.13.13,3.2.6,32,13th Gen Intel(R) Core(TM) i9-13900HX,1,1 x NVIDIA GeForce RTX 4070 Laptop GPU,9.1922,45.4722,31.70067596435547,machine,0.0,37.0,40.7,12.910247802734377,N,1.0,0.0
2026-05-05T13:27:25,Q247_qwen2.5:14b_MMLU,2b0ab80e-7adf-485a-99a9-53e15aff78b9,5b0fa12a-3dd7-45bb-9766-cc326314d9f1,13.206432800012408,9.899485043621908e-05,7.495956851885549e-06,13.200595040000003,49.663411532242726,20.0,4.658350099979758e-05,0.0001821726457379,7.057697222222083e-05,0.00029933311896,0.0,Italy,ITA,lombardy,,,Windows-11-10.0.26200-SP0,3.13.13,3.2.6,32,13th Gen Intel(R) Core(TM) i9-13900HX,1,1 x NVIDIA GeForce RTX 4070 Laptop GPU,9.1922,45.4722,31.70067596435547,machine,0.0,45.81818181818182,40.71818181818182,12.914512634277344,N,1.0,0.0
2026-05-05T13:28:28,Q248_qwen2.5:14b_HumanEval,2e1d8350-9bd2-4be9-bcfc-72caea1e29c8,5b0fa12a-3dd7-45bb-9766-cc326314d9f1,27.330836900000577,0.0002167580573668,7.930897182546445e-06,13.183104409280002,54.71873856359569,20.0,9.645732868029628e-05,0.0004127075523879,0.0001462516894445,0.0006554165705127,0.0,Italy,ITA,lombardy,,,Windows-11-10.0.26200-SP0,3.13.13,3.2.6,32,13th Gen Intel(R) Core(TM) i9-13900HX,1,1 x NVIDIA GeForce RTX 4070 Laptop GPU,9.1922,45.4722,31.70067596435547,machine,8.0,39.48,40.7,12.90726593017578,N,1.0,0.0
2026-05-05T13:29:37,Q249_qwen2.5:14b_GSM8K,cae06e57-ea0b-40ff-8158-d34bc0c333d6,5b0fa12a-3dd7-45bb-9766-cc326314d9f1,13.323335599998243,9.8599510762718e-05,7.400512433442792e-06,13.4900775968,48.33525515308733,20.0,4.804251275026752e-05,0.00017886958754,7.122562055560088e-05,0.0002981377208459,0.0,Italy,ITA,lombardy,,,Windows-11-10.0.26200-SP0,3.13.13,3.2.6,32,13th Gen Intel(R) Core(TM) i9-13900HX,1,1 x NVIDIA GeForce RTX 4070 Laptop GPU,9.1922,45.4722,31.70067596435547,machine,0.0,45.27272727272727,40.7,12.899396722966976,N,1.0,0.0
2026-05-05T13:30:32,Q250_qwen2.5:14b_GSM8K,1ae61348-e464-43b1-ade6-7d8209285eff,5b0fa12a-3dd7-45bb-9766-cc326314d9f1,19.42733069999668,0.0001521179975819,7.830102855148557e-06,13.378391232320002,54.49494747779666,20.0,6.911608389095489e-05,0.0002884982863539,0.0001023484911111,0.000459962861356,0.0,Italy,ITA,lombardy,,,Windows-11-10.0.26200-SP0,3.13.13,3.2.6,32,13th Gen Intel(R) Core(TM) i9-13900HX,1,1 x NVIDIA GeForce RTX 4070 Laptop GPU,9.1922,45.4722,31.70067596435547,machine,0.0,42.47058823529412,40.8,12.926378137925091,N,1.0,0.0
2026-05-05T13:31:38,Q251_qwen2.5:14b_SQuAD,226348ca-71ac-4929-9a4a-0a9edf4616e1,5b0fa12a-3dd7-45bb-9766-cc326314d9f1,21.297183500006213,0.0001682759833473,7.901325700993915e-06,13.20123377984,54.53811915581837,20.0,7.455655851564439e-05,0.0003215308127799,0.0001127327816666,0.0005088201529622,0.0,Italy,ITA,lombardy,,,Windows-11-10.0.26200-SP0,3.13.13,3.2.6,32,13th Gen Intel(R) Core(TM) i9-13900HX,1,1 x NVIDIA GeForce RTX 4070 Laptop GPU,9.1922,45.4722,31.70067596435547,machine,0.0,42.21052631578947,40.61578947368421,12.882655093544408,N,1.0,0.0
2026-05-05T13:32:52,Q252_qwen2.5:14b_HumanEval,baea912c-d574-485f-9ce4-7fb55e725b0d,5b0fa12a-3dd7-45bb-9766-cc326314d9f1,28.06434939999599,0.0002248603270516,8.012312127631748e-06,13.391461713033848,55.30704771566586,20.0,0.0001005525568247,0.000429038676564,0.0001503243655555,0.0006799155989443,0.0,Italy,ITA,lombardy,,,Windows-11-10.0.26200-SP0,3.13.13,3.2.6,32,13th Gen Intel(R) Core(TM) i9-13900HX,1,1 x NVIDIA GeForce RTX 4070 Laptop GPU,9.1922,45.4722,31.70067596435547,machine,3.8461538461538463,38.80769230769231,40.60384615384616,12.880748455341044,N,1.0,0.0
2026-05-05T13:34:24,Q253_qwen2.5:14b_HumanEval,5359e00b-ebfc-4ee0-8980-69c0648f51aa,5b0fa12a-3dd7-45bb-9766-cc326314d9f1,37.05616300000111,0.0002951157966796,7.964013885616202e-06,13.169474358925717,54.51563799710283,20.0,0.0001302702356114,0.000564593785008,0.0001974847377778,0.0008923487583973,0.0,Italy,ITA,lombardy,,,Windows-11-10.0.26200-SP0,3.13.13,3.2.6,32,13th Gen Intel(R) Core(TM) i9-13900HX,1,1 x NVIDIA GeForce RTX 4070 Laptop GPU,9.1922,45.4722,31.70067596435547,machine,2.857142857142857,40.08571428571429,40.6,12.879193006243025,N,1.0,0.0
2026-05-05T13:35:59,Q254_qwen2.5:14b_HumanEval,7db7e1d2-a319-4b0b-81df-c032de62ef5b,5b0fa12a-3dd7-45bb-9766-cc326314d9f1,30.083834400007618,0.0002404640181034,7.993130626439296e-06,13.324659491840002,54.91173140108423,20.0,0.0001077191060815,0.000457842866274,0.0001615348838888,0.0007270968562443,0.0,Italy,ITA,lombardy,,,Windows-11-10.0.26200-SP0,3.13.13,3.2.6,32,13th Gen Intel(R) Core(TM) i9-13900HX,1,1 x NVIDIA GeForce RTX 4070 Laptop GPU,9.1922,45.4722,31.70067596435547,machine,0.0,41.142857142857146,40.60357142857144,12.881068093436104,N,1.0,0.0
2026-05-05T13:37:25,Q255_qwen2.5:14b_HumanEval,b718c174-90ea-494b-a954-7e238f0b4299,5b0fa12a-3dd7-45bb-9766-cc326314d9f1,30.32786079999641,0.00023890659866,7.87746291225587e-06,13.57665536384,53.54481778382136,20.0,0.0001106085670467,0.0004488725813199,0.0001629065011111,0.0007223876494778,0.0,Italy,ITA,lombardy,,,Windows-11-10.0.26200-SP0,3.13.13,3.2.6,32,13th Gen Intel(R) Core(TM) i9-13900HX,1,1 x NVIDIA GeForce RTX 4070 Laptop GPU,9.1922,45.4722,31.70067596435547,machine,0.0,42.60714285714285,40.6,12.873644692557198,N,1.0,0.0
2026-05-05T13:38:44,Q256_qwen2.5:14b_GSM8K,72aad2b1-bc35-464a-99e1-ead7aaee92f5,5b0fa12a-3dd7-45bb-9766-cc326314d9f1,23.580807099991944,0.0001826763700503,7.746824325213829e-06,13.26810249488,53.30951922662801,20.0,8.321671376333153e-05,0.000343726941648,0.0001254192944443,0.0005523629498557,0.0,Italy,ITA,lombardy,,,Windows-11-10.0.26200-SP0,3.13.13,3.2.6,32,13th Gen Intel(R) Core(TM) i9-13900HX,1,1 x NVIDIA GeForce RTX 4070 Laptop GPU,9.1922,45.4722,31.70067596435547,machine,0.0,43.80952380952381,40.6,12.87460436139788,N,1.0,0.0
2026-05-05T13:39:42,Q257_qwen2.5:14b_SQuAD,ba0372c0-86dc-432a-ad07-20ee5ce265cb,5b0fa12a-3dd7-45bb-9766-cc326314d9f1,3.1534560000000056,1.5910165640450146e-05,5.045310808348085e-06,13.125550534400004,27.094884470808363,20.0,9.662840712131015e-06,2.37222411999527e-05,1.472286999996868e-05,4.81079519120524e-05,0.0,Italy,ITA,lombardy,,,Windows-11-10.0.26200-SP0,3.13.13,3.2.6,32,13th Gen Intel(R) Core(TM) i9-13900HX,1,1 x NVIDIA GeForce RTX 4070 Laptop GPU,9.1922,45.4722,31.70067596435547,machine,0.0,98.0,40.6,12.878311157226562,N,1.0,0.0
2026-05-05T13:40:25,Q258_qwen2.5:14b_HumanEval,3c50b557-7534-4be2-a63d-f7ab7f678745,5b0fa12a-3dd7-45bb-9766-cc326314d9f1,28.033981100001256,0.0002204596940487,7.864016646880658e-06,13.195159605366154,54.08317853663729,20.0,9.91403248525404e-05,0.0004173145005179,0.0001501544733333,0.0006666092987038,0.0,Italy,ITA,lombardy,,,Windows-11-10.0.26200-SP0,3.13.13,3.2.6,32,13th Gen Intel(R) Core(TM) i9-13900HX,1,1 x NVIDIA GeForce RTX 4070 Laptop GPU,9.1922,45.4722,31.70067596435547,machine,0.0,40.26923076923077,40.62307692307692,12.884721462543194,N,1.0,0.0
2026-05-05T13:41:34,Q259_qwen2.5:14b_GSM8K,401f09f7-1bd8-4ad4-98fc-c9c9ed38b770,5b0fa12a-3dd7-45bb-9766-cc326314d9f1,13.029151899987482,9.696601082668988e-05,7.44223504116051e-06,13.5240297728,48.7942924081334,20.0,4.705359140892589e-05,0.0001765606968039,6.958417944438729e-05,0.0002931984676573,0.0,Italy,ITA,lombardy,,,Windows-11-10.0.26200-SP0,3.13.13,3.2.6,32,13th Gen Intel(R) Core(TM) i9-13900HX,1,1 x NVIDIA GeForce RTX 4070 Laptop GPU,9.1922,45.4722,31.70067596435547,machine,4.545454545454546,46.54545454545455,40.7,12.889670978892934,N,1.0,0.0
2026-05-05T13:42:14,Q260_qwen2.5:14b_SQuAD,42e2f849-1529-4867-83eb-56f48827040e,5b0fa12a-3dd7-45bb-9766-cc326314d9f1,4.91166900000826,3.231027278013694e-05,6.578267546140142e-06,13.087538336,41.96436542786905,20.0,1.601798322297991e-05,5.720199020597949e-05,2.447737833337871e-05,9.769735176233813e-05,0.0,Italy,ITA,lombardy,,,Windows-11-10.0.26200-SP0,3.13.13,3.2.6,32,13th Gen Intel(R) Core(TM) i9-13900HX,1,1 x NVIDIA GeForce RTX 4070 Laptop GPU,9.1922,45.4722,31.70067596435547,machine,33.333333333333336,38.333333333333336,40.63333333333333,12.886370340983072,N,1.0,0.0
2026-05-05T13:42:57,Q261_qwen2.5:14b_GSM8K,0c6980fd-4949-4f8d-ab0f-59f69d852e71,5b0fa12a-3dd7-45bb-9766-cc326314d9f1,18.553112199995667,0.0001443931369415,7.78269087067526e-06,13.359313583360002,53.580393586292416,20.0,6.51476112526934e-05,0.000273970774732,9.748662777783466e-05,0.0004366050137625,0.0,Italy,ITA,lombardy,,,Windows-11-10.0.26200-SP0,3.13.13,3.2.6,32,13th Gen Intel(R) Core(TM) i9-13900HX,1,1 x NVIDIA GeForce RTX 4070 Laptop GPU,9.1922,45.4722,31.70067596435547,machine,0.0,38.9375,40.625,12.883872509002686,N,1.0,0.0
2026-05-05T13:43:49,Q262_qwen2.5:14b_HellaSwag,fa66f6a5-d419-4ec4-8483-99dd63d9b25f,5b0fa12a-3dd7-45bb-9766-cc326314d9f1,6.48102769999241,4.2604495624257287e-05,6.573725278833044e-06,13.5128196992,40.64770077717437,20.0,2.244242389724413e-05,7.316616964397893e-05,3.321564833329628e-05,0.0001288242418745,0.0,Italy,ITA,lombardy,,,Windows-11-10.0.26200-SP0,3.13.13,3.2.6,32,13th Gen Intel(R) Core(TM) i9-13900HX,1,1 x NVIDIA GeForce RTX 4070 Laptop GPU,9.1922,45.4722,31.70067596435547,machine,0.0,40.0,40.625,12.885854721069336,N,1.0,0.0
2026-05-05T13:44:28,Q263_qwen2.5:14b_MMLU,3263d4c6-9a5e-43b2-9a0c-ea363eb7c83a,5b0fa12a-3dd7-45bb-9766-cc326314d9f1,13.698568899999373,0.0001030935677291,7.525864087097883e-06,13.144269936246154,49.9997979832205,20.0,4.817875107617338e-05,0.000190240985526,7.330677277778806e-05,0.00031172650938,0.0,Italy,ITA,lombardy,,,Windows-11-10.0.26200-SP0,3.13.13,3.2.6,32,13th Gen Intel(R) Core(TM) i9-13900HX,1,1 x NVIDIA GeForce RTX 4070 Laptop GPU,9.1922,45.4722,31.70067596435547,machine,0.0,42.833333333333336,40.69166666666667,12.899976094563804,N,1.0,0.0
2026-05-05T13:45:10,Q264_qwen2.5:14b_SQuAD,47fa7e11-7921-48ca-a2ad-402c9a5ba97d,5b0fa12a-3dd7-45bb-9766-cc326314d9f1,6.893174500000896,4.552888381723445e-05,6.604922567567168e-06,13.059480300800002,41.2585447186238,20.0,2.318071574674772e-05,7.898672985601207e-05,3.549933944442374e-05,0.0001376667850471,0.0,Italy,ITA,lombardy,,,Windows-11-10.0.26200-SP0,3.13.13,3.2.6,32,13th Gen Intel(R) Core(TM) i9-13900HX,1,1 x NVIDIA GeForce RTX 4070 Laptop GPU,9.1922,45.4722,31.70067596435547,machine,0.0,45.8,40.6,12.87552261352539,N,1.0,0.0
2026-05-05T13:45:53,Q265_qwen2.5:14b_MMLU,e48c1352-f7eb-48ef-80c5-fc52616ae63d,5b0fa12a-3dd7-45bb-9766-cc326314d9f1,17.43665280001005,0.0001361219648282,7.80665683887461e-06,13.20292519616,53.89730012133328,20.0,6.0832857273148055e-05,0.00025949604093,9.126637277780296e-05,0.0004115952709809,0.0,Italy,ITA,lombardy,,,Windows-11-10.0.26200-SP0,3.13.13,3.2.6,32,13th Gen Intel(R) Core(TM) i9-13900HX,1,1 x NVIDIA GeForce RTX 4070 Laptop GPU,9.1922,45.4722,31.70067596435547,machine,0.0,44.13333333333333,40.6,12.87099380493164,N,1.0,0.0
2026-05-05T13:47:02,Q266_qwen2.5:14b_HumanEval,ec1dc85c-6101-47e5-a805-ac6806ddc6e9,5b0fa12a-3dd7-45bb-9766-cc326314d9f1,24.27381140000944,0.0001910716307582,7.871513361027282e-06,13.54074602752,54.14923236519719,20.0,8.78451832632991e-05,0.0003606219551639,0.000129280763889,0.0005777479023162,0.0,Italy,ITA,lombardy,,,Windows-11-10.0.26200-SP0,3.13.13,3.2.6,32,13th Gen Intel(R) Core(TM) i9-13900HX,1,1 x NVIDIA GeForce RTX 4070 Laptop GPU,9.1922,45.4722,31.70067596435547,machine,0.0,37.0,40.66818181818182,12.888879602605646,N,1.0,0.0
2026-05-05T13:48:35,Q267_qwen2.5:14b_HumanEval,da82da97-e398-4617-ad64-c90dc869aaba,5b0fa12a-3dd7-45bb-9766-cc326314d9f1,37.5980780999962,0.0003023601101251,8.041903347320717e-06,13.202842510468573,56.07332434748272,20.0,0.0001324594460274,0.000581290465032,0.0002005036527779,0.0009142535638374,0.0,Italy,ITA,lombardy,,,Windows-11-10.0.26200-SP0,3.13.13,3.2.6,32,13th Gen Intel(R) Core(TM) i9-13900HX,1,1 x NVIDIA GeForce RTX 4070 Laptop GPU,9.1922,45.4722,31.70067596435547,machine,0.5714285714285714,39.65714285714286,40.6,12.865711757114957,N,1.0,0.0
2026-05-05T13:49:53,Q268_qwen2.5:14b_HellaSwag,ed1c89e5-2da0-40f6-8a6c-32406fa8c3be,5b0fa12a-3dd7-45bb-9766-cc326314d9f1,12.65839739999501,9.437044352894452e-05,7.455165179834038e-06,13.3713087104,49.10938833458437,20.0,4.515117891986544e-05,0.0001726654159099,6.753359333330689e-05,0.0002853501881631,0.0,Italy,ITA,lombardy,,,Windows-11-10.0.26200-SP0,3.13.13,3.2.6,32,13th Gen Intel(R) Core(TM) i9-13900HX,1,1 x NVIDIA GeForce RTX 4070 Laptop GPU,9.1922,45.4722,31.70067596435547,machine,0.0,40.36363636363637,40.6,12.87064534967596,N,1.0,0.0
2026-05-05T13:50:36,Q269_qwen2.5:14b_HellaSwag,31532f84-2a2a-49b9-a3f9-b536c6bf59aa,5b0fa12a-3dd7-45bb-9766-cc326314d9f1,7.857380400004331,5.33198839871043e-05,6.785961894765196e-06,13.16061284754286,42.85659527425263,20.0,2.687895053320996e-05,9.349896368804345e-05,4.084670611118782e-05,0.0001612246203324,0.0,Italy,ITA,lombardy,,,Windows-11-10.0.26200-SP0,3.13.13,3.2.6,32,13th Gen Intel(R) Core(TM) i9-13900HX,1,1 x NVIDIA GeForce RTX 4070 Laptop GPU,9.1922,45.4722,31.70067596435547,machine,14.583333333333334,41.333333333333336,40.6,12.868368784586588,N,1.0,0.0
2026-05-05T13:51:15,Q270_qwen2.5:14b_MMLU,48b34a27-dd0e-4389-a2ff-296aed12178d,5b0fa12a-3dd7-45bb-9766-cc326314d9f1,14.26713560000644,0.000109070091767,7.64484861046949e-06,13.577926529969233,50.82596553233238,20.0,5.191531825402954e-05,0.0002014132166859,7.646933444444182e-05,0.0003297978693844,0.0,Italy,ITA,lombardy,,,Windows-11-10.0.26200-SP0,3.13.13,3.2.6,32,13th Gen Intel(R) Core(TM) i9-13900HX,1,1 x NVIDIA GeForce RTX 4070 Laptop GPU,9.1922,45.4722,31.70067596435547,machine,7.408333333333334,37.833333333333336,40.6,12.879342714945476,N,1.0,0.0
2026-05-05T13:52:18,Q271_qwen2.5:14b_GSM8K,3d002049-8f89-42a3-a7c4-5954e1282e19,5b0fa12a-3dd7-45bb-9766-cc326314d9f1,17.05265490000602,0.0001330366028944,7.801518512777787e-06,13.31414109248,59.09742688774411,20.0,6.0401509345341633e-05,0.00025270714661,8.915733166674425e-05,0.0004022659876221,0.0,Italy,ITA,lombardy,,,Windows-11-10.0.26200-SP0,3.13.13,3.2.6,32,13th Gen Intel(R) Core(TM) i9-13900HX,1,1 x NVIDIA GeForce RTX 4070 Laptop GPU,9.1922,45.4722,31.70067596435547,machine,0.0,43.53333333333333,40.63333333333333,12.883453877766929,N,1.0,0.0
2026-05-05T13:53:22,Q272_qwen2.5:14b_HellaSwag,16f723a9-7f6a-46ad-877e-df7ca2132871,5b0fa12a-3dd7-45bb-9766-cc326314d9f1,18.8718927000009,0.0001471036832691,7.794855852964718e-06,13.09126432064,53.40820644525694,20.0,6.529692280886569e-05,0.0002802563353159,9.924769999997807e-05,0.0004448009581248,0.0,Italy,ITA,lombardy,,,Windows-11-10.0.26200-SP0,3.13.13,3.2.6,32,13th Gen Intel(R) Core(TM) i9-13900HX,1,1 x NVIDIA GeForce RTX 4070 Laptop GPU,9.1922,45.4722,31.70067596435547,machine,0.0,41.70588235294117,40.6,12.869904237634996,N,1.0,0.0
2026-05-05T13:54:18,Q273_qwen2.5:14b_GSM8K,28b050cd-6ae0-4084-ac3a-7af9c9e1c778,5b0fa12a-3dd7-45bb-9766-cc326314d9f1,9.449367000008351,6.830065300755175e-05,7.228066494558989e-06,13.504922379200002,46.96176590086136,20.0,3.3564172980964404e-05,0.0001232523208239,4.970583944442397e-05,0.0002065223332493,0.0,Italy,ITA,lombardy,,,Windows-11-10.0.26200-SP0,3.13.13,3.2.6,32,13th Gen Intel(R) Core(TM) i9-13900HX,1,1 x NVIDIA GeForce RTX 4070 Laptop GPU,9.1922,45.4722,31.70067596435547,machine,14.285714285714286,33.0,40.67142857142858,12.887732914515905,N,1.0,0.0
2026-05-05T13:55:00,Q274_qwen2.5:14b_HellaSwag,abbe122e-e5dc-4ce6-98ce-37293593658c,5b0fa12a-3dd7-45bb-9766-cc326314d9f1,7.259286900007282,5.055211182080445e-05,6.963784806570152e-06,13.4465707328,44.70957818506483,20.0,2.522869207092991e-05,9.01034054159866e-05,3.75235433333728e-05,0.0001528556408202,0.0,Italy,ITA,lombardy,,,Windows-11-10.0.26200-SP0,3.13.13,3.2.6,32,13th Gen Intel(R) Core(TM) i9-13900HX,1,1 x NVIDIA GeForce RTX 4070 Laptop GPU,9.1922,45.4722,31.70067596435547,machine,0.0,40.4,40.6,12.880840301513672,N,1.0,0.0
2026-05-05T13:55:32,Q275_qwen2.5:14b_MMLU,4445a685-7f47-44bc-ae5e-a8c4e887bafd,5b0fa12a-3dd7-45bb-9766-cc326314d9f1,6.748204400006216,4.948051929497396e-05,7.33239782940309e-06,13.416205760000002,48.89482580608035,20.0,2.3276780097801235e-05,9.164007331202706e-05,3.46985872222932e-05,0.0001496154406321,0.0,Italy,ITA,lombardy,,,Windows-11-10.0.26200-SP0,3.13.13,3.2.6,32,13th Gen Intel(R) Core(TM) i9-13900HX,1,1 x NVIDIA GeForce RTX 4070 Laptop GPU,9.1922,45.4722,31.70067596435547,machine,0.0,30.6,40.64,12.88389892578125,N,1.0,0.0
2026-05-05T13:56:02,Q276_qwen2.5:14b_SQuAD,9a185524-fafe-4abd-a936-6cf7e07bf736,5b0fa12a-3dd7-45bb-9766-cc326314d9f1,4.649479999992764,3.037234105646341e-05,6.532416755531948e-06,13.070690768000002,41.6847141397695,20.0,1.504342725188169e-05,5.3776431910013134e-05,2.3017721666676355e-05,9.18375808285712e-05,0.0,Italy,ITA,lombardy,,,Windows-11-10.0.26200-SP0,3.13.13,3.2.6,32,13th Gen Intel(R) Core(TM) i9-13900HX,1,1 x NVIDIA GeForce RTX 4070 Laptop GPU,9.1922,45.4722,31.70067596435547,machine,0.0,57.66666666666666,40.63333333333333,12.884613037109377,N,1.0,0.0
2026-05-05T13:56:25,Q277_qwen2.5:14b_SQuAD,23732823-1c22-4c3f-897c-61f0dea4dd50,5b0fa12a-3dd7-45bb-9766-cc326314d9f1,8.764602900002501,6.693367982054612e-05,7.63681830017958e-06,13.4730568064,51.62280443634607,20.0,3.0905788496220387e-05,0.000125606211596,4.58769833333564e-05,0.0002023889834255,0.0,Italy,ITA,lombardy,,,Windows-11-10.0.26200-SP0,3.13.13,3.2.6,32,13th Gen Intel(R) Core(TM) i9-13900HX,1,1 x NVIDIA GeForce RTX 4070 Laptop GPU,9.1922,45.4722,31.70067596435547,machine,0.0,42.42857142857143,40.68571428571429,12.887757982526509,N,1.0,0.0
2026-05-05T13:56:57,Q278_qwen2.5:14b_SQuAD,0cfbd8e3-e1d0-4f9d-a205-bcebcd2b4c8b,5b0fa12a-3dd7-45bb-9766-cc326314d9f1,6.567571899999166,4.660374837959389e-05,7.096039310905726e-06,13.13350544,46.66385280074195,20.0,2.212422644498783e-05,8.510229030400662e-05,3.369036222219519e-05,0.0001409168789711,0.0,Italy,ITA,lombardy,,,Windows-11-10.0.26200-SP0,3.13.13,3.2.6,32,13th Gen Intel(R) Core(TM) i9-13900HX,1,1 x NVIDIA GeForce RTX 4070 Laptop GPU,9.1922,45.4722,31.70067596435547,machine,18.0,43.4,40.6,12.883338928222656,N,1.0,0.0
2026-05-05T13:57:31,Q279_qwen2.5:14b_HellaSwag,4fa47ae4-46b4-4a85-a5e3-510a559f8f81,5b0fa12a-3dd7-45bb-9766-cc326314d9f1,8.470566599993617,6.0616827685845416e-05,7.156171546528079e-06,13.35986461074286,46.5244459510096,20.0,2.956918868718158e-05,0.000109454532008,4.426484444443809e-05,0.0001832885651396,0.0,Italy,ITA,lombardy,,,Windows-11-10.0.26200-SP0,3.13.13,3.2.6,32,13th Gen Intel(R) Core(TM) i9-13900HX,1,1 x NVIDIA GeForce RTX 4070 Laptop GPU,9.1922,45.4722,31.70067596435547,machine,0.0,33.166666666666664,40.6,12.881481170654297,N,1.0,0.0
2026-05-05T13:58:03,Q280_qwen2.5:14b_HellaSwag,b9400478-df28-40f5-afd3-8bc001d812b9,5b0fa12a-3dd7-45bb-9766-cc326314d9f1,7.061440899997251,5.045903185995536e-05,7.145713258037039e-06,13.975425344,46.23838237759649,20.0,2.5461165154387845e-05,9.067673920798436e-05,3.643628833338476e-05,0.0001525741926957,0.0,Italy,ITA,lombardy,,,Windows-11-10.0.26200-SP0,3.13.13,3.2.6,32,13th Gen Intel(R) Core(TM) i9-13900HX,1,1 x NVIDIA GeForce RTX 4070 Laptop GPU,9.1922,45.4722,31.70067596435547,machine,0.0,61.2,41.34,13.10259246826172,N,1.0,0.0
2026-05-05T13:58:39,Q281_qwen2.5:14b_GSM8K,67ef7e5d-3fac-4caf-8966-f82e5e19bd5a,5b0fa12a-3dd7-45bb-9766-cc326314d9f1,11.130047500002547,8.004805409874204e-05,7.192067607862745e-06,13.89268100864,45.93260044372767,20.0,4.1010638244344686e-05,0.000141994280262,5.903831499995754e-05,0.0002420432335063,0.0,Italy,ITA,lombardy,,,Windows-11-10.0.26200-SP0,3.13.13,3.2.6,32,13th Gen Intel(R) Core(TM) i9-13900HX,1,1 x NVIDIA GeForce RTX 4070 Laptop GPU,9.1922,45.4722,31.70067596435547,machine,16.666666666666668,41.333333333333336,41.266666666666666,13.080779181586372,N,1.0,0.0
2026-05-05T13:59:32,Q282_qwen2.5:14b_GSM8K,45c8710a-9973-4426-96ac-341c7c27fff5,5b0fa12a-3dd7-45bb-9766-cc326314d9f1,17.683227800007444,0.0001351153111411,7.640873751630132e-06,13.074022054400002,52.05962451352904,20.0,6.128299645789646e-05,0.000254614370358,9.265406111113002e-05,0.000408551427927,0.0,Italy,ITA,lombardy,,,Windows-11-10.0.26200-SP0,3.13.13,3.2.6,32,13th Gen Intel(R) Core(TM) i9-13900HX,1,1 x NVIDIA GeForce RTX 4070 Laptop GPU,9.1922,45.4722,31.70067596435547,machine,5.0,32.75,41.08125,13.019747018814089,N,1.0,0.0
2026-05-05T14:00:24,Q283_qwen2.5:14b_HellaSwag,bcd2c5b7-d975-4b7a-ac23-09fa28ad5246,5b0fa12a-3dd7-45bb-9766-cc326314d9f1,7.0391101999994135,4.828052292050778e-05,6.85889573379769e-06,13.101680960000005,43.93096347167474,20.0,2.378942669835417e-05,8.58834020399657e-05,3.631415388889663e-05,0.0001459869826272,0.0,Italy,ITA,lombardy,,,Windows-11-10.0.26200-SP0,3.13.13,3.2.6,32,13th Gen Intel(R) Core(TM) i9-13900HX,1,1 x NVIDIA GeForce RTX 4070 Laptop GPU,9.1922,45.4722,31.70067596435547,machine,0.0,47.0,41.04,13.012633514404296,N,1.0,0.0
2026-05-05T14:01:01,Q284_qwen2.5:14b_HellaSwag,80b895d2-d3f3-45f3-961f-8409a3f2d4b2,5b0fa12a-3dd7-45bb-9766-cc326314d9f1,11.850897399999669,8.999976256905562e-05,7.594341553328961e-06,13.185024267636363,50.89675207245229,20.0,4.156103616873096e-05,0.0001675315229139,6.304189555553927e-05,0.0002721344546382,0.0,Italy,ITA,lombardy,,,Windows-11-10.0.26200-SP0,3.13.13,3.2.6,32,13th Gen Intel(R) Core(TM) i9-13900HX,1,1 x NVIDIA GeForce RTX 4070 Laptop GPU,9.1922,45.4722,31.70067596435547,machine,0.0,39.1,41.03,13.010888290405273,N,1.0,0.0
2026-05-05T14:01:46,Q285_qwen2.5:14b_HellaSwag,707a6718-2c13-40b9-9631-9c00595aed6b,5b0fa12a-3dd7-45bb-9766-cc326314d9f1,9.083983200005605,6.828376510622106e-05,7.516940928091868e-06,13.372785876800002,50.30333210316139,20.0,3.1878617916813544e-05,0.000126916490422,4.76761605555819e-05,0.0002064712688944,0.0,Italy,ITA,lombardy,,,Windows-11-10.0.26200-SP0,3.13.13,3.2.6,32,13th Gen Intel(R) Core(TM) i9-13900HX,1,1 x NVIDIA GeForce RTX 4070 Laptop GPU,9.1922,45.4722,31.70067596435547,machine,0.0,33.57142857142857,41.0,12.995610918317524,N,1.0,0.0
2026-05-05T14:02:19,Q286_qwen2.5:14b_HellaSwag,5bf4fa7e-c686-4ecf-ba62-c57864b79d1d,5b0fa12a-3dd7-45bb-9766-cc326314d9f1,7.761371799992048,5.375488654110848e-05,6.925951742340645e-06,13.131950314057145,44.41156173801489,20.0,2.647886591266828e-05,9.57345210320093e-05,4.032656111109342e-05,0.0001625399480557,0.0,Italy,ITA,lombardy,,,Windows-11-10.0.26200-SP0,3.13.13,3.2.6,32,13th Gen Intel(R) Core(TM) i9-13900HX,1,1 x NVIDIA GeForce RTX 4070 Laptop GPU,9.1922,45.4722,31.70067596435547,machine,16.666666666666668,50.5,40.98333333333333,12.987455368041992,N,1.0,0.0
2026-05-05T14:02:50,Q287_qwen2.5:14b_HellaSwag,e4a2aacc-9786-4ec7-95b0-de47f20c9d09,5b0fa12a-3dd7-45bb-9766-cc326314d9f1,6.722318800006178,4.670687496375361e-05,6.948030337940932e-06,13.1695265792,44.94613334174126,20.0,2.2755412068845983e-05,8.391645602201514e-05,3.4556837222286655e-05,0.0001412287053131,0.0,Italy,ITA,lombardy,,,Windows-11-10.0.26200-SP0,3.13.13,3.2.6,32,13th Gen Intel(R) Core(TM) i9-13900HX,1,1 x NVIDIA GeForce RTX 4070 Laptop GPU,9.1922,45.4722,31.70067596435547,machine,0.0,37.2,40.94,12.98051528930664,N,1.0,0.0
2026-05-05T14:03:26,Q288_qwen2.5:14b_MMLU,70badf50-ba00-4fc8-993d-bd5700899d46,5b0fa12a-3dd7-45bb-9766-cc326314d9f1,9.962174300002516,7.20568073080066e-05,7.233040211712457e-06,13.1485593728,47.26329124097354,20.0,3.4550964726303264e-05,0.00013077510462,5.2553838333309005e-05,0.0002178799076796,0.0,Italy,ITA,lombardy,,,Windows-11-10.0.26200-SP0,3.13.13,3.2.6,32,13th Gen Intel(R) Core(TM) i9-13900HX,1,1 x NVIDIA GeForce RTX 4070 Laptop GPU,9.1922,45.4722,31.70067596435547,machine,0.0,34.5,40.9,12.970303058624268,N,1.0,0.0
2026-05-05T14:03:58,Q289_qwen2.5:14b_SQuAD,072b7d83-9285-4829-9b29-3aa9d967dc3a,5b0fa12a-3dd7-45bb-9766-cc326314d9f1,7.38751049998973,5.456986417467991e-05,7.386773145670083e-06,13.189339155200004,49.48639876422797,20.0,2.5223093261197653e-05,0.000101534247894,3.824687444438395e-05,0.0001650042155996,0.0,Italy,ITA,lombardy,,,Windows-11-10.0.26200-SP0,3.13.13,3.2.6,32,13th Gen Intel(R) Core(TM) i9-13900HX,1,1 x NVIDIA GeForce RTX 4070 Laptop GPU,9.1922,45.4722,31.70067596435547,machine,0.0,35.6,40.9,12.960131072998047,N,1.0,0.0
2026-05-05T14:04:26,Q290_qwen2.5:14b_SQuAD,1828e975-3922-4016-b80b-9b6a1d467dc4,5b0fa12a-3dd7-45bb-9766-cc326314d9f1,3.143611299994518,1.961424235102392e-05,6.2393980932242245e-06,12.9547211456,40.25308119348776,20.0,9.503898304110812e-06,3.513252810599665e-05,1.4671631666634416e-05,5.930805807674188e-05,0.0,Italy,ITA,lombardy,,,Windows-11-10.0.26200-SP0,3.13.13,3.2.6,32,13th Gen Intel(R) Core(TM) i9-13900HX,1,1 x NVIDIA GeForce RTX 4070 Laptop GPU,9.1922,45.4722,31.70067596435547,machine,0.0,98.0,40.9,12.958843231201172,N,1.0,0.0
2026-05-05T14:04:57,Q291_qwen2.5:14b_MMLU,53fd5539-84fc-465b-9716-800c059b0665,5b0fa12a-3dd7-45bb-9766-cc326314d9f1,15.96498160000192,0.0001210420980683,7.581724871409988e-06,13.22460436736,50.35538078773957,20.0,5.6800396866082496e-05,0.000223297123082,8.590039388889433e-05,0.0003659979138369,0.0,Italy,ITA,lombardy,,,Windows-11-10.0.26200-SP0,3.13.13,3.2.6,32,13th Gen Intel(R) Core(TM) i9-13900HX,1,1 x NVIDIA GeForce RTX 4070 Laptop GPU,9.1922,45.4722,31.70067596435547,machine,0.0,39.57142857142857,40.9,12.96534674508231,N,1.0,0.0
2026-05-05T14:05:40,Q292_qwen2.5:14b_MMLU,ed3f52d7-d723-4b6c-8388-24612228c5ff,5b0fa12a-3dd7-45bb-9766-cc326314d9f1,7.178014000004623,5.0140780383533725e-05,6.985327749918213e-06,13.351246860800002,45.023440899428486,20.0,2.4760456214837863e-05,8.97614606980568e-05,3.708997111114312e-05,0.000151611888024,0.0,Italy,ITA,lombardy,,,Windows-11-10.0.26200-SP0,3.13.13,3.2.6,32,13th Gen Intel(R) Core(TM) i9-13900HX,1,1 x NVIDIA GeForce RTX 4070 Laptop GPU,9.1922,45.4722,31.70067596435547,machine,0.0,40.2,40.9,12.965237426757811,N,1.0,0.0
2026-05-05T14:06:10,Q293_qwen2.5:14b_SQuAD,dbf91af5-22b5-48be-a97a-c0bddc21e344,5b0fa12a-3dd7-45bb-9766-cc326314d9f1,5.163813800012576,3.3176245312868145e-05,6.424756313402963e-06,13.3704227648,39.82232427980781,20.0,1.7312260349488217e-05,5.7108101242042686e-05,2.5895452222256507e-05,0.0001003158138137,0.0,Italy,ITA,lombardy,,,Windows-11-10.0.26200-SP0,3.13.13,3.2.6,32,13th Gen Intel(R) Core(TM) i9-13900HX,1,1 x NVIDIA GeForce RTX 4070 Laptop GPU,9.1922,45.4722,31.70067596435547,machine,0.0,35.333333333333336,40.8,12.947338104248049,N,1.0,0.0
2026-05-05T14:06:53,Q294_qwen2.5:14b_HumanEval,0048595b-a032-43a2-a7ef-78746b471a69,5b0fa12a-3dd7-45bb-9766-cc326314d9f1,27.63181409999379,0.0002173154804295,7.864683789603867e-06,13.53095249984,53.60775984397152,20.0,0.0001001733396371,0.000409030605002,0.0001478981194443,0.0006571020640835,0.0,Italy,ITA,lombardy,,,Windows-11-10.0.26200-SP0,3.13.13,3.2.6,32,13th Gen Intel(R) Core(TM) i9-13900HX,1,1 x NVIDIA GeForce RTX 4070 Laptop GPU,9.1922,45.4722,31.70067596435547,machine,0.0,41.04,40.896,12.966689910888672,N,1.0,0.0
2026-05-05T14:07:52,Q295_qwen2.5:14b_SQuAD,8ea7ce38-51cb-4439-83e7-b9d3727209a6,5b0fa12a-3dd7-45bb-9766-cc326314d9f1,3.8814528999937465,2.3505687406783465e-05,6.055899172915723e-06,13.024781312000002,37.1803186481471,20.0,1.222521458959581e-05,4.007808761796738e-05,1.877141222220316e-05,7.107471442976634e-05,0.0,Italy,ITA,lombardy,,,Windows-11-10.0.26200-SP0,3.13.13,3.2.6,32,13th Gen Intel(R) Core(TM) i9-13900HX,1,1 x NVIDIA GeForce RTX 4070 Laptop GPU,9.1922,45.4722,31.70067596435547,machine,0.0,50.0,40.9,12.959711074829102,N,1.0,0.0
2026-05-05T14:08:22,Q296_qwen2.5:14b_MMLU,f6f25299-025f-4e63-8c1c-cf6ede4cdbf7,5b0fa12a-3dd7-45bb-9766-cc326314d9f1,15.44465580000542,0.0001190863759389,7.710523140237986e-06,13.159131828114289,51.85468830303923,20.0,5.4619731663071445e-05,0.000222451289072,8.301332888893537e-05,0.000360084349624,0.0,Italy,ITA,lombardy,,,Windows-11-10.0.26200-SP0,3.13.13,3.2.6,32,13th Gen Intel(R) Core(TM) i9-13900HX,1,1 x NVIDIA GeForce RTX 4070 Laptop GPU,9.1922,45.4722,31.70067596435547,machine,6.923076923076923,44.61538461538461,40.89999999999999,12.95290521474985,N,1.0,0.0
2026-05-05T14:09:35,Q297_qwen2.5:14b_HumanEval,f51ba00d-9bfd-4cff-8bb9-22e5473888ca,5b0fa12a-3dd7-45bb-9766-cc326314d9f1,27.519203800009564,0.0002181501611285,7.927197411447414e-06,13.17064227296,55.01636308643023,20.0,9.702128379456584e-05,0.000415306443356,0.0001472981811112,0.0006596259082618,0.0,Italy,ITA,lombardy,,,Windows-11-10.0.26200-SP0,3.13.13,3.2.6,32,13th Gen Intel(R) Core(TM) i9-13900HX,1,1 x NVIDIA GeForce RTX 4070 Laptop GPU,9.1922,45.4722,31.70067596435547,machine,0.0,39.8,41.004,13.008174285888671,N,1.0,0.0
2026-05-05T14:10:35,Q298_qwen2.5:14b_HellaSwag,9cad3ce4-4eac-499d-84ed-e413fd2e43d3,5b0fa12a-3dd7-45bb-9766-cc326314d9f1,4.478769599998486,3.0273143324809204e-05,6.759254444528568e-06,13.0860599552,44.20798033491898,20.0,1.445660081848243e-05,5.498726621205874e-05,2.209376722223371e-05,9.153763425277488e-05,0.0,Italy,ITA,lombardy,,,Windows-11-10.0.26200-SP0,3.13.13,3.2.6,32,13th Gen Intel(R) Core(TM) i9-13900HX,1,1 x NVIDIA GeForce RTX 4070 Laptop GPU,9.1922,45.4722,31.70067596435547,machine,0.0,61.5,40.85,12.948348999023438,N,1.0,0.0
2026-05-05T14:11:07,Q299_qwen2.5:14b_GSM8K,f818e213-4ab5-41fa-9c78-7c257d2ef81c,5b0fa12a-3dd7-45bb-9766-cc326314d9f1,16.603778999997303,0.0001564272322937,9.421182508738804e-06,6.575518209280001,78.36861104489611,20.0,5.847861500962569e-05,0.000236154077812,0.0001783601055556,0.0004729927983772,0.0,Italy,ITA,lombardy,,,Windows-11-10.0.26200-SP0,3.13.13,3.2.6,32,13th Gen Intel(R) Core(TM) i9-13900HX,1,1 x NVIDIA GeForce RTX 4070 Laptop GPU,9.1922,45.4722,31.70067596435547,machine,7.142857142857143,31.642857142857142,40.83571428571428,12.948451723371234,N,1.0,0.0
2026-05-05T14:12:29,Q300_qwen2.5:14b_MMLU,7534115e-4488-431a-ab3d-84f81b43a3af,5b0fa12a-3dd7-45bb-9766-cc326314d9f1,37.19733080000151,0.0002974361826575,7.996170054695754e-06,13.318807231977145,55.59766598665498,20.0,0.000132608446217,0.0005685385103859,0.000198218008889,0.000899364965492,0.0,Italy,ITA,lombardy,,,Windows-11-10.0.26200-SP0,3.13.13,3.2.6,32,13th Gen Intel(R) Core(TM) i9-13900HX,1,1 x NVIDIA GeForce RTX 4070 Laptop GPU,9.1922,45.4722,31.70067596435547,machine,5.08,39.74285714285714,40.8,12.938543265206471,N,1.0,0.0
2026-05-05T14:14:04,Q301_qwen2.5:14b_GSM8K,2976d209-53ca-46ed-8ece-1a847de1288d,5b0fa12a-3dd7-45bb-9766-cc326314d9f1,29.512663400004385,0.0002357992223682,7.98976423009671e-06,13.47248479616,54.7296796393007,20.0,0.0001066604762808,0.0004479773028259,0.0001583540216667,0.0007129918007735,0.0,Italy,ITA,lombardy,,,Windows-11-10.0.26200-SP0,3.13.13,3.2.6,32,13th Gen Intel(R) Core(TM) i9-13900HX,1,1 x NVIDIA GeForce RTX 4070 Laptop GPU,9.1922,45.4722,31.70067596435547,machine,0.0,41.22222222222222,40.9,12.964257416901765,N,1.0,0.0
2026-05-05T14:15:11,Q302_qwen2.5:14b_GSM8K,c22070e4-9e7b-417d-bfe3-8672badcbcca,5b0fa12a-3dd7-45bb-9766-cc326314d9f1,11.288527800003068,8.188746563545054e-05,7.25404296168968e-06,13.570370197760004,46.907755095374576,20.0,4.065117893806855e-05,0.0001470431731899,5.9910754444475365e-05,0.0002476051065725,0.0,Italy,ITA,lombardy,,,Windows-11-10.0.26200-SP0,3.13.13,3.2.6,32,13th Gen Intel(R) Core(TM) i9-13900HX,1,1 x NVIDIA GeForce RTX 4070 Laptop GPU,9.1922,45.4722,31.70067596435547,machine,0.0,41.0,40.8,12.931940714518229,N,1.0,0.0
2026-05-05T14:15:52,Q303_qwen2.5:14b_HellaSwag,cccee1f0-c780-45c7-89b1-b49ce67b0075,5b0fa12a-3dd7-45bb-9766-cc326314d9f1,6.794009800010826,4.834306838589844e-05,7.115542928098427e-06,13.2703078976,46.645803510595854,20.0,2.319552799804834e-05,8.802284819597883e-05,3.495772666671352e-05,0.0001461761028607,0.0,Italy,ITA,lombardy,,,Windows-11-10.0.26200-SP0,3.13.13,3.2.6,32,13th Gen Intel(R) Core(TM) i9-13900HX,1,1 x NVIDIA GeForce RTX 4070 Laptop GPU,9.1922,45.4722,31.70067596435547,machine,0.0,36.8,40.8,12.931462860107422,N,1.0,0.0
2026-05-05T14:16:33,Q304_qwen2.5:14b_HellaSwag,1c44e76a-244d-4052-a004-f5b4c700c113,5b0fa12a-3dd7-45bb-9766-cc326314d9f1,15.548115900004632,0.0001185538899715,7.624968242713879e-06,13.205737378742858,50.8709408516421,20.0,5.5192121527990175e-05,0.000219694897978,8.358723944442723e-05,0.0003584742589504,0.0,Italy,ITA,lombardy,,,Windows-11-10.0.26200-SP0,3.13.13,3.2.6,32,13th Gen Intel(R) Core(TM) i9-13900HX,1,1 x NVIDIA GeForce RTX 4070 Laptop GPU,9.1922,45.4722,31.70067596435547,machine,0.0,51.84615384615385,40.76153846153846,12.920672490046574,N,1.0,0.0
2026-05-05T14:17:32,Q305_qwen2.5:14b_MMLU,2d911108-771e-4203-b0df-7a579b660446,5b0fa12a-3dd7-45bb-9766-cc326314d9f1,13.379451499989957,0.0001021849362567,7.637453318384351e-06,13.197393651200002,51.19165417981527,20.0,4.720525071767162e-05,0.000190237374412,7.153643333327233e-05,0.0003089790584629,0.0,Italy,ITA,lombardy,,,Windows-11-10.0.26200-SP0,3.13.13,3.2.6,32,13th Gen Intel(R) Core(TM) i9-13900HX,1,1 x NVIDIA GeForce RTX 4070 Laptop GPU,9.1922,45.4722,31.70067596435547,machine,3.9,44.0,40.71818181818182,12.91472764448686,N,1.0,0.0
2026-05-05T14:18:18,Q306_qwen2.5:14b_SQuAD,8b617bbe-cb8b-4a01-a234-33089946893d,5b0fa12a-3dd7-45bb-9766-cc326314d9f1,11.05036839999957,8.170091663205834e-05,7.39350161683854e-06,13.210667989760005,48.79619802468786,20.0,3.870231238355288e-05,0.0001497470642419,5.859165722221304e-05,0.0002470410338477,0.0,Italy,ITA,lombardy,,,Windows-11-10.0.26200-SP0,3.13.13,3.2.6,32,13th Gen Intel(R) Core(TM) i9-13900HX,1,1 x NVIDIA GeForce RTX 4070 Laptop GPU,9.1922,45.4722,31.70067596435547,machine,0.0,38.55555555555556,40.7,12.911136627197266,N,1.0,0.0
2026-05-05T14:19:03,Q307_qwen2.5:14b_GSM8K,95ca6589-d436-49a2-916f-2564a1a07eec,5b0fa12a-3dd7-45bb-9766-cc326314d9f1,9.89699730000575,7.270305020059893e-05,7.345970499613724e-06,13.321370470400002,48.37580148973811,20.0,3.4747718801375414e-05,0.0001329187174459,5.216753166670161e-05,0.000219833967914,0.0,Italy,ITA,lombardy,,,Windows-11-10.0.26200-SP0,3.13.13,3.2.6,32,13th Gen Intel(R) Core(TM) i9-13900HX,1,1 x NVIDIA GeForce RTX 4070 Laptop GPU,9.1922,45.4722,31.70067596435547,machine,0.0,46.75,40.775,12.920661449432371,N,1.0,0.0
2026-05-05T14:19:54,Q308_qwen2.5:14b_HellaSwag,0b44aaee-b43e-418c-bb96-f64a923a4f4d,5b0fa12a-3dd7-45bb-9766-cc326314d9f1,16.18254860000161,0.0001266787731197,7.828110160578171e-06,13.184149967360002,53.06355412970972,20.0,5.742275289269767e-05,0.000238511024142,8.71078872222117e-05,0.0003830416642569,0.0,Italy,ITA,lombardy,,,Windows-11-10.0.26200-SP0,3.13.13,3.2.6,32,13th Gen Intel(R) Core(TM) i9-13900HX,1,1 x NVIDIA GeForce RTX 4070 Laptop GPU,9.1922,45.4722,31.70067596435547,machine,3.2142857142857144,43.21428571428572,40.73571428571428,12.917329515729632,N,1.0,0.0
2026-05-05T14:21:15,Q309_qwen2.5:14b_MMLU,0bbe7f79-acee-463c-a0ca-dcb1cc154dd7,5b0fa12a-3dd7-45bb-9766-cc326314d9f1,35.9751522999868,0.0002885000197504,8.01942455572433e-06,13.51174734336,56.32384552803856,20.0,0.0001298987232158,0.0005509734963339,0.0001914722544444,0.0008723444739942,0.0,Italy,ITA,lombardy,,,Windows-11-10.0.26200-SP0,3.13.13,3.2.6,32,13th Gen Intel(R) Core(TM) i9-13900HX,1,1 x NVIDIA GeForce RTX 4070 Laptop GPU,9.1922,45.4722,31.70067596435547,machine,5.294117647058823,42.02941176470589,40.794117647058826,12.925140941844267,N,1.0,0.0
2026-05-05T14:22:29,Q310_qwen2.5:14b_SQuAD,2f366a66-fcb2-4e6d-ac46-697985c78808,5b0fa12a-3dd7-45bb-9766-cc326314d9f1,7.015561700012768,4.7036148348041725e-05,6.704544890248221e-06,13.36808816,42.04651710452183,20.0,2.417361890778986e-05,8.188534328595898e-05,3.616537499999848e-05,0.0001422243371937,0.0,Italy,ITA,lombardy,,,Windows-11-10.0.26200-SP0,3.13.13,3.2.6,32,13th Gen Intel(R) Core(TM) i9-13900HX,1,1 x NVIDIA GeForce RTX 4070 Laptop GPU,9.1922,45.4722,31.70067596435547,machine,0.0,50.8,40.98,12.984601593017578,N,1.0,0.0
2026-05-05T14:23:06,Q311_qwen2.5:14b_SQuAD,c68de6bf-6abd-46d6-9ff5-ee54a8864455,5b0fa12a-3dd7-45bb-9766-cc326314d9f1,12.416692500002682,9.62388039172659e-05,7.75076002866666e-06,13.26750449338182,52.4502060889698,20.0,4.391163652184946e-05,0.00018089458916,6.61933688889096e-05,0.0002909995945708,0.0,Italy,ITA,lombardy,,,Windows-11-10.0.26200-SP0,3.13.13,3.2.6,32,13th Gen Intel(R) Core(TM) i9-13900HX,1,1 x NVIDIA GeForce RTX 4070 Laptop GPU,9.1922,45.4722,31.70067596435547,machine,0.0,44.2,40.91,12.976539993286131,N,1.0,0.0
2026-05-05T14:23:47,Q312_qwen2.5:14b_MMLU,2c6c80c1-3dc0-45f8-ab68-e26f208bbbc9,5b0fa12a-3dd7-45bb-9766-cc326314d9f1,5.128917599999113,3.290652914021966e-05,6.41588181105217e-06,13.151364032,39.93991833743687,20.0,1.690344599843959e-05,5.689171217998501e-05,2.570510833328525e-05,9.950026651170984e-05,0.0,Italy,ITA,lombardy,,,Windows-11-10.0.26200-SP0,3.13.13,3.2.6,32,13th Gen Intel(R) Core(TM) i9-13900HX,1,1 x NVIDIA GeForce RTX 4070 Laptop GPU,9.1922,45.4722,31.70067596435547,machine,0.0,33.0,41.1,13.031452178955078,N,1.0,0.0
2026-05-05T14:24:19,Q313_qwen2.5:14b_GSM8K,0326c940-e586-4eca-a00b-085331c739cb,5b0fa12a-3dd7-45bb-9766-cc326314d9f1,17.311436599993613,0.0001348641126169,7.790463364372284e-06,13.068855361280002,57.77064426321475,20.0,5.976925638845448e-05,0.0002574268726079,9.05957438889244e-05,0.0004077918728853,0.0,Italy,ITA,lombardy,,,Windows-11-10.0.26200-SP0,3.13.13,3.2.6,32,13th Gen Intel(R) Core(TM) i9-13900HX,1,1 x NVIDIA GeForce RTX 4070 Laptop GPU,9.1922,45.4722,31.70067596435547,machine,0.0,42.266666666666666,41.1,13.0239013671875,N,1.0,0.0
2026-05-05T14:25:15,Q314_qwen2.5:14b_HellaSwag,02bb559e-22fe-4cfe-a94d-a33a1f417510,5b0fa12a-3dd7-45bb-9766-cc326314d9f1,10.680914299999133,7.922483589302525e-05,7.417420800111812e-06,13.13267823488,49.17224276347953,20.0,3.713172149047914e-05,0.0001458745611439,5.654776611109911e-05,0.0002395540487455,0.0,Italy,ITA,lombardy,,,Windows-11-10.0.26200-SP0,3.13.13,3.2.6,32,13th Gen Intel(R) Core(TM) i9-13900HX,1,1 x NVIDIA GeForce RTX 4070 Laptop GPU,9.1922,45.4722,31.70067596435547,machine,11.11111111111111,37.77777777777778,41.0,13.005099402533638,N,1.0,0.0
2026-05-05T14:26:24,Q315_qwen2.5:14b_HumanEval,35149dd6-7099-475b-a906-8b9dec83d2f7,5b0fa12a-3dd7-45bb-9766-cc326314d9f1,33.63456869999936,0.0002678808138682,7.964449202769727e-06,13.411402884640005,54.83348973332011,20.0,0.0001206192541359,0.000510922075404,0.0001784563538888,0.0008099976834288,0.0,Italy,ITA,lombardy,,,Windows-11-10.0.26200-SP0,3.13.13,3.2.6,32,13th Gen Intel(R) Core(TM) i9-13900HX,1,1 x NVIDIA GeForce RTX 4070 Laptop GPU,9.1922,45.4722,31.70067596435547,machine,0.0,38.45161290322581,41.1,13.027630959787675,N,1.0,0.0
2026-05-05T14:27:34,Q316_qwen2.5:14b_HellaSwag,01cea418-6d19-44ed-ada3-69e08fa15342,5b0fa12a-3dd7-45bb-9766-cc326314d9f1,5.345268800010672,3.280410489784742e-05,6.137035596372988e-06,13.1623050944,36.76628454589112,20.0,1.770697519443818e-05,5.45789325519519e-05,2.690465611117866e-05,9.919056385756874e-05,0.0,Italy,ITA,lombardy,,,Windows-11-10.0.26200-SP0,3.13.13,3.2.6,32,13th Gen Intel(R) Core(TM) i9-13900HX,1,1 x NVIDIA GeForce RTX 4070 Laptop GPU,9.1922,45.4722,31.70067596435547,machine,0.0,67.0,41.2,13.047205607096354,N,1.0,0.0
2026-05-05T14:27:57,Q317_qwen2.5:14b_HellaSwag,4786cddb-a302-42e3-9689-7bff71016f2f,5b0fa12a-3dd7-45bb-9766-cc326314d9f1,7.983459800001583,5.772948876605305e-05,7.231136651560718e-06,13.1301665408,47.67920757608602,20.0,2.7283016952013896e-05,0.0001057181401299,4.15568916666315e-05,0.0001745580487486,0.0,Italy,ITA,lombardy,,,Windows-11-10.0.26200-SP0,3.13.13,3.2.6,32,13th Gen Intel(R) Core(TM) i9-13900HX,1,1 x NVIDIA GeForce RTX 4070 Laptop GPU,9.1922,45.4722,31.70067596435547,machine,16.666666666666668,39.5,41.1,13.028234481811523,N,1.0,0.0
2026-05-05T14:28:40,Q318_qwen2.5:14b_GSM8K,b9549602-79b7-4361-87b4-743bba10fd30,5b0fa12a-3dd7-45bb-9766-cc326314d9f1,17.29716770000232,0.000134553100258,7.778909390931174e-06,13.147127308160002,52.20075675048528,20.0,6.015017180114574e-05,0.0002561896493959,9.051163611107363e-05,0.0004068514573082,0.0,Italy,ITA,lombardy,,,Windows-11-10.0.26200-SP0,3.13.13,3.2.6,32,13th Gen Intel(R) Core(TM) i9-13900HX,1,1 x NVIDIA GeForce RTX 4070 Laptop GPU,9.1922,45.4722,31.70067596435547,machine,0.0,36.4,41.1,13.02521235148112,N,1.0,0.0
2026-05-05T14:29:34,Q319_qwen2.5:14b_MMLU,e2103ebb-0b15-4c86-b7a5-e3e91fdaed29,5b0fa12a-3dd7-45bb-9766-cc326314d9f1,8.510075199999847,6.250415934786529e-05,7.344724679738014e-06,13.549470875428572,48.38869325900831,20.0,3.0139025616345224e-05,0.0001143698137179,4.448649611117112e-05,0.0001889953354455,0.0,Italy,ITA,lombardy,,,Windows-11-10.0.26200-SP0,3.13.13,3.2.6,32,13th Gen Intel(R) Core(TM) i9-13900HX,1,1 x NVIDIA GeForce RTX 4070 Laptop GPU,9.1922,45.4722,31.70067596435547,machine,0.0,54.16666666666666,41.11666666666667,13.02724583943685,N,1.0,0.0
2026-05-05T14:30:04,Q320_qwen2.5:14b_SQuAD,0b832f8b-3d7d-42f9-88a7-16c9c5d806c6,5b0fa12a-3dd7-45bb-9766-cc326314d9f1,5.1620540999865625,3.50936810748219e-05,6.798394669074323e-06,13.231300505600002,44.0259055744245,20.0,1.7123865683641208e-05,6.31067171519839e-05,2.5883027777712818e-05,0.0001061136106133,0.0,Italy,ITA,lombardy,,,Windows-11-10.0.26200-SP0,3.13.13,3.2.6,32,13th Gen Intel(R) Core(TM) i9-13900HX,1,1 x NVIDIA GeForce RTX 4070 Laptop GPU,9.1922,45.4722,31.70067596435547,machine,0.0,50.0,41.16666666666666,13.04564921061198,N,1.0,0.0
2026-05-05T14:30:31,Q321_qwen2.5:14b_MMLU,2732d430-b30f-4e14-bbf0-d6130ee3d934,5b0fa12a-3dd7-45bb-9766-cc326314d9f1,11.948723899986362,9.057066929476644e-05,7.579944942477899e-06,13.22620429847273,50.686565106511225,20.0,4.205322173448435e-05,0.000168217634574,6.358986277773511e-05,0.0002738607190862,0.0,Italy,ITA,lombardy,,,Windows-11-10.0.26200-SP0,3.13.13,3.2.6,32,13th Gen Intel(R) Core(TM) i9-13900HX,1,1 x NVIDIA GeForce RTX 4070 Laptop GPU,9.1922,45.4722,31.70067596435547,machine,8.18,49.6,41.190000000000005,13.053479385375976,N,1.0,0.0
2026-05-05T14:31:10,Q322_qwen2.5:14b_SQuAD,dc6c9a6f-00a4-427f-8c2d-1eb83e15601b,5b0fa12a-3dd7-45bb-9766-cc326314d9f1,3.5677501000027405,2.3463047381067432e-05,6.5764268021601086e-06,13.0241506304,43.23251297873025,20.0,1.1088809601941415e-05,4.282975648606247e-05,1.7027216666691754e-05,7.094578275469563e-05,0.0,Italy,ITA,lombardy,,,Windows-11-10.0.26200-SP0,3.13.13,3.2.6,32,13th Gen Intel(R) Core(TM) i9-13900HX,1,1 x NVIDIA GeForce RTX 4070 Laptop GPU,9.1922,45.4722,31.70067596435547,machine,0.0,65.0,41.1,13.040163040161133,N,1.0,0.0
2026-05-05T14:32:01,Q323_qwen2.5:14b_HumanEval,4b9ece7f-5dca-4a09-93a9-e5fca65d6ade,5b0fa12a-3dd7-45bb-9766-cc326314d9f1,36.78584549999505,0.0002949555318205,8.018180031246253e-06,13.42160300425143,55.82202346436321,20.0,0.0001319579855363,0.00056392267336,0.0001959835027777,0.0008918641616742,0.0,Italy,ITA,lombardy,,,Windows-11-10.0.26200-SP0,3.13.13,3.2.6,32,13th Gen Intel(R) Core(TM) i9-13900HX,1,1 x NVIDIA GeForce RTX 4070 Laptop GPU,9.1922,45.4722,31.70067596435547,machine,2.857142857142857,38.02857142857143,41.105714285714285,13.033440290178572,N,1.0,0.0
2026-05-05T14:33:12,Q324_qwen2.5:14b_MMLU,7a776587-aad1-4c41-86a0-562e22bd516b,5b0fa12a-3dd7-45bb-9766-cc326314d9f1,5.421558100002585,3.607173564938813e-05,6.653389115090536e-06,13.7089112096,41.84671503177141,20.0,1.8733439656048786e-05,6.300810596199247e-05,2.732943222225812e-05,0.0001090709778402,0.0,Italy,ITA,lombardy,,,Windows-11-10.0.26200-SP0,3.13.13,3.2.6,32,13th Gen Intel(R) Core(TM) i9-13900HX,1,1 x NVIDIA GeForce RTX 4070 Laptop GPU,9.1922,45.4722,31.70067596435547,machine,0.0,61.66666666666666,41.0,12.999802907307943,N,1.0,0.0
2026-05-05T14:34:05,Q325_qwen2.5:14b_HumanEval,3d999267-554b-402a-842f-551701445106,5b0fa12a-3dd7-45bb-9766-cc326314d9f1,37.3275646000111,0.0003022387655215,8.096932354421295e-06,13.35663562905143,56.70760742200213,20.0,0.0001327290555026,0.0005821599101719,0.0001989976855556,0.0009138866512302,0.0,Italy,ITA,lombardy,,,Windows-11-10.0.26200-SP0,3.13.13,3.2.6,32,13th Gen Intel(R) Core(TM) i9-13900HX,1,1 x NVIDIA GeForce RTX 4070 Laptop GPU,9.1922,45.4722,31.70067596435547,machine,2.857142857142857,39.05714285714286,41.0,12.99858681815011,N,1.0,0.0
2026-05-05T14:35:33,Q326_qwen2.5:14b_MMLU,32224233-6364-4b8b-852d-49082f1cb1fb,5b0fa12a-3dd7-45bb-9766-cc326314d9f1,22.8951442999969,0.0001788156626326,7.810200289178858e-06,13.32848780144,54.03502513855937,20.0,8.159963398050738e-05,0.0003374922144379,0.0001215973872222,0.0005406892356407,0.0,Italy,ITA,lombardy,,,Windows-11-10.0.26200-SP0,3.13.13,3.2.6,32,13th Gen Intel(R) Core(TM) i9-13900HX,1,1 x NVIDIA GeForce RTX 4070 Laptop GPU,9.1922,45.4722,31.70067596435547,machine,0.0,40.80952380952381,41.0,12.999341873895554,N,1.0,0.0
2026-05-05T14:36:39,Q327_qwen2.5:14b_SQuAD,bc28988e-f32f-4539-8099-3c4fc535939d,5b0fa12a-3dd7-45bb-9766-cc326314d9f1,10.665108800007149,7.95745387233591e-05,7.461202713966292e-06,13.49036165504,49.310212493876826,20.0,3.80832984468465e-05,0.0001460690057439,5.645914944446607e-05,0.0002406114536352,0.0,Italy,ITA,lombardy,,,Windows-11-10.0.26200-SP0,3.13.13,3.2.6,32,13th Gen Intel(R) Core(TM) i9-13900HX,1,1 x NVIDIA GeForce RTX 4070 Laptop GPU,9.1922,45.4722,31.70067596435547,machine,0.0,45.77777777777778,41.0,13.003669738769531,N,1.0,0.0
2026-05-05T14:37:46,Q328_qwen2.5:14b_HumanEval,77d023c0-b191-4da9-a427-14bb9a9b7c26,5b0fa12a-3dd7-45bb-9766-cc326314d9f1,32.013922700003604,0.0002999657527726,9.369853097465414e-06,13.34448325744,51.33815137407824,20.0,0.0001686558420468,0.0004855537217759,0.0002528041238889,0.0009070136877117,0.0,Italy,ITA,lombardy,,,Windows-11-10.0.26200-SP0,3.13.13,3.2.6,32,13th Gen Intel(R) Core(TM) i9-13900HX,1,1 x NVIDIA GeForce RTX 4070 Laptop GPU,9.1922,45.4722,31.70067596435547,machine,6.0,40.56666666666667,41.01,13.005745061238606,N,1.0,0.0
2026-05-05T14:39:18,Q329_qwen2.5:14b_HumanEval,9a80aecf-d70b-46ca-9a41-e088018ef0e8,5b0fa12a-3dd7-45bb-9766-cc326314d9f1,37.02976999999373,0.0002996811821081,8.092979840494676e-06,13.221784105828574,56.8489456521562,20.0,0.0001308258271268,0.000577996851286,0.000197330546111,0.0009061532245239,0.0,Italy,ITA,lombardy,,,Windows-11-10.0.26200-SP0,3.13.13,3.2.6,32,13th Gen Intel(R) Core(TM) i9-13900HX,1,1 x NVIDIA GeForce RTX 4070 Laptop GPU,9.1922,45.4722,31.70067596435547,machine,0.52,40.8,41.0,13.002308654785155,N,1.0,0.0
2026-05-05T14:40:52,Q330_qwen2.5:14b_HumanEval,c8766013-ee2a-4cff-bc46-bca701c7e9fb,5b0fa12a-3dd7-45bb-9766-cc326314d9f1,27.98498429999745,0.0002226680693383,7.956698026032327e-06,13.320012426043078,54.72136861996557,20.0,9.994793590559556e-05,0.0004235053388039,0.0001498335416667,0.0006732868163762,0.0,Italy,ITA,lombardy,,,Windows-11-10.0.26200-SP0,3.13.13,3.2.6,32,13th Gen Intel(R) Core(TM) i9-13900HX,1,1 x NVIDIA GeForce RTX 4070 Laptop GPU,9.1922,45.4722,31.70067596435547,machine,3.8461538461538463,38.84615384615385,41.107692307692304,13.033500377948467,N,1.0,0.0
2026-05-05T14:41:58,Q331_qwen2.5:14b_HellaSwag,97900584-136d-4cb3-8ac8-a8642bc755f9,5b0fa12a-3dd7-45bb-9766-cc326314d9f1,11.280384400000912,8.549007700877754e-05,7.578649270921178e-06,13.418876852480002,50.56782841145991,20.0,4.017700890613519e-05,0.0001584409600859,5.988044055557112e-05,0.0002584984095476,0.0,Italy,ITA,lombardy,,,Windows-11-10.0.26200-SP0,3.13.13,3.2.6,32,13th Gen Intel(R) Core(TM) i9-13900HX,1,1 x NVIDIA GeForce RTX 4070 Laptop GPU,9.1922,45.4722,31.70067596435547,machine,0.0,44.11111111111112,41.077777777777776,13.020529429117838,N,1.0,0.0
2026-05-05T14:43:11,Q332_qwen2.5:14b_HumanEval,e793c115-da0b-4559-abbc-0550ab9024ba,5b0fa12a-3dd7-45bb-9766-cc326314d9f1,37.22262690000935,0.0002991095480322,8.035691538797777e-06,13.349000472845717,56.10022944610044,20.0,0.000132965975097,0.0005730635140059,0.0001983952716666,0.0009044247607696,0.0,Italy,ITA,lombardy,,,Windows-11-10.0.26200-SP0,3.13.13,3.2.6,32,13th Gen Intel(R) Core(TM) i9-13900HX,1,1 x NVIDIA GeForce RTX 4070 Laptop GPU,9.1922,45.4722,31.70067596435547,machine,0.0,40.97142857142857,41.03428571428572,13.010054670061384,N,1.0,0.0
2026-05-05T14:44:53,Q333_qwen2.5:14b_HumanEval,7a0db4b7-3edf-4752-a52d-bf443d068541,5b0fa12a-3dd7-45bb-9766-cc326314d9f1,37.21178620000137,0.0002998741481686,8.058579788589995e-06,13.318741385028574,56.50133197593656,20.0,0.0001319967395222,0.000576421850026,0.0001983181111111,0.0009067367006593,0.0,Italy,ITA,lombardy,,,Windows-11-10.0.26200-SP0,3.13.13,3.2.6,32,13th Gen Intel(R) Core(TM) i9-13900HX,1,1 x NVIDIA GeForce RTX 4070 Laptop GPU,9.1922,45.4722,31.70067596435547,machine,0.0,40.114285714285714,41.0,13.003290448869976,N,1.0,0.0
2026-05-05T14:46:08,Q334_qwen2.5:14b_MMLU,246515af-b3f7-40e3-981c-2ce08615a9ce,5b0fa12a-3dd7-45bb-9766-cc326314d9f1,9.736523300001863,7.268387066115352e-05,7.4650743824687e-06,13.1380741888,49.838222293973736,20.0,3.3699630345379914e-05,0.00013477649671,5.129984722225344e-05,0.0002197759742776,0.0,Italy,ITA,lombardy,,,Windows-11-10.0.26200-SP0,3.13.13,3.2.6,32,13th Gen Intel(R) Core(TM) i9-13900HX,1,1 x NVIDIA GeForce RTX 4070 Laptop GPU,9.1922,45.4722,31.70067596435547,machine,0.0,41.5,41.0875,13.015011310577393,N,1.0,0.0
2026-05-05T14:47:01,Q335_qwen2.5:14b_MMLU,43a01573-1ecc-436e-86bc-9e2c70399e74,5b0fa12a-3dd7-45bb-9766-cc326314d9f1,17.330784899997525,0.0001318744163465,7.6092581557876255e-06,13.250828468480002,53.30029440920296,20.0,6.10323218225133e-05,0.00024701686428,9.070266999996318e-05,0.0003987518561025,0.0,Italy,ITA,lombardy,,,Windows-11-10.0.26200-SP0,3.13.13,3.2.6,32,13th Gen Intel(R) Core(TM) i9-13900HX,1,1 x NVIDIA GeForce RTX 4070 Laptop GPU,9.1922,45.4722,31.70067596435547,machine,0.0,43.266666666666666,41.1,13.029605611165364,N,1.0,0.0
2026-05-05T14:47:51,Q336_qwen2.5:14b_SQuAD,391a9521-3bc0-45ce-b2e5-0c49c86adfd9,5b0fa12a-3dd7-45bb-9766-cc326314d9f1,4.747705200003111,3.1615765988963774e-05,6.659167883663682e-06,13.0919577248,42.91543015227416,20.0,1.5436648437886176e-05,5.657976748596472e-05,2.358093888890128e-05,9.559735481275218e-05,0.0,Italy,ITA,lombardy,,,Windows-11-10.0.26200-SP0,3.13.13,3.2.6,32,13th Gen Intel(R) Core(TM) i9-13900HX,1,1 x NVIDIA GeForce RTX 4070 Laptop GPU,9.1922,45.4722,31.70067596435547,machine,0.0,35.333333333333336,41.06666666666667,13.015132904052734,N,1.0,0.0
2026-05-05T14:48:22,Q337_qwen2.5:14b_GSM8K,4f060e14-e5ad-4bac-84ed-f6737630ff0b,5b0fa12a-3dd7-45bb-9766-cc326314d9f1,16.5826997999975,0.0001568663492577,9.45963872889585e-06,6.63803811328,112.98197734141227,20.0,5.904200344642719e-05,0.0002370076896059,0.0001782708738889,0.0004743205669413,0.0,Italy,ITA,lombardy,,,Windows-11-10.0.26200-SP0,3.13.13,3.2.6,32,13th Gen Intel(R) Core(TM) i9-13900HX,1,1 x NVIDIA GeForce RTX 4070 Laptop GPU,9.1922,45.4722,31.70067596435547,machine,0.0,41.35714285714285,41.1,13.017233712332589,N,1.0,0.0
2026-05-05T14:49:13,Q338_qwen2.5:14b_SQuAD,70033840-d40f-49a4-8c16-219fef13c0ed,5b0fa12a-3dd7-45bb-9766-cc326314d9f1,5.731281999993371,4.089284975846895e-05,7.1350266412499415e-06,13.022696299520002,47.54693702110392,20.0,1.891596196100285e-05,7.568283832404266e-05,2.904989666664429e-05,0.0001236486969516,0.0,Italy,ITA,lombardy,,,Windows-11-10.0.26200-SP0,3.13.13,3.2.6,32,13th Gen Intel(R) Core(TM) i9-13900HX,1,1 x NVIDIA GeForce RTX 4070 Laptop GPU,9.1922,45.4722,31.70067596435547,machine,0.0,44.75,41.025,13.009685516357422,N,1.0,0.0
2026-05-05T14:49:32,Q339_qwen2.5:14b_SQuAD,8e041bb5-9b6d-4ac7-9a1d-d0aa1b6e8680,5b0fa12a-3dd7-45bb-9766-cc326314d9f1,3.5807798000023467,2.331234093693377e-05,6.510408972067621e-06,13.094164275200002,42.43434781035294,20.0,1.1196213175481778e-05,4.219364486607313e-05,1.7100230000020625e-05,7.049008804157553e-05,0.0,Italy,ITA,lombardy,,,Windows-11-10.0.26200-SP0,3.13.13,3.2.6,32,13th Gen Intel(R) Core(TM) i9-13900HX,1,1 x NVIDIA GeForce RTX 4070 Laptop GPU,9.1922,45.4722,31.70067596435547,machine,0.0,68.0,41.1,13.015655517578123,N,1.0,0.0
2026-05-05T14:50:14,Q340_qwen2.5:14b_HumanEval,d5c7ba4a-3059-427e-84de-fe3a6cab1073,5b0fa12a-3dd7-45bb-9766-cc326314d9f1,27.257657399997697,0.0002153945070834,7.902165029175172e-06,13.43292099872,54.347657151252434,20.0,9.772244108828716e-05,0.0004077303261839,0.0001458408033332,0.0006512935706054,0.0,Italy,ITA,lombardy,,,Windows-11-10.0.26200-SP0,3.13.13,3.2.6,32,13th Gen Intel(R) Core(TM) i9-13900HX,1,1 x NVIDIA GeForce RTX 4070 Laptop GPU,9.1922,45.4722,31.70067596435547,machine,3.928,39.8,41.084,13.016224365234375,N,1.0,0.0
2026-05-05T14:51:29,Q341_qwen2.5:14b_GSM8K,9e40d59f-c372-40d4-bd80-bdcd4e211b57,5b0fa12a-3dd7-45bb-9766-cc326314d9f1,19.198349800004507,0.0001516600442792,7.899639597107966e-06,13.59921619232,54.89207983484343,20.0,6.861986190692477e-05,0.000288880231104,0.0001010780438889,0.0004585781368998,0.0,Italy,ITA,lombardy,,,Windows-11-10.0.26200-SP0,3.13.13,3.2.6,32,13th Gen Intel(R) Core(TM) i9-13900HX,1,1 x NVIDIA GeForce RTX 4070 Laptop GPU,9.1922,45.4722,31.70067596435547,machine,0.0,42.05882352941177,41.1,13.022895588594324,N,1.0,0.0
2026-05-05T14:52:38,Q342_qwen2.5:14b_GSM8K,76175a10-8252-47d7-b2f8-4520f962eb47,5b0fa12a-3dd7-45bb-9766-cc326314d9f1,23.81346260001009,0.0001863740763686,7.826416489660357e-06,13.246267591680002,53.81256518503368,20.0,8.423333717437417e-05,0.000352615837648,0.0001266946188889,0.0005635437937113,0.0,Italy,ITA,lombardy,,,Windows-11-10.0.26200-SP0,3.13.13,3.2.6,32,13th Gen Intel(R) Core(TM) i9-13900HX,1,1 x NVIDIA GeForce RTX 4070 Laptop GPU,9.1922,45.4722,31.70067596435547,machine,4.090909090909091,46.22727272727273,41.1,13.022485906427557,N,1.0,0.0
2026-05-05T14:53:43,Q343_qwen2.5:14b_MMLU,a3562601-8314-4250-a5e7-257394e28dc0,5b0fa12a-3dd7-45bb-9766-cc326314d9f1,9.250899699996808,6.689555712950788e-05,7.231248775676485e-06,13.4556204656,47.08454312961106,20.0,3.269763914359973e-05,0.0001209762078919,4.859986388886076e-05,0.0002022737109244,0.0,Italy,ITA,lombardy,,,Windows-11-10.0.26200-SP0,3.13.13,3.2.6,32,13th Gen Intel(R) Core(TM) i9-13900HX,1,1 x NVIDIA GeForce RTX 4070 Laptop GPU,9.1922,45.4722,31.70067596435547,machine,0.0,46.71428571428572,41.08571428571429,13.0155394417899,N,1.0,0.0
2026-05-05T14:54:17,Q344_qwen2.5:14b_HellaSwag,61857e10-9457-4d36-981e-1a395d825172,5b0fa12a-3dd7-45bb-9766-cc326314d9f1,9.062042800011112,6.49228618252459e-05,7.164263429120671e-06,13.367680385600002,46.47282623217803,20.0,3.178414093545801e-05,0.000116971760244,4.755292333340752e-05,0.0001963088245128,0.0,Italy,ITA,lombardy,,,Windows-11-10.0.26200-SP0,3.13.13,3.2.6,32,13th Gen Intel(R) Core(TM) i9-13900HX,1,1 x NVIDIA GeForce RTX 4070 Laptop GPU,9.1922,45.4722,31.70067596435547,machine,0.0,47.42857142857143,41.1,13.020355769566129,N,1.0,0.0
2026-05-05T14:55:22,Q345_qwen2.5:14b_HumanEval,f9a39607-ada6-4640-81e4-0e80151249b7,5b0fa12a-3dd7-45bb-9766-cc326314d9f1,30.31590380000125,0.0002367365054451,7.808987223570059e-06,13.23408741248,53.19121100253475,20.0,0.000107747777251,0.0004452631339879,0.0001628149749999,0.0007158258862389,0.0,Italy,ITA,lombardy,,,Windows-11-10.0.26200-SP0,3.13.13,3.2.6,32,13th Gen Intel(R) Core(TM) i9-13900HX,1,1 x NVIDIA GeForce RTX 4070 Laptop GPU,9.1922,45.4722,31.70067596435547,machine,3.571428571428572,40.392857142857146,41.08928571428572,13.02164431980678,N,1.0,0.0
2026-05-05T14:56:38,Q346_qwen2.5:14b_HumanEval,2795967f-7d0d-4448-a223-bd64cc6993a9,5b0fa12a-3dd7-45bb-9766-cc326314d9f1,19.17453319999913,0.0001493901835586,7.79107277347471e-06,13.462457698880002,54.61850235575724,20.0,6.816249315439428e-05,0.000282613837202,0.0001009383738888,0.0004517147042453,0.0,Italy,ITA,lombardy,,,Windows-11-10.0.26200-SP0,3.13.13,3.2.6,32,13th Gen Intel(R) Core(TM) i9-13900HX,1,1 x NVIDIA GeForce RTX 4070 Laptop GPU,9.1922,45.4722,31.70067596435547,machine,0.0,43.52941176470589,41.06470588235294,13.01475996129653,N,1.0,0.0
2026-05-05T14:57:44,Q347_qwen2.5:14b_HumanEval,5e45e867-2b13-40d6-bf27-7e22c669d6fb,5b0fa12a-3dd7-45bb-9766-cc326314d9f1,21.495526999991853,0.0001678058564377,7.806547680257848e-06,13.173637199360002,54.399145763200295,20.0,7.51362535797057e-05,0.000318427199186,0.0001138351661111,0.0005073986188768,0.0,Italy,ITA,lombardy,,,Windows-11-10.0.26200-SP0,3.13.13,3.2.6,32,13th Gen Intel(R) Core(TM) i9-13900HX,1,1 x NVIDIA GeForce RTX 4070 Laptop GPU,9.1922,45.4722,31.70067596435547,machine,0.0,42.10526315789474,41.05263157894737,13.01317777131733,N,1.0,0.0
2026-05-05T14:58:50,Q348_qwen2.5:14b_MMLU,1216634d-eb55-4ac6-93d3-7ea51818cdf8,5b0fa12a-3dd7-45bb-9766-cc326314d9f1,9.93435719999252,7.329752839888267e-05,7.378185314188005e-06,13.2251305728,48.78309344892431,20.0,3.4645822763111755e-05,0.000134592607674,5.239307555554357e-05,0.0002216315059926,0.0,Italy,ITA,lombardy,,,Windows-11-10.0.26200-SP0,3.13.13,3.2.6,32,13th Gen Intel(R) Core(TM) i9-13900HX,1,1 x NVIDIA GeForce RTX 4070 Laptop GPU,9.1922,45.4722,31.70067596435547,machine,0.0,45.5,41.0,13.007091522216797,N,1.0,0.0
2026-05-05T14:59:32,Q349_qwen2.5:14b_MMLU,f09afa8a-03e8-4afe-bf2a-cfcec5d1c437,5b0fa12a-3dd7-45bb-9766-cc326314d9f1,17.53475089999847,0.0001347010582429,7.681948777668502e-06,13.23800274368,48.01504969544957,20.0,6.161583502454057e-05,0.000253851314192,9.183169222225031e-05,0.0004072988414388,0.0,Italy,ITA,lombardy,,,Windows-11-10.0.26200-SP0,3.13.13,3.2.6,32,13th Gen Intel(R) Core(TM) i9-13900HX,1,1 x NVIDIA GeForce RTX 4070 Laptop GPU,9.1922,45.4722,31.70067596435547,machine,0.0,41.73333333333333,41.04,13.012591552734374,N,1.0,0.0
2026-05-05T15:00:26,Q350_qwen2.5:14b_MMLU,45b45ee2-1de2-41bb-a375-28745317348c,5b0fa12a-3dd7-45bb-9766-cc326314d9f1,7.916023700003279,5.416193045080895e-05,6.842062695035452e-06,13.407540756114289,43.19995384099255,20.0,2.7608984457644443e-05,9.497840931599331e-05,4.118334277777144e-05,0.0001637707365514,0.0,Italy,ITA,lombardy,,,Windows-11-10.0.26200-SP0,3.13.13,3.2.6,32,13th Gen Intel(R) Core(TM) i9-13900HX,1,1 x NVIDIA GeForce RTX 4070 Laptop GPU,9.1922,45.4722,31.70067596435547,machine,0.0,48.333333333333336,41.21666666666667,13.07482401529948,N,1.0,0.0
2026-05-05T15:01:00,Q351_qwen2.5:14b_MMLU,38552e8b-0fb5-4bd7-818d-6214192d4cca,5b0fa12a-3dd7-45bb-9766-cc326314d9f1,9.124135899997782,6.695129854112562e-05,7.3378234689755e-06,13.426258563200005,48.2902111306501,20.0,3.215865133865177e-05,0.000122380375682,4.790323055559485e-05,0.0002024422575763,0.0,Italy,ITA,lombardy,,,Windows-11-10.0.26200-SP0,3.13.13,3.2.6,32,13th Gen Intel(R) Core(TM) i9-13900HX,1,1 x NVIDIA GeForce RTX 4070 Laptop GPU,9.1922,45.4722,31.70067596435547,machine,0.0,42.57142857142857,41.2,13.066296713692802,N,1.0,0.0
2026-05-05T15:01:39,Q352_qwen2.5:14b_SQuAD,ec2ba4cf-3b35-41d8-854d-07f0e81b9ef9,5b0fa12a-3dd7-45bb-9766-cc326314d9f1,3.718103399995016,2.300800913149569e-05,6.188103626038624e-06,12.9312598784,38.969193424411,20.0,1.1536494906328852e-05,4.019142104205731e-05,1.7841956666638402e-05,6.956987261502456e-05,0.0,Italy,ITA,lombardy,,,Windows-11-10.0.26200-SP0,3.13.13,3.2.6,32,13th Gen Intel(R) Core(TM) i9-13900HX,1,1 x NVIDIA GeForce RTX 4070 Laptop GPU,9.1922,45.4722,31.70067596435547,machine,0.0,72.5,41.2,13.059499740600586,N,1.0,0.0
2026-05-05T15:01:58,Q353_qwen2.5:14b_SQuAD,493bbf79-aef9-4416-bdc9-df0b781953f9,5b0fa12a-3dd7-45bb-9766-cc326314d9f1,3.737659699996584,2.353423816714953e-05,6.296517087195243e-06,13.1352215936,39.86813379998165,20.0,1.1805932060192691e-05,4.138003310399929e-05,1.7975078888897164e-05,7.116104405308914e-05,0.0,Italy,ITA,lombardy,,,Windows-11-10.0.26200-SP0,3.13.13,3.2.6,32,13th Gen Intel(R) Core(TM) i9-13900HX,1,1 x NVIDIA GeForce RTX 4070 Laptop GPU,9.1922,45.4722,31.70067596435547,machine,0.0,65.0,41.2,13.066158294677734,N,1.0,0.0
2026-05-05T15:02:21,Q354_qwen2.5:14b_MMLU,6a51ceb2-9804-4e07-b5ac-4d924ccdc1c1,5b0fa12a-3dd7-45bb-9766-cc326314d9f1,8.037273599999025,5.619822847659561e-05,6.9922004990103134e-06,13.380244840228572,44.82340480988833,20.0,2.8006741666811475e-05,0.0001000592467139,4.186195166661896e-05,0.0001699279400473,0.0,Italy,ITA,lombardy,,,Windows-11-10.0.26200-SP0,3.13.13,3.2.6,32,13th Gen Intel(R) Core(TM) i9-13900HX,1,1 x NVIDIA GeForce RTX 4070 Laptop GPU,9.1922,45.4722,31.70067596435547,machine,0.0,59.833333333333336,41.2,13.064730962117514,N,1.0,0.0
2026-05-05T15:02:56,Q355_qwen2.5:14b_HellaSwag,e24d002d-1670-4173-99b6-2dc8c7edfeb0,5b0fa12a-3dd7-45bb-9766-cc326314d9f1,10.263253600001915,7.641830243636858e-05,7.445816445221066e-06,13.179166361600002,49.50904129568177,20.0,3.573087955914156e-05,0.000141114557336,5.4222428888897416e-05,0.000231067865784,0.0,Italy,ITA,lombardy,,,Windows-11-10.0.26200-SP0,3.13.13,3.2.6,32,13th Gen Intel(R) Core(TM) i9-13900HX,1,1 x NVIDIA GeForce RTX 4070 Laptop GPU,9.1922,45.4722,31.70067596435547,machine,0.0,43.5,41.2,13.060139179229736,N,1.0,0.0
2026-05-05T15:03:59,Q356_qwen2.5:14b_HumanEval,9e2fc22a-3101-4baa-96b5-91e516f58fa6,5b0fa12a-3dd7-45bb-9766-cc326314d9f1,37.30541990000347,0.0002985913479545,8.003966950511046e-06,13.277268402857144,55.40543271857718,20.0,0.0001319216690408,0.0005720565687559,0.0001988796288888,0.0009028578666857,0.0,Italy,ITA,lombardy,,,Windows-11-10.0.26200-SP0,3.13.13,3.2.6,32,13th Gen Intel(R) Core(TM) i9-13900HX,1,1 x NVIDIA GeForce RTX 4070 Laptop GPU,9.1922,45.4722,31.70067596435547,machine,0.0,40.2,41.2,13.055943952287947,N,1.0,0.0
2026-05-05T15:05:08,Q357_qwen2.5:14b_SQuAD,8c14566f-1e31-4c4d-bdde-ba1e206994d7,5b0fa12a-3dd7-45bb-9766-cc326314d9f1,4.151152600010391,2.8856497932070755e-05,6.951442337243521e-06,13.4345520896,46.28176974556643,20.0,1.362054002873062e-05,5.335754268603887e-05,2.0276006666730004e-05,8.72540893814995e-05,0.0,Italy,ITA,lombardy,,,Windows-11-10.0.26200-SP0,3.13.13,3.2.6,32,13th Gen Intel(R) Core(TM) i9-13900HX,1,1 x NVIDIA GeForce RTX 4070 Laptop GPU,9.1922,45.4722,31.70067596435547,machine,0.0,66.0,41.05,13.014251708984377,N,1.0,0.0
2026-05-05T15:05:28,Q358_qwen2.5:14b_SQuAD,4a94ad96-18fd-432e-8340-01ea74fc1f9d,5b0fa12a-3dd7-45bb-9766-cc326314d9f1,4.600097799993819,2.6476117246185883e-05,5.755555294111673e-06,13.1371240448,33.14977207968059,20.0,1.495115652012542e-05,4.2344478320022194e-05,2.276084000000588e-05,8.005647484015349e-05,0.0,Italy,ITA,lombardy,,,Windows-11-10.0.26200-SP0,3.13.13,3.2.6,32,13th Gen Intel(R) Core(TM) i9-13900HX,1,1 x NVIDIA GeForce RTX 4070 Laptop GPU,9.1922,45.4722,31.70067596435547,machine,0.0,30.33333333333333,41.06666666666667,13.016642252604166,N,1.0,0.0
2026-05-05T15:05:46,Q359_qwen2.5:14b_SQuAD,e56d4a49-bd2f-460b-90b5-7d9228531348,5b0fa12a-3dd7-45bb-9766-cc326314d9f1,3.34552000000258,1.859155117769513e-05,5.557148418685526e-06,13.2677590592,32.233234635699105,20.0,1.0477454243453876e-05,2.994530173400234e-05,1.5792966111136292e-05,5.621572208859251e-05,0.0,Italy,ITA,lombardy,,,Windows-11-10.0.26200-SP0,3.13.13,3.2.6,32,13th Gen Intel(R) Core(TM) i9-13900HX,1,1 x NVIDIA GeForce RTX 4070 Laptop GPU,9.1922,45.4722,31.70067596435547,machine,0.0,99.0,41.1,13.01361846923828,N,1.0,0.0
2026-05-05T15:06:10,Q360_qwen2.5:14b_SQuAD,8050e92e-dfe4-4cac-96f9-3c797279e1dc,5b0fa12a-3dd7-45bb-9766-cc326314d9f1,8.211742999992566,5.917487750397103e-05,7.206128772420739e-06,13.157161570742858,47.32133660931025,20.0,2.81747103363495e-05,0.000107926753008,4.2827042222213805e-05,0.0001789285055665,0.0,Italy,ITA,lombardy,,,Windows-11-10.0.26200-SP0,3.13.13,3.2.6,32,13th Gen Intel(R) Core(TM) i9-13900HX,1,1 x NVIDIA GeForce RTX 4070 Laptop GPU,9.1922,45.4722,31.70067596435547,machine,0.0,41.66666666666666,41.1,13.024910608927408,N,1.0,0.0
2026-05-05T15:06:59,Q361_qwen2.5:14b_GSM8K,8990cb6b-c418-4080-a368-7e3a4bc6ae5a,5b0fa12a-3dd7-45bb-9766-cc326314d9f1,24.546955400001025,0.000193042674798,7.864220700791074e-06,13.2327215424,53.87598671695841,20.0,8.660055603136202e-05,0.0003663275152839,0.0001307797244444,0.0005837077957597,0.0,Italy,ITA,lombardy,,,Windows-11-10.0.26200-SP0,3.13.13,3.2.6,32,13th Gen Intel(R) Core(TM) i9-13900HX,1,1 x NVIDIA GeForce RTX 4070 Laptop GPU,9.1922,45.4722,31.70067596435547,machine,0.0,39.31818181818182,41.1,13.030839746648615,N,1.0,0.0
2026-05-05T15:08:01,Q362_qwen2.5:14b_SQuAD,aa580d56-0f33-460e-8fd8-444b59f7db87,5b0fa12a-3dd7-45bb-9766-cc326314d9f1,6.6181641000002855,4.590760873865413e-05,6.936607803159814e-06,13.0991698112,44.93305143129672,20.0,2.2251973109879248e-05,8.258617717998851e-05,3.397379444448032e-05,0.0001388119447343,0.0,Italy,ITA,lombardy,,,Windows-11-10.0.26200-SP0,3.13.13,3.2.6,32,13th Gen Intel(R) Core(TM) i9-13900HX,1,1 x NVIDIA GeForce RTX 4070 Laptop GPU,9.1922,45.4722,31.70067596435547,machine,0.0,32.4,41.1,13.01984405517578,N,1.0,0.0
2026-05-05T15:09:00,Q363_qwen2.5:14b_HumanEval,0fd8127f-1612-44a6-90ed-2682723e3689,5b0fa12a-3dd7-45bb-9766-cc326314d9f1,34.006902299996,0.0002698848124939,7.936177488707706e-06,13.19260861232,55.87474007708132,20.0,0.0001193408250726,0.0005161654129319,0.0001805509844444,0.000816057222449,0.0,Italy,ITA,lombardy,,,Windows-11-10.0.26200-SP0,3.13.13,3.2.6,32,13th Gen Intel(R) Core(TM) i9-13900HX,1,1 x NVIDIA GeForce RTX 4070 Laptop GPU,9.1922,45.4722,31.70067596435547,machine,0.0,41.375,41.1,13.032180666923525,N,1.0,0.0
2026-05-05T15:10:30,Q364_qwen2.5:14b_GSM8K,7cd337e5-466e-4c8c-a483-97db57e7854e,5b0fa12a-3dd7-45bb-9766-cc326314d9f1,24.48803240001144,0.0001909109598456,7.796092259561518e-06,13.17463388544,53.73237934451653,20.0,8.599433692230455e-05,0.000360818621988,0.0001304491188889,0.0005772620777992,0.0,Italy,ITA,lombardy,,,Windows-11-10.0.26200-SP0,3.13.13,3.2.6,32,13th Gen Intel(R) Core(TM) i9-13900HX,1,1 x NVIDIA GeForce RTX 4070 Laptop GPU,9.1922,45.4722,31.70067596435547,machine,7.468181818181819,39.45454545454545,41.1,13.027009443803268,N,1.0,0.0
2026-05-05T15:11:51,Q365_qwen2.5:14b_HumanEval,3b1cd640-e9cb-43a4-81df-d2e872891c9a,5b0fa12a-3dd7-45bb-9766-cc326314d9f1,25.96770860000106,0.000203563179373,7.83908902046895e-06,13.36766179677091,54.02959358138283,20.0,9.259973256280904e-05,0.0003842458629519,0.0001386733038889,0.0006155188994037,0.0,Italy,ITA,lombardy,,,Windows-11-10.0.26200-SP0,3.13.13,3.2.6,32,13th Gen Intel(R) Core(TM) i9-13900HX,1,1 x NVIDIA GeForce RTX 4070 Laptop GPU,9.1922,45.4722,31.70067596435547,machine,0.0,41.875,41.1,13.021508057912191,N,1.0,0.0
2026-05-05T15:13:18,Q366_qwen2.5:14b_HumanEval,1d61e9b3-d266-49a9-9237-a37b7f8ae776,5b0fa12a-3dd7-45bb-9766-cc326314d9f1,31.51328720001038,0.0002494818496483,7.916719321119405e-06,13.27719710984,54.10672352786074,20.0,0.0001125469438596,0.000472337044536,0.0001694803027778,0.0007543642911734,0.0,Italy,ITA,lombardy,,,Windows-11-10.0.26200-SP0,3.13.13,3.2.6,32,13th Gen Intel(R) Core(TM) i9-13900HX,1,1 x NVIDIA GeForce RTX 4070 Laptop GPU,9.1922,45.4722,31.70067596435547,machine,3.4482758620689653,40.793103448275865,41.21034482758621,13.068313072467673,N,1.0,0.0
2026-05-05T15:14:32,Q367_qwen2.5:14b_MMLU,a6c90cd4-8728-48e2-9642-b00bba77bfc1,5b0fa12a-3dd7-45bb-9766-cc326314d9f1,8.275777899994864,5.888692366508762e-05,7.115575644571632e-06,13.142111184457146,46.337949211240094,20.0,2.837583572638552e-05,0.000106499807422,4.3182169444480685e-05,0.0001780578125928,0.0,Italy,ITA,lombardy,,,Windows-11-10.0.26200-SP0,3.13.13,3.2.6,32,13th Gen Intel(R) Core(TM) i9-13900HX,1,1 x NVIDIA GeForce RTX 4070 Laptop GPU,9.1922,45.4722,31.70067596435547,machine,0.0,45.833333333333336,41.2,13.050138473510742,N,1.0,0.0
2026-05-05T15:15:03,Q368_qwen2.5:14b_SQuAD,7644170b-627c-4dba-b651-e7bfa444aa54,5b0fa12a-3dd7-45bb-9766-cc326314d9f1,6.081818599996041,3.904125551859136e-05,6.419339031028774e-06,13.280610713600002,39.39202679771515,20.0,2.0572514109904983e-05,6.649699764199601e-05,3.0980474999927945e-05,0.0001180499867518,0.0,Italy,ITA,lombardy,,,Windows-11-10.0.26200-SP0,3.13.13,3.2.6,32,13th Gen Intel(R) Core(TM) i9-13900HX,1,1 x NVIDIA GeForce RTX 4070 Laptop GPU,9.1922,45.4722,31.70067596435547,machine,0.0,43.75,41.275,13.082714080810549,N,1.0,0.0
2026-05-05T15:15:22,Q369_qwen2.5:14b_HellaSwag,b79bad68-f320-47f5-876e-1e8db0ac6385,5b0fa12a-3dd7-45bb-9766-cc326314d9f1,4.343513600004371,2.8264197956342378e-05,6.507219859128318e-06,13.348690112,41.35273986536328,20.0,1.4243555520998725e-05,4.987976212594836e-05,2.133982000005845e-05,8.546313764700553e-05,0.0,Italy,ITA,lombardy,,,Windows-11-10.0.26200-SP0,3.13.13,3.2.6,32,13th Gen Intel(R) Core(TM) i9-13900HX,1,1 x NVIDIA GeForce RTX 4070 Laptop GPU,9.1922,45.4722,31.70067596435547,machine,0.0,34.0,41.3,13.08509635925293,N,1.0,0.0
2026-05-05T15:15:42,Q370_qwen2.5:14b_SQuAD,666aab39-30ef-4853-ace1-22ecf5133eb2,5b0fa12a-3dd7-45bb-9766-cc326314d9f1,4.749567399994703,3.1817731489399005e-05,6.699079897136419e-06,13.0614221504,43.3648520553187,20.0,1.541072645562628e-05,5.720087909394378e-05,2.3596437222214365e-05,9.620804277178444e-05,0.0,Italy,ITA,lombardy,,,Windows-11-10.0.26200-SP0,3.13.13,3.2.6,32,13th Gen Intel(R) Core(TM) i9-13900HX,1,1 x NVIDIA GeForce RTX 4070 Laptop GPU,9.1922,45.4722,31.70067596435547,machine,0.0,62.333333333333336,41.3,13.082860310872396,N,1.0,0.0
2026-05-05T15:16:01,Q371_qwen2.5:14b_SQuAD,ac792110-3155-4115-863d-5ad36ac6a9bf,5b0fa12a-3dd7-45bb-9766-cc326314d9f1,4.178118900003028,2.468654340938232e-05,5.908530609161082e-06,13.2710555648,35.05717795372471,20.0,1.3549961911782042e-05,4.067586587397365e-05,2.041946944445953e-05,7.464529723021523e-05,0.0,Italy,ITA,lombardy,,,Windows-11-10.0.26200-SP0,3.13.13,3.2.6,32,13th Gen Intel(R) Core(TM) i9-13900HX,1,1 x NVIDIA GeForce RTX 4070 Laptop GPU,9.1922,45.4722,31.70067596435547,machine,0.0,77.0,41.25,13.078577041625977,N,1.0,0.0
2026-05-05T15:16:22,Q372_qwen2.5:14b_HellaSwag,648c5c29-c185-4352-833c-42a1df1ff797,5b0fa12a-3dd7-45bb-9766-cc326314d9f1,5.909482300005038,3.733725703556961e-05,6.318194241065377e-06,13.31746197248,38.29634041304217,20.0,2.00037456777484e-05,6.285338361600168e-05,3.0040436111125423e-05,0.0001128975654048,0.0,Italy,ITA,lombardy,,,Windows-11-10.0.26200-SP0,3.13.13,3.2.6,32,13th Gen Intel(R) Core(TM) i9-13900HX,1,1 x NVIDIA GeForce RTX 4070 Laptop GPU,9.1922,45.4722,31.70067596435547,machine,0.0,54.25,41.225,13.07518196105957,N,1.0,0.0
2026-05-05T15:16:48,Q373_qwen2.5:14b_HellaSwag,240a4ade-1ba7-49bc-9907-e8481dc89e83,5b0fa12a-3dd7-45bb-9766-cc326314d9f1,11.138848000002326,8.23133940272683e-05,7.389758261110225e-06,13.21871844224,48.722532383503975,20.0,3.90575137168275e-05,0.0001507420650379,5.909341777781568e-05,0.0002488929965325,0.0,Italy,ITA,lombardy,,,Windows-11-10.0.26200-SP0,3.13.13,3.2.6,32,13th Gen Intel(R) Core(TM) i9-13900HX,1,1 x NVIDIA GeForce RTX 4070 Laptop GPU,9.1922,45.4722,31.70067596435547,machine,0.0,37.0,41.25555555555556,13.075488620334202,N,1.0,0.0
2026-05-05T15:17:30,Q374_qwen2.5:14b_HellaSwag,25f1495f-80a3-43ca-90ac-62ab3fde766d,5b0fa12a-3dd7-45bb-9766-cc326314d9f1,6.257062900011079,3.847016976744884e-05,6.148279213779476e-06,13.351389570560002,36.25578521943908,20.0,2.134390335209264e-05,6.300755040594685e-05,3.197172722227859e-05,0.0001163231809803,0.0,Italy,ITA,lombardy,,,Windows-11-10.0.26200-SP0,3.13.13,3.2.6,32,13th Gen Intel(R) Core(TM) i9-13900HX,1,1 x NVIDIA GeForce RTX 4070 Laptop GPU,9.1922,45.4722,31.70067596435547,machine,25.0,30.75,41.575,13.17289924621582,N,1.0,0.0
2026-05-05T15:18:02,Q375_qwen2.5:14b_HellaSwag,f9401054-6d18-44bf-a8db-c2c229837d7f,5b0fa12a-3dd7-45bb-9766-cc326314d9f1,7.40900959999999,5.145032976826558e-05,6.9442924960261424e-06,13.4826268544,44.381308226964215,20.0,2.586892326906675e-05,9.132979528603258e-05,3.837288555554956e-05,0.0001555716041106,0.0,Italy,ITA,lombardy,,,Windows-11-10.0.26200-SP0,3.13.13,3.2.6,32,13th Gen Intel(R) Core(TM) i9-13900HX,1,1 x NVIDIA GeForce RTX 4070 Laptop GPU,9.1922,45.4722,31.70067596435547,machine,0.0,39.4,41.5,13.157174682617187,N,1.0,0.0
2026-05-05T15:18:31,Q376_qwen2.5:14b_SQuAD,1e6fa67d-59d7-4c48-9a45-8ff88ab22053,5b0fa12a-3dd7-45bb-9766-cc326314d9f1,3.4102221000066493,1.920211116211424e-05,5.630750900968239e-06,13.116286208000002,33.05921328780742,20.0,1.0595991448829073e-05,3.130974726994751e-05,1.6156148333377335e-05,5.806188705215392e-05,0.0,Italy,ITA,lombardy,,,Windows-11-10.0.26200-SP0,3.13.13,3.2.6,32,13th Gen Intel(R) Core(TM) i9-13900HX,1,1 x NVIDIA GeForce RTX 4070 Laptop GPU,9.1922,45.4722,31.70067596435547,machine,0.0,98.0,41.5,13.159427642822266,N,1.0,0.0
2026-05-05T15:19:01,Q377_qwen2.5:14b_GSM8K,22dbaeaa-15cf-4b4e-852c-a090a36fea6b,5b0fa12a-3dd7-45bb-9766-cc326314d9f1,15.256024900008924,0.0001206710959372,7.909733808655008e-06,15.377195162514289,51.89013026987109,20.0,6.302081427036959e-05,0.0002198896203559,8.196567111113434e-05,0.0003648761057374,0.0,Italy,ITA,lombardy,,,Windows-11-10.0.26200-SP0,3.13.13,3.2.6,32,13th Gen Intel(R) Core(TM) i9-13900HX,1,1 x NVIDIA GeForce RTX 4070 Laptop GPU,9.1922,45.4722,31.70067596435547,machine,0.0,34.0,41.8,13.251141181358925,N,1.0,0.0
2026-05-05T15:20:14,Q378_qwen2.5:14b_MMLU,380240b7-2424-49ff-b09b-6a04d427c5b2,5b0fa12a-3dd7-45bb-9766-cc326314d9f1,7.660121599998092,5.326145298786782e-05,6.953081918161859e-06,13.321623740342858,44.55590297848553,20.0,2.6487748607327992e-05,9.479452027999492e-05,3.976567222222608e-05,0.0001610479411095,0.0,Italy,ITA,lombardy,,,Windows-11-10.0.26200-SP0,3.13.13,3.2.6,32,13th Gen Intel(R) Core(TM) i9-13900HX,1,1 x NVIDIA GeForce RTX 4070 Laptop GPU,9.1922,45.4722,31.70067596435547,machine,0.0,45.66666666666666,42.0,13.305720647176107,N,1.0,0.0
2026-05-05T15:21:09,Q379_qwen2.5:14b_GSM8K,a3d23209-38ff-43be-92e3-b83c05962958,5b0fa12a-3dd7-45bb-9766-cc326314d9f1,29.489147900007083,0.0002292900789455,7.77540537024247e-06,13.271046276114289,52.77387277758413,20.0,0.0001050659454597,0.0004299958995519,0.0001582481016666,0.0006933099466784,0.0,Italy,ITA,lombardy,,,Windows-11-10.0.26200-SP0,3.13.13,3.2.6,32,13th Gen Intel(R) Core(TM) i9-13900HX,1,1 x NVIDIA GeForce RTX 4070 Laptop GPU,9.1922,45.4722,31.70067596435547,machine,3.2925925925925927,39.44444444444444,41.84814814814814,13.262107566550926,N,1.0,0.0
2026-05-05T15:22:12,Q380_qwen2.5:14b_SQuAD,5468a129-7537-445d-a35b-f568f874798e,5b0fa12a-3dd7-45bb-9766-cc326314d9f1,7.941740299997036,5.947158375459999e-05,7.488482562773072e-06,13.11729292434286,50.52117097652711,20.0,2.710027762748577e-05,0.0001114062002359,4.131918555552451e-05,0.0001798256634189,0.0,Italy,ITA,lombardy,,,Windows-11-10.0.26200-SP0,3.13.13,3.2.6,32,13th Gen Intel(R) Core(TM) i9-13900HX,1,1 x NVIDIA GeForce RTX 4070 Laptop GPU,9.1922,45.4722,31.70067596435547,machine,0.0,36.0,41.7,13.2255490620931,N,1.0,0.0
2026-05-05T15:22:50,Q381_qwen2.5:14b_GSM8K,a293f929-6d14-4aaa-b064-c14dcba8782d,5b0fa12a-3dd7-45bb-9766-cc326314d9f1,12.532371900000726,9.47394199404323e-05,7.559576167734602e-06,13.55361053207273,50.08626734525959,20.0,4.529117490462457e-05,0.000174342917252,6.683177888884934e-05,0.0002864658710455,0.0,Italy,ITA,lombardy,,,Windows-11-10.0.26200-SP0,3.13.13,3.2.6,32,13th Gen Intel(R) Core(TM) i9-13900HX,1,1 x NVIDIA GeForce RTX 4070 Laptop GPU,9.1922,45.4722,31.70067596435547,machine,10.0,40.5,41.7,13.20527572631836,N,1.0,0.0
2026-05-05T15:24:02,Q382_qwen2.5:14b_HumanEval,3fb30c20-dd0d-4f4c-b726-1471e3b217bb,5b0fa12a-3dd7-45bb-9766-cc326314d9f1,37.58144129998982,0.0003064346294686,8.153881779642718e-06,13.54261196866286,56.95436523622877,20.0,0.000136068409263,0.0005900888054039,0.0002004165716666,0.0009265737863336,0.0,Italy,ITA,lombardy,,,Windows-11-10.0.26200-SP0,3.13.13,3.2.6,32,13th Gen Intel(R) Core(TM) i9-13900HX,1,1 x NVIDIA GeForce RTX 4070 Laptop GPU,9.1922,45.4722,31.70067596435547,machine,0.0,39.65714285714286,41.62857142857143,13.201983751569475,N,1.0,0.0
2026-05-05T15:25:23,Q383_qwen2.5:14b_GSM8K,a97d392e-9fe4-4043-8df5-c8b97226b729,5b0fa12a-3dd7-45bb-9766-cc326314d9f1,14.64148569999088,0.0001051321476329,7.180428939189639e-06,13.136018774857146,46.16703922818453,20.0,5.159133133414178e-05,0.0001877507057559,7.854857555551764e-05,0.0003178906126456,0.0,Italy,ITA,lombardy,,,Windows-11-10.0.26200-SP0,3.13.13,3.2.6,32,13th Gen Intel(R) Core(TM) i9-13900HX,1,1 x NVIDIA GeForce RTX 4070 Laptop GPU,9.1922,45.4722,31.70067596435547,machine,0.0,38.07692307692308,41.60000000000001,13.189230405367338,N,1.0,0.0
2026-05-05T15:26:09,Q384_qwen2.5:14b_MMLU,8b50645b-31ca-4ded-9a15-f757fd70999f,5b0fa12a-3dd7-45bb-9766-cc326314d9f1,10.188879100009215,7.463351124995885e-05,7.324997236437061e-06,13.2561542016,48.1416149886002,20.0,3.5659995621040275e-05,0.000136210664524,5.3800489444499056e-05,0.0002256711495895,0.0,Italy,ITA,lombardy,,,Windows-11-10.0.26200-SP0,3.13.13,3.2.6,32,13th Gen Intel(R) Core(TM) i9-13900HX,1,1 x NVIDIA GeForce RTX 4070 Laptop GPU,9.1922,45.4722,31.70067596435547,machine,0.0,41.75,41.6,13.187653064727783,N,1.0,0.0
2026-05-05T15:26:59,Q385_qwen2.5:14b_GSM8K,d4a04a29-1323-4ec1-bc42-f4568d9c598e,5b0fa12a-3dd7-45bb-9766-cc326314d9f1,15.187022100013564,0.0001150617611708,7.576321441631205e-06,13.181098378057143,50.39254777374875,20.0,5.376614807534504e-05,0.0002125690589439,8.157981777783587e-05,0.0003479150247971,0.0,Italy,ITA,lombardy,,,Windows-11-10.0.26200-SP0,3.13.13,3.2.6,32,13th Gen Intel(R) Core(TM) i9-13900HX,1,1 x NVIDIA GeForce RTX 4070 Laptop GPU,9.1922,45.4722,31.70067596435547,machine,0.0,40.30769230769231,41.60000000000001,13.177001659686749,N,1.0,0.0
2026-05-05T15:27:50,Q386_qwen2.5:14b_HellaSwag,374ce138-1246-4218-9029-f8e62a982ecf,5b0fa12a-3dd7-45bb-9766-cc326314d9f1,5.805695600007311,3.863626905515897e-05,6.654890596591098e-06,13.073441231360002,42.24322090653846,20.0,1.9257250474550283e-05,6.81089433759996e-05,2.9459225555587585e-05,0.0001168254194061,0.0,Italy,ITA,lombardy,,,Windows-11-10.0.26200-SP0,3.13.13,3.2.6,32,13th Gen Intel(R) Core(TM) i9-13900HX,1,1 x NVIDIA GeForce RTX 4070 Laptop GPU,9.1922,45.4722,31.70067596435547,machine,0.0,44.75,41.6,13.184350967407228,N,1.0,0.0
2026-05-05T15:28:30,Q387_qwen2.5:14b_HumanEval,08612db6-d7da-4b05-b5d0-09ea9f640cbe,5b0fa12a-3dd7-45bb-9766-cc326314d9f1,24.69620740000392,0.0001964775142782,7.955776816088974e-06,13.45592718464,54.96862842647337,20.0,8.865466208607453e-05,0.00037382391017,0.0001316152305555,0.0005940938028116,0.0,Italy,ITA,lombardy,,,Windows-11-10.0.26200-SP0,3.13.13,3.2.6,32,13th Gen Intel(R) Core(TM) i9-13900HX,1,1 x NVIDIA GeForce RTX 4070 Laptop GPU,9.1922,45.4722,31.70067596435547,machine,0.0,39.95652173913044,41.6,13.192398237145463,N,1.0,0.0
2026-05-05T15:29:34,Q388_qwen2.5:14b_SQuAD,083fcc62-1d29-485e-a74f-ab159afa7bf9,5b0fa12a-3dd7-45bb-9766-cc326314d9f1,7.671092100004898,5.632296484026029e-05,7.342235513014415e-06,13.111073901714288,48.99086538313461,20.0,2.6105759343645605e-05,0.000104377583502,3.982176555558302e-05,0.0001703051084012,0.0,Italy,ITA,lombardy,,,Windows-11-10.0.26200-SP0,3.13.13,3.2.6,32,13th Gen Intel(R) Core(TM) i9-13900HX,1,1 x NVIDIA GeForce RTX 4070 Laptop GPU,9.1922,45.4722,31.70067596435547,machine,0.0,52.16666666666666,41.6,13.181294759114584,N,1.0,0.0
2026-05-05T15:30:15,Q389_qwen2.5:14b_HellaSwag,b700786d-adcf-4705-a744-a36cf964ec28,5b0fa12a-3dd7-45bb-9766-cc326314d9f1,15.861767800000962,0.0001196297109914,7.542016280898605e-06,13.53886585088,49.62439142896963,20.0,5.776409503167051e-05,0.0002186332304619,8.53299194444844e-05,0.0003617272449381,0.0,Italy,ITA,lombardy,,,Windows-11-10.0.26200-SP0,3.13.13,3.2.6,32,13th Gen Intel(R) Core(TM) i9-13900HX,1,1 x NVIDIA GeForce RTX 4070 Laptop GPU,9.1922,45.4722,31.70067596435547,machine,0.0,42.642857142857146,41.5,13.164027622767858,N,1.0,0.0
2026-05-05T15:31:37,Q390_qwen2.5:14b_HumanEval,223431d8-3754-4916-ae8a-5a4d6f30147f,5b0fa12a-3dd7-45bb-9766-cc326314d9f1,37.40057120000711,0.0003013001510008,8.056030732514461e-06,13.200154712434289,56.45456358468234,20.0,0.000131630221372,0.000580037408474,0.00019938091,0.0009110485398461,0.0,Italy,ITA,lombardy,,,Windows-11-10.0.26200-SP0,3.13.13,3.2.6,32,13th Gen Intel(R) Core(TM) i9-13900HX,1,1 x NVIDIA GeForce RTX 4070 Laptop GPU,9.1922,45.4722,31.70067596435547,machine,2.857142857142857,41.6,41.5,13.151471383231026,N,1.0,0.0
2026-05-05T15:32:55,Q391_qwen2.5:14b_GSM8K,32cc6b91-f619-4f12-8de8-417e49a1c108,5b0fa12a-3dd7-45bb-9766-cc326314d9f1,12.829711500002304,9.653410792120936e-05,7.52426178259675e-06,13.4228636,49.7947789542029,20.0,4.596437379566573e-05,0.0001774423641759,6.848577444438383e-05,0.000291892512416,0.0,Italy,ITA,lombardy,,,Windows-11-10.0.26200-SP0,3.13.13,3.2.6,32,13th Gen Intel(R) Core(TM) i9-13900HX,1,1 x NVIDIA GeForce RTX 4070 Laptop GPU,9.1922,45.4722,31.70067596435547,machine,0.0,38.0,41.45454545454545,13.14177218350497,N,1.0,0.0
2026-05-05T15:34:08,Q392_qwen2.5:14b_HumanEval,aac16580-3f8c-48c7-93de-d48e379724fd,5b0fa12a-3dd7-45bb-9766-cc326314d9f1,37.192326500007766,0.0002982823225432,8.019996343687581e-06,13.180550623588571,55.98596180674216,20.0,0.0001308963041931,0.00057278795823,0.0001982391966666,0.0009019234590899,0.0,Italy,ITA,lombardy,,,Windows-11-10.0.26200-SP0,3.13.13,3.2.6,32,13th Gen Intel(R) Core(TM) i9-13900HX,1,1 x NVIDIA GeForce RTX 4070 Laptop GPU,9.1922,45.4722,31.70067596435547,machine,5.714285714285714,39.142857142857146,41.4,13.123104095458984,N,1.0,0.0
2026-05-05T15:35:17,Q393_qwen2.5:14b_SQuAD,9d4bc6ef-4b15-4278-950d-a99f3c9abcb4,5b0fa12a-3dd7-45bb-9766-cc326314d9f1,4.155441499999142,2.5537233070179387e-05,6.145492138485082e-06,13.4835498368,37.471848244045,20.0,1.3681934054641716e-05,4.324225681601179e-05,2.029335722222135e-05,7.721754809287485e-05,0.0,Italy,ITA,lombardy,,,Windows-11-10.0.26200-SP0,3.13.13,3.2.6,32,13th Gen Intel(R) Core(TM) i9-13900HX,1,1 x NVIDIA GeForce RTX 4070 Laptop GPU,9.1922,45.4722,31.70067596435547,machine,50.0,36.5,41.4,13.13173484802246,N,1.0,0.0
2026-05-05T15:36:00,Q394_qwen2.5:14b_HumanEval,6d583b42-4f06-47c3-ac09-6a4680b4c9c3,5b0fa12a-3dd7-45bb-9766-cc326314d9f1,27.720929099989007,0.0002227595880355,8.03579083630394e-06,13.50019284992,55.36883611525448,20.0,0.0001003021232442,0.000424838395426,0.0001484230249998,0.0006735635436702,0.0,Italy,ITA,lombardy,,,Windows-11-10.0.26200-SP0,3.13.13,3.2.6,32,13th Gen Intel(R) Core(TM) i9-13900HX,1,1 x NVIDIA GeForce RTX 4070 Laptop GPU,9.1922,45.4722,31.70067596435547,machine,3.419230769230769,37.92307692307692,41.39999999999999,13.124163700984074,N,1.0,0.0
2026-05-05T15:37:25,Q395_qwen2.5:14b_HumanEval,b23265a6-b634-442d-873d-4786cd60d639,5b0fa12a-3dd7-45bb-9766-cc326314d9f1,29.042476899994654,0.0002306031525714,7.94020266816512e-06,13.446626588617145,54.4965521032222,20.0,0.0001048932920211,0.000436624238188,0.0001557627888888,0.000697280319098,0.0,Italy,ITA,lombardy,,,Windows-11-10.0.26200-SP0,3.13.13,3.2.6,32,13th Gen Intel(R) Core(TM) i9-13900HX,1,1 x NVIDIA GeForce RTX 4070 Laptop GPU,9.1922,45.4722,31.70067596435547,machine,0.0,39.81481481481482,41.5,13.145957522922092,N,1.0,0.0
2026-05-05T15:38:59,Q396_qwen2.5:14b_HumanEval,5b1515ab-a55e-47eb-a147-b73d4e8d83c3,5b0fa12a-3dd7-45bb-9766-cc326314d9f1,38.91044929999043,0.0003128692793402,8.040752162178171e-06,13.61332931242667,55.90175882006128,20.0,0.0001417444536155,0.00059649769942,0.0002077882394444,0.00094603039248,0.0,Italy,ITA,lombardy,,,Windows-11-10.0.26200-SP0,3.13.13,3.2.6,32,13th Gen Intel(R) Core(TM) i9-13900HX,1,1 x NVIDIA GeForce RTX 4070 Laptop GPU,9.1922,45.4722,31.70067596435547,machine,2.702702702702702,37.054054054054056,41.65135135135135,13.203603486757022,N,1.0,0.0
2026-05-05T15:40:08,Q397_qwen2.5:14b_SQuAD,5f443fd3-0e1d-4d30-86c5-716fb6d73492,5b0fa12a-3dd7-45bb-9766-cc326314d9f1,4.109865899998113,2.460349436333285e-05,5.986446994132862e-06,13.8263836544,35.4827200169504,20.0,1.385602242806524e-05,4.049614350798425e-05,2.004201388885526e-05,7.439417982490476e-05,0.0,Italy,ITA,lombardy,,,Windows-11-10.0.26200-SP0,3.13.13,3.2.6,32,13th Gen Intel(R) Core(TM) i9-13900HX,1,1 x NVIDIA GeForce RTX 4070 Laptop GPU,9.1922,45.4722,31.70067596435547,machine,0.0,66.5,41.5,13.140621185302734,N,1.0,0.0
2026-05-05T15:40:47,Q398_qwen2.5:14b_MMLU,184c1dc0-d17a-4807-9313-b60cdc23358f,5b0fa12a-3dd7-45bb-9766-cc326314d9f1,23.637902800008305,0.0001822478147629,7.70998240854295e-06,13.512109687040002,52.46152865914144,20.0,8.516836198510035e-05,0.0003401563832359,0.0001257423716667,0.0005510671168878,0.0,Italy,ITA,lombardy,,,Windows-11-10.0.26200-SP0,3.13.13,3.2.6,32,13th Gen Intel(R) Core(TM) i9-13900HX,1,1 x NVIDIA GeForce RTX 4070 Laptop GPU,9.1922,45.4722,31.70067596435547,machine,4.545454545454546,40.68181818181818,41.5,13.14505299654874,N,1.0,0.0
2026-05-05T15:42:10,Q399_qwen2.5:14b_HumanEval,d5de3b98-a3cb-4c05-9d71-f9b349356d3e,5b0fa12a-3dd7-45bb-9766-cc326314d9f1,37.33492629999819,0.0002986807666727,8.000036327185861e-06,13.57512434985143,55.360706638090505,20.0,0.000134377252324,0.000569734622454,0.0001990163694444,0.0009031282442225,0.0,Italy,ITA,lombardy,,,Windows-11-10.0.26200-SP0,3.13.13,3.2.6,32,13th Gen Intel(R) Core(TM) i9-13900HX,1,1 x NVIDIA GeForce RTX 4070 Laptop GPU,9.1922,45.4722,31.70067596435547,machine,1.4285714285714286,41.54285714285714,41.41428571428571,13.120650809151783,N,1.0,0.0
2026-05-05T15:43:26,Q400_qwen2.5:14b_HellaSwag,920447db-364f-4498-a744-2570aac12813,5b0fa12a-3dd7-45bb-9766-cc326314d9f1,11.2974375999911,8.360185420460824e-05,7.400072225641158e-06,13.14048025856,48.894979191759205,20.0,3.940192971754677e-05,0.000153417622734,5.9969392222168e-05,0.0002527889446737,0.0,Italy,ITA,lombardy,,,Windows-11-10.0.26200-SP0,3.13.13,3.2.6,32,13th Gen Intel(R) Core(TM) i9-13900HX,1,1 x NVIDIA GeForce RTX 4070 Laptop GPU,9.1922,45.4722,31.70067596435547,machine,11.11111111111111,41.22222222222222,41.3,13.10020234849718,N,1.0,0.0
2026-05-05T15:44:22,Q401_qwen2.5:14b_MMLU,a44c0011-9535-4a0a-a6ea-fee12f91fd87,5b0fa12a-3dd7-45bb-9766-cc326314d9f1,20.172391899992363,0.0001536664890907,7.617663282203243e-06,13.359222440960002,52.58099081823734,20.0,7.156522767064747e-05,0.000286606618174,0.0001064732266665,0.0004646450725112,0.0,Italy,ITA,lombardy,,,Windows-11-10.0.26200-SP0,3.13.13,3.2.6,32,13th Gen Intel(R) Core(TM) i9-13900HX,1,1 x NVIDIA GeForce RTX 4070 Laptop GPU,9.1922,45.4722,31.70067596435547,machine,0.0,41.77777777777778,41.6,13.187136544121635,N,1.0,0.0
2026-05-05T15:45:24,Q402_qwen2.5:14b_HellaSwag,f694c778-9916-43bf-92e9-e9ed4be5fe29,5b0fa12a-3dd7-45bb-9766-cc326314d9f1,7.219181000007666,5.393868862944012e-05,7.471580035101329e-06,13.4988209984,50.20196298604121,20.0,2.517701326250213e-05,0.0001006170249379,3.730167666670039e-05,0.0001630957148671,0.0,Italy,ITA,lombardy,,,Windows-11-10.0.26200-SP0,3.13.13,3.2.6,32,13th Gen Intel(R) Core(TM) i9-13900HX,1,1 x NVIDIA GeForce RTX 4070 Laptop GPU,9.1922,45.4722,31.70067596435547,machine,20.0,47.0,41.7,13.216057586669924,N,1.0,0.0
2026-05-05T15:45:56,Q403_qwen2.5:14b_HellaSwag,af69f5a8-3786-47fe-820c-ab70002e7658,5b0fa12a-3dd7-45bb-9766-cc326314d9f1,7.114580499997828,5.2969654515627474e-05,7.4452252688185405e-06,13.436259296,49.980052899202605,20.0,2.4677349575140788e-05,9.875702344996906e-05,3.673125000002781e-05,0.0001601656230251,0.0,Italy,ITA,lombardy,,,Windows-11-10.0.26200-SP0,3.13.13,3.2.6,32,13th Gen Intel(R) Core(TM) i9-13900HX,1,1 x NVIDIA GeForce RTX 4070 Laptop GPU,9.1922,45.4722,31.70067596435547,machine,0.0,47.8,41.7,13.20935516357422,N,1.0,0.0
2026-05-05T15:46:58,Q404_qwen2.5:14b_HumanEval,4df064c1-8c02-4fc1-a16a-f312eff362f5,5b0fa12a-3dd7-45bb-9766-cc326314d9f1,36.42287209999631,0.0002919711738007,8.016149110898427e-06,13.418962989600002,55.23848298346121,20.0,0.0001309735577448,0.0005579023907659,0.0001939643377776,0.0008828402862884,0.0,Italy,ITA,lombardy,,,Windows-11-10.0.26200-SP0,3.13.13,3.2.6,32,13th Gen Intel(R) Core(TM) i9-13900HX,1,1 x NVIDIA GeForce RTX 4070 Laptop GPU,9.1922,45.4722,31.70067596435547,machine,5.588235294117647,41.94117647058823,41.64117647058824,13.207748861873853,N,1.0,0.0
2026-05-05T15:48:27,Q405_qwen2.5:14b_GSM8K,9fcfb938-c95b-439b-ab59-11afd090ab1f,5b0fa12a-3dd7-45bb-9766-cc326314d9f1,23.39957950000825,0.0001819935121161,7.777640282640167e-06,13.200798084320002,53.81947790120927,20.0,8.223562480993007e-05,0.000343643886026,0.0001244186649999,0.0005502981758359,0.0,Italy,ITA,lombardy,,,Windows-11-10.0.26200-SP0,3.13.13,3.2.6,32,13th Gen Intel(R) Core(TM) i9-13900HX,1,1 x NVIDIA GeForce RTX 4070 Laptop GPU,9.1922,45.4722,31.70067596435547,machine,0.0,39.04761904761905,41.6,13.19628415788923,N,1.0,0.0
2026-05-05T15:49:35,Q406_qwen2.5:14b_HellaSwag,23e32a85-d8d6-4b96-811d-9d35815f0203,5b0fa12a-3dd7-45bb-9766-cc326314d9f1,13.059509300001082,0.0001016545933279,7.783951984163571e-06,13.8665393792,52.17297096968258,20.0,4.8367148015263016e-05,0.000189247929176,6.976037055557956e-05,0.0003073754477468,0.0,Italy,ITA,lombardy,,,Windows-11-10.0.26200-SP0,3.13.13,3.2.6,32,13th Gen Intel(R) Core(TM) i9-13900HX,1,1 x NVIDIA GeForce RTX 4070 Laptop GPU,9.1922,45.4722,31.70067596435547,machine,0.0,44.81818181818182,41.6,13.19123701615767,N,1.0,0.0
2026-05-05T15:50:27,Q407_qwen2.5:14b_GSM8K,478cae8d-bffb-4005-8ae8-bfd1a8200241,5b0fa12a-3dd7-45bb-9766-cc326314d9f1,17.023131599999033,0.0001869254596285,1.0980674062847124e-05,13.37356926272,56.77468375557992,20.0,0.0001208181964327,0.0002636621553739,0.0001807306727777,0.0005652110245845,0.0,Italy,ITA,lombardy,,,Windows-11-10.0.26200-SP0,3.13.13,3.2.6,32,13th Gen Intel(R) Core(TM) i9-13900HX,1,1 x NVIDIA GeForce RTX 4070 Laptop GPU,9.1922,45.4722,31.70067596435547,machine,0.0,33.6,41.5,13.167390441894533,N,1.0,0.0
2026-05-05T15:51:31,Q408_qwen2.5:14b_GSM8K,ce019c02-9cc3-42fa-8b97-8249cdf0cb54,5b0fa12a-3dd7-45bb-9766-cc326314d9f1,18.77631190000102,0.0001485186301522,7.909893643820298e-06,13.108526392640002,57.25004115756092,20.0,6.517025791672876e-05,0.000285179672588,9.872943666664972e-05,0.0004490793671714,0.0,Italy,ITA,lombardy,,,Windows-11-10.0.26200-SP0,3.13.13,3.2.6,32,13th Gen Intel(R) Core(TM) i9-13900HX,1,1 x NVIDIA GeForce RTX 4070 Laptop GPU,9.1922,45.4722,31.70067596435547,machine,0.0,41.23529411764706,41.5,13.167951471665326,N,1.0,0.0
2026-05-05T15:52:32,Q409_qwen2.5:14b_GSM8K,93f40df3-be86-4632-aa41-368e146fba85,5b0fa12a-3dd7-45bb-9766-cc326314d9f1,15.295356800008449,0.000120166764772,7.856421157299682e-06,13.167300199314289,53.45018889477758,20.0,5.410173575940901e-05,0.0002270743483259,8.217506333336738e-05,0.0003633511474187,0.0,Italy,ITA,lombardy,,,Windows-11-10.0.26200-SP0,3.13.13,3.2.6,32,13th Gen Intel(R) Core(TM) i9-13900HX,1,1 x NVIDIA GeForce RTX 4070 Laptop GPU,9.1922,45.4722,31.70067596435547,machine,0.0,44.61538461538461,41.5,13.169208233173077,N,1.0,0.0
2026-05-05T15:53:31,Q410_qwen2.5:14b_MMLU,d492c252-74cf-4f92-91b0-6e2bc3b5b744,5b0fa12a-3dd7-45bb-9766-cc326314d9f1,13.933720000000903,0.0001089950500831,7.822394169194338e-06,13.203764914215386,53.14884464496132,20.0,4.926139836785054e-05,0.0002056932201099,7.461634555559915e-05,0.0003295709640333,0.0,Italy,ITA,lombardy,,,Windows-11-10.0.26200-SP0,3.13.13,3.2.6,32,13th Gen Intel(R) Core(TM) i9-13900HX,1,1 x NVIDIA GeForce RTX 4070 Laptop GPU,9.1922,45.4722,31.70067596435547,machine,0.0,40.833333333333336,41.5,13.16922696431478,N,1.0,0.0
2026-05-05T15:54:33,Q411_qwen2.5:14b_GSM8K,50fe8bcd-3169-4ddb-9f09-7456b0827bde,5b0fa12a-3dd7-45bb-9766-cc326314d9f1,27.268841700002667,0.000215791879587,7.913496361932239e-06,13.525258145600002,53.97500693193653,20.0,9.873818690520204e-05,0.000407887270754,0.0001458696577777,0.0006524951154369,0.0,Italy,ITA,lombardy,,,Windows-11-10.0.26200-SP0,3.13.13,3.2.6,32,13th Gen Intel(R) Core(TM) i9-13900HX,1,1 x NVIDIA GeForce RTX 4070 Laptop GPU,9.1922,45.4722,31.70067596435547,machine,5.716,42.32,41.556,13.171146087646484,N,1.0,0.0
2026-05-05T15:55:41,Q412_qwen2.5:14b_HellaSwag,102198f3-cce5-4d8b-b480-d18af262111b,5b0fa12a-3dd7-45bb-9766-cc326314d9f1,11.838052599996445,8.66923195995932e-05,7.323190944397327e-06,13.151893250327277,47.97673079164459,20.0,4.141185107072101e-05,0.0001577479039759,6.29739044444351e-05,0.0002621336594911,0.0,Italy,ITA,lombardy,,,Windows-11-10.0.26200-SP0,3.13.13,3.2.6,32,13th Gen Intel(R) Core(TM) i9-13900HX,1,1 x NVIDIA GeForce RTX 4070 Laptop GPU,9.1922,45.4722,31.70067596435547,machine,0.0,36.8,41.57,13.171929931640625,N,1.0,0.0
2026-05-05T15:56:21,Q413_qwen2.5:14b_SQuAD,b4beb0bf-e97e-45f2-8350-544af20396e1,5b0fa12a-3dd7-45bb-9766-cc326314d9f1,4.165536900007282,2.514711411725893e-05,6.036944269348561e-06,13.441166451200004,36.31786679440221,20.0,1.367700627784135e-05,4.20108669419994e-05,2.0350062777773323e-05,7.603793599761407e-05,0.0,Italy,ITA,lombardy,,,Windows-11-10.0.26200-SP0,3.13.13,3.2.6,32,13th Gen Intel(R) Core(TM) i9-13900HX,1,1 x NVIDIA GeForce RTX 4070 Laptop GPU,9.1922,45.4722,31.70067596435547,machine,0.0,69.5,41.5,13.167366027832031,N,1.0,0.0
2026-05-05T15:57:10,Q414_qwen2.5:14b_HumanEval,b9a9aa8c-a40d-4091-ade4-920edfe39cea,5b0fa12a-3dd7-45bb-9766-cc326314d9f1,34.33759390001069,0.000273275020274,7.95847900903528e-06,13.280594220000005,55.39942874323773,20.0,0.0001219925624432,0.0005219418064419,0.0001823739066667,0.000826308275552,0.0,Italy,ITA,lombardy,,,Windows-11-10.0.26200-SP0,3.13.13,3.2.6,32,13th Gen Intel(R) Core(TM) i9-13900HX,1,1 x NVIDIA GeForce RTX 4070 Laptop GPU,9.1922,45.4722,31.70067596435547,machine,5.9375,40.4375,41.5,13.168091297149658,N,1.0,0.0
2026-05-05T15:58:39,Q415_qwen2.5:14b_HumanEval,99c30ac7-a9af-4c59-aa23-07be026c1072,5b0fa12a-3dd7-45bb-9766-cc326314d9f1,33.29164349999337,0.0002673439247088,8.030361273961799e-06,13.46896132224,53.190973868668,20.0,0.000120674870916,0.0005111412422459,0.0001765581655554,0.0008083742787174,0.0,Italy,ITA,lombardy,,,Windows-11-10.0.26200-SP0,3.13.13,3.2.6,32,13th Gen Intel(R) Core(TM) i9-13900HX,1,1 x NVIDIA GeForce RTX 4070 Laptop GPU,9.1922,45.4722,31.70067596435547,machine,6.451612903225806,39.80645161290322,41.62903225806452,13.204739232217111,N,1.0,0.0
2026-05-05T15:59:48,Q416_qwen2.5:14b_MMLU,c8cbe199-7bf3-49fc-b101-25a00c2ef6c9,5b0fa12a-3dd7-45bb-9766-cc326314d9f1,13.521775100001832,0.0001006640111783,7.444585524748402e-06,13.167216944000002,49.10524442600907,20.0,4.762035526809276e-05,0.000184429036432,7.233080888884918e-05,0.0003043802005889,0.0,Italy,ITA,lombardy,,,Windows-11-10.0.26200-SP0,3.13.13,3.2.6,32,13th Gen Intel(R) Core(TM) i9-13900HX,1,1 x NVIDIA GeForce RTX 4070 Laptop GPU,9.1922,45.4722,31.70067596435547,machine,0.0,53.63636363636363,41.7,13.21255839954723,N,1.0,0.0
2026-05-05T16:00:54,Q417_qwen2.5:14b_HumanEval,b342012c-f1e7-489b-aa5a-d06fe803b71d,5b0fa12a-3dd7-45bb-9766-cc326314d9f1,30.177927400000044,0.0002419577531398,8.017706117879194e-06,13.52577256064,55.07051616344005,20.0,0.0001096382904359,0.0004599262012739,0.0001620490072223,0.0007316134989323,0.0,Italy,ITA,lombardy,,,Windows-11-10.0.26200-SP0,3.13.13,3.2.6,32,13th Gen Intel(R) Core(TM) i9-13900HX,1,1 x NVIDIA GeForce RTX 4070 Laptop GPU,9.1922,45.4722,31.70067596435547,machine,7.142857142857143,38.82142857142857,41.7,13.22566659109933,N,1.0,0.0
2026-05-05T16:02:22,Q418_qwen2.5:14b_HumanEval,1774b921-fa1d-4f3e-a904-847dca753640,5b0fa12a-3dd7-45bb-9766-cc326314d9f1,32.745386199996574,0.0002604316577327,7.953232132982924e-06,13.11702872944,53.73404140155635,20.0,0.0001147066124903,0.0004992237327119,0.000173543145,0.0007874734902023,0.0,Italy,ITA,lombardy,,,Windows-11-10.0.26200-SP0,3.13.13,3.2.6,32,13th Gen Intel(R) Core(TM) i9-13900HX,1,1 x NVIDIA GeForce RTX 4070 Laptop GPU,9.1922,45.4722,31.70067596435547,machine,3.225806451612903,38.41935483870968,41.7,13.214521223498927,N,1.0,0.0
2026-05-05T16:03:54,Q419_qwen2.5:14b_GSM8K,81d662d7-9c48-45e5-aa1d-786c1ecab959,5b0fa12a-3dd7-45bb-9766-cc326314d9f1,26.836627900003805,0.0002085304758077,7.770368042688241e-06,13.23302993312,53.28761703758918,20.0,9.498094323217168e-05,0.0003920542025319,0.0001435034877777,0.0006305386335418,0.0,Italy,ITA,lombardy,,,Windows-11-10.0.26200-SP0,3.13.13,3.2.6,32,13th Gen Intel(R) Core(TM) i9-13900HX,1,1 x NVIDIA GeForce RTX 4070 Laptop GPU,9.1922,45.4722,31.70067596435547,machine,0.0,41.36,41.7,13.215889129638672,N,1.0,0.0
2026-05-05T16:05:04,Q420_qwen2.5:14b_HellaSwag,9a7407bb-0bab-4abf-9012-6014c6dcde49,5b0fa12a-3dd7-45bb-9766-cc326314d9f1,14.143088600001647,0.0001072234163954,7.581329611085683e-06,13.23040604849231,50.48074668850386,20.0,5.013063328687018e-05,0.000198303491976,7.5779907222184e-05,0.000324214032485,0.0,Italy,ITA,lombardy,,,Windows-11-10.0.26200-SP0,3.13.13,3.2.6,32,13th Gen Intel(R) Core(TM) i9-13900HX,1,1 x NVIDIA GeForce RTX 4070 Laptop GPU,9.1922,45.4722,31.70067596435547,machine,8.333333333333334,45.083333333333336,41.7,13.220962524414062,N,1.0,0.0
2026-05-05T16:05:53,Q421_qwen2.5:14b_GSM8K,50dda435-5d6e-4d5e-80d4-be6ddfe1c70c,5b0fa12a-3dd7-45bb-9766-cc326314d9f1,14.37916349999432,0.000111458031169,7.751357105652506e-06,13.595881814646155,51.95760561076969,20.0,5.2408926719576745e-05,0.0002075148882339,7.709452444444954e-05,0.0003370183393979,0.0,Italy,ITA,lombardy,,,Windows-11-10.0.26200-SP0,3.13.13,3.2.6,32,13th Gen Intel(R) Core(TM) i9-13900HX,1,1 x NVIDIA GeForce RTX 4070 Laptop GPU,9.1922,45.4722,31.70067596435547,machine,0.0,48.41666666666666,41.7,13.20753033955892,N,1.0,0.0
2026-05-05T16:06:47,Q422_qwen2.5:14b_HellaSwag,c2943919-17c9-4f5f-ae4b-f2b061363cab,5b0fa12a-3dd7-45bb-9766-cc326314d9f1,7.833814400000847,5.84556844514324e-05,7.46196954212064e-06,13.289296448000002,50.07509775087069,20.0,2.7065838674798066e-05,0.00010895564272,4.073238277778728e-05,0.0001767538641725,0.0,Italy,ITA,lombardy,,,Windows-11-10.0.26200-SP0,3.13.13,3.2.6,32,13th Gen Intel(R) Core(TM) i9-13900HX,1,1 x NVIDIA GeForce RTX 4070 Laptop GPU,9.1922,45.4722,31.70067596435547,machine,0.0,56.0,41.7,13.20737075805664,N,1.0,0.0
2026-05-05T16:07:19,Q423_qwen2.5:14b_MMLU,e233e35b-f3c0-42af-b86b-0ad006772f40,5b0fa12a-3dd7-45bb-9766-cc326314d9f1,6.728696299993317,4.888995439796665e-05,7.265888103467415e-06,13.0608796352,48.50873904105647,20.0,2.258855333082678e-05,9.065229474403136e-05,3.458888722218237e-05,0.000147829735297,0.0,Italy,ITA,lombardy,,,Windows-11-10.0.26200-SP0,3.13.13,3.2.6,32,13th Gen Intel(R) Core(TM) i9-13900HX,1,1 x NVIDIA GeForce RTX 4070 Laptop GPU,9.1922,45.4722,31.70067596435547,machine,12.0,47.8,41.7,13.208859252929688,N,1.0,0.0
2026-05-05T16:07:50,Q424_qwen2.5:14b_MMLU,7dddadff-cb58-4a2e-8345-e751ba189299,5b0fa12a-3dd7-45bb-9766-cc326314d9f1,6.394164700002875,4.537036095050098e-05,7.0955884121159065e-06,13.533884871680002,46.34595474750087,20.0,2.2150037561724604e-05,8.230562139999176e-05,3.273179666664671e-05,0.0001371874556283,0.0,Italy,ITA,lombardy,,,Windows-11-10.0.26200-SP0,3.13.13,3.2.6,32,13th Gen Intel(R) Core(TM) i9-13900HX,1,1 x NVIDIA GeForce RTX 4070 Laptop GPU,9.1922,45.4722,31.70067596435547,machine,0.0,41.25,41.7,13.207574844360352,N,1.0,0.0
2026-05-05T16:08:14,Q425_qwen2.5:14b_HellaSwag,523bba96-d089-4803-94ce-1e52b4686c94,5b0fa12a-3dd7-45bb-9766-cc326314d9f1,9.193871399998898,7.12253471570952e-05,7.747046272270431e-06,13.119017700800002,53.027404703141,20.0,3.167361322518158e-05,0.0001354064972139,4.828569111107047e-05,0.0002153658015502,0.0,Italy,ITA,lombardy,,,Windows-11-10.0.26200-SP0,3.13.13,3.2.6,32,13th Gen Intel(R) Core(TM) i9-13900HX,1,1 x NVIDIA GeForce RTX 4070 Laptop GPU,9.1922,45.4722,31.70067596435547,machine,0.0,44.142857142857146,41.7,13.210447038922991,N,1.0,0.0
2026-05-05T16:08:57,Q426_qwen2.5:14b_MMLU,942e2fb6-b8e5-477d-a05c-0d8ecceb7be2,5b0fa12a-3dd7-45bb-9766-cc326314d9f1,17.343402500002412,0.0001356433588768,7.821035052194134e-06,13.25091841856,50.27823631286655,20.0,6.056467600296895e-05,0.0002588174292759,9.076599333331816e-05,0.0004101480986122,0.0,Italy,ITA,lombardy,,,Windows-11-10.0.26200-SP0,3.13.13,3.2.6,32,13th Gen Intel(R) Core(TM) i9-13900HX,1,1 x NVIDIA GeForce RTX 4070 Laptop GPU,9.1922,45.4722,31.70067596435547,machine,0.0,42.86666666666667,41.74666666666667,13.234622701009114,N,1.0,0.0
2026-05-05T16:09:47,Q427_qwen2.5:14b_SQuAD,70ae4714-f55e-4759-8e6a-58e3dd6199ec,5b0fa12a-3dd7-45bb-9766-cc326314d9f1,4.350189299992053,2.5654510860530875e-05,5.897332067957995e-06,13.1588533376,34.882662798099034,20.0,1.4060996177116528e-05,4.214086704595888e-05,2.1370300555524103e-05,7.757216377859951e-05,0.0,Italy,ITA,lombardy,,,Windows-11-10.0.26200-SP0,3.13.13,3.2.6,32,13th Gen Intel(R) Core(TM) i9-13900HX,1,1 x NVIDIA GeForce RTX 4070 Laptop GPU,9.1922,45.4722,31.70067596435547,machine,0.0,30.0,41.7,13.230857849121094,N,1.0,0.0
2026-05-05T16:10:12,Q428_qwen2.5:14b_GSM8K,2e80307a-95e8-437d-80af-82f2d962db80,5b0fa12a-3dd7-45bb-9766-cc326314d9f1,10.589390499997537,7.792823819280812e-05,7.359086265902298e-06,13.12697293184,48.58440629687892,20.0,3.67682340360556e-05,0.000142846780944,5.601847999997618e-05,0.00023563349498,0.0,Italy,ITA,lombardy,,,Windows-11-10.0.26200-SP0,3.13.13,3.2.6,32,13th Gen Intel(R) Core(TM) i9-13900HX,1,1 x NVIDIA GeForce RTX 4070 Laptop GPU,9.1922,45.4722,31.70067596435547,machine,0.0,38.66666666666666,41.7,13.220726860894096,N,1.0,0.0
2026-05-05T16:10:48,Q429_qwen2.5:14b_HellaSwag,e7facc7f-5bef-47d4-8a2f-b82153ee6258,5b0fa12a-3dd7-45bb-9766-cc326314d9f1,10.47667810000712,7.420123247362011e-05,7.082515255820419e-06,13.172010790400002,45.52065786893436,20.0,3.649439907404517e-05,0.0001324584392999,5.54112194444719e-05,0.0002243640578185,0.0,Italy,ITA,lombardy,,,Windows-11-10.0.26200-SP0,3.13.13,3.2.6,32,13th Gen Intel(R) Core(TM) i9-13900HX,1,1 x NVIDIA GeForce RTX 4070 Laptop GPU,9.1922,45.4722,31.70067596435547,machine,4.1625,40.25,41.7,13.217200756072998,N,1.0,0.0
2026-05-05T16:11:31,Q430_qwen2.5:14b_HellaSwag,7d745260-99f7-49d6-a6af-b7ee0b68bdb2,5b0fa12a-3dd7-45bb-9766-cc326314d9f1,7.815096899998025,5.825400018984963e-05,7.454034279455237e-06,13.063315651657144,50.21801783849986,20.0,2.653253718733484e-05,0.000108990920526,4.062056888886016e-05,0.0001761440266022,0.0,Italy,ITA,lombardy,,,Windows-11-10.0.26200-SP0,3.13.13,3.2.6,32,13th Gen Intel(R) Core(TM) i9-13900HX,1,1 x NVIDIA GeForce RTX 4070 Laptop GPU,9.1922,45.4722,31.70067596435547,machine,0.0,51.16666666666666,41.7,13.215550740559896,N,1.0,0.0
2026-05-05T16:12:20,Q431_qwen2.5:14b_HumanEval,54f0af7a-1896-4ac1-a863-97194bd5a571,5b0fa12a-3dd7-45bb-9766-cc326314d9f1,23.612024400004884,0.000186512898532,7.89906428065758e-06,13.663542704,54.60593862478687,20.0,8.588752165010172e-05,0.000352485281988,0.00012559075,0.0005639635536381,0.0,Italy,ITA,lombardy,,,Windows-11-10.0.26200-SP0,3.13.13,3.2.6,32,13th Gen Intel(R) Core(TM) i9-13900HX,1,1 x NVIDIA GeForce RTX 4070 Laptop GPU,9.1922,45.4722,31.70067596435547,machine,0.0,41.95238095238095,41.7,13.210914430164156,N,1.0,0.0
2026-05-05T16:13:20,Q432_qwen2.5:14b_GSM8K,398b4f90-421c-4e88-b04c-263776d621c0,5b0fa12a-3dd7-45bb-9766-cc326314d9f1,14.95125719999487,0.0001149483871024,7.688208795074487e-06,13.537637194057144,51.291083446238,20.0,5.432877139384952e-05,0.0002129810037179,8.026243777777482e-05,0.0003475722128895,0.0,Italy,ITA,lombardy,,,Windows-11-10.0.26200-SP0,3.13.13,3.2.6,32,13th Gen Intel(R) Core(TM) i9-13900HX,1,1 x NVIDIA GeForce RTX 4070 Laptop GPU,9.1922,45.4722,31.70067596435547,machine,1.9230769230769231,45.61538461538461,41.7,13.20768767136794,N,1.0,0.0
2026-05-05T16:14:01,Q433_qwen2.5:14b_SQuAD,bea91d71-feef-44e7-88aa-6580036716a8,5b0fa12a-3dd7-45bb-9766-cc326314d9f1,6.265721899995697,4.152961901201031e-05,6.62806611510141e-06,13.142632125440002,41.67117486702958,20.0,2.104077794744501e-05,7.251505801197933e-05,3.201827555555307e-05,0.0001255741115149,0.0,Italy,ITA,lombardy,,,Windows-11-10.0.26200-SP0,3.13.13,3.2.6,32,13th Gen Intel(R) Core(TM) i9-13900HX,1,1 x NVIDIA GeForce RTX 4070 Laptop GPU,9.1922,45.4722,31.70067596435547,machine,0.0,54.5,41.7,13.20823574066162,N,1.0,0.0
2026-05-05T16:14:36,Q434_qwen2.5:14b_MMLU,fc349843-1ab9-41cc-a739-c0eae94cc7ca,5b0fa12a-3dd7-45bb-9766-cc326314d9f1,9.47707760000776,7.04027808341065e-05,7.42874373362194e-06,13.1575259792,49.500891782601215,20.0,3.278854925787518e-05,0.0001302509375339,4.9839101111138005e-05,0.000212878587903,0.0,Italy,ITA,lombardy,,,Windows-11-10.0.26200-SP0,3.13.13,3.2.6,32,13th Gen Intel(R) Core(TM) i9-13900HX,1,1 x NVIDIA GeForce RTX 4070 Laptop GPU,9.1922,45.4722,31.70067596435547,machine,14.285714285714286,37.0,41.7,13.20994404384068,N,1.0,0.0
2026-05-05T16:15:38,Q435_qwen2.5:14b_GSM8K,fd1cbf71-2ce3-4526-bb6d-b5aa374b8f2e,5b0fa12a-3dd7-45bb-9766-cc326314d9f1,36.92777490000299,0.0002963264172989,8.024486124642522e-06,13.392575523245716,55.73578969592277,20.0,0.0001327743569164,0.0005664510087159,0.0001967839755556,0.0008960093411879,0.0,Italy,ITA,lombardy,,,Windows-11-10.0.26200-SP0,3.13.13,3.2.6,32,13th Gen Intel(R) Core(TM) i9-13900HX,1,1 x NVIDIA GeForce RTX 4070 Laptop GPU,9.1922,45.4722,31.70067596435547,machine,2.857142857142857,41.4,41.88285714285714,13.270365687779018,N,1.0,0.0
2026-05-05T16:16:41,Q436_qwen2.5:14b_MMLU,08beb5c2-5ffa-40a2-99f9-1c501e80562d,5b0fa12a-3dd7-45bb-9766-cc326314d9f1,7.1257743000023765,4.9766305554003016e-05,6.98398566370344e-06,13.388694732800005,45.01759523344619,20.0,2.462558485363384e-05,8.90692379220126e-05,3.678475666666701e-05,0.0001504795794423,0.0,Italy,ITA,lombardy,,,Windows-11-10.0.26200-SP0,3.13.13,3.2.6,32,13th Gen Intel(R) Core(TM) i9-13900HX,1,1 x NVIDIA GeForce RTX 4070 Laptop GPU,9.1922,45.4722,31.70067596435547,machine,0.0,49.6,41.7,13.227716827392578,N,1.0,0.0
2026-05-05T16:17:14,Q437_qwen2.5:14b_SQuAD,d57ad7f7-65c7-4a59-9a38-76167eacfb64,5b0fa12a-3dd7-45bb-9766-cc326314d9f1,7.895695600003819,5.608803161091821e-05,7.103621321329951e-06,13.119015049142858,46.322186763029165,20.0,2.694146330364334e-05,0.000101581747932,4.1071523888887086e-05,0.0001695947351245,0.0,Italy,ITA,lombardy,,,Windows-11-10.0.26200-SP0,3.13.13,3.2.6,32,13th Gen Intel(R) Core(TM) i9-13900HX,1,1 x NVIDIA GeForce RTX 4070 Laptop GPU,9.1922,45.4722,31.70067596435547,machine,16.666666666666668,42.333333333333336,41.7,13.21821403503418,N,1.0,0.0
2026-05-05T16:17:42,Q438_qwen2.5:14b_SQuAD,499d273a-6ec0-4dc8-9ab0-a32d61575e4e,5b0fa12a-3dd7-45bb-9766-cc326314d9f1,3.2305535999912536,1.6859693820795144e-05,5.218824978121641e-06,13.0830464,28.878312248612986,20.0,9.915499133558438e-06,2.590668739199664e-05,1.5156876666636285e-05,5.097906319219136e-05,0.0,Italy,ITA,lombardy,,,Windows-11-10.0.26200-SP0,3.13.13,3.2.6,32,13th Gen Intel(R) Core(TM) i9-13900HX,1,1 x NVIDIA GeForce RTX 4070 Laptop GPU,9.1922,45.4722,31.70067596435547,machine,0.0,54.0,41.7,13.21701431274414,N,1.0,0.0
2026-05-05T16:18:04,Q439_qwen2.5:14b_HellaSwag,17e7ce63-a9e8-4696-bdf7-c731b48fa4e5,5b0fa12a-3dd7-45bb-9766-cc326314d9f1,7.159782300004736,5.296978934506316e-05,7.398240215352375e-06,13.1209210688,49.74279170128025,20.0,2.4264941024364487e-05,9.891535690997876e-05,3.6985732777813816e-05,0.0001601660307121,0.0,Italy,ITA,lombardy,,,Windows-11-10.0.26200-SP0,3.13.13,3.2.6,32,13th Gen Intel(R) Core(TM) i9-13900HX,1,1 x NVIDIA GeForce RTX 4070 Laptop GPU,9.1922,45.4722,31.70067596435547,machine,0.0,47.6,41.7,13.221517944335938,N,1.0,0.0
2026-05-05T16:18:28,Q440_qwen2.5:14b_MMLU,3f439155-4551-4d4a-9576-7bfba41b8a5f,5b0fa12a-3dd7-45bb-9766-cc326314d9f1,9.087511699995956,6.390179048508654e-05,7.031824837718224e-06,13.2320041904,45.15490582733151,20.0,3.1555778055041624e-05,0.0001139703689539,4.76952394443894e-05,0.0001932213864533,0.0,Italy,ITA,lombardy,,,Windows-11-10.0.26200-SP0,3.13.13,3.2.6,32,13th Gen Intel(R) Core(TM) i9-13900HX,1,1 x NVIDIA GeForce RTX 4070 Laptop GPU,9.1922,45.4722,31.70067596435547,machine,0.0,46.71428571428572,41.771428571428565,13.239717211042132,N,1.0,0.0
2026-05-05T16:19:31,Q441_qwen2.5:14b_HumanEval,1d0159ad-cf9b-4978-929a-65f59c80e367,5b0fa12a-3dd7-45bb-9766-cc326314d9f1,36.98850390000735,0.0003006986802441,8.129517242899582e-06,13.549766368274286,56.59047441027102,20.0,0.0001339409745516,0.000578171851426,0.0001971170322222,0.0009092298581999,0.0,Italy,ITA,lombardy,,,Windows-11-10.0.26200-SP0,3.13.13,3.2.6,32,13th Gen Intel(R) Core(TM) i9-13900HX,1,1 x NVIDIA GeForce RTX 4070 Laptop GPU,9.1922,45.4722,31.70067596435547,machine,4.934285714285714,40.74285714285714,41.9,13.27914297921317,N,1.0,0.0
2026-05-05T16:20:50,Q442_qwen2.5:14b_GSM8K,b0f71a2b-4516-4fc4-b101-2b2c6b664c7a,5b0fa12a-3dd7-45bb-9766-cc326314d9f1,23.70574230000784,0.00018653114913,7.868606127975697e-06,13.302296276480002,54.40500241339655,20.0,8.379028234777191e-05,0.0003541080610639,0.000126120395,0.0005640187384117,0.0,Italy,ITA,lombardy,,,Windows-11-10.0.26200-SP0,3.13.13,3.2.6,32,13th Gen Intel(R) Core(TM) i9-13900HX,1,1 x NVIDIA GeForce RTX 4070 Laptop GPU,9.1922,45.4722,31.70067596435547,machine,4.545454545454546,36.95454545454545,41.8,13.258041902021928,N,1.0,0.0
2026-05-05T16:21:53,Q443_qwen2.5:14b_HellaSwag,e56a6ea6-4919-4f37-b940-a06c6d26632b,5b0fa12a-3dd7-45bb-9766-cc326314d9f1,7.55283590000181,5.380296729424233e-05,7.123545116904954e-06,13.1702231744,46.585754010090106,20.0,2.579371892262131e-05,9.772285595593956e-05,3.916875611111108e-05,0.0001626853309896,0.0,Italy,ITA,lombardy,,,Windows-11-10.0.26200-SP0,3.13.13,3.2.6,32,13th Gen Intel(R) Core(TM) i9-13900HX,1,1 x NVIDIA GeForce RTX 4070 Laptop GPU,9.1922,45.4722,31.70067596435547,machine,0.0,31.6,41.8,13.26395034790039,N,1.0,0.0
2026-05-05T16:22:39,Q444_qwen2.5:14b_GSM8K,665e3989-0bb9-4f06-bd0a-c4f9ca8dd4c9,5b0fa12a-3dd7-45bb-9766-cc326314d9f1,20.78732560000208,0.0001604179271024,7.717102728327524e-06,13.21279857536,53.95086416601927,20.0,7.278463669657281e-05,0.000302384408574,0.0001098905133334,0.000485059558604,0.0,Italy,ITA,lombardy,,,Windows-11-10.0.26200-SP0,3.13.13,3.2.6,32,13th Gen Intel(R) Core(TM) i9-13900HX,1,1 x NVIDIA GeForce RTX 4070 Laptop GPU,9.1922,45.4722,31.70067596435547,machine,0.0,36.73684210526316,41.88947368421052,13.288009041234067,N,1.0,0.0
2026-05-05T16:23:53,Q445_qwen2.5:14b_HumanEval,2565129c-2c6b-4d72-a1cf-bf176db28fb0,5b0fa12a-3dd7-45bb-9766-cc326314d9f1,28.93178339999577,0.0002294677356174,7.931337396142318e-06,13.186613028662858,54.6368489439168,20.0,0.0001022648606184,0.0004364511824939,0.0001551310883332,0.0006938471314457,0.0,Italy,ITA,lombardy,,,Windows-11-10.0.26200-SP0,3.13.13,3.2.6,32,13th Gen Intel(R) Core(TM) i9-13900HX,1,1 x NVIDIA GeForce RTX 4070 Laptop GPU,9.1922,45.4722,31.70067596435547,machine,2.6925925925925926,39.44444444444444,41.72592592592593,13.235627209698713,N,1.0,0.0
2026-05-05T16:25:06,Q446_qwen2.5:14b_GSM8K,25b70e5a-0122-4806-bb03-aecfb5f2f7e8,5b0fa12a-3dd7-45bb-9766-cc326314d9f1,18.104621799997403,0.0001383020852668,7.639048569734686e-06,13.260230839040002,54.9610133760764,20.0,6.423827717324844e-05,0.000258951040494,9.499803611106471e-05,0.0004181873537783,0.0,Italy,ITA,lombardy,,,Windows-11-10.0.26200-SP0,3.13.13,3.2.6,32,13th Gen Intel(R) Core(TM) i9-13900HX,1,1 x NVIDIA GeForce RTX 4070 Laptop GPU,9.1922,45.4722,31.70067596435547,machine,5.1125,39.875,41.7,13.22881031036377,N,1.0,0.0
2026-05-05T16:25:59,Q447_qwen2.5:14b_MMLU,01ce28f3-9375-4928-b33a-9dd7019d81a7,5b0fa12a-3dd7-45bb-9766-cc326314d9f1,7.960064200000488,5.73127402245092e-05,7.200034922394933e-06,13.11675782034286,47.35668089295028,20.0,2.7171227920678148e-05,0.000104697861536,4.142882666670226e-05,0.0001732979161234,0.0,Italy,ITA,lombardy,,,Windows-11-10.0.26200-SP0,3.13.13,3.2.6,32,13th Gen Intel(R) Core(TM) i9-13900HX,1,1 x NVIDIA GeForce RTX 4070 Laptop GPU,9.1922,45.4722,31.70067596435547,machine,0.0,37.16666666666666,41.7,13.221567153930664,N,1.0,0.0
2026-05-05T16:26:43,Q448_qwen2.5:14b_GSM8K,517104cc-c0fa-42f2-8a13-4dff6ac89123,5b0fa12a-3dd7-45bb-9766-cc326314d9f1,18.485760499999746,0.0001423804970093,7.70217146377774e-06,13.402238017280002,53.17038165113899,20.0,6.574983667807248e-05,0.0002676716030259,9.709790611118985e-05,0.0004305193458152,0.0,Italy,ITA,lombardy,,,Windows-11-10.0.26200-SP0,3.13.13,3.2.6,32,13th Gen Intel(R) Core(TM) i9-13900HX,1,1 x NVIDIA GeForce RTX 4070 Laptop GPU,9.1922,45.4722,31.70067596435547,machine,0.0,42.75,41.9,13.271188735961914,N,1.0,0.0
2026-05-05T16:28:06,Q449_qwen2.5:14b_HumanEval,927b0d24-6770-494d-b06d-b2b53c7a3c43,5b0fa12a-3dd7-45bb-9766-cc326314d9f1,37.37256430000707,0.0003031107151894,8.110514246660963e-06,13.403028214994286,56.32613105430817,20.0,0.0001343093256673,0.0005829726885999,0.0001992411722222,0.0009165231864895,0.0,Italy,ITA,lombardy,,,Windows-11-10.0.26200-SP0,3.13.13,3.2.6,32,13th Gen Intel(R) Core(TM) i9-13900HX,1,1 x NVIDIA GeForce RTX 4070 Laptop GPU,9.1922,45.4722,31.70067596435547,machine,0.0,40.142857142857146,41.8,13.24480917794364,N,1.0,0.0
2026-05-05T16:29:28,Q450_qwen2.5:14b_HumanEval,56ac81d4-2b66-4f3a-99b8-0c89686717c5,5b0fa12a-3dd7-45bb-9766-cc326314d9f1,26.423747499997265,0.0002119956734303,8.022922313739e-06,13.618926412683638,55.521143135931965,20.0,9.623585794304337e-05,0.0004035683784099,0.0001412121988888,0.0006410164352419,0.0,Italy,ITA,lombardy,,,Windows-11-10.0.26200-SP0,3.13.13,3.2.6,32,13th Gen Intel(R) Core(TM) i9-13900HX,1,1 x NVIDIA GeForce RTX 4070 Laptop GPU,9.1922,45.4722,31.70067596435547,machine,2.270833333333333,45.333333333333336,41.8,13.23842191696167,N,1.0,0.0
2026-05-05T16:30:45,Q451_qwen2.5:14b_GSM8K,a299e7d7-bf62-46d8-b0e1-75e492105ea5,5b0fa12a-3dd7-45bb-9766-cc326314d9f1,21.339161699987017,0.0001635158572867,7.662712321393734e-06,13.339601456,53.15748408400704,20.0,7.59833777112547e-05,0.000305495244396,0.0001129482227777,0.000494426844885,0.0,Italy,ITA,lombardy,,,Windows-11-10.0.26200-SP0,3.13.13,3.2.6,32,13th Gen Intel(R) Core(TM) i9-13900HX,1,1 x NVIDIA GeForce RTX 4070 Laptop GPU,9.1922,45.4722,31.70067596435547,machine,5.2631578947368425,39.94736842105263,41.8,13.247479890522204,N,1.0,0.0
2026-05-05T16:31:46,Q452_qwen2.5:14b_HellaSwag,e813f32a-fdf0-4b8b-b5ea-fbc1706de9ee,5b0fa12a-3dd7-45bb-9766-cc326314d9f1,15.568762299997616,0.0001184087094594,7.605531331121745e-06,13.159588053028571,50.72491138365667,20.0,5.505943713815338e-05,0.000219297119882,8.367871611109068e-05,0.0003580352731312,0.0,Italy,ITA,lombardy,,,Windows-11-10.0.26200-SP0,3.13.13,3.2.6,32,13th Gen Intel(R) Core(TM) i9-13900HX,1,1 x NVIDIA GeForce RTX 4070 Laptop GPU,9.1922,45.4722,31.70067596435547,machine,13.0,40.15384615384615,41.7,13.214363391582785,N,1.0,0.0
2026-05-05T16:33:01,Q453_qwen2.5:14b_GSM8K,408cab3c-79a1-49f3-871b-e983c1d71fbd,5b0fa12a-3dd7-45bb-9766-cc326314d9f1,30.19838499999605,0.0002395716838567,7.933261459405265e-06,13.187972238080002,54.4993278189252,20.0,0.0001069497566511,0.000455266753102,0.0001621821738889,0.0007243986836421,0.0,Italy,ITA,lombardy,,,Windows-11-10.0.26200-SP0,3.13.13,3.2.6,32,13th Gen Intel(R) Core(TM) i9-13900HX,1,1 x NVIDIA GeForce RTX 4070 Laptop GPU,9.1922,45.4722,31.70067596435547,machine,0.7642857142857142,38.535714285714285,41.7,13.20739187513079,N,1.0,0.0
2026-05-05T16:34:34,Q454_qwen2.5:14b_MMLU,d6706a7a-c7c0-4536-b37c-865b6712a07c,5b0fa12a-3dd7-45bb-9766-cc326314d9f1,37.52079550000781,0.0002993649086508,7.97863970263546e-06,13.60345767824,54.98491295430036,20.0,0.0001362908668724,0.0005688443439639,0.00020006169,0.0009051969008364,0.0,Italy,ITA,lombardy,,,Windows-11-10.0.26200-SP0,3.13.13,3.2.6,32,13th Gen Intel(R) Core(TM) i9-13900HX,1,1 x NVIDIA GeForce RTX 4070 Laptop GPU,9.1922,45.4722,31.70067596435547,machine,0.0,38.77142857142857,41.7,13.208467429024832,N,1.0,0.0
2026-05-05T16:35:51,Q455_qwen2.5:14b_HumanEval,148ddb13-51e0-40db-b05b-4fb526bf6f93,5b0fa12a-3dd7-45bb-9766-cc326314d9f1,21.758325899994816,0.0001670060767881,7.6755021298852e-06,13.331267838354286,54.11473493613584,20.0,7.744663494470382e-05,0.000312235527566,0.0001152981433333,0.000504980305844,0.0,Italy,ITA,lombardy,,,Windows-11-10.0.26200-SP0,3.13.13,3.2.6,32,13th Gen Intel(R) Core(TM) i9-13900HX,1,1 x NVIDIA GeForce RTX 4070 Laptop GPU,9.1922,45.4722,31.70067596435547,machine,5.0,39.9,41.7,13.212767601013184,N,1.0,0.0
2026-05-05T16:36:51,Q456_qwen2.5:14b_GSM8K,0dc910cb-0536-455c-986d-1b5531e14604,5b0fa12a-3dd7-45bb-9766-cc326314d9f1,14.659528799995314,0.0001141485061212,7.78664223650162e-06,13.4815899008,52.43086382724655,20.0,5.30170271133541e-05,0.000213486559678,7.865000666667282e-05,0.000345153593458,0.0,Italy,ITA,lombardy,,,Windows-11-10.0.26200-SP0,3.13.13,3.2.6,32,13th Gen Intel(R) Core(TM) i9-13900HX,1,1 x NVIDIA GeForce RTX 4070 Laptop GPU,9.1922,45.4722,31.70067596435547,machine,13.284615384615384,38.30769230769231,41.7,13.210948063777042,N,1.0,0.0
2026-05-05T16:38:04,Q457_qwen2.5:14b_HumanEval,c3362966-ad44-44f0-830c-a270e3ca77b5,5b0fa12a-3dd7-45bb-9766-cc326314d9f1,37.59737180000229,0.0003030121743815,8.05939776837053e-06,13.585523507565716,56.08717484732657,20.0,0.0001366796747018,0.0005790440743459,0.0002005014772221,0.0009162252262699,0.0,Italy,ITA,lombardy,,,Windows-11-10.0.26200-SP0,3.13.13,3.2.6,32,13th Gen Intel(R) Core(TM) i9-13900HX,1,1 x NVIDIA GeForce RTX 4070 Laptop GPU,9.1922,45.4722,31.70067596435547,machine,0.0,39.68571428571428,41.7,13.215623038155693,N,1.0,0.0
2026-05-05T16:39:09,Q458_qwen2.5:14b_HellaSwag,43864a67-1f6b-4861-b3f7-b9bac8d9356c,5b0fa12a-3dd7-45bb-9766-cc326314d9f1,10.207993100004389,7.293230807817229e-05,7.144627485900333e-06,13.0782655872,46.32660983138818,20.0,3.5259018191218553e-05,0.000131348993968,5.391916833339363e-05,0.0002205271804926,0.0,Italy,ITA,lombardy,,,Windows-11-10.0.26200-SP0,3.13.13,3.2.6,32,13th Gen Intel(R) Core(TM) i9-13900HX,1,1 x NVIDIA GeForce RTX 4070 Laptop GPU,9.1922,45.4722,31.70067596435547,machine,0.0,38.5,41.7,13.208745956420898,N,1.0,0.0
2026-05-05T16:40:00,Q459_qwen2.5:14b_MMLU,21b6ae0e-5db7-4463-aa4a-2f9e5c174acf,5b0fa12a-3dd7-45bb-9766-cc326314d9f1,15.519502899987856,0.0001189796165331,7.666457959373314e-06,13.18633488457143,51.34386257454417,20.0,5.500562934659335e-05,0.000221328510396,8.342739888887283e-05,0.0003597615386314,0.0,Italy,ITA,lombardy,,,Windows-11-10.0.26200-SP0,3.13.13,3.2.6,32,13th Gen Intel(R) Core(TM) i9-13900HX,1,1 x NVIDIA GeForce RTX 4070 Laptop GPU,9.1922,45.4722,31.70067596435547,machine,0.0,35.76923076923077,41.7,13.21614778958834,N,1.0,0.0
2026-05-05T16:41:13,Q460_qwen2.5:14b_HumanEval,3bcb3d10-bae4-4a80-a10b-fcdb60be143e,5b0fa12a-3dd7-45bb-9766-cc326314d9f1,37.38274369999999,0.0003000328924235,8.0259730219748e-06,13.18838072633143,56.04480018243172,20.0,0.0001316448273704,0.0005762674054579,0.0001993044666666,0.000907216699495,0.0,Italy,ITA,lombardy,,,Windows-11-10.0.26200-SP0,3.13.13,3.2.6,32,13th Gen Intel(R) Core(TM) i9-13900HX,1,1 x NVIDIA GeForce RTX 4070 Laptop GPU,9.1922,45.4722,31.70067596435547,machine,2.857142857142857,39.94285714285714,41.7,13.21826444353376,N,1.0,0.0
2026-05-05T16:42:16,Q461_qwen2.5:14b_HellaSwag,de79500b-5891-4f83-aa8f-319afdf4148d,5b0fa12a-3dd7-45bb-9766-cc326314d9f1,8.000825600000098,5.611644636888043e-05,7.013831968650803e-06,13.470132717714288,44.98554028982363,20.0,2.805734354166619e-05,9.996563552799877e-05,4.165767444444808e-05,0.0001696806535141,0.0,Italy,ITA,lombardy,,,Windows-11-10.0.26200-SP0,3.13.13,3.2.6,32,13th Gen Intel(R) Core(TM) i9-13900HX,1,1 x NVIDIA GeForce RTX 4070 Laptop GPU,9.1922,45.4722,31.70067596435547,machine,0.0,56.333333333333336,41.7,13.21301778157552,N,1.0,0.0
2026-05-05T16:42:45,Q462_qwen2.5:14b_MMLU,a64efcd5-9afc-4a5a-a2f2-79b4a1c52772,5b0fa12a-3dd7-45bb-9766-cc326314d9f1,3.7283406000060495,2.3007230045814268e-05,6.170903496793436e-06,13.1354266496,38.51606703427178,20.0,1.1769937750703378e-05,3.987753190193288e-05,1.792004722220655e-05,6.956751687484282e-05,0.0,Italy,ITA,lombardy,,,Windows-11-10.0.26200-SP0,3.13.13,3.2.6,32,13th Gen Intel(R) Core(TM) i9-13900HX,1,1 x NVIDIA GeForce RTX 4070 Laptop GPU,9.1922,45.4722,31.70067596435547,machine,0.0,65.0,41.7,13.21685791015625,N,1.0,0.0
2026-05-05T16:43:15,Q463_qwen2.5:14b_HumanEval,f31847b3-e5d7-48e5-9228-2d1b82a20114,5b0fa12a-3dd7-45bb-9766-cc326314d9f1,14.580065200003446,0.0001127698565441,7.734523474156513e-06,13.184227286646156,52.156532942575645,20.0,5.1557175699509766e-05,0.0002112182245299,7.820953722225064e-05,0.0003409849374517,0.0,Italy,ITA,lombardy,,,Windows-11-10.0.26200-SP0,3.13.13,3.2.6,32,13th Gen Intel(R) Core(TM) i9-13900HX,1,1 x NVIDIA GeForce RTX 4070 Laptop GPU,9.1922,45.4722,31.70067596435547,machine,0.0,47.5,41.7,13.216599146525065,N,1.0,0.0
2026-05-05T16:44:23,Q464_qwen2.5:14b_HumanEval,93a62fa2-9a83-41cb-9c93-052362164120,5b0fa12a-3dd7-45bb-9766-cc326314d9f1,32.7348662000004,0.000261961309005,8.002516564585812e-06,13.095402300960002,54.774701856641634,20.0,0.0001142319846193,0.00050438095906,0.0001734857900001,0.0007920987336794,0.0,Italy,ITA,lombardy,,,Windows-11-10.0.26200-SP0,3.13.13,3.2.6,32,13th Gen Intel(R) Core(TM) i9-13900HX,1,1 x NVIDIA GeForce RTX 4070 Laptop GPU,9.1922,45.4722,31.70067596435547,machine,9.274193548387096,44.096774193548384,41.7,13.218448269751764,N,1.0,0.0
2026-05-05T16:45:26,Q465_qwen2.5:14b_GSM8K,0eb1ed7e-21bc-4336-836b-c3702f134c7e,5b0fa12a-3dd7-45bb-9766-cc326314d9f1,8.219823899999028,6.0205499598451886e-05,7.324426937961409e-06,13.117438537142858,48.642669956076986,20.0,2.8120759188445096e-05,0.000111049533284,4.287452999997186e-05,0.0001820448224724,0.0,Italy,ITA,lombardy,,,Windows-11-10.0.26200-SP0,3.13.13,3.2.6,32,13th Gen Intel(R) Core(TM) i9-13900HX,1,1 x NVIDIA GeForce RTX 4070 Laptop GPU,9.1922,45.4722,31.70067596435547,machine,13.333333333333334,36.833333333333336,41.7,13.228157679239908,N,1.0,0.0
2026-05-05T16:46:04,Q466_qwen2.5:14b_HellaSwag,d7b551fd-27d6-4617-8f85-de4c8757ebd1,5b0fa12a-3dd7-45bb-9766-cc326314d9f1,12.340504300009345,9.437199809542712e-05,7.647337240128484e-06,13.13503048378182,51.46212717806051,20.0,4.3194077074027445e-05,0.0001763923633359,6.576844833333679e-05,0.0002853548887433,0.0,Italy,ITA,lombardy,,,Windows-11-10.0.26200-SP0,3.13.13,3.2.6,32,13th Gen Intel(R) Core(TM) i9-13900HX,1,1 x NVIDIA GeForce RTX 4070 Laptop GPU,9.1922,45.4722,31.70067596435547,machine,0.0,50.7,41.7,13.220828247070312,N,1.0,0.0
2026-05-05T16:46:42,Q467_qwen2.5:14b_SQuAD,df83d25a-c60a-4b62-ac8b-1bd92a259908,5b0fa12a-3dd7-45bb-9766-cc326314d9f1,3.396769300001324,1.789068379299302e-05,5.266970527844221e-06,13.010428006400002,29.26858180300413,20.0,1.0449983725582444e-05,2.75833553999294e-05,1.6063153333299042e-05,5.409649245881088e-05,0.0,Italy,ITA,lombardy,,,Windows-11-10.0.26200-SP0,3.13.13,3.2.6,32,13th Gen Intel(R) Core(TM) i9-13900HX,1,1 x NVIDIA GeForce RTX 4070 Laptop GPU,9.1922,45.4722,31.70067596435547,machine,0.0,49.0,41.7,13.222076416015623,N,1.0,0.0
2026-05-05T16:47:35,Q468_qwen2.5:14b_GSM8K,73a5ede0-988a-4cb4-9c64-554f7779481d,5b0fa12a-3dd7-45bb-9766-cc326314d9f1,37.40942240000004,0.0002960395149082,7.913501356498843e-06,13.195798912617144,55.084355869139706,20.0,0.0001315142033885,0.000564171840226,0.0001994557838887,0.0008951418275033,0.0,Italy,ITA,lombardy,,,Windows-11-10.0.26200-SP0,3.13.13,3.2.6,32,13th Gen Intel(R) Core(TM) i9-13900HX,1,1 x NVIDIA GeForce RTX 4070 Laptop GPU,9.1922,45.4722,31.70067596435547,machine,5.714285714285714,41.371428571428574,41.8,13.240548052106584,N,1.0,0.0
2026-05-05T16:48:35,Q469_qwen2.5:14b_SQuAD,d0616f4f-5e57-47e5-bd0f-9b0dd3813503,5b0fa12a-3dd7-45bb-9766-cc326314d9f1,4.605298800001037,3.403789496733452e-05,7.391028561996206e-06,13.2549579776,50.83911297797884,20.0,1.5106548212155353e-05,6.502171868399964e-05,2.2792937777719795e-05,0.0001029212046738,0.0,Italy,ITA,lombardy,,,Windows-11-10.0.26200-SP0,3.13.13,3.2.6,32,13th Gen Intel(R) Core(TM) i9-13900HX,1,1 x NVIDIA GeForce RTX 4070 Laptop GPU,9.1922,45.4722,31.70067596435547,machine,0.0,37.66666666666666,41.7,13.219088236490885,N,1.0,0.0
2026-05-05T16:49:24,Q470_qwen2.5:14b_HumanEval,d40524aa-b44d-4f7e-a026-02a9d30250ab,5b0fa12a-3dd7-45bb-9766-cc326314d9f1,34.4322824000119,0.0002718587921761,7.895462433127603e-06,13.32481989104,54.8764241075217,20.0,0.0001211265447118,0.00051802541442,0.0001828740333333,0.0008220259924652,0.0,Italy,ITA,lombardy,,,Windows-11-10.0.26200-SP0,3.13.13,3.2.6,32,13th Gen Intel(R) Core(TM) i9-13900HX,1,1 x NVIDIA GeForce RTX 4070 Laptop GPU,9.1922,45.4722,31.70067596435547,machine,0.0,38.96875,41.7,13.226250648498535,N,1.0,0.0
2026-05-05T16:50:45,Q471_qwen2.5:14b_HellaSwag,f5b76c3c-16fa-487e-991a-7c9a41d403ea,5b0fa12a-3dd7-45bb-9766-cc326314d9f1,25.69485230000282,0.000202204913002,7.869471699670338e-06,13.521739036858182,53.91962821361862,20.0,9.30673772024018e-05,0.000381179193832,0.0001371653055555,0.0006114118765899,0.0,Italy,ITA,lombardy,,,Windows-11-10.0.26200-SP0,3.13.13,3.2.6,32,13th Gen Intel(R) Core(TM) i9-13900HX,1,1 x NVIDIA GeForce RTX 4070 Laptop GPU,9.1922,45.4722,31.70067596435547,machine,0.0,42.125,41.7,13.225095907847086,N,1.0,0.0
2026-05-05T16:51:57,Q472_qwen2.5:14b_HellaSwag,9d89bb98-0a8b-4467-a898-38d632c1f3ba,5b0fa12a-3dd7-45bb-9766-cc326314d9f1,16.812453699996695,0.0001789362609786,1.0643078290156486e-05,13.181427104,62.68772432325446,20.0,0.0001183157627823,0.0002431804723219,0.0001795576566666,0.0005410538917709,0.0,Italy,ITA,lombardy,,,Windows-11-10.0.26200-SP0,3.13.13,3.2.6,32,13th Gen Intel(R) Core(TM) i9-13900HX,1,1 x NVIDIA GeForce RTX 4070 Laptop GPU,9.1922,45.4722,31.70067596435547,machine,0.0,47.6,41.7,13.22956314086914,N,1.0,0.0
2026-05-05T16:52:59,Q473_qwen2.5:14b_HellaSwag,71a71879-2331-47b0-9e24-827c89d7b449,5b0fa12a-3dd7-45bb-9766-cc326314d9f1,16.629062199994223,0.0001770982320515,1.0649923003570744e-05,13.11430553984,48.48077390240073,20.0,0.0001170336540284,0.000239966303084,0.000178496242222,0.0005354961993345,0.0,Italy,ITA,lombardy,,,Windows-11-10.0.26200-SP0,3.13.13,3.2.6,32,13th Gen Intel(R) Core(TM) i9-13900HX,1,1 x NVIDIA GeForce RTX 4070 Laptop GPU,9.1922,45.4722,31.70067596435547,machine,0.0,41.46666666666667,41.7,13.228120676676433,N,1.0,0.0
2026-05-05T16:54:22,Q474_qwen2.5:14b_GSM8K,5dadc87d-eb50-4539-bf4b-6980b07d5d0b,5b0fa12a-3dd7-45bb-9766-cc326314d9f1,37.138471300000674,0.0002992631027203,8.058035030655207e-06,13.565543644548574,55.91539723025529,20.0,0.0001345823371058,0.00057237962457,0.0001979271061111,0.000904889067787,0.0,Italy,ITA,lombardy,,,Windows-11-10.0.26200-SP0,3.13.13,3.2.6,32,13th Gen Intel(R) Core(TM) i9-13900HX,1,1 x NVIDIA GeForce RTX 4070 Laptop GPU,9.1922,45.4722,31.70067596435547,machine,0.0,41.6,41.7,13.221229008265905,N,1.0,0.0
2026-05-05T16:55:28,Q475_qwen2.5:14b_SQuAD,b57fd403-9e00-4982-899d-e9bc4c88d787,5b0fa12a-3dd7-45bb-9766-cc326314d9f1,10.305639600002904,7.497559676778645e-05,7.275200732593571e-06,13.546090035200002,47.288033008264826,20.0,3.688779576513167e-05,0.000135355941618,5.446178444447773e-05,0.0002267055218276,0.0,Italy,ITA,lombardy,,,Windows-11-10.0.26200-SP0,3.13.13,3.2.6,32,13th Gen Intel(R) Core(TM) i9-13900HX,1,1 x NVIDIA GeForce RTX 4070 Laptop GPU,9.1922,45.4722,31.70067596435547,machine,0.0,38.125,41.7,13.219883918762209,N,1.0,0.0
2026-05-05T16:56:13,Q476_qwen2.5:14b_MMLU,04498935-03ba-4d1f-b24b-1165b3cc8992,5b0fa12a-3dd7-45bb-9766-cc326314d9f1,9.72226710000541,7.108688155253098e-05,7.311759780030259e-06,13.5897572864,47.739694818908326,20.0,3.480664995934247e-05,0.000128916492022,5.1223977777812656e-05,0.0002149471197592,0.0,Italy,ITA,lombardy,,,Windows-11-10.0.26200-SP0,3.13.13,3.2.6,32,13th Gen Intel(R) Core(TM) i9-13900HX,1,1 x NVIDIA GeForce RTX 4070 Laptop GPU,9.1922,45.4722,31.70067596435547,machine,0.0,49.0,41.7,13.226723194122314,N,1.0,0.0
2026-05-05T16:56:46,Q477_qwen2.5:14b_HellaSwag,70112c39-87b6-4bb6-b96e-5c38d3539eeb,5b0fa12a-3dd7-45bb-9766-cc326314d9f1,8.067536799993832,5.845357072605699e-05,7.24552886156053e-06,13.229079071085716,47.71854007327084,20.0,2.7799798425257e-05,0.0001069200855359,4.202758888891872e-05,0.0001767474728501,0.0,Italy,ITA,lombardy,,,Windows-11-10.0.26200-SP0,3.13.13,3.2.6,32,13th Gen Intel(R) Core(TM) i9-13900HX,1,1 x NVIDIA GeForce RTX 4070 Laptop GPU,9.1922,45.4722,31.70067596435547,machine,0.0,35.5,41.7,13.228258768717447,N,1.0,0.0
2026-05-05T16:57:15,Q478_qwen2.5:14b_SQuAD,20658200-b52a-4bdf-9724-e883549cfb0f,5b0fa12a-3dd7-45bb-9766-cc326314d9f1,3.3743557000125293,1.7338928455518538e-05,5.1384412305597055e-06,13.063521440000002,27.812057183961347,20.0,1.0418574566758925e-05,2.6059743070017127e-05,1.5949818888960485e-05,5.242813652573654e-05,0.0,Italy,ITA,lombardy,,,Windows-11-10.0.26200-SP0,3.13.13,3.2.6,32,13th Gen Intel(R) Core(TM) i9-13900HX,1,1 x NVIDIA GeForce RTX 4070 Laptop GPU,9.1922,45.4722,31.70067596435547,machine,0.0,50.0,41.7,13.230621337890623,N,1.0,0.0
2026-05-05T16:57:50,Q479_qwen2.5:14b_GSM8K,9c5b5d81-2e01-4e05-bf97-0aae6bbfc936,5b0fa12a-3dd7-45bb-9766-cc326314d9f1,20.05012650000572,0.0001585956487847,7.909957514965105e-06,13.114827388160002,54.088645722175286,20.0,6.945932435109608e-05,0.000304282465648,0.0001058077016666,0.0004795494916657,0.0,Italy,ITA,lombardy,,,Windows-11-10.0.26200-SP0,3.13.13,3.2.6,32,13th Gen Intel(R) Core(TM) i9-13900HX,1,1 x NVIDIA GeForce RTX 4070 Laptop GPU,9.1922,45.4722,31.70067596435547,machine,14.816666666666666,50.27777777777778,41.7,13.23277070787218,N,1.0,0.0
2026-05-05T16:58:48,Q480_qwen2.5:14b_GSM8K,3cc92737-5d21-433b-a4b0-7c5872aa8aea,5b0fa12a-3dd7-45bb-9766-cc326314d9f1,12.978742000006603,9.609335970454808e-05,7.403903991966183e-06,13.3288328,48.55994960090662,20.0,4.61938502407711e-05,0.0001750526400419,6.931332111109643e-05,0.0002905598113938,0.0,Italy,ITA,lombardy,,,Windows-11-10.0.26200-SP0,3.13.13,3.2.6,32,13th Gen Intel(R) Core(TM) i9-13900HX,1,1 x NVIDIA GeForce RTX 4070 Laptop GPU,9.1922,45.4722,31.70067596435547,machine,0.0,44.27272727272727,41.7,13.228747974742545,N,1.0,0.0
2026-05-05T16:59:38,Q481_qwen2.5:14b_MMLU,ee9a46a5-afc8-48a4-ab58-5bc72daaa02b,5b0fa12a-3dd7-45bb-9766-cc326314d9f1,14.294177300005686,0.0001086656524633,7.602092109442645e-06,13.15128863803077,50.78314227082805,20.0,5.0375594670516895e-05,0.0002015909946059,7.660836722223192e-05,0.0003285749564987,0.0,Italy,ITA,lombardy,,,Windows-11-10.0.26200-SP0,3.13.13,3.2.6,32,13th Gen Intel(R) Core(TM) i9-13900HX,1,1 x NVIDIA GeForce RTX 4070 Laptop GPU,9.1922,45.4722,31.70067596435547,machine,0.0,42.75,41.9,13.28793716430664,N,1.0,0.0
2026-05-05T17:00:39,Q482_qwen2.5:14b_MMLU,da07f2ff-6212-4722-ad5b-a7dce108373a,5b0fa12a-3dd7-45bb-9766-cc326314d9f1,26.242090200001257,0.0002061629939541,7.856195614864666e-06,13.195894073250912,54.4594091892246,20.0,9.254026233804382e-05,0.0003906333680619,0.0001402063911111,0.0006233800215111,0.0,Italy,ITA,lombardy,,,Windows-11-10.0.26200-SP0,3.13.13,3.2.6,32,13th Gen Intel(R) Core(TM) i9-13900HX,1,1 x NVIDIA GeForce RTX 4070 Laptop GPU,9.1922,45.4722,31.70067596435547,machine,0.0,41.04166666666666,42.0,13.306864579518637,N,1.0,0.0
2026-05-05T17:02:02,Q483_qwen2.5:14b_MMLU,00ba3f38-f2fe-4f0e-97c3-82816cb743f8,5b0fa12a-3dd7-45bb-9766-cc326314d9f1,37.76745220000157,0.0002996817213395,7.934920252300023e-06,13.577250408320005,54.85511738672486,20.0,0.0001372162282118,0.0005675273984659,0.0002014112283333,0.0009061548550111,0.0,Italy,ITA,lombardy,,,Windows-11-10.0.26200-SP0,3.13.13,3.2.6,32,13th Gen Intel(R) Core(TM) i9-13900HX,1,1 x NVIDIA GeForce RTX 4070 Laptop GPU,9.1922,45.4722,31.70067596435547,machine,1.8527777777777776,38.083333333333336,41.980555555555554,13.29915640089247,N,1.0,0.0
2026-05-05T17:03:05,Q484_qwen2.5:14b_SQuAD,e20490dd-4a88-4384-bb3a-8b08524c9986,5b0fa12a-3dd7-45bb-9766-cc326314d9f1,7.036682000005385,5.268802297167116e-05,7.487623139944484e-06,13.6087071104,50.30056808558577,20.0,2.470273494768656e-05,9.830785642400695e-05,3.630345555551078e-05,0.0001593140469272,0.0,Italy,ITA,lombardy,,,Windows-11-10.0.26200-SP0,3.13.13,3.2.6,32,13th Gen Intel(R) Core(TM) i9-13900HX,1,1 x NVIDIA GeForce RTX 4070 Laptop GPU,9.1922,45.4722,31.70067596435547,machine,0.0,41.8,41.9,13.292646026611328,N,1.0,0.0
2026-05-05T17:03:37,Q485_qwen2.5:14b_HellaSwag,165438ef-4256-4d16-adff-ae5a435b4462,5b0fa12a-3dd7-45bb-9766-cc326314d9f1,7.239711600006558,5.0560150983849965e-05,6.983724459936245e-06,13.4169625088,44.99207255232661,20.0,2.508757615901627e-05,9.03964612059549e-05,3.739591166668106e-05,0.0001528799490316,0.0,Italy,ITA,lombardy,,,Windows-11-10.0.26200-SP0,3.13.13,3.2.6,32,13th Gen Intel(R) Core(TM) i9-13900HX,1,1 x NVIDIA GeForce RTX 4070 Laptop GPU,9.1922,45.4722,31.70067596435547,machine,20.0,45.6,42.0,13.317913818359376,N,1.0,0.0
2026-05-05T17:04:12,Q486_qwen2.5:14b_MMLU,31ee85d4-9453-4f69-8262-5e9a12135f49,5b0fa12a-3dd7-45bb-9766-cc326314d9f1,9.889057099993806,7.310298779886048e-05,7.3923112243842e-06,13.4277992064,48.74170987715034,20.0,3.501419455960333e-05,0.0001338781626579,5.2150911666669545e-05,0.0002210432688842,0.0,Italy,ITA,lombardy,,,Windows-11-10.0.26200-SP0,3.13.13,3.2.6,32,13th Gen Intel(R) Core(TM) i9-13900HX,1,1 x NVIDIA GeForce RTX 4070 Laptop GPU,9.1922,45.4722,31.70067596435547,machine,0.0,45.125,42.0,13.3116717338562,N,1.0,0.0
2026-05-05T17:04:41,Q487_qwen2.5:14b_SQuAD,fdba9067-d9d2-4e2c-82c0-2d67880a1e1c,5b0fa12a-3dd7-45bb-9766-cc326314d9f1,3.911742800002685,2.673193869186505e-05,6.833766957236224e-06,12.978711104,45.66519889454209,20.0,1.2290955863343536e-05,4.959976190199722e-05,1.8939290555540032e-05,8.083000832088079e-05,0.0,Italy,ITA,lombardy,,,Windows-11-10.0.26200-SP0,3.13.13,3.2.6,32,13th Gen Intel(R) Core(TM) i9-13900HX,1,1 x NVIDIA GeForce RTX 4070 Laptop GPU,9.1922,45.4722,31.70067596435547,machine,0.0,75.5,42.0,13.302352905273438,N,1.0,0.0
2026-05-05T17:05:18,Q488_qwen2.5:14b_HumanEval,5558dba8-5016-45a6-9a3c-151a70250a07,5b0fa12a-3dd7-45bb-9766-cc326314d9f1,21.31445249999524,0.0001666047011579,7.816513286370273e-06,13.561850762240002,53.987619617086864,20.0,7.622581989194174e-05,0.00031471275177,0.0001128280849999,0.0005037666566619,0.0,Italy,ITA,lombardy,,,Windows-11-10.0.26200-SP0,3.13.13,3.2.6,32,13th Gen Intel(R) Core(TM) i9-13900HX,1,1 x NVIDIA GeForce RTX 4070 Laptop GPU,9.1922,45.4722,31.70067596435547,machine,5.2631578947368425,39.68421052631579,41.90526315789473,13.2792565195184,N,1.0,0.0
2026-05-05T17:06:28,Q489_qwen2.5:14b_HumanEval,7e96ad38-36fa-4542-909f-072e0d64535e,5b0fa12a-3dd7-45bb-9766-cc326314d9f1,25.3354352000024,0.0001978890932034,7.81076352710216e-06,13.651534837760003,53.29424065480474,20.0,9.244205866555556e-05,0.000370799463306,0.000135120506111,0.0005983620280826,0.0,Italy,ITA,lombardy,,,Windows-11-10.0.26200-SP0,3.13.13,3.2.6,32,13th Gen Intel(R) Core(TM) i9-13900HX,1,1 x NVIDIA GeForce RTX 4070 Laptop GPU,9.1922,45.4722,31.70067596435547,machine,6.039130434782609,42.56521739130435,41.89565217391304,13.267851124639096,N,1.0,0.0
2026-05-05T17:07:30,Q490_qwen2.5:14b_HellaSwag,1709a93d-5383-4296-a61c-ec715be7d0c4,5b0fa12a-3dd7-45bb-9766-cc326314d9f1,16.55499590000545,0.0001546086267887,9.339091819933684e-06,6.5795284057600005,25.158867532061464,20.0,5.853210902178892e-05,0.0002308207402119,0.0001781409877777,0.0004674938370115,0.0,Italy,ITA,lombardy,,,Windows-11-10.0.26200-SP0,3.13.13,3.2.6,32,13th Gen Intel(R) Core(TM) i9-13900HX,1,1 x NVIDIA GeForce RTX 4070 Laptop GPU,9.1922,45.4722,31.70067596435547,machine,0.0,32.07142857142857,41.8,13.256950105939593,N,1.0,0.0
2026-05-05T17:08:30,Q491_qwen2.5:14b_MMLU,2f60e37d-377e-4767-8dd6-e1a621697228,5b0fa12a-3dd7-45bb-9766-cc326314d9f1,15.08345730000292,0.0001160096338589,7.69118323151106e-06,13.159500739657144,51.68228210908397,20.0,5.32927210192258e-05,0.000216494062084,8.099434722227872e-05,0.0003507811303255,0.0,Italy,ITA,lombardy,,,Windows-11-10.0.26200-SP0,3.13.13,3.2.6,32,13th Gen Intel(R) Core(TM) i9-13900HX,1,1 x NVIDIA GeForce RTX 4070 Laptop GPU,9.1922,45.4722,31.70067596435547,machine,0.9615384615384616,40.46153846153846,41.8,13.259887108435995,N,1.0,0.0
2026-05-05T17:09:15,Q492_qwen2.5:14b_HellaSwag,0780d036-8e00-41f3-992a-698e315c9a16,5b0fa12a-3dd7-45bb-9766-cc326314d9f1,9.274386700009927,6.535365113854926e-05,7.046681710875751e-06,13.3847872112,45.13886280392484,20.0,3.261264676590788e-05,0.0001162687041259,4.873006166671984e-05,0.0001976114125585,0.0,Italy,ITA,lombardy,,,Windows-11-10.0.26200-SP0,3.13.13,3.2.6,32,13th Gen Intel(R) Core(TM) i9-13900HX,1,1 x NVIDIA GeForce RTX 4070 Laptop GPU,9.1922,45.4722,31.70067596435547,machine,0.0,40.0,41.9,13.292781829833984,N,1.0,0.0
2026-05-05T17:09:47,Q493_qwen2.5:14b_MMLU,14d33ae0-f18e-484e-ae1e-21492285e102,5b0fa12a-3dd7-45bb-9766-cc326314d9f1,6.733505799988052,4.8337767290430026e-05,7.178692456241116e-06,13.475325728,47.17516834214985,20.0,2.332295489929246e-05,8.822229280003313e-05,3.461482611108093e-05,0.0001461600738104,0.0,Italy,ITA,lombardy,,,Windows-11-10.0.26200-SP0,3.13.13,3.2.6,32,13th Gen Intel(R) Core(TM) i9-13900HX,1,1 x NVIDIA GeForce RTX 4070 Laptop GPU,9.1922,45.4722,31.70067596435547,machine,0.0,35.6,41.9,13.292463684082032,N,1.0,0.0
2026-05-05T17:10:38,Q494_qwen2.5:14b_GSM8K,43eec305-e16a-434a-a934-9da57a8aa4a2,5b0fa12a-3dd7-45bb-9766-cc326314d9f1,26.07405409999774,0.0002053871392903,7.877069614975742e-06,13.124019264930912,54.739698121268525,20.0,9.141102486435482e-05,0.00039035309006,0.000139269936111,0.0006210340510354,0.0,Italy,ITA,lombardy,,,Windows-11-10.0.26200-SP0,3.13.13,3.2.6,32,13th Gen Intel(R) Core(TM) i9-13900HX,1,1 x NVIDIA GeForce RTX 4070 Laptop GPU,9.1922,45.4722,31.70067596435547,machine,2.5625,36.91666666666666,41.925,13.298052628835045,N,1.0,0.0
2026-05-05T17:11:44,Q495_qwen2.5:14b_GSM8K,59c569a0-8bd9-4c36-8645-89d9276f28a6,5b0fa12a-3dd7-45bb-9766-cc326314d9f1,20.612650000010035,0.0001609677468975,7.809172857319495e-06,13.54169619584,53.796207473693656,20.0,7.433065532624564e-05,0.000303469964998,0.0001089214416666,0.0004867220619908,0.0,Italy,ITA,lombardy,,,Windows-11-10.0.26200-SP0,3.13.13,3.2.6,32,13th Gen Intel(R) Core(TM) i9-13900HX,1,1 x NVIDIA GeForce RTX 4070 Laptop GPU,9.1922,45.4722,31.70067596435547,machine,0.0,44.77777777777778,41.90555555555555,13.296554777357311,N,1.0,0.0
2026-05-05T17:12:53,Q496_qwen2.5:14b_GSM8K,586d0953-eec9-4cd6-b9d5-fe94befac1c2,5b0fa12a-3dd7-45bb-9766-cc326314d9f1,23.67251549998764,0.0001895488845441,8.00712896541196e-06,13.4470501696,56.63537656151716,20.0,8.486706017815582e-05,0.000362343067652,0.0001259334099999,0.0005731435378301,0.0,Italy,ITA,lombardy,,,Windows-11-10.0.26200-SP0,3.13.13,3.2.6,32,13th Gen Intel(R) Core(TM) i9-13900HX,1,1 x NVIDIA GeForce RTX 4070 Laptop GPU,9.1922,45.4722,31.70067596435547,machine,0.0,44.04545454545455,42.0,13.309708335182885,N,1.0,0.0
2026-05-05T17:13:47,Q497_qwen2.5:14b_HellaSwag,aa69917f-edbf-4687-95fd-992efa70076c,5b0fa12a-3dd7-45bb-9766-cc326314d9f1,8.437737300002482,5.948155407783245e-05,7.049467406127346e-06,13.149274057142858,45.566454250696445,20.0,2.8985424387390126e-05,0.000106784529872,4.408585666662677e-05,0.000179855810926,0.0,Italy,ITA,lombardy,,,Windows-11-10.0.26200-SP0,3.13.13,3.2.6,32,13th Gen Intel(R) Core(TM) i9-13900HX,1,1 x NVIDIA GeForce RTX 4070 Laptop GPU,9.1922,45.4722,31.70067596435547,machine,0.0,50.833333333333336,41.91666666666666,13.2974001566569,N,1.0,0.0
2026-05-05T17:14:18,Q498_qwen2.5:14b_MMLU,9d06498e-85f1-409c-a2b4-56ab2636c70e,5b0fa12a-3dd7-45bb-9766-cc326314d9f1,6.641221600002609,4.624444604800265e-05,6.963243938130973e-06,13.0564713152,45.25083487233267,20.0,2.226423217884653e-05,8.346256676999841e-05,3.410364888889793e-05,0.0001398304478377,0.0,Italy,ITA,lombardy,,,Windows-11-10.0.26200-SP0,3.13.13,3.2.6,32,13th Gen Intel(R) Core(TM) i9-13900HX,1,1 x NVIDIA GeForce RTX 4070 Laptop GPU,9.1922,45.4722,31.70067596435547,machine,0.0,38.8,41.8,13.262056732177737,N,1.0,0.0
2026-05-05T17:14:55,Q499_qwen2.5:14b_MMLU,27ff7b37-8313-4faa-bd55-7985d77b8766,5b0fa12a-3dd7-45bb-9766-cc326314d9f1,11.671710400012673,8.512096522193719e-05,7.292929853866558e-06,13.355399538036364,47.47094300188935,20.0,4.143631310048224e-05,0.0001538951231159,6.205088111116008e-05,0.0002573823173275,0.0,Italy,ITA,lombardy,,,Windows-11-10.0.26200-SP0,3.13.13,3.2.6,32,13th Gen Intel(R) Core(TM) i9-13900HX,1,1 x NVIDIA GeForce RTX 4070 Laptop GPU,9.1922,45.4722,31.70067596435547,machine,0.0,37.3,41.82,13.2670654296875,N,1.0,0.0
2026-05-05T17:15:35,Q500_qwen2.5:14b_HellaSwag,2ae9db5c-d862-404e-b62d-451125bdb145,5b0fa12a-3dd7-45bb-9766-cc326314d9f1,14.451560600005903,0.0001090949184872,7.549006055938344e-06,13.609649605907691,49.74099942917103,20.0,5.273202548439631e-05,0.000199649604164,7.749130888890552e-05,0.0003298729385373,0.0,Italy,ITA,lombardy,,,Windows-11-10.0.26200-SP0,3.13.13,3.2.6,32,13th Gen Intel(R) Core(TM) i9-13900HX,1,1 x NVIDIA GeForce RTX 4070 Laptop GPU,9.1922,45.4722,31.70067596435547,machine,0.0,34.333333333333336,41.9,13.286439895629885,N,1.0,0.0
2026-05-08T17:46:02,Q1_qwen2.5:14b_GSM8K,93e8db7f-b2e2-459f-8c87-f35403164313,5b0fa12a-3dd7-45bb-9766-cc326314d9f1,26.886919000004127,0.0001987338532762,7.391469929156672e-06,13.980233384960002,48.85054900502082,20.0,0.0001004349008126,0.0003567013964719,0.0001437800522222,0.0006009163495068,0.0,Italy,ITA,lombardy,,,Windows-11-10.0.26200-SP0,3.13.13,3.2.6,32,13th Gen Intel(R) Core(TM) i9-13900HX,1,1 x NVIDIA GeForce RTX 4070 Laptop GPU,9.1922,45.4722,31.70067596435547,machine,6.6,34.36,43.644000000000005,13.832308197021485,N,1.0,0.0
2026-05-08T17:46:36,Q2_qwen2.5:14b_HellaSwag,c73740c1-1e07-46f1-8359-6cedb88f5dee,5b0fa12a-3dd7-45bb-9766-cc326314d9f1,8.365731199999573,6.021923703006806e-05,7.1983232057553005e-06,13.19396059794286,47.15935320060916,20.0,2.8820561346109995e-05,0.0001095792543299,4.368654499998633e-05,0.000182086360676,0.0,Italy,ITA,lombardy,,,Windows-11-10.0.26200-SP0,3.13.13,3.2.6,32,13th Gen Intel(R) Core(TM) i9-13900HX,1,1 x NVIDIA GeForce RTX 4070 Laptop GPU,9.1922,45.4722,31.70067596435547,machine,0.0,49.16666666666666,44.03333333333333,13.960089365641275,N,1.0,0.0
2026-05-08T17:47:11,Q3_qwen2.5:14b_MMLU,acc68202-4b35-4e84-aff2-628003a9370d,5b0fa12a-3dd7-45bb-9766-cc326314d9f1,10.155228800002078,7.2650807793551e-05,7.154029635800636e-06,13.202672268800002,46.32023346224391,20.0,3.540027454407515e-05,0.000130650660076,5.362506666666984e-05,0.0002196760012867,0.0,Italy,ITA,lombardy,,,Windows-11-10.0.26200-SP0,3.13.13,3.2.6,32,13th Gen Intel(R) Core(TM) i9-13900HX,1,1 x NVIDIA GeForce RTX 4070 Laptop GPU,9.1922,45.4722,31.70067596435547,machine,0.0,37.625,44.0,13.957194328308104,N,1.0,0.0
2026-05-08T17:47:53,Q4_qwen2.5:14b_GSM8K,6cc940af-7364-4a9c-92c7-79000a91ea71,5b0fa12a-3dd7-45bb-9766-cc326314d9f1,16.12141760000668,0.0001239457726138,7.688267600845856e-06,13.41513680384,51.318097543735206,20.0,5.820448248081264e-05,0.000229799628284,8.677371388892222e-05,0.0003747778246537,0.0,Italy,ITA,lombardy,,,Windows-11-10.0.26200-SP0,3.13.13,3.2.6,32,13th Gen Intel(R) Core(TM) i9-13900HX,1,1 x NVIDIA GeForce RTX 4070 Laptop GPU,9.1922,45.4722,31.70067596435547,machine,5.842857142857143,38.92857142857143,44.07142857142857,13.967425210135325,N,1.0,0.0
2026-05-08T17:48:35,Q5_qwen2.5:14b_MMLU,44c85864-c381-404c-ab94-023892244b91,5b0fa12a-3dd7-45bb-9766-cc326314d9f1,7.156070700002601,5.004643234369068e-05,6.993563149630773e-06,13.3564057472,45.118633154702174,20.0,2.468687217245552e-05,8.96742384060012e-05,3.69654949999838e-05,0.0001513266055784,0.0,Italy,ITA,lombardy,,,Windows-11-10.0.26200-SP0,3.13.13,3.2.6,32,13th Gen Intel(R) Core(TM) i9-13900HX,1,1 x NVIDIA GeForce RTX 4070 Laptop GPU,9.1922,45.4722,31.70067596435547,machine,0.0,51.8,44.0,13.955020904541016,N,1.0,0.0
2026-05-08T17:49:27,Q6_qwen2.5:14b_MMLU,3c5010a5-6892-4113-9a32-1db125c97434,5b0fa12a-3dd7-45bb-9766-cc326314d9f1,27.009768399999302,0.0002159580933448,7.995555169028722e-06,13.82681400704,54.852472872291,20.0,9.962380897294434e-05,0.000408908938238,0.0001444649527777,0.0006529976999887,0.0,Italy,ITA,lombardy,,,Windows-11-10.0.26200-SP0,3.13.13,3.2.6,32,13th Gen Intel(R) Core(TM) i9-13900HX,1,1 x NVIDIA GeForce RTX 4070 Laptop GPU,9.1922,45.4722,31.70067596435547,machine,3.332,37.84,43.984,13.937142791748046,N,1.0,0.0
2026-05-08T17:50:21,Q7_qwen2.5:14b_HellaSwag,f4703a2a-17e5-4fa9-a570-0db28f28c7b8,5b0fa12a-3dd7-45bb-9766-cc326314d9f1,8.859234800002014,6.24373250606052e-05,7.047710831706481e-06,13.5239215088,45.11365579499887,20.0,3.138846320882644e-05,0.0001109861999,4.641858388891302e-05,0.0001887932469977,0.0,Italy,ITA,lombardy,,,Windows-11-10.0.26200-SP0,3.13.13,3.2.6,32,13th Gen Intel(R) Core(TM) i9-13900HX,1,1 x NVIDIA GeForce RTX 4070 Laptop GPU,9.1922,45.4722,31.70067596435547,machine,12.857142857142858,41.85714285714285,43.9,13.916383470807755,N,1.0,0.0
2026-05-08T17:50:49,Q8_qwen2.5:14b_SQuAD,a6b14bed-3d9d-464d-8bb3-7f7b96466e9c,5b0fa12a-3dd7-45bb-9766-cc326314d9f1,3.038306100002956,1.7229536342942065e-05,5.670770414779901e-06,13.326436352,33.9968086978647,20.0,9.37553481046971e-06,2.865196736601128e-05,1.4069862777776305e-05,5.209736495425729e-05,0.0,Italy,ITA,lombardy,,,Windows-11-10.0.26200-SP0,3.13.13,3.2.6,32,13th Gen Intel(R) Core(TM) i9-13900HX,1,1 x NVIDIA GeForce RTX 4070 Laptop GPU,9.1922,45.4722,31.70067596435547,machine,0.0,47.0,43.9,13.92666244506836,N,1.0,0.0
2026-05-08T17:51:10,Q9_qwen2.5:14b_MMLU,829b1d6f-3b46-4d6b-a164-1d4b6d9fdf04,5b0fa12a-3dd7-45bb-9766-cc326314d9f1,5.670614599999681,3.79745112843847e-05,6.696718779722192e-06,13.32926276096,42.530295581539626,20.0,1.913513121056464e-05,6.697866469396185e-05,2.8710650555553405e-05,0.00011482444646,0.0,Italy,ITA,lombardy,,,Windows-11-10.0.26200-SP0,3.13.13,3.2.6,32,13th Gen Intel(R) Core(TM) i9-13900HX,1,1 x NVIDIA GeForce RTX 4070 Laptop GPU,9.1922,45.4722,31.70067596435547,machine,0.0,38.25,43.925,13.923681259155272,N,1.0,0.0
2026-05-08T17:51:33,Q10_qwen2.5:14b_HellaSwag,f168019e-8770-4832-8e83-3ef2657315dd,5b0fa12a-3dd7-45bb-9766-cc326314d9f1,7.740532800002256,5.429420194741528e-05,7.014271930660826e-06,13.199342215314289,45.355337336772536,20.0,2.6523243323293965e-05,9.745952241202448e-05,4.018792333336023e-05,0.0001641706890686,0.0,Italy,ITA,lombardy,,,Windows-11-10.0.26200-SP0,3.13.13,3.2.6,32,13th Gen Intel(R) Core(TM) i9-13900HX,1,1 x NVIDIA GeForce RTX 4070 Laptop GPU,9.1922,45.4722,31.70067596435547,machine,0.0,35.5,43.91666666666666,13.928637822469076,N,1.0,0.0
2026-05-08T17:52:12,Q11_qwen2.5:14b_HumanEval,c0251590-cbe2-4c2b-99e2-4d7c93091456,5b0fa12a-3dd7-45bb-9766-cc326314d9f1,23.911412599998584,0.0001866181136692,7.804562481988556e-06,13.75538638592,53.05604949810611,20.0,8.814100996204288e-05,0.000348894168004,0.0001272465172222,0.0005642816951883,0.0,Italy,ITA,lombardy,,,Windows-11-10.0.26200-SP0,3.13.13,3.2.6,32,13th Gen Intel(R) Core(TM) i9-13900HX,1,1 x NVIDIA GeForce RTX 4070 Laptop GPU,9.1922,45.4722,31.70067596435547,machine,4.545454545454546,42.54545454545455,43.98636363636364,13.938814336603338,N,1.0,0.0
2026-05-08T17:53:20,Q12_qwen2.5:14b_HumanEval,35c2e0e5-bc17-4337-ab29-9de438041d9b,5b0fa12a-3dd7-45bb-9766-cc326314d9f1,22.89250889999676,0.0001765403202795,7.711706962777105e-06,13.5231637448,53.19821514281253,20.0,8.166820082713581e-05,0.000330546375548,0.0001215946516666,0.0005338092280418,0.0,Italy,ITA,lombardy,,,Windows-11-10.0.26200-SP0,3.13.13,3.2.6,32,13th Gen Intel(R) Core(TM) i9-13900HX,1,1 x NVIDIA GeForce RTX 4070 Laptop GPU,9.1922,45.4722,31.70067596435547,machine,3.2952380952380955,40.57142857142857,43.9,13.91414024716332,N,1.0,0.0
2026-05-08T17:54:14,Q13_qwen2.5:14b_MMLU,dce75daa-c3cd-485c-97da-107e39b57484,5b0fa12a-3dd7-45bb-9766-cc326314d9f1,8.875483899995743,6.225426101856041e-05,7.01418218093892e-06,13.215077652800002,45.02226948518783,20.0,3.073669582365652e-05,0.0001109861998999,4.651681611111498e-05,0.0001882397118347,0.0,Italy,ITA,lombardy,,,Windows-11-10.0.26200-SP0,3.13.13,3.2.6,32,13th Gen Intel(R) Core(TM) i9-13900HX,1,1 x NVIDIA GeForce RTX 4070 Laptop GPU,9.1922,45.4722,31.70067596435547,machine,0.0,38.42857142857143,43.9,13.909272875104632,N,1.0,0.0
2026-05-08T17:54:50,Q14_qwen2.5:14b_SQuAD,e3dcb2a9-aa33-437c-a850-7370663ba187,5b0fa12a-3dd7-45bb-9766-cc326314d9f1,10.02531799999997,7.203734545260107e-05,7.185542189544639e-06,13.169254873600002,46.73713580271862,20.0,3.482658909192772e-05,0.0001301045485279,5.288992277779066e-05,0.0002178210603976,0.0,Italy,ITA,lombardy,,,Windows-11-10.0.26200-SP0,3.13.13,3.2.6,32,13th Gen Intel(R) Core(TM) i9-13900HX,1,1 x NVIDIA GeForce RTX 4070 Laptop GPU,9.1922,45.4722,31.70067596435547,machine,12.5,40.75,43.9,13.918627738952637,N,1.0,0.0
2026-05-08T17:55:53,Q15_qwen2.5:14b_HumanEval,7d07ad6e-0d5a-4257-a179-e81c3c30e779,5b0fa12a-3dd7-45bb-9766-cc326314d9f1,37.7341591000004,0.0002997287787732,7.943168363152626e-06,13.433410835040002,54.8714744519044,20.0,0.0001350841305058,0.0005699771226479,0.0002012358905555,0.0009062971437094,0.0,Italy,ITA,lombardy,,,Windows-11-10.0.26200-SP0,3.13.13,3.2.6,32,13th Gen Intel(R) Core(TM) i9-13900HX,1,1 x NVIDIA GeForce RTX 4070 Laptop GPU,9.1922,45.4722,31.70067596435547,machine,0.0,41.5,43.9,13.907578892178003,N,1.0,0.0
2026-05-08T17:57:00,Q16_qwen2.5:14b_MMLU,62b919d8-a44e-4751-92b1-8ddd72729df6,5b0fa12a-3dd7-45bb-9766-cc326314d9f1,21.76961419999861,0.00016632449731,7.640213362626415e-06,13.413208287817143,52.59241428729452,20.0,7.77533207664984e-05,0.0003098349700899,0.0001153311066666,0.0005029193975231,0.0,Italy,ITA,lombardy,,,Windows-11-10.0.26200-SP0,3.13.13,3.2.6,32,13th Gen Intel(R) Core(TM) i9-13900HX,1,1 x NVIDIA GeForce RTX 4070 Laptop GPU,9.1922,45.4722,31.70067596435547,machine,5.0,42.35,43.9,13.910409355163576,N,1.0,0.0
2026-05-08T17:57:53,Q17_qwen2.5:14b_HellaSwag,547a1ddc-642d-4ff8-9feb-898da495c5dd,5b0fa12a-3dd7-45bb-9766-cc326314d9f1,7.744206300005317,5.656865023272386e-05,7.304641436616302e-06,13.213385062400002,48.46321867316267,20.0,2.658091931012465e-05,0.0001042345278319,4.023254611113063e-05,0.0001710479932532,0.0,Italy,ITA,lombardy,,,Windows-11-10.0.26200-SP0,3.13.13,3.2.6,32,13th Gen Intel(R) Core(TM) i9-13900HX,1,1 x NVIDIA GeForce RTX 4070 Laptop GPU,9.1922,45.4722,31.70067596435547,machine,0.0,35.0,43.85,13.90630022684733,N,1.0,0.0
2026-05-08T17:58:34,Q18_qwen2.5:14b_GSM8K,c125debd-c90b-49bf-81ae-54b2b6812f5e,5b0fa12a-3dd7-45bb-9766-cc326314d9f1,26.83615280000231,0.0002075460258777,7.733821886633655e-06,13.46293592672,52.78416987061775,20.0,9.672725197784404e-05,0.0003873500321019,0.0001434846444444,0.0006275619285243,0.0,Italy,ITA,lombardy,,,Windows-11-10.0.26200-SP0,3.13.13,3.2.6,32,13th Gen Intel(R) Core(TM) i9-13900HX,1,1 x NVIDIA GeForce RTX 4070 Laptop GPU,9.1922,45.4722,31.70067596435547,machine,4.0,38.08,43.904,13.91562240600586,N,1.0,0.0
2026-05-08T17:59:28,Q19_qwen2.5:14b_SQuAD,07aa2899-bc68-4407-9023-d6ab4e5a4b98,5b0fa12a-3dd7-45bb-9766-cc326314d9f1,7.357567499995639,5.038104043443076e-05,6.847513180743584e-06,13.482473811200002,43.34646106111734,20.0,2.567500894438428e-05,8.857757086200291e-05,3.808578833332932e-05,0.0001523383681397,0.0,Italy,ITA,lombardy,,,Windows-11-10.0.26200-SP0,3.13.13,3.2.6,32,13th Gen Intel(R) Core(TM) i9-13900HX,1,1 x NVIDIA GeForce RTX 4070 Laptop GPU,9.1922,45.4722,31.70067596435547,machine,0.0,40.0,43.9,13.918443298339843,N,1.0,0.0
2026-05-08T17:59:46,Q20_qwen2.5:14b_SQuAD,24fefc37-1f3d-4344-b2ba-3572f43f2600,5b0fa12a-3dd7-45bb-9766-cc326314d9f1,3.612132800000836,1.9170115925680213e-05,5.30714594039172e-06,13.0348897664,29.33033246362038,20.0,1.1262326522471763e-05,2.9423356872004813e-05,1.7279458888919585e-05,5.796514228339616e-05,0.0,Italy,ITA,lombardy,,,Windows-11-10.0.26200-SP0,3.13.13,3.2.6,32,13th Gen Intel(R) Core(TM) i9-13900HX,1,1 x NVIDIA GeForce RTX 4070 Laptop GPU,9.1922,45.4722,31.70067596435547,machine,0.0,27.0,43.9,13.924829483032228,N,1.0,0.0
2026-05-08T18:00:35,Q21_qwen2.5:14b_HumanEval,d3a77960-be72-44c8-84e3-26d469790816,5b0fa12a-3dd7-45bb-9766-cc326314d9f1,33.56834810000146,0.0002656584864596,7.913957686217337e-06,13.193727223520002,54.26062098312864,20.0,0.0001178942647952,0.0005072809613799,0.0001781027522221,0.0008032779783973,0.0,Italy,ITA,lombardy,,,Windows-11-10.0.26200-SP0,3.13.13,3.2.6,32,13th Gen Intel(R) Core(TM) i9-13900HX,1,1 x NVIDIA GeForce RTX 4070 Laptop GPU,9.1922,45.4722,31.70067596435547,machine,3.225806451612903,39.096774193548384,43.9,13.91791017593876,N,1.0,0.0
2026-05-08T18:01:29,Q22_qwen2.5:14b_HellaSwag,84f475ae-b805-4437-baa7-0b0a481dc459,5b0fa12a-3dd7-45bb-9766-cc326314d9f1,8.000406699997257,5.970823266124908e-05,7.463149674787102e-06,13.345570677028572,49.99577453934375,20.0,2.779618389222676e-05,0.0001110898110939,4.165522944442475e-05,0.0001805412244306,0.0,Italy,ITA,lombardy,,,Windows-11-10.0.26200-SP0,3.13.13,3.2.6,32,13th Gen Intel(R) Core(TM) i9-13900HX,1,1 x NVIDIA GeForce RTX 4070 Laptop GPU,9.1922,45.4722,31.70067596435547,machine,6.666666666666667,41.333333333333336,43.86666666666667,13.905136108398438,N,1.0,0.0
2026-05-08T18:02:03,Q23_qwen2.5:14b_SQuAD,1d629f22-c0a6-4486-a786-da67ad20cfea,5b0fa12a-3dd7-45bb-9766-cc326314d9f1,8.895710199998575,6.669794046966454e-05,7.497764537077121e-06,13.2195862064,50.274526946246766,20.0,3.082405995121443e-05,0.000124218988264,4.663312444443161e-05,0.0002016761726596,0.0,Italy,ITA,lombardy,,,Windows-11-10.0.26200-SP0,3.13.13,3.2.6,32,13th Gen Intel(R) Core(TM) i9-13900HX,1,1 x NVIDIA GeForce RTX 4070 Laptop GPU,9.1922,45.4722,31.70067596435547,machine,0.0,47.285714285714285,43.9,13.919146401541571,N,1.0,0.0
2026-05-08T18:02:36,Q24_qwen2.5:14b_HellaSwag,59969c71-29db-4c9a-8121-eea915e99993,5b0fa12a-3dd7-45bb-9766-cc326314d9f1,7.510629399999743,5.048106723587071e-05,6.721283203758187e-06,13.3642549184,42.03353206149824,20.0,2.601863922337785e-05,8.768534792602534e-05,3.893683444443418e-05,0.0001526408215938,0.0,Italy,ITA,lombardy,,,Windows-11-10.0.26200-SP0,3.13.13,3.2.6,32,13th Gen Intel(R) Core(TM) i9-13900HX,1,1 x NVIDIA GeForce RTX 4070 Laptop GPU,9.1922,45.4722,31.70067596435547,machine,12.0,50.2,43.9,13.913850402832033,N,1.0,0.0
2026-05-08T18:02:57,Q25_qwen2.5:14b_MMLU,f119867f-ade7-439f-be1d-591de2130b8a,5b0fa12a-3dd7-45bb-9766-cc326314d9f1,5.8487816999986535,3.941068307844623e-05,6.738272190677812e-06,13.06348283648,43.169072849169645,20.0,1.9391116044375665e-05,7.008922273804563e-05,2.968669499997405e-05,0.0001191670337823,0.0,Italy,ITA,lombardy,,,Windows-11-10.0.26200-SP0,3.13.13,3.2.6,32,13th Gen Intel(R) Core(TM) i9-13900HX,1,1 x NVIDIA GeForce RTX 4070 Laptop GPU,9.1922,45.4722,31.70067596435547,machine,0.0,37.5,43.9,13.911177635192873,N,1.0,0.0
2026-05-08T18:03:38,Q26_qwen2.5:14b_HumanEval,04e6fbe1-0031-4ab9-b2dd-02227e758126,5b0fa12a-3dd7-45bb-9766-cc326314d9f1,26.00247050000325,0.0002053298566193,7.896551853383286e-06,13.400869075432729,54.0456763751592,20.0,9.310314346499416e-05,0.0003889139222419,0.0001388437783333,0.0006208608440403,0.0,Italy,ITA,lombardy,,,Windows-11-10.0.26200-SP0,3.13.13,3.2.6,32,13th Gen Intel(R) Core(TM) i9-13900HX,1,1 x NVIDIA GeForce RTX 4070 Laptop GPU,9.1922,45.4722,31.70067596435547,machine,5.1375,38.083333333333336,43.90416666666667,13.923909664154053,N,1.0,0.0
2026-05-08T18:04:29,Q27_qwen2.5:14b_SQuAD,62e2d58a-0100-4348-b37e-f2b665314e63,5b0fa12a-3dd7-45bb-9766-cc326314d9f1,5.6792137999946135,3.983054100458801e-05,7.013389952782863e-06,13.12264264448,46.16464335997368,20.0,1.8868378968223867e-05,7.281200269398935e-05,2.875618666665913e-05,0.0001204365683288,0.0,Italy,ITA,lombardy,,,Windows-11-10.0.26200-SP0,3.13.13,3.2.6,32,13th Gen Intel(R) Core(TM) i9-13900HX,1,1 x NVIDIA GeForce RTX 4070 Laptop GPU,9.1922,45.4722,31.70067596435547,machine,0.0,33.5,43.9,13.912195205688477,N,1.0,0.0
2026-05-08T18:04:49,Q28_qwen2.5:14b_SQuAD,dc436530-9604-4627-b877-740fdaf34646,5b0fa12a-3dd7-45bb-9766-cc326314d9f1,4.3311329999996815,2.595924425944133e-05,5.993638214167803e-06,13.4489485568,35.68001105564548,20.0,1.4304764179421243e-05,4.291697877806255e-05,2.12718505555434e-05,7.84935935130272e-05,0.0,Italy,ITA,lombardy,,,Windows-11-10.0.26200-SP0,3.13.13,3.2.6,32,13th Gen Intel(R) Core(TM) i9-13900HX,1,1 x NVIDIA GeForce RTX 4070 Laptop GPU,9.1922,45.4722,31.70067596435547,machine,0.0,64.0,43.9,13.908031463623049,N,1.0,0.0
2026-05-08T18:05:09,Q29_qwen2.5:14b_SQuAD,cf2ec5c7-3f30-45c3-a695-b3b29ed6937c,5b0fa12a-3dd7-45bb-9766-cc326314d9f1,5.40214360000391,3.679281853791961e-05,6.810781286505042e-06,13.4141568032,43.83887216150015,20.0,1.8258178737490005e-05,6.577171928395797e-05,2.7221435555556027e-05,0.000111251333577,0.0,Italy,ITA,lombardy,,,Windows-11-10.0.26200-SP0,3.13.13,3.2.6,32,13th Gen Intel(R) Core(TM) i9-13900HX,1,1 x NVIDIA GeForce RTX 4070 Laptop GPU,9.1922,45.4722,31.70067596435547,machine,0.0,41.0,43.9,13.911033630371094,N,1.0,0.0
2026-05-08T18:05:28,Q30_qwen2.5:14b_SQuAD,ee5517c5-c2ee-4cd9-808e-5cf03a12437c,5b0fa12a-3dd7-45bb-9766-cc326314d9f1,3.9872864999997546,2.355197724872019e-05,5.906768236674651e-06,13.085618624000002,35.43503119024349,20.0,1.2658392440876712e-05,3.921003136803103e-05,1.934625833334091e-05,7.121468214224865e-05,0.0,Italy,ITA,lombardy,,,Windows-11-10.0.26200-SP0,3.13.13,3.2.6,32,13th Gen Intel(R) Core(TM) i9-13900HX,1,1 x NVIDIA GeForce RTX 4070 Laptop GPU,9.1922,45.4722,31.70067596435547,machine,50.0,62.0,43.9,13.926977157592772,N,1.0,0.0
2026-05-08T18:05:58,Q31_qwen2.5:14b_GSM8K,451bb9ef-142f-4484-a60c-a2953da0982d,5b0fa12a-3dd7-45bb-9766-cc326314d9f1,14.521109400004208,0.0001119068085871,7.706491667032502e-06,13.565100374646155,51.48771616243739,20.0,5.282469237619318e-05,0.0002076682216899,7.788240444444657e-05,0.0003383753185106,0.0,Italy,ITA,lombardy,,,Windows-11-10.0.26200-SP0,3.13.13,3.2.6,32,13th Gen Intel(R) Core(TM) i9-13900HX,1,1 x NVIDIA GeForce RTX 4070 Laptop GPU,9.1922,45.4722,31.70067596435547,machine,8.333333333333334,49.75,44.1,13.974589029947916,N,1.0,0.0
2026-05-08T18:06:40,Q32_qwen2.5:14b_GSM8K,1539ed14-ff6d-47fb-83ac-44c7d5b0a42c,5b0fa12a-3dd7-45bb-9766-cc326314d9f1,16.81621179999638,0.0001761495945253,1.0474986674789464e-05,13.11117199616,62.41460920168035,20.0,0.0001176998411835,0.0002353712994079,0.0001795566405555,0.000532627781147,0.0,Italy,ITA,lombardy,,,Windows-11-10.0.26200-SP0,3.13.13,3.2.6,32,13th Gen Intel(R) Core(TM) i9-13900HX,1,1 x NVIDIA GeForce RTX 4070 Laptop GPU,9.1922,45.4722,31.70067596435547,machine,0.0,38.53333333333333,44.02,13.962288157145183,N,1.0,0.0
2026-05-08T18:07:20,Q33_qwen2.5:14b_SQuAD,b04fb7ce-a247-4e6e-95a0-c0018fbaea9d,5b0fa12a-3dd7-45bb-9766-cc326314d9f1,4.646737299997767,3.2084641221110395e-05,6.904767614284073e-06,13.132773401600002,45.62537787348134,20.0,1.5117151513743296e-05,5.887671376803016e-05,2.3021238888880667e-05,9.701510417065414e-05,0.0,Italy,ITA,lombardy,,,Windows-11-10.0.26200-SP0,3.13.13,3.2.6,32,13th Gen Intel(R) Core(TM) i9-13900HX,1,1 x NVIDIA GeForce RTX 4070 Laptop GPU,9.1922,45.4722,31.70067596435547,machine,0.0,58.0,44.06666666666666,13.970162709554035,N,1.0,0.0
2026-05-08T18:07:41,Q34_qwen2.5:14b_MMLU,efa7de95-2b68-4b67-ae2c-eeb005026f98,5b0fa12a-3dd7-45bb-9766-cc326314d9f1,6.572370000001683,4.861541469353393e-05,7.396938196346444e-06,13.1324657984,49.92205229585463,20.0,2.214561450726549e-05,9.112840623598516e-05,3.3725582222218184e-05,0.0001469996029654,0.0,Italy,ITA,lombardy,,,Windows-11-10.0.26200-SP0,3.13.13,3.2.6,32,13th Gen Intel(R) Core(TM) i9-13900HX,1,1 x NVIDIA GeForce RTX 4070 Laptop GPU,9.1922,45.4722,31.70067596435547,machine,0.0,26.8,44.1,13.97091293334961,N,1.0,0.0
2026-05-08T18:08:00,Q35_qwen2.5:14b_SQuAD,eb47e429-b966-4f57-b34a-7c836b24a925,5b0fa12a-3dd7-45bb-9766-cc326314d9f1,3.757465599999705,2.101819840621557e-05,5.593716787777704e-06,13.1086537088,32.288819397683675,20.0,1.183887085864517e-05,3.365252692200116e-05,1.806183611111515e-05,6.355323389176147e-05,0.0,Italy,ITA,lombardy,,,Windows-11-10.0.26200-SP0,3.13.13,3.2.6,32,13th Gen Intel(R) Core(TM) i9-13900HX,1,1 x NVIDIA GeForce RTX 4070 Laptop GPU,9.1922,45.4722,31.70067596435547,machine,0.0,49.5,44.150000000000006,13.98565673828125,N,1.0,0.0
2026-05-08T18:08:29,Q36_qwen2.5:14b_MMLU,d3dcd8c5-b3a2-42c1-a5a4-b7c45b721b66,5b0fa12a-3dd7-45bb-9766-cc326314d9f1,13.477008200003183,0.0001047766802963,7.77447625922647e-06,13.252373792,52.619661618741866,20.0,4.77634137917997e-05,0.0001969704353539,7.208192833333871e-05,0.000316815777479,0.0,Italy,ITA,lombardy,,,Windows-11-10.0.26200-SP0,3.13.13,3.2.6,32,13th Gen Intel(R) Core(TM) i9-13900HX,1,1 x NVIDIA GeForce RTX 4070 Laptop GPU,9.1922,45.4722,31.70067596435547,machine,2.727272727272727,45.18181818181818,44.10909090909092,13.99050521850586,N,1.0,0.0
2026-05-08T18:09:30,Q37_qwen2.5:14b_HumanEval,b69b9256-c1dd-4724-95f1-34a43e271927,5b0fa12a-3dd7-45bb-9766-cc326314d9f1,36.06790940000064,0.0002843189968724,7.882879867510473e-06,13.20935187136,54.27291070513513,20.0,0.0001269942827425,0.0005406984881139,0.0001920094433333,0.0008597022141899,0.0,Italy,ITA,lombardy,,,Windows-11-10.0.26200-SP0,3.13.13,3.2.6,32,13th Gen Intel(R) Core(TM) i9-13900HX,1,1 x NVIDIA GeForce RTX 4070 Laptop GPU,9.1922,45.4722,31.70067596435547,machine,1.6529411764705884,38.794117647058826,44.09411764705882,13.979508904849782,N,1.0,0.0
2026-05-08T18:10:26,Q38_qwen2.5:14b_MMLU,71158b3c-c77b-4191-ad00-f3e72a797661,5b0fa12a-3dd7-45bb-9766-cc326314d9f1,10.066704700002449,7.363239577754064e-05,7.314448766687548e-06,13.388412531200002,47.898680396130736,20.0,3.557314597953185e-05,0.0001339314960339,5.313941055557937e-05,0.000222644052569,0.0,Italy,ITA,lombardy,,,Windows-11-10.0.26200-SP0,3.13.13,3.2.6,32,13th Gen Intel(R) Core(TM) i9-13900HX,1,1 x NVIDIA GeForce RTX 4070 Laptop GPU,9.1922,45.4722,31.70067596435547,machine,0.0,44.625,43.8,13.890307426452637,N,1.0,0.0
2026-05-08T18:11:00,Q39_qwen2.5:14b_SQuAD,d8b0dc35-3654-4fb1-9c2d-0df4db60009d,5b0fa12a-3dd7-45bb-9766-cc326314d9f1,9.49379740000586,7.1591336872808e-05,7.540853660176465e-06,13.557174896,50.32107486185662,20.0,3.385714290897689e-05,0.0001326689950239,4.994631555556326e-05,0.0002164724534884,0.0,Italy,ITA,lombardy,,,Windows-11-10.0.26200-SP0,3.13.13,3.2.6,32,13th Gen Intel(R) Core(TM) i9-13900HX,1,1 x NVIDIA GeForce RTX 4070 Laptop GPU,9.1922,45.4722,31.70067596435547,machine,10.714285714285714,40.0,43.8,13.8899290902274,N,1.0,0.0
2026-05-08T18:11:45,Q40_qwen2.5:14b_GSM8K,6d669949-6b13-444f-9c9e-3c2f0bcae852,5b0fa12a-3dd7-45bb-9766-cc326314d9f1,19.86080139999831,0.0001534614579603,7.726851241783847e-06,13.52625487232,54.42728454146581,20.0,7.09328020407588e-05,0.0002883377306699,0.0001047545822222,0.0004640251149329,0.0,Italy,ITA,lombardy,,,Windows-11-10.0.26200-SP0,3.13.13,3.2.6,32,13th Gen Intel(R) Core(TM) i9-13900HX,1,1 x NVIDIA GeForce RTX 4070 Laptop GPU,9.1922,45.4722,31.70067596435547,machine,0.0,41.833333333333336,43.855555555555554,13.901171154446072,N,1.0,0.0
2026-05-08T18:12:32,Q41_qwen2.5:14b_HellaSwag,dcd7c774-baf9-4604-8ea9-e5ad2d8912f1,5b0fa12a-3dd7-45bb-9766-cc326314d9f1,11.251600099996722,8.094997344982444e-05,7.194529909559088e-06,13.211888695040004,46.59219249715903,20.0,3.944935900365957e-05,0.000145604005372,5.971702444443913e-05,0.0002447703888201,0.0,Italy,ITA,lombardy,,,Windows-11-10.0.26200-SP0,3.13.13,3.2.6,32,13th Gen Intel(R) Core(TM) i9-13900HX,1,1 x NVIDIA GeForce RTX 4070 Laptop GPU,9.1922,45.4722,31.70067596435547,machine,0.0,43.77777777777778,43.8,13.892390780978731,N,1.0,0.0
2026-05-08T18:13:01,Q42_qwen2.5:14b_SQuAD,1751b18e-8dd8-4f5e-8ed8-e0df11b646fc,5b0fa12a-3dd7-45bb-9766-cc326314d9f1,3.667657500001951,2.276495667113041e-05,6.206947260238531e-06,12.929853286400002,39.14751460974036,20.0,1.1371602679354818e-05,3.98744763440706e-05,1.758887000000363e-05,6.883494902342905e-05,0.0,Italy,ITA,lombardy,,,Windows-11-10.0.26200-SP0,3.13.13,3.2.6,32,13th Gen Intel(R) Core(TM) i9-13900HX,1,1 x NVIDIA GeForce RTX 4070 Laptop GPU,9.1922,45.4722,31.70067596435547,machine,0.0,19.0,43.85,13.907049179077148,N,1.0,0.0
2026-05-08T18:13:25,Q43_qwen2.5:14b_GSM8K,93a0a433-ba46-4ee0-b210-ebdac82449f7,5b0fa12a-3dd7-45bb-9766-cc326314d9f1,9.056364399999438,6.296706084889626e-05,6.952796736944481e-06,13.301806865600003,44.23195488653332,20.0,3.160831732285469e-05,0.00011126258901,4.752411555556238e-05,0.0001903950218884,0.0,Italy,ITA,lombardy,,,Windows-11-10.0.26200-SP0,3.13.13,3.2.6,32,13th Gen Intel(R) Core(TM) i9-13900HX,1,1 x NVIDIA GeForce RTX 4070 Laptop GPU,9.1922,45.4722,31.70067596435547,machine,0.0,47.0,43.9,13.911312648228236,N,1.0,0.0
2026-05-08T18:14:09,Q44_qwen2.5:14b_GSM8K,0e69827c-0af6-4a6b-8960-fe82a302eec1,5b0fa12a-3dd7-45bb-9766-cc326314d9f1,19.0212709999978,0.0001404809310856,7.38546499261954e-06,13.17574990304,49.72958810506629,20.0,6.61862306803362e-05,0.00025849604013,0.0001000933116666,0.0004247755824769,0.0,Italy,ITA,lombardy,,,Windows-11-10.0.26200-SP0,3.13.13,3.2.6,32,13th Gen Intel(R) Core(TM) i9-13900HX,1,1 x NVIDIA GeForce RTX 4070 Laptop GPU,9.1922,45.4722,31.70067596435547,machine,0.0,37.1764705882353,43.8235294117647,13.895193212172565,N,1.0,0.0
2026-05-08T18:14:58,Q45_qwen2.5:14b_HellaSwag,27062f39-e042-468b-a681-86f78c70a844,5b0fa12a-3dd7-45bb-9766-cc326314d9f1,14.32789600000251,0.0001068244425588,7.455696395256579e-06,13.146969222892308,49.17799688441879,20.0,5.048957020687044e-05,0.0001957109899019,7.680708555554804e-05,0.0003230076456643,0.0,Italy,ITA,lombardy,,,Windows-11-10.0.26200-SP0,3.13.13,3.2.6,32,13th Gen Intel(R) Core(TM) i9-13900HX,1,1 x NVIDIA GeForce RTX 4070 Laptop GPU,9.1922,45.4722,31.70067596435547,machine,16.666666666666668,39.75,43.79999999999999,13.889033635457356,N,1.0,0.0
2026-05-08T18:15:57,Q46_qwen2.5:14b_GSM8K,cbc893c9-5036-4d1b-ab91-b17e146d6abe,5b0fa12a-3dd7-45bb-9766-cc326314d9f1,23.809898500003328,0.0001829990174877,7.685837782454195e-06,13.280463301120005,52.9138092235797,20.0,8.400257090324732e-05,0.0003426636074639,0.0001266723683333,0.0005533385467005,0.0,Italy,ITA,lombardy,,,Windows-11-10.0.26200-SP0,3.13.13,3.2.6,32,13th Gen Intel(R) Core(TM) i9-13900HX,1,1 x NVIDIA GeForce RTX 4070 Laptop GPU,9.1922,45.4722,31.70067596435547,machine,4.545454545454546,42.22727272727273,43.804545454545455,13.889129985462535,N,1.0,0.0
2026-05-08T18:17:08,Q47_qwen2.5:14b_GSM8K,b7a9e1f0-e3b3-431c-b2b9-186859631c88,5b0fa12a-3dd7-45bb-9766-cc326314d9f1,35.06554519999918,0.0002751320392249,7.846221630255404e-06,13.20690784208,53.77952026258398,20.0,0.0001237087694905,0.0005217809729799,0.000186433646111,0.0008319233885816,0.0,Italy,ITA,lombardy,,,Windows-11-10.0.26200-SP0,3.13.13,3.2.6,32,13th Gen Intel(R) Core(TM) i9-13900HX,1,1 x NVIDIA GeForce RTX 4070 Laptop GPU,9.1922,45.4722,31.70067596435547,machine,0.0,41.24242424242424,43.8,13.887544342965793,N,1.0,0.0
2026-05-08T18:18:02,Q48_qwen2.5:14b_HellaSwag,16c52ea7-6349-4520-8780-b2777000b475,5b0fa12a-3dd7-45bb-9766-cc326314d9f1,8.611229699999967,6.639577372797637e-05,7.710370764813837e-06,13.4473641968,52.43569398312789,20.0,3.0292202343154755e-05,0.0001254181558899,4.505214555554428e-05,0.0002007625037886,0.0,Italy,ITA,lombardy,,,Windows-11-10.0.26200-SP0,3.13.13,3.2.6,32,13th Gen Intel(R) Core(TM) i9-13900HX,1,1 x NVIDIA GeForce RTX 4070 Laptop GPU,9.1922,45.4722,31.70067596435547,machine,0.0,37.85714285714285,43.9,13.910192217145648,N,1.0,0.0
2026-05-08T18:18:45,Q49_qwen2.5:14b_GSM8K,002018a9-fa70-47c5-a989-a6c4a76dc95a,5b0fa12a-3dd7-45bb-9766-cc326314d9f1,18.30650139999489,0.0001405365617657,7.676866196060522e-06,13.18643833856,52.20245567547187,20.0,6.373178501614809e-05,0.0002650866009579,9.612540833327836e-05,0.0004249437943074,0.0,Italy,ITA,lombardy,,,Windows-11-10.0.26200-SP0,3.13.13,3.2.6,32,13th Gen Intel(R) Core(TM) i9-13900HX,1,1 x NVIDIA GeForce RTX 4070 Laptop GPU,9.1922,45.4722,31.70067596435547,machine,6.25,43.6875,43.80625,13.891843795776367,N,1.0,0.0
2026-05-08T18:19:56,Q50_qwen2.5:14b_GSM8K,4c3af406-832e-4819-9b88-77de109d1920,5b0fa12a-3dd7-45bb-9766-cc326314d9f1,35.396813200000906,0.0002753777263271,7.779732168858636e-06,13.468560007360002,53.98139028438902,20.0,0.0001269279007252,0.000517486802878,0.0001882515749999,0.0008326662786033,0.0,Italy,ITA,lombardy,,,Windows-11-10.0.26200-SP0,3.13.13,3.2.6,32,13th Gen Intel(R) Core(TM) i9-13900HX,1,1 x NVIDIA GeForce RTX 4070 Laptop GPU,9.1922,45.4722,31.70067596435547,machine,2.754545454545455,39.72727272727273,43.77878787878788,13.873335289232658,N,1.0,0.0
2026-05-08T18:20:59,Q51_qwen2.5:14b_MMLU,ea2c9bfe-a5b1-4fda-bbea-17b21f4c4e28,5b0fa12a-3dd7-45bb-9766-cc326314d9f1,18.3566748000012,0.0001357502861114,7.395145776154658e-06,13.540006607360002,48.83197810749039,20.0,6.562401165144835e-05,0.0002484435320879,9.640387333335335e-05,0.0004104714170727,0.0,Italy,ITA,lombardy,,,Windows-11-10.0.26200-SP0,3.13.13,3.2.6,32,13th Gen Intel(R) Core(TM) i9-13900HX,1,1 x NVIDIA GeForce RTX 4070 Laptop GPU,9.1922,45.4722,31.70067596435547,machine,0.0,42.0625,43.8,13.885014533996582,N,1.0,0.0
2026-05-08T18:21:57,Q52_qwen2.5:14b_MMLU,5e695254-9947-4a08-8ec0-7b7c3e46f27b,5b0fa12a-3dd7-45bb-9766-cc326314d9f1,22.50961599999573,0.0001765868457942,7.844951499583107e-06,13.214898172160002,53.832120188412645,20.0,7.899875329851573e-05,0.000335498323954,0.0001194528311111,0.0005339499083636,0.0,Italy,ITA,lombardy,,,Windows-11-10.0.26200-SP0,3.13.13,3.2.6,32,13th Gen Intel(R) Core(TM) i9-13900HX,1,1 x NVIDIA GeForce RTX 4070 Laptop GPU,9.1922,45.4722,31.70067596435547,machine,0.0,38.45,43.8,13.888218688964844,N,1.0,0.0
2026-05-08T18:23:01,Q53_qwen2.5:14b_HumanEval,e8a1597b-5637-4125-8f59-f03bfeb10982,5b0fa12a-3dd7-45bb-9766-cc326314d9f1,28.97682540000096,0.00022817709748,7.874468452986354e-06,13.211846693120002,53.72856522000392,20.0,0.0001026935656086,0.0004318486788119,0.0001554023533333,0.0006899445977539,0.0,Italy,ITA,lombardy,,,Windows-11-10.0.26200-SP0,3.13.13,3.2.6,32,13th Gen Intel(R) Core(TM) i9-13900HX,1,1 x NVIDIA GeForce RTX 4070 Laptop GPU,9.1922,45.4722,31.70067596435547,machine,0.0,40.629629629629626,43.8074074074074,13.892362665247036,N,1.0,0.0
2026-05-08T18:23:55,Q54_qwen2.5:14b_HellaSwag,594feb15-4846-4e06-9971-f4e72da2ae9f,5b0fa12a-3dd7-45bb-9766-cc326314d9f1,8.504667299996072,6.124184115305506e-05,7.20096847916477e-06,13.453565690514289,46.91200868540403,20.0,2.990625368530637e-05,0.000110814533096,4.445764666666542e-05,0.0001851784334479,0.0,Italy,ITA,lombardy,,,Windows-11-10.0.26200-SP0,3.13.13,3.2.6,32,13th Gen Intel(R) Core(TM) i9-13900HX,1,1 x NVIDIA GeForce RTX 4070 Laptop GPU,9.1922,45.4722,31.70067596435547,machine,16.666666666666668,42.0,43.9,13.90958340962728,N,1.0,0.0
2026-05-08T18:24:27,Q55_qwen2.5:14b_MMLU,8523a6cf-b8f0-4de8-989d-995e1e24fb5a,5b0fa12a-3dd7-45bb-9766-cc326314d9f1,6.582937200000743,4.293703441790127e-05,6.5224736486771325e-06,13.219413766400002,40.32568521818699,20.0,2.232553680304348e-05,7.372811453804085e-05,3.377609611112954e-05,0.0001298297474522,0.0,Italy,ITA,lombardy,,,Windows-11-10.0.26200-SP0,3.13.13,3.2.6,32,13th Gen Intel(R) Core(TM) i9-13900HX,1,1 x NVIDIA GeForce RTX 4070 Laptop GPU,9.1922,45.4722,31.70067596435547,machine,0.0,60.4,43.8,13.891050720214844,N,1.0,0.0
2026-05-08T18:24:52,Q56_qwen2.5:14b_GSM8K,4939f466-efca-464b-a4ac-6b7732fe84c6,5b0fa12a-3dd7-45bb-9766-cc326314d9f1,10.799934599999688,8.04950658476798e-05,7.453291971571951e-06,13.132747389440002,49.54300360636546,20.0,3.756684260582864e-05,0.0001486178966719,5.7210134444459176e-05,0.0002433948737222,0.0,Italy,ITA,lombardy,,,Windows-11-10.0.26200-SP0,3.13.13,3.2.6,32,13th Gen Intel(R) Core(TM) i9-13900HX,1,1 x NVIDIA GeForce RTX 4070 Laptop GPU,9.1922,45.4722,31.70067596435547,machine,0.0,40.55555555555556,43.8,13.883136749267578,N,1.0,0.0
2026-05-08T18:25:21,Q57_qwen2.5:14b_SQuAD,ac67c901-3d0b-475f-a359-39671c94f841,5b0fa12a-3dd7-45bb-9766-cc326314d9f1,3.112330999996629,1.5335288089659145e-05,4.927267726239835e-06,13.1288195648,25.85680775864484,20.0,9.519546238388272e-06,2.23491845460222e-05,1.4500950000001468e-05,4.636968078441193e-05,0.0,Italy,ITA,lombardy,,,Windows-11-10.0.26200-SP0,3.13.13,3.2.6,32,13th Gen Intel(R) Core(TM) i9-13900HX,1,1 x NVIDIA GeForce RTX 4070 Laptop GPU,9.1922,45.4722,31.70067596435547,machine,0.0,27.0,43.8,13.897098541259766,N,1.0,0.0
2026-05-08T18:25:50,Q58_qwen2.5:14b_GSM8K,01be25e0-ad02-4082-b9f9-81f4765f563c,5b0fa12a-3dd7-45bb-9766-cc326314d9f1,14.382274600000528,0.000110951984983,7.714494964725653e-06,13.6546813568,51.4986730526966,20.0,5.264739907972181e-05,0.000205729053472,7.711174277780325e-05,0.0003354881953295,0.0,Italy,ITA,lombardy,,,Windows-11-10.0.26200-SP0,3.13.13,3.2.6,32,13th Gen Intel(R) Core(TM) i9-13900HX,1,1 x NVIDIA GeForce RTX 4070 Laptop GPU,9.1922,45.4722,31.70067596435547,machine,0.0,48.583333333333336,43.81666666666666,13.89670753479004,N,1.0,0.0
2026-05-08T18:26:29,Q59_qwen2.5:14b_GSM8K,be5b8ebb-a6c1-41ea-882a-9206ab4ec81e,5b0fa12a-3dd7-45bb-9766-cc326314d9f1,13.5316313000003,9.930492769699764e-05,7.338725501410568e-06,13.4924095808,47.6373982641376,20.0,4.883423159680224e-05,0.0001790495876839,7.238688777777295e-05,0.0003002707070585,0.0,Italy,ITA,lombardy,,,Windows-11-10.0.26200-SP0,3.13.13,3.2.6,32,13th Gen Intel(R) Core(TM) i9-13900HX,1,1 x NVIDIA GeForce RTX 4070 Laptop GPU,9.1922,45.4722,31.70067596435547,machine,0.0,40.27272727272727,43.845454545454544,13.90100791237571,N,1.0,0.0
2026-05-08T18:27:19,Q60_qwen2.5:14b_HellaSwag,d0fbee8e-86d9-43ea-bddb-1e45b4bced61,5b0fa12a-3dd7-45bb-9766-cc326314d9f1,15.03959130000294,0.0001171771505805,7.79124566905553e-06,13.53059971657143,52.40159293682281,20.0,5.464100758507691e-05,0.000218904619568,8.076575166665458e-05,0.0003543113788197,0.0,Italy,ITA,lombardy,,,Windows-11-10.0.26200-SP0,3.13.13,3.2.6,32,13th Gen Intel(R) Core(TM) i9-13900HX,1,1 x NVIDIA GeForce RTX 4070 Laptop GPU,9.1922,45.4722,31.70067596435547,machine,0.0,44.23076923076923,43.89999999999999,13.915169935960035,N,1.0,0.0
2026-05-08T18:28:12,Q61_qwen2.5:14b_GSM8K,f197c722-3aa2-448a-856a-886ee9eaf261,5b0fa12a-3dd7-45bb-9766-cc326314d9f1,17.208765499999572,0.0001301811893024,7.564818597965675e-06,13.16604728384,44.45680725732044,20.0,5.9961024694125024e-05,0.000243651861588,9.001911833333401e-05,0.0003936320046154,0.0,Italy,ITA,lombardy,,,Windows-11-10.0.26200-SP0,3.13.13,3.2.6,32,13th Gen Intel(R) Core(TM) i9-13900HX,1,1 x NVIDIA GeForce RTX 4070 Laptop GPU,9.1922,45.4722,31.70067596435547,machine,0.0,38.266666666666666,43.813333333333325,13.894619496663411,N,1.0,0.0
2026-05-08T18:28:58,Q62_qwen2.5:14b_HellaSwag,bae37261-c6d0-40ab-8729-00b0c9140043,5b0fa12a-3dd7-45bb-9766-cc326314d9f1,11.255296700001054,7.328548437344514e-05,6.511199689070682e-06,12.98297985536,39.37064127401035,20.0,3.877901471935771e-05,0.0001230787095739,5.973736388890151e-05,0.0002215950881822,0.0,Italy,ITA,lombardy,,,Windows-11-10.0.26200-SP0,3.13.13,3.2.6,32,13th Gen Intel(R) Core(TM) i9-13900HX,1,1 x NVIDIA GeForce RTX 4070 Laptop GPU,9.1922,45.4722,31.70067596435547,machine,0.0,24.33333333333333,44.03333333333333,13.953052096896702,N,1.0,0.0
2026-05-08T18:29:24,Q63_qwen2.5:14b_MMLU,5892fb70-2ea1-4f1f-a353-dec03f06e3e7,5b0fa12a-3dd7-45bb-9766-cc326314d9f1,10.425289599996177,7.65163577431309e-05,7.339494697889157e-06,13.1627873408,48.33818831419904,20.0,3.627811212146454e-05,0.0001399648341939,5.5121411666671824e-05,0.0002313643579821,0.0,Italy,ITA,lombardy,,,Windows-11-10.0.26200-SP0,3.13.13,3.2.6,32,13th Gen Intel(R) Core(TM) i9-13900HX,1,1 x NVIDIA GeForce RTX 4070 Laptop GPU,9.1922,45.4722,31.70067596435547,machine,0.0,47.75,43.9,13.927042007446287,N,1.0,0.0
2026-05-08T18:30:10,Q64_qwen2.5:14b_GSM8K,ffd930c0-7f8f-49f7-9006-687b2510851d,5b0fa12a-3dd7-45bb-9766-cc326314d9f1,21.05078990000038,0.0001626661901758,7.727320017376331e-06,13.48001780288,54.29574259102721,20.0,7.55613614323278e-05,0.0003049296883879,0.000111366636111,0.0004918576859313,0.0,Italy,ITA,lombardy,,,Windows-11-10.0.26200-SP0,3.13.13,3.2.6,32,13th Gen Intel(R) Core(TM) i9-13900HX,1,1 x NVIDIA GeForce RTX 4070 Laptop GPU,9.1922,45.4722,31.70067596435547,machine,0.0,40.578947368421055,44.0,13.936068283884149,N,1.0,0.0
2026-05-08T18:30:52,Q65_qwen2.5:14b_MMLU,f09a4e26-361d-454b-a91e-8d686fa768ee,5b0fa12a-3dd7-45bb-9766-cc326314d9f1,7.319407200004207,4.949789515782282e-05,6.762555191326747e-06,13.100242227200004,42.7877471601992,20.0,2.4808442526261363e-05,8.698562514403152e-05,3.7873912777771086e-05,0.000149667980448,0.0,Italy,ITA,lombardy,,,Windows-11-10.0.26200-SP0,3.13.13,3.2.6,32,13th Gen Intel(R) Core(TM) i9-13900HX,1,1 x NVIDIA GeForce RTX 4070 Laptop GPU,9.1922,45.4722,31.70067596435547,machine,0.0,53.0,43.9,13.928262329101562,N,1.0,0.0
2026-05-08T18:31:25,Q66_qwen2.5:14b_MMLU,f315ebf5-288e-49cd-99d1-078b764cc408,5b0fa12a-3dd7-45bb-9766-cc326314d9f1,17.94174710000516,0.0001361423070038,7.588018393360545e-06,13.168789794560002,52.18912756928519,20.0,6.253120274808782e-05,0.000255033815138,9.409176222220087e-05,0.0004116567801083,0.0,Italy,ITA,lombardy,,,Windows-11-10.0.26200-SP0,3.13.13,3.2.6,32,13th Gen Intel(R) Core(TM) i9-13900HX,1,1 x NVIDIA GeForce RTX 4070 Laptop GPU,9.1922,45.4722,31.70067596435547,machine,0.0,39.5625,44.0,13.938133001327516,N,1.0,0.0
2026-05-08T18:32:18,Q67_qwen2.5:14b_HellaSwag,bf3923b0-cb8e-4148-a1d9-1e3c006874f1,5b0fa12a-3dd7-45bb-9766-cc326314d9f1,17.525156799994875,0.0001332945906087,7.605900028742016e-06,13.413057731840002,48.31784904324244,20.0,6.266720519178242e-05,0.00024860992111,9.176894499998729e-05,0.0004030460713018,0.0,Italy,ITA,lombardy,,,Windows-11-10.0.26200-SP0,3.13.13,3.2.6,32,13th Gen Intel(R) Core(TM) i9-13900HX,1,1 x NVIDIA GeForce RTX 4070 Laptop GPU,9.1922,45.4722,31.70067596435547,machine,0.0,40.266666666666666,43.9,13.924974568684895,N,1.0,0.0
2026-05-08T18:33:16,Q68_qwen2.5:14b_GSM8K,be9163d3-3e58-4e4c-b124-8fb86f84c671,5b0fa12a-3dd7-45bb-9766-cc326314d9f1,22.522600299998885,0.0001731578769912,7.68818318865683e-06,13.67487913856,52.48676478255487,20.0,8.16818925111454e-05,0.000322358868998,0.0001195408911111,0.0005235816526203,0.0,Italy,ITA,lombardy,,,Windows-11-10.0.26200-SP0,3.13.13,3.2.6,32,13th Gen Intel(R) Core(TM) i9-13900HX,1,1 x NVIDIA GeForce RTX 4070 Laptop GPU,9.1922,45.4722,31.70067596435547,machine,0.0,41.55,43.9,13.919275093078614,N,1.0,0.0
2026-05-08T18:34:01,Q69_qwen2.5:14b_HellaSwag,f7c190ad-c9d5-441b-b256-6aa164c75ad5,5b0fa12a-3dd7-45bb-9766-cc326314d9f1,10.042020900000352,7.108456415646877e-05,7.0787110347944285e-06,13.30457312,45.42504946242254,20.0,3.525417623990825e-05,0.000126691212464,5.299472388889828e-05,0.0002149401125928,0.0,Italy,ITA,lombardy,,,Windows-11-10.0.26200-SP0,3.13.13,3.2.6,32,13th Gen Intel(R) Core(TM) i9-13900HX,1,1 x NVIDIA GeForce RTX 4070 Laptop GPU,9.1922,45.4722,31.70067596435547,machine,0.0,48.25,44.1,13.96871042251587,N,1.0,0.0
2026-05-08T18:35:03,Q70_qwen2.5:14b_HumanEval,881a3c38-27d9-4731-a1ac-33e4eecf855b,5b0fa12a-3dd7-45bb-9766-cc326314d9f1,36.76846359999763,0.0002903022974471,7.895415500775216e-06,13.669131732960002,54.00920673039625,20.0,0.0001342151863983,0.000547717382618,0.0001958614955555,0.0008777940645719,0.0,Italy,ITA,lombardy,,,Windows-11-10.0.26200-SP0,3.13.13,3.2.6,32,13th Gen Intel(R) Core(TM) i9-13900HX,1,1 x NVIDIA GeForce RTX 4070 Laptop GPU,9.1922,45.4722,31.70067596435547,machine,1.961764705882353,41.38235294117647,44.1,13.968888002283434,N,1.0,0.0
2026-05-08T18:35:58,Q71_qwen2.5:14b_MMLU,5a739aba-57c0-4ddf-b0ad-c1cd6341b9ea,5b0fa12a-3dd7-45bb-9766-cc326314d9f1,9.77068600000348,7.159253079054085e-05,7.327277817598002e-06,13.466437184000002,48.04788195011257,20.0,3.465646150897627e-05,0.000130349548724,5.14700533333477e-05,0.0002164760635663,0.0,Italy,ITA,lombardy,,,Windows-11-10.0.26200-SP0,3.13.13,3.2.6,32,13th Gen Intel(R) Core(TM) i9-13900HX,1,1 x NVIDIA GeForce RTX 4070 Laptop GPU,9.1922,45.4722,31.70067596435547,machine,0.0,48.0,44.1,13.978918552398682,N,1.0,0.0
2026-05-08T18:37:01,Q72_qwen2.5:14b_HumanEval,d4059d0d-4c5a-49c5-8065-95b8d6098e4f,5b0fa12a-3dd7-45bb-9766-cc326314d9f1,37.57241870000144,0.0002996552675882,7.975405309434338e-06,13.181127177120002,54.506291886926846,20.0,0.0001322076995502,0.00057354629217,0.0002003208744444,0.0009060748661647,0.0,Italy,ITA,lombardy,,,Windows-11-10.0.26200-SP0,3.13.13,3.2.6,32,13th Gen Intel(R) Core(TM) i9-13900HX,1,1 x NVIDIA GeForce RTX 4070 Laptop GPU,9.1922,45.4722,31.70067596435547,machine,0.0,40.34285714285714,44.0,13.940919494628906,N,1.0,0.0
2026-05-08T18:37:53,Q73_qwen2.5:14b_SQuAD,93376bbd-88b2-40cd-8fb1-129431093bce,5b0fa12a-3dd7-45bb-9766-cc326314d9f1,7.428348900000856,5.068831101885569e-05,6.82363089041898e-06,13.148937920000003,43.37352095357111,20.0,2.5298860809885968e-05,8.948896047999977e-05,3.847964833334522e-05,0.0001532674696232,0.0,Italy,ITA,lombardy,,,Windows-11-10.0.26200-SP0,3.13.13,3.2.6,32,13th Gen Intel(R) Core(TM) i9-13900HX,1,1 x NVIDIA GeForce RTX 4070 Laptop GPU,9.1922,45.4722,31.70067596435547,machine,0.0,53.2,44.2,14.000102233886718,N,1.0,0.0
2026-05-08T18:38:28,Q74_qwen2.5:14b_HellaSwag,60e39ad3-9428-4f1b-b6ef-d8c535c1207a,5b0fa12a-3dd7-45bb-9766-cc326314d9f1,9.314654100002372,6.920950952250426e-05,7.430174945786408e-06,13.151854856000003,49.51860160565023,20.0,3.219582325189979e-05,0.00012811538027,4.895926111110182e-05,0.000209270464633,0.0,Italy,ITA,lombardy,,,Windows-11-10.0.26200-SP0,3.13.13,3.2.6,32,13th Gen Intel(R) Core(TM) i9-13900HX,1,1 x NVIDIA GeForce RTX 4070 Laptop GPU,9.1922,45.4722,31.70067596435547,machine,14.285714285714286,40.71428571428572,44.1,13.98107637677874,N,1.0,0.0
2026-05-08T18:39:10,Q75_qwen2.5:14b_HumanEval,d836e11c-0b69-466e-9687-4d7d5046d7c5,5b0fa12a-3dd7-45bb-9766-cc326314d9f1,27.1260379000014,0.0002105984613106,7.7637015065372e-06,13.19377063232,53.13846989760868,20.0,9.57770272904725e-05,0.0003958936500479,0.0001451209738889,0.0006367916512274,0.0,Italy,ITA,lombardy,,,Windows-11-10.0.26200-SP0,3.13.13,3.2.6,32,13th Gen Intel(R) Core(TM) i9-13900HX,1,1 x NVIDIA GeForce RTX 4070 Laptop GPU,9.1922,45.4722,31.70067596435547,machine,3.732,41.84,44.1,13.979919738769532,N,1.0,0.0
2026-05-08T18:40:33,Q76_qwen2.5:14b_HumanEval,1fc107a4-6c3e-415a-88ee-79f92ecf0537,5b0fa12a-3dd7-45bb-9766-cc326314d9f1,37.29187960000127,0.0002935189051747,7.870853073726999e-06,13.514353883497144,54.29783659758704,20.0,0.000134645562959,0.000554086276602,0.0001987883594444,0.0008875201990055,0.0,Italy,ITA,lombardy,,,Windows-11-10.0.26200-SP0,3.13.13,3.2.6,32,13th Gen Intel(R) Core(TM) i9-13900HX,1,1 x NVIDIA GeForce RTX 4070 Laptop GPU,9.1922,45.4722,31.70067596435547,machine,3.968571428571429,40.71428571428572,44.1,13.973199571881976,N,1.0,0.0
2026-05-08T18:41:52,Q77_qwen2.5:14b_GSM8K,4b7616f2-27e3-45e6-8e07-b1984f1a09c3,5b0fa12a-3dd7-45bb-9766-cc326314d9f1,33.914619099996344,0.0002686068477344,7.920090358157997e-06,13.138782915040002,53.930056153262086,20.0,0.0001185671242357,0.000513595688654,0.0001800301966666,0.0008121930095564,0.0,Italy,ITA,lombardy,,,Windows-11-10.0.26200-SP0,3.13.13,3.2.6,32,13th Gen Intel(R) Core(TM) i9-13900HX,1,1 x NVIDIA GeForce RTX 4070 Laptop GPU,9.1922,45.4722,31.70067596435547,machine,4.6875,39.15625,44.10625,13.978006482124329,N,1.0,0.0
2026-05-08T18:42:53,Q78_qwen2.5:14b_HellaSwag,0348a5d0-1eab-47be-95f8-1595e6dc9d56,5b0fa12a-3dd7-45bb-9766-cc326314d9f1,15.642528699994728,0.0001170746951118,7.484384229509305e-06,13.42278916352,49.12308476831492,20.0,5.645185488544264e-05,0.0002134371151939,8.411261166664997e-05,0.000354001581746,0.0,Italy,ITA,lombardy,,,Windows-11-10.0.26200-SP0,3.13.13,3.2.6,32,13th Gen Intel(R) Core(TM) i9-13900HX,1,1 x NVIDIA GeForce RTX 4070 Laptop GPU,9.1922,45.4722,31.70067596435547,machine,7.142857142857143,38.07142857142857,44.1,13.966927119663785,N,1.0,0.0
2026-05-08T18:43:33,Q79_qwen2.5:14b_SQuAD,876164e0-1a0d-47a2-9c7a-5ee1fc3cd221,5b0fa12a-3dd7-45bb-9766-cc326314d9f1,4.622808300002362,2.812636487824788e-05,6.0842594053128935e-06,13.25422424,36.59169602955951,20.0,1.5172420857289353e-05,4.698031536198855e-05,2.289363222225802e-05,8.504636844153592e-05,0.0,Italy,ITA,lombardy,,,Windows-11-10.0.26200-SP0,3.13.13,3.2.6,32,13th Gen Intel(R) Core(TM) i9-13900HX,1,1 x NVIDIA GeForce RTX 4070 Laptop GPU,9.1922,45.4722,31.70067596435547,machine,0.0,28.33333333333333,44.1,13.978083292643229,N,1.0,0.0
2026-05-08T18:44:25,Q80_qwen2.5:14b_GSM8K,062595da-60f4-4745-89b4-ed99e6b946b8,5b0fa12a-3dd7-45bb-9766-cc326314d9f1,37.16750109999703,0.0002907140961132,7.821728324729462e-06,13.190407759565716,54.22865125807645,20.0,0.0001307862511381,0.0005501409956679,0.0001981119833333,0.0008790392301394,0.0,Italy,ITA,lombardy,,,Windows-11-10.0.26200-SP0,3.13.13,3.2.6,32,13th Gen Intel(R) Core(TM) i9-13900HX,1,1 x NVIDIA GeForce RTX 4070 Laptop GPU,9.1922,45.4722,31.70067596435547,machine,2.857142857142857,41.97142857142857,44.09428571428571,13.9712650844029,N,1.0,0.0
2026-05-08T18:45:17,Q81_qwen2.5:14b_MMLU,5fbded69-2569-485e-9649-3581dca5b560,5b0fa12a-3dd7-45bb-9766-cc326314d9f1,7.3355167000045185,5.391766699861461e-05,7.350220741584761e-06,13.38619328,48.96404104753117,20.0,2.539376593993877e-05,9.969896864797656e-05,3.793941666667201e-05,0.0001630321512545,0.0,Italy,ITA,lombardy,,,Windows-11-10.0.26200-SP0,3.13.13,3.2.6,32,13th Gen Intel(R) Core(TM) i9-13900HX,1,1 x NVIDIA GeForce RTX 4070 Laptop GPU,9.1922,45.4722,31.70067596435547,machine,20.0,36.0,44.0,13.938228607177734,N,1.0,0.0
2026-05-08T18:45:40,Q82_qwen2.5:14b_MMLU,a13077ca-2638-4361-be09-e3f68d2f2872,5b0fa12a-3dd7-45bb-9766-cc326314d9f1,7.653875399999379,5.405784923995529e-05,7.062807586331975e-06,13.389087164342858,45.6871132892805,20.0,2.6599395426559305e-05,9.712452214399868e-05,3.9732106111114265e-05,0.0001634560236816,0.0,Italy,ITA,lombardy,,,Windows-11-10.0.26200-SP0,3.13.13,3.2.6,32,13th Gen Intel(R) Core(TM) i9-13900HX,1,1 x NVIDIA GeForce RTX 4070 Laptop GPU,9.1922,45.4722,31.70067596435547,machine,0.0,50.0,44.01666666666667,13.947570164998371,N,1.0,0.0
2026-05-08T18:46:26,Q83_qwen2.5:14b_HumanEval,3d46917b-568b-4673-8a1d-963cebbec156,5b0fa12a-3dd7-45bb-9766-cc326314d9f1,20.838920799993502,0.0001587014379067,7.6156265206775874e-06,13.30961369024,52.74213400856146,20.0,7.333693616167658e-05,0.000296338292626,0.0001101941399999,0.0004798693687876,0.0,Italy,ITA,lombardy,,,Windows-11-10.0.26200-SP0,3.13.13,3.2.6,32,13th Gen Intel(R) Core(TM) i9-13900HX,1,1 x NVIDIA GeForce RTX 4070 Laptop GPU,9.1922,45.4722,31.70067596435547,machine,4.2105263157894735,38.78947368421053,44.00526315789474,13.957944368061266,N,1.0,0.0
2026-05-08T18:47:06,Q84_qwen2.5:14b_SQuAD,c059905d-3501-4867-b77e-c448a4779d17,5b0fa12a-3dd7-45bb-9766-cc326314d9f1,4.8321950000026845,3.359113889720484e-05,6.951528011014906e-06,13.0887087392,46.02619017070488,20.0,1.574388092185879e-05,6.177004941604336e-05,2.4056407222208995e-05,0.0001015703375601,0.0,Italy,ITA,lombardy,,,Windows-11-10.0.26200-SP0,3.13.13,3.2.6,32,13th Gen Intel(R) Core(TM) i9-13900HX,1,1 x NVIDIA GeForce RTX 4070 Laptop GPU,9.1922,45.4722,31.70067596435547,machine,0.0,39.66666666666666,44.03333333333333,13.951560974121094,N,1.0,0.0
2026-05-08T18:47:29,Q85_qwen2.5:14b_HellaSwag,0f866d3f-7776-42c3-85ca-2f27250b89fd,5b0fa12a-3dd7-45bb-9766-cc326314d9f1,7.900982999999542,5.693558887641666e-05,7.206139903910686e-06,13.446004160000005,47.1289380412068,20.0,2.763457286372093e-05,0.0001034192494019,4.110369222220875e-05,0.0001721575144879,0.0,Italy,ITA,lombardy,,,Windows-11-10.0.26200-SP0,3.13.13,3.2.6,32,13th Gen Intel(R) Core(TM) i9-13900HX,1,1 x NVIDIA GeForce RTX 4070 Laptop GPU,9.1922,45.4722,31.70067596435547,machine,10.25,37.66666666666666,44.0,13.94293212890625,N,1.0,0.0
2026-05-08T18:48:21,Q86_qwen2.5:14b_HumanEval,60390862-813a-4bd6-b349-25bc6403132e,5b0fa12a-3dd7-45bb-9766-cc326314d9f1,37.41410040000483,0.0002975799690758,7.953684998285721e-06,13.357711487565716,54.66849738296114,20.0,0.0001338488894403,0.00056647823096,0.0001994726155555,0.0008997997359559,0.0,Italy,ITA,lombardy,,,Windows-11-10.0.26200-SP0,3.13.13,3.2.6,32,13th Gen Intel(R) Core(TM) i9-13900HX,1,1 x NVIDIA GeForce RTX 4070 Laptop GPU,9.1922,45.4722,31.70067596435547,machine,2.857142857142857,40.17142857142857,44.0,13.9360835484096,N,1.0,0.0
2026-05-08T18:49:14,Q87_qwen2.5:14b_HellaSwag,5aabd107-b8c9-46f5-8c8b-092fe0446eb5,5b0fa12a-3dd7-45bb-9766-cc326314d9f1,7.110300799991819,4.948667363174363e-05,6.959856555126411e-06,13.1314059968,45.00235695667542,20.0,2.4094838019663527e-05,8.884201551800919e-05,3.669719611110243e-05,0.0001496340496487,0.0,Italy,ITA,lombardy,,,Windows-11-10.0.26200-SP0,3.13.13,3.2.6,32,13th Gen Intel(R) Core(TM) i9-13900HX,1,1 x NVIDIA GeForce RTX 4070 Laptop GPU,9.1922,45.4722,31.70067596435547,machine,0.0,47.2,44.0,13.96160125732422,N,1.0,0.0
2026-05-08T18:49:43,Q88_qwen2.5:14b_MMLU,b3af7313-c743-4afe-aec0-61a67dc8c908,5b0fa12a-3dd7-45bb-9766-cc326314d9f1,14.053177399997368,0.0001052784470406,7.491433719512807e-06,13.204053543384616,49.53196942872558,20.0,4.970347702035319e-05,0.000193345154676,7.528434999993705e-05,0.0003183329816962,0.0,Italy,ITA,lombardy,,,Windows-11-10.0.26200-SP0,3.13.13,3.2.6,32,13th Gen Intel(R) Core(TM) i9-13900HX,1,1 x NVIDIA GeForce RTX 4070 Laptop GPU,9.1922,45.4722,31.70067596435547,machine,0.0,38.75,44.0,13.956498781840006,N,1.0,0.0
2026-05-08T18:50:39,Q89_qwen2.5:14b_HumanEval,ee2b6bc3-c44a-441f-a233-252f99d5068c,5b0fa12a-3dd7-45bb-9766-cc326314d9f1,20.736673000006704,0.0001596053100055,7.696765532517879e-06,13.555717291520002,53.87986211677383,20.0,7.478758567730959e-05,0.000298188016328,0.0001096268266666,0.0004826024286719,0.0,Italy,ITA,lombardy,,,Windows-11-10.0.26200-SP0,3.13.13,3.2.6,32,13th Gen Intel(R) Core(TM) i9-13900HX,1,1 x NVIDIA GeForce RTX 4070 Laptop GPU,9.1922,45.4722,31.70067596435547,machine,1.7526315789473683,39.73684210526316,44.00526315789474,13.956486149838096,N,1.0,0.0
2026-05-08T18:51:22,Q90_qwen2.5:14b_MMLU,1349fa78-cb42-41f3-a242-50bb34bda42c,5b0fa12a-3dd7-45bb-9766-cc326314d9f1,7.772576200004551,5.325437444266237e-05,6.851573155710096e-06,13.31925667657143,43.41422054921629,20.0,2.6902972004206304e-05,9.372729720397156e-05,4.039626833336014e-05,0.0001610265375415,0.0,Italy,ITA,lombardy,,,Windows-11-10.0.26200-SP0,3.13.13,3.2.6,32,13th Gen Intel(R) Core(TM) i9-13900HX,1,1 x NVIDIA GeForce RTX 4070 Laptop GPU,9.1922,45.4722,31.70067596435547,machine,15.15,36.66666666666666,43.91666666666666,13.930549621582031,N,1.0,0.0
2026-05-08T18:51:48,Q91_qwen2.5:14b_MMLU,f3c599d8-8389-4a00-9d3a-981922ee0c4e,5b0fa12a-3dd7-45bb-9766-cc326314d9f1,11.347074000004795,8.370229589316076e-05,7.376553276476859e-06,13.46379463424,48.31889805354032,20.0,4.055970302732339e-05,0.000152283732938,6.024921666669091e-05,0.000253092652632,0.0,Italy,ITA,lombardy,,,Windows-11-10.0.26200-SP0,3.13.13,3.2.6,32,13th Gen Intel(R) Core(TM) i9-13900HX,1,1 x NVIDIA GeForce RTX 4070 Laptop GPU,9.1922,45.4722,31.70067596435547,machine,4.933333333333334,47.333333333333336,44.0,13.938926696777344,N,1.0,0.0
2026-05-08T18:52:30,Q92_qwen2.5:14b_GSM8K,566c96f5-eac9-452c-af2c-7c0c39b57bb7,5b0fa12a-3dd7-45bb-9766-cc326314d9f1,16.244927200008533,0.0001228115363494,7.559993026587403e-06,13.455174133760002,49.87552171934314,20.0,5.883900592962638e-05,0.000225050735596,8.745846555555343e-05,0.0003713482070812,0.0,Italy,ITA,lombardy,,,Windows-11-10.0.26200-SP0,3.13.13,3.2.6,32,13th Gen Intel(R) Core(TM) i9-13900HX,1,1 x NVIDIA GeForce RTX 4070 Laptop GPU,9.1922,45.4722,31.70067596435547,machine,0.0,39.42857142857143,44.0,13.937555858067103,N,1.0,0.0
2026-05-08T18:53:09,Q93_qwen2.5:14b_SQuAD,1108f0a1-4eba-4af0-8217-ab848b1e325d,5b0fa12a-3dd7-45bb-9766-cc326314d9f1,3.8635321000037934,2.6450940804415383e-05,6.846310608986375e-06,13.0573814912,45.83402190145001,20.0,1.2180971133637926e-05,4.914253931398438e-05,1.865683777780052e-05,7.998034822542282e-05,0.0,Italy,ITA,lombardy,,,Windows-11-10.0.26200-SP0,3.13.13,3.2.6,32,13th Gen Intel(R) Core(TM) i9-13900HX,1,1 x NVIDIA GeForce RTX 4070 Laptop GPU,9.1922,45.4722,31.70067596435547,machine,0.0,66.5,44.0,13.950017929077148,N,1.0,0.0
2026-05-08T18:53:27,Q94_qwen2.5:14b_SQuAD,582d8e2e-230c-4e51-9e1f-36209ba09fdf,5b0fa12a-3dd7-45bb-9766-cc326314d9f1,3.198744100009208,1.5561431512418858e-05,4.864856651825967e-06,13.041595078400002,25.102640774999003,20.0,9.77045438166523e-06,2.2300295618060684e-05,1.4982726111096176e-05,4.705347611082209e-05,0.0,Italy,ITA,lombardy,,,Windows-11-10.0.26200-SP0,3.13.13,3.2.6,32,13th Gen Intel(R) Core(TM) i9-13900HX,1,1 x NVIDIA GeForce RTX 4070 Laptop GPU,9.1922,45.4722,31.70067596435547,machine,0.0,99.0,44.0,13.941722869873049,N,1.0,0.0
2026-05-08T18:54:01,Q95_qwen2.5:14b_GSM8K,4058d6fe-b890-4882-8d7b-a08d3bc23ae5,5b0fa12a-3dd7-45bb-9766-cc326314d9f1,19.511092200002167,0.0001492758489168,7.650819717659508e-06,13.40574089408,51.40802576194423,20.0,6.851439876177847e-05,0.000280084390734,0.0001027701983332,0.000451368987829,0.0,Italy,ITA,lombardy,,,Windows-11-10.0.26200-SP0,3.13.13,3.2.6,32,13th Gen Intel(R) Core(TM) i9-13900HX,1,1 x NVIDIA GeForce RTX 4070 Laptop GPU,9.1922,45.4722,31.70067596435547,machine,0.0,44.76470588235294,44.0,13.94138874727137,N,1.0,0.0
2026-05-08T18:54:36,Q96_qwen2.5:14b_MMLU,ab53c8bc-08d3-4721-8d6e-4ec1241477ae,5b0fa12a-3dd7-45bb-9766-cc326314d9f1,9.726984499997345,7.20967788895338e-05,7.412038015435667e-06,13.1461477504,49.259013974881526,20.0,3.3684265925136774e-05,0.000133071495346,5.12450094444729e-05,0.0002180007707156,0.0,Italy,ITA,lombardy,,,Windows-11-10.0.26200-SP0,3.13.13,3.2.6,32,13th Gen Intel(R) Core(TM) i9-13900HX,1,1 x NVIDIA GeForce RTX 4070 Laptop GPU,9.1922,45.4722,31.70067596435547,machine,0.0,40.75,44.0,13.938750743865969,N,1.0,0.0
2026-05-08T18:55:38,Q97_qwen2.5:14b_GSM8K,48f3caeb-84c1-47a6-aab8-8f8cf9f2adce,5b0fa12a-3dd7-45bb-9766-cc326314d9f1,36.99750869999116,0.0002881479110269,7.788305784681261e-06,13.339200408617144,53.55582666255592,20.0,0.0001321764363557,0.000541934322436,0.0001971690355555,0.0008712797943472,0.0,Italy,ITA,lombardy,,,Windows-11-10.0.26200-SP0,3.13.13,3.2.6,32,13th Gen Intel(R) Core(TM) i9-13900HX,1,1 x NVIDIA GeForce RTX 4070 Laptop GPU,9.1922,45.4722,31.70067596435547,machine,2.857142857142857,39.6,44.0,13.94160406930106,N,1.0,0.0
2026-05-08T18:56:59,Q98_qwen2.5:14b_HumanEval,2fdc72ff-a774-43cb-b84a-a1c864f97eab,5b0fa12a-3dd7-45bb-9766-cc326314d9f1,34.8596472999925,0.000273479095552,7.84514809339707e-06,13.42919180112,53.821283902628814,20.0,0.00012565162955,0.0005159890239019,0.0001852846894443,0.0008269253428964,0.0,Italy,ITA,lombardy,,,Windows-11-10.0.26200-SP0,3.13.13,3.2.6,32,13th Gen Intel(R) Core(TM) i9-13900HX,1,1 x NVIDIA GeForce RTX 4070 Laptop GPU,9.1922,45.4722,31.70067596435547,machine,0.0,40.0,44.0030303030303,13.944720181551846,N,1.0,0.0
2026-05-08T18:57:53,Q99_qwen2.5:14b_HellaSwag,04556bf2-3532-4f2f-9310-c835825a1dbc,5b0fa12a-3dd7-45bb-9766-cc326314d9f1,8.37570630000846,5.841449043446701e-05,6.974276358569069e-06,13.652991537371433,44.28598992041222,20.0,2.9861200741674952e-05,0.000103025915754,4.374218833335261e-05,0.000176629304829,0.0,Italy,ITA,lombardy,,,Windows-11-10.0.26200-SP0,3.13.13,3.2.6,32,13th Gen Intel(R) Core(TM) i9-13900HX,1,1 x NVIDIA GeForce RTX 4070 Laptop GPU,9.1922,45.4722,31.70067596435547,machine,0.0,39.333333333333336,44.0,13.9556884765625,N,1.0,0.0
2026-05-08T18:58:36,Q100_qwen2.5:14b_GSM8K,9c996e75-34b3-479f-8265-56b36168a98c,5b0fa12a-3dd7-45bb-9766-cc326314d9f1,18.18329209998774,0.0001373372346071,7.552935620895465e-06,13.483401029120005,53.344767892538144,20.0,6.48712731291776e-05,0.000254967426196,9.54312122222392e-05,0.0004152699115474,0.0,Italy,ITA,lombardy,,,Windows-11-10.0.26200-SP0,3.13.13,3.2.6,32,13th Gen Intel(R) Core(TM) i9-13900HX,1,1 x NVIDIA GeForce RTX 4070 Laptop GPU,9.1922,45.4722,31.70067596435547,machine,2.08125,41.875,44.0,13.941062927246094,N,1.0,0.0
2026-05-08T18:59:19,Q101_qwen2.5:14b_SQuAD,7cea2483-ec29-4bd6-ae76-02836c260d6c,5b0fa12a-3dd7-45bb-9766-cc326314d9f1,7.715321300012874,5.571975571238357e-05,7.221961801161877e-06,13.370253165714288,47.41780603656543,20.0,2.679167577588404e-05,0.0001016136924019,4.007580222225644e-05,0.0001684811704001,0.0,Italy,ITA,lombardy,,,Windows-11-10.0.26200-SP0,3.13.13,3.2.6,32,13th Gen Intel(R) Core(TM) i9-13900HX,1,1 x NVIDIA GeForce RTX 4070 Laptop GPU,9.1922,45.4722,31.70067596435547,machine,16.666666666666668,38.66666666666666,44.0,13.94288444519043,N,1.0,0.0
2026-05-08T18:59:43,Q102_qwen2.5:14b_HellaSwag,aed6ead9-cecb-4ea2-a4b9-e651c8741678,5b0fa12a-3dd7-45bb-9766-cc326314d9f1,8.963264199992409,6.57368588353921e-05,7.334031148546059e-06,13.1416145408,48.55520151293839,20.0,3.088730466502549e-05,0.000120876763368,4.700605888889792e-05,0.000198770126922,0.0,Italy,ITA,lombardy,,,Windows-11-10.0.26200-SP0,3.13.13,3.2.6,32,13th Gen Intel(R) Core(TM) i9-13900HX,1,1 x NVIDIA GeForce RTX 4070 Laptop GPU,9.1922,45.4722,31.70067596435547,machine,0.0,40.285714285714285,44.0,13.937495640345984,N,1.0,0.0
2026-05-08T19:00:16,Q103_qwen2.5:14b_SQuAD,532b5e15-f4d8-40dd-9808-ee7a11bbd1b2,5b0fa12a-3dd7-45bb-9766-cc326314d9f1,7.779866199998651,5.834108085576123e-05,7.49898254751108e-06,13.291466997028577,50.49704635975392,20.0,2.6868105002931982e-05,0.000109110920622,4.042830888890118e-05,0.0001764073345138,0.0,Italy,ITA,lombardy,,,Windows-11-10.0.26200-SP0,3.13.13,3.2.6,32,13th Gen Intel(R) Core(TM) i9-13900HX,1,1 x NVIDIA GeForce RTX 4070 Laptop GPU,9.1922,45.4722,31.70067596435547,machine,13.633333333333333,42.333333333333336,44.01666666666667,13.95168685913086,N,1.0,0.0
2026-05-08T19:00:41,Q104_qwen2.5:14b_HellaSwag,d7acb06e-c66f-4847-bdd0-7955f10bc378,5b0fa12a-3dd7-45bb-9766-cc326314d9f1,9.577612499997484,6.951172639050063e-05,7.257730085709657e-06,13.444306764800002,47.3136482785142,20.0,3.389419493230227e-05,0.000125869267362,5.042082277779829e-05,0.0002101842850721,0.0,Italy,ITA,lombardy,,,Windows-11-10.0.26200-SP0,3.13.13,3.2.6,32,13th Gen Intel(R) Core(TM) i9-13900HX,1,1 x NVIDIA GeForce RTX 4070 Laptop GPU,9.1922,45.4722,31.70067596435547,machine,0.0,34.125,44.0125,13.95186710357666,N,1.0,0.0
2026-05-08T19:01:42,Q105_qwen2.5:14b_MMLU,46462c13-b05c-4c16-a9ec-b33bc4e6857f,5b0fa12a-3dd7-45bb-9766-cc326314d9f1,35.58625639999809,0.0002811339624707,7.900071289059927e-06,13.520154662560005,55.10337536482411,20.0,0.0001282221372066,0.000532527648244,0.0001893217633333,0.000850071548784,0.0,Italy,ITA,lombardy,,,Windows-11-10.0.26200-SP0,3.13.13,3.2.6,32,13th Gen Intel(R) Core(TM) i9-13900HX,1,1 x NVIDIA GeForce RTX 4070 Laptop GPU,9.1922,45.4722,31.70067596435547,machine,2.3303030303030305,40.57575757575758,44.0030303030303,13.959638190991951,N,1.0,0.0
2026-05-08T19:02:36,Q106_qwen2.5:14b_HellaSwag,c1f456b7-191c-46b5-9715-18b97d311d89,5b0fa12a-3dd7-45bb-9766-cc326314d9f1,8.387884100011433,6.242032928628085e-05,7.441725295917687e-06,13.132535497142856,49.87692869614972,20.0,2.87621635226822e-05,0.0001161775929419,4.380210000001373e-05,0.0001887418564646,0.0,Italy,ITA,lombardy,,,Windows-11-10.0.26200-SP0,3.13.13,3.2.6,32,13th Gen Intel(R) Core(TM) i9-13900HX,1,1 x NVIDIA GeForce RTX 4070 Laptop GPU,9.1922,45.4722,31.70067596435547,machine,0.0,37.833333333333336,44.0,13.958370208740234,N,1.0,0.0
2026-05-08T19:03:23,Q107_qwen2.5:14b_GSM8K,bad02775-504c-49c6-8d32-a17ab4f8a9c1,5b0fa12a-3dd7-45bb-9766-cc326314d9f1,21.82503550000547,0.0001672954796811,7.665301606545742e-06,13.197728599588572,53.038100343902414,20.0,7.660064947909139e-05,0.000313598306434,0.0001156564244445,0.0005058553803576,0.0,Italy,ITA,lombardy,,,Windows-11-10.0.26200-SP0,3.13.13,3.2.6,32,13th Gen Intel(R) Core(TM) i9-13900HX,1,1 x NVIDIA GeForce RTX 4070 Laptop GPU,9.1922,45.4722,31.70067596435547,machine,0.0,41.9,44.005,13.95900077819824,N,1.0,0.0
2026-05-08T19:04:06,Q108_qwen2.5:14b_HellaSwag,9320348a-20e9-4eab-a133-209b0abbae42,5b0fa12a-3dd7-45bb-9766-cc326314d9f1,8.114873300000909,5.922479916835066e-05,7.298302386106759e-06,13.53526997394286,47.98749965444623,20.0,2.862430171361025e-05,0.000108160086528,4.22950666666212e-05,0.0001790794549082,0.0,Italy,ITA,lombardy,,,Windows-11-10.0.26200-SP0,3.13.13,3.2.6,32,13th Gen Intel(R) Core(TM) i9-13900HX,1,1 x NVIDIA GeForce RTX 4070 Laptop GPU,9.1922,45.4722,31.70067596435547,machine,0.0,48.5,44.0,13.951742172241213,N,1.0,0.0
2026-05-08T19:04:38,Q109_qwen2.5:14b_GSM8K,10d53e7b-3efd-4fc0-88a8-3cea458ad905,5b0fa12a-3dd7-45bb-9766-cc326314d9f1,16.150311799996416,0.0001211611226373,7.502091856664506e-06,13.64546130176,49.06524570723883,20.0,5.931513354812512e-05,0.000220106009418,8.693666833334848e-05,0.0003663578112994,0.0,Italy,ITA,lombardy,,,Windows-11-10.0.26200-SP0,3.13.13,3.2.6,32,13th Gen Intel(R) Core(TM) i9-13900HX,1,1 x NVIDIA GeForce RTX 4070 Laptop GPU,9.1922,45.4722,31.70067596435547,machine,7.142857142857143,38.42857142857143,44.0,13.946936471121653,N,1.0,0.0
2026-05-08T19:05:28,Q110_qwen2.5:14b_HellaSwag,c462fe5c-423f-4c98-b4ba-9cf9af5ebe36,5b0fa12a-3dd7-45bb-9766-cc326314d9f1,15.327284800005144,0.0001159595622294,7.565564530346349e-06,13.530694312228572,49.924080119496935,20.0,5.5721810272303386e-05,0.0002125451700359,8.236274722221423e-05,0.0003506297275305,0.0,Italy,ITA,lombardy,,,Windows-11-10.0.26200-SP0,3.13.13,3.2.6,32,13th Gen Intel(R) Core(TM) i9-13900HX,1,1 x NVIDIA GeForce RTX 4070 Laptop GPU,9.1922,45.4722,31.70067596435547,machine,0.0,37.61538461538461,44.10000000000001,13.970374767596905,N,1.0,0.0
2026-05-08T19:06:20,Q111_qwen2.5:14b_MMLU,56db42e2-1f35-49d0-8a58-c0eafdaf90c2,5b0fa12a-3dd7-45bb-9766-cc326314d9f1,26.612793199994485,0.0002078513841354,7.810205511817443e-06,13.608503519883635,53.31888009353635,20.0,9.68918061997098e-05,0.000389325033682,0.0001422684077777,0.0006284852476595,0.0,Italy,ITA,lombardy,,,Windows-11-10.0.26200-SP0,3.13.13,3.2.6,32,13th Gen Intel(R) Core(TM) i9-13900HX,1,1 x NVIDIA GeForce RTX 4070 Laptop GPU,9.1922,45.4722,31.70067596435547,machine,4.166666666666667,38.083333333333336,44.0,13.949448108673096,N,1.0,0.0
2026-05-08T19:07:07,Q112_qwen2.5:14b_HellaSwag,ac874b1f-e6dd-40cf-84dd-f53ad5126528,5b0fa12a-3dd7-45bb-9766-cc326314d9f1,11.277962599997409,8.15293870233484e-05,7.229088259555598e-06,13.48241504384,46.72910965615738,20.0,4.034388856324518e-05,0.0001463326170659,5.984587000000627e-05,0.0002465223756292,0.0,Italy,ITA,lombardy,,,Windows-11-10.0.26200-SP0,3.13.13,3.2.6,32,13th Gen Intel(R) Core(TM) i9-13900HX,1,1 x NVIDIA GeForce RTX 4070 Laptop GPU,9.1922,45.4722,31.70067596435547,machine,0.0,45.77777777777778,44.1,13.974612341986765,N,1.0,0.0
2026-05-08T19:07:54,Q113_qwen2.5:14b_MMLU,90998cad-926e-41b9-94f5-39f127c1b62d,5b0fa12a-3dd7-45bb-9766-cc326314d9f1,21.85700810000708,0.000168010103738,7.686784164114682e-06,13.20357384210286,53.83860275494784,20.0,7.673280124378715e-05,0.0003154349745699,0.0001158484305555,0.0005080162063693,0.0,Italy,ITA,lombardy,,,Windows-11-10.0.26200-SP0,3.13.13,3.2.6,32,13th Gen Intel(R) Core(TM) i9-13900HX,1,1 x NVIDIA GeForce RTX 4070 Laptop GPU,9.1922,45.4722,31.70067596435547,machine,0.0,40.7,44.2,14.00705795288086,N,1.0,0.0
2026-05-08T19:08:48,Q114_qwen2.5:14b_GSM8K,dd3795c3-1f99-4a98-9c52-c9315268adc1,5b0fa12a-3dd7-45bb-9766-cc326314d9f1,19.42360580000968,0.0001454809204675,7.489902851480343e-06,13.29541772864,51.84247204683798,20.0,6.868387538913595e-05,0.000268905215124,0.0001023050805556,0.0004398941710687,0.0,Italy,ITA,lombardy,,,Windows-11-10.0.26200-SP0,3.13.13,3.2.6,32,13th Gen Intel(R) Core(TM) i9-13900HX,1,1 x NVIDIA GeForce RTX 4070 Laptop GPU,9.1922,45.4722,31.70067596435547,machine,5.882352941176471,40.294117647058826,44.1,13.978601792279411,N,1.0,0.0
2026-05-08T19:09:32,Q115_qwen2.5:14b_HellaSwag,74861107-681d-40ce-8c89-2cdfd4919d39,5b0fa12a-3dd7-45bb-9766-cc326314d9f1,8.117955900001107,5.531886879485499e-05,6.814383999652849e-06,13.460115304228571,42.78988383774499,20.0,2.8476413987649005e-05,9.648118829597152e-05,4.231139666670869e-05,0.0001672689989503,0.0,Italy,ITA,lombardy,,,Windows-11-10.0.26200-SP0,3.13.13,3.2.6,32,13th Gen Intel(R) Core(TM) i9-13900HX,1,1 x NVIDIA GeForce RTX 4070 Laptop GPU,9.1922,45.4722,31.70067596435547,machine,0.0,37.333333333333336,44.1,13.978127161661783,N,1.0,0.0
2026-05-08T19:10:35,Q116_qwen2.5:14b_HumanEval,c7e2ee9f-0cc6-46cd-8500-9591d6c1be33,5b0fa12a-3dd7-45bb-9766-cc326314d9f1,37.88249319999886,0.0003043765102047,8.034753905922297e-06,13.22705584992,55.669101946588775,20.0,0.0001338390327515,0.0005844635231259,0.0002020480455555,0.0009203506014331,0.0,Italy,ITA,lombardy,,,Windows-11-10.0.26200-SP0,3.13.13,3.2.6,32,13th Gen Intel(R) Core(TM) i9-13900HX,1,1 x NVIDIA GeForce RTX 4070 Laptop GPU,9.1922,45.4722,31.70067596435547,machine,0.0,40.22222222222222,44.077777777777776,13.970936881171331,N,1.0,0.0
2026-05-08T19:11:58,Q117_qwen2.5:14b_HumanEval,e4a36f85-495c-4b0a-8ba8-39f9f4427565,5b0fa12a-3dd7-45bb-9766-cc326314d9f1,37.617235400000936,0.00029726549772,7.9023749235968e-06,13.405014437325711,54.19811010637269,20.0,0.0001348613461578,0.000563405172946,0.0002005823422221,0.0008988488613259,0.0,Italy,ITA,lombardy,,,Windows-11-10.0.26200-SP0,3.13.13,3.2.6,32,13th Gen Intel(R) Core(TM) i9-13900HX,1,1 x NVIDIA GeForce RTX 4070 Laptop GPU,9.1922,45.4722,31.70067596435547,machine,5.714285714285714,40.25714285714286,44.1,13.973210035051618,N,1.0,0.0
2026-05-08T19:13:20,Q118_qwen2.5:14b_GSM8K,b7fc43ec-c56b-457f-bdf8-d80dd7a7f34f,5b0fa12a-3dd7-45bb-9766-cc326314d9f1,36.85107910000079,0.0002936115833981,7.967516571260883e-06,13.262445414034287,55.16814888972888,20.0,0.0001305153286412,0.0005609323931899,0.0001963527105555,0.0008878004323868,0.0,Italy,ITA,lombardy,,,Windows-11-10.0.26200-SP0,3.13.13,3.2.6,32,13th Gen Intel(R) Core(TM) i9-13900HX,1,1 x NVIDIA GeForce RTX 4070 Laptop GPU,9.1922,45.4722,31.70067596435547,machine,5.428571428571429,38.6,44.0,13.954462432861328,N,1.0,0.0
2026-05-08T19:14:32,Q119_qwen2.5:14b_MMLU,1fd1385b-4a6d-4a24-a73d-545ba95e2275,5b0fa12a-3dd7-45bb-9766-cc326314d9f1,27.27573819999816,0.0002092783796456,7.672693516527743e-06,13.32825219968,51.82721488341825,20.0,9.754362031406286e-05,0.0003893128114499,0.0001459436566666,0.0006328000884307,0.0,Italy,ITA,lombardy,,,Windows-11-10.0.26200-SP0,3.13.13,3.2.6,32,13th Gen Intel(R) Core(TM) i9-13900HX,1,1 x NVIDIA GeForce RTX 4070 Laptop GPU,9.1922,45.4722,31.70067596435547,machine,2.668,39.24,44.0,13.94550079345703,N,1.0,0.0
2026-05-08T19:15:13,Q120_qwen2.5:14b_SQuAD,55cea18b-0ea9-4ab0-abad-91127aefd8ff,5b0fa12a-3dd7-45bb-9766-cc326314d9f1,5.674126300000353,4.036121995908307e-05,7.113204364005884e-06,13.073515765760002,47.28826094559098,20.0,1.87835771422401e-05,7.452311517397447e-05,2.873450277774181e-05,0.0001220411950939,0.0,Italy,ITA,lombardy,,,Windows-11-10.0.26200-SP0,3.13.13,3.2.6,32,13th Gen Intel(R) Core(TM) i9-13900HX,1,1 x NVIDIA GeForce RTX 4070 Laptop GPU,9.1922,45.4722,31.70067596435547,machine,0.0,32.25,44.1,13.96971321105957,N,1.0,0.0
2026-05-08T19:15:52,Q121_qwen2.5:14b_MMLU,378bf795-8be4-4b4d-a433-e35248cd33a0,5b0fa12a-3dd7-45bb-9766-cc326314d9f1,23.32240659999661,0.0001812994265419,7.773615718625599e-06,13.506889876640004,53.31022353310473,20.0,8.385171579284418e-05,0.000340366383404,0.0001239813533334,0.0005481994525302,0.0,Italy,ITA,lombardy,,,Windows-11-10.0.26200-SP0,3.13.13,3.2.6,32,13th Gen Intel(R) Core(TM) i9-13900HX,1,1 x NVIDIA GeForce RTX 4070 Laptop GPU,9.1922,45.4722,31.70067596435547,machine,3.809523809523809,42.90476190476191,44.0,13.951996757870628,N,1.0,0.0
2026-05-08T19:16:31,Q122_qwen2.5:14b_SQuAD,d54ac5b5-cf47-4c34-98d8-016ed2e6be21,5b0fa12a-3dd7-45bb-9766-cc326314d9f1,4.330592699989211,2.6926846470493216e-05,6.2178201313091165e-06,13.4565618176,38.158775296412784,20.0,1.43010567627679e-05,4.586392558003638e-05,2.125437333331017e-05,8.141935567611444e-05,0.0,Italy,ITA,lombardy,,,Windows-11-10.0.26200-SP0,3.13.13,3.2.6,32,13th Gen Intel(R) Core(TM) i9-13900HX,1,1 x NVIDIA GeForce RTX 4070 Laptop GPU,9.1922,45.4722,31.70067596435547,machine,0.0,36.0,44.0,13.948877334594728,N,1.0,0.0
2026-05-08T19:17:22,Q123_qwen2.5:14b_HumanEval,4bd2e3e5-1413-4ba2-b962-beae6d96a4db,5b0fa12a-3dd7-45bb-9766-cc326314d9f1,35.83767989999615,0.0002803878542752,7.82382830187768e-06,13.504505840160002,53.41846493626349,20.0,0.0001295007729963,0.000527616255426,0.000190698495,0.0008478155234224,0.0,Italy,ITA,lombardy,,,Windows-11-10.0.26200-SP0,3.13.13,3.2.6,32,13th Gen Intel(R) Core(TM) i9-13900HX,1,1 x NVIDIA GeForce RTX 4070 Laptop GPU,9.1922,45.4722,31.70067596435547,machine,0.0,41.64705882352941,44.08235294117647,13.96652479732738,N,1.0,0.0
2026-05-08T19:18:11,Q124_qwen2.5:14b_SQuAD,91ecd590-131e-4682-a264-6a08a62040b9,5b0fa12a-3dd7-45bb-9766-cc326314d9f1,3.846400300011737,2.4673377803811912e-05,6.414667189927326e-06,13.091561984000004,41.07406380052405,20.0,1.2160103530988636e-05,4.386920176202569e-05,1.8576182777825227e-05,7.460548807083954e-05,0.0,Italy,ITA,lombardy,,,Windows-11-10.0.26200-SP0,3.13.13,3.2.6,32,13th Gen Intel(R) Core(TM) i9-13900HX,1,1 x NVIDIA GeForce RTX 4070 Laptop GPU,9.1922,45.4722,31.70067596435547,machine,0.0,63.5,44.05,13.97394561767578,N,1.0,0.0
2026-05-08T19:18:31,Q125_qwen2.5:14b_SQuAD,95f4de16-8527-48ee-a3e2-9ad320292b95,5b0fa12a-3dd7-45bb-9766-cc326314d9f1,4.198219199999585,2.737886352117257e-05,6.521542162728255e-06,13.227890124800004,41.742409517364,20.0,1.3581799385543095e-05,4.8670038935993976e-05,2.0534292222227024e-05,8.278613054376409e-05,0.0,Italy,ITA,lombardy,,,Windows-11-10.0.26200-SP0,3.13.13,3.2.6,32,13th Gen Intel(R) Core(TM) i9-13900HX,1,1 x NVIDIA GeForce RTX 4070 Laptop GPU,9.1922,45.4722,31.70067596435547,machine,0.0,64.0,44.0,13.958812713623049,N,1.0,0.0
2026-05-08T19:19:23,Q126_qwen2.5:14b_HumanEval,e80c5e3e-5c5e-4b25-9667-1cc26ca7a862,5b0fa12a-3dd7-45bb-9766-cc326314d9f1,37.36000869999407,0.0002954664026567,7.908627779757818e-06,13.58655027865143,54.21171581543027,20.0,0.0001356647428451,0.0005585807246419,0.0001991634266666,0.0008934088941538,0.0,Italy,ITA,lombardy,,,Windows-11-10.0.26200-SP0,3.13.13,3.2.6,32,13th Gen Intel(R) Core(TM) i9-13900HX,1,1 x NVIDIA GeForce RTX 4070 Laptop GPU,9.1922,45.4722,31.70067596435547,machine,5.397142857142858,39.74285714285714,43.98571428571429,13.9353761945452,N,1.0,0.0
2026-05-08T19:20:12,Q127_qwen2.5:14b_SQuAD,cfcf8270-0fde-4048-88c7-360cd2dc19a6,5b0fa12a-3dd7-45bb-9766-cc326314d9f1,3.657103399993503,2.386295258781078e-05,6.525096497915037e-06,12.944416256000002,42.613435418726574,20.0,1.134557949079376e-05,4.328059017999486e-05,1.7528816111088318e-05,7.215498578187695e-05,0.0,Italy,ITA,lombardy,,,Windows-11-10.0.26200-SP0,3.13.13,3.2.6,32,13th Gen Intel(R) Core(TM) i9-13900HX,1,1 x NVIDIA GeForce RTX 4070 Laptop GPU,9.1922,45.4722,31.70067596435547,machine,0.0,69.5,44.0,13.956640243530272,N,1.0,0.0
2026-05-08T19:20:48,Q128_qwen2.5:14b_GSM8K,24bce3c2-f9e7-4aaa-aeb0-c49385806e78,5b0fa12a-3dd7-45bb-9766-cc326314d9f1,21.13326529999904,0.0001597390328355,7.558653647127578e-06,13.602787587200002,51.45977402610784,20.0,7.607672240961459e-05,0.0002951257916559,0.0001118042555555,0.0004830067696211,0.0,Italy,ITA,lombardy,,,Windows-11-10.0.26200-SP0,3.13.13,3.2.6,32,13th Gen Intel(R) Core(TM) i9-13900HX,1,1 x NVIDIA GeForce RTX 4070 Laptop GPU,9.1922,45.4722,31.70067596435547,machine,0.0,37.73684210526316,44.0,13.944034576416016,N,1.0,0.0
2026-05-08T19:21:36,Q129_qwen2.5:14b_GSM8K,b078fab6-4c9e-4734-bee0-823e3740ce73,5b0fa12a-3dd7-45bb-9766-cc326314d9f1,12.320910399997956,9.292667446961396e-05,7.542192212486942e-06,13.287482927709092,50.181978653004656,20.0,4.36176058784513e-05,0.000171715692928,6.565132999999655e-05,0.0002809846288064,0.0,Italy,ITA,lombardy,,,Windows-11-10.0.26200-SP0,3.13.13,3.2.6,32,13th Gen Intel(R) Core(TM) i9-13900HX,1,1 x NVIDIA GeForce RTX 4070 Laptop GPU,9.1922,45.4722,31.70067596435547,machine,0.0,45.6,44.0,13.958945083618165,N,1.0,0.0
2026-05-08T19:22:06,Q130_qwen2.5:14b_HellaSwag,38d3e89c-d4f9-40d3-a9e6-c0545f508f05,5b0fa12a-3dd7-45bb-9766-cc326314d9f1,4.923680899999454,3.1100082017562355e-05,6.316429242513626e-06,13.122390857600005,39.06513961014686,20.0,1.6106401032485823e-05,5.338448715197508e-05,2.4547180555560365e-05,9.403806874002128e-05,0.0,Italy,ITA,lombardy,,,Windows-11-10.0.26200-SP0,3.13.13,3.2.6,32,13th Gen Intel(R) Core(TM) i9-13900HX,1,1 x NVIDIA GeForce RTX 4070 Laptop GPU,9.1922,45.4722,31.70067596435547,machine,0.0,51.66666666666666,44.1,13.976128896077476,N,1.0,0.0
2026-05-08T19:22:33,Q131_qwen2.5:14b_HellaSwag,487ce02c-c5d3-4815-9fd3-c3b5ef6aca8a,5b0fa12a-3dd7-45bb-9766-cc326314d9f1,12.37587019999046,9.12688652206842e-05,7.374743250034617e-06,13.175734770036366,48.45212558489435,20.0,4.345518327317047e-05,0.0001665551332439,6.596155444446292e-05,0.0002759718709616,0.0,Italy,ITA,lombardy,,,Windows-11-10.0.26200-SP0,3.13.13,3.2.6,32,13th Gen Intel(R) Core(TM) i9-13900HX,1,1 x NVIDIA GeForce RTX 4070 Laptop GPU,9.1922,45.4722,31.70067596435547,machine,0.0,41.0,44.0,13.94460678100586,N,1.0,0.0
2026-05-08T19:23:34,Q132_qwen2.5:14b_MMLU,510b2913-72bd-4202-bfac-842fc1d678e1,5b0fa12a-3dd7-45bb-9766-cc326314d9f1,35.042540700000245,0.0002827937675163,8.070013242972102e-06,13.23599331296,57.07624289068924,20.0,0.0001234378617611,0.0005453418251619,0.0001863106544444,0.0008550903413675,0.0,Italy,ITA,lombardy,,,Windows-11-10.0.26200-SP0,3.13.13,3.2.6,32,13th Gen Intel(R) Core(TM) i9-13900HX,1,1 x NVIDIA GeForce RTX 4070 Laptop GPU,9.1922,45.4722,31.70067596435547,machine,0.0,41.30303030303031,44.06666666666667,13.964394309303977,N,1.0,0.0
2026-05-08T19:24:35,Q133_qwen2.5:14b_MMLU,2a612c51-7594-4546-bcb0-264483ad14a6,5b0fa12a-3dd7-45bb-9766-cc326314d9f1,15.873345300002256,0.0001210797124343,7.62786357544793e-06,13.45301563136,50.649754395043686,20.0,5.743482622588825e-05,0.0002232918453,8.538497777772136e-05,0.0003661116493036,0.0,Italy,ITA,lombardy,,,Windows-11-10.0.26200-SP0,3.13.13,3.2.6,32,13th Gen Intel(R) Core(TM) i9-13900HX,1,1 x NVIDIA GeForce RTX 4070 Laptop GPU,9.1922,45.4722,31.70067596435547,machine,0.0,39.42857142857143,44.04285714285714,13.963830402919225,N,1.0,0.0
2026-05-08T19:25:42,Q134_qwen2.5:14b_HumanEval,3785072c-ef96-4310-9def-c4a3ea3099cf,5b0fa12a-3dd7-45bb-9766-cc326314d9f1,32.08330890000798,0.000252290692956,7.863612002812361e-06,13.27097430208,53.23384943356343,20.0,0.0001139430258063,0.0004790462165699,0.0001698682161111,0.0007628574584874,0.0,Italy,ITA,lombardy,,,Windows-11-10.0.26200-SP0,3.13.13,3.2.6,32,13th Gen Intel(R) Core(TM) i9-13900HX,1,1 x NVIDIA GeForce RTX 4070 Laptop GPU,9.1922,45.4722,31.70067596435547,machine,1.3333333333333333,40.16666666666666,44.03333333333333,13.96151835123698,N,1.0,0.0
2026-05-08T19:26:21,Q135_qwen2.5:14b_SQuAD,02254d43-3546-4297-96c7-38ef19520116,5b0fa12a-3dd7-45bb-9766-cc326314d9f1,3.5768691999983275,2.138599353671804e-05,5.978969970925423e-06,13.127499968,36.61361488976049,20.0,1.1212544142802957e-05,3.637114020799137e-05,1.7081660555494537e-05,6.466534490628886e-05,0.0,Italy,ITA,lombardy,,,Windows-11-10.0.26200-SP0,3.13.13,3.2.6,32,13th Gen Intel(R) Core(TM) i9-13900HX,1,1 x NVIDIA GeForce RTX 4070 Laptop GPU,9.1922,45.4722,31.70067596435547,machine,0.0,24.0,44.05,13.961742401123049,N,1.0,0.0
2026-05-08T19:26:49,Q136_qwen2.5:14b_MMLU,0518f678-a1a8-457e-ae44-1ed102b65714,5b0fa12a-3dd7-45bb-9766-cc326314d9f1,13.629321699991124,0.0001012151088579,7.42627630970435e-06,13.52307498043077,48.55175954231028,20.0,4.931280534805743e-05,0.000183803202598,7.293055999996594e-05,0.000306046567946,0.0,Italy,ITA,lombardy,,,Windows-11-10.0.26200-SP0,3.13.13,3.2.6,32,13th Gen Intel(R) Core(TM) i9-13900HX,1,1 x NVIDIA GeForce RTX 4070 Laptop GPU,9.1922,45.4722,31.70067596435547,machine,0.0,41.333333333333336,44.00833333333333,13.96014086405436,N,1.0,0.0
2026-05-08T19:27:21,Q137_qwen2.5:14b_SQuAD,6293571c-7f54-4967-b55b-7a31edc403d7,5b0fa12a-3dd7-45bb-9766-cc326314d9f1,6.856187900004443,4.970475101656119e-05,7.249619138432449e-06,13.108650368,48.23615527054972,20.0,2.313739201693679e-05,9.18559068179281e-05,3.530015666668381e-05,0.0001502934555015,0.0,Italy,ITA,lombardy,,,Windows-11-10.0.26200-SP0,3.13.13,3.2.6,32,13th Gen Intel(R) Core(TM) i9-13900HX,1,1 x NVIDIA GeForce RTX 4070 Laptop GPU,9.1922,45.4722,31.70067596435547,machine,0.0,51.2,44.02,13.96727294921875,N,1.0,0.0
2026-05-08T19:27:43,Q138_qwen2.5:14b_HellaSwag,e6672258-00a9-4b20-baf9-adc394f5628f,5b0fa12a-3dd7-45bb-9766-cc326314d9f1,6.6606262999994215,4.579509820361604e-05,6.875494306536912e-06,13.3284178112,44.03952624969894,20.0,2.2799052077161685e-05,8.14622873919757e-05,3.42104044444568e-05,0.0001384717439135,0.0,Italy,ITA,lombardy,,,Windows-11-10.0.26200-SP0,3.13.13,3.2.6,32,13th Gen Intel(R) Core(TM) i9-13900HX,1,1 x NVIDIA GeForce RTX 4070 Laptop GPU,9.1922,45.4722,31.70067596435547,machine,0.0,52.4,44.1,13.974939727783203,N,1.0,0.0
2026-05-08T19:28:07,Q139_qwen2.5:14b_HellaSwag,0ce678de-b591-45b3-9177-73b1dcc18ce6,5b0fa12a-3dd7-45bb-9766-cc326314d9f1,9.015649599998142,6.676818424829695e-05,7.405809587842757e-06,13.0647224864,49.394612737080585,20.0,3.0897048180322686e-05,0.000123693987844,4.729753444440171e-05,0.0002018885704687,0.0,Italy,ITA,lombardy,,,Windows-11-10.0.26200-SP0,3.13.13,3.2.6,32,13th Gen Intel(R) Core(TM) i9-13900HX,1,1 x NVIDIA GeForce RTX 4070 Laptop GPU,9.1922,45.4722,31.70067596435547,machine,11.114285714285714,38.285714285714285,44.1,13.972603934151786,N,1.0,0.0
2026-05-08T19:29:04,Q140_qwen2.5:14b_HumanEval,5595e26e-ceba-427e-830c-53a875cdd4f5,5b0fa12a-3dd7-45bb-9766-cc326314d9f1,31.565298400004394,0.0002704470634117,8.567860185718562e-06,8.831079676373335,34.73442107102874,20.0,0.0001122805300007,0.000455151475232,0.0002503253088889,0.0008177573141217,0.0,Italy,ITA,lombardy,,,Windows-11-10.0.26200-SP0,3.13.13,3.2.6,32,13th Gen Intel(R) Core(TM) i9-13900HX,1,1 x NVIDIA GeForce RTX 4070 Laptop GPU,9.1922,45.4722,31.70067596435547,machine,2.586206896551724,39.6551724137931,44.1,13.981519370243468,N,1.0,0.0
2026-05-08T19:29:57,Q141_qwen2.5:14b_GSM8K,c9148f9b-3c6e-4594-9d95-220635ed4c45,5b0fa12a-3dd7-45bb-9766-cc326314d9f1,17.993159400008153,0.0001377683321937,7.656706036498931e-06,13.1007343616,49.48601577557294,20.0,6.208908419687527e-05,0.000260106596974,9.437775055557722e-05,0.0004165734317265,0.0,Italy,ITA,lombardy,,,Windows-11-10.0.26200-SP0,3.13.13,3.2.6,32,13th Gen Intel(R) Core(TM) i9-13900HX,1,1 x NVIDIA GeForce RTX 4070 Laptop GPU,9.1922,45.4722,31.70067596435547,machine,0.0,40.5625,44.05,13.965672254562378,N,1.0,0.0
2026-05-08T19:31:02,Q142_qwen2.5:14b_HumanEval,0878521e-e906-42c9-9978-266aeb34a1e9,5b0fa12a-3dd7-45bb-9766-cc326314d9f1,29.79717610000808,0.0002338894192006,7.849382049347036e-06,13.53588014336,53.15053695798549,20.0,0.0001083456922453,0.000438930351144,0.0001599410394444,0.0007072170828338,0.0,Italy,ITA,lombardy,,,Windows-11-10.0.26200-SP0,3.13.13,3.2.6,32,13th Gen Intel(R) Core(TM) i9-13900HX,1,1 x NVIDIA GeForce RTX 4070 Laptop GPU,9.1922,45.4722,31.70067596435547,machine,0.0,40.17857142857143,44.00714285714286,13.955471856253489,N,1.0,0.0
2026-05-08T19:31:54,Q143_qwen2.5:14b_MMLU,49f852d5-30c8-4a98-9190-ccd4e751be28,5b0fa12a-3dd7-45bb-9766-cc326314d9f1,16.28223660000367,0.0001218185060688,7.481681359970793e-06,13.372826447360003,49.1169151937223,20.0,5.860631866723716e-05,0.0002220901776719,8.764906111116741e-05,0.0003683455574504,0.0,Italy,ITA,lombardy,,,Windows-11-10.0.26200-SP0,3.13.13,3.2.6,32,13th Gen Intel(R) Core(TM) i9-13900HX,1,1 x NVIDIA GeForce RTX 4070 Laptop GPU,9.1922,45.4722,31.70067596435547,machine,13.492857142857144,36.57142857142857,44.0,13.94293430873326,N,1.0,0.0
2026-05-08T19:32:41,Q144_qwen2.5:14b_GSM8K,e149457a-ac3a-4f63-923d-da3f79968945,5b0fa12a-3dd7-45bb-9766-cc326314d9f1,11.430133899993962,8.520708907344343e-05,7.454601128818661e-06,13.490673524480004,49.130590499855,20.0,4.095169008965244e-05,0.00015598068034,6.071036166669931e-05,0.0002576427320963,0.0,Italy,ITA,lombardy,,,Windows-11-10.0.26200-SP0,3.13.13,3.2.6,32,13th Gen Intel(R) Core(TM) i9-13900HX,1,1 x NVIDIA GeForce RTX 4070 Laptop GPU,9.1922,45.4722,31.70067596435547,machine,10.0,38.22222222222222,44.06666666666667,13.96437242296007,N,1.0,0.0
2026-05-08T19:33:28,Q145_qwen2.5:14b_GSM8K,a7da2da3-9996-40ed-baa8-f1944e39e0c8,5b0fa12a-3dd7-45bb-9766-cc326314d9f1,22.289593000008608,0.0001707845892167,7.662077509295564e-06,13.204719833051431,52.86610899437834,20.0,7.821895691147252e-05,0.0003199408115079,0.0001182457166667,0.0005164054850861,0.0,Italy,ITA,lombardy,,,Windows-11-10.0.26200-SP0,3.13.13,3.2.6,32,13th Gen Intel(R) Core(TM) i9-13900HX,1,1 x NVIDIA GeForce RTX 4070 Laptop GPU,9.1922,45.4722,31.70067596435547,machine,0.0,37.5,44.07,13.972175598144531,N,1.0,0.0
2026-05-08T19:34:24,Q146_qwen2.5:14b_GSM8K,c8f4d854-f83f-41cb-8a80-1123daa8577b,5b0fa12a-3dd7-45bb-9766-cc326314d9f1,20.92583559999184,0.000161060474227,7.696728451174376e-06,13.40383225088,53.64739050757351,20.0,7.458468633202434e-05,0.0003017660747459,0.0001106516827776,0.0004870024438556,0.0,Italy,ITA,lombardy,,,Windows-11-10.0.26200-SP0,3.13.13,3.2.6,32,13th Gen Intel(R) Core(TM) i9-13900HX,1,1 x NVIDIA GeForce RTX 4070 Laptop GPU,9.1922,45.4722,31.70067596435547,machine,0.0,40.63157894736842,44.01578947368421,13.955680445620889,N,1.0,0.0
2026-05-08T19:35:19,Q147_qwen2.5:14b_HumanEval,8537cd9e-d472-4642-bae3-b64b94214648,5b0fa12a-3dd7-45bb-9766-cc326314d9f1,20.132345000005444,0.0001557227349407,7.734952631733354e-06,13.1920353344,53.15125932011095,20.0,7.02315355383604e-05,0.0002943999577419,0.0001062310994444,0.0004708625927247,0.0,Italy,ITA,lombardy,,,Windows-11-10.0.26200-SP0,3.13.13,3.2.6,32,13th Gen Intel(R) Core(TM) i9-13900HX,1,1 x NVIDIA GeForce RTX 4070 Laptop GPU,9.1922,45.4722,31.70067596435547,machine,0.0,38.5,44.02222222222222,13.95936139424642,N,1.0,0.0
2026-05-08T19:36:02,Q148_qwen2.5:14b_SQuAD,8a8a80c2-77c4-441e-9054-e287668e2cf4,5b0fa12a-3dd7-45bb-9766-cc326314d9f1,7.4606236000108765,5.378167297627459e-05,7.208736944750327e-06,13.149361836800002,47.558034375941794,20.0,2.541667178683471e-05,9.854674550396902e-05,3.865752555559286e-05,0.0001626209428463,0.0,Italy,ITA,lombardy,,,Windows-11-10.0.26200-SP0,3.13.13,3.2.6,32,13th Gen Intel(R) Core(TM) i9-13900HX,1,1 x NVIDIA GeForce RTX 4070 Laptop GPU,9.1922,45.4722,31.70067596435547,machine,0.0,42.2,44.08,13.970242309570311,N,1.0,0.0
2026-05-08T19:36:25,Q149_qwen2.5:14b_SQuAD,b2b34ea9-1c82-4637-88df-cb2ab0edb479,5b0fa12a-3dd7-45bb-9766-cc326314d9f1,7.796331999998074,5.779321562843613e-05,7.412872569876503e-06,13.1601096704,49.67162578776583,20.0,2.666554792969445e-05,0.0001075611971599,4.052399611108639e-05,0.0001747507412007,0.0,Italy,ITA,lombardy,,,Windows-11-10.0.26200-SP0,3.13.13,3.2.6,32,13th Gen Intel(R) Core(TM) i9-13900HX,1,1 x NVIDIA GeForce RTX 4070 Laptop GPU,9.1922,45.4722,31.70067596435547,machine,0.0,38.66666666666666,44.1,13.981379191080729,N,1.0,0.0
2026-05-08T19:37:17,Q150_qwen2.5:14b_HumanEval,b3809026-15c1-4691-a100-1750595ce736,5b0fa12a-3dd7-45bb-9766-cc326314d9f1,36.65871150000021,0.000288625129218,7.873302617799128e-06,13.56377730304,54.2818789260648,20.0,0.0001327258286264,0.0005447182135519,0.0001952787283333,0.0008727227705117,0.0,Italy,ITA,lombardy,,,Windows-11-10.0.26200-SP0,3.13.13,3.2.6,32,13th Gen Intel(R) Core(TM) i9-13900HX,1,1 x NVIDIA GeForce RTX 4070 Laptop GPU,9.1922,45.4722,31.70067596435547,machine,2.614705882352941,42.14705882352941,44.108823529411765,13.979464587043314,N,1.0,0.0
2026-05-08T19:38:09,Q151_qwen2.5:14b_SQuAD,e034bd81-62d5-4474-9d1c-2a23ebb7cb0f,5b0fa12a-3dd7-45bb-9766-cc326314d9f1,7.398814300002414,5.423403349986982e-05,7.330097945538669e-06,13.3011159104,48.75752442951292,20.0,2.5480318902328583e-05,0.0001001961912679,3.831224611106639e-05,0.0001639887562813,0.0,Italy,ITA,lombardy,,,Windows-11-10.0.26200-SP0,3.13.13,3.2.6,32,13th Gen Intel(R) Core(TM) i9-13900HX,1,1 x NVIDIA GeForce RTX 4070 Laptop GPU,9.1922,45.4722,31.70067596435547,machine,20.0,44.8,44.2,14.007722473144533,N,1.0,0.0
2026-05-08T19:38:58,Q152_qwen2.5:14b_GSM8K,18a2d7b6-0734-4d3c-a9b8-b564df34fde9,5b0fa12a-3dd7-45bb-9766-cc326314d9f1,33.78447280000546,0.0002629845867393,7.784185009964553e-06,13.427788871680002,52.53795484299831,20.0,0.0001207267849156,0.000495160951684,0.0001793051066666,0.0007951928432663,0.0,Italy,ITA,lombardy,,,Windows-11-10.0.26200-SP0,3.13.13,3.2.6,32,13th Gen Intel(R) Core(TM) i9-13900HX,1,1 x NVIDIA GeForce RTX 4070 Laptop GPU,9.1922,45.4722,31.70067596435547,machine,2.5,40.59375,44.2,14.010194063186646,N,1.0,0.0
2026-05-08T19:40:18,Q153_qwen2.5:14b_HumanEval,00560bbc-0671-4f89-82f7-c20c27543ceb,5b0fa12a-3dd7-45bb-9766-cc326314d9f1,33.85350459998881,0.0002663033262178,7.86634439667308e-06,13.2931490432,54.99149620073384,20.0,0.0001199484053602,0.000505586793358,0.0001796925972222,0.0008052277959405,0.0,Italy,ITA,lombardy,,,Windows-11-10.0.26200-SP0,3.13.13,3.2.6,32,13th Gen Intel(R) Core(TM) i9-13900HX,1,1 x NVIDIA GeForce RTX 4070 Laptop GPU,9.1922,45.4722,31.70067596435547,machine,2.1875,39.6875,44.2,14.005671858787537,N,1.0,0.0
2026-05-08T19:41:06,Q154_qwen2.5:14b_SQuAD,d19743fa-56e8-4b9e-85ad-d9bb54d65022,5b0fa12a-3dd7-45bb-9766-cc326314d9f1,3.3683604999969248,1.7838250428146584e-05,5.2958257966042735e-06,13.061216000000002,29.520812559233267,20.0,1.0399391335600111e-05,2.7615299870054063e-05,1.5923257222150118e-05,5.39379484278043e-05,0.0,Italy,ITA,lombardy,,,Windows-11-10.0.26200-SP0,3.13.13,3.2.6,32,13th Gen Intel(R) Core(TM) i9-13900HX,1,1 x NVIDIA GeForce RTX 4070 Laptop GPU,9.1922,45.4722,31.70067596435547,machine,0.0,98.0,44.2,14.00491714477539,N,1.0,0.0
2026-05-08T19:41:25,Q155_qwen2.5:14b_HellaSwag,29bdaf16-c6f2-4c8e-b49a-13fea0450426,5b0fa12a-3dd7-45bb-9766-cc326314d9f1,4.117978599999333,2.2417351350048884e-05,5.443775582042247e-06,13.31659808,30.00935562374908,20.0,1.3375571744300094e-05,3.4320583012004136e-05,2.0087731666717446e-05,6.778388642302168e-05,0.0,Italy,ITA,lombardy,,,Windows-11-10.0.26200-SP0,3.13.13,3.2.6,32,13th Gen Intel(R) Core(TM) i9-13900HX,1,1 x NVIDIA GeForce RTX 4070 Laptop GPU,9.1922,45.4722,31.70067596435547,machine,0.0,40.0,44.2,14.015695571899414,N,1.0,0.0
2026-05-08T19:42:08,Q156_qwen2.5:14b_HumanEval,2b40d2ee-86df-49f8-8474-91891f951f53,5b0fa12a-3dd7-45bb-9766-cc326314d9f1,37.85286339999584,0.0003070245120225,8.110998335268829e-06,13.5633516496,56.43598351137465,20.0,0.0001373218566069,0.000589111304622,0.0002019242672222,0.0009283574284512,0.0,Italy,ITA,lombardy,,,Windows-11-10.0.26200-SP0,3.13.13,3.2.6,32,13th Gen Intel(R) Core(TM) i9-13900HX,1,1 x NVIDIA GeForce RTX 4070 Laptop GPU,9.1922,45.4722,31.70067596435547,machine,1.6666666666666667,39.69444444444444,44.20277777777778,14.01369900173611,N,1.0,0.0
2026-05-08T19:43:14,Q157_qwen2.5:14b_HellaSwag,3b3a543e-5888-4b65-9270-6b15f48b1b02,5b0fa12a-3dd7-45bb-9766-cc326314d9f1,20.10691990000487,0.0001533073689724,7.624607335925252e-06,13.505863819520002,52.09550378108428,20.0,7.191215614368373e-05,0.00028552383953,0.0001061231966667,0.0004635591923404,0.0,Italy,ITA,lombardy,,,Windows-11-10.0.26200-SP0,3.13.13,3.2.6,32,13th Gen Intel(R) Core(TM) i9-13900HX,1,1 x NVIDIA GeForce RTX 4070 Laptop GPU,9.1922,45.4722,31.70067596435547,machine,5.555555555555555,41.16666666666666,44.17777777777778,13.996309068467882,N,1.0,0.0
2026-05-08T19:43:58,Q158_qwen2.5:14b_MMLU,a7eb8d8d-f3b2-4dc7-8836-e26ba264e68c,5b0fa12a-3dd7-45bb-9766-cc326314d9f1,8.422965099991416,5.768396064444103e-05,6.848415012962575e-06,13.555977667657146,43.001473355400776,20.0,2.9824467681446787e-05,0.0001005948026979,4.400111388887227e-05,0.0001744203842682,0.0,Italy,ITA,lombardy,,,Windows-11-10.0.26200-SP0,3.13.13,3.2.6,32,13th Gen Intel(R) Core(TM) i9-13900HX,1,1 x NVIDIA GeForce RTX 4070 Laptop GPU,9.1922,45.4722,31.70067596435547,machine,30.55,43.333333333333336,44.1,13.994022369384766,N,1.0,0.0
2026-05-08T19:44:50,Q159_qwen2.5:14b_HumanEval,a87a3601-e00e-4431-bb59-26e5f3243e1d,5b0fa12a-3dd7-45bb-9766-cc326314d9f1,37.37426559999585,0.0002979603758879,7.972340622741343e-06,13.603946776205715,55.20076813542213,20.0,0.0001356375089084,0.0005660801750859,0.0001992322972221,0.0009009499812165,0.0,Italy,ITA,lombardy,,,Windows-11-10.0.26200-SP0,3.13.13,3.2.6,32,13th Gen Intel(R) Core(TM) i9-13900HX,1,1 x NVIDIA GeForce RTX 4070 Laptop GPU,9.1922,45.4722,31.70067596435547,machine,1.7142857142857142,39.0,44.1,13.982249559674944,N,1.0,0.0
2026-05-08T19:45:54,Q160_qwen2.5:14b_MMLU,09c909ec-1f0d-409a-bde9-b81ac37506c7,5b0fa12a-3dd7-45bb-9766-cc326314d9f1,18.20697709999513,0.0001363371875304,7.488183611243893e-06,13.43241099008,49.4421614199001,20.0,6.468551068120454e-05,0.0002520027016019,9.555783277780092e-05,0.0004122460450609,0.0,Italy,ITA,lombardy,,,Windows-11-10.0.26200-SP0,3.13.13,3.2.6,32,13th Gen Intel(R) Core(TM) i9-13900HX,1,1 x NVIDIA GeForce RTX 4070 Laptop GPU,9.1922,45.4722,31.70067596435547,machine,4.16875,44.25,44.1,13.986424207687378,N,1.0,0.0
2026-05-08T19:46:43,Q161_qwen2.5:14b_GSM8K,cbd04432-61f5-48ca-8215-8d1e659df6fb,5b0fa12a-3dd7-45bb-9766-cc326314d9f1,13.873288700007834,0.0001041159365258,7.504776897331333e-06,13.169705192369232,49.72519529204402,20.0,4.8916742298044894e-05,0.000191615153292,7.428597500006113e-05,0.0003148178705901,0.0,Italy,ITA,lombardy,,,Windows-11-10.0.26200-SP0,3.13.13,3.2.6,32,13th Gen Intel(R) Core(TM) i9-13900HX,1,1 x NVIDIA GeForce RTX 4070 Laptop GPU,9.1922,45.4722,31.70067596435547,machine,0.0,43.083333333333336,44.125,13.99450715382894,N,1.0,0.0
2026-05-08T19:47:14,Q162_qwen2.5:14b_SQuAD,6de9ebb5-02bb-40ca-a1ff-7bf75fc4bc4b,5b0fa12a-3dd7-45bb-9766-cc326314d9f1,6.531670199998189,4.292033783783983e-05,6.571112215349105e-06,13.452395709440005,40.696660878467625,20.0,2.2517398682672245e-05,7.37856145840432e-05,3.347624833331793e-05,0.0001297792616,0.0,Italy,ITA,lombardy,,,Windows-11-10.0.26200-SP0,3.13.13,3.2.6,32,13th Gen Intel(R) Core(TM) i9-13900HX,1,1 x NVIDIA GeForce RTX 4070 Laptop GPU,9.1922,45.4722,31.70067596435547,machine,0.0,30.25,44.2,14.002031326293944,N,1.0,0.0
2026-05-08T19:47:33,Q163_qwen2.5:14b_SQuAD,7b9c3ff9-227d-4eb0-b450-a81dc257b29b,5b0fa12a-3dd7-45bb-9766-cc326314d9f1,3.329488000003039,1.8759846113820305e-05,5.634453739975391e-06,13.0484800064,33.273335133373216,20.0,1.0249462158864224e-05,3.0766135724003e-05,1.5709001666659284e-05,5.67245995495265e-05,0.0,Italy,ITA,lombardy,,,Windows-11-10.0.26200-SP0,3.13.13,3.2.6,32,13th Gen Intel(R) Core(TM) i9-13900HX,1,1 x NVIDIA GeForce RTX 4070 Laptop GPU,9.1922,45.4722,31.70067596435547,machine,0.0,96.0,44.1,13.98162841796875,N,1.0,0.0
2026-05-08T19:47:52,Q164_qwen2.5:14b_SQuAD,48b94efd-d17f-46df-b8ce-8117a3cb8fc7,5b0fa12a-3dd7-45bb-9766-cc326314d9f1,4.273613600002136,2.804474370185856e-05,6.562302146793183e-06,13.395114291200002,41.96929722795405,20.0,1.4033744225223902e-05,4.981309540602608e-05,2.0952728888935074e-05,8.479956852018504e-05,0.0,Italy,ITA,lombardy,,,Windows-11-10.0.26200-SP0,3.13.13,3.2.6,32,13th Gen Intel(R) Core(TM) i9-13900HX,1,1 x NVIDIA GeForce RTX 4070 Laptop GPU,9.1922,45.4722,31.70067596435547,machine,0.0,36.5,44.150000000000006,13.997642517089844,N,1.0,0.0
2026-05-08T19:48:17,Q165_qwen2.5:14b_HellaSwag,81ebc447-c8c8-4fc3-8e9d-9532795a3fd9,5b0fa12a-3dd7-45bb-9766-cc326314d9f1,9.808228599998984,7.18818194496826e-05,7.328725948505121e-06,13.470026009600002,48.046460067504206,20.0,3.4810218539199406e-05,0.000130855938018,5.1684636111086645e-05,0.0002173507926683,0.0,Italy,ITA,lombardy,,,Windows-11-10.0.26200-SP0,3.13.13,3.2.6,32,13th Gen Intel(R) Core(TM) i9-13900HX,1,1 x NVIDIA GeForce RTX 4070 Laptop GPU,9.1922,45.4722,31.70067596435547,machine,3.125,44.125,44.2,14.00145149230957,N,1.0,0.0
2026-05-08T19:48:40,Q166_qwen2.5:14b_HellaSwag,672959d1-dab5-45e9-b70b-d2a9800d0adf,5b0fa12a-3dd7-45bb-9766-cc326314d9f1,8.11229099999764,6.0429478159831086e-05,7.449126043413466e-06,13.15867276434286,50.01369862049384,20.0,2.7806460621740933e-05,0.0001126531456779,4.226246555554099e-05,0.0001827220718552,0.0,Italy,ITA,lombardy,,,Windows-11-10.0.26200-SP0,3.13.13,3.2.6,32,13th Gen Intel(R) Core(TM) i9-13900HX,1,1 x NVIDIA GeForce RTX 4070 Laptop GPU,9.1922,45.4722,31.70067596435547,machine,16.666666666666668,42.16666666666666,44.29999999999999,14.032291412353516,N,1.0,0.0
2026-05-08T19:49:15,Q167_qwen2.5:14b_GSM8K,132af13e-e2c4-4817-8b1d-657c281414af,5b0fa12a-3dd7-45bb-9766-cc326314d9f1,19.42839790000289,0.0001461594979266,7.5229825268627185e-06,13.18511054336,52.29555498370114,20.0,6.757509222076259e-05,0.0002720871621139,0.0001022837477778,0.0004419460021125,0.0,Italy,ITA,lombardy,,,Windows-11-10.0.26200-SP0,3.13.13,3.2.6,32,13th Gen Intel(R) Core(TM) i9-13900HX,1,1 x NVIDIA GeForce RTX 4070 Laptop GPU,9.1922,45.4722,31.70067596435547,machine,0.0,46.05882352941177,44.2,14.015158260569851,N,1.0,0.0
2026-05-08T19:50:02,Q168_qwen2.5:14b_SQuAD,1e66f2e3-8dbb-4b09-bea0-dd8ea62ebc6b,5b0fa12a-3dd7-45bb-9766-cc326314d9f1,12.093760200004908,8.97145325493691e-05,7.418249664759574e-06,13.203349026909091,48.93846765672452,20.0,4.250856068816134e-05,0.0001643734648319,6.438997222228661e-05,0.0002712719977423,0.0,Italy,ITA,lombardy,,,Windows-11-10.0.26200-SP0,3.13.13,3.2.6,32,13th Gen Intel(R) Core(TM) i9-13900HX,1,1 x NVIDIA GeForce RTX 4070 Laptop GPU,9.1922,45.4722,31.70067596435547,machine,0.0,41.1,44.2,13.998468017578125,N,1.0,0.0
2026-05-08T19:50:37,Q169_qwen2.5:14b_HellaSwag,0a978cdc-f849-4c46-9917-92e6e217b267,5b0fa12a-3dd7-45bb-9766-cc326314d9f1,10.195034099990153,7.500910704870107e-05,7.357416004010572e-06,13.559283776,48.18714802757108,20.0,3.650691017740229e-05,0.0001364528869399,5.384705055556777e-05,0.0002268068476729,0.0,Italy,ITA,lombardy,,,Windows-11-10.0.26200-SP0,3.13.13,3.2.6,32,13th Gen Intel(R) Core(TM) i9-13900HX,1,1 x NVIDIA GeForce RTX 4070 Laptop GPU,9.1922,45.4722,31.70067596435547,machine,0.0,32.875,44.150000000000006,13.998044490814207,N,1.0,0.0
2026-05-08T19:51:07,Q170_qwen2.5:14b_HellaSwag,36c2fa26-0f11-4a32-96cc-6f8be4600487,5b0fa12a-3dd7-45bb-9766-cc326314d9f1,14.109990700002529,0.0001042244026851,7.386567780310411e-06,13.575795197046157,48.02749787213449,20.0,5.131617286076361e-05,0.000188230983918,7.559868555553193e-05,0.0003151458423343,0.0,Italy,ITA,lombardy,,,Windows-11-10.0.26200-SP0,3.13.13,3.2.6,32,13th Gen Intel(R) Core(TM) i9-13900HX,1,1 x NVIDIA GeForce RTX 4070 Laptop GPU,9.1922,45.4722,31.70067596435547,machine,0.0,44.91666666666666,44.175,14.000316301981607,N,1.0,0.0
2026-05-08T19:51:55,Q171_qwen2.5:14b_GSM8K,5fa3b8ef-3735-486d-968f-1eb70fb5e81e,5b0fa12a-3dd7-45bb-9766-cc326314d9f1,23.51607860000513,0.0001859668407686,7.908071916745175e-06,13.538728640960002,54.70967290685686,20.0,8.47244462997545e-05,0.0003525944487419,0.0001249935305555,0.0005623124255972,0.0,Italy,ITA,lombardy,,,Windows-11-10.0.26200-SP0,3.13.13,3.2.6,32,13th Gen Intel(R) Core(TM) i9-13900HX,1,1 x NVIDIA GeForce RTX 4070 Laptop GPU,9.1922,45.4722,31.70067596435547,machine,0.0,40.38095238095238,44.17619047619048,13.99990971883138,N,1.0,0.0
2026-05-08T19:52:34,Q172_qwen2.5:14b_SQuAD,fd26620f-ec53-42a9-94d5-cdfa554d4a26,5b0fa12a-3dd7-45bb-9766-cc326314d9f1,3.2563966999878176,2.075051699550256e-05,6.372232534070613e-06,13.283207379200002,41.25611254624767,20.0,1.0158040981644248e-05,3.729197427798647e-05,1.5293823888835807e-05,6.274383914846653e-05,0.0,Italy,ITA,lombardy,,,Windows-11-10.0.26200-SP0,3.13.13,3.2.6,32,13th Gen Intel(R) Core(TM) i9-13900HX,1,1 x NVIDIA GeForce RTX 4070 Laptop GPU,9.1922,45.4722,31.70067596435547,machine,0.0,98.0,44.2,14.00320053100586,N,1.0,0.0
2026-05-08T19:53:25,Q173_qwen2.5:14b_HumanEval,91212a8a-b9ac-4199-b23f-66f6913296e5,5b0fa12a-3dd7-45bb-9766-cc326314d9f1,36.63275319999957,0.0002863549850491,7.816911371245443e-06,13.530559906080002,52.95461118892883,20.0,0.000132403717342,0.0005383351528899,0.0001951196105555,0.0008658584807875,0.0,Italy,ITA,lombardy,,,Windows-11-10.0.26200-SP0,3.13.13,3.2.6,32,13th Gen Intel(R) Core(TM) i9-13900HX,1,1 x NVIDIA GeForce RTX 4070 Laptop GPU,9.1922,45.4722,31.70067596435547,machine,4.620588235294117,39.1764705882353,44.2,14.01283623190487,N,1.0,0.0
2026-05-08T19:54:08,Q174_qwen2.5:14b_MMLU,da290ef1-9c27-467c-a456-5a142dc56cff,5b0fa12a-3dd7-45bb-9766-cc326314d9f1,7.054560499993386,4.732728167750247e-05,6.708749847357158e-06,13.646353376,41.78702067326329,20.0,2.483674524218545e-05,8.18681210499328e-05,3.639977777776141e-05,0.0001431046440698,0.0,Italy,ITA,lombardy,,,Windows-11-10.0.26200-SP0,3.13.13,3.2.6,32,13th Gen Intel(R) Core(TM) i9-13900HX,1,1 x NVIDIA GeForce RTX 4070 Laptop GPU,9.1922,45.4722,31.70067596435547,machine,0.0,49.2,44.2,14.00671615600586,N,1.0,0.0
2026-05-08T19:54:28,Q175_qwen2.5:14b_MMLU,95ece533-66dc-462a-93d3-c3501cc064b6,5b0fa12a-3dd7-45bb-9766-cc326314d9f1,5.063423100000364,3.046005658635326e-05,6.01570439301252e-06,13.359464624000005,35.44157213766613,20.0,1.6926154079033356e-05,4.983781764800188e-05,2.533883666668165e-05,9.210280839371688e-05,0.0,Italy,ITA,lombardy,,,Windows-11-10.0.26200-SP0,3.13.13,3.2.6,32,13th Gen Intel(R) Core(TM) i9-13900HX,1,1 x NVIDIA GeForce RTX 4070 Laptop GPU,9.1922,45.4722,31.70067596435547,machine,0.0,42.333333333333336,44.20000000000001,14.015824635823568,N,1.0,0.0
2026-05-08T19:54:50,Q176_qwen2.5:14b_MMLU,83c43bf8-4967-4887-915e-bbcd0e9912f1,5b0fa12a-3dd7-45bb-9766-cc326314d9f1,6.831329099994036,4.65434082835408e-05,6.813228817153815e-06,13.3640191808,43.25573491825325,20.0,2.349711150747113e-05,8.207339899202193e-05,3.5163916666675104e-05,0.0001407344271661,0.0,Italy,ITA,lombardy,,,Windows-11-10.0.26200-SP0,3.13.13,3.2.6,32,13th Gen Intel(R) Core(TM) i9-13900HX,1,1 x NVIDIA GeForce RTX 4070 Laptop GPU,9.1922,45.4722,31.70067596435547,machine,0.0,39.2,44.2,14.004657745361328,N,1.0,0.0
2026-05-08T19:55:11,Q177_qwen2.5:14b_SQuAD,e1455cd7-cd2b-4f7f-8c2a-fb7f951d9ba0,5b0fa12a-3dd7-45bb-9766-cc326314d9f1,6.362295500002801,4.3953155663684014e-05,6.908380106467023e-06,13.13017997312,44.68933383483695,20.0,2.13749785051386e-05,7.89695076200414e-05,3.255773166666687e-05,0.0001329022177918,0.0,Italy,ITA,lombardy,,,Windows-11-10.0.26200-SP0,3.13.13,3.2.6,32,13th Gen Intel(R) Core(TM) i9-13900HX,1,1 x NVIDIA GeForce RTX 4070 Laptop GPU,9.1922,45.4722,31.70067596435547,machine,0.0,37.75,44.2,14.009466171264648,N,1.0,0.0
2026-05-08T19:56:03,Q178_qwen2.5:14b_MMLU,a71aa919-44e6-4fcd-ae13-32114b81d348,5b0fa12a-3dd7-45bb-9766-cc326314d9f1,36.89617989999533,0.0002916399146294,7.904339024255828e-06,13.222792689805717,54.13679173872283,20.0,0.0001302539548254,0.0005549996106659,0.0001965850844444,0.0008818386499358,0.0,Italy,ITA,lombardy,,,Windows-11-10.0.26200-SP0,3.13.13,3.2.6,32,13th Gen Intel(R) Core(TM) i9-13900HX,1,1 x NVIDIA GeForce RTX 4070 Laptop GPU,9.1922,45.4722,31.70067596435547,machine,1.9057142857142857,41.54285714285714,44.2,14.012806810651506,N,1.0,0.0
2026-05-08T19:56:55,Q179_qwen2.5:14b_HellaSwag,b6833e7c-140d-4946-b28e-09fb18b822fa,5b0fa12a-3dd7-45bb-9766-cc326314d9f1,7.021660599988536,4.733002251690084e-05,6.740573948700697e-06,13.480844,42.29401897869181,20.0,2.441263340375236e-05,8.248284376399795e-05,3.621745444438097e-05,0.0001431129316121,0.0,Italy,ITA,lombardy,,,Windows-11-10.0.26200-SP0,3.13.13,3.2.6,32,13th Gen Intel(R) Core(TM) i9-13900HX,1,1 x NVIDIA GeForce RTX 4070 Laptop GPU,9.1922,45.4722,31.70067596435547,machine,0.0,49.4,44.24,14.024864196777344,N,1.0,0.0
2026-05-08T19:57:38,Q180_qwen2.5:14b_HumanEval,3debf852-fdd6-4006-8558-7c6895d128c5,5b0fa12a-3dd7-45bb-9766-cc326314d9f1,27.42347960000916,0.0002152398738972,7.848744106751886e-06,13.233611792,53.70239716249789,20.0,9.71887731251143e-05,0.0004068669921599,0.0001467702372221,0.0006508260025072,0.0,Italy,ITA,lombardy,,,Windows-11-10.0.26200-SP0,3.13.13,3.2.6,32,13th Gen Intel(R) Core(TM) i9-13900HX,1,1 x NVIDIA GeForce RTX 4070 Laptop GPU,9.1922,45.4722,31.70067596435547,machine,1.332,41.64,44.208,14.019946136474609,N,1.0,0.0
2026-05-08T19:58:18,Q181_qwen2.5:14b_SQuAD,0040f2df-4906-40d7-a505-fcc6118a744c,5b0fa12a-3dd7-45bb-9766-cc326314d9f1,4.675314899999648,3.058047570135653e-05,6.5408376452586815e-06,13.0982456864,41.658559370558415,20.0,1.5186110414885676e-05,5.409365438596714e-05,2.318715777776864e-05,9.246692257862144e-05,0.0,Italy,ITA,lombardy,,,Windows-11-10.0.26200-SP0,3.13.13,3.2.6,32,13th Gen Intel(R) Core(TM) i9-13900HX,1,1 x NVIDIA GeForce RTX 4070 Laptop GPU,9.1922,45.4722,31.70067596435547,machine,0.0,34.666666666666664,44.20000000000001,14.003152211507162,N,1.0,0.0
2026-05-08T19:58:55,Q182_qwen2.5:14b_GSM8K,f189b6d3-8d18-4a0f-9d1c-378f6061f976,5b0fa12a-3dd7-45bb-9766-cc326314d9f1,21.649284200000693,0.0001692449338138,7.817576426562212e-06,13.432742570788571,54.66828856466456,20.0,7.749579456381198e-05,0.000319559422314,0.000114694775,0.0005117499918778,0.0,Italy,ITA,lombardy,,,Windows-11-10.0.26200-SP0,3.13.13,3.2.6,32,13th Gen Intel(R) Core(TM) i9-13900HX,1,1 x NVIDIA GeForce RTX 4070 Laptop GPU,9.1922,45.4722,31.70067596435547,machine,4.09,37.0,44.2,14.010183525085449,N,1.0,0.0
2026-05-08T19:59:35,Q183_qwen2.5:14b_SQuAD,059f9881-d0b5-4bbd-b84d-fddc97dc2da3,5b0fa12a-3dd7-45bb-9766-cc326314d9f1,5.1303026000096,3.4196003420753585e-05,6.665494433152851e-06,13.172374496000002,42.63555451752608,20.0,1.693596631022562e-05,6.074977082204392e-05,2.5713543888883176e-05,0.0001033992810211,0.0,Italy,ITA,lombardy,,,Windows-11-10.0.26200-SP0,3.13.13,3.2.6,32,13th Gen Intel(R) Core(TM) i9-13900HX,1,1 x NVIDIA GeForce RTX 4070 Laptop GPU,9.1922,45.4722,31.70067596435547,machine,0.0,35.0,44.20000000000001,14.00985844930013,N,1.0,0.0
2026-05-08T20:00:28,Q184_qwen2.5:14b_HumanEval,a2bb15d1-9b0a-49bf-92af-ec716880cbef,5b0fa12a-3dd7-45bb-9766-cc326314d9f1,37.62359440000728,0.0002987927059482,7.941631061923084e-06,13.443179369120005,54.91572959724081,20.0,0.0001349979956707,0.0005678298987079,0.0002006388233333,0.000903466717712,0.0,Italy,ITA,lombardy,,,Windows-11-10.0.26200-SP0,3.13.13,3.2.6,32,13th Gen Intel(R) Core(TM) i9-13900HX,1,1 x NVIDIA GeForce RTX 4070 Laptop GPU,9.1922,45.4722,31.70067596435547,machine,2.857142857142857,39.4,44.205714285714286,14.017012786865234,N,1.0,0.0
2026-05-08T20:01:25,Q185_qwen2.5:14b_HumanEval,4523c9bb-f45e-4c6b-9e53-fa84d3cf4297,5b0fa12a-3dd7-45bb-9766-cc326314d9f1,21.24340579999261,0.0001652313883128,7.778008379095375e-06,13.53241305728,53.79610955294744,20.0,7.635034934828092e-05,0.000310835804224,0.0001124279838888,0.0004996141374611,0.0,Italy,ITA,lombardy,,,Windows-11-10.0.26200-SP0,3.13.13,3.2.6,32,13th Gen Intel(R) Core(TM) i9-13900HX,1,1 x NVIDIA GeForce RTX 4070 Laptop GPU,9.1922,45.4722,31.70067596435547,machine,0.0,43.94736842105263,44.22631578947369,14.023448743318257,N,1.0,0.0
2026-05-08T20:02:09,Q186_qwen2.5:14b_MMLU,016366ff-6ea3-4524-8a3b-081864f8715e,5b0fa12a-3dd7-45bb-9766-cc326314d9f1,8.976107599999523,6.763036080150909e-05,7.53448641831262e-06,13.46142512,50.4706401588581,20.0,3.167166335452625e-05,0.0001257692672819,4.705462388883462e-05,0.0002044955545253,0.0,Italy,ITA,lombardy,,,Windows-11-10.0.26200-SP0,3.13.13,3.2.6,32,13th Gen Intel(R) Core(TM) i9-13900HX,1,1 x NVIDIA GeForce RTX 4070 Laptop GPU,9.1922,45.4722,31.70067596435547,machine,0.0,38.0,44.2,14.006881168910436,N,1.0,0.0
2026-05-08T20:02:50,Q187_qwen2.5:14b_MMLU,c8814438-5865-465d-aa28-4b4d1ec8e99e,5b0fa12a-3dd7-45bb-9766-cc326314d9f1,15.145571100001687,0.0001132596102969,7.478067981002152e-06,13.195451697371428,49.31183088039445,20.0,5.367273729722402e-05,0.000207443499288,8.134958111113519e-05,0.0003424658176963,0.0,Italy,ITA,lombardy,,,Windows-11-10.0.26200-SP0,3.13.13,3.2.6,32,13th Gen Intel(R) Core(TM) i9-13900HX,1,1 x NVIDIA GeForce RTX 4070 Laptop GPU,9.1922,45.4722,31.70067596435547,machine,0.0,42.84615384615385,44.2,14.018338130070614,N,1.0,0.0
2026-05-08T20:03:35,Q188_qwen2.5:14b_HumanEval,17429225-7019-4ecf-9514-028bfeac5ceb,5b0fa12a-3dd7-45bb-9766-cc326314d9f1,20.701039399995352,0.0001583197750084,7.647914288231456e-06,13.279633617920002,53.37725580843323,20.0,7.266919761795723e-05,0.0002966196817399,0.000109426446111,0.000478715325469,0.0,Italy,ITA,lombardy,,,Windows-11-10.0.26200-SP0,3.13.13,3.2.6,32,13th Gen Intel(R) Core(TM) i9-13900HX,1,1 x NVIDIA GeForce RTX 4070 Laptop GPU,9.1922,45.4722,31.70067596435547,machine,0.0,43.21052631578947,44.21052631578947,14.01948406821803,N,1.0,0.0
2026-05-08T20:04:37,Q189_qwen2.5:14b_MMLU,bcce3b4a-e6db-4d8a-92b6-54e2a8560866,5b0fa12a-3dd7-45bb-9766-cc326314d9f1,26.14878870001121,0.0002088283685502,7.986158400911451e-06,13.276084883316363,55.34361097919,20.0,9.272200257891044e-05,0.000399021985884,0.0001396953905555,0.0006314393790185,0.0,Italy,ITA,lombardy,,,Windows-11-10.0.26200-SP0,3.13.13,3.2.6,32,13th Gen Intel(R) Core(TM) i9-13900HX,1,1 x NVIDIA GeForce RTX 4070 Laptop GPU,9.1922,45.4722,31.70067596435547,machine,0.0,40.25,44.208333333333336,14.022830804189049,N,1.0,0.0
2026-05-08T20:05:35,Q190_qwen2.5:14b_GSM8K,3a5ece92-1b3c-497f-983c-51bff50c34b8,5b0fa12a-3dd7-45bb-9766-cc326314d9f1,23.06330639999942,0.0001787363686232,7.749815465454509e-06,13.41852270368,52.80875215283263,20.0,8.230570062304125e-05,0.000335592768474,0.0001225510033333,0.0005404494724303,0.0,Italy,ITA,lombardy,,,Windows-11-10.0.26200-SP0,3.13.13,3.2.6,32,13th Gen Intel(R) Core(TM) i9-13900HX,1,1 x NVIDIA GeForce RTX 4070 Laptop GPU,9.1922,45.4722,31.70067596435547,machine,0.0,38.523809523809526,44.2,14.006641387939451,N,1.0,0.0
2026-05-08T20:06:20,Q191_qwen2.5:14b_HellaSwag,df3c75b6-e272-4589-af94-f383d7d1125c,5b0fa12a-3dd7-45bb-9766-cc326314d9f1,9.731198699999368,7.207911865349145e-05,7.407013347029501e-06,13.4260493568,48.93040969473368,20.0,3.44199730076629e-05,0.0001322548280259,5.127257000001716e-05,0.0002179473710336,0.0,Italy,ITA,lombardy,,,Windows-11-10.0.26200-SP0,3.13.13,3.2.6,32,13th Gen Intel(R) Core(TM) i9-13900HX,1,1 x NVIDIA GeForce RTX 4070 Laptop GPU,9.1922,45.4722,31.70067596435547,machine,0.0,37.375,44.225,14.026295185089111,N,1.0,0.0
2026-05-08T20:06:49,Q192_qwen2.5:14b_SQuAD,cba5ae7a-ea89-46b3-95bf-f25f913fc2e5,5b0fa12a-3dd7-45bb-9766-cc326314d9f1,3.183599800002412,1.6511463841881837e-05,5.1864131420881885e-06,12.9795949568,28.69287351644473,20.0,9.667014840791e-06,2.536418695797682e-05,1.4894910000051218e-05,4.992611179881904e-05,0.0,Italy,ITA,lombardy,,,Windows-11-10.0.26200-SP0,3.13.13,3.2.6,32,13th Gen Intel(R) Core(TM) i9-13900HX,1,1 x NVIDIA GeForce RTX 4070 Laptop GPU,9.1922,45.4722,31.70067596435547,machine,0.0,47.0,44.2,14.016277313232422,N,1.0,0.0
2026-05-08T20:06:59,Q193_qwen2.5:14b_HellaSwag,a9528e0d-e95d-41d9-8de5-15ec841a33e1,5b0fa12a-3dd7-45bb-9766-cc326314d9f1,5.328269499994349,3.026003141116878e-05,5.679148063212808e-06,13.206777104,31.7947538691636,20.0,1.769134260785308e-05,4.7016148723988405e-05,2.6790496111142503e-05,9.149798744298398e-05,0.0,Italy,ITA,lombardy,,,Windows-11-10.0.26200-SP0,3.13.13,3.2.6,32,13th Gen Intel(R) Core(TM) i9-13900HX,1,1 x NVIDIA GeForce RTX 4070 Laptop GPU,9.1922,45.4722,31.70067596435547,machine,0.0,54.66666666666666,44.26666666666667,14.033114115397137,N,1.0,0.0
2026-05-08T20:07:42,Q194_qwen2.5:14b_HumanEval,70f74c17-5bc4-4c5e-9ebe-b4f349088936,5b0fa12a-3dd7-45bb-9766-cc326314d9f1,28.283883999989484,0.0002241786674756,7.92602131573481e-06,13.30998333883077,54.52578144679247,20.0,0.0001009848292868,0.0004253175624759,0.0001515520566666,0.0006778544484294,0.0,Italy,ITA,lombardy,,,Windows-11-10.0.26200-SP0,3.13.13,3.2.6,32,13th Gen Intel(R) Core(TM) i9-13900HX,1,1 x NVIDIA GeForce RTX 4070 Laptop GPU,9.1922,45.4722,31.70067596435547,machine,3.8461538461538463,38.73076923076923,44.45769230769231,14.092615861159103,N,1.0,0.0
2026-05-08T20:08:33,Q195_qwen2.5:14b_GSM8K,eea18591-3e86-4427-b458-15a1ffc5e812,5b0fa12a-3dd7-45bb-9766-cc326314d9f1,15.154898299995692,0.0001109404544869,7.320435432215211e-06,13.305014377142856,47.50030092514537,20.0,5.414488868834493e-05,0.000199919048824,8.138939277778263e-05,0.0003354533302901,0.0,Italy,ITA,lombardy,,,Windows-11-10.0.26200-SP0,3.13.13,3.2.6,32,13th Gen Intel(R) Core(TM) i9-13900HX,1,1 x NVIDIA GeForce RTX 4070 Laptop GPU,9.1922,45.4722,31.70067596435547,machine,0.0,40.07692307692308,44.46153846153846,14.099442702073317,N,1.0,0.0
2026-05-08T20:09:01,Q196_qwen2.5:14b_SQuAD,da0c461b-8677-4638-a2ac-2cee253f137b,5b0fa12a-3dd7-45bb-9766-cc326314d9f1,3.287248799999361,1.928365990030784e-05,5.866200301088128e-06,13.061270374400005,35.86330471741616,20.0,1.0103575085941697e-05,3.2734748410034875e-05,1.5470144444407196e-05,5.8308467940383766e-05,0.0,Italy,ITA,lombardy,,,Windows-11-10.0.26200-SP0,3.13.13,3.2.6,32,13th Gen Intel(R) Core(TM) i9-13900HX,1,1 x NVIDIA GeForce RTX 4070 Laptop GPU,9.1922,45.4722,31.70067596435547,machine,100.0,94.0,44.5,14.109134674072266,N,1.0,0.0
2026-05-08T20:09:24,Q197_qwen2.5:14b_MMLU,80c5a87a-201a-4a10-9bfe-db7e7b49c596,5b0fa12a-3dd7-45bb-9766-cc326314d9f1,7.503086700002314,5.160978499268253e-05,6.878473761027794e-06,13.164503609600004,43.93383745509224,20.0,2.5602017254089176e-05,9.1557017690036e-05,3.889471777777848e-05,0.0001560537527219,0.0,Italy,ITA,lombardy,,,Windows-11-10.0.26200-SP0,3.13.13,3.2.6,32,13th Gen Intel(R) Core(TM) i9-13900HX,1,1 x NVIDIA GeForce RTX 4070 Laptop GPU,9.1922,45.4722,31.70067596435547,machine,0.0,31.2,44.5,14.107799530029297,N,1.0,0.0
2026-05-08T20:09:52,Q198_qwen2.5:14b_MMLU,2b3cfbae-f7a3-4b59-8c79-0b6136b3c8f6,5b0fa12a-3dd7-45bb-9766-cc326314d9f1,12.724393099997542,9.338162656575114e-05,7.33878824961555e-06,13.4163300416,47.79155165803904,20.0,4.554856720103736e-05,0.000168912357352,6.789935388886887e-05,0.0002823602784419,0.0,Italy,ITA,lombardy,,,Windows-11-10.0.26200-SP0,3.13.13,3.2.6,32,13th Gen Intel(R) Core(TM) i9-13900HX,1,1 x NVIDIA GeForce RTX 4070 Laptop GPU,9.1922,45.4722,31.70067596435547,machine,0.0,43.81818181818182,44.42727272727273,14.08704306862571,N,1.0,0.0
2026-05-08T20:10:38,Q199_qwen2.5:14b_GSM8K,2d191ac8-8acf-43e6-be2f-6999b598ecb2,5b0fa12a-3dd7-45bb-9766-cc326314d9f1,21.484358500005328,0.0001641082147584,7.638497316937138e-06,13.2192540224,52.69188707610972,20.0,7.537653870975464e-05,0.000307063578984,0.0001137778527777,0.0004962179704715,0.0,Italy,ITA,lombardy,,,Windows-11-10.0.26200-SP0,3.13.13,3.2.6,32,13th Gen Intel(R) Core(TM) i9-13900HX,1,1 x NVIDIA GeForce RTX 4070 Laptop GPU,9.1922,45.4722,31.70067596435547,machine,4.7368421052631575,41.0,44.47894736842105,14.097819880435342,N,1.0,0.0
2026-05-08T20:11:37,Q200_qwen2.5:14b_HumanEval,13578fae-9187-49a9-a2bf-30d88249026d,5b0fa12a-3dd7-45bb-9766-cc326314d9f1,23.51647180000145,0.0001854103435213,7.884275545165843e-06,13.39080275312,54.26613472498582,20.0,8.340604075726232e-05,0.000352238615124,0.0001249850755555,0.0005606297314368,0.0,Italy,ITA,lombardy,,,Windows-11-10.0.26200-SP0,3.13.13,3.2.6,32,13th Gen Intel(R) Core(TM) i9-13900HX,1,1 x NVIDIA GeForce RTX 4070 Laptop GPU,9.1922,45.4722,31.70067596435547,machine,0.0,39.85714285714285,44.41904761904762,14.083283923921131,N,1.0,0.0
2026-05-08T20:12:19,Q201_qwen2.5:14b_SQuAD,3310bfe3-98e1-4815-9647-0fc79ebc2cc9,5b0fa12a-3dd7-45bb-9766-cc326314d9f1,6.812816899997415,4.805607425543352e-05,7.053774519531232e-06,13.173705075200004,46.05985745089626,20.0,2.309350316715444e-05,8.715562527999987e-05,3.5059183333376296e-05,0.0001453083117805,0.0,Italy,ITA,lombardy,,,Windows-11-10.0.26200-SP0,3.13.13,3.2.6,32,13th Gen Intel(R) Core(TM) i9-13900HX,1,1 x NVIDIA GeForce RTX 4070 Laptop GPU,9.1922,45.4722,31.70067596435547,machine,0.0,40.0,44.4,14.07146453857422,N,1.0,0.0
2026-05-08T20:12:39,Q202_qwen2.5:14b_SQuAD,df4f9b22-7098-410b-a73b-83fe3a5587f0,5b0fa12a-3dd7-45bb-9766-cc326314d9f1,4.804650100006256,3.195820398224636e-05,6.65151536887249e-06,13.2462890336,42.6433030804397,20.0,1.5831023430512425e-05,5.690004551994754e-05,2.3901723888896715e-05,9.663279283935669e-05,0.0,Italy,ITA,lombardy,,,Windows-11-10.0.26200-SP0,3.13.13,3.2.6,32,13th Gen Intel(R) Core(TM) i9-13900HX,1,1 x NVIDIA GeForce RTX 4070 Laptop GPU,9.1922,45.4722,31.70067596435547,machine,0.0,39.0,44.43333333333334,14.089925130208334,N,1.0,0.0
2026-05-08T20:13:05,Q203_qwen2.5:14b_HellaSwag,c9cf55f6-879b-4335-ab3e-78d3acf6e7b6,5b0fa12a-3dd7-45bb-9766-cc326314d9f1,10.77041989999998,7.9941175414528e-05,7.422289581720779e-06,13.149429789440005,49.20006808754025,20.0,3.7504240776807e-05,0.000147173451072,5.704237000002952e-05,0.0002417200618488,0.0,Italy,ITA,lombardy,,,Windows-11-10.0.26200-SP0,3.13.13,3.2.6,32,13th Gen Intel(R) Core(TM) i9-13900HX,1,1 x NVIDIA GeForce RTX 4070 Laptop GPU,9.1922,45.4722,31.70067596435547,machine,5.555555555555555,37.888888888888886,44.4,14.062728034125437,N,1.0,0.0
2026-05-08T20:13:51,Q204_qwen2.5:14b_HumanEval,077be25e-10a8-4f85-9d83-35fbb14960a4,5b0fa12a-3dd7-45bb-9766-cc326314d9f1,30.714531899997382,0.0002490773546687,8.109430268374101e-06,13.54584209792,55.999059267400646,20.0,0.0001118024111324,0.0004762870476959,0.0001650517511111,0.0007531412099395,0.0,Italy,ITA,lombardy,,,Windows-11-10.0.26200-SP0,3.13.13,3.2.6,32,13th Gen Intel(R) Core(TM) i9-13900HX,1,1 x NVIDIA GeForce RTX 4070 Laptop GPU,9.1922,45.4722,31.70067596435547,machine,0.0,42.42857142857143,44.4,14.07344205038888,N,1.0,0.0
2026-05-08T20:14:30,Q205_qwen2.5:14b_SQuAD,9a644b2a-fc4f-4706-8c51-e37c8bd18cbc,5b0fa12a-3dd7-45bb-9766-cc326314d9f1,3.875459199989564,2.58252294293544e-05,6.6637856565291534e-06,13.0399956224,43.78497343655195,20.0,1.2220290268650113e-05,4.71261488120267e-05,1.8741930555552244e-05,7.808836963622906e-05,0.0,Italy,ITA,lombardy,,,Windows-11-10.0.26200-SP0,3.13.13,3.2.6,32,13th Gen Intel(R) Core(TM) i9-13900HX,1,1 x NVIDIA GeForce RTX 4070 Laptop GPU,9.1922,45.4722,31.70067596435547,machine,0.0,62.0,44.4,14.069416046142578,N,1.0,0.0
2026-05-08T20:15:22,Q206_qwen2.5:14b_HumanEval,ffd8659f-69b7-4625-af33-fbac80492bfe,5b0fa12a-3dd7-45bb-9766-cc326314d9f1,37.58329230001255,0.0002976625687568,7.920076995402205e-06,13.532787368914285,54.61939107105894,20.0,0.0001358990302946,0.0005637218398659,0.0002004286244444,0.000900049494605,0.0,Italy,ITA,lombardy,,,Windows-11-10.0.26200-SP0,3.13.13,3.2.6,32,13th Gen Intel(R) Core(TM) i9-13900HX,1,1 x NVIDIA GeForce RTX 4070 Laptop GPU,9.1922,45.4722,31.70067596435547,machine,2.0,40.02857142857143,44.39714285714285,14.070656258719309,N,1.0,0.0
2026-05-08T20:16:23,Q207_qwen2.5:14b_GSM8K,a7c5d215-005e-40e3-ad04-4f839c2abe37,5b0fa12a-3dd7-45bb-9766-cc326314d9f1,15.119412499989268,0.0001148947327208,7.599153255518219e-06,13.507473003885716,50.328137036752366,20.0,5.484520608767399e-05,0.000211358224642,8.12065461110453e-05,0.0003474099768407,0.0,Italy,ITA,lombardy,,,Windows-11-10.0.26200-SP0,3.13.13,3.2.6,32,13th Gen Intel(R) Core(TM) i9-13900HX,1,1 x NVIDIA GeForce RTX 4070 Laptop GPU,9.1922,45.4722,31.70067596435547,machine,0.0,43.92307692307692,44.31538461538461,14.051065591665417,N,1.0,0.0
2026-05-08T20:16:53,Q208_qwen2.5:14b_MMLU,81083564-68ef-4320-9a1a-c026472998ab,5b0fa12a-3dd7-45bb-9766-cc326314d9f1,4.9462848999974085,3.095564945191437e-05,6.258363615878776e-06,13.0354614272,38.4468015973393,20.0,1.6093301139784722e-05,5.281726447603496e-05,2.469077888890752e-05,9.36013445047272e-05,0.0,Italy,ITA,lombardy,,,Windows-11-10.0.26200-SP0,3.13.13,3.2.6,32,13th Gen Intel(R) Core(TM) i9-13900HX,1,1 x NVIDIA GeForce RTX 4070 Laptop GPU,9.1922,45.4722,31.70067596435547,machine,8.333333333333334,55.0,44.4,14.062845865885416,N,1.0,0.0
2026-05-08T20:17:30,Q209_qwen2.5:14b_SQuAD,20945c2f-1586-4ed4-858d-4f4b5c0689c1,5b0fa12a-3dd7-45bb-9766-cc326314d9f1,21.82989269999962,0.0001688428970188,7.734481306859117e-06,13.159818282422858,53.10691429501453,20.0,7.622130028438185e-05,0.0003186230326759,0.0001156900105555,0.0005105343435158,0.0,Italy,ITA,lombardy,,,Windows-11-10.0.26200-SP0,3.13.13,3.2.6,32,13th Gen Intel(R) Core(TM) i9-13900HX,1,1 x NVIDIA GeForce RTX 4070 Laptop GPU,9.1922,45.4722,31.70067596435547,machine,9.0,42.3,44.36,14.06142578125,N,1.0,0.0
2026-05-08T20:18:18,Q210_qwen2.5:14b_GSM8K,32532b0c-a215-4c96-821f-5f8fbe8f0e2f,5b0fa12a-3dd7-45bb-9766-cc326314d9f1,12.92662990000099,9.46510936805192e-05,7.322178666267219e-06,13.559845808,47.451996022096935,20.0,4.679816661103189e-05,0.0001703768029679,6.902382722223088e-05,0.0002861987968012,0.0,Italy,ITA,lombardy,,,Windows-11-10.0.26200-SP0,3.13.13,3.2.6,32,13th Gen Intel(R) Core(TM) i9-13900HX,1,1 x NVIDIA GeForce RTX 4070 Laptop GPU,9.1922,45.4722,31.70067596435547,machine,0.0,46.54545454545455,44.40909090909091,14.073465173894707,N,1.0,0.0
2026-05-08T20:18:50,Q211_qwen2.5:14b_HellaSwag,b1ed9b69-f9fd-4713-be21-f9f859e5991f,5b0fa12a-3dd7-45bb-9766-cc326314d9f1,6.827779200000805,4.863804453235422e-05,7.1235526380742494e-06,13.0837806272,46.89803441549586,20.0,2.298963487251334e-05,8.893701559403722e-05,3.514137888883447e-05,0.0001470680293553,0.0,Italy,ITA,lombardy,,,Windows-11-10.0.26200-SP0,3.13.13,3.2.6,32,13th Gen Intel(R) Core(TM) i9-13900HX,1,1 x NVIDIA GeForce RTX 4070 Laptop GPU,9.1922,45.4722,31.70067596435547,machine,0.0,46.6,44.32,14.053394317626951,N,1.0,0.0
2026-05-08T20:19:11,Q212_qwen2.5:14b_HellaSwag,18b8083c-1faa-4c44-ae58-1f1220d98a3d,5b0fa12a-3dd7-45bb-9766-cc326314d9f1,5.519723099991097,3.515676271411773e-05,6.369298255953172e-06,13.445210460800004,38.936731343025166,20.0,1.8739154891539947e-05,5.969115886400589e-05,2.7874038333296387e-05,0.0001063043520888,0.0,Italy,ITA,lombardy,,,Windows-11-10.0.26200-SP0,3.13.13,3.2.6,32,13th Gen Intel(R) Core(TM) i9-13900HX,1,1 x NVIDIA GeForce RTX 4070 Laptop GPU,9.1922,45.4722,31.70067596435547,machine,0.0,57.0,44.4,14.070828755696615,N,1.0,0.0
2026-05-08T20:19:52,Q213_qwen2.5:14b_HumanEval,c65f8045-08e2-4719-a313-ed261f4d212f,5b0fa12a-3dd7-45bb-9766-cc326314d9f1,26.036967500011087,0.0002048543402959,7.867826400899451e-06,13.217867974050913,54.17811828859726,20.0,9.204912431895926e-05,0.0003883086439799,0.0001390652455556,0.0006194230138545,0.0,Italy,ITA,lombardy,,,Windows-11-10.0.26200-SP0,3.13.13,3.2.6,32,13th Gen Intel(R) Core(TM) i9-13900HX,1,1 x NVIDIA GeForce RTX 4070 Laptop GPU,9.1922,45.4722,31.70067596435547,machine,3.704166666666667,38.583333333333336,44.35416666666666,14.064327875773111,N,1.0,0.0
2026-05-08T20:20:33,Q214_qwen2.5:14b_SQuAD,093a5d9a-1152-4db9-9679-f86e7359b91a,5b0fa12a-3dd7-45bb-9766-cc326314d9f1,5.700103499999386,4.15858469211979e-05,7.2956301444706015e-06,13.321777064960004,49.03657627095663,20.0,1.923505042894645e-05,7.763228432794422e-05,2.887679444441649e-05,0.0001257441292013,0.0,Italy,ITA,lombardy,,,Windows-11-10.0.26200-SP0,3.13.13,3.2.6,32,13th Gen Intel(R) Core(TM) i9-13900HX,1,1 x NVIDIA GeForce RTX 4070 Laptop GPU,9.1922,45.4722,31.70067596435547,machine,0.0,54.75,44.4,14.06414031982422,N,1.0,0.0
2026-05-08T20:21:15,Q215_qwen2.5:14b_HumanEval,6697b88d-13f1-4025-8228-ebbc68ce8b41,5b0fa12a-3dd7-45bb-9766-cc326314d9f1,27.67727269999159,0.0002114951071498,7.641472100316651e-06,13.216570573760002,51.61549613833223,20.0,9.793514507185296e-05,0.000393391703602,0.0001481760122222,0.0006395028608961,0.0,Italy,ITA,lombardy,,,Windows-11-10.0.26200-SP0,3.13.13,3.2.6,32,13th Gen Intel(R) Core(TM) i9-13900HX,1,1 x NVIDIA GeForce RTX 4070 Laptop GPU,9.1922,45.4722,31.70067596435547,machine,0.0,39.8,44.3,14.055847625732422,N,1.0,0.0
2026-05-08T20:22:00,Q216_qwen2.5:14b_HellaSwag,614dfe99-e6c1-4af4-9346-ed08962d0e3c,5b0fa12a-3dd7-45bb-9766-cc326314d9f1,9.575096000000483,7.027804551490346e-05,7.339670068571626e-06,13.1193809152,48.51873504664306,20.0,3.306365947991146e-05,0.000129034269894,5.040349333333628e-05,0.0002125014227072,0.0,Italy,ITA,lombardy,,,Windows-11-10.0.26200-SP0,3.13.13,3.2.6,32,13th Gen Intel(R) Core(TM) i9-13900HX,1,1 x NVIDIA GeForce RTX 4070 Laptop GPU,9.1922,45.4722,31.70067596435547,machine,1.0375,30.5,44.4125,14.0687575340271,N,1.0,0.0
2026-05-08T20:22:34,Q217_qwen2.5:14b_SQuAD,f41c8bf1-9d2c-4c1a-9ec7-f9a4bb3df0e1,5b0fa12a-3dd7-45bb-9766-cc326314d9f1,8.90165290000732,6.5620214099397e-05,7.371688700571894e-06,13.4348128976,48.700026492598376,20.0,3.134609686934011e-05,0.000120408151882,4.6663176666657415e-05,0.000198417425418,0.0,Italy,ITA,lombardy,,,Windows-11-10.0.26200-SP0,3.13.13,3.2.6,32,13th Gen Intel(R) Core(TM) i9-13900HX,1,1 x NVIDIA GeForce RTX 4070 Laptop GPU,9.1922,45.4722,31.70067596435547,machine,0.0,46.71428571428572,44.41428571428571,14.074266706194196,N,1.0,0.0
2026-05-08T20:23:12,Q218_qwen2.5:14b_HumanEval,6ae56f43-eeb1-4985-872f-7868ade7f94b,5b0fa12a-3dd7-45bb-9766-cc326314d9f1,22.617513299992424,0.0001788254047138,7.906501583173086e-06,13.17070722176,54.69054936894596,20.0,7.914197202347621e-05,0.00034150721765,0.0001200695033333,0.0005407186930068,0.0,Italy,ITA,lombardy,,,Windows-11-10.0.26200-SP0,3.13.13,3.2.6,32,13th Gen Intel(R) Core(TM) i9-13900HX,1,1 x NVIDIA GeForce RTX 4070 Laptop GPU,9.1922,45.4722,31.70067596435547,machine,3.335,41.2,44.4,14.07068157196045,N,1.0,0.0
2026-05-08T20:24:11,Q219_qwen2.5:14b_HumanEval,5595ff58-9b40-4594-b93f-892172a0f7ad,5b0fa12a-3dd7-45bb-9766-cc326314d9f1,24.120498899996164,0.0001897631831254,7.867299259114872e-06,13.46247843712,54.06743448341323,20.0,8.667207066039007e-05,0.000358704175852,0.0001284152711111,0.0005737915176235,0.0,Italy,ITA,lombardy,,,Windows-11-10.0.26200-SP0,3.13.13,3.2.6,32,13th Gen Intel(R) Core(TM) i9-13900HX,1,1 x NVIDIA GeForce RTX 4070 Laptop GPU,9.1922,45.4722,31.70067596435547,machine,0.0,42.27272727272727,44.33181818181818,14.06010610407049,N,1.0,0.0
2026-05-08T20:24:59,Q220_qwen2.5:14b_MMLU,5a1693e0-9378-47d1-b40e-57453961437f,5b0fa12a-3dd7-45bb-9766-cc326314d9f1,12.173294799998985,9.351015796039322e-05,7.681581650384498e-06,13.163738397090912,51.83702714873547,20.0,4.2670214500738565e-05,0.000175249584644,6.48291227778019e-05,0.0002827489219225,0.0,Italy,ITA,lombardy,,,Windows-11-10.0.26200-SP0,3.13.13,3.2.6,32,13th Gen Intel(R) Core(TM) i9-13900HX,1,1 x NVIDIA GeForce RTX 4070 Laptop GPU,9.1922,45.4722,31.70067596435547,machine,0.0,38.8,44.38,14.059678268432616,N,1.0,0.0
2026-05-08T20:25:28,Q221_qwen2.5:14b_SQuAD,b229f1b1-4a9a-4606-af32-0ae954b222c3,5b0fa12a-3dd7-45bb-9766-cc326314d9f1,3.609582000004593,2.237270777654929e-05,6.198143656667398e-06,13.0351801472,39.03697223281797,20.0,1.125233248811192e-05,3.913280908401928e-05,1.7263755000021775e-05,6.764889657215299e-05,0.0,Italy,ITA,lombardy,,,Windows-11-10.0.26200-SP0,3.13.13,3.2.6,32,13th Gen Intel(R) Core(TM) i9-13900HX,1,1 x NVIDIA GeForce RTX 4070 Laptop GPU,9.1922,45.4722,31.70067596435547,machine,0.0,52.5,44.4,14.07586669921875,N,1.0,0.0
2026-05-08T20:26:02,Q222_qwen2.5:14b_HumanEval,1e0dfb6f-cd3b-4ef8-a8de-13f1ff33216f,5b0fa12a-3dd7-45bb-9766-cc326314d9f1,19.21828380000079,0.0001460650301975,7.600316017685958e-06,13.490976412160002,51.79728057711513,20.0,6.87081742287072e-05,0.0002717752174199,0.000101176966111,0.0004416603577597,0.0,Italy,ITA,lombardy,,,Windows-11-10.0.26200-SP0,3.13.13,3.2.6,32,13th Gen Intel(R) Core(TM) i9-13900HX,1,1 x NVIDIA GeForce RTX 4070 Laptop GPU,9.1922,45.4722,31.70067596435547,machine,5.882352941176471,39.05882352941177,44.4,14.0714490553912,N,1.0,0.0
2026-05-08T20:26:39,Q223_qwen2.5:14b_MMLU,bcf25727-679d-4326-b047-e1cc23500fd0,5b0fa12a-3dd7-45bb-9766-cc326314d9f1,12.088496600001235,9.008611517523608e-05,7.452218266349752e-06,13.540638404654546,48.97535707541808,20.0,4.358123565405643e-05,0.000164444020444,6.437030499995065e-05,0.000272395561098,0.0,Italy,ITA,lombardy,,,Windows-11-10.0.26200-SP0,3.13.13,3.2.6,32,13th Gen Intel(R) Core(TM) i9-13900HX,1,1 x NVIDIA GeForce RTX 4070 Laptop GPU,9.1922,45.4722,31.70067596435547,machine,0.0,53.1,44.4,14.06020965576172,N,1.0,0.0
2026-05-08T20:27:17,Q224_qwen2.5:14b_HellaSwag,91c1a870-3804-45a6-9e0a-068f19c38fe4,5b0fa12a-3dd7-45bb-9766-cc326314d9f1,12.164418600004865,9.529049960249862e-05,7.833543281917354e-06,13.19734787141818,53.45117539135293,20.0,4.2751828893005e-05,0.000180592644474,6.478771055553806e-05,0.0002881321839225,0.0,Italy,ITA,lombardy,,,Windows-11-10.0.26200-SP0,3.13.13,3.2.6,32,13th Gen Intel(R) Core(TM) i9-13900HX,1,1 x NVIDIA GeForce RTX 4070 Laptop GPU,9.1922,45.4722,31.70067596435547,machine,0.0,42.4,44.4,14.071788024902345,N,1.0,0.0
2026-05-08T20:28:03,Q225_qwen2.5:14b_GSM8K,112679ec-5683-42ee-be91-f6393fdaea64,5b0fa12a-3dd7-45bb-9766-cc326314d9f1,21.092935199994827,0.0001659801186971,7.86899106849888e-06,13.1653366304,53.82823891265614,20.0,7.362272549270139e-05,0.0003166599755499,0.0001115953905555,0.0005018780915982,0.0,Italy,ITA,lombardy,,,Windows-11-10.0.26200-SP0,3.13.13,3.2.6,32,13th Gen Intel(R) Core(TM) i9-13900HX,1,1 x NVIDIA GeForce RTX 4070 Laptop GPU,9.1922,45.4722,31.70067596435547,machine,10.526315789473683,40.78947368421053,44.4,14.076042175292969,N,1.0,0.0
2026-05-08T20:29:06,Q226_qwen2.5:14b_HumanEval,2dee99d3-5733-41d0-8129-f3db87515302,5b0fa12a-3dd7-45bb-9766-cc326314d9f1,27.42305310000665,0.0002156915432725,7.865336601508183e-06,13.521434211200004,53.82547481310712,20.0,9.929735008621708e-05,0.00040612949157,0.0001467648844444,0.0006521917261007,0.0,Italy,ITA,lombardy,,,Windows-11-10.0.26200-SP0,3.13.13,3.2.6,32,13th Gen Intel(R) Core(TM) i9-13900HX,1,1 x NVIDIA GeForce RTX 4070 Laptop GPU,9.1922,45.4722,31.70067596435547,machine,3.272,42.4,44.4,14.084190368652344,N,1.0,0.0
2026-05-08T20:29:46,Q227_qwen2.5:14b_MMLU,7cc7fc10-4ebd-4dcb-9a43-f05846b0269c,5b0fa12a-3dd7-45bb-9766-cc326314d9f1,5.3492651999986265,3.5142614681488926e-05,6.569615333615905e-06,13.3134108896,41.341206989148894,20.0,1.7921755984640485e-05,6.141782691193587e-05,2.6921989444478337e-05,0.000106261572341,0.0,Italy,ITA,lombardy,,,Windows-11-10.0.26200-SP0,3.13.13,3.2.6,32,13th Gen Intel(R) Core(TM) i9-13900HX,1,1 x NVIDIA GeForce RTX 4070 Laptop GPU,9.1922,45.4722,31.70067596435547,machine,0.0,33.333333333333336,44.5,14.102619171142578,N,1.0,0.0
2026-05-08T20:30:07,Q228_qwen2.5:14b_HellaSwag,77c2e3d3-761d-4a8f-94bf-2ac9c2cc475d,5b0fa12a-3dd7-45bb-9766-cc326314d9f1,6.042385500011733,3.747178962549552e-05,6.201489399413984e-06,13.475351452160002,36.82826448024382,20.0,2.0735621520596444e-05,6.179393832395075e-05,3.077479500005009e-05,0.0001133043548445,0.0,Italy,ITA,lombardy,,,Windows-11-10.0.26200-SP0,3.13.13,3.2.6,32,13th Gen Intel(R) Core(TM) i9-13900HX,1,1 x NVIDIA GeForce RTX 4070 Laptop GPU,9.1922,45.4722,31.70067596435547,machine,0.0,52.0,44.775,14.192910194396973,N,1.0,0.0
2026-05-08T20:30:46,Q229_qwen2.5:14b_GSM8K,a25bf77a-cab7-4295-a127-ae3d726861ed,5b0fa12a-3dd7-45bb-9766-cc326314d9f1,23.83006469999964,0.0001834035321179,7.696308609602498e-06,13.5351699968,52.40388466146023,20.0,8.591262499274605e-05,0.0003418394401379,0.0001268096222222,0.0005545616873529,0.0,Italy,ITA,lombardy,,,Windows-11-10.0.26200-SP0,3.13.13,3.2.6,32,13th Gen Intel(R) Core(TM) i9-13900HX,1,1 x NVIDIA GeForce RTX 4070 Laptop GPU,9.1922,45.4722,31.70067596435547,machine,0.0,43.31818181818182,44.6,14.139903502030808,N,1.0,0.0
2026-05-08T20:31:49,Q230_qwen2.5:14b_HumanEval,fbf30c10-e894-40d4-96f4-1f926516627c,5b0fa12a-3dd7-45bb-9766-cc326314d9f1,27.28203709999798,0.0002157361722131,7.907626964305882e-06,13.252134223040002,54.07858548854595,20.0,9.676165290673672e-05,0.00040961004991,0.0001459549688888,0.0006523266717056,0.0,Italy,ITA,lombardy,,,Windows-11-10.0.26200-SP0,3.13.13,3.2.6,32,13th Gen Intel(R) Core(TM) i9-13900HX,1,1 x NVIDIA GeForce RTX 4070 Laptop GPU,9.1922,45.4722,31.70067596435547,machine,3.556,41.72,44.452,14.097259979248047,N,1.0,0.0
2026-05-08T20:33:01,Q231_qwen2.5:14b_HumanEval,fcfa0de5-aafe-4314-a579-82682c57ba6b,5b0fa12a-3dd7-45bb-9766-cc326314d9f1,36.7302539999946,0.0002938776026639,8.000968429568176e-06,13.567156638468571,55.18423002724944,20.0,0.0001332642802115,0.0005596476699399,0.0001956928511111,0.0008886048012626,0.0,Italy,ITA,lombardy,,,Windows-11-10.0.26200-SP0,3.13.13,3.2.6,32,13th Gen Intel(R) Core(TM) i9-13900HX,1,1 x NVIDIA GeForce RTX 4070 Laptop GPU,9.1922,45.4722,31.70067596435547,machine,5.714285714285714,40.77142857142857,44.3,14.037928227015904,N,1.0,0.0
2026-05-08T20:34:20,Q232_qwen2.5:14b_HumanEval,5cec8e5b-4f59-44f1-9a21-2ed137e7c610,5b0fa12a-3dd7-45bb-9766-cc326314d9f1,34.03805089999514,0.0002714851825202,7.97593209193775e-06,13.5229750936,55.6763346688071,20.0,0.0001225931552901,0.00051760596964,0.0001806971749999,0.00082089629993,0.0,Italy,ITA,lombardy,,,Windows-11-10.0.26200-SP0,3.13.13,3.2.6,32,13th Gen Intel(R) Core(TM) i9-13900HX,1,1 x NVIDIA GeForce RTX 4070 Laptop GPU,9.1922,45.4722,31.70067596435547,machine,3.125,41.125,44.35,14.049666047096252,N,1.0,0.0
2026-05-08T20:35:25,Q233_qwen2.5:14b_SQuAD,79db13f8-8b7e-4b60-81d2-cc61534f5494,5b0fa12a-3dd7-45bb-9766-cc326314d9f1,19.471526300010737,0.0001498008205219,7.693327077390558e-06,13.16450475968,53.04730862446746,20.0,6.777213439008374e-05,0.0002826093927539,0.00010257483,0.0004529563571441,0.0,Italy,ITA,lombardy,,,Windows-11-10.0.26200-SP0,3.13.13,3.2.6,32,13th Gen Intel(R) Core(TM) i9-13900HX,1,1 x NVIDIA GeForce RTX 4070 Laptop GPU,9.1922,45.4722,31.70067596435547,machine,0.0,42.47058823529412,44.2,14.022316203397864,N,1.0,0.0
2026-05-08T20:36:30,Q234_qwen2.5:14b_HumanEval,4136e4f0-d666-46fd-b8a5-b13db65fe6fc,5b0fa12a-3dd7-45bb-9766-cc326314d9f1,30.026645700010704,0.0002379505446188,7.924646229090668e-06,13.21515986048,54.41728283405543,20.0,0.0001065609194238,0.000451713972482,0.0001612219138889,0.0007194968057947,0.0,Italy,ITA,lombardy,,,Windows-11-10.0.26200-SP0,3.13.13,3.2.6,32,13th Gen Intel(R) Core(TM) i9-13900HX,1,1 x NVIDIA GeForce RTX 4070 Laptop GPU,9.1922,45.4722,31.70067596435547,machine,1.7857142857142858,40.71428571428572,44.1,13.969882692609517,N,1.0,0.0
2026-05-08T20:37:33,Q235_qwen2.5:14b_GSM8K,01312298-c3d8-443d-be3b-43a9e6db745c,5b0fa12a-3dd7-45bb-9766-cc326314d9f1,27.43318189999264,0.0002150358276186,7.838530302557822e-06,13.5778918784,53.29883733272497,20.0,9.97870088533939e-05,0.0004036064339959,0.0001468155799999,0.0006502090228492,0.0,Italy,ITA,lombardy,,,Windows-11-10.0.26200-SP0,3.13.13,3.2.6,32,13th Gen Intel(R) Core(TM) i9-13900HX,1,1 x NVIDIA GeForce RTX 4070 Laptop GPU,9.1922,45.4722,31.70067596435547,machine,4.0,40.88,44.18,13.998978576660155,N,1.0,0.0
2026-05-08T20:38:16,Q236_qwen2.5:14b_HellaSwag,8e153f65-423e-41da-b52a-ebf6bc190851,5b0fa12a-3dd7-45bb-9766-cc326314d9f1,7.742406699995627,4.836087893125896e-05,6.246233349029091e-06,13.29027678354286,36.86333204150914,20.0,2.673110028488187e-05,7.927311897398814e-05,4.022573777781671e-05,0.0001462299570366,0.0,Italy,ITA,lombardy,,,Windows-11-10.0.26200-SP0,3.13.13,3.2.6,32,13th Gen Intel(R) Core(TM) i9-13900HX,1,1 x NVIDIA GeForce RTX 4070 Laptop GPU,9.1922,45.4722,31.70067596435547,machine,0.0,40.16666666666666,44.11666666666667,13.992467880249023,N,1.0,0.0
2026-05-08T20:38:57,Q237_qwen2.5:14b_MMLU,92c9c24b-fed2-45c9-9905-bd7e671f7f3c,5b0fa12a-3dd7-45bb-9766-cc326314d9f1,26.028768999996828,0.0002050609424773,7.878242051224734e-06,13.175071834530913,54.36628537503407,20.0,9.16547253607476e-05,0.0003893717003859,0.0001390212961111,0.0006200477218578,0.0,Italy,ITA,lombardy,,,Windows-11-10.0.26200-SP0,3.13.13,3.2.6,32,13th Gen Intel(R) Core(TM) i9-13900HX,1,1 x NVIDIA GeForce RTX 4070 Laptop GPU,9.1922,45.4722,31.70067596435547,machine,0.0,39.625,44.1125,13.992518583933512,N,1.0,0.0
2026-05-08T20:40:05,Q238_qwen2.5:14b_HumanEval,d70bbc19-51c1-404b-aa99-5708940e71c9,5b0fa12a-3dd7-45bb-9766-cc326314d9f1,33.02343820000533,0.0002594601667704,7.856848980989631e-06,13.466854522080004,52.28901005000716,20.0,0.0001192339090247,0.000490213169948,0.0001750888905555,0.0007845359695283,0.0,Italy,ITA,lombardy,,,Windows-11-10.0.26200-SP0,3.13.13,3.2.6,32,13th Gen Intel(R) Core(TM) i9-13900HX,1,1 x NVIDIA GeForce RTX 4070 Laptop GPU,9.1922,45.4722,31.70067596435547,machine,0.0,39.354838709677416,44.1,13.983642085905998,N,1.0,0.0
2026-05-08T20:41:05,Q239_qwen2.5:14b_GSM8K,2c79e416-ea63-4642-9394-089c75d225a7,5b0fa12a-3dd7-45bb-9766-cc326314d9f1,14.593828900004157,0.0001065778526745,7.3029397154658226e-06,13.157900940800005,47.481502549368486,20.0,5.1504383567980987e-05,0.000192471820644,7.828582166669852e-05,0.0003222620258787,0.0,Italy,ITA,lombardy,,,Windows-11-10.0.26200-SP0,3.13.13,3.2.6,32,13th Gen Intel(R) Core(TM) i9-13900HX,1,1 x NVIDIA GeForce RTX 4070 Laptop GPU,9.1922,45.4722,31.70067596435547,machine,0.0,43.92307692307692,44.10000000000001,13.987706991342398,N,1.0,0.0
2026-05-08T20:41:34,Q240_qwen2.5:14b_SQuAD,863507ef-ba75-4dec-accc-5cf0da67f976,5b0fa12a-3dd7-45bb-9766-cc326314d9f1,3.912542799997027,2.2769890452764104e-05,5.81971664381062e-06,13.205264652800002,34.41114398085202,20.0,1.2511130283144485e-05,3.739086324600072e-05,1.894787388890917e-05,6.884986741805437e-05,0.0,Italy,ITA,lombardy,,,Windows-11-10.0.26200-SP0,3.13.13,3.2.6,32,13th Gen Intel(R) Core(TM) i9-13900HX,1,1 x NVIDIA GeForce RTX 4070 Laptop GPU,9.1922,45.4722,31.70067596435547,machine,0.0,53.0,44.1,13.986141204833984,N,1.0,0.0
2026-05-08T20:42:13,Q241_qwen2.5:14b_HumanEval,2cf8c293-5bc1-4aa5-be68-c958ca3084f5,5b0fa12a-3dd7-45bb-9766-cc326314d9f1,23.821340199996484,0.0001867242241859,7.838527245665869e-06,13.14263760512,53.81875970031446,20.0,8.338820054060137e-05,0.0003544733391339,0.0001267410044444,0.000564602544119,0.0,Italy,ITA,lombardy,,,Windows-11-10.0.26200-SP0,3.13.13,3.2.6,32,13th Gen Intel(R) Core(TM) i9-13900HX,1,1 x NVIDIA GeForce RTX 4070 Laptop GPU,9.1922,45.4722,31.70067596435547,machine,0.0,39.63636363636363,44.1,13.98204265941273,N,1.0,0.0
2026-05-08T20:43:00,Q242_qwen2.5:14b_MMLU,0b762b77-c39a-41af-be3e-96e9f8009c2f,5b0fa12a-3dd7-45bb-9766-cc326314d9f1,11.8311684000073,8.730446760059272e-05,7.37919237127407e-06,13.532779691054545,48.219722377379775,20.0,4.2586040520597486e-05,0.0001584617934359,6.293679222225264e-05,0.0002639846261787,0.0,Italy,ITA,lombardy,,,Windows-11-10.0.26200-SP0,3.13.13,3.2.6,32,13th Gen Intel(R) Core(TM) i9-13900HX,1,1 x NVIDIA GeForce RTX 4070 Laptop GPU,9.1922,45.4722,31.70067596435547,machine,0.0,39.0,44.0,13.956580352783202,N,1.0,0.0
2026-05-08T20:43:45,Q243_qwen2.5:14b_GSM8K,eab5ed2f-4618-4674-94a3-005cbeb43c54,5b0fa12a-3dd7-45bb-9766-cc326314d9f1,19.50170399999479,0.0001473914417935,7.557875034588871e-06,13.212955019840004,50.88449814502235,20.0,6.807250009525557e-05,0.000274838275426,0.000102760285,0.0004456710605213,0.0,Italy,ITA,lombardy,,,Windows-11-10.0.26200-SP0,3.13.13,3.2.6,32,13th Gen Intel(R) Core(TM) i9-13900HX,1,1 x NVIDIA GeForce RTX 4070 Laptop GPU,9.1922,45.4722,31.70067596435547,machine,0.0,44.64705882352941,44.0,13.955384422751036,N,1.0,0.0
2026-05-08T20:44:24,Q244_qwen2.5:14b_SQuAD,96b2f1a4-4159-463d-bbb6-3b7d78be4321,5b0fa12a-3dd7-45bb-9766-cc326314d9f1,3.853256100002909,2.5048134761872964e-05,6.500511284950422e-06,13.082118464000002,42.06223030471237,20.0,1.2165267639653242e-05,4.497586931401232e-05,1.8597512777745983e-05,7.573864973141155e-05,0.0,Italy,ITA,lombardy,,,Windows-11-10.0.26200-SP0,3.13.13,3.2.6,32,13th Gen Intel(R) Core(TM) i9-13900HX,1,1 x NVIDIA GeForce RTX 4070 Laptop GPU,9.1922,45.4722,31.70067596435547,machine,0.0,37.0,44.0,13.954723358154297,N,1.0,0.0
2026-05-08T20:44:44,Q245_qwen2.5:14b_SQuAD,5211475f-bf3e-4876-bce7-77bf0222a6c6,5b0fa12a-3dd7-45bb-9766-cc326314d9f1,4.199447400009376,2.80474145899414e-05,6.678834598542365e-06,13.1283462656,43.54401073775655,20.0,1.3483209476638048e-05,5.0784762850031306e-05,2.0539672222285944e-05,8.48076445489553e-05,0.0,Italy,ITA,lombardy,,,Windows-11-10.0.26200-SP0,3.13.13,3.2.6,32,13th Gen Intel(R) Core(TM) i9-13900HX,1,1 x NVIDIA GeForce RTX 4070 Laptop GPU,9.1922,45.4722,31.70067596435547,machine,10.0,38.0,44.0,13.955419540405272,N,1.0,0.0
2026-05-08T20:44:52,Q246_qwen2.5:14b_SQuAD,08e4e33c-dd69-4da9-b50d-cd4d9c0c0dde,5b0fa12a-3dd7-45bb-9766-cc326314d9f1,3.5256088000023738,2.1268468508732136e-05,6.032566207776034e-06,12.97032176,37.40000840405267,20.0,1.0893692902301747e-05,3.6619195962039885e-05,1.6797092777819165e-05,6.43099816421608e-05,0.0,Italy,ITA,lombardy,,,Windows-11-10.0.26200-SP0,3.13.13,3.2.6,32,13th Gen Intel(R) Core(TM) i9-13900HX,1,1 x NVIDIA GeForce RTX 4070 Laptop GPU,9.1922,45.4722,31.70067596435547,machine,0.0,41.0,44.0,13.961536407470703,N,1.0,0.0
2026-05-08T20:45:08,Q247_qwen2.5:14b_MMLU,6b9e4d04-30c2-4f67-aebc-8d5724144727,5b0fa12a-3dd7-45bb-9766-cc326314d9f1,10.791817899997111,7.992011761309483e-05,7.40562140259207e-06,13.508901390080002,48.6663664207868,20.0,3.861215549601787e-05,0.000145879561148,5.716467222227948e-05,0.0002416563888663,0.0,Italy,ITA,lombardy,,,Windows-11-10.0.26200-SP0,3.13.13,3.2.6,32,13th Gen Intel(R) Core(TM) i9-13900HX,1,1 x NVIDIA GeForce RTX 4070 Laptop GPU,9.1922,45.4722,31.70067596435547,machine,0.0,39.55555555555556,44.0,13.957039303249784,N,1.0,0.0
2026-05-08T20:45:46,Q248_qwen2.5:14b_HumanEval,61f158ab-c036-4679-a7df-c5fba51991d0,5b0fa12a-3dd7-45bb-9766-cc326314d9f1,23.4195624999993,0.0001814297093475,7.746929915857855e-06,13.20397456208,53.99567447513512,20.0,8.22911644722173e-05,0.000341792217878,0.0001245100094444,0.0005485933917946,0.0,Italy,ITA,lombardy,,,Windows-11-10.0.26200-SP0,3.13.13,3.2.6,32,13th Gen Intel(R) Core(TM) i9-13900HX,1,1 x NVIDIA GeForce RTX 4070 Laptop GPU,9.1922,45.4722,31.70067596435547,machine,0.0,41.42857142857143,44.02857142857143,13.957453409830729,N,1.0,0.0
2026-05-08T20:46:35,Q249_qwen2.5:14b_GSM8K,891419ff-42ac-4ea3-a635-e412418126a0,5b0fa12a-3dd7-45bb-9766-cc326314d9f1,13.771817400003783,0.0001047008120392,7.602541407440007e-06,13.13679826806154,50.82968781121548,20.0,4.842466835886545e-05,0.0001944387666619,7.372293777783246e-05,0.0003165863727986,0.0,Italy,ITA,lombardy,,,Windows-11-10.0.26200-SP0,3.13.13,3.2.6,32,13th Gen Intel(R) Core(TM) i9-13900HX,1,1 x NVIDIA GeForce RTX 4070 Laptop GPU,9.1922,45.4722,31.70067596435547,machine,0.0,37.41666666666666,44.0,13.952802022298178,N,1.0,0.0
2026-05-08T20:47:18,Q250_qwen2.5:14b_GSM8K,043a547f-df7f-4e36-8f12-5902c7914fbf,5b0fa12a-3dd7-45bb-9766-cc326314d9f1,17.08687970000028,0.0001293196794167,7.568361320920985e-06,13.35801670592,50.08698580207057,20.0,6.119538953444147e-05,0.0002404985257319,8.933312111112174e-05,0.0003910270363775,0.0,Italy,ITA,lombardy,,,Windows-11-10.0.26200-SP0,3.13.13,3.2.6,32,13th Gen Intel(R) Core(TM) i9-13900HX,1,1 x NVIDIA GeForce RTX 4070 Laptop GPU,9.1922,45.4722,31.70067596435547,machine,0.0,43.66666666666666,44.0,13.955874888102214,N,1.0,0.0
2026-05-08T20:47:57,Q251_qwen2.5:14b_SQuAD,f41aaf9c-b03b-4d43-93a2-13650cce435d,5b0fa12a-3dd7-45bb-9766-cc326314d9f1,14.492154999999912,0.0001105825619465,7.630511952610365e-06,13.391546222276927,50.8609482156666,20.0,5.20215288063905e-05,0.0002046573859479,7.769224722222942e-05,0.0003343711619766,0.0,Italy,ITA,lombardy,,,Windows-11-10.0.26200-SP0,3.13.13,3.2.6,32,13th Gen Intel(R) Core(TM) i9-13900HX,1,1 x NVIDIA GeForce RTX 4070 Laptop GPU,9.1922,45.4722,31.70067596435547,machine,0.0,43.41666666666666,44.0,13.948315938313804,N,1.0,0.0
2026-05-08T20:48:57,Q252_qwen2.5:14b_HumanEval,3ce082d7-4b4c-4240-b556-0bc0274d6860,5b0fa12a-3dd7-45bb-9766-cc326314d9f1,34.14078050000535,0.0002683652829684,7.860549144986487e-06,13.556197302400005,53.9970642077329,20.0,0.0001234582478299,0.00050675179429,0.0001812525422221,0.0008114625843422,0.0,Italy,ITA,lombardy,,,Windows-11-10.0.26200-SP0,3.13.13,3.2.6,32,13th Gen Intel(R) Core(TM) i9-13900HX,1,1 x NVIDIA GeForce RTX 4070 Laptop GPU,9.1922,45.4722,31.70067596435547,machine,3.125,37.90625,44.09375,13.968463897705078,N,1.0,0.0
2026-05-08T20:50:09,Q253_qwen2.5:14b_HumanEval,ccfe8d70-c72b-4125-b2fd-04612f2a9861,5b0fa12a-3dd7-45bb-9766-cc326314d9f1,27.266816600007587,0.000214346349458,7.86106983453106e-06,13.15261884128,54.01558880380168,20.0,9.596728275758332e-05,0.000406250602778,0.0001459063455555,0.0006481242310911,0.0,Italy,ITA,lombardy,,,Windows-11-10.0.26200-SP0,3.13.13,3.2.6,32,13th Gen Intel(R) Core(TM) i9-13900HX,1,1 x NVIDIA GeForce RTX 4070 Laptop GPU,9.1922,45.4722,31.70067596435547,machine,0.0,41.64,44.0,13.954300689697266,N,1.0,0.0
2026-05-08T20:51:04,Q254_qwen2.5:14b_HumanEval,7b5482d9-9549-42ae-a878-ab9bfeb55a4c,5b0fa12a-3dd7-45bb-9766-cc326314d9f1,19.839723400000366,0.0001549108509442,7.808115457107254e-06,13.578645528320004,55.07221605795735,20.0,7.135801444343013e-05,0.0002924146783759,0.0001046349866666,0.000468407679486,0.0,Italy,ITA,lombardy,,,Windows-11-10.0.26200-SP0,3.13.13,3.2.6,32,13th Gen Intel(R) Core(TM) i9-13900HX,1,1 x NVIDIA GeForce RTX 4070 Laptop GPU,9.1922,45.4722,31.70067596435547,machine,5.555555555555555,39.27777777777778,44.0,13.94995731777615,N,1.0,0.0
2026-05-08T20:52:06,Q255_qwen2.5:14b_HumanEval,aed37bf6-34f5-4772-bf56-60949f20c2aa,5b0fa12a-3dd7-45bb-9766-cc326314d9f1,26.71022969999467,0.0002072252097026,7.758271345104976e-06,13.254068236160002,52.819706923368,20.0,9.476471491676202e-05,0.0003890214223279,0.0001428057316666,0.0006265918689114,0.0,Italy,ITA,lombardy,,,Windows-11-10.0.26200-SP0,3.13.13,3.2.6,32,13th Gen Intel(R) Core(TM) i9-13900HX,1,1 x NVIDIA GeForce RTX 4070 Laptop GPU,9.1922,45.4722,31.70067596435547,machine,2.668,38.92,44.0,13.942162780761718,N,1.0,0.0
2026-05-08T20:53:03,Q256_qwen2.5:14b_GSM8K,ce055eb2-3b70-4154-927f-65a501f4c282,5b0fa12a-3dd7-45bb-9766-cc326314d9f1,21.66369990000385,0.0001673269864242,7.723841596614302e-06,13.516800662857143,52.37190544498523,20.0,7.782817681777945e-05,0.0003133552506839,0.0001147672205555,0.0005059506480573,0.0,Italy,ITA,lombardy,,,Windows-11-10.0.26200-SP0,3.13.13,3.2.6,32,13th Gen Intel(R) Core(TM) i9-13900HX,1,1 x NVIDIA GeForce RTX 4070 Laptop GPU,9.1922,45.4722,31.70067596435547,machine,4.285,39.65,44.005,13.957277297973633,N,1.0,0.0
2026-05-08T20:53:42,Q257_qwen2.5:14b_SQuAD,fe8127b6-1b20-4730-9923-bca2b75512aa,5b0fa12a-3dd7-45bb-9766-cc326314d9f1,3.152714099996956,1.773891848339421e-05,5.626554746404483e-06,13.7313564608,32.997300743229445,20.0,1.0092918508193882e-05,2.884502307598513e-05,1.46996544444442e-05,5.3637596028623214e-05,0.0,Italy,ITA,lombardy,,,Windows-11-10.0.26200-SP0,3.13.13,3.2.6,32,13th Gen Intel(R) Core(TM) i9-13900HX,1,1 x NVIDIA GeForce RTX 4070 Laptop GPU,9.1922,45.4722,31.70067596435547,machine,0.0,36.0,44.0,13.958084106445312,N,1.0,0.0
2026-05-08T20:54:30,Q258_qwen2.5:14b_HumanEval,34b26843-7525-42eb-b9ff-8ba64e1bb2cd,5b0fa12a-3dd7-45bb-9766-cc326314d9f1,33.441577000005054,0.0002659025972126,7.951257717679534e-06,13.48789380368,55.01337361179711,20.0,0.0001205889460513,0.000506014849256,0.0001774123066666,0.000804016101974,0.0,Italy,ITA,lombardy,,,Windows-11-10.0.26200-SP0,3.13.13,3.2.6,32,13th Gen Intel(R) Core(TM) i9-13900HX,1,1 x NVIDIA GeForce RTX 4070 Laptop GPU,9.1922,45.4722,31.70067596435547,machine,0.0,40.25806451612903,44.0,13.957516577935989,N,1.0,0.0
2026-05-08T20:55:16,Q259_qwen2.5:14b_GSM8K,b91bb805-cf6a-4b4e-a4a9-c6c65b968a5a,5b0fa12a-3dd7-45bb-9766-cc326314d9f1,10.707432499999411,7.799608174518375e-05,7.284293573196751e-06,13.43603386496,47.42798418600188,20.0,3.808863899017777e-05,0.000141054557288,5.6695438888871445e-05,0.000235838635167,0.0,Italy,ITA,lombardy,,,Windows-11-10.0.26200-SP0,3.13.13,3.2.6,32,13th Gen Intel(R) Core(TM) i9-13900HX,1,1 x NVIDIA GeForce RTX 4070 Laptop GPU,9.1922,45.4722,31.70067596435547,machine,11.11111111111111,42.77777777777778,44.01111111111111,13.962498135036892,N,1.0,0.0
2026-05-08T20:55:46,Q260_qwen2.5:14b_SQuAD,43397ec6-8ba4-4467-bd70-cc11d2ca1810,5b0fa12a-3dd7-45bb-9766-cc326314d9f1,4.915150000000722,3.520412865371705e-05,7.1623711694885976e-06,13.110731984,48.25254217604645,20.0,1.6071063156954915e-05,6.586144157799678e-05,2.4515068888851805e-05,0.0001064475736238,0.0,Italy,ITA,lombardy,,,Windows-11-10.0.26200-SP0,3.13.13,3.2.6,32,13th Gen Intel(R) Core(TM) i9-13900HX,1,1 x NVIDIA GeForce RTX 4070 Laptop GPU,9.1922,45.4722,31.70067596435547,machine,0.0,62.66666666666666,44.03333333333333,13.961386362711588,N,1.0,0.0
2026-05-08T20:56:18,Q261_qwen2.5:14b_GSM8K,bc24d56a-8462-41d9-94c2-5adb96712a83,5b0fa12a-3dd7-45bb-9766-cc326314d9f1,16.487384599997313,0.000127022689604,7.704235249299219e-06,13.2209150336,51.65870853792531,20.0,5.87056002437263e-05,0.0002365696337,8.880633888887435e-05,0.0003840815728326,0.0,Italy,ITA,lombardy,,,Windows-11-10.0.26200-SP0,3.13.13,3.2.6,32,13th Gen Intel(R) Core(TM) i9-13900HX,1,1 x NVIDIA GeForce RTX 4070 Laptop GPU,9.1922,45.4722,31.70067596435547,machine,0.0,39.642857142857146,44.0,13.96190343584333,N,1.0,0.0
2026-05-08T20:56:50,Q262_qwen2.5:14b_HellaSwag,0249d086-6ad4-4358-a5ba-55bd759a3b91,5b0fa12a-3dd7-45bb-9766-cc326314d9f1,7.0022345000033965,4.612886630791553e-05,6.587735144816009e-06,13.149654387200002,40.94435401482298,20.0,2.374302399742149e-05,7.962673036798762e-05,3.6111212222183695e-05,0.0001394809665875,0.0,Italy,ITA,lombardy,,,Windows-11-10.0.26200-SP0,3.13.13,3.2.6,32,13th Gen Intel(R) Core(TM) i9-13900HX,1,1 x NVIDIA GeForce RTX 4070 Laptop GPU,9.1922,45.4722,31.70067596435547,machine,20.0,52.0,44.08,13.964860534667968,N,1.0,0.0
2026-05-08T20:57:21,Q263_qwen2.5:14b_MMLU,0e44ceea-13ec-4028-8337-979903f1cd10,5b0fa12a-3dd7-45bb-9766-cc326314d9f1,15.994142600000488,0.000122221629752,7.641649371817456e-06,13.21610229248,51.0119323691375,20.0,5.687314485085865e-05,0.000226625736856,8.606561055558916e-05,0.0003695644922624,0.0,Italy,ITA,lombardy,,,Windows-11-10.0.26200-SP0,3.13.13,3.2.6,32,13th Gen Intel(R) Core(TM) i9-13900HX,1,1 x NVIDIA GeForce RTX 4070 Laptop GPU,9.1922,45.4722,31.70067596435547,machine,0.0,44.57142857142857,44.01428571428572,13.96080207824707,N,1.0,0.0
2026-05-08T20:58:03,Q264_qwen2.5:14b_SQuAD,1731fcb2-13d0-43fe-a3db-5cf9194289d0,5b0fa12a-3dd7-45bb-9766-cc326314d9f1,6.212142599993968,4.300184435207913e-05,6.92222428250776e-06,13.473662528,44.590987546129966,20.0,2.136967826575949e-05,7.693617266008035e-05,3.171986388883347e-05,0.0001300257148146,0.0,Italy,ITA,lombardy,,,Windows-11-10.0.26200-SP0,3.13.13,3.2.6,32,13th Gen Intel(R) Core(TM) i9-13900HX,1,1 x NVIDIA GeForce RTX 4070 Laptop GPU,9.1922,45.4722,31.70067596435547,machine,0.0,57.75,44.1,13.972345352172852,N,1.0,0.0
2026-05-08T20:58:43,Q265_qwen2.5:14b_MMLU,d9529f93-658e-4fd5-ace7-cb6c6b2032fb,5b0fa12a-3dd7-45bb-9766-cc326314d9f1,24.84500070000649,0.0001979767353077,7.968473726295197e-06,13.5510528416,55.14433563598685,20.0,8.994919762570161e-05,0.000376254745448,0.0001324230905555,0.0005986270336292,0.0,Italy,ITA,lombardy,,,Windows-11-10.0.26200-SP0,3.13.13,3.2.6,32,13th Gen Intel(R) Core(TM) i9-13900HX,1,1 x NVIDIA GeForce RTX 4070 Laptop GPU,9.1922,45.4722,31.70067596435547,machine,0.0,36.95652173913044,44.1,13.969622902248217,N,1.0,0.0
2026-05-08T20:59:36,Q266_qwen2.5:14b_HumanEval,0744a331-95f4-4f8b-9e77-7c58b516a524,5b0fa12a-3dd7-45bb-9766-cc326314d9f1,18.42535289999796,0.0001409021774455,7.647190162937304e-06,13.2025204352,51.91975173651787,20.0,6.413429202693427e-05,0.000265157712126,9.67573111111253e-05,0.0004260493152641,0.0,Italy,ITA,lombardy,,,Windows-11-10.0.26200-SP0,3.13.13,3.2.6,32,13th Gen Intel(R) Core(TM) i9-13900HX,1,1 x NVIDIA GeForce RTX 4070 Laptop GPU,9.1922,45.4722,31.70067596435547,machine,8.93125,39.9375,44.1,13.974982500076294,N,1.0,0.0
2026-05-08T21:00:49,Q267_qwen2.5:14b_HumanEval,14224497-5f75-4989-ad14-f5142d3df366,5b0fa12a-3dd7-45bb-9766-cc326314d9f1,37.60267249999743,0.0003003632011486,7.987815258309163e-06,13.507992076045715,55.34341024450875,20.0,0.0001351385133694,0.00057254490248,0.0002005320461111,0.0009082154619605,0.0,Italy,ITA,lombardy,,,Windows-11-10.0.26200-SP0,3.13.13,3.2.6,32,13th Gen Intel(R) Core(TM) i9-13900HX,1,1 x NVIDIA GeForce RTX 4070 Laptop GPU,9.1922,45.4722,31.70067596435547,machine,0.0,37.8,44.00857142857143,13.959807913643973,N,1.0,0.0
2026-05-08T21:01:48,Q268_qwen2.5:14b_HellaSwag,aea45ec6-22ab-4c74-9ca8-69e9f29d7e2d,5b0fa12a-3dd7-45bb-9766-cc326314d9f1,13.25036240000918,9.821920272948644e-05,7.412567276606591e-06,13.519156352,48.44455489053518,20.0,4.7871528294690407e-05,0.0001782968093039,7.081943666667535e-05,0.0002969877742653,0.0,Italy,ITA,lombardy,,,Windows-11-10.0.26200-SP0,3.13.13,3.2.6,32,13th Gen Intel(R) Core(TM) i9-13900HX,1,1 x NVIDIA GeForce RTX 4070 Laptop GPU,9.1922,45.4722,31.70067596435547,machine,9.090909090909092,44.63636363636363,44.0,13.961436184969816,N,1.0,0.0
2026-05-08T21:02:24,Q269_qwen2.5:14b_HellaSwag,f4ee56d3-264b-4049-ad74-d9bca3ed17a2,5b0fa12a-3dd7-45bb-9766-cc326314d9f1,10.320883499996851,7.448319037511218e-05,7.216745579497617e-06,13.547870310400002,46.64442526916516,20.0,3.6951903203800446e-05,0.0001337153847499,5.454933277780785e-05,0.0002252166207315,0.0,Italy,ITA,lombardy,,,Windows-11-10.0.26200-SP0,3.13.13,3.2.6,32,13th Gen Intel(R) Core(TM) i9-13900HX,1,1 x NVIDIA GeForce RTX 4070 Laptop GPU,9.1922,45.4722,31.70067596435547,machine,0.0,39.875,44.0,13.958518505096436,N,1.0,0.0
2026-05-08T21:03:02,Q270_qwen2.5:14b_MMLU,caf3a58a-e473-436a-9a53-11e413fb9d5e,5b0fa12a-3dd7-45bb-9766-cc326314d9f1,12.388520499996956,9.270381585151838e-05,7.483041728149955e-06,13.603227821381822,49.21606587616892,20.0,4.491694533849099e-05,0.000169355968818,6.603785166670505e-05,0.0002803107658232,0.0,Italy,ITA,lombardy,,,Windows-11-10.0.26200-SP0,3.13.13,3.2.6,32,13th Gen Intel(R) Core(TM) i9-13900HX,1,1 x NVIDIA GeForce RTX 4070 Laptop GPU,9.1922,45.4722,31.70067596435547,machine,0.0,40.4,44.0,13.95125503540039,N,1.0,0.0
2026-05-08T21:03:44,Q271_qwen2.5:14b_GSM8K,a7c90b97-34eb-451f-a428-9baf5b3bc408,5b0fa12a-3dd7-45bb-9766-cc326314d9f1,17.396691600006307,0.0001328627715721,7.637243599360569e-06,13.3981765664,49.90418680580635,20.0,6.151714642818395e-05,0.000249174921562,9.104830166672602e-05,0.0004017403696569,0.0,Italy,ITA,lombardy,,,Windows-11-10.0.26200-SP0,3.13.13,3.2.6,32,13th Gen Intel(R) Core(TM) i9-13900HX,1,1 x NVIDIA GeForce RTX 4070 Laptop GPU,9.1922,45.4722,31.70067596435547,machine,0.0,36.86666666666667,44.0,13.959641774495443,N,1.0,0.0
2026-05-08T21:04:34,Q272_qwen2.5:14b_HellaSwag,8582a8b7-31bb-46c2-a3df-2f8bbe3605da,5b0fa12a-3dd7-45bb-9766-cc326314d9f1,14.4298720999941,0.0001112350493907,7.708664956969719e-06,13.233661627076923,51.839213504984926,20.0,5.119886835264223e-05,0.0002077693328819,7.737590277780933e-05,0.0003363441040124,0.0,Italy,ITA,lombardy,,,Windows-11-10.0.26200-SP0,3.13.13,3.2.6,32,13th Gen Intel(R) Core(TM) i9-13900HX,1,1 x NVIDIA GeForce RTX 4070 Laptop GPU,9.1922,45.4722,31.70067596435547,machine,0.0,43.41666666666666,44.00833333333333,13.960760752360024,N,1.0,0.0
2026-05-08T21:05:08,Q273_qwen2.5:14b_GSM8K,1805cd3e-7445-4400-a01f-4eb3bc37680e,5b0fa12a-3dd7-45bb-9766-cc326314d9f1,8.961517500007176,6.708049693127178e-05,7.485394848720439e-06,13.174813726400002,50.17850779305964,20.0,3.095529018024738e-05,0.000124886766576,4.6990861111084486e-05,0.0002028329178674,0.0,Italy,ITA,lombardy,,,Windows-11-10.0.26200-SP0,3.13.13,3.2.6,32,13th Gen Intel(R) Core(TM) i9-13900HX,1,1 x NVIDIA GeForce RTX 4070 Laptop GPU,9.1922,45.4722,31.70067596435547,machine,7.142857142857143,37.85714285714285,44.01428571428572,13.960080827985491,N,1.0,0.0
2026-05-08T21:05:40,Q274_qwen2.5:14b_HellaSwag,05956f97-1f67-4059-a307-245f574c68ff,5b0fa12a-3dd7-45bb-9766-cc326314d9f1,6.806692600002862,5.017335176989947e-05,7.37117932575336e-06,13.3896209216,49.32092656499426,20.0,2.344848920995395e-05,9.323785236797776e-05,3.50240333333204e-05,0.0001517103749112,0.0,Italy,ITA,lombardy,,,Windows-11-10.0.26200-SP0,3.13.13,3.2.6,32,13th Gen Intel(R) Core(TM) i9-13900HX,1,1 x NVIDIA GeForce RTX 4070 Laptop GPU,9.1922,45.4722,31.70067596435547,machine,0.0,57.8,44.1,13.970069122314452,N,1.0,0.0
2026-05-08T21:06:02,Q275_qwen2.5:14b_MMLU,88d09a72-7a0e-44b0-94df-dd74fee08e67,5b0fa12a-3dd7-45bb-9766-cc326314d9f1,6.623521500005154,4.37385831603593e-05,6.6035239955551245e-06,13.291964384000002,41.11598701631189,20.0,2.2603553666474013e-05,7.563978273400496e-05,3.401007333337071e-05,0.0001322534097338,0.0,Italy,ITA,lombardy,,,Windows-11-10.0.26200-SP0,3.13.13,3.2.6,32,13th Gen Intel(R) Core(TM) i9-13900HX,1,1 x NVIDIA GeForce RTX 4070 Laptop GPU,9.1922,45.4722,31.70067596435547,machine,0.0,36.2,44.06,13.966194915771483,N,1.0,0.0
2026-05-08T21:06:23,Q276_qwen2.5:14b_SQuAD,02480699-c57d-4fc3-ab54-b21246b6ab7e,5b0fa12a-3dd7-45bb-9766-cc326314d9f1,6.146080399994389,4.264732446226856e-05,6.938946724860204e-06,13.13501579264,45.10684843133425,20.0,2.059526619926238e-05,7.700006159999662e-05,3.1358416666626e-05,0.0001289537444658,0.0,Italy,ITA,lombardy,,,Windows-11-10.0.26200-SP0,3.13.13,3.2.6,32,13th Gen Intel(R) Core(TM) i9-13900HX,1,1 x NVIDIA GeForce RTX 4070 Laptop GPU,9.1922,45.4722,31.70067596435547,machine,0.0,40.5,44.1,13.969281196594238,N,1.0,0.0
2026-05-08T21:06:45,Q277_qwen2.5:14b_SQuAD,1f226f27-b9c1-49f7-a6ba-bc3d45ee5adf,5b0fa12a-3dd7-45bb-9766-cc326314d9f1,7.06739570001082,5.117748674775619e-05,7.241350126706198e-06,13.159619340800004,48.02625927742683,20.0,2.3999633886981708e-05,9.427313097398748e-05,3.647383722224428e-05,0.0001547466020832,0.0,Italy,ITA,lombardy,,,Windows-11-10.0.26200-SP0,3.13.13,3.2.6,32,13th Gen Intel(R) Core(TM) i9-13900HX,1,1 x NVIDIA GeForce RTX 4070 Laptop GPU,9.1922,45.4722,31.70067596435547,machine,0.0,47.0,44.1,13.967619323730467,N,1.0,0.0
2026-05-08T21:07:07,Q278_qwen2.5:14b_SQuAD,e7db4640-37f5-46e4-b1d7-1b2a933e982d,5b0fa12a-3dd7-45bb-9766-cc326314d9f1,6.758513000007952,4.667028509131479e-05,6.90540731241619e-06,13.1599149248,44.47692669179848,20.0,2.287070972943864e-05,8.349006679203574e-05,3.475729111111529e-05,0.0001411180676325,0.0,Italy,ITA,lombardy,,,Windows-11-10.0.26200-SP0,3.13.13,3.2.6,32,13th Gen Intel(R) Core(TM) i9-13900HX,1,1 x NVIDIA GeForce RTX 4070 Laptop GPU,9.1922,45.4722,31.70067596435547,machine,0.0,46.2,44.220000000000006,14.01491470336914,N,1.0,0.0
2026-05-08T21:07:40,Q279_qwen2.5:14b_HellaSwag,50b4c290-7c53-4479-a360-98de1a2f4892,5b0fa12a-3dd7-45bb-9766-cc326314d9f1,17.73502069999813,0.0001349398827932,7.608667904924638e-06,13.268586437120003,52.39644474390063,20.0,6.251270283393514e-05,0.000252564646496,9.294363166668012e-05,0.0004080209809966,0.0,Italy,ITA,lombardy,,,Windows-11-10.0.26200-SP0,3.13.13,3.2.6,32,13th Gen Intel(R) Core(TM) i9-13900HX,1,1 x NVIDIA GeForce RTX 4070 Laptop GPU,9.1922,45.4722,31.70067596435547,machine,0.0,40.375,44.20625,14.02174162864685,N,1.0,0.0
2026-05-08T21:08:24,Q280_qwen2.5:14b_HellaSwag,ae672917-6dc6-4756-a812-8e4f01b33e7d,5b0fa12a-3dd7-45bb-9766-cc326314d9f1,8.598090899991803,6.034658952596733e-05,7.0186033420540895e-06,13.3618966112,44.99021022490566,20.0,3.0050084093102977e-05,0.0001074434192879,4.497793611113189e-05,0.0001824714394921,0.0,Italy,ITA,lombardy,,,Windows-11-10.0.26200-SP0,3.13.13,3.2.6,32,13th Gen Intel(R) Core(TM) i9-13900HX,1,1 x NVIDIA GeForce RTX 4070 Laptop GPU,9.1922,45.4722,31.70067596435547,machine,0.0,35.42857142857143,44.2,14.017748151506696,N,1.0,0.0
2026-05-08T21:08:49,Q281_qwen2.5:14b_GSM8K,4e2ee5cf-db82-4133-a950-247ccf2e7db6,5b0fa12a-3dd7-45bb-9766-cc326314d9f1,9.946064399991885,7.507584562281687e-05,7.548296753726845e-06,13.080920742400002,50.763148887177096,20.0,3.4313684524992314e-05,0.0001402320566299,5.246290555555283e-05,0.0002270086467105,0.0,Italy,ITA,lombardy,,,Windows-11-10.0.26200-SP0,3.13.13,3.2.6,32,13th Gen Intel(R) Core(TM) i9-13900HX,1,1 x NVIDIA GeForce RTX 4070 Laptop GPU,9.1922,45.4722,31.70067596435547,machine,0.0,43.75,44.2,14.018622398376465,N,1.0,0.0
2026-05-08T21:09:29,Q282_qwen2.5:14b_GSM8K,a62f95ea-9a0d-49c0-9f91-858bbe8b506a,5b0fa12a-3dd7-45bb-9766-cc326314d9f1,14.93378429999575,0.0001120602673817,7.5038091571837555e-06,13.372612502857145,49.43655646235483,20.0,5.360690763615437e-05,0.0002050590529359,8.017337499994836e-05,0.000338839335572,0.0,Italy,ITA,lombardy,,,Windows-11-10.0.26200-SP0,3.13.13,3.2.6,32,13th Gen Intel(R) Core(TM) i9-13900HX,1,1 x NVIDIA GeForce RTX 4070 Laptop GPU,9.1922,45.4722,31.70067596435547,machine,0.0,37.53846153846154,44.2,14.017582233135515,N,1.0,0.0
2026-05-08T21:10:00,Q283_qwen2.5:14b_HellaSwag,f394c6f4-e5bd-48e2-a86d-729c261c515e,5b0fa12a-3dd7-45bb-9766-cc326314d9f1,5.489220199990086,3.758955337872675e-05,6.8478858579575e-06,13.3653050624,44.23589755190253,20.0,1.8515113773992304e-05,6.743977617401642e-05,2.770555000000362e-05,0.000113660439948,0.0,Italy,ITA,lombardy,,,Windows-11-10.0.26200-SP0,3.13.13,3.2.6,32,13th Gen Intel(R) Core(TM) i9-13900HX,1,1 x NVIDIA GeForce RTX 4070 Laptop GPU,9.1922,45.4722,31.70067596435547,machine,0.0,48.66666666666666,44.20000000000001,14.018524169921877,N,1.0,0.0
2026-05-08T21:10:27,Q284_qwen2.5:14b_HellaSwag,0ffc770b-00d5-4076-b51e-8b421a086060,5b0fa12a-3dd7-45bb-9766-cc326314d9f1,11.954822699990473,8.840876619092596e-05,7.395238591953054e-06,13.505493387636363,48.42441710798464,20.0,4.295577410079404e-05,0.000160756517494,6.361142888886711e-05,0.0002673237204836,0.0,Italy,ITA,lombardy,,,Windows-11-10.0.26200-SP0,3.13.13,3.2.6,32,13th Gen Intel(R) Core(TM) i9-13900HX,1,1 x NVIDIA GeForce RTX 4070 Laptop GPU,9.1922,45.4722,31.70067596435547,machine,18.18,42.4,44.2,14.0208984375,N,1.0,0.0
2026-05-08T21:11:02,Q285_qwen2.5:14b_HellaSwag,19d87c4b-8346-4048-9ea5-a15bdb79f9dd,5b0fa12a-3dd7-45bb-9766-cc326314d9f1,10.38771190000989,7.615836539464423e-05,7.3315823665240195e-06,13.506181977600002,47.923504819216056,20.0,3.708905170302376e-05,0.000138272055062,5.49207811111248e-05,0.0002302818878762,0.0,Italy,ITA,lombardy,,,Windows-11-10.0.26200-SP0,3.13.13,3.2.6,32,13th Gen Intel(R) Core(TM) i9-13900HX,1,1 x NVIDIA GeForce RTX 4070 Laptop GPU,9.1922,45.4722,31.70067596435547,machine,0.0,46.625,44.2,14.022553443908691,N,1.0,0.0
2026-05-08T21:11:34,Q286_qwen2.5:14b_HellaSwag,8dbff226-aa41-4920-82f1-d77bc7e1e105,5b0fa12a-3dd7-45bb-9766-cc326314d9f1,6.696736700003385,4.296752680944239e-05,6.416188769885588e-06,13.3201440896,39.02360466684571,20.0,2.2921961076525488e-05,7.258394695602854e-05,3.441604000003685e-05,0.0001299219480325,0.0,Italy,ITA,lombardy,,,Windows-11-10.0.26200-SP0,3.13.13,3.2.6,32,13th Gen Intel(R) Core(TM) i9-13900HX,1,1 x NVIDIA GeForce RTX 4070 Laptop GPU,9.1922,45.4722,31.70067596435547,machine,0.0,38.0,44.220000000000006,14.021809387207032,N,1.0,0.0
2026-05-08T21:11:57,Q287_qwen2.5:14b_HellaSwag,ff24fe1c-9562-417c-9549-5cc2e80fae0d,5b0fa12a-3dd7-45bb-9766-cc326314d9f1,7.871657600000617,5.640187717085606e-05,7.165184264474568e-06,13.088434649600002,47.022371104551496,20.0,2.6793890829642487e-05,0.0001028078600239,4.094196666661042e-05,0.0001705437175202,0.0,Italy,ITA,lombardy,,,Windows-11-10.0.26200-SP0,3.13.13,3.2.6,32,13th Gen Intel(R) Core(TM) i9-13900HX,1,1 x NVIDIA GeForce RTX 4070 Laptop GPU,9.1922,45.4722,31.70067596435547,machine,0.0,39.333333333333336,44.21666666666667,14.01988410949707,N,1.0,0.0
2026-05-08T21:12:24,Q288_qwen2.5:14b_MMLU,567ce7f6-9fc0-4082-b1b1-7d6a71a8a610,5b0fa12a-3dd7-45bb-9766-cc326314d9f1,11.748093299989703,8.565283561371478e-05,7.290786123888702e-06,13.426337750109091,47.38005136991026,20.0,4.1937113003019365e-05,0.0001545842903339,6.246914333330805e-05,0.0002589905466703,0.0,Italy,ITA,lombardy,,,Windows-11-10.0.26200-SP0,3.13.13,3.2.6,32,13th Gen Intel(R) Core(TM) i9-13900HX,1,1 x NVIDIA GeForce RTX 4070 Laptop GPU,9.1922,45.4722,31.70067596435547,machine,0.0,35.1,44.16,13.995532608032226,N,1.0,0.0
2026-05-08T21:12:59,Q289_qwen2.5:14b_SQuAD,3a13211c-d96b-46a1-9dcb-db9461607877,5b0fa12a-3dd7-45bb-9766-cc326314d9f1,9.707314700004645,7.331985329754729e-05,7.553052060577804e-06,13.1176796288,50.81633022579645,20.0,3.3543122382504894e-05,0.000137014831834,5.114105611113094e-05,0.0002216990103276,0.0,Italy,ITA,lombardy,,,Windows-11-10.0.26200-SP0,3.13.13,3.2.6,32,13th Gen Intel(R) Core(TM) i9-13900HX,1,1 x NVIDIA GeForce RTX 4070 Laptop GPU,9.1922,45.4722,31.70067596435547,machine,6.25,35.625,44.1,13.984402656555176,N,1.0,0.0
2026-05-08T21:13:27,Q290_qwen2.5:14b_SQuAD,7cb04cfd-6182-4a89-a533-5d3469359cbb,5b0fa12a-3dd7-45bb-9766-cc326314d9f1,3.253909200007911,1.5797474892471977e-05,4.854921855973599e-06,13.1651895296,24.809397287970032,20.0,1.0063416021467569e-05,2.2416684600012893e-05,1.528710555560085e-05,4.776720617708131e-05,0.0,Italy,ITA,lombardy,,,Windows-11-10.0.26200-SP0,3.13.13,3.2.6,32,13th Gen Intel(R) Core(TM) i9-13900HX,1,1 x NVIDIA GeForce RTX 4070 Laptop GPU,9.1922,45.4722,31.70067596435547,machine,0.0,98.0,44.1,13.98923110961914,N,1.0,0.0
2026-05-08T21:14:03,Q291_qwen2.5:14b_MMLU,a4859ad9-7524-40b0-9725-0b8c0651a1c2,5b0fa12a-3dd7-45bb-9766-cc326314d9f1,20.73488630000793,0.0001617818792609,7.80240011544731e-06,13.44916404032,54.72870518928762,20.0,7.427057276688314e-05,0.0003052971886819,0.0001096160122222,0.0004891837736711,0.0,Italy,ITA,lombardy,,,Windows-11-10.0.26200-SP0,3.13.13,3.2.6,32,13th Gen Intel(R) Core(TM) i9-13900HX,1,1 x NVIDIA GeForce RTX 4070 Laptop GPU,9.1922,45.4722,31.70067596435547,machine,0.0,41.1578947368421,44.11578947368421,13.994365290591592,N,1.0,0.0
2026-05-08T21:14:45,Q292_qwen2.5:14b_MMLU,1698bfc9-8315-4215-aae7-914da7132bea,5b0fa12a-3dd7-45bb-9766-cc326314d9f1,6.746008400004939,4.937615565641005e-05,7.319314286115312e-06,13.0574285696,49.08032029939236,20.0,2.264887298813845e-05,9.19606291240882e-05,3.469037166667275e-05,0.0001492998737788,0.0,Italy,ITA,lombardy,,,Windows-11-10.0.26200-SP0,3.13.13,3.2.6,32,13th Gen Intel(R) Core(TM) i9-13900HX,1,1 x NVIDIA GeForce RTX 4070 Laptop GPU,9.1922,45.4722,31.70067596435547,machine,0.0,37.4,44.120000000000005,13.986927032470703,N,1.0,0.0
2026-05-08T21:15:05,Q293_qwen2.5:14b_SQuAD,dc10d5b1-e418-429c-885a-4e2cb0e49783,5b0fa12a-3dd7-45bb-9766-cc326314d9f1,5.1547931999957655,3.37293394913703e-05,6.543296342401866e-06,13.470360377600002,41.0202035325058,20.0,1.74111038290717e-05,5.872699142595028e-05,2.585012277777424e-05,0.0001019882180327,0.0,Italy,ITA,lombardy,,,Windows-11-10.0.26200-SP0,3.13.13,3.2.6,32,13th Gen Intel(R) Core(TM) i9-13900HX,1,1 x NVIDIA GeForce RTX 4070 Laptop GPU,9.1922,45.4722,31.70067596435547,machine,0.0,58.333333333333336,44.1,13.975552876790363,N,1.0,0.0
2026-05-08T21:15:49,Q294_qwen2.5:14b_HumanEval,e5321d8e-9ab9-4cba-bcd5-e3f7bf14a4d4,5b0fa12a-3dd7-45bb-9766-cc326314d9f1,28.598356100003,0.0002223562673612,7.775141570506e-06,13.574529480172307,52.62093651533962,20.0,0.000104054897324,0.000414998387554,0.0001532907283333,0.0006723440132114,0.0,Italy,ITA,lombardy,,,Windows-11-10.0.26200-SP0,3.13.13,3.2.6,32,13th Gen Intel(R) Core(TM) i9-13900HX,1,1 x NVIDIA GeForce RTX 4070 Laptop GPU,9.1922,45.4722,31.70067596435547,machine,2.746153846153846,39.80769230769231,44.10000000000001,13.990687296940733,N,1.0,0.0
2026-05-08T21:16:28,Q295_qwen2.5:14b_SQuAD,03669eed-b0d5-4d55-a112-53a8f22690f0,5b0fa12a-3dd7-45bb-9766-cc326314d9f1,3.928977000003215,2.536814882056473e-05,6.456680408295586e-06,13.20884,41.324923317824094,20.0,1.257481678076538e-05,4.509225829596453e-05,1.9039208888959063e-05,7.670628396568897e-05,0.0,Italy,ITA,lombardy,,,Windows-11-10.0.26200-SP0,3.13.13,3.2.6,32,13th Gen Intel(R) Core(TM) i9-13900HX,1,1 x NVIDIA GeForce RTX 4070 Laptop GPU,9.1922,45.4722,31.70067596435547,machine,0.0,35.0,44.2,14.00041389465332,N,1.0,0.0
2026-05-08T21:17:02,Q296_qwen2.5:14b_MMLU,80ed045f-f2ef-48dc-a4c2-11f3b207748d,5b0fa12a-3dd7-45bb-9766-cc326314d9f1,18.824573299993062,0.0001433680615804,7.616005913955447e-06,13.603070207360002,53.51348936138092,20.0,6.781038029543463e-05,0.0002666913244639,9.90037638888882e-05,0.0004335054686483,0.0,Italy,ITA,lombardy,,,Windows-11-10.0.26200-SP0,3.13.13,3.2.6,32,13th Gen Intel(R) Core(TM) i9-13900HX,1,1 x NVIDIA GeForce RTX 4070 Laptop GPU,9.1922,45.4722,31.70067596435547,machine,0.0,36.64705882352941,44.10588235294118,13.992092356962315,N,1.0,0.0
2026-05-08T21:18:03,Q297_qwen2.5:14b_HumanEval,750fa8b2-4769-4fa4-bbdd-e7257472c4aa,5b0fa12a-3dd7-45bb-9766-cc326314d9f1,25.503823300008666,0.0001986728245752,7.789923190659804e-06,13.425545413760002,53.12366888327784,20.0,9.09292710415496e-05,0.0003736919656199,0.0001361105788889,0.0006007318155504,0.0,Italy,ITA,lombardy,,,Windows-11-10.0.26200-SP0,3.13.13,3.2.6,32,13th Gen Intel(R) Core(TM) i9-13900HX,1,1 x NVIDIA GeForce RTX 4070 Laptop GPU,9.1922,45.4722,31.70067596435547,machine,0.0,40.26086956521739,44.1,13.990163554315982,N,1.0,0.0
2026-05-08T21:18:42,Q298_qwen2.5:14b_HellaSwag,8cbc02c0-483c-400d-b6cc-cd1a0def4c30,5b0fa12a-3dd7-45bb-9766-cc326314d9f1,4.104723399999784,2.5277072107700333e-05,6.158045170035492e-06,13.0572408704,38.07346363223037,20.0,1.3057681189574242e-05,4.3373368032006976e-05,1.999984388886434e-05,7.643089311044556e-05,0.0,Italy,ITA,lombardy,,,Windows-11-10.0.26200-SP0,3.13.13,3.2.6,32,13th Gen Intel(R) Core(TM) i9-13900HX,1,1 x NVIDIA GeForce RTX 4070 Laptop GPU,9.1922,45.4722,31.70067596435547,machine,0.0,76.0,44.1,13.991432189941406,N,1.0,0.0
2026-05-08T21:19:13,Q299_qwen2.5:14b_GSM8K,c95d6fb4-fd76-49ae-8075-18bc2517c1a0,5b0fa12a-3dd7-45bb-9766-cc326314d9f1,15.461234699992929,0.0001171736723564,7.578545609715127e-06,13.183171747657145,50.4070322446596,20.0,5.47707251451857e-05,0.0002164390620399,8.309107444438269e-05,0.0003543008616295,0.0,Italy,ITA,lombardy,,,Windows-11-10.0.26200-SP0,3.13.13,3.2.6,32,13th Gen Intel(R) Core(TM) i9-13900HX,1,1 x NVIDIA GeForce RTX 4070 Laptop GPU,9.1922,45.4722,31.70067596435547,machine,7.6923076923076925,39.23076923076923,44.10000000000001,13.988327906681942,N,1.0,0.0
2026-05-08T21:20:25,Q300_qwen2.5:14b_MMLU,ce34fe0b-32c1-4497-a146-ed3ca198b600,5b0fa12a-3dd7-45bb-9766-cc326314d9f1,37.14520899999479,0.0002942657689777,7.922038316644186e-06,13.270845364045718,54.52899933068614,20.0,0.0001313136307317,0.0005604804483839,0.0001979844299999,0.0008897785091156,0.0,Italy,ITA,lombardy,,,Windows-11-10.0.26200-SP0,3.13.13,3.2.6,32,13th Gen Intel(R) Core(TM) i9-13900HX,1,1 x NVIDIA GeForce RTX 4070 Laptop GPU,9.1922,45.4722,31.70067596435547,machine,5.714285714285714,41.97142857142857,44.105714285714285,13.98997802734375,N,1.0,0.0
2026-05-08T21:21:35,Q301_qwen2.5:14b_GSM8K,354105a9-babb-42ee-aa10-e36f937700b7,5b0fa12a-3dd7-45bb-9766-cc326314d9f1,25.07495860000199,0.000195903447546,7.81271270158783e-06,13.443550666880004,53.1944739231877,20.0,8.99109795034899e-05,0.0003687294616499,0.0001337175422221,0.0005923579833756,0.0,Italy,ITA,lombardy,,,Windows-11-10.0.26200-SP0,3.13.13,3.2.6,32,13th Gen Intel(R) Core(TM) i9-13900HX,1,1 x NVIDIA GeForce RTX 4070 Laptop GPU,9.1922,45.4722,31.70067596435547,machine,0.0,40.17391304347826,44.1,13.98917869899584,N,1.0,0.0
2026-05-08T21:22:37,Q302_qwen2.5:14b_GSM8K,4897eb5e-6328-4622-b30b-9e97979002c4,5b0fa12a-3dd7-45bb-9766-cc326314d9f1,16.19932390000031,0.000121516896216,7.501356042152967e-06,13.29383052032,49.39577899012644,20.0,5.796600353789571e-05,0.0002222610111419,8.72065577778105e-05,0.0003674335724576,0.0,Italy,ITA,lombardy,,,Windows-11-10.0.26200-SP0,3.13.13,3.2.6,32,13th Gen Intel(R) Core(TM) i9-13900HX,1,1 x NVIDIA GeForce RTX 4070 Laptop GPU,9.1922,45.4722,31.70067596435547,machine,2.378571428571429,38.92857142857143,44.10714285714285,13.986964906964984,N,1.0,0.0
2026-05-08T21:23:14,Q303_qwen2.5:14b_HellaSwag,67c8ee9e-ea73-4f98-a91d-2258251082a2,5b0fa12a-3dd7-45bb-9766-cc326314d9f1,12.066464399991672,9.079925974035384e-05,7.524926667037323e-06,13.553308823272728,49.7569800041851,20.0,4.353909012284732e-05,0.000166764855634,6.424796777775757e-05,0.0002745519135346,0.0,Italy,ITA,lombardy,,,Windows-11-10.0.26200-SP0,3.13.13,3.2.6,32,13th Gen Intel(R) Core(TM) i9-13900HX,1,1 x NVIDIA GeForce RTX 4070 Laptop GPU,9.1922,45.4722,31.70067596435547,machine,10.0,44.3,44.1,13.991139602661132,N,1.0,0.0
2026-05-08T21:23:46,Q304_qwen2.5:14b_HellaSwag,ca9737db-26e0-4b45-aca1-207a396804c6,5b0fa12a-3dd7-45bb-9766-cc326314d9f1,7.024829999994836,4.749454785194629e-05,6.760953340078152e-06,13.5687179456,42.44274774589921,20.0,2.458122737884719e-05,8.279784401599155e-05,3.623133944444514e-05,0.0001436104108392,0.0,Italy,ITA,lombardy,,,Windows-11-10.0.26200-SP0,3.13.13,3.2.6,32,13th Gen Intel(R) Core(TM) i9-13900HX,1,1 x NVIDIA GeForce RTX 4070 Laptop GPU,9.1922,45.4722,31.70067596435547,machine,16.66,50.2,44.2,14.009230041503908,N,1.0,0.0
2026-05-08T21:24:25,Q305_qwen2.5:14b_MMLU,2be64f05-ed75-4228-9958-2881ef413764,5b0fa12a-3dd7-45bb-9766-cc326314d9f1,13.783105500013336,0.0001049901710861,7.617308819558168e-06,13.122029309046155,51.00450324051447,20.0,4.840991518625773e-05,0.0001952679339919,7.378346555560711e-05,0.0003174613147338,0.0,Italy,ITA,lombardy,,,Windows-11-10.0.26200-SP0,3.13.13,3.2.6,32,13th Gen Intel(R) Core(TM) i9-13900HX,1,1 x NVIDIA GeForce RTX 4070 Laptop GPU,9.1922,45.4722,31.70067596435547,machine,0.0,35.166666666666664,44.20000000000001,14.008063316345217,N,1.0,0.0
2026-05-08T21:24:57,Q306_qwen2.5:14b_SQuAD,29960c31-9ca6-4053-9db8-cdb0a2217702,5b0fa12a-3dd7-45bb-9766-cc326314d9f1,6.780634900002042,4.758937074805588e-05,7.0184240045193335e-06,13.416065177600002,45.467426288310506,20.0,2.339683506592219e-05,8.562229072001104e-05,3.487800333330395e-05,0.0001438971291192,0.0,Italy,ITA,lombardy,,,Windows-11-10.0.26200-SP0,3.13.13,3.2.6,32,13th Gen Intel(R) Core(TM) i9-13900HX,1,1 x NVIDIA GeForce RTX 4070 Laptop GPU,9.1922,45.4722,31.70067596435547,machine,0.0,38.6,44.2,14.006884765625,N,1.0,0.0
2026-05-08T21:25:25,Q307_qwen2.5:14b_GSM8K,d088a6ff-5753-4323-9884-9817d3160a2e,5b0fa12a-3dd7-45bb-9766-cc326314d9f1,12.966327100002673,9.577943631292683e-05,7.386782361283105e-06,13.422730016,48.28777284177702,20.0,4.6470113980883685e-05,0.0001739004168979,6.924006277776142e-05,0.0002896105936566,0.0,Italy,ITA,lombardy,,,Windows-11-10.0.26200-SP0,3.13.13,3.2.6,32,13th Gen Intel(R) Core(TM) i9-13900HX,1,1 x NVIDIA GeForce RTX 4070 Laptop GPU,9.1922,45.4722,31.70067596435547,machine,0.0,40.09090909090909,44.2,14.01020708951083,N,1.0,0.0
2026-05-08T21:26:00,Q308_qwen2.5:14b_HellaSwag,1061ead4-c429-467a-b812-9d049227174d,5b0fa12a-3dd7-45bb-9766-cc326314d9f1,9.306815100004314,6.543102931154672e-05,7.0304425959334245e-06,13.1728440224,45.151162935831394,20.0,3.221682499151762e-05,0.0001167153711499,4.891318666664625e-05,0.0001978453828081,0.0,Italy,ITA,lombardy,,,Windows-11-10.0.26200-SP0,3.13.13,3.2.6,32,13th Gen Intel(R) Core(TM) i9-13900HX,1,1 x NVIDIA GeForce RTX 4070 Laptop GPU,9.1922,45.4722,31.70067596435547,machine,0.0,37.42857142857143,44.2,13.998625074114118,N,1.0,0.0
2026-05-08T21:26:56,Q309_qwen2.5:14b_MMLU,ce50fdb3-3a59-45d9-b013-ed3a82bd01df,5b0fa12a-3dd7-45bb-9766-cc326314d9f1,31.31274470000062,0.0002471427702435,7.892721401823683e-06,13.189241686640004,53.878794093326206,20.0,0.0001110478471333,0.0004678637076239,0.0001683800055554,0.0007472915603128,0.0,Italy,ITA,lombardy,,,Windows-11-10.0.26200-SP0,3.13.13,3.2.6,32,13th Gen Intel(R) Core(TM) i9-13900HX,1,1 x NVIDIA GeForce RTX 4070 Laptop GPU,9.1922,45.4722,31.70067596435547,machine,6.896551724137931,41.689655172413794,44.19310344827586,14.0000193365689,N,1.0,0.0
2026-05-08T21:27:47,Q310_qwen2.5:14b_SQuAD,638b185f-06c2-4c27-91c1-7807d99acc26,5b0fa12a-3dd7-45bb-9766-cc326314d9f1,5.740229000002728,3.7257255012916856e-05,6.490552034230543e-06,13.55075515136,40.087837193178565,20.0,1.970348192681141e-05,6.387199554203082e-05,2.908018388892136e-05,0.0001126556613577,0.0,Italy,ITA,lombardy,,,Windows-11-10.0.26200-SP0,3.13.13,3.2.6,32,13th Gen Intel(R) Core(TM) i9-13900HX,1,1 x NVIDIA GeForce RTX 4070 Laptop GPU,9.1922,45.4722,31.70067596435547,machine,0.0,40.5,44.2,14.00876808166504,N,1.0,0.0
2026-05-08T21:28:21,Q311_qwen2.5:14b_SQuAD,7ebca343-14a2-44cb-9e59-b1b97cce6da6,5b0fa12a-3dd7-45bb-9766-cc326314d9f1,18.281445800006622,0.0001414160836838,7.73549779546417e-06,13.40332069376,54.83323967660155,20.0,6.498978153347112e-05,0.00026664743554,9.596600888891972e-05,0.0004276032259624,0.0,Italy,ITA,lombardy,,,Windows-11-10.0.26200-SP0,3.13.13,3.2.6,32,13th Gen Intel(R) Core(TM) i9-13900HX,1,1 x NVIDIA GeForce RTX 4070 Laptop GPU,9.1922,45.4722,31.70067596435547,machine,2.5,40.5,44.2,14.00977873802185,N,1.0,0.0
2026-05-08T21:29:04,Q312_qwen2.5:14b_MMLU,09b14593-50dc-4ce5-ab18-39641a9c45f1,5b0fa12a-3dd7-45bb-9766-cc326314d9f1,7.398746199993184,5.024805324187097e-05,6.791428153315661e-06,13.4499776384,42.74943401698224,20.0,2.57688812753551e-05,8.785007028000447e-05,3.8317299999956354e-05,0.0001519362515553,0.0,Italy,ITA,lombardy,,,Windows-11-10.0.26200-SP0,3.13.13,3.2.6,32,13th Gen Intel(R) Core(TM) i9-13900HX,1,1 x NVIDIA GeForce RTX 4070 Laptop GPU,9.1922,45.4722,31.70067596435547,machine,0.0,50.4,44.2,14.005459594726563,N,1.0,0.0
2026-05-08T21:29:39,Q313_qwen2.5:14b_GSM8K,5642f03e-3102-4eb2-9aa7-099c222f45b7,5b0fa12a-3dd7-45bb-9766-cc326314d9f1,20.5057259999885,0.000159957735154,7.800637497749161e-06,13.46168619392,52.83332810504618,20.0,7.326830677263894e-05,0.0003020774638839,0.0001083222944443,0.000483668065101,0.0,Italy,ITA,lombardy,,,Windows-11-10.0.26200-SP0,3.13.13,3.2.6,32,13th Gen Intel(R) Core(TM) i9-13900HX,1,1 x NVIDIA GeForce RTX 4070 Laptop GPU,9.1922,45.4722,31.70067596435547,machine,0.0,37.05555555555556,44.19444444444444,14.000857247246635,N,1.0,0.0
2026-05-08T21:30:25,Q314_qwen2.5:14b_HellaSwag,d2c4cf39-3357-4e90-95d3-3f4afd64120a,5b0fa12a-3dd7-45bb-9766-cc326314d9f1,10.68387600001006,7.904146477642335e-05,7.39820124984125e-06,13.450810211840002,48.68699464294337,20.0,3.802906508859012e-05,0.0001444259488739,5.6544571111185686e-05,0.0002389995850737,0.0,Italy,ITA,lombardy,,,Windows-11-10.0.26200-SP0,3.13.13,3.2.6,32,13th Gen Intel(R) Core(TM) i9-13900HX,1,1 x NVIDIA GeForce RTX 4070 Laptop GPU,9.1922,45.4722,31.70067596435547,machine,0.0,34.55555555555556,44.2,14.003155178493923,N,1.0,0.0
2026-05-08T21:31:10,Q315_qwen2.5:14b_HumanEval,785bd63c-a129-4b71-b280-35eecd4f5909,5b0fa12a-3dd7-45bb-9766-cc326314d9f1,19.67757210000127,0.0001499160573442,7.618625742159461e-06,13.13927993216,52.31727986990827,20.0,6.83489009780293e-05,0.0002812149471939,0.0001037409533334,0.0004533048015054,0.0,Italy,ITA,lombardy,,,Windows-11-10.0.26200-SP0,3.13.13,3.2.6,32,13th Gen Intel(R) Core(TM) i9-13900HX,1,1 x NVIDIA GeForce RTX 4070 Laptop GPU,9.1922,45.4722,31.70067596435547,machine,0.0,41.66666666666666,44.2,14.004873275756836,N,1.0,0.0
2026-05-08T21:31:51,Q316_qwen2.5:14b_HellaSwag,0f56c6cc-7d03-4ee4-b5bf-3f353fe4afd7,5b0fa12a-3dd7-45bb-9766-cc326314d9f1,5.374040900002001,3.362982413679604e-05,6.257828096690428e-06,13.4125277312,37.83217233312302,20.0,1.815259587915061e-05,5.646726739599872e-05,2.7067447777759906e-05,0.0001016873110529,0.0,Italy,ITA,lombardy,,,Windows-11-10.0.26200-SP0,3.13.13,3.2.6,32,13th Gen Intel(R) Core(TM) i9-13900HX,1,1 x NVIDIA GeForce RTX 4070 Laptop GPU,9.1922,45.4722,31.70067596435547,machine,0.0,58.0,44.20000000000001,14.00188954671224,N,1.0,0.0
2026-05-08T21:32:15,Q317_qwen2.5:14b_HellaSwag,be15cdd9-b848-4650-adeb-8b74c13b397b,5b0fa12a-3dd7-45bb-9766-cc326314d9f1,9.52742529999523,6.690509520795222e-05,7.022368908836863e-06,13.4939791712,44.739429484764194,20.0,3.382024786832408e-05,0.0001183567613519,5.012554222218265e-05,0.0002023025514424,0.0,Italy,ITA,lombardy,,,Windows-11-10.0.26200-SP0,3.13.13,3.2.6,32,13th Gen Intel(R) Core(TM) i9-13900HX,1,1 x NVIDIA GeForce RTX 4070 Laptop GPU,9.1922,45.4722,31.70067596435547,machine,0.0,35.285714285714285,44.17142857142858,14.00103487287249,N,1.0,0.0
2026-05-08T21:32:57,Q318_qwen2.5:14b_GSM8K,09606e12-bbca-4c18-b599-5e155bf3428a,5b0fa12a-3dd7-45bb-9766-cc326314d9f1,16.229008099995553,0.0001214076381434,7.480903170138803e-06,13.17730806272,49.283867404812085,20.0,5.756713178859549e-05,0.0002221637888419,8.737228555554692e-05,0.0003671032061861,0.0,Italy,ITA,lombardy,,,Windows-11-10.0.26200-SP0,3.13.13,3.2.6,32,13th Gen Intel(R) Core(TM) i9-13900HX,1,1 x NVIDIA GeForce RTX 4070 Laptop GPU,9.1922,45.4722,31.70067596435547,machine,3.064285714285714,38.92857142857143,44.15,13.995389665876116,N,1.0,0.0
2026-05-08T21:33:30,Q319_qwen2.5:14b_MMLU,133c5438-7e70-499d-b7e6-13941003d8e0,5b0fa12a-3dd7-45bb-9766-cc326314d9f1,8.428006199988886,6.014832867549332e-05,7.1367209810041e-06,13.15845457554286,46.50552673608794,20.0,2.89716251686326e-05,0.000108866198204,4.403412999995958e-05,0.0001818719533726,0.0,Italy,ITA,lombardy,,,Windows-11-10.0.26200-SP0,3.13.13,3.2.6,32,13th Gen Intel(R) Core(TM) i9-13900HX,1,1 x NVIDIA GeForce RTX 4070 Laptop GPU,9.1922,45.4722,31.70067596435547,machine,0.0,40.16666666666666,44.20000000000001,14.00629742940267,N,1.0,0.0
2026-05-08T21:33:59,Q320_qwen2.5:14b_SQuAD,cf2c48ee-b8df-44f0-8de8-b4fdc7eda64b,5b0fa12a-3dd7-45bb-9766-cc326314d9f1,3.493447999993805,2.016167112675321e-05,5.771281303396806e-06,13.001474604800002,34.57327897614757,20.0,1.0803296513458646e-05,3.354224905605108e-05,1.66177861111161e-05,6.096333168062582e-05,0.0,Italy,ITA,lombardy,,,Windows-11-10.0.26200-SP0,3.13.13,3.2.6,32,13th Gen Intel(R) Core(TM) i9-13900HX,1,1 x NVIDIA GeForce RTX 4070 Laptop GPU,9.1922,45.4722,31.70067596435547,machine,0.0,27.0,44.2,14.0084228515625,N,1.0,0.0
2026-05-08T21:34:23,Q321_qwen2.5:14b_MMLU,e0ce9ca9-3802-46cc-aa1b-a8741239b6dc,5b0fa12a-3dd7-45bb-9766-cc326314d9f1,8.479831799995736,5.925259113496399e-05,6.987472456115672e-06,13.402290631314289,44.6428402072134,20.0,2.9697926585286766e-05,0.0001051486952299,4.431686833332706e-05,0.0001791634901485,0.0,Italy,ITA,lombardy,,,Windows-11-10.0.26200-SP0,3.13.13,3.2.6,32,13th Gen Intel(R) Core(TM) i9-13900HX,1,1 x NVIDIA GeForce RTX 4070 Laptop GPU,9.1922,45.4722,31.70067596435547,machine,0.0,47.16666666666666,44.20000000000001,14.017943700154625,N,1.0,0.0
2026-05-08T21:34:41,Q322_qwen2.5:14b_SQuAD,a6930ebb-c22b-4444-91f5-151b8b33eb96,5b0fa12a-3dd7-45bb-9766-cc326314d9f1,3.5223301999940304,2.337402535353786e-05,6.635955184887968e-06,12.925868633600002,44.01431594310637,20.0,1.0843670256689805e-05,4.305559000000736e-05,1.6777344444401226e-05,7.06766047010984e-05,0.0,Italy,ITA,lombardy,,,Windows-11-10.0.26200-SP0,3.13.13,3.2.6,32,13th Gen Intel(R) Core(TM) i9-13900HX,1,1 x NVIDIA GeForce RTX 4070 Laptop GPU,9.1922,45.4722,31.70067596435547,machine,0.0,28.0,44.2,14.01327896118164,N,1.0,0.0
2026-05-08T21:35:29,Q323_qwen2.5:14b_HumanEval,a37ec0ca-0d6a-4bf8-bb1a-bf482b994e6e,5b0fa12a-3dd7-45bb-9766-cc326314d9f1,32.66707890000544,0.0002525265982669,7.730308517633926e-06,13.144207861760002,50.89480743322141,20.0,0.0001143535968329,0.000476130658682,0.0001730865155556,0.0007635707710706,0.0,Italy,ITA,lombardy,,,Windows-11-10.0.26200-SP0,3.13.13,3.2.6,32,13th Gen Intel(R) Core(TM) i9-13900HX,1,1 x NVIDIA GeForce RTX 4070 Laptop GPU,9.1922,45.4722,31.70067596435547,machine,0.0,41.16666666666666,44.2,14.006573486328126,N,1.0,0.0
2026-05-08T21:36:20,Q324_qwen2.5:14b_MMLU,9ab889cd-ef38-43c9-b431-4187ce4fedc2,5b0fa12a-3dd7-45bb-9766-cc326314d9f1,5.421375199992326,3.612327645597797e-05,6.663120541081367e-06,13.084597020800002,42.51234212440406,20.0,1.788185625528069e-05,6.401310676606986e-05,2.7331860000008923e-05,0.0001092268230213,0.0,Italy,ITA,lombardy,,,Windows-11-10.0.26200-SP0,3.13.13,3.2.6,32,13th Gen Intel(R) Core(TM) i9-13900HX,1,1 x NVIDIA GeForce RTX 4070 Laptop GPU,9.1922,45.4722,31.70067596435547,machine,0.0,61.66666666666666,44.20000000000001,14.009679158528646,N,1.0,0.0
2026-05-08T21:37:12,Q325_qwen2.5:14b_HumanEval,262dd824-4836-4651-be9b-2c8a8a02be86,5b0fa12a-3dd7-45bb-9766-cc326314d9f1,37.25255770000513,0.0002958527423498,7.941810190116941e-06,13.419324951565711,55.18920153335546,20.0,0.0001338473829092,0.000562237116456,0.0001984925794445,0.0008945770788098,0.0,Italy,ITA,lombardy,,,Windows-11-10.0.26200-SP0,3.13.13,3.2.6,32,13th Gen Intel(R) Core(TM) i9-13900HX,1,1 x NVIDIA GeForce RTX 4070 Laptop GPU,9.1922,45.4722,31.70067596435547,machine,0.0,40.54285714285714,44.23142857142857,14.018054853166852,N,1.0,0.0
2026-05-08T21:38:19,Q326_qwen2.5:14b_MMLU,9aa22ec2-bb45-48ab-9095-d13720664625,5b0fa12a-3dd7-45bb-9766-cc326314d9f1,21.00606849999167,0.0001606809228641,7.649262062732862e-06,13.21744171904,52.98181760797378,20.0,7.34161886211831e-05,0.000301326074394,0.0001111125222222,0.0004858547852374,0.0,Italy,ITA,lombardy,,,Windows-11-10.0.26200-SP0,3.13.13,3.2.6,32,13th Gen Intel(R) Core(TM) i9-13900HX,1,1 x NVIDIA GeForce RTX 4070 Laptop GPU,9.1922,45.4722,31.70067596435547,machine,5.2631578947368425,42.78947368421053,44.321052631578944,14.05739332500257,N,1.0,0.0
2026-05-08T21:39:03,Q327_qwen2.5:14b_SQuAD,7395d4b7-5211-455d-97b5-85735459d0f2,5b0fa12a-3dd7-45bb-9766-cc326314d9f1,9.08628650000901,6.58029207329995e-05,7.24200373088987e-06,13.524648608,47.18034654374088,20.0,3.2243858529413715e-05,0.0001190450952359,4.768092611112581e-05,0.0001989698798765,0.0,Italy,ITA,lombardy,,,Windows-11-10.0.26200-SP0,3.13.13,3.2.6,32,13th Gen Intel(R) Core(TM) i9-13900HX,1,1 x NVIDIA GeForce RTX 4070 Laptop GPU,9.1922,45.4722,31.70067596435547,machine,0.0,39.85714285714285,44.4,14.06695556640625,N,1.0,0.0
2026-05-08T21:40:03,Q328_qwen2.5:14b_HumanEval,cb89f3cd-29a5-41cc-a72e-2d3f93d1e6d2,5b0fa12a-3dd7-45bb-9766-cc326314d9f1,34.93593300000066,0.0002773018126466,7.937438300177833e-06,13.152504983520002,54.65286911379983,20.0,0.0001223970500028,0.0005303701465179,0.0001857169883334,0.0008384841848543,0.0,Italy,ITA,lombardy,,,Windows-11-10.0.26200-SP0,3.13.13,3.2.6,32,13th Gen Intel(R) Core(TM) i9-13900HX,1,1 x NVIDIA GeForce RTX 4070 Laptop GPU,9.1922,45.4722,31.70067596435547,machine,5.784848484848485,38.93939393939394,44.30303030303031,14.051932017008465,N,1.0,0.0
2026-05-08T21:41:12,Q329_qwen2.5:14b_HumanEval,e4728d42-be12-472c-8b92-edba92e4be93,5b0fa12a-3dd7-45bb-9766-cc326314d9f1,24.14276580000296,0.0001894282368464,7.846169673171516e-06,13.62543446272,53.55339612662206,20.0,8.784210568823108e-05,0.0003563997295639,0.0001285368972221,0.0005727787324743,0.0,Italy,ITA,lombardy,,,Windows-11-10.0.26200-SP0,3.13.13,3.2.6,32,13th Gen Intel(R) Core(TM) i9-13900HX,1,1 x NVIDIA GeForce RTX 4070 Laptop GPU,9.1922,45.4722,31.70067596435547,machine,0.0,39.5,44.3,14.04583705555309,N,1.0,0.0
2026-05-08T21:42:25,Q330_qwen2.5:14b_HumanEval,a24efd63-825b-40bf-987e-9d87614977c5,5b0fa12a-3dd7-45bb-9766-cc326314d9f1,37.375588199996855,0.0002986819123609,7.991363527516754e-06,13.247856486308573,56.00425980043804,20.0,0.000132277772309,0.0005715874017139,0.0001992665344444,0.0009031317084674,0.0,Italy,ITA,lombardy,,,Windows-11-10.0.26200-SP0,3.13.13,3.2.6,32,13th Gen Intel(R) Core(TM) i9-13900HX,1,1 x NVIDIA GeForce RTX 4070 Laptop GPU,9.1922,45.4722,31.70067596435547,machine,2.54,39.97142857142857,44.27142857142857,14.046200125558036,N,1.0,0.0
2026-05-08T21:43:24,Q331_qwen2.5:14b_HellaSwag,de8257ab-dd88-46b7-964c-70f80b8f32f0,5b0fa12a-3dd7-45bb-9766-cc326314d9f1,13.273029699994368,9.92106998185619e-05,7.474608439895527e-06,13.1904424928,49.43255218521438,20.0,4.679282104149728e-05,0.0001822443124619,7.094865444442904e-05,0.0002999857879479,0.0,Italy,ITA,lombardy,,,Windows-11-10.0.26200-SP0,3.13.13,3.2.6,32,13th Gen Intel(R) Core(TM) i9-13900HX,1,1 x NVIDIA GeForce RTX 4070 Laptop GPU,9.1922,45.4722,31.70067596435547,machine,0.0,36.0,44.2,14.022708546031604,N,1.0,0.0
2026-05-08T21:44:26,Q332_qwen2.5:14b_HumanEval,9b5cd804-95ec-4a6c-b067-19658fbee7f1,5b0fa12a-3dd7-45bb-9766-cc326314d9f1,37.48589500000526,0.000300783158818,8.02390229226115e-06,13.545135295245714,55.54310248719565,20.0,0.0001356356989293,0.000573967403618,0.0001998821955555,0.0009094852981029,0.0,Italy,ITA,lombardy,,,Windows-11-10.0.26200-SP0,3.13.13,3.2.6,32,13th Gen Intel(R) Core(TM) i9-13900HX,1,1 x NVIDIA GeForce RTX 4070 Laptop GPU,9.1922,45.4722,31.70067596435547,machine,4.082857142857143,40.0,44.29714285714285,14.033435276576451,N,1.0,0.0
2026-05-08T21:45:45,Q333_qwen2.5:14b_HumanEval,82d69060-f402-496b-a418-2644c29b6b86,5b0fa12a-3dd7-45bb-9766-cc326314d9f1,33.76776470000914,0.0002688672228147,7.96224521235871e-06,13.36811393152,56.48533111152009,20.0,0.0001204044384746,0.0005133995773859,0.0001791762961111,0.0008129803119718,0.0,Italy,ITA,lombardy,,,Windows-11-10.0.26200-SP0,3.13.13,3.2.6,32,13th Gen Intel(R) Core(TM) i9-13900HX,1,1 x NVIDIA GeForce RTX 4070 Laptop GPU,9.1922,45.4722,31.70067596435547,machine,5.0,40.96875,44.3,14.033226609230042,N,1.0,0.0
2026-05-08T21:46:38,Q334_qwen2.5:14b_MMLU,e371c784-cd2e-4c40-a1a5-193278147219,5b0fa12a-3dd7-45bb-9766-cc326314d9f1,7.610171400010586,5.47134245837647e-05,7.189512785965451e-06,13.349441232457144,47.11951649082869,20.0,2.63576963334822e-05,9.959257967390168e-05,3.948802666669103e-05,0.000165438302674,0.0,Italy,ITA,lombardy,,,Windows-11-10.0.26200-SP0,3.13.13,3.2.6,32,13th Gen Intel(R) Core(TM) i9-13900HX,1,1 x NVIDIA GeForce RTX 4070 Laptop GPU,9.1922,45.4722,31.70067596435547,machine,8.333333333333334,50.0,44.29999999999999,14.035196304321287,N,1.0,0.0
2026-05-08T21:47:15,Q335_qwen2.5:14b_MMLU,59aa0075-d8f4-40cb-bff8-d1a1ef6de11c,5b0fa12a-3dd7-45bb-9766-cc326314d9f1,11.823999400003231,9.235363223996289e-05,7.810693244786332e-06,13.141078546618182,53.29545379345614,20.0,4.132782216273708e-05,0.000175026251132,6.289783388888786e-05,0.0002792519071836,0.0,Italy,ITA,lombardy,,,Windows-11-10.0.26200-SP0,3.13.13,3.2.6,32,13th Gen Intel(R) Core(TM) i9-13900HX,1,1 x NVIDIA GeForce RTX 4070 Laptop GPU,9.1922,45.4722,31.70067596435547,machine,0.0,39.0,44.3,14.036396789550782,N,1.0,0.0
2026-05-08T21:47:49,Q336_qwen2.5:14b_SQuAD,5816b412-e082-4dd6-b1a0-20bb163c92e1,5b0fa12a-3dd7-45bb-9766-cc326314d9f1,9.07627799999318,6.70812955411811e-05,7.390837471178329e-06,13.543314334400002,48.76966651516165,20.0,3.225660984322398e-05,0.000122944820578,4.763390222223178e-05,0.0002028353326434,0.0,Italy,ITA,lombardy,,,Windows-11-10.0.26200-SP0,3.13.13,3.2.6,32,13th Gen Intel(R) Core(TM) i9-13900HX,1,1 x NVIDIA GeForce RTX 4070 Laptop GPU,9.1922,45.4722,31.70067596435547,machine,0.0,40.85714285714285,44.3,14.034049442836215,N,1.0,0.0
2026-05-08T21:48:38,Q337_qwen2.5:14b_GSM8K,3eac6055-30dc-4997-ab85-f47b5e1b3e82,5b0fa12a-3dd7-45bb-9766-cc326314d9f1,23.095000900008017,0.0001790364733415,7.752174339231209e-06,13.5323018144,53.22532865077302,20.0,8.337328807890778e-05,0.000335291101566,0.0001226925166666,0.0005413569063116,0.0,Italy,ITA,lombardy,,,Windows-11-10.0.26200-SP0,3.13.13,3.2.6,32,13th Gen Intel(R) Core(TM) i9-13900HX,1,1 x NVIDIA GeForce RTX 4070 Laptop GPU,9.1922,45.4722,31.70067596435547,machine,4.328571428571429,38.61904761904762,44.36190476190476,14.052108038039435,N,1.0,0.0
2026-05-08T21:49:19,Q338_qwen2.5:14b_SQuAD,b878f9e6-405f-49ae-8d76-fa5dab7ca3cc,5b0fa12a-3dd7-45bb-9766-cc326314d9f1,5.899208400005591,4.273720073446199e-05,7.24456534446579e-06,13.10912394752,48.60805102914159,20.0,1.964521516565892e-05,7.960923035404965e-05,2.997105999998489e-05,0.0001292255055196,0.0,Italy,ITA,lombardy,,,Windows-11-10.0.26200-SP0,3.13.13,3.2.6,32,13th Gen Intel(R) Core(TM) i9-13900HX,1,1 x NVIDIA GeForce RTX 4070 Laptop GPU,9.1922,45.4722,31.70067596435547,machine,0.0,55.25,44.3,14.039690017700195,N,1.0,0.0
2026-05-08T21:49:37,Q339_qwen2.5:14b_SQuAD,41f24d7b-7419-498f-9b7e-6e807efb19ad,5b0fa12a-3dd7-45bb-9766-cc326314d9f1,3.5844074999913573,2.219476351211868e-05,6.192031322379553e-06,13.035747968,39.02988217856458,20.0,1.1157369468710218e-05,3.883614218003206e-05,1.7117330555548607e-05,6.711084220429089e-05,0.0,Italy,ITA,lombardy,,,Windows-11-10.0.26200-SP0,3.13.13,3.2.6,32,13th Gen Intel(R) Core(TM) i9-13900HX,1,1 x NVIDIA GeForce RTX 4070 Laptop GPU,9.1922,45.4722,31.70067596435547,machine,0.0,64.5,44.25,14.03032112121582,N,1.0,0.0
2026-05-08T21:50:13,Q340_qwen2.5:14b_HumanEval,c79e1fd6-2a57-4879-b449-1bce9fe12376,5b0fa12a-3dd7-45bb-9766-cc326314d9f1,19.93176130000211,0.0001551835110093,7.785739989234377e-06,13.342666661120004,52.74400375121961,20.0,7.086357594012104e-05,0.000293236067922,0.0001051324844444,0.0004692321283065,0.0,Italy,ITA,lombardy,,,Windows-11-10.0.26200-SP0,3.13.13,3.2.6,32,13th Gen Intel(R) Core(TM) i9-13900HX,1,1 x NVIDIA GeForce RTX 4070 Laptop GPU,9.1922,45.4722,31.70067596435547,machine,5.555555555555555,43.22222222222222,44.3,14.03175777859158,N,1.0,0.0
2026-05-08T21:51:12,Q341_qwen2.5:14b_GSM8K,e4e3e0e4-9830-421a-a2d9-d9ff8e4671b1,5b0fa12a-3dd7-45bb-9766-cc326314d9f1,24.206749999997555,0.0001874234674196,7.742611768190397e-06,13.183459232,53.14948688855041,20.0,8.503115550906066e-05,0.0003528191711439,0.000128866536111,0.0005667168627641,0.0,Italy,ITA,lombardy,,,Windows-11-10.0.26200-SP0,3.13.13,3.2.6,32,13th Gen Intel(R) Core(TM) i9-13900HX,1,1 x NVIDIA GeForce RTX 4070 Laptop GPU,9.1922,45.4722,31.70067596435547,machine,3.636363636363636,40.86363636363637,44.29545454545455,14.031125675548209,N,1.0,0.0
2026-05-08T21:52:13,Q342_qwen2.5:14b_GSM8K,6afc0367-ff40-4742-804a-8438016d88bf,5b0fa12a-3dd7-45bb-9766-cc326314d9f1,25.99475939999684,0.0002015839878555,7.75479337021809e-06,13.607992848058185,52.69355954159727,20.0,9.453056591296004e-05,0.0003762366898779,0.0001387671144444,0.0006095343702353,0.0,Italy,ITA,lombardy,,,Windows-11-10.0.26200-SP0,3.13.13,3.2.6,32,13th Gen Intel(R) Core(TM) i9-13900HX,1,1 x NVIDIA GeForce RTX 4070 Laptop GPU,9.1922,45.4722,31.70067596435547,machine,0.0,39.458333333333336,44.208333333333336,14.025012334187826,N,1.0,0.0
2026-05-08T21:53:08,Q343_qwen2.5:14b_MMLU,53581731-76c2-4eb6-8d96-0bc74939f21f,5b0fa12a-3dd7-45bb-9766-cc326314d9f1,9.227757500004373,6.661713562461545e-05,7.219211777572599e-06,13.14509636,47.24474039575837,20.0,3.186315089350526e-05,0.00012109037465,4.8478315555581095e-05,0.0002014318410991,0.0,Italy,ITA,lombardy,,,Windows-11-10.0.26200-SP0,3.13.13,3.2.6,32,13th Gen Intel(R) Core(TM) i9-13900HX,1,1 x NVIDIA GeForce RTX 4070 Laptop GPU,9.1922,45.4722,31.70067596435547,machine,14.285714285714286,41.142857142857146,44.25714285714286,14.027709415980748,N,1.0,0.0
2026-05-08T21:53:33,Q344_qwen2.5:14b_HellaSwag,8cd47c38-7ff1-4c0b-bce0-b81f72c5e681,5b0fa12a-3dd7-45bb-9766-cc326314d9f1,10.369067699997686,7.942890409181854e-05,7.660177982234243e-06,13.172654822400002,51.82167008060847,20.0,3.610449417325043e-05,0.0001492501194,5.4816481111063496e-05,0.0002401710946843,0.0,Italy,ITA,lombardy,,,Windows-11-10.0.26200-SP0,3.13.13,3.2.6,32,13th Gen Intel(R) Core(TM) i9-13900HX,1,1 x NVIDIA GeForce RTX 4070 Laptop GPU,9.1922,45.4722,31.70067596435547,machine,0.0,45.25,44.3,14.03400993347168,N,1.0,0.0
2026-05-08T21:54:32,Q345_qwen2.5:14b_HumanEval,3c247971-b45f-4c04-b696-68608a10ec61,5b0fa12a-3dd7-45bb-9766-cc326314d9f1,33.183662100011134,0.0002617129122057,7.88680017946873e-06,13.141176797439998,55.16832519569115,20.0,0.000116091473632,0.000499284288316,0.0001759718883333,0.0007913476502815,0.0,Italy,ITA,lombardy,,,Windows-11-10.0.26200-SP0,3.13.13,3.2.6,32,13th Gen Intel(R) Core(TM) i9-13900HX,1,1 x NVIDIA GeForce RTX 4070 Laptop GPU,9.1922,45.4722,31.70067596435547,machine,3.225806451612903,36.935483870967744,44.3,14.0333130128922,N,1.0,0.0
2026-05-08T21:55:44,Q346_qwen2.5:14b_HumanEval,901c16f7-a8d0-454f-8fc4-cb568bc77bda,5b0fa12a-3dd7-45bb-9766-cc326314d9f1,26.73797580000246,0.0002121321239804,7.933739097048451e-06,13.536438142400003,54.86160717702055,20.0,9.686585279007582e-05,0.0004015928212739,0.0001429703499999,0.000641429024064,0.0,Italy,ITA,lombardy,,,Windows-11-10.0.26200-SP0,3.13.13,3.2.6,32,13th Gen Intel(R) Core(TM) i9-13900HX,1,1 x NVIDIA GeForce RTX 4070 Laptop GPU,9.1922,45.4722,31.70067596435547,machine,4.0,39.76,44.284,14.029122467041017,N,1.0,0.0
2026-05-08T21:56:56,Q347_qwen2.5:14b_HumanEval,669c7c6e-1edd-4aa4-8d3d-5e89ac9a37a9,5b0fa12a-3dd7-45bb-9766-cc326314d9f1,26.56723369999964,0.0002114313908034,7.958351749787945e-06,13.666738772829092,54.45485088861841,20.0,9.707784283686754e-05,0.00040022809796,0.0001420042594444,0.0006393102002413,0.0,Italy,ITA,lombardy,,,Windows-11-10.0.26200-SP0,3.13.13,3.2.6,32,13th Gen Intel(R) Core(TM) i9-13900HX,1,1 x NVIDIA GeForce RTX 4070 Laptop GPU,9.1922,45.4722,31.70067596435547,machine,3.408333333333333,42.91666666666666,44.29999999999999,14.031455834706623,N,1.0,0.0
2026-05-08T21:57:52,Q348_qwen2.5:14b_MMLU,a7a0c767-281b-4dcf-9814-509ce5e9336b,5b0fa12a-3dd7-45bb-9766-cc326314d9f1,9.871241799992276,7.306788513205418e-05,7.402096576350845e-06,13.112696819200002,49.17763169100812,20.0,3.411484582707405e-05,0.0001347898300539,5.203245222219266e-05,0.0002209371281032,0.0,Italy,ITA,lombardy,,,Windows-11-10.0.26200-SP0,3.13.13,3.2.6,32,13th Gen Intel(R) Core(TM) i9-13900HX,1,1 x NVIDIA GeForce RTX 4070 Laptop GPU,9.1922,45.4722,31.70067596435547,machine,5.0,36.75,44.4,14.084370136260986,N,1.0,0.0
2026-05-08T21:58:30,Q349_qwen2.5:14b_MMLU,06f921ef-3cc5-4efa-aff1-58fba7ea7f07,5b0fa12a-3dd7-45bb-9766-cc326314d9f1,12.829801400002909,9.768285100942892e-05,7.613746149601878e-06,13.404610880000002,50.78618730599519,20.0,4.590110706029205e-05,0.000180980144784,6.848474277778426e-05,0.000295365994622,0.0,Italy,ITA,lombardy,,,Windows-11-10.0.26200-SP0,3.13.13,3.2.6,32,13th Gen Intel(R) Core(TM) i9-13900HX,1,1 x NVIDIA GeForce RTX 4070 Laptop GPU,9.1922,45.4722,31.70067596435547,machine,0.0,44.45454545454545,44.4,14.073218258944424,N,1.0,0.0
2026-05-08T21:59:01,Q350_qwen2.5:14b_MMLU,e19d8039-a62e-40be-bc5c-f407ad15093b,5b0fa12a-3dd7-45bb-9766-cc326314d9f1,6.6064597999939,4.501505832486127e-05,6.813794329741147e-06,13.0867074944,43.6218496145765,20.0,2.2185373928075364e-05,8.00233973520248e-05,3.390434722225311e-05,0.0001361131185023,0.0,Italy,ITA,lombardy,,,Windows-11-10.0.26200-SP0,3.13.13,3.2.6,32,13th Gen Intel(R) Core(TM) i9-13900HX,1,1 x NVIDIA GeForce RTX 4070 Laptop GPU,9.1922,45.4722,31.70067596435547,machine,0.0,39.0,44.4,14.072106170654298,N,1.0,0.0
2026-05-08T21:59:26,Q351_qwen2.5:14b_MMLU,ab9a5065-4dbe-43c5-a051-de9f66b6bc45,5b0fa12a-3dd7-45bb-9766-cc326314d9f1,9.14576249998936,6.369092757372082e-05,6.963982234810375e-06,13.440837598400002,44.20491430305111,20.0,3.227179978880012e-05,0.000112292312056,4.801968333332398e-05,0.0001925837951781,0.0,Italy,ITA,lombardy,,,Windows-11-10.0.26200-SP0,3.13.13,3.2.6,32,13th Gen Intel(R) Core(TM) i9-13900HX,1,1 x NVIDIA GeForce RTX 4070 Laptop GPU,9.1922,45.4722,31.70067596435547,machine,0.0,39.57142857142857,44.4,14.074880872453962,N,1.0,0.0
2026-05-08T21:59:55,Q352_qwen2.5:14b_SQuAD,f45c0198-b48c-4ffc-b4fc-b007ef451e94,5b0fa12a-3dd7-45bb-9766-cc326314d9f1,3.683811099996092,2.086234474260584e-05,5.663250415480851e-06,13.0666310528,33.08781418015706,20.0,1.1550766102885607e-05,3.385224930402275e-05,1.767895999995138e-05,6.308197540685974e-05,0.0,Italy,ITA,lombardy,,,Windows-11-10.0.26200-SP0,3.13.13,3.2.6,32,13th Gen Intel(R) Core(TM) i9-13900HX,1,1 x NVIDIA GeForce RTX 4070 Laptop GPU,9.1922,45.4722,31.70067596435547,machine,0.0,48.5,44.45,14.084259033203123,N,1.0,0.0
2026-05-08T22:00:16,Q353_qwen2.5:14b_SQuAD,430dec90-ca6d-4315-b09e-af196e6d25f4,5b0fa12a-3dd7-45bb-9766-cc326314d9f1,6.094314600006328,4.436515463563296e-05,7.279761145836957e-06,13.22621797376,48.76480850745634,20.0,2.0544569109725426e-05,8.25378438080171e-05,3.1065576111076456e-05,0.0001341479890288,0.0,Italy,ITA,lombardy,,,Windows-11-10.0.26200-SP0,3.13.13,3.2.6,32,13th Gen Intel(R) Core(TM) i9-13900HX,1,1 x NVIDIA GeForce RTX 4070 Laptop GPU,9.1922,45.4722,31.70067596435547,machine,0.0,40.5,44.4,14.078526496887209,N,1.0,0.0
2026-05-08T22:00:38,Q354_qwen2.5:14b_MMLU,d8e7127d-6178-4976-95ec-f4653a645ca0,5b0fa12a-3dd7-45bb-9766-cc326314d9f1,6.515071499990881,4.414584101030328e-05,6.775956489558874e-06,13.113531430400002,43.20137242008675,20.0,2.1904408697706543e-05,7.817395142806216e-05,3.3406484999997904e-05,0.0001334848451257,0.0,Italy,ITA,lombardy,,,Windows-11-10.0.26200-SP0,3.13.13,3.2.6,32,13th Gen Intel(R) Core(TM) i9-13900HX,1,1 x NVIDIA GeForce RTX 4070 Laptop GPU,9.1922,45.4722,31.70067596435547,machine,0.0,51.25,44.325,14.05870532989502,N,1.0,0.0
2026-05-08T22:01:02,Q355_qwen2.5:14b_HellaSwag,badd6751-9e4b-47ca-904c-7e8e1f86d781,5b0fa12a-3dd7-45bb-9766-cc326314d9f1,9.719254600000568,6.84667176429372e-05,7.044441210844832e-06,13.523388377600002,44.89222534822707,20.0,3.462586661029149e-05,0.000121190652508,5.1207947777745886e-05,0.000207024466896,0.0,Italy,ITA,lombardy,,,Windows-11-10.0.26200-SP0,3.13.13,3.2.6,32,13th Gen Intel(R) Core(TM) i9-13900HX,1,1 x NVIDIA GeForce RTX 4070 Laptop GPU,9.1922,45.4722,31.70067596435547,machine,0.0,42.25,44.4,14.072900295257568,N,1.0,0.0
2026-05-08T22:01:48,Q356_qwen2.5:14b_HumanEval,0f971b08-e405-4bae-9788-6db54d0aef21,5b0fa12a-3dd7-45bb-9766-cc326314d9f1,30.654530299987528,0.0002397136921671,7.819845543913422e-06,13.625233952000002,52.86008027447876,20.0,0.0001121787109197,0.000447931747234,0.0001647176194444,0.0007248280775981,0.0,Italy,ITA,lombardy,,,Windows-11-10.0.26200-SP0,3.13.13,3.2.6,32,13th Gen Intel(R) Core(TM) i9-13900HX,1,1 x NVIDIA GeForce RTX 4070 Laptop GPU,9.1922,45.4722,31.70067596435547,machine,0.0,40.71428571428572,44.4,14.0631959097726,N,1.0,0.0
2026-05-08T22:02:38,Q357_qwen2.5:14b_SQuAD,7d995d5f-4d75-4c29-ade6-f2364a30265e,5b0fa12a-3dd7-45bb-9766-cc326314d9f1,4.160875300003681,2.4435102118616296e-05,5.872586981540801e-06,13.326575168,34.62705347371428,20.0,1.354453389612443e-05,4.0014198677995605e-05,2.032627555551396e-05,7.3885008129634e-05,0.0,Italy,ITA,lombardy,,,Windows-11-10.0.26200-SP0,3.13.13,3.2.6,32,13th Gen Intel(R) Core(TM) i9-13900HX,1,1 x NVIDIA GeForce RTX 4070 Laptop GPU,9.1922,45.4722,31.70067596435547,machine,0.0,61.0,44.3,14.034685134887695,N,1.0,0.0
2026-05-08T22:02:58,Q358_qwen2.5:14b_SQuAD,25dbdb31-7e65-440a-a65b-7aab77272457,5b0fa12a-3dd7-45bb-9766-cc326314d9f1,4.726322900009109,3.227595669727035e-05,6.828978336881754e-06,13.306474265600002,44.5793885474306,20.0,1.5613938140014252e-05,5.851226903191842e-05,2.3467382222265263e-05,9.759358939419792e-05,0.0,Italy,ITA,lombardy,,,Windows-11-10.0.26200-SP0,3.13.13,3.2.6,32,13th Gen Intel(R) Core(TM) i9-13900HX,1,1 x NVIDIA GeForce RTX 4070 Laptop GPU,9.1922,45.4722,31.70067596435547,machine,0.0,27.666666666666668,44.29999999999999,14.0413449605306,N,1.0,0.0
2026-05-08T22:03:19,Q359_qwen2.5:14b_SQuAD,1a4a904f-3608-4a2b-a932-7e57d9a7bc15,5b0fa12a-3dd7-45bb-9766-cc326314d9f1,5.930096099997172,3.8019296324507205e-05,6.411244553781402e-06,13.301259161600004,39.31238593882206,20.0,2.005556171213923e-05,6.474921846599813e-05,3.015508388885388e-05,0.0001149598640669,0.0,Italy,ITA,lombardy,,,Windows-11-10.0.26200-SP0,3.13.13,3.2.6,32,13th Gen Intel(R) Core(TM) i9-13900HX,1,1 x NVIDIA GeForce RTX 4070 Laptop GPU,9.1922,45.4722,31.70067596435547,machine,0.0,49.75,44.3,14.043985366821287,N,1.0,0.0
2026-05-08T22:03:42,Q360_qwen2.5:14b_SQuAD,48b418ea-78e2-4cba-98d3-e0a9217d714d,5b0fa12a-3dd7-45bb-9766-cc326314d9f1,8.02613250000286,5.552682274344173e-05,6.918253934061262e-06,13.150214648685717,44.236373721628986,20.0,2.7483791543736105e-05,9.861507889197264e-05,4.179892388888725e-05,0.0001678977943245,0.0,Italy,ITA,lombardy,,,Windows-11-10.0.26200-SP0,3.13.13,3.2.6,32,13th Gen Intel(R) Core(TM) i9-13900HX,1,1 x NVIDIA GeForce RTX 4070 Laptop GPU,9.1922,45.4722,31.70067596435547,machine,0.0,50.0,44.29999999999999,14.04196866353353,N,1.0,0.0
2026-05-08T22:04:34,Q361_qwen2.5:14b_GSM8K,42303bc4-e065-415d-8a09-4fd04c65c5e9,5b0fa12a-3dd7-45bb-9766-cc326314d9f1,35.88652159999765,0.0002837930566664,7.908068099486656e-06,13.189226746720005,55.320471939135466,20.0,0.0001261498960868,0.0005409804327839,0.0001909815872222,0.0008581119160931,0.0,Italy,ITA,lombardy,,,Windows-11-10.0.26200-SP0,3.13.13,3.2.6,32,13th Gen Intel(R) Core(TM) i9-13900HX,1,1 x NVIDIA GeForce RTX 4070 Laptop GPU,9.1922,45.4722,31.70067596435547,machine,2.614705882352941,38.73529411764706,44.30294117647059,14.04116585675408,N,1.0,0.0
2026-05-08T22:05:28,Q362_qwen2.5:14b_SQuAD,05ee166a-0068-4f63-be4d-6e80f09da57a,5b0fa12a-3dd7-45bb-9766-cc326314d9f1,7.905105800004094,5.4591161338365214e-05,6.905810335686708e-06,13.108009729828574,44.17185704279623,20.0,2.6955384758912826e-05,9.698591092199838e-05,4.112731666666352e-05,0.0001650686123475,0.0,Italy,ITA,lombardy,,,Windows-11-10.0.26200-SP0,3.13.13,3.2.6,32,13th Gen Intel(R) Core(TM) i9-13900HX,1,1 x NVIDIA GeForce RTX 4070 Laptop GPU,9.1922,45.4722,31.70067596435547,machine,16.666666666666668,37.0,44.29999999999999,14.037667592366535,N,1.0,0.0
2026-05-08T22:06:15,Q363_qwen2.5:14b_HumanEval,e52f3017-dbd0-438b-b776-4d5538d6541f,5b0fa12a-3dd7-45bb-9766-cc326314d9f1,32.721744800001034,0.0002580938750264,7.887534011525101e-06,13.12725649296,53.86033211865314,20.0,0.0001144714428068,0.00049257539406,0.0001733578433333,0.0007804046802002,0.0,Italy,ITA,lombardy,,,Windows-11-10.0.26200-SP0,3.13.13,3.2.6,32,13th Gen Intel(R) Core(TM) i9-13900HX,1,1 x NVIDIA GeForce RTX 4070 Laptop GPU,9.1922,45.4722,31.70067596435547,machine,9.696666666666664,41.1,44.263333333333335,14.02877909342448,N,1.0,0.0
2026-05-08T22:07:30,Q364_qwen2.5:14b_GSM8K,466e03de-1675-4969-9f6a-06f5a362dc63,5b0fa12a-3dd7-45bb-9766-cc326314d9f1,28.37891509999463,0.000226123665195,7.968016550254467e-06,13.550269214424617,54.62477497399532,20.0,0.0001030548315106,0.000428648676252,0.0001520320772221,0.0006837355849848,0.0,Italy,ITA,lombardy,,,Windows-11-10.0.26200-SP0,3.13.13,3.2.6,32,13th Gen Intel(R) Core(TM) i9-13900HX,1,1 x NVIDIA GeForce RTX 4070 Laptop GPU,9.1922,45.4722,31.70067596435547,machine,2.661538461538462,41.07692307692308,44.42692307692308,14.089175150944635,N,1.0,0.0
2026-05-08T22:08:48,Q365_qwen2.5:14b_HumanEval,d7a555b3-b16d-4f08-b96d-3acb0be141ce,5b0fa12a-3dd7-45bb-9766-cc326314d9f1,32.502510299993446,0.0002601039887709,8.002581535094848e-06,13.494648219520002,54.67245130256416,20.0,0.0001172164131038,0.0004970753976599,0.0001721908988889,0.0007864827096528,0.0,Italy,ITA,lombardy,,,Windows-11-10.0.26200-SP0,3.13.13,3.2.6,32,13th Gen Intel(R) Core(TM) i9-13900HX,1,1 x NVIDIA GeForce RTX 4070 Laptop GPU,9.1922,45.4722,31.70067596435547,machine,0.0,42.13333333333333,44.47666666666667,14.09265645345052,N,1.0,0.0
2026-05-08T22:10:02,Q366_qwen2.5:14b_HumanEval,1d966188-000e-4175-baf6-ac1a04e43750,5b0fa12a-3dd7-45bb-9766-cc326314d9f1,28.636583400002564,0.0002247886540266,7.849702280705652e-06,13.636816100036924,53.32038053437286,20.0,0.0001047843190275,0.000421409503794,0.0001535050566667,0.0006796988794883,0.0,Italy,ITA,lombardy,,,Windows-11-10.0.26200-SP0,3.13.13,3.2.6,32,13th Gen Intel(R) Core(TM) i9-13900HX,1,1 x NVIDIA GeForce RTX 4070 Laptop GPU,9.1922,45.4722,31.70067596435547,machine,0.0,39.53846153846154,44.46923076923077,14.091958999633787,N,1.0,0.0
2026-05-08T22:10:56,Q367_qwen2.5:14b_MMLU,960c7f57-a8a6-439c-aef1-5488dd5089f8,5b0fa12a-3dd7-45bb-9766-cc326314d9f1,8.504102299993974,5.961174296731831e-05,7.009763154820063e-06,13.60040071314286,44.690226697657394,20.0,3.0232278988142533e-05,0.000105560084448,4.445710277771771e-05,0.0001802494662138,0.0,Italy,ITA,lombardy,,,Windows-11-10.0.26200-SP0,3.13.13,3.2.6,32,13th Gen Intel(R) Core(TM) i9-13900HX,1,1 x NVIDIA GeForce RTX 4070 Laptop GPU,9.1922,45.4722,31.70067596435547,machine,5.0,33.333333333333336,44.4,14.087921778361002,N,1.0,0.0
2026-05-08T22:11:15,Q368_qwen2.5:14b_SQuAD,91a5da09-cd16-4f64-90e4-6c19fd67ed6d,5b0fa12a-3dd7-45bb-9766-cc326314d9f1,4.193079300006502,2.454964639284716e-05,5.854801361092573e-06,13.194450521600002,34.51940441999998,20.0,1.3527968480008817e-05,4.019864326998413e-05,2.0504746666685805e-05,7.423135841667874e-05,0.0,Italy,ITA,lombardy,,,Windows-11-10.0.26200-SP0,3.13.13,3.2.6,32,13th Gen Intel(R) Core(TM) i9-13900HX,1,1 x NVIDIA GeForce RTX 4070 Laptop GPU,9.1922,45.4722,31.70067596435547,machine,0.0,73.0,44.5,14.093246459960938,N,1.0,0.0
2026-05-08T22:11:35,Q369_qwen2.5:14b_HellaSwag,b0574774-95a8-4d40-a502-1f2cbe08d8f8,5b0fa12a-3dd7-45bb-9766-cc326314d9f1,4.779109700000845,2.8501878972758284e-05,5.9638469844609856e-06,13.0795676192,35.32049112957271,20.0,1.5539457524138026e-05,4.688170417199711e-05,2.376065777773167e-05,8.618181947386681e-05,0.0,Italy,ITA,lombardy,,,Windows-11-10.0.26200-SP0,3.13.13,3.2.6,32,13th Gen Intel(R) Core(TM) i9-13900HX,1,1 x NVIDIA GeForce RTX 4070 Laptop GPU,9.1922,45.4722,31.70067596435547,machine,0.0,37.66666666666666,44.46666666666667,14.09735107421875,N,1.0,0.0
2026-05-08T22:11:55,Q370_qwen2.5:14b_SQuAD,3beac791-e956-44c4-baef-e372cffb393d,5b0fa12a-3dd7-45bb-9766-cc326314d9f1,4.596090399994864,3.16600033349013e-05,6.888464016055185e-06,13.1518928,45.455975500261566,20.0,1.4959109368175984e-05,5.802476864202877e-05,2.2747238333330543e-05,9.573111634353528e-05,0.0,Italy,ITA,lombardy,,,Windows-11-10.0.26200-SP0,3.13.13,3.2.6,32,13th Gen Intel(R) Core(TM) i9-13900HX,1,1 x NVIDIA GeForce RTX 4070 Laptop GPU,9.1922,45.4722,31.70067596435547,machine,0.0,25.0,44.43333333333334,14.091622670491535,N,1.0,0.0
2026-05-08T22:12:14,Q371_qwen2.5:14b_SQuAD,faa05c03-e55a-4eb8-a085-994b843322e4,5b0fa12a-3dd7-45bb-9766-cc326314d9f1,4.08614579999994,2.7192405696808687e-05,6.654781064544757e-06,13.452709145600002,43.10602866869992,20.0,1.3393677163139632e-05,4.8917261356085096e-05,1.9911394999993112e-05,8.222233351921784e-05,0.0,Italy,ITA,lombardy,,,Windows-11-10.0.26200-SP0,3.13.13,3.2.6,32,13th Gen Intel(R) Core(TM) i9-13900HX,1,1 x NVIDIA GeForce RTX 4070 Laptop GPU,9.1922,45.4722,31.70067596435547,machine,0.0,44.5,44.35,14.059341430664062,N,1.0,0.0
2026-05-08T22:12:36,Q372_qwen2.5:14b_HellaSwag,4e5efd25-c4af-4685-86d9-c1202c064336,5b0fa12a-3dd7-45bb-9766-cc326314d9f1,6.88601600000402,4.637493369357672e-05,6.73465378145355e-06,13.047634572800002,42.67612998776771,20.0,2.3137976740526247e-05,8.16208986299527e-05,3.5466131111105726e-05,0.0001402250064815,0.0,Italy,ITA,lombardy,,,Windows-11-10.0.26200-SP0,3.13.13,3.2.6,32,13th Gen Intel(R) Core(TM) i9-13900HX,1,1 x NVIDIA GeForce RTX 4070 Laptop GPU,9.1922,45.4722,31.70067596435547,machine,0.0,40.8,44.4,14.068988037109374,N,1.0,0.0
2026-05-08T22:13:04,Q373_qwen2.5:14b_HellaSwag,2c04c6cd-ebbd-46f0-a990-623af2a627e7,5b0fa12a-3dd7-45bb-9766-cc326314d9f1,12.97165340000356,9.382802891487098e-05,7.2333129803518515e-06,13.138509248,46.88490689287729,20.0,4.550963475027461e-05,0.000168924579584,6.927586166663484e-05,0.0002837100760009,0.0,Italy,ITA,lombardy,,,Windows-11-10.0.26200-SP0,3.13.13,3.2.6,32,13th Gen Intel(R) Core(TM) i9-13900HX,1,1 x NVIDIA GeForce RTX 4070 Laptop GPU,9.1922,45.4722,31.70067596435547,machine,0.0,38.27272727272727,44.3,14.054120150479404,N,1.0,0.0
2026-05-08T22:13:39,Q374_qwen2.5:14b_HellaSwag,392fdff8-e3c3-421b-a79d-40f5e54fd83f,5b0fa12a-3dd7-45bb-9766-cc326314d9f1,10.420237199999974,7.292360243459186e-05,6.99826702933327e-06,13.451439641600002,44.34557701874654,20.0,3.7058631020179865e-05,0.00012834315823,5.509906777782211e-05,0.000220500857028,0.0,Italy,ITA,lombardy,,,Windows-11-10.0.26200-SP0,3.13.13,3.2.6,32,13th Gen Intel(R) Core(TM) i9-13900HX,1,1 x NVIDIA GeForce RTX 4070 Laptop GPU,9.1922,45.4722,31.70067596435547,machine,12.5,41.0,44.4,14.063063621520996,N,1.0,0.0
2026-05-08T22:14:09,Q375_qwen2.5:14b_HellaSwag,cb867c0c-99f7-4afa-a0e9-1a20791850a9,5b0fa12a-3dd7-45bb-9766-cc326314d9f1,4.42248350000591,2.800683204091044e-05,6.332829063324489e-06,13.033902656,39.65925191714275,20.0,1.419423570246077e-05,4.871115008003857e-05,2.1779548333304573e-05,8.46849341158039e-05,0.0,Italy,ITA,lombardy,,,Windows-11-10.0.26200-SP0,3.13.13,3.2.6,32,13th Gen Intel(R) Core(TM) i9-13900HX,1,1 x NVIDIA GeForce RTX 4070 Laptop GPU,9.1922,45.4722,31.70067596435547,machine,0.0,69.5,44.3,14.055971145629885,N,1.0,0.0
2026-05-08T22:14:28,Q376_qwen2.5:14b_SQuAD,7e7dc701-e87b-40ee-8b95-8bdd74b1bdf4,5b0fa12a-3dd7-45bb-9766-cc326314d9f1,3.367255400007707,2.160087170481821e-05,6.414978710782904e-06,12.967843001600002,41.783158738694816,20.0,1.03225687295101e-05,3.907308681400101e-05,1.591942166673511e-05,6.531507721024622e-05,0.0,Italy,ITA,lombardy,,,Windows-11-10.0.26200-SP0,3.13.13,3.2.6,32,13th Gen Intel(R) Core(TM) i9-13900HX,1,1 x NVIDIA GeForce RTX 4070 Laptop GPU,9.1922,45.4722,31.70067596435547,machine,0.0,48.0,44.4,14.059494018554688,N,1.0,0.0
2026-05-08T22:14:59,Q377_qwen2.5:14b_GSM8K,022f70d2-518b-4934-b0d4-dea250f966e8,5b0fa12a-3dd7-45bb-9766-cc326314d9f1,16.685000299999956,0.0001778010858494,1.0656342981873128e-05,13.24424862848,67.08404476341933,20.0,0.0001183991518975,0.0002404018589879,0.0001788204244444,0.0005376214353299,0.0,Italy,ITA,lombardy,,,Windows-11-10.0.26200-SP0,3.13.13,3.2.6,32,13th Gen Intel(R) Core(TM) i9-13900HX,1,1 x NVIDIA GeForce RTX 4070 Laptop GPU,9.1922,45.4722,31.70067596435547,machine,0.0,43.266666666666666,44.4,14.063887023925782,N,1.0,0.0
2026-05-08T22:15:33,Q378_qwen2.5:14b_MMLU,e8933a27-b808-4990-8229-20f51e66abfb,5b0fa12a-3dd7-45bb-9766-cc326314d9f1,8.644392900008825,6.035030173760492e-05,6.981439001638081e-06,13.401307856,44.53855334558254,20.0,3.03104903124496e-05,0.000106937863328,4.523431055559841e-05,0.000182482664196,0.0,Italy,ITA,lombardy,,,Windows-11-10.0.26200-SP0,3.13.13,3.2.6,32,13th Gen Intel(R) Core(TM) i9-13900HX,1,1 x NVIDIA GeForce RTX 4070 Laptop GPU,9.1922,45.4722,31.70067596435547,machine,0.0,38.0,44.4,14.069163186209542,N,1.0,0.0
2026-05-08T22:16:32,Q379_qwen2.5:14b_GSM8K,19d0833c-a244-4b14-bb15-8069d782d68f,5b0fa12a-3dd7-45bb-9766-cc326314d9f1,34.08055319999403,0.000268916016098,7.890600088559906e-06,13.173895750240002,55.19069073009092,20.0,0.000119625659913,0.000512554021154,0.0001809481683333,0.0008131278494005,0.0,Italy,ITA,lombardy,,,Windows-11-10.0.26200-SP0,3.13.13,3.2.6,32,13th Gen Intel(R) Core(TM) i9-13900HX,1,1 x NVIDIA GeForce RTX 4070 Laptop GPU,9.1922,45.4722,31.70067596435547,machine,0.0,38.75,44.34375,14.061499118804932,N,1.0,0.0
2026-05-08T22:17:27,Q380_qwen2.5:14b_SQuAD,673099e4-1146-488b-a7e1-b65a505c3860,5b0fa12a-3dd7-45bb-9766-cc326314d9f1,9.03106489998754,6.788123599583213e-05,7.516415477860841e-06,13.333774664000002,50.35050537069936,20.0,3.158751365390773e-05,0.000126287878808,4.737873944444194e-05,0.0002052541319064,0.0,Italy,ITA,lombardy,,,Windows-11-10.0.26200-SP0,3.13.13,3.2.6,32,13th Gen Intel(R) Core(TM) i9-13900HX,1,1 x NVIDIA GeForce RTX 4070 Laptop GPU,9.1922,45.4722,31.70067596435547,machine,8.571428571428571,48.42857142857143,44.5,14.10343769618443,N,1.0,0.0
2026-05-08T22:18:07,Q381_qwen2.5:14b_GSM8K,9babb443-b002-45d5-94c6-a4b96f43fa54,5b0fa12a-3dd7-45bb-9766-cc326314d9f1,14.545432799990522,0.0001114614875109,7.66298872255207e-06,13.500088583876924,51.10097416838398,20.0,5.264619419984263e-05,0.000206389609556,7.799298666666598e-05,0.0003370287904225,0.0,Italy,ITA,lombardy,,,Windows-11-10.0.26200-SP0,3.13.13,3.2.6,32,13th Gen Intel(R) Core(TM) i9-13900HX,1,1 x NVIDIA GeForce RTX 4070 Laptop GPU,9.1922,45.4722,31.70067596435547,machine,0.0,40.333333333333336,44.44166666666666,14.087204615275065,N,1.0,0.0
2026-05-08T22:19:09,Q382_qwen2.5:14b_HumanEval,3901e091-8c35-4ae6-b35d-9037c8119355,5b0fa12a-3dd7-45bb-9766-cc326314d9f1,37.70450720000372,0.0003015880880867,7.998727751219364e-06,13.58506714939429,55.658411393181865,20.0,0.0001368721079787,0.000573981292518,0.0002010657816666,0.0009119191821634,0.0,Italy,ITA,lombardy,,,Windows-11-10.0.26200-SP0,3.13.13,3.2.6,32,13th Gen Intel(R) Core(TM) i9-13900HX,1,1 x NVIDIA GeForce RTX 4070 Laptop GPU,9.1922,45.4722,31.70067596435547,machine,1.9057142857142857,42.05714285714286,44.4,14.069354684012277,N,1.0,0.0
2026-05-08T22:20:08,Q383_qwen2.5:14b_GSM8K,287a5650-a8b7-4758-b247-9f85d23a84e8,5b0fa12a-3dd7-45bb-9766-cc326314d9f1,13.595905199996196,9.97883426993055e-05,7.339588003256556e-06,13.5727481216,47.562797051999055,20.0,4.936872642106282e-05,0.0001796176436939,7.274605055548212e-05,0.0003017324206704,0.0,Italy,ITA,lombardy,,,Windows-11-10.0.26200-SP0,3.13.13,3.2.6,32,13th Gen Intel(R) Core(TM) i9-13900HX,1,1 x NVIDIA GeForce RTX 4070 Laptop GPU,9.1922,45.4722,31.70067596435547,machine,0.0,44.5,44.4,14.069403012593588,N,1.0,0.0
2026-05-08T22:20:46,Q384_qwen2.5:14b_MMLU,26f4b1b4-b985-439a-a457-9c9b3dbe329c,5b0fa12a-3dd7-45bb-9766-cc326314d9f1,12.735210200000438,9.750217906984698e-05,7.656110699283442e-06,13.1317841216,51.54421649193089,20.0,4.460967670167019e-05,0.0001822693124819,6.794070333336196e-05,0.000294819692517,0.0,Italy,ITA,lombardy,,,Windows-11-10.0.26200-SP0,3.13.13,3.2.6,32,13th Gen Intel(R) Core(TM) i9-13900HX,1,1 x NVIDIA GeForce RTX 4070 Laptop GPU,9.1922,45.4722,31.70067596435547,machine,9.090909090909092,45.54545454545455,44.4,14.069137226451527,N,1.0,0.0
2026-05-08T22:21:25,Q385_qwen2.5:14b_GSM8K,4de82a07-22b7-4e87-920c-c7a37c2a73f2,5b0fa12a-3dd7-45bb-9766-cc326314d9f1,14.110798499998054,0.0001067255270227,7.563393880420816e-06,13.40970107766154,50.11496321596675,20.0,5.068973912476721e-05,0.0001964179349119,7.560087833335274e-05,0.0003227085523701,0.0,Italy,ITA,lombardy,,,Windows-11-10.0.26200-SP0,3.13.13,3.2.6,32,13th Gen Intel(R) Core(TM) i9-13900HX,1,1 x NVIDIA GeForce RTX 4070 Laptop GPU,9.1922,45.4722,31.70067596435547,machine,0.0,39.66666666666666,44.4,14.068903923034668,N,1.0,0.0
2026-05-08T22:22:07,Q386_qwen2.5:14b_HellaSwag,511ce390-709c-4d00-b34a-016794778080,5b0fa12a-3dd7-45bb-9766-cc326314d9f1,5.921297099994263,3.710643655778112e-05,6.266606105242898e-06,13.09803627008,37.92778697863957,20.0,1.971741305376032e-05,6.237560545607757e-05,3.010660944443468e-05,0.0001121996279542,0.0,Italy,ITA,lombardy,,,Windows-11-10.0.26200-SP0,3.13.13,3.2.6,32,13th Gen Intel(R) Core(TM) i9-13900HX,1,1 x NVIDIA GeForce RTX 4070 Laptop GPU,9.1922,45.4722,31.70067596435547,machine,0.0,53.5,44.4,14.067421913146973,N,1.0,0.0
2026-05-08T22:22:48,Q387_qwen2.5:14b_HumanEval,bb32a6a3-ddbe-47f7-8d33-c4f0d4730e06,5b0fa12a-3dd7-45bb-9766-cc326314d9f1,25.904914099999587,0.0002031223118447,7.841072588029823e-06,13.18837310685091,53.952325078464206,20.0,9.13229955375538e-05,0.0003845430854119,0.0001383197566667,0.0006141858376162,0.0,Italy,ITA,lombardy,,,Windows-11-10.0.26200-SP0,3.13.13,3.2.6,32,13th Gen Intel(R) Core(TM) i9-13900HX,1,1 x NVIDIA GeForce RTX 4070 Laptop GPU,9.1922,45.4722,31.70067596435547,machine,3.704166666666667,42.333333333333336,44.4,14.07085116704305,N,1.0,0.0
2026-05-08T22:23:30,Q388_qwen2.5:14b_SQuAD,e58e0037-5327-4101-9431-b2ae4fbb4e24,5b0fa12a-3dd7-45bb-9766-cc326314d9f1,6.730433000004268,4.928528650777872e-05,7.322751226815194e-06,13.2791106368,48.93124216894609,20.0,2.29709451522454e-05,9.145785094394344e-05,3.459631444444919e-05,0.0001490251105406,0.0,Italy,ITA,lombardy,,,Windows-11-10.0.26200-SP0,3.13.13,3.2.6,32,13th Gen Intel(R) Core(TM) i9-13900HX,1,1 x NVIDIA GeForce RTX 4070 Laptop GPU,9.1922,45.4722,31.70067596435547,machine,15.0,49.4,44.4,14.074554443359377,N,1.0,0.0
2026-05-08T22:24:06,Q389_qwen2.5:14b_HellaSwag,84e8188d-eda8-4f46-b624-e7ea212f1444,5b0fa12a-3dd7-45bb-9766-cc326314d9f1,10.862865000002785,7.868574625969804e-05,7.243553727278933e-06,13.10153687552,47.28183312729807,20.0,3.7706275169969575e-05,0.00014265844746,5.755926777783316e-05,0.0002379239904078,0.0,Italy,ITA,lombardy,,,Windows-11-10.0.26200-SP0,3.13.13,3.2.6,32,13th Gen Intel(R) Core(TM) i9-13900HX,1,1 x NVIDIA GeForce RTX 4070 Laptop GPU,9.1922,45.4722,31.70067596435547,machine,11.11111111111111,44.22222222222222,44.4,14.077346801757812,N,1.0,0.0
2026-05-08T22:25:09,Q390_qwen2.5:14b_HumanEval,f527efdb-fed4-4002-a62e-b252d8168e7a,5b0fa12a-3dd7-45bb-9766-cc326314d9f1,37.54882770001132,0.0003027604692616,8.063113758983352e-06,13.58559220274286,55.89166884119542,20.0,0.0001360494516297,0.000579186018904,0.000200228668889,0.0009154641394228,0.0,Italy,ITA,lombardy,,,Windows-11-10.0.26200-SP0,3.13.13,3.2.6,32,13th Gen Intel(R) Core(TM) i9-13900HX,1,1 x NVIDIA GeForce RTX 4070 Laptop GPU,9.1922,45.4722,31.70067596435547,machine,2.857142857142857,38.885714285714286,44.4,14.07143816266741,N,1.0,0.0
2026-05-08T22:26:08,Q391_qwen2.5:14b_GSM8K,d9977876-7b9d-4be0-89aa-fe77d081af8b,5b0fa12a-3dd7-45bb-9766-cc326314d9f1,14.17894040000101,0.0001089910255207,7.686824434409901e-06,13.603973152492308,51.26248244336437,20.0,5.168458891022822e-05,0.0002018904392899,7.59837666666297e-05,0.0003295587948668,0.0,Italy,ITA,lombardy,,,Windows-11-10.0.26200-SP0,3.13.13,3.2.6,32,13th Gen Intel(R) Core(TM) i9-13900HX,1,1 x NVIDIA GeForce RTX 4070 Laptop GPU,9.1922,45.4722,31.70067596435547,machine,0.0,47.5,44.4,14.068726539611816,N,1.0,0.0
2026-05-08T22:27:20,Q392_qwen2.5:14b_HumanEval,bac2f628-eac6-4316-b10d-4d3f09626abd,5b0fa12a-3dd7-45bb-9766-cc326314d9f1,36.32061930000782,0.0002888634266155,7.953152566852255e-06,13.31095209264,54.88752177227596,20.0,0.0001291300803773,0.000550909607394,0.0001934036283333,0.0008734433161047,0.0,Italy,ITA,lombardy,,,Windows-11-10.0.26200-SP0,3.13.13,3.2.6,32,13th Gen Intel(R) Core(TM) i9-13900HX,1,1 x NVIDIA GeForce RTX 4070 Laptop GPU,9.1922,45.4722,31.70067596435547,machine,9.558823529411764,39.88235294117647,44.4,14.070831298828123,N,1.0,0.0
2026-05-08T22:28:09,Q393_qwen2.5:14b_SQuAD,6bcff643-6061-4357-90ab-128e503bdd2e,5b0fa12a-3dd7-45bb-9766-cc326314d9f1,4.192631799989613,2.4291950717352275e-05,5.793962331109652e-06,13.066692300800002,33.99132963133724,20.0,1.3391333908003558e-05,3.956475387401071e-05,2.0496070000000244e-05,7.34521577820145e-05,0.0,Italy,ITA,lombardy,,,Windows-11-10.0.26200-SP0,3.13.13,3.2.6,32,13th Gen Intel(R) Core(TM) i9-13900HX,1,1 x NVIDIA GeForce RTX 4070 Laptop GPU,9.1922,45.4722,31.70067596435547,machine,0.0,72.0,44.4,14.078521728515623,N,1.0,0.0
2026-05-08T22:28:49,Q394_qwen2.5:14b_HumanEval,30755750-1471-409a-b8cf-d3d3205331e0,5b0fa12a-3dd7-45bb-9766-cc326314d9f1,24.268553100002464,0.000190633952569,7.855184105272142e-06,13.2303661952,54.24903626146285,20.0,8.560707661015767e-05,0.000361583900378,0.0001292335072221,0.0005764244842103,0.0,Italy,ITA,lombardy,,,Windows-11-10.0.26200-SP0,3.13.13,3.2.6,32,13th Gen Intel(R) Core(TM) i9-13900HX,1,1 x NVIDIA GeForce RTX 4070 Laptop GPU,9.1922,45.4722,31.70067596435547,machine,7.304545454545454,38.72727272727273,44.4,14.076147773049094,N,1.0,0.0
2026-05-08T22:29:50,Q395_qwen2.5:14b_HumanEval,cbd04313-701e-4479-932b-32fa2d977478,5b0fa12a-3dd7-45bb-9766-cc326314d9f1,26.31334969999444,0.0002046517043269,7.777485826025883e-06,13.238598212654548,53.1539201326758,20.0,9.308021437385476e-05,0.0003851236414319,0.0001406064427777,0.0006188102985835,0.0,Italy,ITA,lombardy,,,Windows-11-10.0.26200-SP0,3.13.13,3.2.6,32,13th Gen Intel(R) Core(TM) i9-13900HX,1,1 x NVIDIA GeForce RTX 4070 Laptop GPU,9.1922,45.4722,31.70067596435547,machine,2.779166666666667,40.41666666666666,44.4,14.076526006062826,N,1.0,0.0
2026-05-08T22:31:13,Q396_qwen2.5:14b_HumanEval,6321438f-3a9e-423b-a3f4-4eddf9a61977,5b0fa12a-3dd7-45bb-9766-cc326314d9f1,37.93492430000333,0.0003032829647786,7.994821931900217e-06,13.46147107936,55.67514817849502,20.0,0.0001364927469534,0.000578193795888,0.0002023574788889,0.0009170440217304,0.0,Italy,ITA,lombardy,,,Windows-11-10.0.26200-SP0,3.13.13,3.2.6,32,13th Gen Intel(R) Core(TM) i9-13900HX,1,1 x NVIDIA GeForce RTX 4070 Laptop GPU,9.1922,45.4722,31.70067596435547,machine,2.7777777777777777,41.638888888888886,44.4,14.072162840101454,N,1.0,0.0
2026-05-08T22:32:03,Q397_qwen2.5:14b_SQuAD,d1890d33-bed0-4eb5-acd5-169aa3064395,5b0fa12a-3dd7-45bb-9766-cc326314d9f1,4.0746000000071945,2.531817357698472e-05,6.213658660221867e-06,13.0970632832,38.62850729072935,20.0,1.299671431194982e-05,4.371253496998628e-05,1.984592333335765e-05,7.655517261529376e-05,0.0,Italy,ITA,lombardy,,,Windows-11-10.0.26200-SP0,3.13.13,3.2.6,32,13th Gen Intel(R) Core(TM) i9-13900HX,1,1 x NVIDIA GeForce RTX 4070 Laptop GPU,9.1922,45.4722,31.70067596435547,machine,0.0,28.0,44.4,14.074710845947266,N,1.0,0.0
2026-05-08T22:32:30,Q398_qwen2.5:14b_MMLU,cbf6b09c-08d6-4cfa-a723-e8b2be22c890,5b0fa12a-3dd7-45bb-9766-cc326314d9f1,12.222112400006154,9.106725869382992e-05,7.451024480333209e-06,13.2054712832,49.27035880710798,20.0,4.298998185100898e-05,0.0001672637449219,6.510854166667236e-05,0.0002753622684396,0.0,Italy,ITA,lombardy,,,Windows-11-10.0.26200-SP0,3.13.13,3.2.6,32,13th Gen Intel(R) Core(TM) i9-13900HX,1,1 x NVIDIA GeForce RTX 4070 Laptop GPU,9.1922,45.4722,31.70067596435547,machine,0.0,40.7,44.4,14.077337265014648,N,1.0,0.0
2026-05-08T22:33:22,Q399_qwen2.5:14b_HumanEval,7e308f34-c98f-41ae-b0ad-bbdddd95f129,5b0fa12a-3dd7-45bb-9766-cc326314d9f1,26.46332640000037,0.0002047051105105,7.735426280747886e-06,13.543470292596366,52.47728855678742,20.0,9.589452438724063e-05,0.000381648360874,0.0001414288988889,0.0006189717841501,0.0,Italy,ITA,lombardy,,,Windows-11-10.0.26200-SP0,3.13.13,3.2.6,32,13th Gen Intel(R) Core(TM) i9-13900HX,1,1 x NVIDIA GeForce RTX 4070 Laptop GPU,9.1922,45.4722,31.70067596435547,machine,0.0,42.41666666666666,44.40416666666667,14.078287601470947,N,1.0,0.0
2026-05-08T22:34:07,Q400_qwen2.5:14b_HellaSwag,60eeada8-9303-41f0-b9bf-cd06a76698d1,5b0fa12a-3dd7-45bb-9766-cc326314d9f1,10.003882399993016,7.19129791439478e-05,7.18850704842332e-06,13.3342039552,46.59726364277115,20.0,3.519221852432943e-05,0.0001294687146859,5.278407777772777e-05,0.000217445010988,0.0,Italy,ITA,lombardy,,,Windows-11-10.0.26200-SP0,3.13.13,3.2.6,32,13th Gen Intel(R) Core(TM) i9-13900HX,1,1 x NVIDIA GeForce RTX 4070 Laptop GPU,9.1922,45.4722,31.70067596435547,machine,0.0,48.125,44.4,14.07022190093994,N,1.0,0.0
2026-05-08T22:34:52,Q401_qwen2.5:14b_MMLU,2b74c400-169e-461c-bfe2-d0afec02e7c1,5b0fa12a-3dd7-45bb-9766-cc326314d9f1,19.77175210000132,0.0001507039045086,7.622182583842062e-06,13.42889752448,53.05466511844569,20.0,7.045745199435089e-05,0.0002809730025559,0.0001042565794444,0.0004556870339947,0.0,Italy,ITA,lombardy,,,Windows-11-10.0.26200-SP0,3.13.13,3.2.6,32,13th Gen Intel(R) Core(TM) i9-13900HX,1,1 x NVIDIA GeForce RTX 4070 Laptop GPU,9.1922,45.4722,31.70067596435547,machine,0.0,41.66666666666666,44.4,14.076023949517143,N,1.0,0.0
2026-05-08T22:35:34,Q402_qwen2.5:14b_HellaSwag,7b704935-e335-4ae1-967c-80c9539b3432,5b0fa12a-3dd7-45bb-9766-cc326314d9f1,6.348536999998032,4.332386377735249e-05,6.824227972108522e-06,13.22431908608,43.6994424378359,20.0,2.1474627196914967e-05,7.704811719405624e-05,3.247666833332106e-05,0.0001309994127242,0.0,Italy,ITA,lombardy,,,Windows-11-10.0.26200-SP0,3.13.13,3.2.6,32,13th Gen Intel(R) Core(TM) i9-13900HX,1,1 x NVIDIA GeForce RTX 4070 Laptop GPU,9.1922,45.4722,31.70067596435547,machine,0.0,46.5,44.4,14.081599235534668,N,1.0,0.0
2026-05-08T22:35:55,Q403_qwen2.5:14b_HellaSwag,1e001cd9-ec45-4e6d-916e-2c131ecafbc9,5b0fa12a-3dd7-45bb-9766-cc326314d9f1,6.249771999995573,4.139365043664772e-05,6.62322568514132e-06,13.07043969536,41.69154468749405,20.0,2.086744493671576e-05,7.236561344803327e-05,3.192992166667763e-05,0.0001251629800514,0.0,Italy,ITA,lombardy,,,Windows-11-10.0.26200-SP0,3.13.13,3.2.6,32,13th Gen Intel(R) Core(TM) i9-13900HX,1,1 x NVIDIA GeForce RTX 4070 Laptop GPU,9.1922,45.4722,31.70067596435547,machine,0.0,44.25,44.4,14.077628135681152,N,1.0,0.0
2026-05-08T22:36:38,Q404_qwen2.5:14b_HumanEval,d304905f-fbbd-4614-9fed-a13a4059398a,5b0fa12a-3dd7-45bb-9766-cc326314d9f1,27.542090899994943,0.0002150867968905,7.809385194156029e-06,13.274333870720003,53.41440938747364,20.0,9.790254084237094e-05,0.0004050311573579,0.0001474294416666,0.0006503631398669,0.0,Italy,ITA,lombardy,,,Windows-11-10.0.26200-SP0,3.13.13,3.2.6,32,13th Gen Intel(R) Core(TM) i9-13900HX,1,1 x NVIDIA GeForce RTX 4070 Laptop GPU,9.1922,45.4722,31.70067596435547,machine,0.0,42.0,44.44,14.088041534423828,N,1.0,0.0
2026-05-08T22:37:43,Q405_qwen2.5:14b_GSM8K,07543327-712a-4c3f-ab84-f659667d5b16,5b0fa12a-3dd7-45bb-9766-cc326314d9f1,19.44631319999462,0.0001458210143351,7.498645775962409e-06,13.276990306880002,52.3339618650127,20.0,6.861205800141346e-05,0.000269853271438,0.0001024571916666,0.0004409225211061,0.0,Italy,ITA,lombardy,,,Windows-11-10.0.26200-SP0,3.13.13,3.2.6,32,13th Gen Intel(R) Core(TM) i9-13900HX,1,1 x NVIDIA GeForce RTX 4070 Laptop GPU,9.1922,45.4722,31.70067596435547,machine,0.0,42.588235294117645,44.6,14.137932945700252,N,1.0,0.0
2026-05-08T22:38:28,Q406_qwen2.5:14b_HellaSwag,f416623a-a7ec-4f82-b541-d5f11fe61111,5b0fa12a-3dd7-45bb-9766-cc326314d9f1,9.851582200004486,7.431032363212355e-05,7.542983667343273e-06,13.317540736000002,50.51584417327204,20.0,3.457722994689353e-05,0.000138190110552,5.192657888894448e-05,0.0002246939193878,0.0,Italy,ITA,lombardy,,,Windows-11-10.0.26200-SP0,3.13.13,3.2.6,32,13th Gen Intel(R) Core(TM) i9-13900HX,1,1 x NVIDIA GeForce RTX 4070 Laptop GPU,9.1922,45.4722,31.70067596435547,machine,12.5,38.75,44.6,14.137386798858644,N,1.0,0.0
2026-05-08T22:39:12,Q407_qwen2.5:14b_GSM8K,fd6e6d5a-5b12-4169-92e9-281793a69b1c,5b0fa12a-3dd7-45bb-9766-cc326314d9f1,18.744374300003983,0.0001439532205095,7.679809323352929e-06,13.3035589904,53.54184041179437,20.0,6.605765240661814e-05,0.000270665772088,9.855140333327452e-05,0.0004352748278279,0.0,Italy,ITA,lombardy,,,Windows-11-10.0.26200-SP0,3.13.13,3.2.6,32,13th Gen Intel(R) Core(TM) i9-13900HX,1,1 x NVIDIA GeForce RTX 4070 Laptop GPU,9.1922,45.4722,31.70067596435547,machine,0.0,40.76470588235294,44.6,14.138096304500804,N,1.0,0.0
2026-05-08T22:40:07,Q408_qwen2.5:14b_GSM8K,5bd4a104-09aa-45f5-8026-e4f63cb94547,5b0fa12a-3dd7-45bb-9766-cc326314d9f1,20.19407420000061,0.0001537824241642,7.615225270602679e-06,13.192043644160002,52.93519140076519,20.0,7.047569341486346e-05,0.00028791550811,0.0001066044266667,0.0004649956281916,0.0,Italy,ITA,lombardy,,,Windows-11-10.0.26200-SP0,3.13.13,3.2.6,32,13th Gen Intel(R) Core(TM) i9-13900HX,1,1 x NVIDIA GeForce RTX 4070 Laptop GPU,9.1922,45.4722,31.70067596435547,machine,5.555555555555555,40.44444444444444,44.55555555555556,14.124098671807182,N,1.0,0.0
2026-05-08T22:40:59,Q409_qwen2.5:14b_GSM8K,0e7d9414-14cb-4d52-9192-a37a3206ef95,5b0fa12a-3dd7-45bb-9766-cc326314d9f1,16.535017200003495,0.0001568532857715,9.486127765956884e-06,6.77219161216,237.92740871762976,20.0,6.022705717033427e-05,0.000236046299948,0.0001780077094445,0.0004742810665628,0.0,Italy,ITA,lombardy,,,Windows-11-10.0.26200-SP0,3.13.13,3.2.6,32,13th Gen Intel(R) Core(TM) i9-13900HX,1,1 x NVIDIA GeForce RTX 4070 Laptop GPU,9.1922,45.4722,31.70067596435547,machine,0.0,45.71428571428572,44.54285714285714,14.124245507376534,N,1.0,0.0
2026-05-08T22:41:45,Q410_qwen2.5:14b_MMLU,a45ba76f-578c-4f9f-81a9-b686347319b1,5b0fa12a-3dd7-45bb-9766-cc326314d9f1,11.185652900006971,8.169188837663509e-05,7.303274033881757e-06,13.41922877696,47.58002784722736,20.0,3.98267766298127e-05,0.000147830118264,5.935684000004484e-05,0.0002470137348938,0.0,Italy,ITA,lombardy,,,Windows-11-10.0.26200-SP0,3.13.13,3.2.6,32,13th Gen Intel(R) Core(TM) i9-13900HX,1,1 x NVIDIA GeForce RTX 4070 Laptop GPU,9.1922,45.4722,31.70067596435547,machine,0.0,42.11111111111112,44.51111111111111,14.11701668633355,N,1.0,0.0
2026-05-08T22:42:41,Q411_qwen2.5:14b_GSM8K,2926e123-fc1d-42fa-a671-6253122764c4,5b0fa12a-3dd7-45bb-9766-cc326314d9f1,30.2589844000031,0.0002371132262979,7.836126393520063e-06,13.6594155776,52.96377011844494,20.0,0.0001110473631256,0.0004433959102719,0.0001625217127777,0.0007169649861754,0.0,Italy,ITA,lombardy,,,Windows-11-10.0.26200-SP0,3.13.13,3.2.6,32,13th Gen Intel(R) Core(TM) i9-13900HX,1,1 x NVIDIA GeForce RTX 4070 Laptop GPU,9.1922,45.4722,31.70067596435547,machine,0.0,40.96428571428572,44.60357142857144,14.137476921081545,N,1.0,0.0
2026-05-08T22:43:37,Q412_qwen2.5:14b_HellaSwag,29c83154-0d8a-4f09-9fae-82eb358f15de,5b0fa12a-3dd7-45bb-9766-cc326314d9f1,10.49054790000082,7.643994280127217e-05,7.286553908329821e-06,13.3992084224,47.53661070959653,20.0,3.716924448984599e-05,0.000138485110788,5.547894499993871e-05,0.0002311333002777,0.0,Italy,ITA,lombardy,,,Windows-11-10.0.26200-SP0,3.13.13,3.2.6,32,13th Gen Intel(R) Core(TM) i9-13900HX,1,1 x NVIDIA GeForce RTX 4070 Laptop GPU,9.1922,45.4722,31.70067596435547,machine,0.0,37.25,44.575,14.125903606414797,N,1.0,0.0
2026-05-08T22:44:06,Q413_qwen2.5:14b_SQuAD,ebd247ef-3877-49a8-aadf-fbef6b3ef7d6,5b0fa12a-3dd7-45bb-9766-cc326314d9f1,4.030747099997825,2.7260494408289818e-05,6.763136890504624e-06,13.270720601600004,44.50904062026402,20.0,1.3006744588205678e-05,4.98200398559856e-05,1.9601430555566268e-05,8.242821499975754e-05,0.0,Italy,ITA,lombardy,,,Windows-11-10.0.26200-SP0,3.13.13,3.2.6,32,13th Gen Intel(R) Core(TM) i9-13900HX,1,1 x NVIDIA GeForce RTX 4070 Laptop GPU,9.1922,45.4722,31.70067596435547,machine,0.0,49.0,44.6,14.128095626831056,N,1.0,0.0
2026-05-08T22:44:58,Q414_qwen2.5:14b_HumanEval,ab17753e-99f3-465f-9312-dc9198795ea4,5b0fa12a-3dd7-45bb-9766-cc326314d9f1,37.14108549999946,0.0002940429603195,7.91691886117663e-06,13.389177495542858,54.59538523667306,20.0,0.000132973810657,0.000558175724318,0.0001979552622222,0.0008891047971973,0.0,Italy,ITA,lombardy,,,Windows-11-10.0.26200-SP0,3.13.13,3.2.6,32,13th Gen Intel(R) Core(TM) i9-13900HX,1,1 x NVIDIA GeForce RTX 4070 Laptop GPU,9.1922,45.4722,31.70067596435547,machine,3.4057142857142857,39.71428571428572,44.54571428571428,14.124267905099051,N,1.0,0.0
2026-05-08T22:46:08,Q415_qwen2.5:14b_HumanEval,661b73bb-31ca-4ff5-b414-9da2b284550f,5b0fa12a-3dd7-45bb-9766-cc326314d9f1,24.811570799996844,0.0001923515145332,7.752492419111738e-06,13.23820921088,53.22400188961871,20.0,8.754231386326404e-05,0.000361843900586,0.0001322317033332,0.0005816179177826,0.0,Italy,ITA,lombardy,,,Windows-11-10.0.26200-SP0,3.13.13,3.2.6,32,13th Gen Intel(R) Core(TM) i9-13900HX,1,1 x NVIDIA GeForce RTX 4070 Laptop GPU,9.1922,45.4722,31.70067596435547,machine,3.5565217391304347,40.69565217391305,44.50434782608696,14.114203577456268,N,1.0,0.0
2026-05-08T22:47:05,Q416_qwen2.5:14b_MMLU,d68260ae-7987-44bb-be94-d180eaf3b7ab,5b0fa12a-3dd7-45bb-9766-cc326314d9f1,11.797797400009586,8.74866995642098e-05,7.415511268581263e-06,13.214369833890911,48.92293049420496,20.0,4.146353100077055e-05,0.000160317906032,6.275420833335374e-05,0.0002645356453661,0.0,Italy,ITA,lombardy,,,Windows-11-10.0.26200-SP0,3.13.13,3.2.6,32,13th Gen Intel(R) Core(TM) i9-13900HX,1,1 x NVIDIA GeForce RTX 4070 Laptop GPU,9.1922,45.4722,31.70067596435547,machine,10.0,42.8,44.58,14.128301620483398,N,1.0,0.0
2026-05-08T22:48:06,Q417_qwen2.5:14b_HumanEval,5696ab96-9925-4fd4-bb59-0a6e8bcb33e4,5b0fa12a-3dd7-45bb-9766-cc326314d9f1,35.6837560999993,0.0002806710012602,7.865511704364572e-06,13.559014070080002,53.89197929004735,20.0,0.0001286588065696,0.0005301445907819,0.0001898682844444,0.000848671681796,0.0,Italy,ITA,lombardy,,,Windows-11-10.0.26200-SP0,3.13.13,3.2.6,32,13th Gen Intel(R) Core(TM) i9-13900HX,1,1 x NVIDIA GeForce RTX 4070 Laptop GPU,9.1922,45.4722,31.70067596435547,machine,1.818181818181818,40.45454545454545,44.6,14.130679159453422,N,1.0,0.0
2026-05-08T22:49:29,Q418_qwen2.5:14b_HumanEval,17930865-f648-41fd-bd9c-0fe331b8ac87,5b0fa12a-3dd7-45bb-9766-cc326314d9f1,37.595088300004136,0.0003031473806029,8.063483670630345e-06,13.51576433618286,55.94595079684283,20.0,0.0001356320625773,0.0005805662977859,0.0002004356922222,0.0009166340525855,0.0,Italy,ITA,lombardy,,,Windows-11-10.0.26200-SP0,3.13.13,3.2.6,32,13th Gen Intel(R) Core(TM) i9-13900HX,1,1 x NVIDIA GeForce RTX 4070 Laptop GPU,9.1922,45.4722,31.70067596435547,machine,3.76,40.8,44.50285714285714,14.110948726109095,N,1.0,0.0
2026-05-08T22:50:35,Q419_qwen2.5:14b_GSM8K,a6d7a82c-d1b2-46b3-af3b-1ee4a7e10782,5b0fa12a-3dd7-45bb-9766-cc326314d9f1,20.45872650000092,0.0001561063102594,7.630304372045048e-06,13.41723949952,52.60215695853318,20.0,7.277840796990844e-05,0.000291159677372,0.0001080843333332,0.0004720224186752,0.0,Italy,ITA,lombardy,,,Windows-11-10.0.26200-SP0,3.13.13,3.2.6,32,13th Gen Intel(R) Core(TM) i9-13900HX,1,1 x NVIDIA GeForce RTX 4070 Laptop GPU,9.1922,45.4722,31.70067596435547,machine,2.7777777777777777,37.888888888888886,44.5,14.10724279615614,N,1.0,0.0
2026-05-08T22:51:34,Q420_qwen2.5:14b_HellaSwag,23ae4f4a-d4b6-4ae1-ae04-68f6a4ab6c3f,5b0fa12a-3dd7-45bb-9766-cc326314d9f1,24.00772160000633,0.0001863829331696,7.763457785581336e-06,13.46374595712,52.6191557467115,20.0,8.610259838915123e-05,0.000349667779734,0.0001278001961111,0.0005635705742343,0.0,Italy,ITA,lombardy,,,Windows-11-10.0.26200-SP0,3.13.13,3.2.6,32,13th Gen Intel(R) Core(TM) i9-13900HX,1,1 x NVIDIA GeForce RTX 4070 Laptop GPU,9.1922,45.4722,31.70067596435547,machine,0.0,39.09090909090909,44.5,14.101092425259678,N,1.0,0.0
2026-05-08T22:52:28,Q421_qwen2.5:14b_GSM8K,b399287f-3844-461b-a053-0034d03caea2,5b0fa12a-3dd7-45bb-9766-cc326314d9f1,18.81869249999,0.0001457265564411,7.74371314272933e-06,13.208771861120002,52.6156615538325,20.0,6.57647840562778e-05,0.0002759613318799,9.89107905555607e-05,0.0004406369064917,0.0,Italy,ITA,lombardy,,,Windows-11-10.0.26200-SP0,3.13.13,3.2.6,32,13th Gen Intel(R) Core(TM) i9-13900HX,1,1 x NVIDIA GeForce RTX 4070 Laptop GPU,9.1922,45.4722,31.70067596435547,machine,0.0,38.64705882352941,44.5,14.104420381433824,N,1.0,0.0
2026-05-08T22:53:11,Q422_qwen2.5:14b_HellaSwag,e8d6c844-f52f-47a3-a333-0fdcdc726dd4,5b0fa12a-3dd7-45bb-9766-cc326314d9f1,7.957822500000475,5.617537896067409e-05,7.059139476995213e-06,13.52247867611429,45.46308716076141,20.0,2.799500238032836e-05,0.000100459524812,4.140432222217593e-05,0.0001698588494145,0.0,Italy,ITA,lombardy,,,Windows-11-10.0.26200-SP0,3.13.13,3.2.6,32,13th Gen Intel(R) Core(TM) i9-13900HX,1,1 x NVIDIA GeForce RTX 4070 Laptop GPU,9.1922,45.4722,31.70067596435547,machine,0.0,32.5,44.5,14.10897954305013,N,1.0,0.0
2026-05-08T22:53:34,Q423_qwen2.5:14b_MMLU,dc7aff8b-9da2-4e77-a2ac-817839ba6af2,5b0fa12a-3dd7-45bb-9766-cc326314d9f1,7.14295769999444,5.123718364643235e-05,7.173104727537758e-06,13.4660005376,47.03016210691445,20.0,2.482198277838812e-05,9.323979681397088e-05,3.686532944444076e-05,0.0001549271090367,0.0,Italy,ITA,lombardy,,,Windows-11-10.0.26200-SP0,3.13.13,3.2.6,32,13th Gen Intel(R) Core(TM) i9-13900HX,1,1 x NVIDIA GeForce RTX 4070 Laptop GPU,9.1922,45.4722,31.70067596435547,machine,0.0,35.6,44.5,14.110543823242187,N,1.0,0.0
2026-05-08T22:53:57,Q424_qwen2.5:14b_MMLU,b2efb4f4-a8e1-4aa7-9a1d-ef6495c6ae40,5b0fa12a-3dd7-45bb-9766-cc326314d9f1,8.008928399998695,5.729606424154765e-05,7.154023781952775e-06,13.574476121600002,46.40857252015794,20.0,2.8306881074135925e-05,0.0001032353603659,4.170525111112511e-05,0.0001732474925511,0.0,Italy,ITA,lombardy,,,Windows-11-10.0.26200-SP0,3.13.13,3.2.6,32,13th Gen Intel(R) Core(TM) i9-13900HX,1,1 x NVIDIA GeForce RTX 4070 Laptop GPU,9.1922,45.4722,31.70067596435547,machine,11.116666666666667,52.833333333333336,44.5,14.108784993489584,N,1.0,0.0
2026-05-08T22:54:29,Q425_qwen2.5:14b_HellaSwag,f7422231-7165-46cd-b9c1-75a73b373a63,5b0fa12a-3dd7-45bb-9766-cc326314d9f1,7.0921372000011615,4.654682097090651e-05,6.563158559721445e-06,13.373850675200002,40.43678247408613,20.0,2.4481295801804483e-05,7.965367483397934e-05,3.660977555555292e-05,0.0001407447461913,0.0,Italy,ITA,lombardy,,,Windows-11-10.0.26200-SP0,3.13.13,3.2.6,32,13th Gen Intel(R) Core(TM) i9-13900HX,1,1 x NVIDIA GeForce RTX 4070 Laptop GPU,9.1922,45.4722,31.70067596435547,machine,0.0,48.6,44.5,14.106124877929688,N,1.0,0.0
2026-05-08T22:54:51,Q426_qwen2.5:14b_MMLU,da5327ea-cdc7-4705-ad8f-a209023a4e83,5b0fa12a-3dd7-45bb-9766-cc326314d9f1,7.050550999992993,4.649829080977792e-05,6.594986804552457e-06,13.2574914368,40.90345216359892,20.0,2.41165686247303e-05,8.010034185801373e-05,3.638109388888956e-05,0.0001405980043716,0.0,Italy,ITA,lombardy,,,Windows-11-10.0.26200-SP0,3.13.13,3.2.6,32,13th Gen Intel(R) Core(TM) i9-13900HX,1,1 x NVIDIA GeForce RTX 4070 Laptop GPU,9.1922,45.4722,31.70067596435547,machine,0.0,42.6,44.5,14.11177749633789,N,1.0,0.0
2026-05-08T22:55:11,Q427_qwen2.5:14b_SQuAD,62ade6ff-563b-43fa-935a-663e1d63d440,5b0fa12a-3dd7-45bb-9766-cc326314d9f1,4.307767499994952,2.635251169811743e-05,6.117440576388653e-06,13.0754200832,37.38567974506284,20.0,1.3820961649580018e-05,4.472225800000729e-05,2.11395061110832e-05,7.96827257606705e-05,0.0,Italy,ITA,lombardy,,,Windows-11-10.0.26200-SP0,3.13.13,3.2.6,32,13th Gen Intel(R) Core(TM) i9-13900HX,1,1 x NVIDIA GeForce RTX 4070 Laptop GPU,9.1922,45.4722,31.70067596435547,machine,0.0,37.0,44.5,14.104747772216797,N,1.0,0.0
2026-05-08T22:55:43,Q428_qwen2.5:14b_GSM8K,55010a30-8118-4b15-a1da-f7d8797567f3,5b0fa12a-3dd7-45bb-9766-cc326314d9f1,16.648877200001152,0.0001733190925182,1.0410257126425776e-05,13.18556486912,51.79964814135535,20.0,0.0001177605584317,0.0002276701821359,0.0001786383833332,0.000524069123901,0.0,Italy,ITA,lombardy,,,Windows-11-10.0.26200-SP0,3.13.13,3.2.6,32,13th Gen Intel(R) Core(TM) i9-13900HX,1,1 x NVIDIA GeForce RTX 4070 Laptop GPU,9.1922,45.4722,31.70067596435547,machine,5.0,38.06666666666667,44.5,14.108938852945965,N,1.0,0.0
2026-05-08T22:56:25,Q429_qwen2.5:14b_HellaSwag,407f810e-b09f-42e9-8ed4-4e014868414d,5b0fa12a-3dd7-45bb-9766-cc326314d9f1,7.41578519999166,5.184785475385479e-05,6.991552931429716e-06,13.3511618624,45.055509874729054,20.0,2.562717579938013e-05,9.275785198403774e-05,3.838858222225099e-05,0.0001567736100056,0.0,Italy,ITA,lombardy,,,Windows-11-10.0.26200-SP0,3.13.13,3.2.6,32,13th Gen Intel(R) Core(TM) i9-13900HX,1,1 x NVIDIA GeForce RTX 4070 Laptop GPU,9.1922,45.4722,31.70067596435547,machine,0.0,53.8,44.5,14.108187866210937,N,1.0,0.0
2026-05-08T22:56:56,Q430_qwen2.5:14b_HellaSwag,87e7aff2-68ac-4557-ba27-fba06c6b4022,5b0fa12a-3dd7-45bb-9766-cc326314d9f1,15.945616500001051,0.000120239310669,7.540587136852346e-06,13.16680749056,49.962272541065424,20.0,5.648440083459893e-05,0.000221288788142,8.579731722226523e-05,0.0003635705061989,0.0,Italy,ITA,lombardy,,,Windows-11-10.0.26200-SP0,3.13.13,3.2.6,32,13th Gen Intel(R) Core(TM) i9-13900HX,1,1 x NVIDIA GeForce RTX 4070 Laptop GPU,9.1922,45.4722,31.70067596435547,machine,0.0,41.21428571428572,44.521428571428565,14.1151670728411,N,1.0,0.0
2026-05-08T22:58:09,Q431_qwen2.5:14b_HumanEval,413cd716-4a03-480d-b2f1-74bb8b969e78,5b0fa12a-3dd7-45bb-9766-cc326314d9f1,37.40319910000835,0.0003015320485221,8.061664664455295e-06,13.657919936274288,55.94381700777143,20.0,0.0001364041387711,0.000575954905208,0.00019939069,0.0009117497339791,0.0,Italy,ITA,lombardy,,,Windows-11-10.0.26200-SP0,3.13.13,3.2.6,32,13th Gen Intel(R) Core(TM) i9-13900HX,1,1 x NVIDIA GeForce RTX 4070 Laptop GPU,9.1922,45.4722,31.70067596435547,machine,5.714285714285714,41.05714285714286,44.5,14.114162336077008,N,1.0,0.0
2026-05-08T22:59:08,Q432_qwen2.5:14b_GSM8K,e7c73393-b739-4610-be83-12eed916e098,5b0fa12a-3dd7-45bb-9766-cc326314d9f1,13.670247899994138,0.0001005918672305,7.3584523094564e-06,13.38823540086154,47.93852819868376,20.0,4.89744793479977e-05,0.0001820279233999,7.315965444439724e-05,0.0003041620571923,0.0,Italy,ITA,lombardy,,,Windows-11-10.0.26200-SP0,3.13.13,3.2.6,32,13th Gen Intel(R) Core(TM) i9-13900HX,1,1 x NVIDIA GeForce RTX 4070 Laptop GPU,9.1922,45.4722,31.70067596435547,machine,0.0,41.25,44.50833333333333,14.112865765889486,N,1.0,0.0
2026-05-08T22:59:39,Q433_qwen2.5:14b_SQuAD,3131c990-c919-4a99-97e8-331c55af3230,5b0fa12a-3dd7-45bb-9766-cc326314d9f1,5.612065899986192,4.10386881943844e-05,7.31258130708789e-06,13.078043402240002,49.48323754829423,20.0,1.856595877866291e-05,7.71320061500047e-05,2.839170722218114e-05,0.0001240896721508,0.0,Italy,ITA,lombardy,,,Windows-11-10.0.26200-SP0,3.13.13,3.2.6,32,13th Gen Intel(R) Core(TM) i9-13900HX,1,1 x NVIDIA GeForce RTX 4070 Laptop GPU,9.1922,45.4722,31.70067596435547,machine,0.0,41.25,44.5,14.105945587158203,N,1.0,0.0
2026-05-08T23:00:05,Q434_qwen2.5:14b_MMLU,40cb4d5c-60bd-4231-98ac-4d74915bcc86,5b0fa12a-3dd7-45bb-9766-cc326314d9f1,11.076579700005825,7.89753420406408e-05,7.129939401835323e-06,13.460031960320002,45.67334558641477,20.0,3.953697630402888e-05,0.000140516223524,5.874644833335576e-05,0.0002387996481613,0.0,Italy,ITA,lombardy,,,Windows-11-10.0.26200-SP0,3.13.13,3.2.6,32,13th Gen Intel(R) Core(TM) i9-13900HX,1,1 x NVIDIA GeForce RTX 4070 Laptop GPU,9.1922,45.4722,31.70067596435547,machine,0.0,44.0,44.5,14.108857896592882,N,1.0,0.0
2026-05-08T23:01:01,Q435_qwen2.5:14b_GSM8K,e5c34e7b-3f1f-4de4-9582-3bf5bfb21529,5b0fa12a-3dd7-45bb-9766-cc326314d9f1,30.319118600004003,0.0002374144083571,7.830518145640303e-06,13.24304671232,53.28856575039995,20.0,0.0001078377976742,0.0004471775799639,0.0001628602999999,0.0007178756776382,0.0,Italy,ITA,lombardy,,,Windows-11-10.0.26200-SP0,3.13.13,3.2.6,32,13th Gen Intel(R) Core(TM) i9-13900HX,1,1 x NVIDIA GeForce RTX 4070 Laptop GPU,9.1922,45.4722,31.70067596435547,machine,1.7,40.60714285714285,44.5,14.1080048424857,N,1.0,0.0
2026-05-08T23:01:54,Q436_qwen2.5:14b_MMLU,d5c5f289-bf38-436d-9066-907343144aa1,5b0fa12a-3dd7-45bb-9766-cc326314d9f1,7.696525200008182,5.50427851852265e-05,7.151641000950401e-06,13.127667309714289,46.88532563877732,20.0,2.6236460315777267e-05,0.0001002273024039,3.997043555557159e-05,0.0001664341982753,0.0,Italy,ITA,lombardy,,,Windows-11-10.0.26200-SP0,3.13.13,3.2.6,32,13th Gen Intel(R) Core(TM) i9-13900HX,1,1 x NVIDIA GeForce RTX 4070 Laptop GPU,9.1922,45.4722,31.70067596435547,machine,0.0,50.16666666666666,44.51666666666667,14.107220967610678,N,1.0,0.0
2026-05-08T23:02:17,Q437_qwen2.5:14b_SQuAD,cada83ac-de6c-4b46-a691-bd4c4a1e3566,5b0fa12a-3dd7-45bb-9766-cc326314d9f1,7.790062700005365,5.739350188266795e-05,7.367527591610839e-06,13.401638599314284,48.95408765479274,20.0,2.7131439028098464e-05,0.0001059217514039,4.048892666671438e-05,0.0001735421170987,0.0,Italy,ITA,lombardy,,,Windows-11-10.0.26200-SP0,3.13.13,3.2.6,32,13th Gen Intel(R) Core(TM) i9-13900HX,1,1 x NVIDIA GeForce RTX 4070 Laptop GPU,9.1922,45.4722,31.70067596435547,machine,0.0,50.0,44.5,14.110673904418944,N,1.0,0.0
2026-05-08T23:02:45,Q438_qwen2.5:14b_SQuAD,5be0d135-a6f0-4366-b77a-9faa95ea70a6,5b0fa12a-3dd7-45bb-9766-cc326314d9f1,3.336242300007143,2.081749980441956e-05,6.239804526300438e-06,13.1130213824,39.7981375595726,20.0,1.0324339961638094e-05,3.687614061198552e-05,1.574589611110342e-05,6.294637668472703e-05,0.0,Italy,ITA,lombardy,,,Windows-11-10.0.26200-SP0,3.13.13,3.2.6,32,13th Gen Intel(R) Core(TM) i9-13900HX,1,1 x NVIDIA GeForce RTX 4070 Laptop GPU,9.1922,45.4722,31.70067596435547,machine,0.0,97.0,44.5,14.110145568847656,N,1.0,0.0
2026-05-08T23:03:09,Q439_qwen2.5:14b_HellaSwag,5ad3aa6a-371d-4f94-9201-f287abb6b666,5b0fa12a-3dd7-45bb-9766-cc326314d9f1,8.143329400001676,5.666127023137151e-05,6.957998067886073e-06,13.490657045942855,44.35803351171737,20.0,2.8620424800817e-05,0.0001002784135559,4.242921222216359e-05,0.0001713280505789,0.0,Italy,ITA,lombardy,,,Windows-11-10.0.26200-SP0,3.13.13,3.2.6,32,13th Gen Intel(R) Core(TM) i9-13900HX,1,1 x NVIDIA GeForce RTX 4070 Laptop GPU,9.1922,45.4722,31.70067596435547,machine,46.66666666666666,38.0,44.56666666666666,14.123936971028646,N,1.0,0.0
2026-05-08T23:03:33,Q440_qwen2.5:14b_MMLU,7f3da7dd-b976-4d2d-b0da-eb7117d7d4b2,5b0fa12a-3dd7-45bb-9766-cc326314d9f1,9.41748090001056,6.68831829127823e-05,7.102024800783753e-06,13.2977158256,45.7966507575018,20.0,3.292899665862184e-05,0.0001197823180479,4.952498000000358e-05,0.0002022362947066,0.0,Italy,ITA,lombardy,,,Windows-11-10.0.26200-SP0,3.13.13,3.2.6,32,13th Gen Intel(R) Core(TM) i9-13900HX,1,1 x NVIDIA GeForce RTX 4070 Laptop GPU,9.1922,45.4722,31.70067596435547,machine,14.285714285714286,36.42857142857143,44.5,14.11693845476423,N,1.0,0.0
2026-05-08T23:04:36,Q441_qwen2.5:14b_HumanEval,da671e6a-c9c5-4d6b-ae48-01a3fd4eb9dd,5b0fa12a-3dd7-45bb-9766-cc326314d9f1,37.38064300001133,0.0002962006205262,7.923903837775325e-06,13.539494177188573,54.48216609054393,20.0,0.0001350892629956,0.0005612623934539,0.0001992773099999,0.0008956289664496,0.0,Italy,ITA,lombardy,,,Windows-11-10.0.26200-SP0,3.13.13,3.2.6,32,13th Gen Intel(R) Core(TM) i9-13900HX,1,1 x NVIDIA GeForce RTX 4070 Laptop GPU,9.1922,45.4722,31.70067596435547,machine,4.762857142857143,39.74285714285714,44.5,14.109378596714564,N,1.0,0.0
2026-05-08T23:05:54,Q442_qwen2.5:14b_GSM8K,10a01854-b71f-41f5-ae6f-cb0bac954f98,5b0fa12a-3dd7-45bb-9766-cc326314d9f1,32.6114407999994,0.0002511355018722,7.700840432425175e-06,13.193165819520004,53.56508519311775,20.0,0.0001147346529703,0.000471828433018,0.0001728013933332,0.0007593644793215,0.0,Italy,ITA,lombardy,,,Windows-11-10.0.26200-SP0,3.13.13,3.2.6,32,13th Gen Intel(R) Core(TM) i9-13900HX,1,1 x NVIDIA GeForce RTX 4070 Laptop GPU,9.1922,45.4722,31.70067596435547,machine,0.0,39.5,44.50333333333333,14.113340504964192,N,1.0,0.0
2026-05-08T23:06:57,Q443_qwen2.5:14b_HellaSwag,67dcf241-7106-4ed1-bb19-a513681e62ed,5b0fa12a-3dd7-45bb-9766-cc326314d9f1,17.49513609999849,0.000129726641385,7.415011843493638e-06,13.085479036160002,49.835307580094224,20.0,6.051842167035477e-05,0.000240126858768,9.161229666666864e-05,0.000392257577105,0.0,Italy,ITA,lombardy,,,Windows-11-10.0.26200-SP0,3.13.13,3.2.6,32,13th Gen Intel(R) Core(TM) i9-13900HX,1,1 x NVIDIA GeForce RTX 4070 Laptop GPU,9.1922,45.4722,31.70067596435547,machine,0.0,38.4,44.5,14.11068878173828,N,1.0,0.0
2026-05-08T23:07:51,Q444_qwen2.5:14b_GSM8K,e7ca7866-6f84-4e96-aeed-31daf4e6e990,5b0fa12a-3dd7-45bb-9766-cc326314d9f1,18.56634910000139,0.0001420655830699,7.65177808004895e-06,13.1170683968,51.11171918708235,20.0,6.424912706722068e-05,0.000267751325312,9.756668055552938e-05,0.0004295671329347,0.0,Italy,ITA,lombardy,,,Windows-11-10.0.26200-SP0,3.13.13,3.2.6,32,13th Gen Intel(R) Core(TM) i9-13900HX,1,1 x NVIDIA GeForce RTX 4070 Laptop GPU,9.1922,45.4722,31.70067596435547,machine,0.0,38.9375,44.6,14.142508029937744,N,1.0,0.0
2026-05-08T23:08:52,Q445_qwen2.5:14b_HumanEval,bfe1e456-20e8-4cab-ae2a-414d6b1bc4eb,5b0fa12a-3dd7-45bb-9766-cc326314d9f1,25.30565929999284,0.000195455527244,7.723787194277842e-06,13.497620696960002,52.86816032405186,20.0,9.117794242152124e-05,0.00036482251408,0.0001350031394443,0.0005910035959459,0.0,Italy,ITA,lombardy,,,Windows-11-10.0.26200-SP0,3.13.13,3.2.6,32,13th Gen Intel(R) Core(TM) i9-13900HX,1,1 x NVIDIA GeForce RTX 4070 Laptop GPU,9.1922,45.4722,31.70067596435547,machine,0.0,41.43478260869565,44.6,14.139549752940304,N,1.0,0.0
2026-05-08T23:09:43,Q446_qwen2.5:14b_GSM8K,cbd36614-a330-4b18-a25f-41e68f71b763,5b0fa12a-3dd7-45bb-9766-cc326314d9f1,16.253307599996333,0.0001231889771969,7.579317405953742e-06,13.33003883264,50.20501040799762,20.0,5.832530609220904e-05,0.0002266554591019,8.750871888882506e-05,0.000372489484083,0.0,Italy,ITA,lombardy,,,Windows-11-10.0.26200-SP0,3.13.13,3.2.6,32,13th Gen Intel(R) Core(TM) i9-13900HX,1,1 x NVIDIA GeForce RTX 4070 Laptop GPU,9.1922,45.4722,31.70067596435547,machine,0.0,35.714285714285715,44.6,14.127040590558734,N,1.0,0.0
2026-05-08T23:10:24,Q447_qwen2.5:14b_MMLU,516b51ce-5a54-4103-b9b4-9cb130c6ecdb,5b0fa12a-3dd7-45bb-9766-cc326314d9f1,5.92269990000932,4.121527058369512e-05,6.9588652606947485e-06,13.09006993664,45.52960258927997,20.0,1.9694360379091567e-05,7.48395043160266e-05,3.0089743888917536e-05,0.000124623608584,0.0,Italy,ITA,lombardy,,,Windows-11-10.0.26200-SP0,3.13.13,3.2.6,32,13th Gen Intel(R) Core(TM) i9-13900HX,1,1 x NVIDIA GeForce RTX 4070 Laptop GPU,9.1922,45.4722,31.70067596435547,machine,25.0,38.0,44.6,14.133742332458496,N,1.0,0.0
2026-05-08T23:11:01,Q448_qwen2.5:14b_GSM8K,84fbeec3-b75b-4d06-ac9a-b7b5e30b4d35,5b0fa12a-3dd7-45bb-9766-cc326314d9f1,21.769251500008977,0.0001674925573023,7.693997072076464e-06,13.183012951588571,53.25224318161316,20.0,7.618527568259046e-05,0.0003149060852579,0.0001153599277778,0.0005064512887183,0.0,Italy,ITA,lombardy,,,Windows-11-10.0.26200-SP0,3.13.13,3.2.6,32,13th Gen Intel(R) Core(TM) i9-13900HX,1,1 x NVIDIA GeForce RTX 4070 Laptop GPU,9.1922,45.4722,31.70067596435547,machine,3.335,37.75,44.6,14.139627265930176,N,1.0,0.0
2026-05-08T23:12:06,Q449_qwen2.5:14b_HumanEval,209a72bd-fdea-4386-b100-9117c743b669,5b0fa12a-3dd7-45bb-9766-cc326314d9f1,29.67057800000476,0.0002344867469394,7.903005696059591e-06,13.257962728228572,54.17950424223218,20.0,0.0001056583868427,0.000444117855294,0.000159246995,0.0007090232371368,0.0,Italy,ITA,lombardy,,,Windows-11-10.0.26200-SP0,3.13.13,3.2.6,32,13th Gen Intel(R) Core(TM) i9-13900HX,1,1 x NVIDIA GeForce RTX 4070 Laptop GPU,9.1922,45.4722,31.70067596435547,machine,3.703703703703704,40.55555555555556,44.58518518518518,14.126577730532048,N,1.0,0.0
2026-05-08T23:13:22,Q450_qwen2.5:14b_HumanEval,59d1b3cc-fa96-429b-9ed4-566ca63b01f4,5b0fa12a-3dd7-45bb-9766-cc326314d9f1,30.80466680000245,0.0002459908741277,7.985506732628124e-06,13.48285377488,54.631485088512704,20.0,0.0001117061331956,0.00046656009547,0.0001655423155556,0.0007438085442213,0.0,Italy,ITA,lombardy,,,Windows-11-10.0.26200-SP0,3.13.13,3.2.6,32,13th Gen Intel(R) Core(TM) i9-13900HX,1,1 x NVIDIA GeForce RTX 4070 Laptop GPU,9.1922,45.4722,31.70067596435547,machine,5.172413793103448,39.51724137931034,44.5,14.111620146652749,N,1.0,0.0
2026-05-08T23:14:29,Q451_qwen2.5:14b_GSM8K,eaf29bd2-2aaa-49da-babf-a019bf538428,5b0fa12a-3dd7-45bb-9766-cc326314d9f1,20.992510199997923,0.0001609747201333,7.668197781007231e-06,13.488369397760003,53.522176561044986,20.0,7.540112467256747e-05,0.0003002974624599,0.00011104456,0.0004867431471325,0.0,Italy,ITA,lombardy,,,Windows-11-10.0.26200-SP0,3.13.13,3.2.6,32,13th Gen Intel(R) Core(TM) i9-13900HX,1,1 x NVIDIA GeForce RTX 4070 Laptop GPU,9.1922,45.4722,31.70067596435547,machine,5.2631578947368425,40.578947368421055,44.50526315789474,14.11593828703228,N,1.0,0.0
2026-05-08T23:15:19,Q452_qwen2.5:14b_HellaSwag,d724e86e-ccca-4807-98b4-e6b6878c0172,5b0fa12a-3dd7-45bb-9766-cc326314d9f1,14.472797599999469,0.00011137542848,7.695501005281846e-06,13.26506212529231,51.66811684270542,20.0,5.1473619947472223e-05,0.000207687943928,7.760700777782606e-05,0.0003367685716533,0.0,Italy,ITA,lombardy,,,Windows-11-10.0.26200-SP0,3.13.13,3.2.6,32,13th Gen Intel(R) Core(TM) i9-13900HX,1,1 x NVIDIA GeForce RTX 4070 Laptop GPU,9.1922,45.4722,31.70067596435547,machine,0.0,39.333333333333336,44.525,14.117110888163248,N,1.0,0.0
2026-05-08T23:16:14,Q453_qwen2.5:14b_GSM8K,e8cfbc03-79d7-480e-83f9-9a1b10887329,5b0fa12a-3dd7-45bb-9766-cc326314d9f1,30.46368960000109,0.0002396097880147,7.865422447539449e-06,13.47079255424,53.44034702609565,20.0,0.0001103586597105,0.000450492582616,0.0001636626577777,0.0007245139001043,0.0,Italy,ITA,lombardy,,,Windows-11-10.0.26200-SP0,3.13.13,3.2.6,32,13th Gen Intel(R) Core(TM) i9-13900HX,1,1 x NVIDIA GeForce RTX 4070 Laptop GPU,9.1922,45.4722,31.70067596435547,machine,0.0,39.5,44.53928571428571,14.119422095162529,N,1.0,0.0
2026-05-08T23:17:37,Q454_qwen2.5:14b_MMLU,8441bd77-3c43-4769-aac8-2b927f9a8b45,5b0fa12a-3dd7-45bb-9766-cc326314d9f1,37.270157299994025,0.0002950314121326,7.916022724504456e-06,13.236804087931432,54.79273642918785,20.0,0.0001315912366825,0.000561820727234,0.0001986816388888,0.0008920936028054,0.0,Italy,ITA,lombardy,,,Windows-11-10.0.26200-SP0,3.13.13,3.2.6,32,13th Gen Intel(R) Core(TM) i9-13900HX,1,1 x NVIDIA GeForce RTX 4070 Laptop GPU,9.1922,45.4722,31.70067596435547,machine,0.0,41.2,44.54,14.12101353236607,N,1.0,0.0
2026-05-08T23:18:53,Q455_qwen2.5:14b_HumanEval,ee97d2db-319c-4840-a2e1-6ff16d1e93c1,5b0fa12a-3dd7-45bb-9766-cc326314d9f1,30.43702569999732,0.0002375245132795,7.803801712451854e-06,13.36416707456,52.81767232308116,20.0,0.0001091672781226,0.0004455345230939,0.0001635068033334,0.00071820860455,0.0,Italy,ITA,lombardy,,,Windows-11-10.0.26200-SP0,3.13.13,3.2.6,32,13th Gen Intel(R) Core(TM) i9-13900HX,1,1 x NVIDIA GeForce RTX 4070 Laptop GPU,9.1922,45.4722,31.70067596435547,machine,3.1750000000000003,38.67857142857143,44.5,14.112577710832868,N,1.0,0.0
2026-05-08T23:19:52,Q456_qwen2.5:14b_GSM8K,467138fd-1521-4da4-873f-c89a711d3497,5b0fa12a-3dd7-45bb-9766-cc326314d9f1,13.557974700001068,0.0001035713903245,7.639149107172631e-06,13.679618629907692,50.741573841557255,20.0,4.960236859009725e-05,0.0001910495972839,7.251934722225997e-05,0.0003131713130963,0.0,Italy,ITA,lombardy,,,Windows-11-10.0.26200-SP0,3.13.13,3.2.6,32,13th Gen Intel(R) Core(TM) i9-13900HX,1,1 x NVIDIA GeForce RTX 4070 Laptop GPU,9.1922,45.4722,31.70067596435547,machine,8.333333333333334,38.833333333333336,44.55833333333334,14.124019304911297,N,1.0,0.0
2026-05-08T23:20:44,Q457_qwen2.5:14b_HumanEval,5e049ea9-c02e-4b77-97f4-97f9734ad566,5b0fa12a-3dd7-45bb-9766-cc326314d9f1,27.338046799995936,0.0002166900539998,7.926318057218197e-06,13.191977481920002,54.62144524499554,20.0,9.649677936367404e-05,0.0004124367188379,0.0001462774488889,0.0006552109470905,0.0,Italy,ITA,lombardy,,,Windows-11-10.0.26200-SP0,3.13.13,3.2.6,32,13th Gen Intel(R) Core(TM) i9-13900HX,1,1 x NVIDIA GeForce RTX 4070 Laptop GPU,9.1922,45.4722,31.70067596435547,machine,0.0,39.24,44.512,14.1171142578125,N,1.0,0.0
2026-05-08T23:21:38,Q458_qwen2.5:14b_HellaSwag,e576d249-b355-4463-be78-eec1d0ed96ee,5b0fa12a-3dd7-45bb-9766-cc326314d9f1,8.793157499996596,6.501730853556464e-05,7.394079832595948e-06,13.3777564688,49.02593584580124,20.0,3.0808106194711425e-05,0.000119728429116,4.605787000004461e-05,0.0001965944053107,0.0,Italy,ITA,lombardy,,,Windows-11-10.0.26200-SP0,3.13.13,3.2.6,32,13th Gen Intel(R) Core(TM) i9-13900HX,1,1 x NVIDIA GeForce RTX 4070 Laptop GPU,9.1922,45.4722,31.70067596435547,machine,0.0,46.0,44.57142857142857,14.127647944859095,N,1.0,0.0
2026-05-08T23:22:13,Q459_qwen2.5:14b_MMLU,e7e3b5e7-ceac-4b5d-ac26-e1cb2f45c48e,5b0fa12a-3dd7-45bb-9766-cc326314d9f1,9.513326799991772,6.876881909102889e-05,7.228682514206109e-06,13.1695608368,47.27223277922576,20.0,3.296517951970828e-05,0.000124910933262,5.006182555557138e-05,0.0002079379383372,0.0,Italy,ITA,lombardy,,,Windows-11-10.0.26200-SP0,3.13.13,3.2.6,32,13th Gen Intel(R) Core(TM) i9-13900HX,1,1 x NVIDIA GeForce RTX 4070 Laptop GPU,9.1922,45.4722,31.70067596435547,machine,0.0,47.71428571428572,44.57142857142857,14.123765672956194,N,1.0,0.0
2026-05-08T23:22:58,Q460_qwen2.5:14b_HumanEval,7d8c963f-c7f8-450c-8ddf-d645c02cac3c,5b0fa12a-3dd7-45bb-9766-cc326314d9f1,29.96974489999411,0.0002378800125605,7.937338584439916e-06,13.50660611456,54.24571118178056,20.0,0.0001087153199232,0.000449647304162,0.0001609209122222,0.0007192835363075,0.0,Italy,ITA,lombardy,,,Windows-11-10.0.26200-SP0,3.13.13,3.2.6,32,13th Gen Intel(R) Core(TM) i9-13900HX,1,1 x NVIDIA GeForce RTX 4070 Laptop GPU,9.1922,45.4722,31.70067596435547,machine,0.0,39.42857142857143,44.52857142857143,14.121780123029437,N,1.0,0.0
2026-05-08T23:23:52,Q461_qwen2.5:14b_HellaSwag,ffef5f6d-f1da-4d5b-8ec7-7be46d859c76,5b0fa12a-3dd7-45bb-9766-cc326314d9f1,8.407731400002376,5.999382176936131e-05,7.13555404128923e-06,13.187686410971429,46.47482786664434,20.0,2.895870028749308e-05,0.00010852925349,4.391681333331184e-05,0.0001814047671108,0.0,Italy,ITA,lombardy,,,Windows-11-10.0.26200-SP0,3.13.13,3.2.6,32,13th Gen Intel(R) Core(TM) i9-13900HX,1,1 x NVIDIA GeForce RTX 4070 Laptop GPU,9.1922,45.4722,31.70067596435547,machine,0.0,48.66666666666666,44.6,14.14097531636556,N,1.0,0.0
2026-05-08T23:24:21,Q462_qwen2.5:14b_MMLU,0f6176a5-cf81-4dea-8f39-b6d4b6c81f66,5b0fa12a-3dd7-45bb-9766-cc326314d9f1,4.480088100011926,2.7985836421904168e-05,6.246715644236922e-06,13.0736609792,38.63395475518569,20.0,1.4448039031728007e-05,4.807170512399761e-05,2.21017050000632e-05,8.462144915578882e-05,0.0,Italy,ITA,lombardy,,,Windows-11-10.0.26200-SP0,3.13.13,3.2.6,32,13th Gen Intel(R) Core(TM) i9-13900HX,1,1 x NVIDIA GeForce RTX 4070 Laptop GPU,9.1922,45.4722,31.70067596435547,machine,0.0,33.5,44.5,14.117063522338867,N,1.0,0.0
2026-05-08T23:24:51,Q463_qwen2.5:14b_HumanEval,c473d8af-595e-4242-b018-8fdcdb609fb6,5b0fa12a-3dd7-45bb-9766-cc326314d9f1,14.303860299987718,0.0001049981499504,7.340546380376166e-06,13.515398238523078,47.56748270791302,20.0,5.181715609300604e-05,0.0001889904289699,7.667785555555991e-05,0.0003174854406185,0.0,Italy,ITA,lombardy,,,Windows-11-10.0.26200-SP0,3.13.13,3.2.6,32,13th Gen Intel(R) Core(TM) i9-13900HX,1,1 x NVIDIA GeForce RTX 4070 Laptop GPU,9.1922,45.4722,31.70067596435547,machine,0.0,44.583333333333336,44.55,14.123705863952637,N,1.0,0.0
2026-05-08T23:25:54,Q464_qwen2.5:14b_HumanEval,1fa0739a-2cc6-45e4-80e0-cb207ea21184,5b0fa12a-3dd7-45bb-9766-cc326314d9f1,37.43950229999609,0.000301996419384,8.066250906974207e-06,13.365087607245718,56.41420854429132,20.0,0.0001340393075541,0.000579484908032,0.0001996296477778,0.0009131538633639,0.0,Italy,ITA,lombardy,,,Windows-11-10.0.26200-SP0,3.13.13,3.2.6,32,13th Gen Intel(R) Core(TM) i9-13900HX,1,1 x NVIDIA GeForce RTX 4070 Laptop GPU,9.1922,45.4722,31.70067596435547,machine,0.0,39.94285714285714,44.61714285714286,14.142598615373885,N,1.0,0.0
2026-05-08T23:26:48,Q465_qwen2.5:14b_GSM8K,26a5365c-f5ea-45d0-b238-d588f0e51d1b,5b0fa12a-3dd7-45bb-9766-cc326314d9f1,9.094314999994822,6.403686815705945e-05,7.041417430240311e-06,13.154546950400002,45.33103161111321,20.0,3.139527024682998e-05,0.0001145023138239,4.773224000002504e-05,0.0001936298240708,0.0,Italy,ITA,lombardy,,,Windows-11-10.0.26200-SP0,3.13.13,3.2.6,32,13th Gen Intel(R) Core(TM) i9-13900HX,1,1 x NVIDIA GeForce RTX 4070 Laptop GPU,9.1922,45.4722,31.70067596435547,machine,0.0,46.0,44.52857142857143,14.119323185511998,N,1.0,0.0
2026-05-08T23:27:25,Q466_qwen2.5:14b_HellaSwag,b753babf-92bd-4f66-b201-3fc36159698c,5b0fa12a-3dd7-45bb-9766-cc326314d9f1,11.42643190000672,8.286998560330039e-05,7.252481468274593e-06,13.186299365120002,47.22541854348927,20.0,4.001241046030164e-05,0.0001498765087899,6.068705666669606e-05,0.0002505759759169,0.0,Italy,ITA,lombardy,,,Windows-11-10.0.26200-SP0,3.13.13,3.2.6,32,13th Gen Intel(R) Core(TM) i9-13900HX,1,1 x NVIDIA GeForce RTX 4070 Laptop GPU,9.1922,45.4722,31.70067596435547,machine,5.555555555555555,41.333333333333336,44.6,14.126843770345053,N,1.0,0.0
2026-05-08T23:27:53,Q467_qwen2.5:14b_SQuAD,a96ca21d-fb88-44c0-99f6-22099ba86215,5b0fa12a-3dd7-45bb-9766-cc326314d9f1,3.111571000001277,1.899776524696125e-05,6.105522016676932e-06,13.023580160000003,38.77048730368544,20.0,9.442271796125808e-06,3.3502249023986685e-05,1.449948055556484e-05,5.744400137567733e-05,0.0,Italy,ITA,lombardy,,,Windows-11-10.0.26200-SP0,3.13.13,3.2.6,32,13th Gen Intel(R) Core(TM) i9-13900HX,1,1 x NVIDIA GeForce RTX 4070 Laptop GPU,9.1922,45.4722,31.70067596435547,machine,0.0,97.0,44.6,14.133716583251951,N,1.0,0.0
2026-05-08T23:28:45,Q468_qwen2.5:14b_GSM8K,5e09702d-5e09-4020-8e46-07b092b69249,5b0fa12a-3dd7-45bb-9766-cc326314d9f1,36.65160969999852,0.000284839014277,7.77152808862966e-06,13.21013517152,53.15826899245207,20.0,0.0001291052427093,0.0005369362628819,0.0001952330977778,0.0008612746033691,0.0,Italy,ITA,lombardy,,,Windows-11-10.0.26200-SP0,3.13.13,3.2.6,32,13th Gen Intel(R) Core(TM) i9-13900HX,1,1 x NVIDIA GeForce RTX 4070 Laptop GPU,9.1922,45.4722,31.70067596435547,machine,2.9411764705882355,40.88235294117647,44.6,14.128611059749828,N,1.0,0.0
2026-05-08T23:29:35,Q469_qwen2.5:14b_SQuAD,9de27d03-ff42-4750-9825-897f3e72f032,5b0fa12a-3dd7-45bb-9766-cc326314d9f1,4.678247699994245,2.933484049793822e-05,6.27047612249653e-06,13.061339926400002,38.76747404313037,20.0,1.5148112836486204e-05,5.03578180640063e-05,2.319453444441832e-05,8.870046534491083e-05,0.0,Italy,ITA,lombardy,,,Windows-11-10.0.26200-SP0,3.13.13,3.2.6,32,13th Gen Intel(R) Core(TM) i9-13900HX,1,1 x NVIDIA GeForce RTX 4070 Laptop GPU,9.1922,45.4722,31.70067596435547,machine,0.0,57.0,44.6,14.127091725667318,N,1.0,0.0
2026-05-08T23:30:27,Q470_qwen2.5:14b_HumanEval,455b9637-1377-44c7-a162-78526a954497,5b0fa12a-3dd7-45bb-9766-cc326314d9f1,37.29522200000065,0.0002948928040118,7.906986155272656e-06,13.554030902171428,54.03901950365766,20.0,0.0001347019468989,0.0005581493354079,0.0001988232077777,0.0008916744900846,0.0,Italy,ITA,lombardy,,,Windows-11-10.0.26200-SP0,3.13.13,3.2.6,32,13th Gen Intel(R) Core(TM) i9-13900HX,1,1 x NVIDIA GeForce RTX 4070 Laptop GPU,9.1922,45.4722,31.70067596435547,machine,2.5,40.97142857142857,44.6,14.13229991367885,N,1.0,0.0
2026-05-08T23:31:21,Q471_qwen2.5:14b_HellaSwag,e1581a7b-5844-44c6-bb27-694ab8650cff,5b0fa12a-3dd7-45bb-9766-cc326314d9f1,7.8213541000004625,5.312395814766878e-05,6.792168909430356e-06,13.17938699154286,42.89144683933348,20.0,2.6795147879526204e-05,9.317563009597628e-05,4.066141666666631e-05,0.0001606321946421,0.0,Italy,ITA,lombardy,,,Windows-11-10.0.26200-SP0,3.13.13,3.2.6,32,13th Gen Intel(R) Core(TM) i9-13900HX,1,1 x NVIDIA GeForce RTX 4070 Laptop GPU,9.1922,45.4722,31.70067596435547,machine,0.0,43.5,44.583333333333336,14.129268010457356,N,1.0,0.0
2026-05-08T23:32:04,Q472_qwen2.5:14b_HellaSwag,01f83069-93bf-45c1-8ea4-a83d9a8967ef,5b0fa12a-3dd7-45bb-9766-cc326314d9f1,17.984316899994155,0.0001389640609494,7.726957978009194e-06,13.3512352832,51.34060725227732,20.0,6.395037608962867e-05,0.00026192520954,9.431339999993926e-05,0.0004201889856296,0.0,Italy,ITA,lombardy,,,Windows-11-10.0.26200-SP0,3.13.13,3.2.6,32,13th Gen Intel(R) Core(TM) i9-13900HX,1,1 x NVIDIA GeForce RTX 4070 Laptop GPU,9.1922,45.4722,31.70067596435547,machine,4.4625,45.25,44.6,14.131951570510864,N,1.0,0.0
2026-05-08T23:32:52,Q473_qwen2.5:14b_HellaSwag,ea665b4b-4779-4843-b58e-169b53d49c06,5b0fa12a-3dd7-45bb-9766-cc326314d9f1,12.613636800000677,9.60840283668163e-05,7.617472255647248e-06,13.1439666176,51.09754673542016,20.0,4.422141889530505e-05,0.0001790231987739,6.728697833338327e-05,0.0002905315960026,0.0,Italy,ITA,lombardy,,,Windows-11-10.0.26200-SP0,3.13.13,3.2.6,32,13th Gen Intel(R) Core(TM) i9-13900HX,1,1 x NVIDIA GeForce RTX 4070 Laptop GPU,9.1922,45.4722,31.70067596435547,machine,2.6,41.72727272727273,44.6,14.131629597056996,N,1.0,0.0
2026-05-08T23:33:55,Q474_qwen2.5:14b_GSM8K,4d6fecf6-1548-4175-88de-85e78ab4c8da,5b0fa12a-3dd7-45bb-9766-cc326314d9f1,37.40774730000703,0.0002955890521464,7.901813754672082e-06,13.420084778857143,54.58023516694899,20.0,0.0001342779148726,0.0005600748925039,0.0001994269449999,0.0008937797523766,0.0,Italy,ITA,lombardy,,,Windows-11-10.0.26200-SP0,3.13.13,3.2.6,32,13th Gen Intel(R) Core(TM) i9-13900HX,1,1 x NVIDIA GeForce RTX 4070 Laptop GPU,9.1922,45.4722,31.70067596435547,machine,0.0,40.71428571428572,44.6,14.132136971609931,N,1.0,0.0
2026-05-08T23:34:48,Q475_qwen2.5:14b_SQuAD,669209e3-dcfa-41ea-bfce-eaa295fa59e3,5b0fa12a-3dd7-45bb-9766-cc326314d9f1,8.35770579999371,5.7386782115548726e-05,6.866331920368855e-06,13.368351049142856,43.381975174681855,20.0,2.917196447756712e-05,0.000100707302788,4.364253111109267e-05,0.0001735217983767,0.0,Italy,ITA,lombardy,,,Windows-11-10.0.26200-SP0,3.13.13,3.2.6,32,13th Gen Intel(R) Core(TM) i9-13900HX,1,1 x NVIDIA GeForce RTX 4070 Laptop GPU,9.1922,45.4722,31.70067596435547,machine,0.0,48.333333333333336,44.6,14.13582674662272,N,1.0,0.0
2026-05-08T23:35:20,Q476_qwen2.5:14b_MMLU,e81db690-2048-4ac3-84e4-329cf8115687,5b0fa12a-3dd7-45bb-9766-cc326314d9f1,6.87453979998827,4.9150175682336885e-05,7.149595043790532e-06,13.4210604992,46.85014318325475,20.0,2.3758670002208755e-05,8.945368267404552e-05,3.540421999997408e-05,0.0001486165726762,0.0,Italy,ITA,lombardy,,,Windows-11-10.0.26200-SP0,3.13.13,3.2.6,32,13th Gen Intel(R) Core(TM) i9-13900HX,1,1 x NVIDIA GeForce RTX 4070 Laptop GPU,9.1922,45.4722,31.70067596435547,machine,0.0,45.6,44.6,14.131180572509766,N,1.0,0.0
2026-05-08T23:35:43,Q477_qwen2.5:14b_HellaSwag,957aad42-7bef-45c0-8034-89fa4e95f52a,5b0fa12a-3dd7-45bb-9766-cc326314d9f1,7.799913499999093,5.563383234343537e-05,7.132621707079424e-06,13.10845938834286,46.688172807257466,20.0,2.6566191492345705e-05,0.000101123136454,4.053203388886888e-05,0.0001682213618352,0.0,Italy,ITA,lombardy,,,Windows-11-10.0.26200-SP0,3.13.13,3.2.6,32,13th Gen Intel(R) Core(TM) i9-13900HX,1,1 x NVIDIA GeForce RTX 4070 Laptop GPU,9.1922,45.4722,31.70067596435547,machine,2.9,40.0,44.6,14.13145955403646,N,1.0,0.0
2026-05-08T23:36:02,Q478_qwen2.5:14b_SQuAD,fb353ebb-2ece-4005-b981-fd54a10f9b99,5b0fa12a-3dd7-45bb-9766-cc326314d9f1,3.4625181000010343,1.9058301394108624e-05,5.504173795973206e-06,13.1367256256,31.59141658633973,20.0,1.0803122794232832e-05,3.0377524301961056e-05,1.6446398888931273e-05,5.762704598512516e-05,0.0,Italy,ITA,lombardy,,,Windows-11-10.0.26200-SP0,3.13.13,3.2.6,32,13th Gen Intel(R) Core(TM) i9-13900HX,1,1 x NVIDIA GeForce RTX 4070 Laptop GPU,9.1922,45.4722,31.70067596435547,machine,0.0,43.0,44.6,14.12906265258789,N,1.0,0.0
2026-05-08T23:36:32,Q479_qwen2.5:14b_GSM8K,d0d2dde6-8b6b-4914-a2a6-f2545ecc5711,5b0fa12a-3dd7-45bb-9766-cc326314d9f1,15.28287189999537,0.0001135474409999,7.429718821367373e-06,13.27470426971429,48.69583613702146,20.0,5.450438074731059e-05,0.0002067148875939,8.211686999994628e-05,0.0003433361383412,0.0,Italy,ITA,lombardy,,,Windows-11-10.0.26200-SP0,3.13.13,3.2.6,32,13th Gen Intel(R) Core(TM) i9-13900HX,1,1 x NVIDIA GeForce RTX 4070 Laptop GPU,9.1922,45.4722,31.70067596435547,machine,3.4153846153846152,45.92307692307692,44.60000000000001,14.135452563946064,N,1.0,0.0
2026-05-08T23:37:09,Q480_qwen2.5:14b_GSM8K,60166186-c3ae-45a4-8f22-15b29563b081,5b0fa12a-3dd7-45bb-9766-cc326314d9f1,11.064308200002417,8.12015335694973e-05,7.339052031240378e-06,13.207419176960002,48.19111774194899,20.0,3.875146596969233e-05,0.000148099007368,5.8680563888871503e-05,0.0002455310372265,0.0,Italy,ITA,lombardy,,,Windows-11-10.0.26200-SP0,3.13.13,3.2.6,32,13th Gen Intel(R) Core(TM) i9-13900HX,1,1 x NVIDIA GeForce RTX 4070 Laptop GPU,9.1922,45.4722,31.70067596435547,machine,0.0,34.333333333333336,44.67777777777778,14.158338758680555,N,1.0,0.0
2026-05-08T23:37:44,Q481_qwen2.5:14b_MMLU,9a7232a6-3872-468a-8fb5-8e3dafd01e97,5b0fa12a-3dd7-45bb-9766-cc326314d9f1,10.222248099991702,7.549404329485555e-05,7.385268148101085e-06,13.264053696,48.78711259347426,20.0,3.580422865370247e-05,0.000138482888564,5.3986043888855625e-05,0.0002282731611066,0.0,Italy,ITA,lombardy,,,Windows-11-10.0.26200-SP0,3.13.13,3.2.6,32,13th Gen Intel(R) Core(TM) i9-13900HX,1,1 x NVIDIA GeForce RTX 4070 Laptop GPU,9.1922,45.4722,31.70067596435547,machine,0.0,38.875,44.8,14.2019681930542,N,1.0,0.0
2026-05-08T23:38:29,Q482_qwen2.5:14b_MMLU,ac7f249a-cea7-4221-98e2-000877e5249c,5b0fa12a-3dd7-45bb-9766-cc326314d9f1,19.508571799990023,0.000151769829883,7.779648425270168e-06,13.190304876800004,54.49111853184773,20.0,6.800020390566102e-05,0.0002881074527079,0.0001028024416666,0.0004589100982802,0.0,Italy,ITA,lombardy,,,Windows-11-10.0.26200-SP0,3.13.13,3.2.6,32,13th Gen Intel(R) Core(TM) i9-13900HX,1,1 x NVIDIA GeForce RTX 4070 Laptop GPU,9.1922,45.4722,31.70067596435547,machine,0.0,39.70588235294117,44.74705882352941,14.186373542336856,N,1.0,0.0
2026-05-08T23:39:34,Q483_qwen2.5:14b_MMLU,134efe81-6590-470c-9e32-293b7291d625,5b0fa12a-3dd7-45bb-9766-cc326314d9f1,29.95743519999087,0.0002359280687346,7.87544284614463e-06,13.248527221760002,53.62897169697455,20.0,0.0001065650365336,0.000445968967886,0.0001608473922222,0.0007133813966418,0.0,Italy,ITA,lombardy,,,Windows-11-10.0.26200-SP0,3.13.13,3.2.6,32,13th Gen Intel(R) Core(TM) i9-13900HX,1,1 x NVIDIA GeForce RTX 4070 Laptop GPU,9.1922,45.4722,31.70067596435547,machine,3.571428571428572,41.392857142857146,44.725,14.181393214634486,N,1.0,0.0
2026-05-08T23:40:28,Q484_qwen2.5:14b_SQuAD,95fc3e4a-92f2-4c80-a1b1-1217010d2cd0,5b0fa12a-3dd7-45bb-9766-cc326314d9f1,8.314874400006374,6.142264456882976e-05,7.387080262906036e-06,13.378757608228572,49.05402270525494,20.0,2.903526913903656e-05,0.000113285646184,4.340421777774787e-05,0.0001857251331007,0.0,Italy,ITA,lombardy,,,Windows-11-10.0.26200-SP0,3.13.13,3.2.6,32,13th Gen Intel(R) Core(TM) i9-13900HX,1,1 x NVIDIA GeForce RTX 4070 Laptop GPU,9.1922,45.4722,31.70067596435547,machine,0.0,36.333333333333336,44.70000000000001,14.174560546875,N,1.0,0.0
2026-05-08T23:41:03,Q485_qwen2.5:14b_HellaSwag,67403c56-e468-46d9-81b4-c27c646cfe4d,5b0fa12a-3dd7-45bb-9766-cc326314d9f1,10.434690599999158,7.603211548460104e-05,7.286475315770951e-06,13.476772019200002,47.45464622941849,20.0,3.718278461221188e-05,0.0001375376100299,5.517974833338586e-05,0.0002299001429755,0.0,Italy,ITA,lombardy,,,Windows-11-10.0.26200-SP0,3.13.13,3.2.6,32,13th Gen Intel(R) Core(TM) i9-13900HX,1,1 x NVIDIA GeForce RTX 4070 Laptop GPU,9.1922,45.4722,31.70067596435547,machine,0.0,43.0,44.725,14.183045387268066,N,1.0,0.0
2026-05-08T23:41:42,Q486_qwen2.5:14b_MMLU,51fd5050-780a-4ca2-9601-42024c6e9a7d,5b0fa12a-3dd7-45bb-9766-cc326314d9f1,13.50187449999794,9.69151297628919e-05,7.177901835993712e-06,13.472473030400002,45.91126890016248,20.0,4.864935683826486e-05,0.0001721756932959,7.221956722221674e-05,0.0002930446173564,0.0,Italy,ITA,lombardy,,,Windows-11-10.0.26200-SP0,3.13.13,3.2.6,32,13th Gen Intel(R) Core(TM) i9-13900HX,1,1 x NVIDIA GeForce RTX 4070 Laptop GPU,9.1922,45.4722,31.70067596435547,machine,0.0,39.27272727272727,44.7,14.176035100763494,N,1.0,0.0
2026-05-08T23:42:14,Q487_qwen2.5:14b_SQuAD,7d8dce5b-055c-429a-b4be-4beb02daeace,5b0fa12a-3dd7-45bb-9766-cc326314d9f1,6.384051900007762,4.605839716870176e-05,7.214602558078477e-06,13.1802627584,47.96933942637421,20.0,2.153529319494089e-05,8.505534582198271e-05,3.26772483333318e-05,0.0001392678873502,0.0,Italy,ITA,lombardy,,,Windows-11-10.0.26200-SP0,3.13.13,3.2.6,32,13th Gen Intel(R) Core(TM) i9-13900HX,1,1 x NVIDIA GeForce RTX 4070 Laptop GPU,9.1922,45.4722,31.70067596435547,machine,0.0,39.75,44.775,14.184592247009276,N,1.0,0.0
2026-05-08T23:42:43,Q488_qwen2.5:14b_HumanEval,6a98422b-cb47-4ff0-800e-fb02fc72aa0f,5b0fa12a-3dd7-45bb-9766-cc326314d9f1,14.29058359999908,0.0001080426904016,7.560411346790265e-06,13.39115998326154,50.082396340594414,20.0,5.129145481612465e-05,0.000198795714592,7.66041216666862e-05,0.0003266912910748,0.0,Italy,ITA,lombardy,,,Windows-11-10.0.26200-SP0,3.13.13,3.2.6,32,13th Gen Intel(R) Core(TM) i9-13900HX,1,1 x NVIDIA GeForce RTX 4070 Laptop GPU,9.1922,45.4722,31.70067596435547,machine,0.0,45.0,44.64166666666667,14.153139114379885,N,1.0,0.0
2026-05-08T23:43:56,Q489_qwen2.5:14b_HumanEval,d65f59c6-7fd7-4370-8640-d4215dd828bd,5b0fa12a-3dd7-45bb-9766-cc326314d9f1,37.40947040000174,0.0002974579880825,7.951408691487735e-06,13.271979145737143,55.13813792086438,20.0,0.0001326310446491,0.0005673468427659,0.0001994530116666,0.0008994308990817,0.0,Italy,ITA,lombardy,,,Windows-11-10.0.26200-SP0,3.13.13,3.2.6,32,13th Gen Intel(R) Core(TM) i9-13900HX,1,1 x NVIDIA GeForce RTX 4070 Laptop GPU,9.1922,45.4722,31.70067596435547,machine,1.4285714285714286,39.6,44.67714285714286,14.162369537353516,N,1.0,0.0
2026-05-08T23:45:00,Q490_qwen2.5:14b_HellaSwag,f4f31773-4e3a-4f3f-aa12-2b416736fb9d,5b0fa12a-3dd7-45bb-9766-cc326314d9f1,18.268344800002524,0.0001397408193248,7.649342119095971e-06,13.1232667136,54.41759011545878,20.0,6.330974412579451e-05,0.0002633315995539,9.589634500007376e-05,0.0004225376886798,0.0,Italy,ITA,lombardy,,,Windows-11-10.0.26200-SP0,3.13.13,3.2.6,32,13th Gen Intel(R) Core(TM) i9-13900HX,1,1 x NVIDIA GeForce RTX 4070 Laptop GPU,9.1922,45.4722,31.70067596435547,machine,4.8625,43.375,44.64375,14.153897285461426,N,1.0,0.0
2026-05-08T23:45:44,Q491_qwen2.5:14b_MMLU,d4503a8d-e343-44a5-8845-56f22dea8761,5b0fa12a-3dd7-45bb-9766-cc326314d9f1,9.24677930001053,6.666893117735062e-05,7.209962411158088e-06,13.174266742400002,47.11365547352016,20.0,3.200237142595272e-05,0.000121003707914,4.858237722227286e-05,0.0002015884565622,0.0,Italy,ITA,lombardy,,,Windows-11-10.0.26200-SP0,3.13.13,3.2.6,32,13th Gen Intel(R) Core(TM) i9-13900HX,1,1 x NVIDIA GeForce RTX 4070 Laptop GPU,9.1922,45.4722,31.70067596435547,machine,0.0,40.71428571428572,44.62857142857143,14.153220040457589,N,1.0,0.0
2026-05-08T23:46:23,Q492_qwen2.5:14b_HellaSwag,61535b9b-8f87-4c9c-a9c8-0602e81e02b3,5b0fa12a-3dd7-45bb-9766-cc326314d9f1,13.734636099994532,0.000100933566614,7.3488344270041e-06,13.159496097476923,48.047675022294335,20.0,4.837416911405537e-05,0.0001833020910859,7.351900166662138e-05,0.0003051952618666,0.0,Italy,ITA,lombardy,,,Windows-11-10.0.26200-SP0,3.13.13,3.2.6,32,13th Gen Intel(R) Core(TM) i9-13900HX,1,1 x NVIDIA GeForce RTX 4070 Laptop GPU,9.1922,45.4722,31.70067596435547,machine,6.941666666666666,45.41666666666666,44.69166666666667,14.159812609354654,N,1.0,0.0
2026-05-08T23:46:55,Q493_qwen2.5:14b_MMLU,07211eb0-c4c5-47df-99db-11bd2bbe3ec1,5b0fa12a-3dd7-45bb-9766-cc326314d9f1,7.246959199997946,5.200474432217455e-05,7.176077977945466e-06,13.377600435200002,47.06303986576635,20.0,2.505969777927497e-05,9.47239646680309e-05,3.746433833334272e-05,0.0001572480007806,0.0,Italy,ITA,lombardy,,,Windows-11-10.0.26200-SP0,3.13.13,3.2.6,32,13th Gen Intel(R) Core(TM) i9-13900HX,1,1 x NVIDIA GeForce RTX 4070 Laptop GPU,9.1922,45.4722,31.70067596435547,machine,14.54,47.0,44.7,14.160167694091797,N,1.0,0.0
2026-05-08T23:47:43,Q494_qwen2.5:14b_GSM8K,e282e183-6430-4590-8662-3381142afacc,5b0fa12a-3dd7-45bb-9766-cc326314d9f1,22.557476200003293,0.0001755855970595,7.783920306632466e-06,13.490849951085716,53.87240093069313,20.0,8.107156985706325e-05,0.0003301172085379,0.0001197336299999,0.000530922408395,0.0,Italy,ITA,lombardy,,,Windows-11-10.0.26200-SP0,3.13.13,3.2.6,32,13th Gen Intel(R) Core(TM) i9-13900HX,1,1 x NVIDIA GeForce RTX 4070 Laptop GPU,9.1922,45.4722,31.70067596435547,machine,2.5,39.9,44.7,14.168791198730467,N,1.0,0.0
2026-05-08T23:48:37,Q495_qwen2.5:14b_GSM8K,44731c77-c8fe-43af-813a-de3bd6656299,5b0fa12a-3dd7-45bb-9766-cc326314d9f1,18.605435000004945,0.0001455301421815,7.82191559517621e-06,13.57332713216,51.36495198910758,20.0,6.735919070266791e-05,0.0002748974421399,9.778637111109372e-05,0.0004400430039537,0.0,Italy,ITA,lombardy,,,Windows-11-10.0.26200-SP0,3.13.13,3.2.6,32,13th Gen Intel(R) Core(TM) i9-13900HX,1,1 x NVIDIA GeForce RTX 4070 Laptop GPU,9.1922,45.4722,31.70067596435547,machine,6.25,41.9375,44.9,14.233758687973022,N,1.0,0.0
2026-05-08T23:49:35,Q496_qwen2.5:14b_GSM8K,cf0523a4-9f6e-4b2a-965d-bd28f5ec910f,5b0fa12a-3dd7-45bb-9766-cc326314d9f1,22.305654900002992,0.000168282319627,7.54437923393993e-06,13.565058247862858,51.4804614771184,20.0,8.052481190204263e-05,0.0003099999702219,0.00011831453,0.0005088393121239,0.0,Italy,ITA,lombardy,,,Windows-11-10.0.26200-SP0,3.13.13,3.2.6,32,13th Gen Intel(R) Core(TM) i9-13900HX,1,1 x NVIDIA GeForce RTX 4070 Laptop GPU,9.1922,45.4722,31.70067596435547,machine,3.0,33.8,44.965,14.253581237792968,N,1.0,0.0
2026-05-08T23:50:25,Q497_qwen2.5:14b_HellaSwag,d263727a-3ddf-4ffa-83e2-3ecce225cc62,5b0fa12a-3dd7-45bb-9766-cc326314d9f1,14.010880899993936,0.0001035778162363,7.392669809676869e-06,13.37515341292308,48.29504336471064,20.0,5.019083125444851e-05,0.0001879498725819,7.505003944445182e-05,0.0003131907432808,0.0,Italy,ITA,lombardy,,,Windows-11-10.0.26200-SP0,3.13.13,3.2.6,32,13th Gen Intel(R) Core(TM) i9-13900HX,1,1 x NVIDIA GeForce RTX 4070 Laptop GPU,9.1922,45.4722,31.70067596435547,machine,8.333333333333334,39.5,44.89166666666666,14.2223539352417,N,1.0,0.0
2026-05-08T23:51:05,Q498_qwen2.5:14b_MMLU,01ebb362-87af-40ce-859c-182b68e97f75,5b0fa12a-3dd7-45bb-9766-cc326314d9f1,5.081613200003631,3.1904344501034834e-05,6.278389016506026e-06,13.1846959136,38.49694196038512,20.0,1.6758745415703465e-05,5.429059898798272e-05,2.54205922221849e-05,9.646993662587107e-05,0.0,Italy,ITA,lombardy,,,Windows-11-10.0.26200-SP0,3.13.13,3.2.6,32,13th Gen Intel(R) Core(TM) i9-13900HX,1,1 x NVIDIA GeForce RTX 4070 Laptop GPU,9.1922,45.4722,31.70067596435547,machine,0.0,42.0,44.79999999999999,14.209161122639976,N,1.0,0.0
2026-05-08T23:51:34,Q499_qwen2.5:14b_MMLU,0fd51a2e-1f85-4dd8-ba75-3818baff59e0,5b0fa12a-3dd7-45bb-9766-cc326314d9f1,13.425628400000278,9.805130893072188e-05,7.3032938205499455e-06,13.195490624,47.548841906574495,20.0,4.736944788114791e-05,0.0001773151418519,7.179551999999806e-05,0.0002964801097331,0.0,Italy,ITA,lombardy,,,Windows-11-10.0.26200-SP0,3.13.13,3.2.6,32,13th Gen Intel(R) Core(TM) i9-13900HX,1,1 x NVIDIA GeForce RTX 4070 Laptop GPU,9.1922,45.4722,31.70067596435547,machine,0.0,39.27272727272727,44.75454545454546,14.18617768721147,N,1.0,0.0
2026-05-08T23:52:13,Q500_qwen2.5:14b_HellaSwag,85b54dbd-ca25-431f-95a2-798453dfe6e9,5b0fa12a-3dd7-45bb-9766-cc326314d9f1,14.4246465999895,0.0001087748575335,7.540902772180118e-06,13.191895246769231,50.05220953771763,20.0,5.101799818470751e-05,0.0002005404382099,7.734672611105553e-05,0.0003289051625057,0.0,Italy,ITA,lombardy,,,Windows-11-10.0.26200-SP0,3.13.13,3.2.6,32,13th Gen Intel(R) Core(TM) i9-13900HX,1,1 x NVIDIA GeForce RTX 4070 Laptop GPU,9.1922,45.4722,31.70067596435547,machine,8.333333333333334,43.583333333333336,44.76666666666667,14.188570658365885,N,1.0,0.0
2026-05-08T23:53:10,Q1_qwen2.5:14b_GSM8K,5ae50be2-9658-44e3-8e91-d0ae615fb8ee,5b0fa12a-3dd7-45bb-9766-cc326314d9f1,21.46168169999146,0.0001633204458604,7.609862458285639e-06,13.3799312672,52.10850539025832,20.0,7.666559015831882e-05,0.0003035169094799,0.000113653475,0.0004938359746383,0.0,Italy,ITA,lombardy,,,Windows-11-10.0.26200-SP0,3.13.13,3.2.6,32,13th Gen Intel(R) Core(TM) i9-13900HX,1,1 x NVIDIA GeForce RTX 4070 Laptop GPU,9.1922,45.4722,31.70067596435547,machine,0.0,43.578947368421055,44.77894736842105,14.189124257940994,N,1.0,0.0
2026-05-08T23:53:53,Q2_qwen2.5:14b_HellaSwag,5e6cfcc5-baef-4a97-b161-e89f47e06e90,5b0fa12a-3dd7-45bb-9766-cc326314d9f1,7.4768383000046015,5.308362742169102e-05,7.09974260399056e-06,13.422267872,46.130274485761554,20.0,2.599807458860551e-05,9.577424328605089e-05,3.873792777780586e-05,0.0001605102456524,0.0,Italy,ITA,lombardy,,,Windows-11-10.0.26200-SP0,3.13.13,3.2.6,32,13th Gen Intel(R) Core(TM) i9-13900HX,1,1 x NVIDIA GeForce RTX 4070 Laptop GPU,9.1922,45.4722,31.70067596435547,machine,0.0,40.8,44.7,14.158618927001951,N,1.0,0.0
2026-05-08T23:54:23,Q3_qwen2.5:14b_MMLU,fbb6fed4-6b34-4db1-8935-6976a436706b,5b0fa12a-3dd7-45bb-9766-cc326314d9f1,15.491325000009963,0.0001177422259423,7.600526484488379e-06,13.497623510857146,50.32961665436524,20.0,5.619678258831351e-05,0.000216554895466,8.326833277783913e-05,0.0003560200108321,0.0,Italy,ITA,lombardy,,,Windows-11-10.0.26200-SP0,3.13.13,3.2.6,32,13th Gen Intel(R) Core(TM) i9-13900HX,1,1 x NVIDIA GeForce RTX 4070 Laptop GPU,9.1922,45.4722,31.70067596435547,machine,0.0,42.30769230769231,44.66153846153846,14.155970059908354,N,1.0,0.0
2026-05-08T23:55:18,Q4_qwen2.5:14b_GSM8K,1b6b7d84-19da-40be-a67c-c7891b8e0b16,5b0fa12a-3dd7-45bb-9766-cc326314d9f1,18.988591200002706,0.0001435763401746,7.561189698717496e-06,13.27214890208,54.052362504800286,20.0,6.645741695993522e-05,0.000267821325368,9.985650333336606e-05,0.0004341352456613,0.0,Italy,ITA,lombardy,,,Windows-11-10.0.26200-SP0,3.13.13,3.2.6,32,13th Gen Intel(R) Core(TM) i9-13900HX,1,1 x NVIDIA GeForce RTX 4070 Laptop GPU,9.1922,45.4722,31.70067596435547,machine,5.882352941176471,45.70588235294117,44.6764705882353,14.157227235681871,N,1.0,0.0
2026-05-08T23:56:02,Q5_qwen2.5:14b_MMLU,33f712b2-d592-4e02-9f06-d27a8c71a850,5b0fa12a-3dd7-45bb-9766-cc326314d9f1,8.860775099994498,6.526090272383077e-05,7.365146049567524e-06,13.429928316800002,48.64742063109737,20.0,3.117966171854068e-05,0.000119718984664,4.643232055548449e-05,0.000197330966938,0.0,Italy,ITA,lombardy,,,Windows-11-10.0.26200-SP0,3.13.13,3.2.6,32,13th Gen Intel(R) Core(TM) i9-13900HX,1,1 x NVIDIA GeForce RTX 4070 Laptop GPU,9.1922,45.4722,31.70067596435547,machine,0.0,42.57142857142857,44.62857142857143,14.153367178780693,N,1.0,0.0
2026-05-08T23:56:56,Q6_qwen2.5:14b_MMLU,276b797b-18f0-4a07-aff0-e66d7b878d99,5b0fa12a-3dd7-45bb-9766-cc326314d9f1,29.204483299996355,0.0002312179741025,7.917208180928051e-06,13.19539081088,54.3619685631991,20.0,0.0001033674368465,0.000439112573512,0.0001566593594444,0.0006991393698029,0.0,Italy,ITA,lombardy,,,Windows-11-10.0.26200-SP0,3.13.13,3.2.6,32,13th Gen Intel(R) Core(TM) i9-13900HX,1,1 x NVIDIA GeForce RTX 4070 Laptop GPU,9.1922,45.4722,31.70067596435547,machine,7.407407407407407,40.0,44.6037037037037,14.150042781123409,N,1.0,0.0
2026-05-08T23:57:45,Q7_qwen2.5:14b_HellaSwag,b7ec9b28-0037-4d25-832a-83af58d67067,5b0fa12a-3dd7-45bb-9766-cc326314d9f1,13.516842299999553,0.0001036542305053,7.66852406832727e-06,13.4485874912,51.27216603932897,20.0,4.8619200506588935e-05,0.000192499598444,7.230299999994006e-05,0.0003134217989505,0.0,Italy,ITA,lombardy,,,Windows-11-10.0.26200-SP0,3.13.13,3.2.6,32,13th Gen Intel(R) Core(TM) i9-13900HX,1,1 x NVIDIA GeForce RTX 4070 Laptop GPU,9.1922,45.4722,31.70067596435547,machine,9.090909090909092,44.45454545454545,44.7,14.159101659601385,N,1.0,0.0
2026-05-08T23:58:23,Q8_qwen2.5:14b_SQuAD,8a2dfd5f-ebbb-40db-9717-3f7cb060223a,5b0fa12a-3dd7-45bb-9766-cc326314d9f1,3.066072700006771,1.9265818908051395e-05,6.283549280487984e-06,13.003220576000002,40.80961212817482,20.0,9.261848347355357e-06,3.4748083354019244e-05,1.4244590000048954e-05,5.825452170142355e-05,0.0,Italy,ITA,lombardy,,,Windows-11-10.0.26200-SP0,3.13.13,3.2.6,32,13th Gen Intel(R) Core(TM) i9-13900HX,1,1 x NVIDIA GeForce RTX 4070 Laptop GPU,9.1922,45.4722,31.70067596435547,machine,0.0,27.0,44.7,14.157005310058594,N,1.0,0.0
2026-05-08T23:58:44,Q9_qwen2.5:14b_MMLU,1a416310-30cc-4dab-bccf-e4f2a66727e6,5b0fa12a-3dd7-45bb-9766-cc326314d9f1,5.864773100009188,4.133299816718701e-05,7.047672171174407e-06,13.096931225600002,46.45871472810807,20.0,1.9510254334575947e-05,7.567644942996221e-05,2.9792880555598657e-05,0.0001249795843201,0.0,Italy,ITA,lombardy,,,Windows-11-10.0.26200-SP0,3.13.13,3.2.6,32,13th Gen Intel(R) Core(TM) i9-13900HX,1,1 x NVIDIA GeForce RTX 4070 Laptop GPU,9.1922,45.4722,31.70067596435547,machine,0.0,58.0,44.7,14.158977508544922,N,1.0,0.0
2026-05-08T23:59:07,Q10_qwen2.5:14b_HellaSwag,87f49b26-90ae-4219-a72c-4150b2e3b47f,5b0fa12a-3dd7-45bb-9766-cc326314d9f1,7.496189500001492,5.051679095740301e-05,6.738995986880128e-06,13.4981902592,42.106091447266,20.0,2.6225678473665444e-05,8.766590346592773e-05,3.885725833339772e-05,0.0001527488402729,0.0,Italy,ITA,lombardy,,,Windows-11-10.0.26200-SP0,3.13.13,3.2.6,32,13th Gen Intel(R) Core(TM) i9-13900HX,1,1 x NVIDIA GeForce RTX 4070 Laptop GPU,9.1922,45.4722,31.70067596435547,machine,0.0,57.8,44.8,14.196593475341796,N,1.0,0.0
2026-05-08T23:59:49,Q11_qwen2.5:14b_HumanEval,5f38fb7d-debd-424c-928e-8b3bbb3c3494,5b0fa12a-3dd7-45bb-9766-cc326314d9f1,26.449946200009435,0.0002067409251112,7.816307963272316e-06,13.274728537018184,53.5210187648288,20.0,9.388814621226688e-05,0.0003898903119119,0.0001413490677777,0.000625127525902,0.0,Italy,ITA,lombardy,,,Windows-11-10.0.26200-SP0,3.13.13,3.2.6,32,13th Gen Intel(R) Core(TM) i9-13900HX,1,1 x NVIDIA GeForce RTX 4070 Laptop GPU,9.1922,45.4722,31.70067596435547,machine,0.0,39.583333333333336,44.70000000000001,14.165225664774576,N,1.0,0.0
2026-05-09T00:00:43,Q12_qwen2.5:14b_HumanEval,12966454-1dbe-4abf-9d0f-157d84d67684,5b0fa12a-3dd7-45bb-9766-cc326314d9f1,18.764560099996743,0.0001444154743733,7.69618225014604e-06,13.177533563840004,52.1597617941994,20.0,6.543611016089788e-05,0.000272569940278,9.866650555559318e-05,0.0004366725559945,0.0,Italy,ITA,lombardy,,,Windows-11-10.0.26200-SP0,3.13.13,3.2.6,32,13th Gen Intel(R) Core(TM) i9-13900HX,1,1 x NVIDIA GeForce RTX 4070 Laptop GPU,9.1922,45.4722,31.70067596435547,machine,0.0,38.64705882352941,44.7,14.164477404426126,N,1.0,0.0
2026-05-09T00:01:25,Q13_qwen2.5:14b_MMLU,3d27a4ae-2573-4950-b872-76998b9c2f67,5b0fa12a-3dd7-45bb-9766-cc326314d9f1,7.227544199995464,4.991983192840079e-05,6.906887117816882e-06,13.368155859200002,44.144606586276666,20.0,2.497285218090737e-05,8.861007088800665e-05,3.736087777773112e-05,0.0001509438008466,0.0,Italy,ITA,lombardy,,,Windows-11-10.0.26200-SP0,3.13.13,3.2.6,32,13th Gen Intel(R) Core(TM) i9-13900HX,1,1 x NVIDIA GeForce RTX 4070 Laptop GPU,9.1922,45.4722,31.70067596435547,machine,0.0,50.0,44.7,14.165267181396484,N,1.0,0.0
2026-05-09T00:01:47,Q14_qwen2.5:14b_SQuAD,41dccdef-38a3-47a2-867c-b97a44eda15d,5b0fa12a-3dd7-45bb-9766-cc326314d9f1,6.952567800006364,4.6292005295607055e-05,6.65826017483277e-06,13.5534448064,41.3990284287735,20.0,2.426970108035476e-05,7.98920083580068e-05,3.581254444442392e-05,0.0001399742538827,0.0,Italy,ITA,lombardy,,,Windows-11-10.0.26200-SP0,3.13.13,3.2.6,32,13th Gen Intel(R) Core(TM) i9-13900HX,1,1 x NVIDIA GeForce RTX 4070 Laptop GPU,9.1922,45.4722,31.70067596435547,machine,0.0,42.4,44.7,14.171708679199218,N,1.0,0.0
2026-05-09T00:02:40,Q15_qwen2.5:14b_HumanEval,42960e23-97d4-46f9-9907-dace142b1da6,5b0fa12a-3dd7-45bb-9766-cc326314d9f1,37.64746759999253,0.0003013512605001,8.00455594256673e-06,13.277648563131429,55.562157376026086,20.0,0.0001334923986758,0.0005770524060859,0.000200658276111,0.0009112030808728,0.0,Italy,ITA,lombardy,,,Windows-11-10.0.26200-SP0,3.13.13,3.2.6,32,13th Gen Intel(R) Core(TM) i9-13900HX,1,1 x NVIDIA GeForce RTX 4070 Laptop GPU,9.1922,45.4722,31.70067596435547,machine,0.0,39.4,44.68857142857144,14.16083744594029,N,1.0,0.0
2026-05-09T00:03:58,Q16_qwen2.5:14b_MMLU,aaf30c9c-9c32-4e19-8088-183982f0ffe9,5b0fa12a-3dd7-45bb-9766-cc326314d9f1,31.344232300005388,0.0002405254419726,7.673674686638261e-06,13.180224434,51.591156253807824,20.0,0.0001110690547243,0.0004476678581339,0.0001685456722222,0.0007272825850805,0.0,Italy,ITA,lombardy,,,Windows-11-10.0.26200-SP0,3.13.13,3.2.6,32,13th Gen Intel(R) Core(TM) i9-13900HX,1,1 x NVIDIA GeForce RTX 4070 Laptop GPU,9.1922,45.4722,31.70067596435547,machine,0.8620689655172413,40.93103448275862,44.61724137931035,14.151241302490234,N,1.0,0.0
2026-05-09T00:04:51,Q17_qwen2.5:14b_HellaSwag,01d7f6f8-d4fd-4dc7-82e2-1cb65f8f9cff,5b0fa12a-3dd7-45bb-9766-cc326314d9f1,7.798016100001405,5.584889924670832e-05,7.161936899142624e-06,13.126156544,46.9711313846776,20.0,2.6603032323157594e-05,0.0001017350813879,4.0533551111164144e-05,0.0001688716648223,0.0,Italy,ITA,lombardy,,,Windows-11-10.0.26200-SP0,3.13.13,3.2.6,32,13th Gen Intel(R) Core(TM) i9-13900HX,1,1 x NVIDIA GeForce RTX 4070 Laptop GPU,9.1922,45.4722,31.70067596435547,machine,4.166666666666667,50.0,44.55,14.123112996419271,N,1.0,0.0
2026-05-09T00:05:34,Q18_qwen2.5:14b_GSM8K,6ce3797c-ed50-4906-8ac6-c733d319c962,5b0fa12a-3dd7-45bb-9766-cc326314d9f1,28.45522030000575,0.000224494922427,7.889410802665782e-06,13.507737736566156,53.64680058786641,20.0,0.0001030341480741,0.000423302283086,0.000152474285,0.0006788107161602,0.0,Italy,ITA,lombardy,,,Windows-11-10.0.26200-SP0,3.13.13,3.2.6,32,13th Gen Intel(R) Core(TM) i9-13900HX,1,1 x NVIDIA GeForce RTX 4070 Laptop GPU,9.1922,45.4722,31.70067596435547,machine,3.8461538461538463,43.76923076923077,44.60000000000001,14.1336062504695,N,1.0,0.0
2026-05-09T00:06:27,Q19_qwen2.5:14b_SQuAD,2bcfd854-e50a-4b33-88df-9e37625155e2,5b0fa12a-3dd7-45bb-9766-cc326314d9f1,6.78348030000052,4.947775885115881e-05,7.293860476185804e-06,13.1428194752,48.72298082270806,20.0,2.2928597047932857e-05,9.17878512080028e-05,3.489064555558596e-05,0.0001496070938115,0.0,Italy,ITA,lombardy,,,Windows-11-10.0.26200-SP0,3.13.13,3.2.6,32,13th Gen Intel(R) Core(TM) i9-13900HX,1,1 x NVIDIA GeForce RTX 4070 Laptop GPU,9.1922,45.4722,31.70067596435547,machine,0.0,39.0,44.58,14.12952880859375,N,1.0,0.0
2026-05-09T00:06:48,Q20_qwen2.5:14b_SQuAD,dcb6c6d4-ba37-4f0a-9205-ff738d2f111f,5b0fa12a-3dd7-45bb-9766-cc326314d9f1,5.827284300001338,3.848641403776554e-05,6.6045197138839965e-06,13.47614930432,41.3044608633852,20.0,1.9935762914378107e-05,6.685060903599549e-05,2.9585927222231275e-05,0.0001163722991726,0.0,Italy,ITA,lombardy,,,Windows-11-10.0.26200-SP0,3.13.13,3.2.6,32,13th Gen Intel(R) Core(TM) i9-13900HX,1,1 x NVIDIA GeForce RTX 4070 Laptop GPU,9.1922,45.4722,31.70067596435547,machine,0.0,34.25,44.6,14.145913124084473,N,1.0,0.0
2026-05-09T00:07:37,Q21_qwen2.5:14b_HumanEval,10e42b80-d07c-40d8-b06b-e32d55c80a4c,5b0fa12a-3dd7-45bb-9766-cc326314d9f1,33.61617330000445,0.0002639616691273,7.852222404127148e-06,13.266378009600002,53.25535377256918,20.0,0.0001189085751069,0.0005009531785399,0.0001782855172222,0.0007981472708691,0.0,Italy,ITA,lombardy,,,Windows-11-10.0.26200-SP0,3.13.13,3.2.6,32,13th Gen Intel(R) Core(TM) i9-13900HX,1,1 x NVIDIA GeForce RTX 4070 Laptop GPU,9.1922,45.4722,31.70067596435547,machine,3.225806451612903,41.25806451612903,44.8,14.205841679726875,N,1.0,0.0
2026-05-09T00:08:33,Q22_qwen2.5:14b_HellaSwag,9dd3752d-79fc-4937-b971-fff90af71fb2,5b0fa12a-3dd7-45bb-9766-cc326314d9f1,11.105988800001796,8.366611392172899e-05,7.533423221326809e-06,13.25104761728,50.25955013965442,20.0,3.9032477633535786e-05,0.000155039290698,5.891148000001623e-05,0.0002529832483315,0.0,Italy,ITA,lombardy,,,Windows-11-10.0.26200-SP0,3.13.13,3.2.6,32,13th Gen Intel(R) Core(TM) i9-13900HX,1,1 x NVIDIA GeForce RTX 4070 Laptop GPU,9.1922,45.4722,31.70067596435547,machine,0.0,47.66666666666666,44.73333333333333,14.182434929741753,N,1.0,0.0
2026-05-09T00:09:05,Q23_qwen2.5:14b_SQuAD,63b1f30e-7748-4329-a3be-50380036a310,5b0fa12a-3dd7-45bb-9766-cc326314d9f1,6.97011239999847,5.016804141329746e-05,7.197594319039743e-06,13.131277664,47.6084042305186,20.0,2.359364356919534e-05,9.21664626220009e-05,3.593421166660846e-05,0.0001516943178578,0.0,Italy,ITA,lombardy,,,Windows-11-10.0.26200-SP0,3.13.13,3.2.6,32,13th Gen Intel(R) Core(TM) i9-13900HX,1,1 x NVIDIA GeForce RTX 4070 Laptop GPU,9.1922,45.4722,31.70067596435547,machine,0.0,40.6,44.720000000000006,14.17446517944336,N,1.0,0.0
2026-05-09T00:09:29,Q24_qwen2.5:14b_HellaSwag,40b3d7b4-a238-4756-a455-828b1bb8b881,5b0fa12a-3dd7-45bb-9766-cc326314d9f1,8.566825100002461,6.34076050048121e-05,7.401529068778804e-06,13.4389590896,49.09241902177453,20.0,3.010746243589576e-05,0.000116814260118,4.480538333332839e-05,0.0001917271058872,0.0,Italy,ITA,lombardy,,,Windows-11-10.0.26200-SP0,3.13.13,3.2.6,32,13th Gen Intel(R) Core(TM) i9-13900HX,1,1 x NVIDIA GeForce RTX 4070 Laptop GPU,9.1922,45.4722,31.70067596435547,machine,0.0,33.0,44.71428571428572,14.180652618408203,N,1.0,0.0
2026-05-09T00:10:02,Q25_qwen2.5:14b_MMLU,3f36a977-b005-4702-a571-b0410bf23f60,5b0fa12a-3dd7-45bb-9766-cc326314d9f1,8.195470299993758,5.956525076446453e-05,7.268069870805327e-06,13.132917368685716,48.0149437711829,20.0,2.806741417888735e-05,0.00010929869855,4.274277388887842e-05,0.0001801088866177,0.0,Italy,ITA,lombardy,,,Windows-11-10.0.26200-SP0,3.13.13,3.2.6,32,13th Gen Intel(R) Core(TM) i9-13900HX,1,1 x NVIDIA GeForce RTX 4070 Laptop GPU,9.1922,45.4722,31.70067596435547,machine,16.666666666666668,48.0,44.70000000000001,14.177257537841797,N,1.0,0.0
2026-05-09T00:10:49,Q26_qwen2.5:14b_HumanEval,db09d864-b776-4bec-b0e6-289030d176cf,5b0fa12a-3dd7-45bb-9766-cc326314d9f1,31.96268590001273,0.0002986143411877,9.34259223777142e-06,13.113199759680006,50.104976652525885,20.0,0.0001656283635457,0.0004847237211119,0.0002525753072222,0.00090292739188,0.0,Italy,ITA,lombardy,,,Windows-11-10.0.26200-SP0,3.13.13,3.2.6,32,13th Gen Intel(R) Core(TM) i9-13900HX,1,1 x NVIDIA GeForce RTX 4070 Laptop GPU,9.1922,45.4722,31.70067596435547,machine,0.0,39.4,44.77,14.18818588256836,N,1.0,0.0
2026-05-09T00:11:40,Q27_qwen2.5:14b_SQuAD,c0b6a2b7-bbc2-4b88-ab13-5fc8af996006,5b0fa12a-3dd7-45bb-9766-cc326314d9f1,5.069147000001976,3.476246788299368e-05,6.857656304498592e-06,13.314949011200005,44.63864027085005,20.0,1.6892958013459636e-05,6.284560583197374e-05,2.537354944441985e-05,0.0001051121132898,0.0,Italy,ITA,lombardy,,,Windows-11-10.0.26200-SP0,3.13.13,3.2.6,32,13th Gen Intel(R) Core(TM) i9-13900HX,1,1 x NVIDIA GeForce RTX 4070 Laptop GPU,9.1922,45.4722,31.70067596435547,machine,16.666666666666668,40.66666666666666,44.70000000000001,14.178812662760416,N,1.0,0.0
2026-05-09T00:11:59,Q28_qwen2.5:14b_SQuAD,90e9da33-288c-4982-aa7d-c71ac686a76b,5b0fa12a-3dd7-45bb-9766-cc326314d9f1,4.157799399996293,2.7740603813012016e-05,6.671943772236041e-06,13.3003147136,43.35225205918192,20.0,1.3508163903947162e-05,5.006004004803888e-05,2.0311729444478665e-05,8.387993339646471e-05,0.0,Italy,ITA,lombardy,,,Windows-11-10.0.26200-SP0,3.13.13,3.2.6,32,13th Gen Intel(R) Core(TM) i9-13900HX,1,1 x NVIDIA GeForce RTX 4070 Laptop GPU,9.1922,45.4722,31.70067596435547,machine,0.0,55.0,44.7,14.175333023071287,N,1.0,0.0
2026-05-09T00:12:21,Q29_qwen2.5:14b_SQuAD,56e16b2a-c2da-4938-9f3c-c612f2d62c93,5b0fa12a-3dd7-45bb-9766-cc326314d9f1,6.561804299999494,4.696009667689928e-05,7.156582935108701e-06,13.2495134144,47.20138241335749,20.0,2.230340021093557e-05,8.602506881999483e-05,3.366590888892663e-05,0.0001419943779198,0.0,Italy,ITA,lombardy,,,Windows-11-10.0.26200-SP0,3.13.13,3.2.6,32,13th Gen Intel(R) Core(TM) i9-13900HX,1,1 x NVIDIA GeForce RTX 4070 Laptop GPU,9.1922,45.4722,31.70067596435547,machine,0.0,45.4,44.64,14.15530242919922,N,1.0,0.0
2026-05-09T00:12:40,Q30_qwen2.5:14b_SQuAD,d3004f12-63b3-4510-ac9a-cb78525f4015,5b0fa12a-3dd7-45bb-9766-cc326314d9f1,4.0486434000049485,2.419446624408544e-05,5.975944002392473e-06,13.0784326016,36.09803427735374,20.0,1.2880921385865591e-05,4.057919912997532e-05,1.9697271111120547e-05,7.315739162696146e-05,0.0,Italy,ITA,lombardy,,,Windows-11-10.0.26200-SP0,3.13.13,3.2.6,32,13th Gen Intel(R) Core(TM) i9-13900HX,1,1 x NVIDIA GeForce RTX 4070 Laptop GPU,9.1922,45.4722,31.70067596435547,machine,0.0,68.0,44.6,14.15346908569336,N,1.0,0.0
2026-05-09T00:13:09,Q31_qwen2.5:14b_GSM8K,59a2ec64-9830-49e2-997e-e3b136634378,5b0fa12a-3dd7-45bb-9766-cc326314d9f1,14.191954599999008,0.0001036937712717,7.306517967001933e-06,13.275618681107694,47.46130381791445,20.0,5.046984246762316e-05,0.000187038482964,7.603303388888082e-05,0.0003135413593205,0.0,Italy,ITA,lombardy,,,Windows-11-10.0.26200-SP0,3.13.13,3.2.6,32,13th Gen Intel(R) Core(TM) i9-13900HX,1,1 x NVIDIA GeForce RTX 4070 Laptop GPU,9.1922,45.4722,31.70067596435547,machine,8.333333333333334,47.16666666666666,44.65833333333333,14.156252225240072,N,1.0,0.0
2026-05-09T00:13:47,Q32_qwen2.5:14b_GSM8K,34f003a7-ba30-413e-b5df-430b7b353397,5b0fa12a-3dd7-45bb-9766-cc326314d9f1,12.042574599996442,8.68715390212199e-05,7.213701546947076e-06,13.591433833890909,46.33546280634676,20.0,4.357105614644086e-05,0.0001549898462139,6.411466722218191e-05,0.0002626755695826,0.0,Italy,ITA,lombardy,,,Windows-11-10.0.26200-SP0,3.13.13,3.2.6,32,13th Gen Intel(R) Core(TM) i9-13900HX,1,1 x NVIDIA GeForce RTX 4070 Laptop GPU,9.1922,45.4722,31.70067596435547,machine,0.0,40.5,44.65,14.154443740844728,N,1.0,0.0
2026-05-09T00:14:16,Q33_qwen2.5:14b_SQuAD,cf813b5b-f04d-4891-8b6b-bfb75d3c0f04,5b0fa12a-3dd7-45bb-9766-cc326314d9f1,4.281293799998821,3.026485764977588e-05,7.069091509156465e-06,13.2627189248,47.59347704572097,20.0,1.392464538470932e-05,5.659060082802148e-05,2.099733444443296e-05,9.151258065716376e-05,0.0,Italy,ITA,lombardy,,,Windows-11-10.0.26200-SP0,3.13.13,3.2.6,32,13th Gen Intel(R) Core(TM) i9-13900HX,1,1 x NVIDIA GeForce RTX 4070 Laptop GPU,9.1922,45.4722,31.70067596435547,machine,0.0,38.5,44.650000000000006,14.152883529663086,N,1.0,0.0
2026-05-09T00:14:39,Q34_qwen2.5:14b_MMLU,dc874753-7969-4094-826c-2324d0b167fd,5b0fa12a-3dd7-45bb-9766-cc326314d9f1,7.535503000006429,5.557652785254327e-05,7.37529105256754e-06,13.1824429568,49.3454500617041,20.0,2.5744956267251544e-05,0.00010324452704,3.905860555557108e-05,0.0001680480888628,0.0,Italy,ITA,lombardy,,,Windows-11-10.0.26200-SP0,3.13.13,3.2.6,32,13th Gen Intel(R) Core(TM) i9-13900HX,1,1 x NVIDIA GeForce RTX 4070 Laptop GPU,9.1922,45.4722,31.70067596435547,machine,0.0,51.6,44.6,14.147061157226563,N,1.0,0.0
2026-05-09T00:14:57,Q35_qwen2.5:14b_SQuAD,92a1de39-4eb6-4647-b8e5-e534c0c65887,5b0fa12a-3dd7-45bb-9766-cc326314d9f1,3.608551199999056,2.226821396621597e-05,6.17095691096798e-06,12.930258022400002,38.83643731232295,20.0,1.115670109035972e-05,3.892030891394782e-05,1.7255926111101872e-05,6.733293611540942e-05,0.0,Italy,ITA,lombardy,,,Windows-11-10.0.26200-SP0,3.13.13,3.2.6,32,13th Gen Intel(R) Core(TM) i9-13900HX,1,1 x NVIDIA GeForce RTX 4070 Laptop GPU,9.1922,45.4722,31.70067596435547,machine,0.0,40.0,44.650000000000006,14.156177520751951,N,1.0,0.0
2026-05-09T00:15:25,Q36_qwen2.5:14b_MMLU,da671e9f-e09c-4aa7-8379-15e67a4094b9,5b0fa12a-3dd7-45bb-9766-cc326314d9f1,12.404451700000209,9.107999057130208e-05,7.342524504432594e-06,13.409407382109093,47.87403917196941,20.0,4.433359528019195e-05,0.000164944854178,6.612231666666857e-05,0.0002754007661249,0.0,Italy,ITA,lombardy,,,Windows-11-10.0.26200-SP0,3.13.13,3.2.6,32,13th Gen Intel(R) Core(TM) i9-13900HX,1,1 x NVIDIA GeForce RTX 4070 Laptop GPU,9.1922,45.4722,31.70067596435547,machine,0.0,41.5,44.7,14.16054458618164,N,1.0,0.0
2026-05-09T00:16:16,Q37_qwen2.5:14b_HumanEval,753af464-d7e1-479a-bde4-fa79a78024d5,5b0fa12a-3dd7-45bb-9766-cc326314d9f1,25.36975969999912,0.000196169898444,7.7324302935376e-06,13.22049898304,52.64838699221693,20.0,8.954800278163888e-05,0.000368258072384,0.0001353575822223,0.0005931636573879,0.0,Italy,ITA,lombardy,,,Windows-11-10.0.26200-SP0,3.13.13,3.2.6,32,13th Gen Intel(R) Core(TM) i9-13900HX,1,1 x NVIDIA GeForce RTX 4070 Laptop GPU,9.1922,45.4722,31.70067596435547,machine,4.3478260869565215,40.78260869565217,44.64782608695653,14.15450203937033,N,1.0,0.0
2026-05-09T00:17:01,Q38_qwen2.5:14b_MMLU,a2086ea9-fe9d-4f0e-a7cc-c2ce288e1862,5b0fa12a-3dd7-45bb-9766-cc326314d9f1,9.773008500007563,7.50977445276327e-05,7.684199244027526e-06,13.1156288512,52.23902761178265,20.0,3.37750734089197e-05,0.000141797057882,5.150273166671266e-05,0.0002270748629576,0.0,Italy,ITA,lombardy,,,Windows-11-10.0.26200-SP0,3.13.13,3.2.6,32,13th Gen Intel(R) Core(TM) i9-13900HX,1,1 x NVIDIA GeForce RTX 4070 Laptop GPU,9.1922,45.4722,31.70067596435547,machine,0.0,38.5,44.650000000000006,14.154869079589844,N,1.0,0.0
2026-05-09T00:17:34,Q39_qwen2.5:14b_SQuAD,94da26c0-8ff4-4b2c-9ad2-137d902fbad0,5b0fa12a-3dd7-45bb-9766-cc326314d9f1,8.38584789999004,5.883937601139005e-05,7.0165088507579465e-06,13.383515697371433,44.996465005340696,20.0,2.9309863316120164e-05,0.000104805083844,4.3799094444451234e-05,0.0001779140416045,0.0,Italy,ITA,lombardy,,,Windows-11-10.0.26200-SP0,3.13.13,3.2.6,32,13th Gen Intel(R) Core(TM) i9-13900HX,1,1 x NVIDIA GeForce RTX 4070 Laptop GPU,9.1922,45.4722,31.70067596435547,machine,0.0,48.5,44.68333333333334,14.15783437093099,N,1.0,0.0
2026-05-09T00:18:12,Q40_qwen2.5:14b_GSM8K,8059d634-f83c-4bda-ab76-6b08b5a415df,5b0fa12a-3dd7-45bb-9766-cc326314d9f1,22.3783945000032,0.0001708043868832,7.632557683402166e-06,13.572799420708574,52.38971161091682,20.0,8.055067290924366e-05,0.0003171849759699,0.0001187296988889,0.0005164653477682,0.0,Italy,ITA,lombardy,,,Windows-11-10.0.26200-SP0,3.13.13,3.2.6,32,13th Gen Intel(R) Core(TM) i9-13900HX,1,1 x NVIDIA GeForce RTX 4070 Laptop GPU,9.1922,45.4722,31.70067596435547,machine,5.0,43.25,44.605,14.149293518066406,N,1.0,0.0
2026-05-09T00:18:57,Q41_qwen2.5:14b_HellaSwag,7fccee29-3ab7-4ee4-b394-7684e51490b5,5b0fa12a-3dd7-45bb-9766-cc326314d9f1,10.289174799996545,7.305022246756637e-05,7.09971634144955e-06,13.478444838400002,45.44306204277054,20.0,3.6642810516318537e-05,0.0001298692705619,5.437163999999433e-05,0.0002208837210782,0.0,Italy,ITA,lombardy,,,Windows-11-10.0.26200-SP0,3.13.13,3.2.6,32,13th Gen Intel(R) Core(TM) i9-13900HX,1,1 x NVIDIA GeForce RTX 4070 Laptop GPU,9.1922,45.4722,31.70067596435547,machine,0.0,47.875,44.6375,14.153058052062988,N,1.0,0.0
2026-05-09T00:19:26,Q42_qwen2.5:14b_SQuAD,8f0842eb-c856-4344-8910-97126ae20c05,5b0fa12a-3dd7-45bb-9766-cc326314d9f1,3.5699842000030912,1.9383117354554995e-05,5.429468666706763e-06,13.036449075200002,30.722447886737548,20.0,1.1109521035849492e-05,3.045669103196591e-05,1.704298777783859e-05,5.860919984565399e-05,0.0,Italy,ITA,lombardy,,,Windows-11-10.0.26200-SP0,3.13.13,3.2.6,32,13th Gen Intel(R) Core(TM) i9-13900HX,1,1 x NVIDIA GeForce RTX 4070 Laptop GPU,9.1922,45.4722,31.70067596435547,machine,0.0,23.0,44.7,14.16893196105957,N,1.0,0.0
2026-05-09T00:19:50,Q43_qwen2.5:14b_GSM8K,22f3ab2d-c6d7-4b78-bc9f-f11b90c1b817,5b0fa12a-3dd7-45bb-9766-cc326314d9f1,8.969715700004599,6.283221107397748e-05,7.0049278232915744e-06,13.139675292800002,44.97345880800205,20.0,3.090379762142051e-05,0.000112045367414,4.703810833331469e-05,0.0001899872733687,0.0,Italy,ITA,lombardy,,,Windows-11-10.0.26200-SP0,3.13.13,3.2.6,32,13th Gen Intel(R) Core(TM) i9-13900HX,1,1 x NVIDIA GeForce RTX 4070 Laptop GPU,9.1922,45.4722,31.70067596435547,machine,0.0,49.85714285714285,44.7,14.164195469447543,N,1.0,0.0
2026-05-09T00:20:25,Q44_qwen2.5:14b_GSM8K,ca9141e1-09d1-4d69-8dea-645311c27aef,5b0fa12a-3dd7-45bb-9766-cc326314d9f1,19.96615789999487,0.0001545186702332,7.739028760924836e-06,13.19434288256,54.5697765265277,20.0,6.985035402779421e-05,0.0002920249558419,0.0001053465233332,0.0004672218332029,0.0,Italy,ITA,lombardy,,,Windows-11-10.0.26200-SP0,3.13.13,3.2.6,32,13th Gen Intel(R) Core(TM) i9-13900HX,1,1 x NVIDIA GeForce RTX 4070 Laptop GPU,9.1922,45.4722,31.70067596435547,machine,2.7777777777777777,41.833333333333336,44.672222222222224,14.156238343980576,N,1.0,0.0
2026-05-09T00:21:12,Q45_qwen2.5:14b_HellaSwag,98359a02-d17e-4358-abad-a86596f42321,5b0fa12a-3dd7-45bb-9766-cc326314d9f1,10.860006699993392,7.92560320458311e-05,7.297972665696361e-06,13.45585158272,47.54427323642175,20.0,3.871120258604056e-05,0.000143399836942,5.753733777779012e-05,0.0002396483773058,0.0,Italy,ITA,lombardy,,,Windows-11-10.0.26200-SP0,3.13.13,3.2.6,32,13th Gen Intel(R) Core(TM) i9-13900HX,1,1 x NVIDIA GeForce RTX 4070 Laptop GPU,9.1922,45.4722,31.70067596435547,machine,0.0,42.11111111111112,44.77777777777778,14.187149047851562,N,1.0,0.0
2026-05-09T00:21:58,Q46_qwen2.5:14b_GSM8K,527b7f13-bfc8-4015-b957-31dbfa324efc,5b0fa12a-3dd7-45bb-9766-cc326314d9f1,21.28006169998844,0.0001626819060849,7.644804248147988e-06,13.232278632320002,52.135276962950655,20.0,7.464391668259631e-05,0.000304639410378,0.0001126218794444,0.000491905206505,0.0,Italy,ITA,lombardy,,,Windows-11-10.0.26200-SP0,3.13.13,3.2.6,32,13th Gen Intel(R) Core(TM) i9-13900HX,1,1 x NVIDIA GeForce RTX 4070 Laptop GPU,9.1922,45.4722,31.70067596435547,machine,0.0,35.94736842105263,44.96842105263158,14.250117653294614,N,1.0,0.0
2026-05-09T00:22:47,Q47_qwen2.5:14b_GSM8K,3a93d28f-bdf0-449b-a5ee-e5d38f407b31,5b0fa12a-3dd7-45bb-9766-cc326314d9f1,13.785822100006044,0.0001051359254618,7.626380545109107e-06,13.245584516923078,50.98388797931704,20.0,4.887624513249048e-05,0.0001952265450699,7.379924555554882e-05,0.000317902035758,0.0,Italy,ITA,lombardy,,,Windows-11-10.0.26200-SP0,3.13.13,3.2.6,32,13th Gen Intel(R) Core(TM) i9-13900HX,1,1 x NVIDIA GeForce RTX 4070 Laptop GPU,9.1922,45.4722,31.70067596435547,machine,10.975,44.583333333333336,44.833333333333336,14.216144561767578,N,1.0,0.0
2026-05-09T00:23:34,Q48_qwen2.5:14b_HellaSwag,47962f2b-a22e-4343-a43f-7a071f08cabc,5b0fa12a-3dd7-45bb-9766-cc326314d9f1,11.51201520000177,8.671057522409225e-05,7.532180397405914e-06,13.407541840640002,50.04294635181156,20.0,4.100584756230485e-05,0.0001600156835679,6.116732833333016e-05,0.0002621888594636,0.0,Italy,ITA,lombardy,,,Windows-11-10.0.26200-SP0,3.13.13,3.2.6,32,13th Gen Intel(R) Core(TM) i9-13900HX,1,1 x NVIDIA GeForce RTX 4070 Laptop GPU,9.1922,45.4722,31.70067596435547,machine,0.0,49.333333333333336,44.8,14.203297509087456,N,1.0,0.0
2026-05-09T00:24:15,Q49_qwen2.5:14b_GSM8K,b7190d62-64e9-45b8-87d7-c57d5bf5f226,5b0fa12a-3dd7-45bb-9766-cc326314d9f1,15.564317299998947,0.0001192457080968,7.661480153505594e-06,13.469272362971427,51.011782357556406,20.0,5.635463302255111e-05,0.0002205335097599,8.367798333339226e-05,0.0003605661261159,0.0,Italy,ITA,lombardy,,,Windows-11-10.0.26200-SP0,3.13.13,3.2.6,32,13th Gen Intel(R) Core(TM) i9-13900HX,1,1 x NVIDIA GeForce RTX 4070 Laptop GPU,9.1922,45.4722,31.70067596435547,machine,5.323076923076924,40.69230769230769,44.8,14.209085024320162,N,1.0,0.0
2026-05-09T00:25:21,Q50_qwen2.5:14b_GSM8K,95be279e-a058-46d9-9178-aee4ab99f746,5b0fa12a-3dd7-45bb-9766-cc326314d9f1,31.25048419999075,0.0002464840962279,7.887368869246987e-06,13.86402030416,53.25990492002714,20.0,0.0001162082273811,0.000461068979966,0.0001680227044444,0.0007452999117916,0.0,Italy,ITA,lombardy,,,Windows-11-10.0.26200-SP0,3.13.13,3.2.6,32,13th Gen Intel(R) Core(TM) i9-13900HX,1,1 x NVIDIA GeForce RTX 4070 Laptop GPU,9.1922,45.4722,31.70067596435547,machine,0.0,39.241379310344826,44.89655172413793,14.233558917867729,N,1.0,0.0
2026-05-09T00:26:22,Q51_qwen2.5:14b_MMLU,2f2d003d-9787-40c5-a7f2-bb8cbaf71b36,5b0fa12a-3dd7-45bb-9766-cc326314d9f1,15.38468119999743,0.000115616213589,7.515021734025865e-06,13.74884927634286,49.15895808731082,20.0,5.683866790042147e-05,0.00021007239028,8.268047777779026e-05,0.0003495915359582,0.0,Italy,ITA,lombardy,,,Windows-11-10.0.26200-SP0,3.13.13,3.2.6,32,13th Gen Intel(R) Core(TM) i9-13900HX,1,1 x NVIDIA GeForce RTX 4070 Laptop GPU,9.1922,45.4722,31.70067596435547,machine,6.992307692307692,44.92307692307692,45.24615384615385,14.345159090482271,N,1.0,0.0
2026-05-09T00:27:19,Q52_qwen2.5:14b_MMLU,dbbddb0b-cd15-42fd-a28d-043ac6442b23,5b0fa12a-3dd7-45bb-9766-cc326314d9f1,21.52500229999714,0.0001666657219561,7.742889855868275e-06,13.73993723648,53.006171718871855,20.0,7.84821169945119e-05,0.000311466082506,0.0001140029672221,0.0005039511667226,0.0,Italy,ITA,lombardy,,,Windows-11-10.0.26200-SP0,3.13.13,3.2.6,32,13th Gen Intel(R) Core(TM) i9-13900HX,1,1 x NVIDIA GeForce RTX 4070 Laptop GPU,9.1922,45.4722,31.70067596435547,machine,0.0,39.21052631578947,45.21578947368421,14.32835588957134,N,1.0,0.0
2026-05-09T00:28:33,Q53_qwen2.5:14b_HumanEval,becf6a09-5c43-4015-bb70-32cfe3549568,5b0fa12a-3dd7-45bb-9766-cc326314d9f1,28.801234300000942,0.0002298640975451,7.981050226905013e-06,13.950934113097142,54.34437553071668,20.0,0.0001077847176379,0.0004328378462699,0.0001544230566666,0.0006950456205745,0.0,Italy,ITA,lombardy,,,Windows-11-10.0.26200-SP0,3.13.13,3.2.6,32,13th Gen Intel(R) Core(TM) i9-13900HX,1,1 x NVIDIA GeForce RTX 4070 Laptop GPU,9.1922,45.4722,31.70067596435547,machine,3.703703703703704,39.37037037037037,46.63703703703704,14.780195589418764,N,1.0,0.0
2026-05-09T00:29:29,Q54_qwen2.5:14b_HellaSwag,5af5af47-0d9e-4869-8b87-3d597bf678f3,5b0fa12a-3dd7-45bb-9766-cc326314d9f1,9.921645499998704,7.227782862116828e-05,7.284863042242108e-06,13.841125977600004,47.1760862507767,20.0,3.6214504488500856e-05,0.00013000565956,5.232805111114026e-05,0.0002185482151596,0.0,Italy,ITA,lombardy,,,Windows-11-10.0.26200-SP0,3.13.13,3.2.6,32,13th Gen Intel(R) Core(TM) i9-13900HX,1,1 x NVIDIA GeForce RTX 4070 Laptop GPU,9.1922,45.4722,31.70067596435547,machine,12.5,45.875,46.0,14.576120853424072,N,1.0,0.0
2026-05-09T00:30:11,Q55_qwen2.5:14b_MMLU,d1404d0b-a244-4908-8221-7cc0a5c43e13,5b0fa12a-3dd7-45bb-9766-cc326314d9f1,7.040884300004109,4.952470528247307e-05,7.033875742347331e-06,13.6215097088,45.3460520555215,20.0,2.4742449259312075e-05,8.867895983205587e-05,3.632763777778665e-05,0.0001497490468691,0.0,Italy,ITA,lombardy,,,Windows-11-10.0.26200-SP0,3.13.13,3.2.6,32,13th Gen Intel(R) Core(TM) i9-13900HX,1,1 x NVIDIA GeForce RTX 4070 Laptop GPU,9.1922,45.4722,31.70067596435547,machine,12.0,42.8,46.3,14.675215148925782,N,1.0,0.0
2026-05-09T00:30:58,Q56_qwen2.5:14b_GSM8K,a23bfd12-b94b-4d0f-af48-f6ce81181c84,5b0fa12a-3dd7-45bb-9766-cc326314d9f1,12.166758999999727,8.859441027722334e-05,7.281677090606078e-06,13.18524678167273,47.45122859017847,20.0,4.272340981395077e-05,0.0001603576282859,6.480401888887476e-05,0.0002678850569888,0.0,Italy,ITA,lombardy,,,Windows-11-10.0.26200-SP0,3.13.13,3.2.6,32,13th Gen Intel(R) Core(TM) i9-13900HX,1,1 x NVIDIA GeForce RTX 4070 Laptop GPU,9.1922,45.4722,31.70067596435547,machine,0.0,38.5,45.720000000000006,14.50096549987793,N,1.0,0.0
2026-05-09T00:31:27,Q57_qwen2.5:14b_SQuAD,a4a2fb26-f86c-4bd9-b965-a8ed628c1617,5b0fa12a-3dd7-45bb-9766-cc326314d9f1,3.167339899999206,1.7560520999481958e-05,5.544248976715874e-06,13.0212717824,32.57499475286621,20.0,9.63989888338536e-06,2.8652800699968672e-05,1.480547166671992e-05,5.309817125007395e-05,0.0,Italy,ITA,lombardy,,,Windows-11-10.0.26200-SP0,3.13.13,3.2.6,32,13th Gen Intel(R) Core(TM) i9-13900HX,1,1 x NVIDIA GeForce RTX 4070 Laptop GPU,9.1922,45.4722,31.70067596435547,machine,0.0,94.0,45.7,14.484439849853516,N,1.0,0.0
2026-05-09T00:31:53,Q58_qwen2.5:14b_GSM8K,39ffafb1-48b5-4834-99e5-4225e81dff27,5b0fa12a-3dd7-45bb-9766-cc326314d9f1,10.92102700000396,8.205165210150431e-05,7.513180958299485e-06,13.122526062080004,50.187252296823445,20.0,3.797927325119832e-05,0.0001522390106799,5.788327722216814e-05,0.0002481015611533,0.0,Italy,ITA,lombardy,,,Windows-11-10.0.26200-SP0,3.13.13,3.2.6,32,13th Gen Intel(R) Core(TM) i9-13900HX,1,1 x NVIDIA GeForce RTX 4070 Laptop GPU,9.1922,45.4722,31.70067596435547,machine,0.0,37.44444444444444,45.7,14.487742529975044,N,1.0,0.0
2026-05-09T00:32:31,Q59_qwen2.5:14b_GSM8K,4f933e5e-a728-4654-9115-54682d38457a,5b0fa12a-3dd7-45bb-9766-cc326314d9f1,12.454622499994002,8.992589977183402e-05,7.22028305329024e-06,13.503273221818182,46.44583392362437,20.0,4.4833393708881546e-05,0.0001606748507619,6.640286944441161e-05,0.0002719111139152,0.0,Italy,ITA,lombardy,,,Windows-11-10.0.26200-SP0,3.13.13,3.2.6,32,13th Gen Intel(R) Core(TM) i9-13900HX,1,1 x NVIDIA GeForce RTX 4070 Laptop GPU,9.1922,45.4722,31.70067596435547,machine,0.0,38.8,45.690000000000005,14.47348403930664,N,1.0,0.0
2026-05-09T00:33:06,Q60_qwen2.5:14b_HellaSwag,b8cb9fbc-473c-4ed6-8012-5835f3fefa93,5b0fa12a-3dd7-45bb-9766-cc326314d9f1,9.777645099995423,7.366950769427723e-05,7.534483706543174e-06,13.4721328896,50.2699550699345,20.0,3.4709844552495025e-05,0.000136518998104,5.1527426111068864e-05,0.0002227562687675,0.0,Italy,ITA,lombardy,,,Windows-11-10.0.26200-SP0,3.13.13,3.2.6,32,13th Gen Intel(R) Core(TM) i9-13900HX,1,1 x NVIDIA GeForce RTX 4070 Laptop GPU,9.1922,45.4722,31.70067596435547,machine,12.5,48.25,45.7,14.47763967514038,N,1.0,0.0
2026-05-09T00:33:51,Q61_qwen2.5:14b_GSM8K,f117a029-6d5e-483b-95b5-05bef980e385,5b0fa12a-3dd7-45bb-9766-cc326314d9f1,20.06631200000993,0.0001511799249734,7.534016463682022e-06,13.40038034816,51.07336259507526,20.0,7.086312587366701e-05,0.000280447724358,0.0001058155383333,0.000457126388565,0.0,Italy,ITA,lombardy,,,Windows-11-10.0.26200-SP0,3.13.13,3.2.6,32,13th Gen Intel(R) Core(TM) i9-13900HX,1,1 x NVIDIA GeForce RTX 4070 Laptop GPU,9.1922,45.4722,31.70067596435547,machine,5.555555555555555,44.0,45.71111111111112,14.476794984605576,N,1.0,0.0
2026-05-09T00:34:32,Q62_qwen2.5:14b_HellaSwag,80c829fb-4461-4827-abae-d877c037e4f3,5b0fa12a-3dd7-45bb-9766-cc326314d9f1,6.122126100002788,4.104813880981188e-05,6.7048829343441945e-06,13.182340989440004,42.588202011859146,20.0,2.056194253845027e-05,7.236089122197864e-05,3.119541444442196e-05,0.0001241182482048,0.0,Italy,ITA,lombardy,,,Windows-11-10.0.26200-SP0,3.13.13,3.2.6,32,13th Gen Intel(R) Core(TM) i9-13900HX,1,1 x NVIDIA GeForce RTX 4070 Laptop GPU,9.1922,45.4722,31.70067596435547,machine,25.0,43.75,45.7,14.493515014648438,N,1.0,0.0
2026-05-09T00:34:54,Q63_qwen2.5:14b_MMLU,3a25c3c4-be1e-4c66-8e1c-6a9471dc61db,5b0fa12a-3dd7-45bb-9766-cc326314d9f1,6.960975699999835,4.982424642450374e-05,7.157652687180752e-06,13.140001644800002,47.17376031991037,20.0,2.3573993690891787e-05,9.12003507380077e-05,3.588043222221637e-05,0.0001506547766511,0.0,Italy,ITA,lombardy,,,Windows-11-10.0.26200-SP0,3.13.13,3.2.6,32,13th Gen Intel(R) Core(TM) i9-13900HX,1,1 x NVIDIA GeForce RTX 4070 Laptop GPU,9.1922,45.4722,31.70067596435547,machine,17.78,44.4,45.7,14.487663269042969,N,1.0,0.0
2026-05-09T00:35:34,Q64_qwen2.5:14b_GSM8K,f9324aa2-3084-40c2-9906-afd8916e3bcf,5b0fa12a-3dd7-45bb-9766-cc326314d9f1,25.048160400008783,0.000194341089,7.758697081799894e-06,13.427334565760004,53.1690414144969,20.0,8.974230565661133e-05,0.0003643361248019,0.0001335554116667,0.0005876338421253,0.0,Italy,ITA,lombardy,,,Windows-11-10.0.26200-SP0,3.13.13,3.2.6,32,13th Gen Intel(R) Core(TM) i9-13900HX,1,1 x NVIDIA GeForce RTX 4070 Laptop GPU,9.1922,45.4722,31.70067596435547,machine,4.3478260869565215,39.78260869565217,45.68695652173913,14.473533796227496,N,1.0,0.0
2026-05-09T00:36:28,Q65_qwen2.5:14b_MMLU,6f7c6e75-b293-41ec-add1-eb4f7137941f,5b0fa12a-3dd7-45bb-9766-cc326314d9f1,8.237866099996609,5.602194566079318e-05,6.80054093872881e-06,13.479052291657144,42.59052180187442,20.0,2.8965914259234005e-05,9.745063351601636e-05,4.2978361666610005e-05,0.0001693949094418,0.0,Italy,ITA,lombardy,,,Windows-11-10.0.26200-SP0,3.13.13,3.2.6,32,13th Gen Intel(R) Core(TM) i9-13900HX,1,1 x NVIDIA GeForce RTX 4070 Laptop GPU,9.1922,45.4722,31.70067596435547,machine,13.333333333333334,50.0,45.6,14.45017433166504,N,1.0,0.0
2026-05-09T00:37:11,Q66_qwen2.5:14b_MMLU,99055665-d92d-49c6-b2f8-28eacead0c6d,5b0fa12a-3dd7-45bb-9766-cc326314d9f1,17.39347869998892,0.0001318219495403,7.578814555389016e-06,13.628987778560004,50.38499528698136,20.0,6.255687995794364e-05,0.0002449954737739,9.10408572221867e-05,0.0003985932109541,0.0,Italy,ITA,lombardy,,,Windows-11-10.0.26200-SP0,3.13.13,3.2.6,32,13th Gen Intel(R) Core(TM) i9-13900HX,1,1 x NVIDIA GeForce RTX 4070 Laptop GPU,9.1922,45.4722,31.70067596435547,machine,0.0,39.266666666666666,45.7,14.479475911458334,N,1.0,0.0
2026-05-09T00:37:59,Q67_qwen2.5:14b_HellaSwag,52825f48-23ac-47e2-a18d-229049259fc2,5b0fa12a-3dd7-45bb-9766-cc326314d9f1,13.383613199999672,0.0001021601013501,7.6332227944335e-06,13.741428051200003,50.61988681671256,20.0,4.916921179645661e-05,0.000188172094982,7.156265777779885e-05,0.0003089039645562,0.0,Italy,ITA,lombardy,,,Windows-11-10.0.26200-SP0,3.13.13,3.2.6,32,13th Gen Intel(R) Core(TM) i9-13900HX,1,1 x NVIDIA GeForce RTX 4070 Laptop GPU,9.1922,45.4722,31.70067596435547,machine,0.0,46.45454545454545,45.50909090909091,14.431691950017756,N,1.0,0.0
2026-05-09T00:38:54,Q68_qwen2.5:14b_GSM8K,a318b5cf-fb98-4bce-8ce4-099bc46da7a9,5b0fa12a-3dd7-45bb-9766-cc326314d9f1,29.31087620000472,0.0002269527668049,7.742954023492789e-06,13.610794691017146,52.23374586870053,20.0,0.0001070115580651,0.000421978948694,0.0001572520527777,0.0006862425595369,0.0,Italy,ITA,lombardy,,,Windows-11-10.0.26200-SP0,3.13.13,3.2.6,32,13th Gen Intel(R) Core(TM) i9-13900HX,1,1 x NVIDIA GeForce RTX 4070 Laptop GPU,9.1922,45.4722,31.70067596435547,machine,3.703703703703704,39.44444444444444,45.7,14.47721834535952,N,1.0,0.0
2026-05-09T00:39:54,Q69_qwen2.5:14b_HellaSwag,06c28530-1503-4301-83cd-03792f4422ad,5b0fa12a-3dd7-45bb-9766-cc326314d9f1,14.82689309999114,0.0001092315622231,7.367124149781658e-06,13.568209611885717,47.76506770251196,20.0,5.3989795795732894e-05,0.000196714324038,7.958199166662072e-05,0.0003302861115003,0.0,Italy,ITA,lombardy,,,Windows-11-10.0.26200-SP0,3.13.13,3.2.6,32,13th Gen Intel(R) Core(TM) i9-13900HX,1,1 x NVIDIA GeForce RTX 4070 Laptop GPU,9.1922,45.4722,31.70067596435547,machine,0.0,38.61538461538461,45.607692307692304,14.4664553128756,N,1.0,0.0
2026-05-09T00:40:57,Q70_qwen2.5:14b_HumanEval,de8f82c4-8744-47a1-a3f7-efaaec618953,5b0fa12a-3dd7-45bb-9766-cc326314d9f1,37.35343380000268,0.0002960852630425,7.926587542871757e-06,13.506835071885716,54.86980964035113,20.0,0.000134106068733,0.0005620248940639,0.0001991491944444,0.0008952801572414,0.0,Italy,ITA,lombardy,,,Windows-11-10.0.26200-SP0,3.13.13,3.2.6,32,13th Gen Intel(R) Core(TM) i9-13900HX,1,1 x NVIDIA GeForce RTX 4070 Laptop GPU,9.1922,45.4722,31.70067596435547,machine,0.0,39.22857142857143,45.6,14.452286311558314,N,1.0,0.0
2026-05-09T00:41:51,Q71_qwen2.5:14b_MMLU,eb120db5-6702-4eee-8ade-0bd7a3557c1b,5b0fa12a-3dd7-45bb-9766-cc326314d9f1,8.87109149999742,6.18175256441762e-05,6.968423856770521e-06,13.282314118400004,44.45954398320999,20.0,3.087788412503265e-05,0.00010954730986,4.6493950555547296e-05,0.0001869191445405,0.0,Italy,ITA,lombardy,,,Windows-11-10.0.26200-SP0,3.13.13,3.2.6,32,13th Gen Intel(R) Core(TM) i9-13900HX,1,1 x NVIDIA GeForce RTX 4070 Laptop GPU,9.1922,45.4722,31.70067596435547,machine,0.0,46.42857142857143,45.6,14.450569697788785,N,1.0,0.0
2026-05-09T00:42:54,Q72_qwen2.5:14b_HumanEval,25f3157d-6261-4015-ad99-290f41f34c2d,5b0fa12a-3dd7-45bb-9766-cc326314d9f1,37.76401309999346,0.0003005691762707,7.959142887564968e-06,13.339040034240002,55.64702350037607,20.0,0.000134040232436,0.0005733699031399,0.0002014281383333,0.0009088382739092,0.0,Italy,ITA,lombardy,,,Windows-11-10.0.26200-SP0,3.13.13,3.2.6,32,13th Gen Intel(R) Core(TM) i9-13900HX,1,1 x NVIDIA GeForce RTX 4070 Laptop GPU,9.1922,45.4722,31.70067596435547,machine,0.0,39.22222222222222,45.6,14.454720497131348,N,1.0,0.0
2026-05-09T00:43:46,Q73_qwen2.5:14b_SQuAD,9cb53c24-2d58-40d9-beb9-e260fcfd5a44,5b0fa12a-3dd7-45bb-9766-cc326314d9f1,6.59941290000279,4.471962841376688e-05,6.776304057857627e-06,13.066066803200002,43.244172377965896,20.0,2.212271156058631e-05,7.923506338802788e-05,3.386204500000329e-05,0.0001352198199486,0.0,Italy,ITA,lombardy,,,Windows-11-10.0.26200-SP0,3.13.13,3.2.6,32,13th Gen Intel(R) Core(TM) i9-13900HX,1,1 x NVIDIA GeForce RTX 4070 Laptop GPU,9.1922,45.4722,31.70067596435547,machine,0.0,47.6,45.6,14.444837951660157,N,1.0,0.0
2026-05-09T00:44:13,Q74_qwen2.5:14b_HellaSwag,d972dee0-1db7-4862-9c51-4ce2fa69101e,5b0fa12a-3dd7-45bb-9766-cc326314d9f1,11.289683499999228,8.236094311924701e-05,7.295239332373901e-06,13.439144276480002,47.465986271825805,20.0,4.027022335544861e-05,0.0001488376190699,5.99289294444639e-05,0.0002490367718698,0.0,Italy,ITA,lombardy,,,Windows-11-10.0.26200-SP0,3.13.13,3.2.6,32,13th Gen Intel(R) Core(TM) i9-13900HX,1,1 x NVIDIA GeForce RTX 4070 Laptop GPU,9.1922,45.4722,31.70067596435547,machine,0.0,34.888888888888886,45.6,14.451766543918186,N,1.0,0.0
2026-05-09T00:45:13,Q75_qwen2.5:14b_HumanEval,20c40254-aad9-4a21-975f-53693c5e3faf,5b0fa12a-3dd7-45bb-9766-cc326314d9f1,35.4624213000061,0.0002814057279351,7.935321887766534e-06,13.392279581600002,54.97248840556059,20.0,0.000127295434055,0.000534960983524,0.0001886368749999,0.0008508932925789,0.0,Italy,ITA,lombardy,,,Windows-11-10.0.26200-SP0,3.13.13,3.2.6,32,13th Gen Intel(R) Core(TM) i9-13900HX,1,1 x NVIDIA GeForce RTX 4070 Laptop GPU,9.1922,45.4722,31.70067596435547,machine,4.675757575757576,42.0,45.5030303030303,14.435694261030717,N,1.0,0.0
2026-05-09T00:46:34,Q76_qwen2.5:14b_HumanEval,3cbbb8eb-2bfb-4773-95be-8eb7e95c9c61,5b0fa12a-3dd7-45bb-9766-cc326314d9f1,34.21576720000303,0.0002695875797188,7.879045299293022e-06,13.41969729568,54.03218802128765,20.0,0.0001221475295932,0.00051131290905,0.0001816980338888,0.0008151584725321,0.0,Italy,ITA,lombardy,,,Windows-11-10.0.26200-SP0,3.13.13,3.2.6,32,13th Gen Intel(R) Core(TM) i9-13900HX,1,1 x NVIDIA GeForce RTX 4070 Laptop GPU,9.1922,45.4722,31.70067596435547,machine,4.84375,38.84375,45.428125,14.406205773353577,N,1.0,0.0
2026-05-09T00:47:51,Q77_qwen2.5:14b_GSM8K,d76a9f10-b427-438d-a3e7-c5194ec471c3,5b0fa12a-3dd7-45bb-9766-cc326314d9f1,31.739160700002685,0.0002947940635348,9.28802328206424e-06,13.40262430976,52.61841499664698,20.0,0.0001686188428588,0.0004714389882619,0.0002513180949999,0.0008913759261207,0.0,Italy,ITA,lombardy,,,Windows-11-10.0.26200-SP0,3.13.13,3.2.6,32,13th Gen Intel(R) Core(TM) i9-13900HX,1,1 x NVIDIA GeForce RTX 4070 Laptop GPU,9.1922,45.4722,31.70067596435547,machine,3.333333333333333,40.7,45.5,14.423577372233073,N,1.0,0.0
2026-05-09T00:48:48,Q78_qwen2.5:14b_HellaSwag,93ddde19-b88c-401a-94ff-2250aca33ea0,5b0fa12a-3dd7-45bb-9766-cc326314d9f1,10.996210599987537,7.86277797614654e-05,7.15044324101564e-06,13.48149957248,45.88695386058834,20.0,3.929822747550633e-05,0.0001401517787879,5.829870944443328e-05,0.0002377487157078,0.0,Italy,ITA,lombardy,,,Windows-11-10.0.26200-SP0,3.13.13,3.2.6,32,13th Gen Intel(R) Core(TM) i9-13900HX,1,1 x NVIDIA GeForce RTX 4070 Laptop GPU,9.1922,45.4722,31.70067596435547,machine,0.0,45.0,45.6,14.45222176445855,N,1.0,0.0
2026-05-09T00:49:18,Q79_qwen2.5:14b_SQuAD,bea9467e-cc47-4964-8b57-48411c21006a,5b0fa12a-3dd7-45bb-9766-cc326314d9f1,4.697826899995562,3.1571369688809526e-05,6.720419964566884e-06,13.0327493888,43.66505456504586,20.0,1.5188694852620813e-05,5.6966712240091866e-05,2.33077055555542e-05,9.546311264826688e-05,0.0,Italy,ITA,lombardy,,,Windows-11-10.0.26200-SP0,3.13.13,3.2.6,32,13th Gen Intel(R) Core(TM) i9-13900HX,1,1 x NVIDIA GeForce RTX 4070 Laptop GPU,9.1922,45.4722,31.70067596435547,machine,0.0,58.333333333333336,45.6,14.447179158528646,N,1.0,0.0
2026-05-09T00:50:08,Q80_qwen2.5:14b_GSM8K,5decfc08-cbcf-4bf4-942b-9334e916e13e,5b0fa12a-3dd7-45bb-9766-cc326314d9f1,35.267415399997844,0.0002810971201913,7.970448557208897e-06,13.64990552432,55.69955702500772,20.0,0.0001279872970221,0.000534424316428,0.0001875485344443,0.0008499601478945,0.0,Italy,ITA,lombardy,,,Windows-11-10.0.26200-SP0,3.13.13,3.2.6,32,13th Gen Intel(R) Core(TM) i9-13900HX,1,1 x NVIDIA GeForce RTX 4070 Laptop GPU,9.1922,45.4722,31.70067596435547,machine,0.0,42.42424242424242,45.5,14.424477085922703,N,1.0,0.0
2026-05-09T00:51:01,Q81_qwen2.5:14b_MMLU,61a9364c-3ae5-4559-9e2b-80135110eab9,5b0fa12a-3dd7-45bb-9766-cc326314d9f1,6.921084400004474,4.801160201984523e-05,6.937005712546171e-06,13.095179033600004,44.82145916197897,20.0,2.335069941293516e-05,8.616090226198914e-05,3.566223833331605e-05,0.0001451738400082,0.0,Italy,ITA,lombardy,,,Windows-11-10.0.26200-SP0,3.13.13,3.2.6,32,13th Gen Intel(R) Core(TM) i9-13900HX,1,1 x NVIDIA GeForce RTX 4070 Laptop GPU,9.1922,45.4722,31.70067596435547,machine,0.0,39.0,45.5,14.413031768798827,N,1.0,0.0
2026-05-09T00:51:24,Q82_qwen2.5:14b_MMLU,ba7b1336-546b-42b5-a9b7-95afd0f6436a,5b0fa12a-3dd7-45bb-9766-cc326314d9f1,8.027178699994693,5.607446782488685e-05,6.985576118409315e-06,13.146416224914288,44.97081816208761,20.0,2.748110232046834e-05,0.0001002656357679,4.180698388889949e-05,0.0001695537219772,0.0,Italy,ITA,lombardy,,,Windows-11-10.0.26200-SP0,3.13.13,3.2.6,32,13th Gen Intel(R) Core(TM) i9-13900HX,1,1 x NVIDIA GeForce RTX 4070 Laptop GPU,9.1922,45.4722,31.70067596435547,machine,0.0,36.0,45.5,14.417845408121744,N,1.0,0.0
2026-05-09T00:52:05,Q83_qwen2.5:14b_HumanEval,981e5986-e9bf-4ef9-923c-3432868c685d,5b0fa12a-3dd7-45bb-9766-cc326314d9f1,15.654582100003609,0.0001182572436496,7.554161643806111e-06,13.4744595968,49.833266647955575,20.0,5.671255006710826e-05,0.0002166876733499,8.417705888892265e-05,0.0003575772823059,0.0,Italy,ITA,lombardy,,,Windows-11-10.0.26200-SP0,3.13.13,3.2.6,32,13th Gen Intel(R) Core(TM) i9-13900HX,1,1 x NVIDIA GeForce RTX 4070 Laptop GPU,9.1922,45.4722,31.70067596435547,machine,7.142857142857143,40.07142857142857,45.5,14.419711249215265,N,1.0,0.0
2026-05-09T00:52:35,Q84_qwen2.5:14b_SQuAD,377dcf1d-9ca4-42b9-8aa2-4ca9251c7c66,5b0fa12a-3dd7-45bb-9766-cc326314d9f1,4.797884400002658,3.415765811780706e-05,7.119316613336523e-06,13.119221648000002,47.89890176336751,20.0,1.5644662704671736e-05,6.378949547602986e-05,2.384917722229148e-05,0.0001032833354029,0.0,Italy,ITA,lombardy,,,Windows-11-10.0.26200-SP0,3.13.13,3.2.6,32,13th Gen Intel(R) Core(TM) i9-13900HX,1,1 x NVIDIA GeForce RTX 4070 Laptop GPU,9.1922,45.4722,31.70067596435547,machine,0.0,38.66666666666666,45.5,14.425257364908854,N,1.0,0.0
2026-05-09T00:52:57,Q85_qwen2.5:14b_HellaSwag,32a55f81-c07b-453c-ab30-032c03d6f2a3,5b0fa12a-3dd7-45bb-9766-cc326314d9f1,7.392024299988407,5.329331749102924e-05,7.20957011614705e-06,13.398061318400002,47.35316387553714,20.0,2.564345057688629e-05,9.722230000008825e-05,3.8278539999979934e-05,0.0001611442905769,0.0,Italy,ITA,lombardy,,,Windows-11-10.0.26200-SP0,3.13.13,3.2.6,32,13th Gen Intel(R) Core(TM) i9-13900HX,1,1 x NVIDIA GeForce RTX 4070 Laptop GPU,9.1922,45.4722,31.70067596435547,machine,0.0,31.4,45.4,14.40082244873047,N,1.0,0.0
2026-05-09T00:53:37,Q86_qwen2.5:14b_HumanEval,e4634b6c-c823-4f48-a68a-84bc51c2fa95,5b0fa12a-3dd7-45bb-9766-cc326314d9f1,24.33346850000089,0.0001895472754259,7.789570789134483e-06,13.215199301120002,53.63562905865663,20.0,8.557527925563829e-05,0.000357973064156,0.0001295903288889,0.0005731386723006,0.0,Italy,ITA,lombardy,,,Windows-11-10.0.26200-SP0,3.13.13,3.2.6,32,13th Gen Intel(R) Core(TM) i9-13900HX,1,1 x NVIDIA GeForce RTX 4070 Laptop GPU,9.1922,45.4722,31.70067596435547,machine,0.0,38.81818181818182,45.4,14.401262803511186,N,1.0,0.0
2026-05-09T00:54:28,Q87_qwen2.5:14b_HellaSwag,b5497707-dc5f-4df2-8be4-16f392582147,5b0fa12a-3dd7-45bb-9766-cc326314d9f1,6.507613699999638,4.3426695360723416e-05,6.6732134639039546e-06,13.08912997376,42.10936481624149,20.0,2.183588617708093e-05,7.611033866594674e-05,3.336412222221649e-05,0.0001313103470652,0.0,Italy,ITA,lombardy,,,Windows-11-10.0.26200-SP0,3.13.13,3.2.6,32,13th Gen Intel(R) Core(TM) i9-13900HX,1,1 x NVIDIA GeForce RTX 4070 Laptop GPU,9.1922,45.4722,31.70067596435547,machine,0.0,43.75,45.475,14.410223007202148,N,1.0,0.0
2026-05-09T00:54:56,Q88_qwen2.5:14b_MMLU,e09d5219-85b6-423f-841b-84977e83f291,5b0fa12a-3dd7-45bb-9766-cc326314d9f1,12.54714840000088,9.145445392931896e-05,7.288863653618104e-06,13.3194023552,47.3588106031389,20.0,4.4565732424831353e-05,0.0001650495764839,6.691773111112221e-05,0.0002765330400199,0.0,Italy,ITA,lombardy,,,Windows-11-10.0.26200-SP0,3.13.13,3.2.6,32,13th Gen Intel(R) Core(TM) i9-13900HX,1,1 x NVIDIA GeForce RTX 4070 Laptop GPU,9.1922,45.4722,31.70067596435547,machine,0.0,40.5,45.5,14.41535530090332,N,1.0,0.0
2026-05-09T00:55:46,Q89_qwen2.5:14b_HumanEval,500eaa57-75e3-42cb-8f78-42d15132f0e7,5b0fa12a-3dd7-45bb-9766-cc326314d9f1,24.742986700002803,0.0001939000031607,7.836564175204144e-06,13.42093981952,54.168436226770496,20.0,8.863246648490345e-05,0.0003657875148519,0.0001318801388888,0.0005863001202256,0.0,Italy,ITA,lombardy,,,Windows-11-10.0.26200-SP0,3.13.13,3.2.6,32,13th Gen Intel(R) Core(TM) i9-13900HX,1,1 x NVIDIA GeForce RTX 4070 Laptop GPU,9.1922,45.4722,31.70067596435547,machine,3.9130434782608696,39.391304347826086,45.460869565217386,14.410449484120244,N,1.0,0.0
2026-05-09T00:56:29,Q90_qwen2.5:14b_MMLU,3d21a9a0-d333-4fed-a557-d69f3f8bb986,5b0fa12a-3dd7-45bb-9766-cc326314d9f1,7.452380200003972,5.156439569275562e-05,6.919184785114444e-06,13.409076204800002,44.16425031303723,20.0,2.588876486817665e-05,9.141479535401675e-05,3.861294777784173e-05,0.000155916508,0.0,Italy,ITA,lombardy,,,Windows-11-10.0.26200-SP0,3.13.13,3.2.6,32,13th Gen Intel(R) Core(TM) i9-13900HX,1,1 x NVIDIA GeForce RTX 4070 Laptop GPU,9.1922,45.4722,31.70067596435547,machine,0.0,51.2,45.5,14.412931823730467,N,1.0,0.0
2026-05-09T00:57:06,Q91_qwen2.5:14b_MMLU,6f683e0e-3e10-4f11-bc32-96d68a5bf997,5b0fa12a-3dd7-45bb-9766-cc326314d9f1,11.510410299990326,8.228504504662888e-05,7.1487499491393484e-06,13.157511380480004,46.11221702261934,20.0,4.0229846871752274e-05,0.000147427062386,6.115036777773639e-05,0.0002488072770355,0.0,Italy,ITA,lombardy,,,Windows-11-10.0.26200-SP0,3.13.13,3.2.6,32,13th Gen Intel(R) Core(TM) i9-13900HX,1,1 x NVIDIA GeForce RTX 4070 Laptop GPU,9.1922,45.4722,31.70067596435547,machine,0.0,39.0,45.5,14.41451687282986,N,1.0,0.0
2026-05-09T00:57:45,Q92_qwen2.5:14b_GSM8K,f0ccfb42-4ed2-4903-ab88-d8ec6658dab1,5b0fa12a-3dd7-45bb-9766-cc326314d9f1,14.012132100004235,0.0001072641788723,7.65509332247222e-06,13.174467968,51.34506817468578,20.0,4.94418954328586e-05,0.0001998390487599,7.505634277776052e-05,0.0003243372869705,0.0,Italy,ITA,lombardy,,,Windows-11-10.0.26200-SP0,3.13.13,3.2.6,32,13th Gen Intel(R) Core(TM) i9-13900HX,1,1 x NVIDIA GeForce RTX 4070 Laptop GPU,9.1922,45.4722,31.70067596435547,machine,8.333333333333334,40.25,45.41666666666666,14.405843416849772,N,1.0,0.0
2026-05-09T00:58:24,Q93_qwen2.5:14b_SQuAD,4ee0a17a-c7c9-4efc-9fce-80ddf9aab5a6,5b0fa12a-3dd7-45bb-9766-cc326314d9f1,3.915787199992337,2.2477143501849948e-05,5.740134065991618e-06,13.2742779392,33.47906377767638,20.0,1.25890261575238e-05,3.640891801603985e-05,1.896673722221749e-05,6.796468139578114e-05,0.0,Italy,ITA,lombardy,,,Windows-11-10.0.26200-SP0,3.13.13,3.2.6,32,13th Gen Intel(R) Core(TM) i9-13900HX,1,1 x NVIDIA GeForce RTX 4070 Laptop GPU,9.1922,45.4722,31.70067596435547,machine,0.0,35.5,45.5,14.412919998168944,N,1.0,0.0
2026-05-09T00:58:42,Q94_qwen2.5:14b_SQuAD,a95c5421-514e-4f1e-863d-073a920ce177,5b0fa12a-3dd7-45bb-9766-cc326314d9f1,3.1403136999870185,1.6994755032292906e-05,5.411801703875367e-06,13.2867551936,30.949140750933445,20.0,9.738578889819797e-06,2.699057714794506e-05,1.4658294999955817e-05,5.138745103772068e-05,0.0,Italy,ITA,lombardy,,,Windows-11-10.0.26200-SP0,3.13.13,3.2.6,32,13th Gen Intel(R) Core(TM) i9-13900HX,1,1 x NVIDIA GeForce RTX 4070 Laptop GPU,9.1922,45.4722,31.70067596435547,machine,0.0,35.0,45.4,14.396865844726562,N,1.0,0.0
2026-05-09T00:59:06,Q95_qwen2.5:14b_GSM8K,cfc128a1-586b-49cc-a79c-613c1131339f,5b0fa12a-3dd7-45bb-9766-cc326314d9f1,19.101490800007014,0.0001463755587889,7.663043702794306e-06,13.54620405248,53.14106623900082,20.0,6.842994942353392e-05,0.000273639941134,0.0001005294199999,0.0004425993105575,0.0,Italy,ITA,lombardy,,,Windows-11-10.0.26200-SP0,3.13.13,3.2.6,32,13th Gen Intel(R) Core(TM) i9-13900HX,1,1 x NVIDIA GeForce RTX 4070 Laptop GPU,9.1922,45.4722,31.70067596435547,machine,3.923529411764706,38.8235294117647,45.4,14.393162895651423,N,1.0,0.0
2026-05-09T00:59:50,Q96_qwen2.5:14b_MMLU,32ce64f3-1b6c-4d87-9de5-077c2ae7f9d0,5b0fa12a-3dd7-45bb-9766-cc326314d9f1,8.322743800003082,6.0845900903870165e-05,7.310798261487712e-06,13.578442770285715,48.09567358432474,20.0,2.9473994371473658e-05,0.000111095088876,4.341213611114654e-05,0.0001839812193586,0.0,Italy,ITA,lombardy,,,Windows-11-10.0.26200-SP0,3.13.13,3.2.6,32,13th Gen Intel(R) Core(TM) i9-13900HX,1,1 x NVIDIA GeForce RTX 4070 Laptop GPU,9.1922,45.4722,31.70067596435547,machine,0.0,38.16666666666666,45.4,14.398075103759766,N,1.0,0.0
2026-05-09T01:00:43,Q97_qwen2.5:14b_GSM8K,64cd915d-e902-4d34-9488-910856c00175,5b0fa12a-3dd7-45bb-9766-cc326314d9f1,27.728977000006125,0.0002192749213262,7.907789794273451e-06,13.539141530387692,54.22789622833376,20.0,0.0001005147260335,0.000414042553456,0.0001484695933334,0.000663026872823,0.0,Italy,ITA,lombardy,,,Windows-11-10.0.26200-SP0,3.13.13,3.2.6,32,13th Gen Intel(R) Core(TM) i9-13900HX,1,1 x NVIDIA GeForce RTX 4070 Laptop GPU,9.1922,45.4722,31.70067596435547,machine,3.8461538461538463,38.84615384615385,45.39999999999999,14.395111670860878,N,1.0,0.0
2026-05-09T01:02:04,Q98_qwen2.5:14b_HumanEval,4d197756-7b9e-4f9a-bb30-a7ed08dddf83,5b0fa12a-3dd7-45bb-9766-cc326314d9f1,35.64363440001034,0.0002796468209476,7.845631503492091e-06,13.51815451008,54.1872635441587,20.0,0.0001279809418065,0.0005279582001439,0.0001896357011112,0.0008455748430616,0.0,Italy,ITA,lombardy,,,Windows-11-10.0.26200-SP0,3.13.13,3.2.6,32,13th Gen Intel(R) Core(TM) i9-13900HX,1,1 x NVIDIA GeForce RTX 4070 Laptop GPU,9.1922,45.4722,31.70067596435547,machine,2.357575757575757,39.63636363636363,45.4,14.388349359685725,N,1.0,0.0
2026-05-09T01:02:57,Q99_qwen2.5:14b_HellaSwag,3ea53b4a-5dde-430e-9b9b-15615ca38f17,5b0fa12a-3dd7-45bb-9766-cc326314d9f1,7.272163700006786,5.286211763828823e-05,7.269104467249397e-06,13.106519187200002,48.31000201373226,20.0,2.464920199944857e-05,9.757841139601542e-05,3.761284777776584e-05,0.0001598404611732,0.0,Italy,ITA,lombardy,,,Windows-11-10.0.26200-SP0,3.13.13,3.2.6,32,13th Gen Intel(R) Core(TM) i9-13900HX,1,1 x NVIDIA GeForce RTX 4070 Laptop GPU,9.1922,45.4722,31.70067596435547,machine,0.0,38.8,45.4,14.397956848144531,N,1.0,0.0
2026-05-09T01:03:37,Q100_qwen2.5:14b_GSM8K,18e8fe45-3623-4493-ad88-057ed7e56aad,5b0fa12a-3dd7-45bb-9766-cc326314d9f1,15.052993399993284,0.0001144876936818,7.605642986724656e-06,13.20790221714286,50.69193224517509,20.0,5.33868507334635e-05,0.0002119523917839,8.083996055550718e-05,0.0003461792030729,0.0,Italy,ITA,lombardy,,,Windows-11-10.0.26200-SP0,3.13.13,3.2.6,32,13th Gen Intel(R) Core(TM) i9-13900HX,1,1 x NVIDIA GeForce RTX 4070 Laptop GPU,9.1922,45.4722,31.70067596435547,machine,7.6923076923076925,37.61538461538461,45.39999999999999,14.402720818152794,N,1.0,0.0
2026-05-09T01:04:09,Q101_qwen2.5:14b_SQuAD,5a245229-1b9c-48c2-b999-54e4c13c8f78,5b0fa12a-3dd7-45bb-9766-cc326314d9f1,6.599066700000549,4.833592711475513e-05,7.324661094083367e-06,13.4764553216,48.81123121995002,20.0,2.2823863615025702e-05,8.945923823400204e-05,3.387140777776949e-05,0.0001461545096267,0.0,Italy,ITA,lombardy,,,Windows-11-10.0.26200-SP0,3.13.13,3.2.6,32,13th Gen Intel(R) Core(TM) i9-13900HX,1,1 x NVIDIA GeForce RTX 4070 Laptop GPU,9.1922,45.4722,31.70067596435547,machine,20.0,39.6,45.42,14.407684326171877,N,1.0,0.0
2026-05-09T01:04:32,Q102_qwen2.5:14b_HellaSwag,c07ff23a-ba05-4387-a1ca-999c28cda67c,5b0fa12a-3dd7-45bb-9766-cc326314d9f1,8.456088999999338,6.201883175096141e-05,7.334221736664109e-06,13.229698764800002,48.58225156377048,20.0,2.923191683540732e-05,0.0001141053690619,4.4190552777743306e-05,0.0001875278386751,0.0,Italy,ITA,lombardy,,,Windows-11-10.0.26200-SP0,3.13.13,3.2.6,32,13th Gen Intel(R) Core(TM) i9-13900HX,1,1 x NVIDIA GeForce RTX 4070 Laptop GPU,9.1922,45.4722,31.70067596435547,machine,1.85,39.5,45.48333333333333,14.408186594645182,N,1.0,0.0
2026-05-09T01:05:04,Q103_qwen2.5:14b_SQuAD,65ecce99-110e-4631-86fe-ff9f4696ee92,5b0fa12a-3dd7-45bb-9766-cc326314d9f1,6.5869692999986,4.589421557751484e-05,6.967425152190187e-06,13.411287046400002,44.99549535826202,20.0,2.2665247219952115e-05,8.230673251197196e-05,3.3799467777781604e-05,0.0001387714475097,0.0,Italy,ITA,lombardy,,,Windows-11-10.0.26200-SP0,3.13.13,3.2.6,32,13th Gen Intel(R) Core(TM) i9-13900HX,1,1 x NVIDIA GeForce RTX 4070 Laptop GPU,9.1922,45.4722,31.70067596435547,machine,0.0,48.2,45.4,14.396228790283203,N,1.0,0.0
2026-05-09T01:05:27,Q104_qwen2.5:14b_HellaSwag,d774b878-15ee-4d9d-a6fd-6d802e4bb879,5b0fa12a-3dd7-45bb-9766-cc326314d9f1,7.605613599997014,5.1613508838945306e-05,6.786238632865279e-06,13.07705558857143,42.9797894449667,20.0,2.580518663717865e-05,9.079423930191675e-05,3.946558666664512e-05,0.0001560650126057,0.0,Italy,ITA,lombardy,,,Windows-11-10.0.26200-SP0,3.13.13,3.2.6,32,13th Gen Intel(R) Core(TM) i9-13900HX,1,1 x NVIDIA GeForce RTX 4070 Laptop GPU,9.1922,45.4722,31.70067596435547,machine,0.0,37.0,45.41666666666666,14.405997594197592,N,1.0,0.0
2026-05-09T01:06:15,Q105_qwen2.5:14b_MMLU,547ed47e-f46c-4389-8b4b-306b67ae2881,5b0fa12a-3dd7-45bb-9766-cc326314d9f1,33.108146700004,0.0002616654477408,7.903355331598403e-06,13.3157842288,54.158437235072704,20.0,0.0001182251684567,0.0004974151201539,0.0001755638422222,0.0007912041308329,0.0,Italy,ITA,lombardy,,,Windows-11-10.0.26200-SP0,3.13.13,3.2.6,32,13th Gen Intel(R) Core(TM) i9-13900HX,1,1 x NVIDIA GeForce RTX 4070 Laptop GPU,9.1922,45.4722,31.70067596435547,machine,0.0,40.67741935483871,45.4,14.39695309054467,N,1.0,0.0
2026-05-09T01:07:08,Q106_qwen2.5:14b_HellaSwag,24dba678-1733-494e-9478-08fa63253617,5b0fa12a-3dd7-45bb-9766-cc326314d9f1,7.32093280000845,4.8976415746139446e-05,6.689914671267427e-06,13.8375440768,41.3122517408744,20.0,2.6209804473719468e-05,8.400006719999631e-05,3.788129888893713e-05,0.0001480911705626,0.0,Italy,ITA,lombardy,,,Windows-11-10.0.26200-SP0,3.13.13,3.2.6,32,13th Gen Intel(R) Core(TM) i9-13900HX,1,1 x NVIDIA GeForce RTX 4070 Laptop GPU,9.1922,45.4722,31.70067596435547,machine,0.0,38.6,45.8,14.520955657958984,N,1.0,0.0
2026-05-09T01:07:43,Q107_qwen2.5:14b_GSM8K,fb78a4d6-8938-40d6-858b-cef7875b6f09,5b0fa12a-3dd7-45bb-9766-cc326314d9f1,19.311660799998208,0.000144384302993,7.476534746976904e-06,13.445401963520002,50.90577148480404,20.0,6.82068545591836e-05,0.0002666696577799,0.00010170179,0.0004365783023392,0.0,Italy,ITA,lombardy,,,Windows-11-10.0.26200-SP0,3.13.13,3.2.6,32,13th Gen Intel(R) Core(TM) i9-13900HX,1,1 x NVIDIA GeForce RTX 4070 Laptop GPU,9.1922,45.4722,31.70067596435547,machine,0.0,43.70588235294117,45.7,14.484126371495863,N,1.0,0.0
2026-05-09T01:08:27,Q108_qwen2.5:14b_HellaSwag,18be10b5-d402-4e71-a78d-39deca82a4f7,5b0fa12a-3dd7-45bb-9766-cc326314d9f1,9.101582899995265,6.477008721145603e-05,7.11635414664956e-06,13.5709482944,45.74883366181301,20.0,3.2418377036201014e-05,0.0001156531480779,4.777535111109804e-05,0.0001958468762252,0.0,Italy,ITA,lombardy,,,Windows-11-10.0.26200-SP0,3.13.13,3.2.6,32,13th Gen Intel(R) Core(TM) i9-13900HX,1,1 x NVIDIA GeForce RTX 4070 Laptop GPU,9.1922,45.4722,31.70067596435547,machine,0.0,41.42857142857143,45.7,14.481234414236884,N,1.0,0.0
2026-05-09T01:09:06,Q109_qwen2.5:14b_GSM8K,1f8474dc-7ce7-4f2b-9ca3-a937112473de,5b0fa12a-3dd7-45bb-9766-cc326314d9f1,13.182139900003676,9.766195292793976e-05,7.408656991109048e-06,13.6496441792,48.30891053033216,20.0,4.806054313034134e-05,0.000176822919236,7.041934222223871e-05,0.0002953028045886,0.0,Italy,ITA,lombardy,,,Windows-11-10.0.26200-SP0,3.13.13,3.2.6,32,13th Gen Intel(R) Core(TM) i9-13900HX,1,1 x NVIDIA GeForce RTX 4070 Laptop GPU,9.1922,45.4722,31.70067596435547,machine,18.181818181818183,46.45454545454545,45.7,14.488967895507812,N,1.0,0.0
2026-05-09T01:09:49,Q110_qwen2.5:14b_HellaSwag,d85fb2f1-5b26-4b24-9ac4-db981a8ba9d8,5b0fa12a-3dd7-45bb-9766-cc326314d9f1,17.758942300002673,0.0001363550980797,7.678109190081088e-06,13.470744373760002,47.926423281876296,20.0,6.378852448597809e-05,0.0002554471488019,9.30645283332625e-05,0.0004123002016212,0.0,Italy,ITA,lombardy,,,Windows-11-10.0.26200-SP0,3.13.13,3.2.6,32,13th Gen Intel(R) Core(TM) i9-13900HX,1,1 x NVIDIA GeForce RTX 4070 Laptop GPU,9.1922,45.4722,31.70067596435547,machine,3.75,41.25,45.70625,14.493927478790283,N,1.0,0.0
2026-05-09T01:10:37,Q111_qwen2.5:14b_MMLU,1da25803-27a4-4b4f-aa41-51736b1f9715,5b0fa12a-3dd7-45bb-9766-cc326314d9f1,12.939146600008826,9.968561487426646e-05,7.704187761053612e-06,13.160119779200002,51.9988105871665,20.0,4.546273557174396e-05,0.0001868682050498,6.90908594445015e-05,0.0003014218000661,0.0,Italy,ITA,lombardy,,,Windows-11-10.0.26200-SP0,3.13.13,3.2.6,32,13th Gen Intel(R) Core(TM) i9-13900HX,1,1 x NVIDIA GeForce RTX 4070 Laptop GPU,9.1922,45.4722,31.70067596435547,machine,6.063636363636364,40.45454545454545,45.7,14.484771381724965,N,1.0,0.0
2026-05-09T01:11:22,Q112_qwen2.5:14b_HellaSwag,670ae955-ecac-40f8-b408-a3a96550dd57,5b0fa12a-3dd7-45bb-9766-cc326314d9f1,9.623495899999398,7.054530944385259e-05,7.330528341977784e-06,13.11963808,48.41952287908092,20.0,3.323704657640364e-05,0.00012940565908,5.0666849444435993e-05,0.0002133095551008,0.0,Italy,ITA,lombardy,,,Windows-11-10.0.26200-SP0,3.13.13,3.2.6,32,13th Gen Intel(R) Core(TM) i9-13900HX,1,1 x NVIDIA GeForce RTX 4070 Laptop GPU,9.1922,45.4722,31.70067596435547,machine,12.5,37.375,45.6125,14.466641426086426,N,1.0,0.0
2026-05-09T01:12:05,Q113_qwen2.5:14b_MMLU,7e65e6f2-ba42-4657-9487-31bac887f0a6,5b0fa12a-3dd7-45bb-9766-cc326314d9f1,18.116788900006213,0.0001380183529087,7.618256947771724e-06,13.134177401600002,53.24972640374237,20.0,6.283579229852985e-05,0.0002594299297661,9.506370333337043e-05,0.000417329425398,0.0,Italy,ITA,lombardy,,,Windows-11-10.0.26200-SP0,3.13.13,3.2.6,32,13th Gen Intel(R) Core(TM) i9-13900HX,1,1 x NVIDIA GeForce RTX 4070 Laptop GPU,9.1922,45.4722,31.70067596435547,machine,6.25,40.25,45.6875,14.470680952072144,N,1.0,0.0
2026-05-09T01:12:58,Q114_qwen2.5:14b_GSM8K,8c9af4d9-a55c-4e73-881a-63edb3f281a0,5b0fa12a-3dd7-45bb-9766-cc326314d9f1,17.355655199993635,0.0001315946841261,7.582236602981224e-06,13.09345451072,48.00521884203319,20.0,5.999725204054404e-05,0.0002470765865499,9.083218444454056e-05,0.000397906023035,0.0,Italy,ITA,lombardy,,,Windows-11-10.0.26200-SP0,3.13.13,3.2.6,32,13th Gen Intel(R) Core(TM) i9-13900HX,1,1 x NVIDIA GeForce RTX 4070 Laptop GPU,9.1922,45.4722,31.70067596435547,machine,6.666666666666667,38.86666666666667,45.6,14.444612121582033,N,1.0,0.0
2026-05-09T01:13:43,Q115_qwen2.5:14b_HellaSwag,4531c290-0b48-4c86-b6b4-887ff3a80d0e,5b0fa12a-3dd7-45bb-9766-cc326314d9f1,9.619072799992864,7.013583789375592e-05,7.291330396606203e-06,13.1674074112,47.93865346761189,20.0,3.334620140713542e-05,0.0001280764913499,5.064873333329969e-05,0.0002120714260903,0.0,Italy,ITA,lombardy,,,Windows-11-10.0.26200-SP0,3.13.13,3.2.6,32,13th Gen Intel(R) Core(TM) i9-13900HX,1,1 x NVIDIA GeForce RTX 4070 Laptop GPU,9.1922,45.4722,31.70067596435547,machine,0.0,31.75,45.6,14.445794105529783,N,1.0,0.0
2026-05-09T01:14:46,Q116_qwen2.5:14b_HumanEval,758ac929-0ab2-4211-b172-eadb122889aa,5b0fa12a-3dd7-45bb-9766-cc326314d9f1,37.68857630000275,0.0003014240009282,7.997755036668424e-06,13.196148056685717,55.4226661105475,20.0,0.000132848681902,0.0005775885176259,0.0002009858283333,0.0009114230278612,0.0,Italy,ITA,lombardy,,,Windows-11-10.0.26200-SP0,3.13.13,3.2.6,32,13th Gen Intel(R) Core(TM) i9-13900HX,1,1 x NVIDIA GeForce RTX 4070 Laptop GPU,9.1922,45.4722,31.70067596435547,machine,0.0,40.57142857142857,45.6,14.449249812534877,N,1.0,0.0
2026-05-09T01:16:08,Q117_qwen2.5:14b_HumanEval,ffdd4fed-cb5a-4881-b750-365622f19f62,5b0fa12a-3dd7-45bb-9766-cc326314d9f1,37.2513811999961,0.0002975907560114,7.988717368994914e-06,13.199162937828572,55.43705808580254,20.0,0.0001312096499597,0.0005700593449359,0.0001985633577777,0.0008998323526734,0.0,Italy,ITA,lombardy,,,Windows-11-10.0.26200-SP0,3.13.13,3.2.6,32,13th Gen Intel(R) Core(TM) i9-13900HX,1,1 x NVIDIA GeForce RTX 4070 Laptop GPU,9.1922,45.4722,31.70067596435547,machine,2.571428571428572,40.25714285714286,45.6,14.449534497942244,N,1.0,0.0
2026-05-09T01:17:31,Q118_qwen2.5:14b_GSM8K,b96dd74b-d39b-4a9b-97e8-59c74a429b4e,5b0fa12a-3dd7-45bb-9766-cc326314d9f1,37.07645490000141,0.0002946009642442,7.945769492763887e-06,13.508052903108572,54.723140576896014,20.0,0.0001333053014479,0.0005598865590199,0.0001976001866667,0.0008907920471346,0.0,Italy,ITA,lombardy,,,Windows-11-10.0.26200-SP0,3.13.13,3.2.6,32,13th Gen Intel(R) Core(TM) i9-13900HX,1,1 x NVIDIA GeForce RTX 4070 Laptop GPU,9.1922,45.4722,31.70067596435547,machine,4.285714285714286,39.34285714285714,45.59714285714286,14.448130471365792,N,1.0,0.0
2026-05-09T01:18:41,Q119_qwen2.5:14b_MMLU,b136f874-8430-442f-84f7-67220a0e7822,5b0fa12a-3dd7-45bb-9766-cc326314d9f1,25.285205699998187,0.0001970486985831,7.793043130480058e-06,13.210012545920002,53.318302080554446,20.0,8.914651081278856e-05,0.0003717958529919,0.0001348785427777,0.0005958209065824,0.0,Italy,ITA,lombardy,,,Windows-11-10.0.26200-SP0,3.13.13,3.2.6,32,13th Gen Intel(R) Core(TM) i9-13900HX,1,1 x NVIDIA GeForce RTX 4070 Laptop GPU,9.1922,45.4722,31.70067596435547,machine,0.0,42.95652173913044,45.6,14.455059217370074,N,1.0,0.0
2026-05-09T01:19:31,Q120_qwen2.5:14b_SQuAD,d3a06936-d2a4-43d5-879b-ec169c259bfe,5b0fa12a-3dd7-45bb-9766-cc326314d9f1,4.134239200007869,2.514427604355869e-05,6.081959661044971e-06,13.077869888,37.15866620764463,20.0,1.3192993650073104e-05,4.26611452399861e-05,2.0175215555597483e-05,7.602935444565669e-05,0.0,Italy,ITA,lombardy,,,Windows-11-10.0.26200-SP0,3.13.13,3.2.6,32,13th Gen Intel(R) Core(TM) i9-13900HX,1,1 x NVIDIA GeForce RTX 4070 Laptop GPU,9.1922,45.4722,31.70067596435547,machine,0.0,48.0,45.6,14.45432472229004,N,1.0,0.0
2026-05-09T01:20:07,Q121_qwen2.5:14b_MMLU,82babfb2-6fba-4d48-ac61-0775c47f700e,5b0fa12a-3dd7-45bb-9766-cc326314d9f1,20.838624600000912,0.0001600790804888,7.681844822369262e-06,13.10262682112,54.0785945083302,20.0,7.256331889284414e-05,0.000301282741026,0.00011018892,0.0004840349799188,0.0,Italy,ITA,lombardy,,,Windows-11-10.0.26200-SP0,3.13.13,3.2.6,32,13th Gen Intel(R) Core(TM) i9-13900HX,1,1 x NVIDIA GeForce RTX 4070 Laptop GPU,9.1922,45.4722,31.70067596435547,machine,0.0,43.05263157894737,45.60526315789474,14.462733218544408,N,1.0,0.0
2026-05-09T01:20:46,Q122_qwen2.5:14b_SQuAD,58d82967-4425-4815-844a-c742870f8884,5b0fa12a-3dd7-45bb-9766-cc326314d9f1,4.182473399996525,2.7487645466282697e-05,6.572102877284417e-06,13.4089876736,42.14978032106007,20.0,1.3708510190846172e-05,4.896059472403458e-05,2.044595222226538e-05,8.311505713714614e-05,0.0,Italy,ITA,lombardy,,,Windows-11-10.0.26200-SP0,3.13.13,3.2.6,32,13th Gen Intel(R) Core(TM) i9-13900HX,1,1 x NVIDIA GeForce RTX 4070 Laptop GPU,9.1922,45.4722,31.70067596435547,machine,0.0,62.5,45.6,14.447792053222656,N,1.0,0.0
2026-05-09T01:21:26,Q123_qwen2.5:14b_HumanEval,c9851e96-f9d1-4d45-aab8-dc4076e29575,5b0fa12a-3dd7-45bb-9766-cc326314d9f1,25.077940800008943,0.0001949479857123,7.773683942673763e-06,13.48564355456,53.14187480034189,20.0,9.034744472243118e-05,0.0003653864034199,0.0001337350822222,0.0005894689303646,0.0,Italy,ITA,lombardy,,,Windows-11-10.0.26200-SP0,3.13.13,3.2.6,32,13th Gen Intel(R) Core(TM) i9-13900HX,1,1 x NVIDIA GeForce RTX 4070 Laptop GPU,9.1922,45.4722,31.70067596435547,machine,0.0,39.52173913043478,45.6,14.453807664954144,N,1.0,0.0
2026-05-09T01:22:06,Q124_qwen2.5:14b_SQuAD,b0209ae0-3225-43fe-9d23-aa628485ff61,5b0fa12a-3dd7-45bb-9766-cc326314d9f1,3.905480100002024,2.55239652570484e-05,6.535423201115575e-06,13.313329587200002,42.128791108748814,20.0,1.2584039445401335e-05,4.568975877394799e-05,1.890363166668168e-05,7.7177429886031e-05,0.0,Italy,ITA,lombardy,,,Windows-11-10.0.26200-SP0,3.13.13,3.2.6,32,13th Gen Intel(R) Core(TM) i9-13900HX,1,1 x NVIDIA GeForce RTX 4070 Laptop GPU,9.1922,45.4722,31.70067596435547,machine,0.0,36.0,45.6,14.445707321166992,N,1.0,0.0
2026-05-09T01:22:25,Q125_qwen2.5:14b_SQuAD,e5681793-359a-4581-b7ea-007d42300285,5b0fa12a-3dd7-45bb-9766-cc326314d9f1,4.14984350001032,2.8471761338592548e-05,6.860924114010984e-06,13.097528000000002,45.59916315176876,20.0,1.3272050013858858e-05,5.2553097598107e-05,2.026560444444638e-05,8.609075205641225e-05,0.0,Italy,ITA,lombardy,,,Windows-11-10.0.26200-SP0,3.13.13,3.2.6,32,13th Gen Intel(R) Core(TM) i9-13900HX,1,1 x NVIDIA GeForce RTX 4070 Laptop GPU,9.1922,45.4722,31.70067596435547,machine,0.0,36.0,45.6,14.450971603393556,N,1.0,0.0
2026-05-09T01:23:18,Q126_qwen2.5:14b_HumanEval,dbf0a350-3c67-4a05-8fec-ab1303aa4186,5b0fa12a-3dd7-45bb-9766-cc326314d9f1,37.49987129999499,0.0002967189263628,7.91253185881955e-06,13.142893568022856,54.98201887467794,20.0,0.0001315284916438,0.00056570600812,0.0001999616805554,0.0008971961803193,0.0,Italy,ITA,lombardy,,,Windows-11-10.0.26200-SP0,3.13.13,3.2.6,32,13th Gen Intel(R) Core(TM) i9-13900HX,1,1 x NVIDIA GeForce RTX 4070 Laptop GPU,9.1922,45.4722,31.70067596435547,machine,3.571428571428572,41.371428571428574,45.6,14.458297620500836,N,1.0,0.0
2026-05-09T01:24:07,Q127_qwen2.5:14b_SQuAD,9d2cba21-d32a-4715-b7c6-d919aae9accb,5b0fa12a-3dd7-45bb-9766-cc326314d9f1,3.627906599998824,2.0732325213249445e-05,5.714679979152762e-06,12.9329181056,33.86148146967561,20.0,1.1225988823532922e-05,3.4103360616044576e-05,1.7359482777747973e-05,6.268883221732547e-05,0.0,Italy,ITA,lombardy,,,Windows-11-10.0.26200-SP0,3.13.13,3.2.6,32,13th Gen Intel(R) Core(TM) i9-13900HX,1,1 x NVIDIA GeForce RTX 4070 Laptop GPU,9.1922,45.4722,31.70067596435547,machine,0.0,45.0,45.6,14.460020065307615,N,1.0,0.0
2026-05-09T01:24:38,Q128_qwen2.5:14b_GSM8K,61b75872-8e96-4b33-8ff4-16695905aab9,5b0fa12a-3dd7-45bb-9766-cc326314d9f1,16.113627600003383,0.0001203756979319,7.470428194079675e-06,13.51450443008,48.85033950566246,20.0,5.8607451521170994e-05,0.0002186435082479,8.673194388886462e-05,0.0003639829036579,0.0,Italy,ITA,lombardy,,,Windows-11-10.0.26200-SP0,3.13.13,3.2.6,32,13th Gen Intel(R) Core(TM) i9-13900HX,1,1 x NVIDIA GeForce RTX 4070 Laptop GPU,9.1922,45.4722,31.70067596435547,machine,5.1000000000000005,38.85714285714285,45.6,14.462040492466516,N,1.0,0.0
2026-05-09T01:25:30,Q129_qwen2.5:14b_GSM8K,dbed28f3-0e30-4357-85e0-fce4d7fe8119,5b0fa12a-3dd7-45bb-9766-cc326314d9f1,16.852622799997334,0.0001757020602119,1.0425799135074643e-05,13.07067167744,47.30417718481462,20.0,0.000117455842469,0.00023407518726,0.0001797435311111,0.0005312745608402,0.0,Italy,ITA,lombardy,,,Windows-11-10.0.26200-SP0,3.13.13,3.2.6,32,13th Gen Intel(R) Core(TM) i9-13900HX,1,1 x NVIDIA GeForce RTX 4070 Laptop GPU,9.1922,45.4722,31.70067596435547,machine,0.0,43.93333333333333,45.6,14.460520426432293,N,1.0,0.0
2026-05-09T01:26:10,Q130_qwen2.5:14b_HellaSwag,e81732b1-232e-41ce-9cba-0d5aad6f8c70,5b0fa12a-3dd7-45bb-9766-cc326314d9f1,5.158334299994749,3.4566582701420685e-05,6.701113322852277e-06,13.6097871968,42.61324466287393,20.0,1.7602997809319164e-05,6.104949328400444e-05,2.5867319444417568e-05,0.0001045198105377,0.0,Italy,ITA,lombardy,,,Windows-11-10.0.26200-SP0,3.13.13,3.2.6,32,13th Gen Intel(R) Core(TM) i9-13900HX,1,1 x NVIDIA GeForce RTX 4070 Laptop GPU,9.1922,45.4722,31.70067596435547,machine,0.0,58.333333333333336,45.6,14.441675821940104,N,1.0,0.0
2026-05-09T01:26:39,Q131_qwen2.5:14b_HellaSwag,09de22cb-8b04-4ad2-9abf-690e922507ab,5b0fa12a-3dd7-45bb-9766-cc326314d9f1,13.22433950001141,0.0001009155987152,7.631050209739348e-06,13.1938353152,51.135654075504334,20.0,4.662816663205536e-05,0.0001878318169319,7.068094833335231e-05,0.0003051409318973,0.0,Italy,ITA,lombardy,,,Windows-11-10.0.26200-SP0,3.13.13,3.2.6,32,13th Gen Intel(R) Core(TM) i9-13900HX,1,1 x NVIDIA GeForce RTX 4070 Laptop GPU,9.1922,45.4722,31.70067596435547,machine,0.0,41.0,45.6,14.450746016068893,N,1.0,0.0
2026-05-09T01:27:23,Q132_qwen2.5:14b_MMLU,56adda63-5e11-47c6-a9dc-d0612d6e9c55,5b0fa12a-3dd7-45bb-9766-cc326314d9f1,19.39943959999073,0.0001521841666248,7.844771280141533e-06,13.628230976,51.3781895959989,20.0,6.9912621720825e-05,0.000288070786012,0.0001021795305555,0.0004601629382883,0.0,Italy,ITA,lombardy,,,Windows-11-10.0.26200-SP0,3.13.13,3.2.6,32,13th Gen Intel(R) Core(TM) i9-13900HX,1,1 x NVIDIA GeForce RTX 4070 Laptop GPU,9.1922,45.4722,31.70067596435547,machine,5.882352941176471,40.294117647058826,45.6,14.458942862117992,N,1.0,0.0
2026-05-09T01:28:20,Q133_qwen2.5:14b_MMLU,3397415d-c432-4de6-8ab3-0ce7019989e2,5b0fa12a-3dd7-45bb-9766-cc326314d9f1,21.678813099992112,0.0001699102374966,7.837617157033457e-06,13.470786978011429,54.96579838228395,20.0,7.779510145016295e-05,0.0003211252569,0.0001148413283333,0.0005137616866835,0.0,Italy,ITA,lombardy,,,Windows-11-10.0.26200-SP0,3.13.13,3.2.6,32,13th Gen Intel(R) Core(TM) i9-13900HX,1,1 x NVIDIA GeForce RTX 4070 Laptop GPU,9.1922,45.4722,31.70067596435547,machine,11.25,37.6,45.6,14.456923675537109,N,1.0,0.0
2026-05-09T01:29:33,Q134_qwen2.5:14b_HumanEval,c872c533-badf-4847-aa3e-7f5087b022a2,5b0fa12a-3dd7-45bb-9766-cc326314d9f1,37.25694570000633,0.0002923655552167,7.847276520488717e-06,13.431108759131428,53.71850067175885,20.0,0.0001328824559415,0.0005525829420659,0.0001985673888888,0.0008840327868963,0.0,Italy,ITA,lombardy,,,Windows-11-10.0.26200-SP0,3.13.13,3.2.6,32,13th Gen Intel(R) Core(TM) i9-13900HX,1,1 x NVIDIA GeForce RTX 4070 Laptop GPU,9.1922,45.4722,31.70067596435547,machine,0.0,39.34285714285714,45.6,14.460718754359654,N,1.0,0.0
2026-05-09T01:30:22,Q135_qwen2.5:14b_SQuAD,b4da70ed-8380-483b-a3d0-ecc6c23e7f6b,5b0fa12a-3dd7-45bb-9766-cc326314d9f1,3.520742299995618,1.8881979857961084e-05,5.363067855884989e-06,13.0491554816,30.045796518099564,20.0,1.0943444797001218e-05,2.9378634614052324e-05,1.6771818888891076e-05,5.709389829994462e-05,0.0,Italy,ITA,lombardy,,,Windows-11-10.0.26200-SP0,3.13.13,3.2.6,32,13th Gen Intel(R) Core(TM) i9-13900HX,1,1 x NVIDIA GeForce RTX 4070 Laptop GPU,9.1922,45.4722,31.70067596435547,machine,0.0,42.0,45.6,14.456954956054688,N,1.0,0.0
2026-05-09T01:30:50,Q136_qwen2.5:14b_MMLU,24fdd5a5-02ff-43a6-ad4b-972457d3c040,5b0fa12a-3dd7-45bb-9766-cc326314d9f1,12.491091699994286,9.334938113835242e-05,7.473276426142571e-06,13.519402363345456,49.17991597925892,20.0,4.502452454821805e-05,0.000170631803172,6.660644944446783e-05,0.0002822627771646,0.0,Italy,ITA,lombardy,,,Windows-11-10.0.26200-SP0,3.13.13,3.2.6,32,13th Gen Intel(R) Core(TM) i9-13900HX,1,1 x NVIDIA GeForce RTX 4070 Laptop GPU,9.1922,45.4722,31.70067596435547,machine,0.0,40.5,45.6,14.464514923095702,N,1.0,0.0
2026-05-09T01:31:24,Q137_qwen2.5:14b_SQuAD,dea8a16f-8a2f-4561-8cfd-361e92e9a1dd,5b0fa12a-3dd7-45bb-9766-cc326314d9f1,8.743106099995202,6.658171276869121e-05,7.615338531546328e-06,13.1870392256,51.620427881962016,20.0,3.0186801314167745e-05,0.0001253562113959,4.578171944441339e-05,0.0002013247321545,0.0,Italy,ITA,lombardy,,,Windows-11-10.0.26200-SP0,3.13.13,3.2.6,32,13th Gen Intel(R) Core(TM) i9-13900HX,1,1 x NVIDIA GeForce RTX 4070 Laptop GPU,9.1922,45.4722,31.70067596435547,machine,0.0,50.85714285714285,45.614285714285714,14.465618678501674,N,1.0,0.0
2026-05-09T01:32:00,Q138_qwen2.5:14b_HellaSwag,a9de77d1-4f39-4bcd-8ffd-8e112dbec05e,5b0fa12a-3dd7-45bb-9766-cc326314d9f1,10.25852190000296,7.693935553700167e-05,7.5000430166240095e-06,13.654587852800002,49.639255048260864,20.0,3.700422513759873e-05,0.0001414395575959,5.419960388891115e-05,0.0002326433866224,0.0,Italy,ITA,lombardy,,,Windows-11-10.0.26200-SP0,3.13.13,3.2.6,32,13th Gen Intel(R) Core(TM) i9-13900HX,1,1 x NVIDIA GeForce RTX 4070 Laptop GPU,9.1922,45.4722,31.70067596435547,machine,12.5,43.0,45.6,14.467491149902344,N,1.0,0.0
2026-05-09T01:32:31,Q139_qwen2.5:14b_HellaSwag,bd7d476c-0b7e-4596-b6c3-559324a1eba9,5b0fa12a-3dd7-45bb-9766-cc326314d9f1,6.733739999996033,4.6118002071412026e-05,6.8487945883623664e-06,13.4540629568,43.598375561263694,20.0,2.328860701192238e-05,8.154089856593494e-05,3.4618610555561546e-05,0.0001394481161334,0.0,Italy,ITA,lombardy,,,Windows-11-10.0.26200-SP0,3.13.13,3.2.6,32,13th Gen Intel(R) Core(TM) i9-13900HX,1,1 x NVIDIA GeForce RTX 4070 Laptop GPU,9.1922,45.4722,31.70067596435547,machine,0.0,43.0,45.6,14.45242385864258,N,1.0,0.0
2026-05-09T01:33:24,Q140_qwen2.5:14b_HumanEval,4b344ecb-0db0-422d-b375-1af60dbc38c8,5b0fa12a-3dd7-45bb-9766-cc326314d9f1,37.32277650000469,0.0002938907650121,7.874300697111314e-06,13.213641663177144,54.18050393020821,20.0,0.0001314418878782,0.000558229057694,0.000198973655,0.0008886446005724,0.0,Italy,ITA,lombardy,,,Windows-11-10.0.26200-SP0,3.13.13,3.2.6,32,13th Gen Intel(R) Core(TM) i9-13900HX,1,1 x NVIDIA GeForce RTX 4070 Laptop GPU,9.1922,45.4722,31.70067596435547,machine,5.714285714285714,38.285714285714285,45.6,14.45813947405134,N,1.0,0.0
2026-05-09T01:34:27,Q141_qwen2.5:14b_GSM8K,a6a3c990-1d6a-4402-aec5-065ba92d1584,5b0fa12a-3dd7-45bb-9766-cc326314d9f1,16.605442699990817,0.0001753118485301,1.055749320855207e-05,13.173648162560005,84.3645796216004,20.0,0.0001174974204402,0.0002342035206959,0.0001783937272222,0.0005300946683584,0.0,Italy,ITA,lombardy,,,Windows-11-10.0.26200-SP0,3.13.13,3.2.6,32,13th Gen Intel(R) Core(TM) i9-13900HX,1,1 x NVIDIA GeForce RTX 4070 Laptop GPU,9.1922,45.4722,31.70067596435547,machine,0.0,40.6,45.61333333333334,14.470035044352214,N,1.0,0.0
2026-05-09T01:35:27,Q142_qwen2.5:14b_HumanEval,c33fe011-c902-4e08-8822-ec1c25cbbb7c,5b0fa12a-3dd7-45bb-9766-cc326314d9f1,25.001681699999608,0.0001963605537039,7.853893832427736e-06,13.2085013312,54.04704649262799,20.0,8.814872125988398e-05,0.0003722725200399,0.0001333189049999,0.0005937401462997,0.0,Italy,ITA,lombardy,,,Windows-11-10.0.26200-SP0,3.13.13,3.2.6,32,13th Gen Intel(R) Core(TM) i9-13900HX,1,1 x NVIDIA GeForce RTX 4070 Laptop GPU,9.1922,45.4722,31.70067596435547,machine,0.4347826086956521,38.869565217391305,45.60434782608696,14.468517303466797,N,1.0,0.0
2026-05-09T01:36:29,Q143_qwen2.5:14b_MMLU,eec86d3d-0226-423e-92e5-025de7c0a18d,5b0fa12a-3dd7-45bb-9766-cc326314d9f1,16.27240489999531,0.0001263008594417,7.761659092059801e-06,13.1530439168,52.36537607261261,20.0,5.761630931794441e-05,0.0002366743560059,8.76082922222041e-05,0.000381898957546,0.0,Italy,ITA,lombardy,,,Windows-11-10.0.26200-SP0,3.13.13,3.2.6,32,13th Gen Intel(R) Core(TM) i9-13900HX,1,1 x NVIDIA GeForce RTX 4070 Laptop GPU,9.1922,45.4722,31.70067596435547,machine,0.0,39.71428571428572,45.7,14.475433349609377,N,1.0,0.0
2026-05-09T01:37:17,Q144_qwen2.5:14b_GSM8K,707dc095-1a43-4af2-a951-c6b876fb3dea,5b0fa12a-3dd7-45bb-9766-cc326314d9f1,12.573082799994154,8.944402575291055e-05,7.113929588768169e-06,13.2152400704,45.5501084191548,20.0,4.431351810598559e-05,0.000159077071706,6.706346999999368e-05,0.000270454059812,0.0,Italy,ITA,lombardy,,,Windows-11-10.0.26200-SP0,3.13.13,3.2.6,32,13th Gen Intel(R) Core(TM) i9-13900HX,1,1 x NVIDIA GeForce RTX 4070 Laptop GPU,9.1922,45.4722,31.70067596435547,machine,0.0,43.90909090909091,45.809090909090905,14.51529312133789,N,1.0,0.0
2026-05-09T01:38:05,Q145_qwen2.5:14b_GSM8K,022a0fab-eef2-4db7-a3b3-af0166c4d28d,5b0fa12a-3dd7-45bb-9766-cc326314d9f1,22.70704229999683,0.0001720511771019,7.57699637094241e-06,13.18344115568,51.883069174754354,20.0,7.976892986706507e-05,0.000319894978138,0.0001205713894444,0.0005202352974495,0.0,Italy,ITA,lombardy,,,Windows-11-10.0.26200-SP0,3.13.13,3.2.6,32,13th Gen Intel(R) Core(TM) i9-13900HX,1,1 x NVIDIA GeForce RTX 4070 Laptop GPU,9.1922,45.4722,31.70067596435547,machine,0.0,40.90476190476191,45.88571428571428,14.54371352422805,N,1.0,0.0
2026-05-09T01:39:08,Q146_qwen2.5:14b_GSM8K,d88d5705-486d-41a5-b972-282a4a770989,5b0fa12a-3dd7-45bb-9766-cc326314d9f1,17.746613800001796,0.0001354302862692,7.631331125786611e-06,13.35459522176,54.026272010360415,20.0,6.320782208468332e-05,0.000253286869296,9.300913444450192e-05,0.0004095038258252,0.0,Italy,ITA,lombardy,,,Windows-11-10.0.26200-SP0,3.13.13,3.2.6,32,13th Gen Intel(R) Core(TM) i9-13900HX,1,1 x NVIDIA GeForce RTX 4070 Laptop GPU,9.1922,45.4722,31.70067596435547,machine,8.93125,43.4375,45.9,14.543698072433472,N,1.0,0.0
2026-05-09T01:40:04,Q147_qwen2.5:14b_HumanEval,2c6943b7-9d2f-4dea-9e9a-decf236ed333,5b0fa12a-3dd7-45bb-9766-cc326314d9f1,20.826874300008058,0.0001592622021139,7.646956514923593e-06,13.12293704192,52.84442562891178,20.0,7.245380363954954e-05,0.000298994961418,0.0001101162,0.0004815649650576,0.0,Italy,ITA,lombardy,,,Windows-11-10.0.26200-SP0,3.13.13,3.2.6,32,13th Gen Intel(R) Core(TM) i9-13900HX,1,1 x NVIDIA GeForce RTX 4070 Laptop GPU,9.1922,45.4722,31.70067596435547,machine,0.0,43.42105263157895,45.9,14.53933294195878,N,1.0,0.0
2026-05-09T01:40:47,Q148_qwen2.5:14b_SQuAD,ff2bd531-ed09-4884-b32a-3d284c21701e,5b0fa12a-3dd7-45bb-9766-cc326314d9f1,7.227157299988903,5.159846314206742e-05,7.139524020342915e-06,13.489392857600002,46.55897238347894,20.0,2.5199352690462173e-05,9.345924143400186e-05,3.736092444442976e-05,0.0001560195185688,0.0,Italy,ITA,lombardy,,,Windows-11-10.0.26200-SP0,3.13.13,3.2.6,32,13th Gen Intel(R) Core(TM) i9-13900HX,1,1 x NVIDIA GeForce RTX 4070 Laptop GPU,9.1922,45.4722,31.70067596435547,machine,0.0,51.2,45.8,14.523169708251952,N,1.0,0.0
2026-05-09T01:41:20,Q149_qwen2.5:14b_SQuAD,b33bd953-b3d6-4a90-ae79-3d955939f306,5b0fa12a-3dd7-45bb-9766-cc326314d9f1,8.173599500005366,5.776119533336701e-05,7.066800292004653e-06,13.406539882057144,45.59209717379226,20.0,2.8562773987391863e-05,0.0001034817494519,4.260939722225885e-05,0.0001746539206616,0.0,Italy,ITA,lombardy,,,Windows-11-10.0.26200-SP0,3.13.13,3.2.6,32,13th Gen Intel(R) Core(TM) i9-13900HX,1,1 x NVIDIA GeForce RTX 4070 Laptop GPU,9.1922,45.4722,31.70067596435547,machine,0.0,42.0,45.79999999999999,14.521753311157228,N,1.0,0.0
2026-05-09T01:42:11,Q150_qwen2.5:14b_HumanEval,c2eada25-9c19-4d5b-bf77-2e66ab3c2439,5b0fa12a-3dd7-45bb-9766-cc326314d9f1,35.51398240000708,0.0002814799382006,7.92589056981198e-06,13.640447055840005,54.92266961528304,20.0,0.0001291278208332,0.0005330634820059,0.0001889263811111,0.0008511176839503,0.0,Italy,ITA,lombardy,,,Windows-11-10.0.26200-SP0,3.13.13,3.2.6,32,13th Gen Intel(R) Core(TM) i9-13900HX,1,1 x NVIDIA GeForce RTX 4070 Laptop GPU,9.1922,45.4722,31.70067596435547,machine,0.0,43.03030303030303,45.8,14.527666958895596,N,1.0,0.0
2026-05-09T01:43:04,Q151_qwen2.5:14b_SQuAD,66020bc8-eb20-47f6-af58-0d42dd6e5ce4,5b0fa12a-3dd7-45bb-9766-cc326314d9f1,7.3243729999958305,5.119814472953761e-05,6.990106146910699e-06,13.6883398784,44.72239068742031,20.0,2.5938547787871624e-05,9.097257277801418e-05,3.789794555551554e-05,0.0001548090661214,0.0,Italy,ITA,lombardy,,,Windows-11-10.0.26200-SP0,3.13.13,3.2.6,32,13th Gen Intel(R) Core(TM) i9-13900HX,1,1 x NVIDIA GeForce RTX 4070 Laptop GPU,9.1922,45.4722,31.70067596435547,machine,0.0,53.4,45.8,14.532454681396484,N,1.0,0.0
2026-05-09T01:43:51,Q152_qwen2.5:14b_GSM8K,39c79520-fb87-4911-8c31-682e8dadda6f,5b0fa12a-3dd7-45bb-9766-cc326314d9f1,21.678724800003693,0.0001636309169853,7.547995488429962e-06,13.538037985280004,51.44120667566655,20.0,7.78429875688507e-05,0.00030207524166,0.0001148565244444,0.0004947747536733,0.0,Italy,ITA,lombardy,,,Windows-11-10.0.26200-SP0,3.13.13,3.2.6,32,13th Gen Intel(R) Core(TM) i9-13900HX,1,1 x NVIDIA GeForce RTX 4070 Laptop GPU,9.1922,45.4722,31.70067596435547,machine,0.0,39.3,45.705,14.497333908081057,N,1.0,0.0
2026-05-09T01:44:57,Q153_qwen2.5:14b_HumanEval,bec87a26-c0e1-40ff-b305-1a1846068879,5b0fa12a-3dd7-45bb-9766-cc326314d9f1,30.983315399993444,0.000242153651847,7.815614588719347e-06,13.18007971448,53.13552187651395,20.0,0.0001097693173099,0.0004558961980499,0.0001665403272221,0.0007322058425821,0.0,Italy,ITA,lombardy,,,Windows-11-10.0.26200-SP0,3.13.13,3.2.6,32,13th Gen Intel(R) Core(TM) i9-13900HX,1,1 x NVIDIA GeForce RTX 4070 Laptop GPU,9.1922,45.4722,31.70067596435547,machine,6.896551724137931,40.206896551724135,45.706896551724135,14.50027373741413,N,1.0,0.0
2026-05-09T01:45:46,Q154_qwen2.5:14b_SQuAD,a092a7fd-5000-468f-a22a-3f7d2caa7bf1,5b0fa12a-3dd7-45bb-9766-cc326314d9f1,3.3737307999981567,1.909094471805096e-05,5.6587042208766005e-06,13.8393371072,32.79709646685036,20.0,1.104116691949542e-05,3.0729191250022936e-05,1.5955392222208e-05,5.772575039172636e-05,0.0,Italy,ITA,lombardy,,,Windows-11-10.0.26200-SP0,3.13.13,3.2.6,32,13th Gen Intel(R) Core(TM) i9-13900HX,1,1 x NVIDIA GeForce RTX 4070 Laptop GPU,9.1922,45.4722,31.70067596435547,machine,33.3,41.0,45.8,14.503990173339844,N,1.0,0.0
2026-05-09T01:46:05,Q155_qwen2.5:14b_HellaSwag,f9c7d8a4-2766-49d5-890a-997cd29873b0,5b0fa12a-3dd7-45bb-9766-cc326314d9f1,4.294917399995029,2.646914523899668e-05,6.162899719335072e-06,13.577776256000002,37.43951835020824,20.0,1.43056393534621e-05,4.46586468380028e-05,2.1071107222249138e-05,8.003539341371404e-05,0.0,Italy,ITA,lombardy,,,Windows-11-10.0.26200-SP0,3.13.13,3.2.6,32,13th Gen Intel(R) Core(TM) i9-13900HX,1,1 x NVIDIA GeForce RTX 4070 Laptop GPU,9.1922,45.4722,31.70067596435547,machine,0.0,64.0,45.8,14.50697898864746,N,1.0,0.0
2026-05-09T01:46:58,Q156_qwen2.5:14b_HumanEval,89aa5fe4-b080-403d-b37f-709c32b8b26b,5b0fa12a-3dd7-45bb-9766-cc326314d9f1,38.12941160000628,0.0003063965523126,8.035701036430166e-06,13.62501405456,55.385210503945935,20.0,0.0001387037779605,0.000584307967446,0.0002034469061111,0.0009264586515177,0.0,Italy,ITA,lombardy,,,Windows-11-10.0.26200-SP0,3.13.13,3.2.6,32,13th Gen Intel(R) Core(TM) i9-13900HX,1,1 x NVIDIA GeForce RTX 4070 Laptop GPU,9.1922,45.4722,31.70067596435547,machine,0.0,37.30555555555556,45.7,14.490532557169596,N,1.0,0.0
2026-05-09T01:47:54,Q157_qwen2.5:14b_HellaSwag,0ca5a555-bce4-437f-b13f-fd3872be55de,5b0fa12a-3dd7-45bb-9766-cc326314d9f1,9.88626959999965,7.135061384939578e-05,7.217142232232702e-06,13.327834304,46.93044792180652,20.0,3.47419525988769e-05,0.0001288689919839,5.213362888882532e-05,0.0002157445734716,0.0,Italy,ITA,lombardy,,,Windows-11-10.0.26200-SP0,3.13.13,3.2.6,32,13th Gen Intel(R) Core(TM) i9-13900HX,1,1 x NVIDIA GeForce RTX 4070 Laptop GPU,9.1922,45.4722,31.70067596435547,machine,0.0,44.5,45.712500000000006,14.500522136688232,N,1.0,0.0
2026-05-09T01:48:34,Q158_qwen2.5:14b_MMLU,085b7647-bb35-489e-8502-c9eb6580d655,5b0fa12a-3dd7-45bb-9766-cc326314d9f1,15.063171000001605,0.0001113114544162,7.389642885699914e-06,13.169571861028572,48.400799996481005,20.0,5.325266588288249e-05,0.0002024509952939,8.087147055549495e-05,0.0003365751317323,0.0,Italy,ITA,lombardy,,,Windows-11-10.0.26200-SP0,3.13.13,3.2.6,32,13th Gen Intel(R) Core(TM) i9-13900HX,1,1 x NVIDIA GeForce RTX 4070 Laptop GPU,9.1922,45.4722,31.70067596435547,machine,7.6923076923076925,41.92307692307692,45.8,14.522138448861927,N,1.0,0.0
2026-05-09T01:49:47,Q159_qwen2.5:14b_HumanEval,e78f1886-af86-4aed-b569-d7df2663fb74,5b0fa12a-3dd7-45bb-9766-cc326314d9f1,37.25915850000456,0.0002924700859268,7.849615979029266e-06,13.205589357211432,54.140540798529685,20.0,0.0001313510492955,0.000554401554632,0.0001985962549999,0.0008843488589276,0.0,Italy,ITA,lombardy,,,Windows-11-10.0.26200-SP0,3.13.13,3.2.6,32,13th Gen Intel(R) Core(TM) i9-13900HX,1,1 x NVIDIA GeForce RTX 4070 Laptop GPU,9.1922,45.4722,31.70067596435547,machine,0.0,39.68571428571428,45.76285714285714,14.507074955531529,N,1.0,0.0
2026-05-09T01:50:50,Q160_qwen2.5:14b_MMLU,4dc14a89-793e-417a-bf1a-53bc63bf90c4,5b0fa12a-3dd7-45bb-9766-cc326314d9f1,17.478580700000748,0.0001344755886507,7.693736176802253e-06,13.50952668608,55.8933585083084,20.0,6.279658564208176e-05,0.0002522965907258,9.15239072221286e-05,0.0004066170835901,0.0,Italy,ITA,lombardy,,,Windows-11-10.0.26200-SP0,3.13.13,3.2.6,32,13th Gen Intel(R) Core(TM) i9-13900HX,1,1 x NVIDIA GeForce RTX 4070 Laptop GPU,9.1922,45.4722,31.70067596435547,machine,6.666666666666667,40.6,45.8,14.50537338256836,N,1.0,0.0
2026-05-09T01:51:41,Q161_qwen2.5:14b_GSM8K,4d412116-56fc-4537-a185-a15cfcba005e,5b0fa12a-3dd7-45bb-9766-cc326314d9f1,16.44643169999472,0.0001296026566799,7.880290329481635e-06,13.487486266880005,53.31746530367334,20.0,5.97364033729093e-05,0.000243566583742,8.85796944444236e-05,0.0003918826815593,0.0,Italy,ITA,lombardy,,,Windows-11-10.0.26200-SP0,3.13.13,3.2.6,32,13th Gen Intel(R) Core(TM) i9-13900HX,1,1 x NVIDIA GeForce RTX 4070 Laptop GPU,9.1922,45.4722,31.70067596435547,machine,0.0,45.785714285714285,45.8,14.507986068725586,N,1.0,0.0
2026-05-09T01:52:24,Q162_qwen2.5:14b_SQuAD,87fea24d-f725-478f-811d-ca2dbfd40fed,5b0fa12a-3dd7-45bb-9766-cc326314d9f1,7.016819600001327,4.7152668912411205e-05,6.719948865779917e-06,13.1536614272,42.37409356821051,20.0,2.380330161634041e-05,8.258145495398939e-05,3.619190666666125e-05,0.0001425766632369,0.0,Italy,ITA,lombardy,,,Windows-11-10.0.26200-SP0,3.13.13,3.2.6,32,13th Gen Intel(R) Core(TM) i9-13900HX,1,1 x NVIDIA GeForce RTX 4070 Laptop GPU,9.1922,45.4722,31.70067596435547,machine,0.0,46.2,45.8,14.508110809326173,N,1.0,0.0
2026-05-09T01:52:42,Q163_qwen2.5:14b_SQuAD,204a4c56-cdda-4b7c-ac71-d7258390eece,5b0fa12a-3dd7-45bb-9766-cc326314d9f1,3.34030929999426,1.7513400542766594e-05,5.24304756532477e-06,13.494635379200002,28.694201295997907,20.0,1.0624344052048494e-05,2.658613238004648e-05,1.5745215555539797e-05,5.2955691987634766e-05,0.0,Italy,ITA,lombardy,,,Windows-11-10.0.26200-SP0,3.13.13,3.2.6,32,13th Gen Intel(R) Core(TM) i9-13900HX,1,1 x NVIDIA GeForce RTX 4070 Laptop GPU,9.1922,45.4722,31.70067596435547,machine,0.0,97.0,45.8,14.512435913085938,N,1.0,0.0
2026-05-09T01:53:02,Q164_qwen2.5:14b_SQuAD,57cf3d89-4caf-4cb5-96df-71a6ff3d4b59,5b0fa12a-3dd7-45bb-9766-cc326314d9f1,4.2538069000002,2.613041206286156e-05,6.142829864435155e-06,13.1497198592,37.63572077998466,20.0,1.3704846606401834e-05,4.446281334802293e-05,2.0843497777726343e-05,7.901115773215112e-05,0.0,Italy,ITA,lombardy,,,Windows-11-10.0.26200-SP0,3.13.13,3.2.6,32,13th Gen Intel(R) Core(TM) i9-13900HX,1,1 x NVIDIA GeForce RTX 4070 Laptop GPU,9.1922,45.4722,31.70067596435547,machine,0.0,45.0,45.8,14.518308639526367,N,1.0,0.0
2026-05-09T01:53:33,Q165_qwen2.5:14b_HellaSwag,41859d44-e565-4529-8823-d6927eec365f,5b0fa12a-3dd7-45bb-9766-cc326314d9f1,15.820802700007334,0.0001197427030182,7.568686955319038e-06,13.1736174464,50.27166868308798,20.0,5.605545992780395e-05,0.000220911565618,8.510187611116433e-05,0.000362068901657,0.0,Italy,ITA,lombardy,,,Windows-11-10.0.26200-SP0,3.13.13,3.2.6,32,13th Gen Intel(R) Core(TM) i9-13900HX,1,1 x NVIDIA GeForce RTX 4070 Laptop GPU,9.1922,45.4722,31.70067596435547,machine,0.0,40.285714285714285,45.721428571428575,14.50173214503697,N,1.0,0.0
2026-05-09T01:54:07,Q166_qwen2.5:14b_HellaSwag,a91c4618-0a4b-41fe-8042-3902e3a680a3,5b0fa12a-3dd7-45bb-9766-cc326314d9f1,8.913184799996088,6.943850314710128e-05,7.790537804975362e-06,13.604887697600002,53.09730320828643,20.0,3.178666746908036e-05,0.00013144871627,4.6727494444429696e-05,0.0002099628781835,0.0,Italy,ITA,lombardy,,,Windows-11-10.0.26200-SP0,3.13.13,3.2.6,32,13th Gen Intel(R) Core(TM) i9-13900HX,1,1 x NVIDIA GeForce RTX 4070 Laptop GPU,9.1922,45.4722,31.70067596435547,machine,0.0,40.285714285714285,45.785714285714285,14.50527354649135,N,1.0,0.0
2026-05-09T01:54:53,Q167_qwen2.5:14b_GSM8K,1b60cd08-ad3d-4a2d-891c-9a6522cac1f5,5b0fa12a-3dd7-45bb-9766-cc326314d9f1,20.803913299998385,0.0001600789229045,7.694654394882469e-06,13.49078698304,53.14244735860815,20.0,7.467624727054939e-05,0.0002993635728238,0.0001099946833332,0.0004840345034276,0.0,Italy,ITA,lombardy,,,Windows-11-10.0.26200-SP0,3.13.13,3.2.6,32,13th Gen Intel(R) Core(TM) i9-13900HX,1,1 x NVIDIA GeForce RTX 4070 Laptop GPU,9.1922,45.4722,31.70067596435547,machine,0.0,42.578947368421055,45.71052631578947,14.49955267655222,N,1.0,0.0
2026-05-09T01:55:36,Q168_qwen2.5:14b_SQuAD,64528541-8c31-4f7f-ad4d-e9eda91d4710,5b0fa12a-3dd7-45bb-9766-cc326314d9f1,8.447244099996169,6.108765862205389e-05,7.231667263182509e-06,13.38458307474286,47.36799882965845,20.0,2.9523003591556863e-05,0.0001110750888599,4.411413555555757e-05,0.0001847122280071,0.0,Italy,ITA,lombardy,,,Windows-11-10.0.26200-SP0,3.13.13,3.2.6,32,13th Gen Intel(R) Core(TM) i9-13900HX,1,1 x NVIDIA GeForce RTX 4070 Laptop GPU,9.1922,45.4722,31.70067596435547,machine,5.55,50.16666666666666,45.70000000000001,14.496187210083008,N,1.0,0.0
2026-05-09T01:56:12,Q169_qwen2.5:14b_HellaSwag,9399f4b5-adf8-4683-9eee-79f7b84fecb5,5b0fa12a-3dd7-45bb-9766-cc326314d9f1,10.21278399998846,7.180705298702536e-05,7.031094850053276e-06,13.1470576768,45.02248584482374,20.0,3.546305122786501e-05,0.000127714268838,5.3947399444425375e-05,0.0002171247195103,0.0,Italy,ITA,lombardy,,,Windows-11-10.0.26200-SP0,3.13.13,3.2.6,32,13th Gen Intel(R) Core(TM) i9-13900HX,1,1 x NVIDIA GeForce RTX 4070 Laptop GPU,9.1922,45.4722,31.70067596435547,machine,9.0875,40.375,45.7,14.499032497406006,N,1.0,0.0
2026-05-09T01:56:46,Q170_qwen2.5:14b_HellaSwag,8d18b726-ed44-48da-b151-c1ed2bd87677,5b0fa12a-3dd7-45bb-9766-cc326314d9f1,9.191293700001552,6.707015174019554e-05,7.297139437529259e-06,13.136293712,48.10964494288465,20.0,3.170789971915915e-05,0.0001228192649219,4.827447222228835e-05,0.0002028016368634,0.0,Italy,ITA,lombardy,,,Windows-11-10.0.26200-SP0,3.13.13,3.2.6,32,13th Gen Intel(R) Core(TM) i9-13900HX,1,1 x NVIDIA GeForce RTX 4070 Laptop GPU,9.1922,45.4722,31.70067596435547,machine,0.0,42.0,45.74285714285714,14.503203800746371,N,1.0,0.0
2026-05-09T01:57:34,Q171_qwen2.5:14b_GSM8K,943c4d39-58d6-42ca-8ab8-c074f7f08628,5b0fa12a-3dd7-45bb-9766-cc326314d9f1,22.403717000008328,0.0001721644958601,7.68463982383114e-06,13.155750663131428,52.57591844366373,20.0,7.830217173126156e-05,0.0003233955364939,0.0001188802338889,0.0005205779421141,0.0,Italy,ITA,lombardy,,,Windows-11-10.0.26200-SP0,3.13.13,3.2.6,32,13th Gen Intel(R) Core(TM) i9-13900HX,1,1 x NVIDIA GeForce RTX 4070 Laptop GPU,9.1922,45.4722,31.70067596435547,machine,5.0,40.9,45.8,14.512180137634278,N,1.0,0.0
2026-05-09T01:58:13,Q172_qwen2.5:14b_SQuAD,cea3fd08-be43-4edd-8bbd-7b394b99f273,5b0fa12a-3dd7-45bb-9766-cc326314d9f1,3.3224413999996614,2.136383352632888e-05,6.430161123784172e-06,13.056334284800002,41.96764429411503,20.0,1.022559262455713e-05,3.870975319009151e-05,1.5662993333292736e-05,6.459833914794139e-05,0.0,Italy,ITA,lombardy,,,Windows-11-10.0.26200-SP0,3.13.13,3.2.6,32,13th Gen Intel(R) Core(TM) i9-13900HX,1,1 x NVIDIA GeForce RTX 4070 Laptop GPU,9.1922,45.4722,31.70067596435547,machine,0.0,97.0,45.8,14.518260955810549,N,1.0,0.0
2026-05-09T01:58:58,Q173_qwen2.5:14b_HumanEval,156a620f-a400-4391-b636-9f169037452f,5b0fa12a-3dd7-45bb-9766-cc326314d9f1,30.433717799998703,0.0002382699866158,7.829144903745467e-06,13.596692399360002,52.92071785826271,20.0,0.0001111836591692,0.0004458236899921,0.000163455361111,0.0007204627102724,0.0,Italy,ITA,lombardy,,,Windows-11-10.0.26200-SP0,3.13.13,3.2.6,32,13th Gen Intel(R) Core(TM) i9-13900HX,1,1 x NVIDIA GeForce RTX 4070 Laptop GPU,9.1922,45.4722,31.70067596435547,machine,6.817857142857143,38.96428571428572,45.71785714285715,14.500232560294014,N,1.0,0.0
2026-05-09T01:59:52,Q174_qwen2.5:14b_MMLU,4a8ff04d-cd3b-4594-bfc3-52e05532cbd2,5b0fa12a-3dd7-45bb-9766-cc326314d9f1,8.353703499989933,5.734450526254303e-05,6.8645607618958624e-06,13.149664519314284,43.61102287328112,20.0,2.866388892809377e-05,0.000101134525352,4.359555055553857e-05,0.0001733939648357,0.0,Italy,ITA,lombardy,,,Windows-11-10.0.26200-SP0,3.13.13,3.2.6,32,13th Gen Intel(R) Core(TM) i9-13900HX,1,1 x NVIDIA GeForce RTX 4070 Laptop GPU,9.1922,45.4722,31.70067596435547,machine,0.0,40.0,45.70000000000001,14.501404444376629,N,1.0,0.0
2026-05-09T02:00:25,Q175_qwen2.5:14b_MMLU,3f2cc099-14f9-466b-a9f6-635cd73f08f3,5b0fa12a-3dd7-45bb-9766-cc326314d9f1,7.971320800003014,5.557881394362698e-05,6.972346909386205e-06,13.468836964571429,44.56018058767628,20.0,2.793537690491512e-05,9.863896780004656e-05,4.148065666668117e-05,0.0001680550013716,0.0,Italy,ITA,lombardy,,,Windows-11-10.0.26200-SP0,3.13.13,3.2.6,32,13th Gen Intel(R) Core(TM) i9-13900HX,1,1 x NVIDIA GeForce RTX 4070 Laptop GPU,9.1922,45.4722,31.70067596435547,machine,0.0,35.5,45.79999999999999,14.50962766011556,N,1.0,0.0
2026-05-09T02:00:48,Q176_qwen2.5:14b_MMLU,93a8465d-2691-4d0b-bae4-129f532cd372,5b0fa12a-3dd7-45bb-9766-cc326314d9f1,8.328386299996055,5.965055191350692e-05,7.162318096788471e-06,13.246483931428571,46.73173386134815,20.0,2.879673784292589e-05,0.0001080925864739,4.3477489444436895e-05,0.0001803668137612,0.0,Italy,ITA,lombardy,,,Windows-11-10.0.26200-SP0,3.13.13,3.2.6,32,13th Gen Intel(R) Core(TM) i9-13900HX,1,1 x NVIDIA GeForce RTX 4070 Laptop GPU,9.1922,45.4722,31.70067596435547,machine,0.0,48.0,45.79999999999999,14.507179896036783,N,1.0,0.0
2026-05-09T02:01:20,Q177_qwen2.5:14b_SQuAD,999f7294-791c-4387-acb6-fefd24d254f7,5b0fa12a-3dd7-45bb-9766-cc326314d9f1,6.147327500002575,4.204319021245177e-05,6.83926311269965e-06,13.429111162880002,43.75080644799381,20.0,2.1060784390246368e-05,7.470117087204908e-05,3.136505388885983e-05,0.0001271270091511,0.0,Italy,ITA,lombardy,,,Windows-11-10.0.26200-SP0,3.13.13,3.2.6,32,13th Gen Intel(R) Core(TM) i9-13900HX,1,1 x NVIDIA GeForce RTX 4070 Laptop GPU,9.1922,45.4722,31.70067596435547,machine,0.0,40.75,45.8,14.509918212890623,N,1.0,0.0
2026-05-09T02:02:12,Q178_qwen2.5:14b_MMLU,173ad3e1-9f18-444a-af76-dd140a26f192,5b0fa12a-3dd7-45bb-9766-cc326314d9f1,36.94164999999339,0.0002920708926429,7.906276320711885e-06,13.409136629257144,54.697198774808925,20.0,0.0001330295715059,0.0005532609981639,0.0001968512388888,0.0008831418085588,0.0,Italy,ITA,lombardy,,,Windows-11-10.0.26200-SP0,3.13.13,3.2.6,32,13th Gen Intel(R) Core(TM) i9-13900HX,1,1 x NVIDIA GeForce RTX 4070 Laptop GPU,9.1922,45.4722,31.70067596435547,machine,2.857142857142857,40.2,45.8,14.512742069789342,N,1.0,0.0
2026-05-09T02:03:05,Q179_qwen2.5:14b_HellaSwag,00ff2277-2d7f-45ec-815f-abefdd737883,5b0fa12a-3dd7-45bb-9766-cc326314d9f1,6.95853519999946,4.681370631854465e-05,6.727523102642102e-06,13.569128998400002,42.08954701460127,20.0,2.4336051559999683e-05,8.134673174398088e-05,3.586895055551496e-05,0.0001415517338594,0.0,Italy,ITA,lombardy,,,Windows-11-10.0.26200-SP0,3.13.13,3.2.6,32,13th Gen Intel(R) Core(TM) i9-13900HX,1,1 x NVIDIA GeForce RTX 4070 Laptop GPU,9.1922,45.4722,31.70067596435547,machine,0.0,35.4,45.8,14.51138153076172,N,1.0,0.0
2026-05-09T02:03:47,Q180_qwen2.5:14b_HumanEval,51d20b20-b5e0-4272-8b04-d59f20893f16,5b0fa12a-3dd7-45bb-9766-cc326314d9f1,26.96666910000204,0.0002147715654552,7.964334217873846e-06,13.211782668800002,55.12049567073458,20.0,9.535808078025028e-05,0.0004098167167418,0.0001442351694443,0.0006494099669665,0.0,Italy,ITA,lombardy,,,Windows-11-10.0.26200-SP0,3.13.13,3.2.6,32,13th Gen Intel(R) Core(TM) i9-13900HX,1,1 x NVIDIA GeForce RTX 4070 Laptop GPU,9.1922,45.4722,31.70067596435547,machine,12.532,42.48,45.8,14.51749542236328,N,1.0,0.0
2026-05-09T02:04:40,Q181_qwen2.5:14b_SQuAD,47f54604-5252-4b91-a394-c541bf8b6d98,5b0fa12a-3dd7-45bb-9766-cc326314d9f1,6.562188299998525,4.610229654063232e-05,7.025445542402781e-06,13.256157056,45.76530941647067,20.0,2.231725076578637e-05,8.34134000640141e-05,3.36699761110746e-05,0.0001394006269408,0.0,Italy,ITA,lombardy,,,Windows-11-10.0.26200-SP0,3.13.13,3.2.6,32,13th Gen Intel(R) Core(TM) i9-13900HX,1,1 x NVIDIA GeForce RTX 4070 Laptop GPU,9.1922,45.4722,31.70067596435547,machine,0.0,47.6,45.720000000000006,14.500794219970704,N,1.0,0.0
2026-05-09T02:05:14,Q182_qwen2.5:14b_GSM8K,27c2ef2a-473f-49d1-b702-540a48e03a06,5b0fa12a-3dd7-45bb-9766-cc326314d9f1,19.324031099997228,0.0001483154636696,7.675182414172965e-06,13.506293302400003,53.11947199107311,20.0,6.894706891505895e-05,0.0002777402221919,0.0001017777566667,0.0004484650477737,0.0,Italy,ITA,lombardy,,,Windows-11-10.0.26200-SP0,3.13.13,3.2.6,32,13th Gen Intel(R) Core(TM) i9-13900HX,1,1 x NVIDIA GeForce RTX 4070 Laptop GPU,9.1922,45.4722,31.70067596435547,machine,0.0,40.294117647058826,45.8,14.50613650153665,N,1.0,0.0
2026-05-09T02:05:56,Q183_qwen2.5:14b_SQuAD,33e65114-b2ae-4cd6-981b-0ac1fd56c8d3,5b0fa12a-3dd7-45bb-9766-cc326314d9f1,6.5229583000036655,4.5494922685714415e-05,6.974584320995713e-06,13.315770283520004,45.184104169504856,20.0,2.2268204918176805e-05,8.185034325802754e-05,3.3445547777793966e-05,0.0001375640959539,0.0,Italy,ITA,lombardy,,,Windows-11-10.0.26200-SP0,3.13.13,3.2.6,32,13th Gen Intel(R) Core(TM) i9-13900HX,1,1 x NVIDIA GeForce RTX 4070 Laptop GPU,9.1922,45.4722,31.70067596435547,machine,0.0,56.5,45.8,14.51035976409912,N,1.0,0.0
2026-05-09T02:06:48,Q184_qwen2.5:14b_HumanEval,d05d4996-fa9c-4942-a82e-eeca94fd48d9,5b0fa12a-3dd7-45bb-9766-cc326314d9f1,37.34251769998809,0.0002979299574433,7.978303976097513e-06,13.198109984662858,55.58125358365072,20.0,0.0001314900368774,0.0005703037895758,0.0001990641777777,0.0009008580042311,0.0,Italy,ITA,lombardy,,,Windows-11-10.0.26200-SP0,3.13.13,3.2.6,32,13th Gen Intel(R) Core(TM) i9-13900HX,1,1 x NVIDIA GeForce RTX 4070 Laptop GPU,9.1922,45.4722,31.70067596435547,machine,2.38,39.457142857142856,45.8,14.519777352469308,N,1.0,0.0
2026-05-09T02:08:09,Q185_qwen2.5:14b_HumanEval,e3ba0715-1634-4453-b85f-c4c6f712bd97,5b0fa12a-3dd7-45bb-9766-cc326314d9f1,35.14561479999975,0.0002812029746584,8.001082816694563e-06,13.52672226896,55.68353766450492,20.0,0.0001264283346696,0.00053699904071,0.0001868528472221,0.0008502802226018,0.0,Italy,ITA,lombardy,,,Windows-11-10.0.26200-SP0,3.13.13,3.2.6,32,13th Gen Intel(R) Core(TM) i9-13900HX,1,1 x NVIDIA GeForce RTX 4070 Laptop GPU,9.1922,45.4722,31.70067596435547,machine,2.6939393939393943,38.0,45.9,14.547415415445965,N,1.0,0.0
2026-05-09T02:09:02,Q186_qwen2.5:14b_MMLU,204f2db7-4708-4dc5-9321-64beaf36ef4c,5b0fa12a-3dd7-45bb-9766-cc326314d9f1,7.849610799996299,5.750097378483472e-05,7.325328000320963e-06,13.480310275657144,48.40303504536529,20.0,2.751500917051515e-05,0.000105530362202,4.082171111108942e-05,0.0001738670824836,0.0,Italy,ITA,lombardy,,,Windows-11-10.0.26200-SP0,3.13.13,3.2.6,32,13th Gen Intel(R) Core(TM) i9-13900HX,1,1 x NVIDIA GeForce RTX 4070 Laptop GPU,9.1922,45.4722,31.70067596435547,machine,0.0,47.833333333333336,45.9,14.556760787963867,N,1.0,0.0
2026-05-09T02:09:44,Q187_qwen2.5:14b_MMLU,d72656cb-8973-44c5-9f8c-9ce3dabfc005,5b0fa12a-3dd7-45bb-9766-cc326314d9f1,17.100223400004325,0.0001319275387032,7.71495995211383e-06,13.13861486528,46.63995020775243,20.0,5.929796270518337e-05,0.0002502427001941,8.937182055556656e-05,0.0003989124834548,0.0,Italy,ITA,lombardy,,,Windows-11-10.0.26200-SP0,3.13.13,3.2.6,32,13th Gen Intel(R) Core(TM) i9-13900HX,1,1 x NVIDIA GeForce RTX 4070 Laptop GPU,9.1922,45.4722,31.70067596435547,machine,0.0,39.6,45.9,14.557652282714844,N,1.0,0.0
2026-05-09T02:10:40,Q188_qwen2.5:14b_HumanEval,b2776bbd-bc5d-40c8-b381-1ebd93c2a35e,5b0fa12a-3dd7-45bb-9766-cc326314d9f1,20.20034029999806,0.0001560855450935,7.726877011748361e-06,13.427003348480005,54.9213117608905,20.0,7.203458701542774e-05,0.0002932971790819,0.0001066278644444,0.0004719596305418,0.0,Italy,ITA,lombardy,,,Windows-11-10.0.26200-SP0,3.13.13,3.2.6,32,13th Gen Intel(R) Core(TM) i9-13900HX,1,1 x NVIDIA GeForce RTX 4070 Laptop GPU,9.1922,45.4722,31.70067596435547,machine,0.0,41.5,45.9,14.558238771226671,N,1.0,0.0
2026-05-09T02:11:32,Q189_qwen2.5:14b_MMLU,91d2df66-a6aa-4422-929c-46bca216b2d3,5b0fa12a-3dd7-45bb-9766-cc326314d9f1,16.55077319999691,0.0001586950091176,9.588374343603796e-06,6.7559488384,119.71468884330162,20.0,6.0084086543214085e-05,0.0002416999155819,0.0001780659277777,0.0004798499299029,0.0,Italy,ITA,lombardy,,,Windows-11-10.0.26200-SP0,3.13.13,3.2.6,32,13th Gen Intel(R) Core(TM) i9-13900HX,1,1 x NVIDIA GeForce RTX 4070 Laptop GPU,9.1922,45.4722,31.70067596435547,machine,0.0,44.142857142857146,45.9,14.558483123779297,N,1.0,0.0
2026-05-09T02:12:36,Q190_qwen2.5:14b_GSM8K,c9dc5f2f-0fcb-4b8e-a89f-33cda5acd391,5b0fa12a-3dd7-45bb-9766-cc326314d9f1,29.14047880000726,0.0002315419532917,7.945715472998157e-06,13.389838555245715,54.40652213534021,20.0,0.0001044174869667,0.0004394147959759,0.0001562867105556,0.0007001189934983,0.0,Italy,ITA,lombardy,,,Windows-11-10.0.26200-SP0,3.13.13,3.2.6,32,13th Gen Intel(R) Core(TM) i9-13900HX,1,1 x NVIDIA GeForce RTX 4070 Laptop GPU,9.1922,45.4722,31.70067596435547,machine,0.0,39.629629629629626,45.8,14.52204852634006,N,1.0,0.0
2026-05-09T02:13:33,Q191_qwen2.5:14b_HellaSwag,a5ffafbd-2ed5-414e-90c7-90930473a4ab,5b0fa12a-3dd7-45bb-9766-cc326314d9f1,11.377418800009764,8.203519864887809e-05,7.210352373493335e-06,13.49092763264,46.48330403597805,20.0,4.075232016495329e-05,0.000146885950842,6.041353944448121e-05,0.0002480518104514,0.0,Italy,ITA,lombardy,,,Windows-11-10.0.26200-SP0,3.13.13,3.2.6,32,13th Gen Intel(R) Core(TM) i9-13900HX,1,1 x NVIDIA GeForce RTX 4070 Laptop GPU,9.1922,45.4722,31.70067596435547,machine,0.0,44.44444444444444,45.8,14.523323059082031,N,1.0,0.0
2026-05-09T02:14:02,Q192_qwen2.5:14b_SQuAD,84f75c4f-953a-4607-b4de-1b7adc6b6a67,5b0fa12a-3dd7-45bb-9766-cc326314d9f1,3.372823500001686,1.789618233559407e-05,5.305994320658974e-06,13.3671872,29.39783659311533,20.0,1.0653789296484562e-05,2.752002201611425e-05,1.593930722220749e-05,5.411311853480631e-05,0.0,Italy,ITA,lombardy,,,Windows-11-10.0.26200-SP0,3.13.13,3.2.6,32,13th Gen Intel(R) Core(TM) i9-13900HX,1,1 x NVIDIA GeForce RTX 4070 Laptop GPU,9.1922,45.4722,31.70067596435547,machine,0.0,28.0,45.8,14.528396606445312,N,1.0,0.0
2026-05-09T02:14:23,Q193_qwen2.5:14b_HellaSwag,b470e51b-4b2f-427e-8e3a-8529257829d8,5b0fa12a-3dd7-45bb-9766-cc326314d9f1,6.3907666000013705,3.9926375985197725e-05,6.247509646994332e-06,13.20305987072,37.41801523198352,20.0,2.159744540871893e-05,6.641394202000495e-05,3.271495944443612e-05,0.0001207263468731,0.0,Italy,ITA,lombardy,,,Windows-11-10.0.26200-SP0,3.13.13,3.2.6,32,13th Gen Intel(R) Core(TM) i9-13900HX,1,1 x NVIDIA GeForce RTX 4070 Laptop GPU,9.1922,45.4722,31.70067596435547,machine,0.0,23.75,45.8,14.53163719177246,N,1.0,0.0
2026-05-09T02:15:06,Q194_qwen2.5:14b_HumanEval,4dded9d8-d943-419a-b003-4984b7845dae,5b0fa12a-3dd7-45bb-9766-cc326314d9f1,28.02716070000315,0.0002238223668322,7.985909426501921e-06,13.146855860480002,55.21122856032578,20.0,9.87217195611346e-05,0.000427931731234,0.0001501236427777,0.0006767770935728,0.0,Italy,ITA,lombardy,,,Windows-11-10.0.26200-SP0,3.13.13,3.2.6,32,13th Gen Intel(R) Core(TM) i9-13900HX,1,1 x NVIDIA GeForce RTX 4070 Laptop GPU,9.1922,45.4722,31.70067596435547,machine,0.0,42.26923076923077,45.80769230769231,14.533495389498198,N,1.0,0.0
2026-05-09T02:16:05,Q195_qwen2.5:14b_GSM8K,b62ff2ee-4a6d-49df-9e38-25c39c71eaba,5b0fa12a-3dd7-45bb-9766-cc326314d9f1,13.6025956000085,0.0001019672435822,7.496160775536943e-06,13.634258381784615,49.208427146909465,20.0,4.961608768455039e-05,0.0001859240376279,7.278069055561598e-05,0.0003083208158681,0.0,Italy,ITA,lombardy,,,Windows-11-10.0.26200-SP0,3.13.13,3.2.6,32,13th Gen Intel(R) Core(TM) i9-13900HX,1,1 x NVIDIA GeForce RTX 4070 Laptop GPU,9.1922,45.4722,31.70067596435547,machine,0.0,40.5,45.9,14.537016868591309,N,1.0,0.0
2026-05-09T02:16:34,Q196_qwen2.5:14b_SQuAD,5466d91c-067a-4866-af26-d8c7c8e90cca,5b0fa12a-3dd7-45bb-9766-cc326314d9f1,3.1759712000057334,1.9430335917445385e-05,6.117919431199599e-06,13.019685939200002,38.81439932243861,20.0,9.66934281453266e-06,3.423002738400793e-05,1.4852605555562252e-05,5.875197575410284e-05,0.0,Italy,ITA,lombardy,,,Windows-11-10.0.26200-SP0,3.13.13,3.2.6,32,13th Gen Intel(R) Core(TM) i9-13900HX,1,1 x NVIDIA GeForce RTX 4070 Laptop GPU,9.1922,45.4722,31.70067596435547,machine,0.0,52.0,46.0,14.572502136230469,N,1.0,0.0
2026-05-09T02:16:56,Q197_qwen2.5:14b_MMLU,f94e9c05-9916-47c9-86e8-114f9da6678a,5b0fa12a-3dd7-45bb-9766-cc326314d9f1,7.146068900008686,5.004933025864128e-05,7.0037570248700576e-06,13.1784355136,45.40091221106512,20.0,2.432103043442428e-05,9.010479430604512e-05,3.69095433333617e-05,0.0001513353680738,0.0,Italy,ITA,lombardy,,,Windows-11-10.0.26200-SP0,3.13.13,3.2.6,32,13th Gen Intel(R) Core(TM) i9-13900HX,1,1 x NVIDIA GeForce RTX 4070 Laptop GPU,9.1922,45.4722,31.70067596435547,machine,0.0,52.0,45.9,14.556234741210938,N,1.0,0.0
2026-05-09T02:17:23,Q198_qwen2.5:14b_MMLU,3510f91d-8f38-40d2-bbf9-3dfe8dee41bc,5b0fa12a-3dd7-45bb-9766-cc326314d9f1,12.2893938000052,8.87895008907301e-05,7.22488857755478e-06,13.246663179636366,46.76354640506947,20.0,4.337204060135357e-05,0.0001596201276959,6.548278888892835e-05,0.0002684749571862,0.0,Italy,ITA,lombardy,,,Windows-11-10.0.26200-SP0,3.13.13,3.2.6,32,13th Gen Intel(R) Core(TM) i9-13900HX,1,1 x NVIDIA GeForce RTX 4070 Laptop GPU,9.1922,45.4722,31.70067596435547,machine,8.89,39.9,45.9,14.553289031982422,N,1.0,0.0
2026-05-09T02:18:11,Q199_qwen2.5:14b_GSM8K,9db3089d-d031-4284-91f3-44a13f89efbe,5b0fa12a-3dd7-45bb-9766-cc326314d9f1,22.78408139999373,0.000175306228871,7.694241685387545e-06,13.15973461232,52.78514546300602,20.0,7.97412703651709e-05,0.00032934054125,0.0001209958644444,0.0005300776760596,0.0,Italy,ITA,lombardy,,,Windows-11-10.0.26200-SP0,3.13.13,3.2.6,32,13th Gen Intel(R) Core(TM) i9-13900HX,1,1 x NVIDIA GeForce RTX 4070 Laptop GPU,9.1922,45.4722,31.70067596435547,machine,0.0,39.095238095238095,45.9,14.542398180280411,N,1.0,0.0
2026-05-09T02:19:17,Q200_qwen2.5:14b_HumanEval,ccf832ea-edbe-4e92-83bf-414aa169e5f8,5b0fa12a-3dd7-45bb-9766-cc326314d9f1,30.32709089999844,0.0002437371235472,8.036943746134906e-06,13.310579628800005,55.38899674092249,20.0,0.0001085248250467,0.000465591205806,0.0001628777933334,0.0007369938241861,0.0,Italy,ITA,lombardy,,,Windows-11-10.0.26200-SP0,3.13.13,3.2.6,32,13th Gen Intel(R) Core(TM) i9-13900HX,1,1 x NVIDIA GeForce RTX 4070 Laptop GPU,9.1922,45.4722,31.70067596435547,machine,0.0,41.285714285714285,45.896428571428565,14.53750651223319,N,1.0,0.0
2026-05-09T02:20:08,Q201_qwen2.5:14b_SQuAD,6157d821-1397-4436-9fc1-2e779a27125e,5b0fa12a-3dd7-45bb-9766-cc326314d9f1,5.274012100009713,3.555874579324583e-05,6.742257150524995e-06,13.03073624,43.51398251140532,20.0,1.727301259531499e-05,6.373643987800381e-05,2.651038555559353e-05,0.0001075198380289,0.0,Italy,ITA,lombardy,,,Windows-11-10.0.26200-SP0,3.13.13,3.2.6,32,13th Gen Intel(R) Core(TM) i9-13900HX,1,1 x NVIDIA GeForce RTX 4070 Laptop GPU,9.1922,45.4722,31.70067596435547,machine,0.0,40.333333333333336,45.9,14.536262512207031,N,1.0,0.0
2026-05-09T02:20:30,Q202_qwen2.5:14b_SQuAD,f9cc9928-8bbf-4957-8355-dc368a9c8a32,5b0fa12a-3dd7-45bb-9766-cc326314d9f1,7.268087000004016,4.889252568957373e-05,6.727014369743609e-06,13.4205062912,42.11798848800351,20.0,2.522361715364228e-05,8.502506801988385e-05,3.758882500001669e-05,0.0001478375101735,0.0,Italy,ITA,lombardy,,,Windows-11-10.0.26200-SP0,3.13.13,3.2.6,32,13th Gen Intel(R) Core(TM) i9-13900HX,1,1 x NVIDIA GeForce RTX 4070 Laptop GPU,9.1922,45.4722,31.70067596435547,machine,0.0,43.2,45.9,14.540876770019532,N,1.0,0.0
2026-05-09T02:21:02,Q203_qwen2.5:14b_HellaSwag,df39bc8a-6f70-44ca-895f-add30c9a9739,5b0fa12a-3dd7-45bb-9766-cc326314d9f1,17.247336999993422,0.0001300849052785,7.542318288243692e-06,13.43529013184,47.41001869194524,20.0,6.173445796799584e-05,0.0002413729708758,9.023343944435408e-05,0.0003933408682882,0.0,Italy,ITA,lombardy,,,Windows-11-10.0.26200-SP0,3.13.13,3.2.6,32,13th Gen Intel(R) Core(TM) i9-13900HX,1,1 x NVIDIA GeForce RTX 4070 Laptop GPU,9.1922,45.4722,31.70067596435547,machine,0.0,37.13333333333333,45.9,14.542453002929689,N,1.0,0.0
2026-05-09T02:22:14,Q204_qwen2.5:14b_HumanEval,09676fed-d688-407b-85d6-427421e7d34b,5b0fa12a-3dd7-45bb-9766-cc326314d9f1,36.34663100000762,0.0002889232277028,7.94910614144189e-06,13.32943702368,55.05229801947254,20.0,0.0001295964838273,0.000550475162602,0.0001935524916666,0.0008736241380961,0.0,Italy,ITA,lombardy,,,Windows-11-10.0.26200-SP0,3.13.13,3.2.6,32,13th Gen Intel(R) Core(TM) i9-13900HX,1,1 x NVIDIA GeForce RTX 4070 Laptop GPU,9.1922,45.4722,31.70067596435547,machine,3.9705882352941178,41.47058823529412,45.9,14.548845739925609,N,1.0,0.0
2026-05-09T02:23:05,Q205_qwen2.5:14b_SQuAD,68618156-d910-45d9-bc47-58b75ed5349b,5b0fa12a-3dd7-45bb-9766-cc326314d9f1,6.108270500000799,4.062126191189854e-05,6.650206783064572e-06,13.14552767744,41.97394538664087,20.0,2.047201992301877e-05,7.120950141203952e-05,3.114596888893478e-05,0.0001228274902239,0.0,Italy,ITA,lombardy,,,Windows-11-10.0.26200-SP0,3.13.13,3.2.6,32,13th Gen Intel(R) Core(TM) i9-13900HX,1,1 x NVIDIA GeForce RTX 4070 Laptop GPU,9.1922,45.4722,31.70067596435547,machine,0.0,40.75,45.9,14.540440559387209,N,1.0,0.0
2026-05-09T02:23:51,Q206_qwen2.5:14b_HumanEval,289d80a7-c662-4fc4-93b1-0c4f9a69a562,5b0fa12a-3dd7-45bb-9766-cc326314d9f1,30.35016669999459,0.0002395009182791,7.891255446686815e-06,13.21113584384,54.040317992933,20.0,0.0001076977913887,0.0004534745294459,0.0001630123872221,0.0007241847080569,0.0,Italy,ITA,lombardy,,,Windows-11-10.0.26200-SP0,3.13.13,3.2.6,32,13th Gen Intel(R) Core(TM) i9-13900HX,1,1 x NVIDIA GeForce RTX 4070 Laptop GPU,9.1922,45.4722,31.70067596435547,machine,5.953571428571428,37.892857142857146,45.9,14.547589983258929,N,1.0,0.0
2026-05-09T02:24:50,Q207_qwen2.5:14b_GSM8K,26429ffd-e7c9-43ab-b597-7554de812b23,5b0fa12a-3dd7-45bb-9766-cc326314d9f1,13.385449499997776,0.0001008444723944,7.533887628839232e-06,13.6867882688,49.58893663544462,20.0,4.8981796917834766e-05,0.0001843695919399,7.157447666662241e-05,0.0003049258655243,0.0,Italy,ITA,lombardy,,,Windows-11-10.0.26200-SP0,3.13.13,3.2.6,32,13th Gen Intel(R) Core(TM) i9-13900HX,1,1 x NVIDIA GeForce RTX 4070 Laptop GPU,9.1922,45.4722,31.70067596435547,machine,0.0,42.45454545454545,45.9,14.548677617853338,N,1.0,0.0
2026-05-09T02:25:30,Q208_qwen2.5:14b_MMLU,2ec2d400-8ad0-43f6-a177-b947d95c256f,5b0fa12a-3dd7-45bb-9766-cc326314d9f1,5.3801701000047615,3.752983454331326e-05,6.975585129414411e-06,13.158660224000002,45.87359513225905,20.0,1.7831240159044733e-05,6.854755483809427e-05,2.710107166664481e-05,0.0001134798666637,0.0,Italy,ITA,lombardy,,,Windows-11-10.0.26200-SP0,3.13.13,3.2.6,32,13th Gen Intel(R) Core(TM) i9-13900HX,1,1 x NVIDIA GeForce RTX 4070 Laptop GPU,9.1922,45.4722,31.70067596435547,machine,0.0,30.33333333333333,45.9,14.544273376464844,N,1.0,0.0
2026-05-09T02:26:02,Q209_qwen2.5:14b_SQuAD,6bd7c8ed-d216-4a4b-8aba-306e23064372,5b0fa12a-3dd7-45bb-9766-cc326314d9f1,16.7779559000046,0.0001751754287904,1.0440808751348016e-05,13.00883739008,50.032099892999554,20.0,0.000116648915199,0.000233679909166,0.0001793533483334,0.0005296821726984,0.0,Italy,ITA,lombardy,,,Windows-11-10.0.26200-SP0,3.13.13,3.2.6,32,13th Gen Intel(R) Core(TM) i9-13900HX,1,1 x NVIDIA GeForce RTX 4070 Laptop GPU,9.1922,45.4722,31.70067596435547,machine,0.0,43.06666666666667,45.9,14.549527994791667,N,1.0,0.0
2026-05-09T02:26:57,Q210_qwen2.5:14b_GSM8K,22fa5ffa-cd75-434d-8bec-a3b59b030dac,5b0fa12a-3dd7-45bb-9766-cc326314d9f1,19.4780322000006,0.0001508900938954,7.746680585909176e-06,13.58116717568,52.606152744051855,20.0,7.008548583892737e-05,0.000283540782388,0.0001026237511111,0.0004562500193381,0.0,Italy,ITA,lombardy,,,Windows-11-10.0.26200-SP0,3.13.13,3.2.6,32,13th Gen Intel(R) Core(TM) i9-13900HX,1,1 x NVIDIA GeForce RTX 4070 Laptop GPU,9.1922,45.4722,31.70067596435547,machine,0.0,42.0,45.9,14.555419473087088,N,1.0,0.0
2026-05-09T02:27:45,Q211_qwen2.5:14b_HellaSwag,9a6e33ae-50e7-4aa2-a66b-ca72185fa16e,5b0fa12a-3dd7-45bb-9766-cc326314d9f1,12.607544300000882,9.26564508535544e-05,7.349286161425419e-06,13.360559792000002,47.99364564768649,20.0,4.49136371627875e-05,0.0001680215233059,6.723238666672842e-05,0.0002801675471354,0.0,Italy,ITA,lombardy,,,Windows-11-10.0.26200-SP0,3.13.13,3.2.6,32,13th Gen Intel(R) Core(TM) i9-13900HX,1,1 x NVIDIA GeForce RTX 4070 Laptop GPU,9.1922,45.4722,31.70067596435547,machine,8.081818181818182,46.72727272727273,45.90909090909091,14.558881933038885,N,1.0,0.0
2026-05-09T02:28:27,Q212_qwen2.5:14b_HellaSwag,db37d29e-a305-401d-95e6-3ce9faba1908,5b0fa12a-3dd7-45bb-9766-cc326314d9f1,6.542663199987146,4.328114353299742e-05,6.615218025143408e-06,13.0945716416,41.45483720592532,20.0,2.1974419334311425e-05,7.533394915593128e-05,3.356186999994356e-05,0.0001308702384901,0.0,Italy,ITA,lombardy,,,Windows-11-10.0.26200-SP0,3.13.13,3.2.6,32,13th Gen Intel(R) Core(TM) i9-13900HX,1,1 x NVIDIA GeForce RTX 4070 Laptop GPU,9.1922,45.4722,31.70067596435547,machine,0.0,61.8,45.92,14.55652084350586,N,1.0,0.0
2026-05-09T02:29:11,Q213_qwen2.5:14b_HumanEval,94c249ea-32f5-418a-b49c-67952bd7c048,5b0fa12a-3dd7-45bb-9766-cc326314d9f1,29.0929896000016,0.0002294839044992,7.887945091046908e-06,13.411806848274288,53.8376365016378,20.0,0.000104857308055,0.000433008401962,0.0001560303116666,0.0006938960216837,0.0,Italy,ITA,lombardy,,,Windows-11-10.0.26200-SP0,3.13.13,3.2.6,32,13th Gen Intel(R) Core(TM) i9-13900HX,1,1 x NVIDIA GeForce RTX 4070 Laptop GPU,9.1922,45.4722,31.70067596435547,machine,0.4629629629629629,39.5925925925926,45.9,14.54690353958695,N,1.0,0.0
2026-05-09T02:30:02,Q214_qwen2.5:14b_SQuAD,bce262f8-a97f-4012-b004-b4323e3ee7cf,5b0fa12a-3dd7-45bb-9766-cc326314d9f1,5.18654759999481,3.28321795427628e-05,6.330257056311534e-06,13.1844996992,38.96498998496166,20.0,1.715021006205921e-05,5.611032266594762e-05,2.6014921111103223e-05,9.927545383911004e-05,0.0,Italy,ITA,lombardy,,,Windows-11-10.0.26200-SP0,3.13.13,3.2.6,32,13th Gen Intel(R) Core(TM) i9-13900HX,1,1 x NVIDIA GeForce RTX 4070 Laptop GPU,9.1922,45.4722,31.70067596435547,machine,0.0,50.66666666666666,45.9,14.54889678955078,N,1.0,0.0
2026-05-09T02:30:49,Q215_qwen2.5:14b_HumanEval,9cef4668-05c8-4bd3-86e4-b09cc7514c32,5b0fa12a-3dd7-45bb-9766-cc326314d9f1,31.463746400011587,0.0002484645452082,7.8968518894539e-06,13.4806382576,53.6678486693705,20.0,0.0001140617276681,0.000468002041068,0.0001692244744444,0.0007512882431806,0.0,Italy,ITA,lombardy,,,Windows-11-10.0.26200-SP0,3.13.13,3.2.6,32,13th Gen Intel(R) Core(TM) i9-13900HX,1,1 x NVIDIA GeForce RTX 4070 Laptop GPU,9.1922,45.4722,31.70067596435547,machine,0.0,38.93103448275862,45.9,14.54873801921976,N,1.0,0.0
2026-05-09T02:31:44,Q216_qwen2.5:14b_HellaSwag,c86384fd-c5df-45de-b62e-fdf0ac56e502,5b0fa12a-3dd7-45bb-9766-cc326314d9f1,9.24693130000378,6.810223591180339e-05,7.364847180358694e-06,13.1492527328,48.82450891650538,20.0,3.1941304923507543e-05,0.0001253992669859,4.858180277773904e-05,0.0002059223746872,0.0,Italy,ITA,lombardy,,,Windows-11-10.0.26200-SP0,3.13.13,3.2.6,32,13th Gen Intel(R) Core(TM) i9-13900HX,1,1 x NVIDIA GeForce RTX 4070 Laptop GPU,9.1922,45.4722,31.70067596435547,machine,0.0,40.142857142857146,45.9,14.550139835902623,N,1.0,0.0
2026-05-09T02:32:17,Q217_qwen2.5:14b_SQuAD,6d86323e-b929-41ff-a710-d263a1d43f98,5b0fa12a-3dd7-45bb-9766-cc326314d9f1,7.451382700004615,5.023370096874608e-05,6.7415274441232185e-06,13.115237465600002,42.50657361996301,20.0,2.531660664186052e-05,8.797062593202121e-05,3.8605621666728336e-05,0.0001518928542406,0.0,Italy,ITA,lombardy,,,Windows-11-10.0.26200-SP0,3.13.13,3.2.6,32,13th Gen Intel(R) Core(TM) i9-13900HX,1,1 x NVIDIA GeForce RTX 4070 Laptop GPU,9.1922,45.4722,31.70067596435547,machine,0.0,52.8,45.9,14.549150085449218,N,1.0,0.0
2026-05-09T02:33:02,Q218_qwen2.5:14b_HumanEval,bc150a7b-7514-4da5-b0f0-b596f384de8f,5b0fa12a-3dd7-45bb-9766-cc326314d9f1,29.60946649999824,0.0002369199217815,8.001492420729746e-06,13.640188897005714,54.787606996476,20.0,0.0001084282179723,0.0004490331370039,0.0001589191316666,0.0007163804866429,0.0,Italy,ITA,lombardy,,,Windows-11-10.0.26200-SP0,3.13.13,3.2.6,32,13th Gen Intel(R) Core(TM) i9-13900HX,1,1 x NVIDIA GeForce RTX 4070 Laptop GPU,9.1922,45.4722,31.70067596435547,machine,0.0,42.14814814814815,45.9,14.555512887460214,N,1.0,0.0
2026-05-09T02:34:09,Q219_qwen2.5:14b_HumanEval,020e4803-69b1-49a9-b6d0-880af999d944,5b0fa12a-3dd7-45bb-9766-cc326314d9f1,21.706712100000004,0.0001678332793606,7.73186093718062e-06,13.258611853348572,52.62465802927957,20.0,7.679501566916236e-05,0.000315702197006,0.0001149843255555,0.0005074815382308,0.0,Italy,ITA,lombardy,,,Windows-11-10.0.26200-SP0,3.13.13,3.2.6,32,13th Gen Intel(R) Core(TM) i9-13900HX,1,1 x NVIDIA GeForce RTX 4070 Laptop GPU,9.1922,45.4722,31.70067596435547,machine,1.25,39.15,45.9,14.560861587524414,N,1.0,0.0
2026-05-09T02:35:01,Q220_qwen2.5:14b_MMLU,ab0dd2be-e93c-463c-8da5-21d8925a56fd,5b0fa12a-3dd7-45bb-9766-cc326314d9f1,16.650331199998618,0.0001764112235873,1.059505792817626e-05,13.2217997888,64.92720723198471,20.0,0.0001181033314972,0.0002366446337599,0.0001786709099999,0.0005334188752571,0.0,Italy,ITA,lombardy,,,Windows-11-10.0.26200-SP0,3.13.13,3.2.6,32,13th Gen Intel(R) Core(TM) i9-13900HX,1,1 x NVIDIA GeForce RTX 4070 Laptop GPU,9.1922,45.4722,31.70067596435547,machine,0.0,39.4,45.9,14.55894775390625,N,1.0,0.0
2026-05-09T02:35:40,Q221_qwen2.5:14b_SQuAD,110c95f6-862e-4c72-9f99-a3808b648642,5b0fa12a-3dd7-45bb-9766-cc326314d9f1,3.522579700002097,2.0460845005368832e-05,5.808483199218076e-06,13.0666400768,34.882127363514215,20.0,1.09635803267809e-05,3.412419396586763e-05,1.6780176666684888e-05,6.186795095933342e-05,0.0,Italy,ITA,lombardy,,,Windows-11-10.0.26200-SP0,3.13.13,3.2.6,32,13th Gen Intel(R) Core(TM) i9-13900HX,1,1 x NVIDIA GeForce RTX 4070 Laptop GPU,9.1922,45.4722,31.70067596435547,machine,0.0,27.0,45.9,14.553092956542969,N,1.0,0.0
2026-05-09T02:36:18,Q222_qwen2.5:14b_HumanEval,a9b77120-5be5-4b5f-a9da-4988fd4beeaa,5b0fa12a-3dd7-45bb-9766-cc326314d9f1,22.680771799990907,0.0001767540341806,7.793122550650883e-06,13.528821958880002,53.644988026097735,20.0,8.18644641873692e-05,0.000332170543514,0.0001204204322222,0.0005344554399236,0.0,Italy,ITA,lombardy,,,Windows-11-10.0.26200-SP0,3.13.13,3.2.6,32,13th Gen Intel(R) Core(TM) i9-13900HX,1,1 x NVIDIA GeForce RTX 4070 Laptop GPU,9.1922,45.4722,31.70067596435547,machine,3.809523809523809,41.095238095238095,45.9,14.55634544009254,N,1.0,0.0
2026-05-09T02:37:01,Q223_qwen2.5:14b_MMLU,4e5dc66a-01f0-4e15-a381-b7b4a318a07c,5b0fa12a-3dd7-45bb-9766-cc326314d9f1,7.08442389999982,5.044976449574705e-05,7.121223293223368e-06,13.1956572224,46.69077930520133,20.0,2.4124401700692967e-05,9.185840682002232e-05,3.656336222217457e-05,0.0001525461707428,0.0,Italy,ITA,lombardy,,,Windows-11-10.0.26200-SP0,3.13.13,3.2.6,32,13th Gen Intel(R) Core(TM) i9-13900HX,1,1 x NVIDIA GeForce RTX 4070 Laptop GPU,9.1922,45.4722,31.70067596435547,machine,0.0,55.2,45.9,14.556317901611328,N,1.0,0.0
2026-05-09T02:37:37,Q224_qwen2.5:14b_HellaSwag,08f2d5da-5fed-400d-bba6-55eb713fc3ad,5b0fa12a-3dd7-45bb-9766-cc326314d9f1,10.887847899997723,8.22342395841245e-05,7.552846103236039e-06,13.15184158208,50.59513466992752,20.0,3.794391125810443e-05,0.000153009289074,5.770045499998054e-05,0.0002486536553321,0.0,Italy,ITA,lombardy,,,Windows-11-10.0.26200-SP0,3.13.13,3.2.6,32,13th Gen Intel(R) Core(TM) i9-13900HX,1,1 x NVIDIA GeForce RTX 4070 Laptop GPU,9.1922,45.4722,31.70067596435547,machine,0.0,40.55555555555556,46.3,14.672083112928602,N,1.0,0.0
2026-05-09T02:38:22,Q225_qwen2.5:14b_GSM8K,275ec8a4-1699-4515-b8d0-97b0ee816bdd,5b0fa12a-3dd7-45bb-9766-cc326314d9f1,19.930361699996865,0.0001523218715202,7.642704824581192e-06,13.58740324736,51.38773326598767,20.0,7.184168245539427e-05,0.0002836174491159,0.0001051201883332,0.0004605793199046,0.0,Italy,ITA,lombardy,,,Windows-11-10.0.26200-SP0,3.13.13,3.2.6,32,13th Gen Intel(R) Core(TM) i9-13900HX,1,1 x NVIDIA GeForce RTX 4070 Laptop GPU,9.1922,45.4722,31.70067596435547,machine,6.783333333333333,40.888888888888886,46.28888888888888,14.667092217339407,N,1.0,0.0
2026-05-09T02:39:31,Q226_qwen2.5:14b_HumanEval,cf3059c5-b5e8-4a4c-a826-460bcd5d09a6,5b0fa12a-3dd7-45bb-9766-cc326314d9f1,33.4996303999942,0.0002679281555729,7.997943630238445e-06,13.28661651392,55.46701856036447,20.0,0.0001182623981487,0.0005141420779799,0.0001777363555555,0.0008101408316843,0.0,Italy,ITA,lombardy,,,Windows-11-10.0.26200-SP0,3.13.13,3.2.6,32,13th Gen Intel(R) Core(TM) i9-13900HX,1,1 x NVIDIA GeForce RTX 4070 Laptop GPU,9.1922,45.4722,31.70067596435547,machine,3.225806451612903,38.2258064516129,46.23548387096774,14.649359303136023,N,1.0,0.0
2026-05-09T02:40:21,Q227_qwen2.5:14b_MMLU,2e3ad6fe-aac2-4d87-9bad-82a35b1090b2,5b0fa12a-3dd7-45bb-9766-cc326314d9f1,4.886974699998973,2.9064719101857137e-05,5.947384810865349e-06,13.377382832,34.79625024795481,20.0,1.6294524420460965e-05,4.7228648894059866e-05,2.436051944443736e-05,8.788369275895819e-05,0.0,Italy,ITA,lombardy,,,Windows-11-10.0.26200-SP0,3.13.13,3.2.6,32,13th Gen Intel(R) Core(TM) i9-13900HX,1,1 x NVIDIA GeForce RTX 4070 Laptop GPU,9.1922,45.4722,31.70067596435547,machine,0.0,30.33333333333333,46.20000000000001,14.63625971476237,N,1.0,0.0
2026-05-09T02:40:43,Q228_qwen2.5:14b_HellaSwag,197f6de5-084e-4cd9-97c6-032153e9e25c,5b0fa12a-3dd7-45bb-9766-cc326314d9f1,7.22421359999862,4.664039976362595e-05,6.45612136435651e-06,13.6651252352,38.9559998519684,20.0,2.5517029558015503e-05,7.816534031002131e-05,3.7345332777800246e-05,0.0001410277026458,0.0,Italy,ITA,lombardy,,,Windows-11-10.0.26200-SP0,3.13.13,3.2.6,32,13th Gen Intel(R) Core(TM) i9-13900HX,1,1 x NVIDIA GeForce RTX 4070 Laptop GPU,9.1922,45.4722,31.70067596435547,machine,0.0,39.4,46.2,14.637146759033204,N,1.0,0.0
2026-05-09T02:41:17,Q229_qwen2.5:14b_GSM8K,8799330d-9424-452c-ab36-2fa3236663c4,5b0fa12a-3dd7-45bb-9766-cc326314d9f1,18.8887551999942,0.0001421511406104,7.525701884816237e-06,13.48731969152,50.86379479172936,20.0,6.812263823193884e-05,0.00026235159877,9.935159833330546e-05,0.0004298258353353,0.0,Italy,ITA,lombardy,,,Windows-11-10.0.26200-SP0,3.13.13,3.2.6,32,13th Gen Intel(R) Core(TM) i9-13900HX,1,1 x NVIDIA GeForce RTX 4070 Laptop GPU,9.1922,45.4722,31.70067596435547,machine,5.882352941176471,46.88235294117647,46.1,14.621979657341452,N,1.0,0.0
2026-05-09T02:42:30,Q230_qwen2.5:14b_HumanEval,5e5bc0ab-2ace-47da-9194-0d42ebf88343,5b0fa12a-3dd7-45bb-9766-cc326314d9f1,37.24810349999461,0.0002958964027275,7.943932037441478e-06,13.20717905762286,54.92371718360702,20.0,0.0001311412098293,0.0005650376742519,0.0001985302116665,0.0008947090957478,0.0,Italy,ITA,lombardy,,,Windows-11-10.0.26200-SP0,3.13.13,3.2.6,32,13th Gen Intel(R) Core(TM) i9-13900HX,1,1 x NVIDIA GeForce RTX 4070 Laptop GPU,9.1922,45.4722,31.70067596435547,machine,0.0,39.71428571428572,46.065714285714286,14.614825875418529,N,1.0,0.0
2026-05-09T02:43:49,Q231_qwen2.5:14b_HumanEval,804574b9-4586-4e57-a924-16856bba340e,5b0fa12a-3dd7-45bb-9766-cc326314d9f1,34.06054679999943,0.0002668317982435,7.83404329385567e-06,13.54817590592,53.3339857978389,20.0,0.0001232925184969,0.000502720402176,0.0001808128288888,0.0008068257495618,0.0,Italy,ITA,lombardy,,,Windows-11-10.0.26200-SP0,3.13.13,3.2.6,32,13th Gen Intel(R) Core(TM) i9-13900HX,1,1 x NVIDIA GeForce RTX 4070 Laptop GPU,9.1922,45.4722,31.70067596435547,machine,0.0,39.21875,46.0,14.59479546546936,N,1.0,0.0
2026-05-09T02:45:12,Q232_qwen2.5:14b_HumanEval,4b7355b7-8c3b-4d94-8a16-591915f3962f,5b0fa12a-3dd7-45bb-9766-cc326314d9f1,37.39906229999906,0.0002977270407301,7.960815657405997e-06,13.617017827657143,54.988122835954265,20.0,0.0001356111595294,0.00056525600776,0.0001993772727776,0.0009002444400671,0.0,Italy,ITA,lombardy,,,Windows-11-10.0.26200-SP0,3.13.13,3.2.6,32,13th Gen Intel(R) Core(TM) i9-13900HX,1,1 x NVIDIA GeForce RTX 4070 Laptop GPU,9.1922,45.4722,31.70067596435547,machine,2.857142857142857,39.82857142857143,46.1,14.600608498709542,N,1.0,0.0
2026-05-09T02:46:20,Q233_qwen2.5:14b_SQuAD,91fb6602-6347-497a-825b-9887fd2d2368,5b0fa12a-3dd7-45bb-9766-cc326314d9f1,22.5186071999924,0.0001763599132258,7.831741619700079e-06,13.67619243666286,53.44819599375382,20.0,8.186314747008139e-05,0.0003318999877419,0.0001195005916666,0.0005332637268786,0.0,Italy,ITA,lombardy,,,Windows-11-10.0.26200-SP0,3.13.13,3.2.6,32,13th Gen Intel(R) Core(TM) i9-13900HX,1,1 x NVIDIA GeForce RTX 4070 Laptop GPU,9.1922,45.4722,31.70067596435547,machine,4.0,39.85,46.010000000000005,14.595600128173828,N,1.0,0.0
2026-05-09T02:47:21,Q234_qwen2.5:14b_HumanEval,27b721b2-c7c1-4ade-b77c-43398ee0c115,5b0fa12a-3dd7-45bb-9766-cc326314d9f1,26.461017299996456,0.0002082470107822,7.869954825292896e-06,13.61483937501091,53.96819643730068,20.0,9.634016384312124e-05,0.0003919347579919,0.0001414065916666,0.0006296815135017,0.0,Italy,ITA,lombardy,,,Windows-11-10.0.26200-SP0,3.13.13,3.2.6,32,13th Gen Intel(R) Core(TM) i9-13900HX,1,1 x NVIDIA GeForce RTX 4070 Laptop GPU,9.1922,45.4722,31.70067596435547,machine,4.166666666666667,40.125,46.09583333333333,14.60404380162557,N,1.0,0.0
2026-05-09T02:48:29,Q235_qwen2.5:14b_GSM8K,2c75de56-e658-46e4-99c9-d8d228087f26,5b0fa12a-3dd7-45bb-9766-cc326314d9f1,22.093180500000017,0.0001764693238965,7.987502021113756e-06,13.669800606902855,55.291127435839975,20.0,8.00603298641485e-05,0.000336431658034,0.0001171025666666,0.0005335945545648,0.0,Italy,ITA,lombardy,,,Windows-11-10.0.26200-SP0,3.13.13,3.2.6,32,13th Gen Intel(R) Core(TM) i9-13900HX,1,1 x NVIDIA GeForce RTX 4070 Laptop GPU,9.1922,45.4722,31.70067596435547,machine,7.5,42.9,46.205,14.642448616027831,N,1.0,0.0
2026-05-09T02:49:12,Q236_qwen2.5:14b_HellaSwag,f0ee7ded-7b4e-49e8-b8d0-f5c49d2a0450,5b0fa12a-3dd7-45bb-9766-cc326314d9f1,7.665719799988437,5.18533287084113e-05,6.7643130797044674e-06,13.457459384685716,42.425325555410815,20.0,2.675777452086522e-05,9.026673888001824e-05,3.976564833331698e-05,0.0001567901617342,0.0,Italy,ITA,lombardy,,,Windows-11-10.0.26200-SP0,3.13.13,3.2.6,32,13th Gen Intel(R) Core(TM) i9-13900HX,1,1 x NVIDIA GeForce RTX 4070 Laptop GPU,9.1922,45.4722,31.70067596435547,machine,0.0,35.333333333333336,46.20000000000001,14.658393224080404,N,1.0,0.0
2026-05-09T02:49:56,Q237_qwen2.5:14b_MMLU,dcb95c99-d3b4-4038-b3ac-67a7f299198c,5b0fa12a-3dd7-45bb-9766-cc326314d9f1,18.73703760000353,0.0001444817460723,7.711023970637195e-06,13.214042253440002,51.90471478182059,20.0,6.523842372664772e-05,0.000273116051826,9.851846777779024e-05,0.0004368729433304,0.0,Italy,ITA,lombardy,,,Windows-11-10.0.26200-SP0,3.13.13,3.2.6,32,13th Gen Intel(R) Core(TM) i9-13900HX,1,1 x NVIDIA GeForce RTX 4070 Laptop GPU,9.1922,45.4722,31.70067596435547,machine,0.2705882352941176,39.0,46.170588235294126,14.629872714771944,N,1.0,0.0
2026-05-09T02:50:54,Q238_qwen2.5:14b_HumanEval,f8edf15e-5df1-4705-bab7-deaeb2d9cc13,5b0fa12a-3dd7-45bb-9766-cc326314d9f1,22.419423599989383,0.0001756594539157,7.835145856104296e-06,13.368093471268573,54.08210532394587,20.0,7.991120032168009e-05,0.000332290265832,0.000118944265,0.0005311457311537,0.0,Italy,ITA,lombardy,,,Windows-11-10.0.26200-SP0,3.13.13,3.2.6,32,13th Gen Intel(R) Core(TM) i9-13900HX,1,1 x NVIDIA GeForce RTX 4070 Laptop GPU,9.1922,45.4722,31.70067596435547,machine,0.0,40.0,46.17,14.63056869506836,N,1.0,0.0
2026-05-09T02:51:43,Q239_qwen2.5:14b_GSM8K,5b94b3ac-3d79-4739-9854-b461876b1d80,5b0fa12a-3dd7-45bb-9766-cc326314d9f1,13.837622699997157,0.0001048146155122,7.574611462145987e-06,13.20593080713846,50.45379321067506,20.0,4.8920269080328046e-05,0.0001939226551379,7.408755888892403e-05,0.0003169304831072,0.0,Italy,ITA,lombardy,,,Windows-11-10.0.26200-SP0,3.13.13,3.2.6,32,13th Gen Intel(R) Core(TM) i9-13900HX,1,1 x NVIDIA GeForce RTX 4070 Laptop GPU,9.1922,45.4722,31.70067596435547,machine,0.0,40.333333333333336,46.10833333333334,14.627856890360514,N,1.0,0.0
2026-05-09T02:52:22,Q240_qwen2.5:14b_SQuAD,5ea9ad9c-6b23-4f65-a7ab-974a317da560,5b0fa12a-3dd7-45bb-9766-cc326314d9f1,3.7938299999950686,2.28878829499105e-05,6.032922653345102e-06,13.0034792576,37.0432621620887,20.0,1.1890051289235193e-05,3.9030031224074335e-05,1.8286561666657995e-05,6.920664417996752e-05,0.0,Italy,ITA,lombardy,,,Windows-11-10.0.26200-SP0,3.13.13,3.2.6,32,13th Gen Intel(R) Core(TM) i9-13900HX,1,1 x NVIDIA GeForce RTX 4070 Laptop GPU,9.1922,45.4722,31.70067596435547,machine,0.0,63.0,46.2,14.63599967956543,N,1.0,0.0
2026-05-09T02:52:59,Q241_qwen2.5:14b_HumanEval,e16b4d7b-2e0c-4adb-972a-57179b08b9f6,5b0fa12a-3dd7-45bb-9766-cc326314d9f1,22.176835799997207,0.000169650328454,7.649888829228743e-06,13.53232449097143,51.94806011103552,20.0,7.9764797631968e-05,0.0003155905302499,0.0001176204655554,0.0005129757934374,0.0,Italy,ITA,lombardy,,,Windows-11-10.0.26200-SP0,3.13.13,3.2.6,32,13th Gen Intel(R) Core(TM) i9-13900HX,1,1 x NVIDIA GeForce RTX 4070 Laptop GPU,9.1922,45.4722,31.70067596435547,machine,2.5,41.05,46.185,14.630946922302249,N,1.0,0.0
2026-05-09T02:53:42,Q242_qwen2.5:14b_MMLU,b1b33ac3-f7a3-4844-9e89-9836857840c4,5b0fa12a-3dd7-45bb-9766-cc326314d9f1,7.387652000004891,5.304906477086571e-05,7.180774726642591e-06,13.352265708800005,47.08788202843206,20.0,2.5537416548133097e-05,9.661729951604414e-05,3.8251021666656015e-05,0.0001604057377308,0.0,Italy,ITA,lombardy,,,Windows-11-10.0.26200-SP0,3.13.13,3.2.6,32,13th Gen Intel(R) Core(TM) i9-13900HX,1,1 x NVIDIA GeForce RTX 4070 Laptop GPU,9.1922,45.4722,31.70067596435547,machine,0.0,41.4,46.1,14.615283966064451,N,1.0,0.0
2026-05-09T02:54:24,Q243_qwen2.5:14b_GSM8K,739dd68a-9f1f-41cf-8d65-fad33f11b29f,5b0fa12a-3dd7-45bb-9766-cc326314d9f1,17.306544799997937,0.0001327564979685,7.670884021206426e-06,13.463777016320002,50.67758434459232,20.0,6.13094751561556e-05,0.0002495782552179,9.053129722217111e-05,0.0004014190275963,0.0,Italy,ITA,lombardy,,,Windows-11-10.0.26200-SP0,3.13.13,3.2.6,32,13th Gen Intel(R) Core(TM) i9-13900HX,1,1 x NVIDIA GeForce RTX 4070 Laptop GPU,9.1922,45.4722,31.70067596435547,machine,0.0,45.93333333333333,46.1,14.61747767130534,N,1.0,0.0
2026-05-09T02:55:03,Q244_qwen2.5:14b_SQuAD,4a384010-3827-405f-aa3a-a6ae74c075f9,5b0fa12a-3dd7-45bb-9766-cc326314d9f1,3.8895592000044417,2.513571120262353e-05,6.46235470656799e-06,13.2514807808,41.3939033519508,20.0,1.2469591513086266e-05,4.471475799405766e-05,1.8819107222225284e-05,7.600345672936922e-05,0.0,Italy,ITA,lombardy,,,Windows-11-10.0.26200-SP0,3.13.13,3.2.6,32,13th Gen Intel(R) Core(TM) i9-13900HX,1,1 x NVIDIA GeForce RTX 4070 Laptop GPU,9.1922,45.4722,31.70067596435547,machine,45.0,34.0,46.1,14.622535705566406,N,1.0,0.0
2026-05-09T02:55:23,Q245_qwen2.5:14b_SQuAD,9ae4c9c7-df59-4c25-904a-80acc68cfc93,5b0fa12a-3dd7-45bb-9766-cc326314d9f1,4.115134000006947,2.788064438944418e-05,6.775148607407952e-06,13.141055283200002,44.74489457284743,20.0,1.3173567714088306e-05,5.108115197605123e-05,2.0048657777806512e-05,8.430337746794604e-05,0.0,Italy,ITA,lombardy,,,Windows-11-10.0.26200-SP0,3.13.13,3.2.6,32,13th Gen Intel(R) Core(TM) i9-13900HX,1,1 x NVIDIA GeForce RTX 4070 Laptop GPU,9.1922,45.4722,31.70067596435547,machine,0.0,38.5,46.1,14.60633659362793,N,1.0,0.0
2026-05-09T02:55:41,Q246_qwen2.5:14b_SQuAD,fd72a6b0-8557-48f3-af79-a2b627d4a298,5b0fa12a-3dd7-45bb-9766-cc326314d9f1,3.6207370000047376,2.308727069951649e-05,6.376400909396701e-06,12.9800269184,41.03230440390396,20.0,1.124174640073171e-05,4.1246977442011e-05,1.7320813888848837e-05,6.980953773159155e-05,0.0,Italy,ITA,lombardy,,,Windows-11-10.0.26200-SP0,3.13.13,3.2.6,32,13th Gen Intel(R) Core(TM) i9-13900HX,1,1 x NVIDIA GeForce RTX 4070 Laptop GPU,9.1922,45.4722,31.70067596435547,machine,0.0,71.5,46.1,14.614093780517578,N,1.0,0.0
2026-05-09T02:56:04,Q247_qwen2.5:14b_MMLU,4c86414f-8749-4c7c-bdca-33c461521ee8,5b0fa12a-3dd7-45bb-9766-cc326314d9f1,7.885485899998457,5.586084255658109e-05,7.084007664840541e-06,13.3688156672,45.87836223785856,20.0,2.741641438208148e-05,0.0001004767470479,4.10146166666689e-05,0.0001689077780966,0.0,Italy,ITA,lombardy,,,Windows-11-10.0.26200-SP0,3.13.13,3.2.6,32,13th Gen Intel(R) Core(TM) i9-13900HX,1,1 x NVIDIA GeForce RTX 4070 Laptop GPU,9.1922,45.4722,31.70067596435547,machine,14.816666666666668,33.666666666666664,46.1,14.61876424153646,N,1.0,0.0
2026-05-09T02:56:48,Q248_qwen2.5:14b_HumanEval,fdd99f8d-0954-4da5-aed8-a17bb00889cb,5b0fa12a-3dd7-45bb-9766-cc326314d9f1,28.64797209999233,0.0002270234511084,7.924590624288029e-06,13.582820652800002,54.21172040288074,20.0,0.000104323052638,0.000428556453956,0.0001535767827777,0.0006864562893718,0.0,Italy,ITA,lombardy,,,Windows-11-10.0.26200-SP0,3.13.13,3.2.6,32,13th Gen Intel(R) Core(TM) i9-13900HX,1,1 x NVIDIA GeForce RTX 4070 Laptop GPU,9.1922,45.4722,31.70067596435547,machine,6.803846153846154,40.34615384615385,46.10000000000001,14.61960719181941,N,1.0,0.0
2026-05-09T02:57:33,Q249_qwen2.5:14b_GSM8K,60d8f94e-a9b0-4aa2-bf31-1cd9e08ae9b6,5b0fa12a-3dd7-45bb-9766-cc326314d9f1,9.70224720000988,7.10644659751153e-05,7.324536729495301e-06,13.482311808,47.9893867779918,20.0,3.445411111730724e-05,0.000129315936786,5.110929333338088e-05,0.0002148793412366,0.0,Italy,ITA,lombardy,,,Windows-11-10.0.26200-SP0,3.13.13,3.2.6,32,13th Gen Intel(R) Core(TM) i9-13900HX,1,1 x NVIDIA GeForce RTX 4070 Laptop GPU,9.1922,45.4722,31.70067596435547,machine,0.0,38.875,46.1,14.615285873413086,N,1.0,0.0
2026-05-09T02:58:15,Q250_qwen2.5:14b_GSM8K,d110036b-91a1-4a4e-85b5-6c3cac5779d4,5b0fa12a-3dd7-45bb-9766-cc326314d9f1,16.636613900001976,0.0001787690428166,1.0745518522652696e-05,13.017365312000004,110.55875242079657,20.0,0.0001162181585676,0.000245762974388,0.0001785671372222,0.0005405482701778,0.0,Italy,ITA,lombardy,,,Windows-11-10.0.26200-SP0,3.13.13,3.2.6,32,13th Gen Intel(R) Core(TM) i9-13900HX,1,1 x NVIDIA GeForce RTX 4070 Laptop GPU,9.1922,45.4722,31.70067596435547,machine,18.046666666666667,44.0,46.1,14.62240931193034,N,1.0,0.0
2026-05-09T02:59:00,Q251_qwen2.5:14b_SQuAD,f5a840e4-fa0c-421d-b42e-fb067a3c96dd,5b0fa12a-3dd7-45bb-9766-cc326314d9f1,9.959704200009584,7.247757844493616e-05,7.277081426260272e-06,13.113424729600002,47.77240733036485,20.0,3.445206335421114e-05,0.000132156216836,5.254392333340042e-05,0.0002191522035236,0.0,Italy,ITA,lombardy,,,Windows-11-10.0.26200-SP0,3.13.13,3.2.6,32,13th Gen Intel(R) Core(TM) i9-13900HX,1,1 x NVIDIA GeForce RTX 4070 Laptop GPU,9.1922,45.4722,31.70067596435547,machine,0.0,40.375,46.125,14.627550601959229,N,1.0,0.0
2026-05-09T02:59:52,Q252_qwen2.5:14b_HumanEval,b4123154-294f-4f86-9a17-2582312174d0,5b0fa12a-3dd7-45bb-9766-cc326314d9f1,26.10227860001032,0.000209719841372,8.034541527418053e-06,13.4189481536,55.4519705434923,20.0,9.323865682476253e-05,0.000401495043418,0.0001394012466667,0.0006341349469095,0.0,Italy,ITA,lombardy,,,Windows-11-10.0.26200-SP0,3.13.13,3.2.6,32,13th Gen Intel(R) Core(TM) i9-13900HX,1,1 x NVIDIA GeForce RTX 4070 Laptop GPU,9.1922,45.4722,31.70067596435547,machine,0.0,40.54166666666666,46.1,14.62327559789022,N,1.0,0.0
2026-05-09T03:01:09,Q253_qwen2.5:14b_HumanEval,fe5266d5-38c0-4369-85ac-047cca825398,5b0fa12a-3dd7-45bb-9766-cc326314d9f1,31.96638620000158,0.0002986103619339,9.341386294517862e-06,13.36825815712,50.917542150525456,20.0,0.0001688667867634,0.0004814667740619,0.0002525817988888,0.0009029153597141,0.0,Italy,ITA,lombardy,,,Windows-11-10.0.26200-SP0,3.13.13,3.2.6,32,13th Gen Intel(R) Core(TM) i9-13900HX,1,1 x NVIDIA GeForce RTX 4070 Laptop GPU,9.1922,45.4722,31.70067596435547,machine,4.866666666666666,40.833333333333336,46.1,14.607231267293294,N,1.0,0.0
2026-05-09T03:02:21,Q254_qwen2.5:14b_HumanEval,dd228cb5-32d4-4c02-a4d9-87c21db4ccd2,5b0fa12a-3dd7-45bb-9766-cc326314d9f1,26.87756870000157,0.0002105740824914,7.834565873193201e-06,13.19774804288,53.7541792400359,20.0,9.486810680738202e-05,0.0003981064295959,0.0001437434,0.0006367179364033,0.0,Italy,ITA,lombardy,,,Windows-11-10.0.26200-SP0,3.13.13,3.2.6,32,13th Gen Intel(R) Core(TM) i9-13900HX,1,1 x NVIDIA GeForce RTX 4070 Laptop GPU,9.1922,45.4722,31.70067596435547,machine,3.0,41.48,46.1,14.611243438720702,N,1.0,0.0
2026-05-09T03:03:36,Q255_qwen2.5:14b_HumanEval,28d7ce05-8954-45cf-a210-cd9c439b4929,5b0fa12a-3dd7-45bb-9766-cc326314d9f1,29.17028109999956,0.0002251676236133,7.719076235207959e-06,13.225777629165716,52.342659212418255,20.0,0.0001035081267351,0.000420856725574,0.0001564799266666,0.0006808447789758,0.0,Italy,ITA,lombardy,,,Windows-11-10.0.26200-SP0,3.13.13,3.2.6,32,13th Gen Intel(R) Core(TM) i9-13900HX,1,1 x NVIDIA GeForce RTX 4070 Laptop GPU,9.1922,45.4722,31.70067596435547,machine,0.0,37.96296296296296,46.1,14.611087657787182,N,1.0,0.0
2026-05-09T03:04:45,Q256_qwen2.5:14b_GSM8K,02e8e713-1d7f-4181-8821-dc19f606008e,5b0fa12a-3dd7-45bb-9766-cc326314d9f1,23.997098500010907,0.0001855629797989,7.732725679265854e-06,13.21324071552,53.5310230299414,20.0,8.444846453124202e-05,0.0003489063902359,0.0001277364066666,0.0005610912614339,0.0,Italy,ITA,lombardy,,,Windows-11-10.0.26200-SP0,3.13.13,3.2.6,32,13th Gen Intel(R) Core(TM) i9-13900HX,1,1 x NVIDIA GeForce RTX 4070 Laptop GPU,9.1922,45.4722,31.70067596435547,machine,2.840909090909091,41.81818181818182,46.1,14.613107334483754,N,1.0,0.0
2026-05-09T03:05:24,Q257_qwen2.5:14b_SQuAD,83830f1b-5067-47b9-b5ca-d05c2ce623db,5b0fa12a-3dd7-45bb-9766-cc326314d9f1,3.172448400000576,1.6666050939143663e-05,5.253371792947251e-06,13.352236947200002,29.187315412492403,20.0,9.891392764814217e-06,2.568696499394285e-05,1.4815182777723144e-05,5.039354053648021e-05,0.0,Italy,ITA,lombardy,,,Windows-11-10.0.26200-SP0,3.13.13,3.2.6,32,13th Gen Intel(R) Core(TM) i9-13900HX,1,1 x NVIDIA GeForce RTX 4070 Laptop GPU,9.1922,45.4722,31.70067596435547,machine,0.0,27.0,46.1,14.616676330566406,N,1.0,0.0
2026-05-09T03:06:16,Q258_qwen2.5:14b_HumanEval,2d5ffea9-3036-40cc-9717-c77fbad60c0a,5b0fa12a-3dd7-45bb-9766-cc326314d9f1,37.23343969999405,0.0002952738627174,7.930340712451381e-06,13.680394781257144,54.31817159507494,20.0,0.0001363038739491,0.0005580396130979,0.0001984832194443,0.0008928267064915,0.0,Italy,ITA,lombardy,,,Windows-11-10.0.26200-SP0,3.13.13,3.2.6,32,13th Gen Intel(R) Core(TM) i9-13900HX,1,1 x NVIDIA GeForce RTX 4070 Laptop GPU,9.1922,45.4722,31.70067596435547,machine,0.0,39.57142857142857,46.1,14.62063947405134,N,1.0,0.0
2026-05-09T03:07:15,Q259_qwen2.5:14b_GSM8K,52f9c02e-e3e3-4851-851f-37599fa847d9,5b0fa12a-3dd7-45bb-9766-cc326314d9f1,13.208502099994805,9.957799829431222e-05,7.538931934935408e-06,13.1964505376,50.13167534040072,20.0,4.657937729863348e-05,0.0001839240360279,7.059298388889552e-05,0.0003010963972154,0.0,Italy,ITA,lombardy,,,Windows-11-10.0.26200-SP0,3.13.13,3.2.6,32,13th Gen Intel(R) Core(TM) i9-13900HX,1,1 x NVIDIA GeForce RTX 4070 Laptop GPU,9.1922,45.4722,31.70067596435547,machine,14.545454545454543,36.0,46.27272727272727,14.66169565374201,N,1.0,0.0
2026-05-09T03:07:56,Q260_qwen2.5:14b_SQuAD,4cbd40a6-72af-4529-adc5-fb9d26246de2,5b0fa12a-3dd7-45bb-9766-cc326314d9f1,4.9845081999956165,3.1681201843101895e-05,6.355933338243832e-06,13.105100230400003,39.44185627694178,20.0,1.631239222458389e-05,5.458893255994024e-05,2.4893889999980777e-05,9.57952147845049e-05,0.0,Italy,ITA,lombardy,,,Windows-11-10.0.26200-SP0,3.13.13,3.2.6,32,13th Gen Intel(R) Core(TM) i9-13900HX,1,1 x NVIDIA GeForce RTX 4070 Laptop GPU,9.1922,45.4722,31.70067596435547,machine,0.0,41.333333333333336,46.29999999999999,14.675198872884115,N,1.0,0.0
2026-05-09T03:08:32,Q261_qwen2.5:14b_GSM8K,b5106080-0507-462e-8abb-d611d07ea742,5b0fa12a-3dd7-45bb-9766-cc326314d9f1,21.354709299994283,0.0001674832552642,7.842918997933093e-06,13.428265024640002,54.818333942467945,20.0,7.585563958144897e-05,0.000317508309562,0.0001130592127777,0.0005064231619212,0.0,Italy,ITA,lombardy,,,Windows-11-10.0.26200-SP0,3.13.13,3.2.6,32,13th Gen Intel(R) Core(TM) i9-13900HX,1,1 x NVIDIA GeForce RTX 4070 Laptop GPU,9.1922,45.4722,31.70067596435547,machine,5.2631578947368425,40.31578947368421,46.2,14.643474980404502,N,1.0,0.0
2026-05-09T03:09:14,Q262_qwen2.5:14b_HellaSwag,20164488-8ca7-4c7e-8840-d9d62c748e28,5b0fa12a-3dd7-45bb-9766-cc326314d9f1,6.815490199995111,4.557824627235015e-05,6.6874494621652966e-06,13.370782918400002,41.88673700892612,20.0,2.345002895109573e-05,7.92903412099033e-05,3.507567333330776e-05,0.0001378160434943,0.0,Italy,ITA,lombardy,,,Windows-11-10.0.26200-SP0,3.13.13,3.2.6,32,13th Gen Intel(R) Core(TM) i9-13900HX,1,1 x NVIDIA GeForce RTX 4070 Laptop GPU,9.1922,45.4722,31.70067596435547,machine,16.36,35.2,46.2,14.640274810791016,N,1.0,0.0
2026-05-09T03:09:53,Q263_qwen2.5:14b_MMLU,fe0c8931-cb5b-4015-bece-294b184804e9,5b0fa12a-3dd7-45bb-9766-cc326314d9f1,13.518859199990402,0.0001018635746347,7.53492385177296e-06,13.4824366976,49.78490950422776,20.0,4.875016612719395e-05,0.000186941260664,7.231592277773113e-05,0.000308007349569,0.0,Italy,ITA,lombardy,,,Windows-11-10.0.26200-SP0,3.13.13,3.2.6,32,13th Gen Intel(R) Core(TM) i9-13900HX,1,1 x NVIDIA GeForce RTX 4070 Laptop GPU,9.1922,45.4722,31.70067596435547,machine,0.0,44.90909090909091,46.2,14.64559624411843,N,1.0,0.0
2026-05-09T03:10:25,Q264_qwen2.5:14b_SQuAD,1fc17d48-3cfd-4aee-9b7f-41b8232b0924,5b0fa12a-3dd7-45bb-9766-cc326314d9f1,6.73245309999038,4.448000531168617e-05,6.606805075515451e-06,13.2168979328,41.23782104180352,20.0,2.285619636979194e-05,7.705367275401276e-05,3.458539666664567e-05,0.0001344952657904,0.0,Italy,ITA,lombardy,,,Windows-11-10.0.26200-SP0,3.13.13,3.2.6,32,13th Gen Intel(R) Core(TM) i9-13900HX,1,1 x NVIDIA GeForce RTX 4070 Laptop GPU,9.1922,45.4722,31.70067596435547,machine,0.0,55.8,46.2,14.645870208740234,N,1.0,0.0
2026-05-09T03:11:06,Q265_qwen2.5:14b_MMLU,2de2d9d3-8655-42b8-94a1-643c993a2449,5b0fa12a-3dd7-45bb-9766-cc326314d9f1,25.500838899999508,0.0001993956794166,7.819181172768427e-06,13.362031472000002,53.91926959220544,20.0,9.132668155222808e-05,0.0003755122448539,0.0001360786027777,0.000602917529184,0.0,Italy,ITA,lombardy,,,Windows-11-10.0.26200-SP0,3.13.13,3.2.6,32,13th Gen Intel(R) Core(TM) i9-13900HX,1,1 x NVIDIA GeForce RTX 4070 Laptop GPU,9.1922,45.4722,31.70067596435547,machine,0.0,42.52173913043478,46.2,14.648070293924082,N,1.0,0.0
2026-05-09T03:12:14,Q266_qwen2.5:14b_HumanEval,4f1665b6-0aa4-4b5e-93b1-3a686fe81899,5b0fa12a-3dd7-45bb-9766-cc326314d9f1,23.42659899999853,0.0001798465168807,7.677022041515663e-06,13.222991037440002,52.341195968809615,20.0,8.240020726876774e-05,0.0003368361028019,0.0001245699444443,0.0005438062545151,0.0,Italy,ITA,lombardy,,,Windows-11-10.0.26200-SP0,3.13.13,3.2.6,32,13th Gen Intel(R) Core(TM) i9-13900HX,1,1 x NVIDIA GeForce RTX 4070 Laptop GPU,9.1922,45.4722,31.70067596435547,machine,0.0,40.19047619047619,46.142857142857146,14.62247576032366,N,1.0,0.0
2026-05-09T03:13:27,Q267_qwen2.5:14b_HumanEval,587f347c-36aa-4fc7-a6e0-4c68a11931ec,5b0fa12a-3dd7-45bb-9766-cc326314d9f1,37.593944599997485,0.0002991880423397,7.958410470704849e-06,13.235402091634285,55.538154026762,20.0,0.0001326734553645,0.0005715057349819,0.0002004829155555,0.000904662105902,0.0,Italy,ITA,lombardy,,,Windows-11-10.0.26200-SP0,3.13.13,3.2.6,32,13th Gen Intel(R) Core(TM) i9-13900HX,1,1 x NVIDIA GeForce RTX 4070 Laptop GPU,9.1922,45.4722,31.70067596435547,machine,1.5114285714285711,39.371428571428574,46.1,14.615552956717355,N,1.0,0.0
2026-05-09T03:14:30,Q268_qwen2.5:14b_HellaSwag,8adcef34-a8c5-4e47-a786-165b05c73394,5b0fa12a-3dd7-45bb-9766-cc326314d9f1,17.591161000003922,0.0001314708767764,7.473689586290093e-06,13.0765456448,49.84472188773171,20.0,6.0787729738546194e-05,0.0002446146401359,9.212929388886553e-05,0.0003975316637633,0.0,Italy,ITA,lombardy,,,Windows-11-10.0.26200-SP0,3.13.13,3.2.6,32,13th Gen Intel(R) Core(TM) i9-13900HX,1,1 x NVIDIA GeForce RTX 4070 Laptop GPU,9.1922,45.4722,31.70067596435547,machine,6.25,44.875,46.1,14.625267744064333,N,1.0,0.0
2026-05-09T03:15:22,Q269_qwen2.5:14b_HellaSwag,0b1c51f1-c742-4a7c-b5b7-670b8db0825f,5b0fa12a-3dd7-45bb-9766-cc326314d9f1,16.252731200002017,0.0001217191152009,7.489148359317841e-06,13.172948556800002,49.37646325132264,20.0,5.763506355926055e-05,0.00022290573388,8.750422944439277e-05,0.0003680450268837,0.0,Italy,ITA,lombardy,,,Windows-11-10.0.26200-SP0,3.13.13,3.2.6,32,13th Gen Intel(R) Core(TM) i9-13900HX,1,1 x NVIDIA GeForce RTX 4070 Laptop GPU,9.1922,45.4722,31.70067596435547,machine,0.0,42.142857142857146,46.1,14.608677727835518,N,1.0,0.0
2026-05-09T03:16:11,Q270_qwen2.5:14b_MMLU,2fdba7c2-49f1-4722-8607-afe98c1a7b7a,5b0fa12a-3dd7-45bb-9766-cc326314d9f1,14.267776399996364,0.000106144971738,7.439489431446346e-06,13.152397952,49.013119932175286,20.0,5.028203130569056e-05,0.0001942112664801,7.64598155555076e-05,0.0003209531133413,0.0,Italy,ITA,lombardy,,,Windows-11-10.0.26200-SP0,3.13.13,3.2.6,32,13th Gen Intel(R) Core(TM) i9-13900HX,1,1 x NVIDIA GeForce RTX 4070 Laptop GPU,9.1922,45.4722,31.70067596435547,machine,8.333333333333334,43.0,46.1,14.61453628540039,N,1.0,0.0
2026-05-09T03:16:55,Q271_qwen2.5:14b_GSM8K,2e655411-0d51-4fac-804f-c6905b5be9ff,5b0fa12a-3dd7-45bb-9766-cc326314d9f1,18.781584800002747,0.0001430103498587,7.614392043145138e-06,13.10156936384,54.34230428000487,20.0,6.508938055756495e-05,0.000268570492634,9.876397388895082e-05,0.0004324238470805,0.0,Italy,ITA,lombardy,,,Windows-11-10.0.26200-SP0,3.13.13,3.2.6,32,13th Gen Intel(R) Core(TM) i9-13900HX,1,1 x NVIDIA GeForce RTX 4070 Laptop GPU,9.1922,45.4722,31.70067596435547,machine,0.0,43.588235294117645,46.1,14.61253334494198,N,1.0,0.0
2026-05-09T03:17:42,Q272_qwen2.5:14b_HellaSwag,3981ade8-0e0c-45f2-90e9-856a7f5d48cc,5b0fa12a-3dd7-45bb-9766-cc326314d9f1,11.320721099997172,8.581889337403466e-05,7.580691425571477e-06,13.613850686720005,50.39815960425501,20.0,4.091280052588377e-05,0.0001584759601139,6.010389888890334e-05,0.0002594926595287,0.0,Italy,ITA,lombardy,,,Windows-11-10.0.26200-SP0,3.13.13,3.2.6,32,13th Gen Intel(R) Core(TM) i9-13900HX,1,1 x NVIDIA GeForce RTX 4070 Laptop GPU,9.1922,45.4722,31.70067596435547,machine,0.0,52.333333333333336,46.1,14.619581434461804,N,1.0,0.0
2026-05-09T03:18:16,Q273_qwen2.5:14b_GSM8K,6e386ace-a482-4b4f-a066-b320076bb9fa,5b0fa12a-3dd7-45bb-9766-cc326314d9f1,9.260049699994852,6.947853275817613e-05,7.5030410212825054e-06,13.446628443200002,50.05567427806627,20.0,3.270833203643049e-05,0.0001287273252039,4.864825944443712e-05,0.0002100839166848,0.0,Italy,ITA,lombardy,,,Windows-11-10.0.26200-SP0,3.13.13,3.2.6,32,13th Gen Intel(R) Core(TM) i9-13900HX,1,1 x NVIDIA GeForce RTX 4070 Laptop GPU,9.1922,45.4722,31.70067596435547,machine,0.0,35.42857142857143,46.1,14.619839804513116,N,1.0,0.0
2026-05-09T03:18:49,Q274_qwen2.5:14b_HellaSwag,0ea642a7-c117-4332-add3-e8579c9a35d9,5b0fa12a-3dd7-45bb-9766-cc326314d9f1,7.624806300009368,5.439032663280839e-05,7.133338801372772e-06,13.480012417828574,46.37869418257178,20.0,2.667063780133373e-05,9.822091191002968e-05,3.956979388894979e-05,0.0001644613436003,0.0,Italy,ITA,lombardy,,,Windows-11-10.0.26200-SP0,3.13.13,3.2.6,32,13th Gen Intel(R) Core(TM) i9-13900HX,1,1 x NVIDIA GeForce RTX 4070 Laptop GPU,9.1922,45.4722,31.70067596435547,machine,0.0,45.333333333333336,46.1,14.619638442993164,N,1.0,0.0
2026-05-09T03:19:11,Q275_qwen2.5:14b_MMLU,b83652cc-8b17-41d4-b562-0659e762ffe4,5b0fa12a-3dd7-45bb-9766-cc326314d9f1,6.802815000002738,4.813598198390565e-05,7.075891668946792e-06,13.124838598400004,46.357190578139246,20.0,2.2968121197265488e-05,8.758312562195947e-05,3.499868388882735e-05,0.000145549930708,0.0,Italy,ITA,lombardy,,,Windows-11-10.0.26200-SP0,3.13.13,3.2.6,32,13th Gen Intel(R) Core(TM) i9-13900HX,1,1 x NVIDIA GeForce RTX 4070 Laptop GPU,9.1922,45.4722,31.70067596435547,machine,0.0,52.6,46.120000000000005,14.62629623413086,N,1.0,0.0
2026-05-09T03:19:32,Q276_qwen2.5:14b_SQuAD,d354f6f2-acff-4784-a124-1cfcf461c2a1,5b0fa12a-3dd7-45bb-9766-cc326314d9f1,5.685768700001063,3.895072725352419e-05,6.850564859157375e-06,13.096600832000002,44.39986952001353,20.0,1.88600376033368e-05,7.011561164804725e-05,2.880060500004523e-05,0.0001177762542514,0.0,Italy,ITA,lombardy,,,Windows-11-10.0.26200-SP0,3.13.13,3.2.6,32,13th Gen Intel(R) Core(TM) i9-13900HX,1,1 x NVIDIA GeForce RTX 4070 Laptop GPU,9.1922,45.4722,31.70067596435547,machine,25.0,41.5,46.1,14.614730834960938,N,1.0,0.0
2026-05-09T03:19:55,Q277_qwen2.5:14b_SQuAD,997bd38b-e372-43ca-912a-77563abf6ee9,5b0fa12a-3dd7-45bb-9766-cc326314d9f1,8.181434800004354,5.699587345431166e-05,6.966488745260346e-06,13.42062039954286,44.46665972092769,20.0,2.862948814002417e-05,0.0001010461919479,4.2664118333373655e-05,0.0001723397984213,0.0,Italy,ITA,lombardy,,,Windows-11-10.0.26200-SP0,3.13.13,3.2.6,32,13th Gen Intel(R) Core(TM) i9-13900HX,1,1 x NVIDIA GeForce RTX 4070 Laptop GPU,9.1922,45.4722,31.70067596435547,machine,0.0,39.833333333333336,46.1,14.62037467956543,N,1.0,0.0
2026-05-09T03:20:27,Q278_qwen2.5:14b_SQuAD,8c98eb41-0c07-457b-a909-36497bd1f7f1,5b0fa12a-3dd7-45bb-9766-cc326314d9f1,6.619446900003823,4.5557717661184695e-05,6.882405486349378e-06,13.3727689472,44.08221436280634,20.0,2.2724438024029453e-05,8.104423150201434e-05,3.3985301111129555e-05,0.0001377539706371,0.0,Italy,ITA,lombardy,,,Windows-11-10.0.26200-SP0,3.13.13,3.2.6,32,13th Gen Intel(R) Core(TM) i9-13900HX,1,1 x NVIDIA GeForce RTX 4070 Laptop GPU,9.1922,45.4722,31.70067596435547,machine,0.0,50.6,46.120000000000005,14.62786407470703,N,1.0,0.0
2026-05-09T03:20:50,Q279_qwen2.5:14b_HellaSwag,ce003a95-a120-4769-a9f5-9afee7584f6e,5b0fa12a-3dd7-45bb-9766-cc326314d9f1,7.511512199998833,5.3408178556531886e-05,7.1101766374739005e-06,13.1698823936,46.44832576121182,20.0,2.5643982340489865e-05,9.690507752402322e-05,3.894253888890186e-05,0.0001614915987534,0.0,Italy,ITA,lombardy,,,Windows-11-10.0.26200-SP0,3.13.13,3.2.6,32,13th Gen Intel(R) Core(TM) i9-13900HX,1,1 x NVIDIA GeForce RTX 4070 Laptop GPU,9.1922,45.4722,31.70067596435547,machine,20.0,38.2,46.1,14.619984436035155,N,1.0,0.0
2026-05-09T03:21:12,Q280_qwen2.5:14b_HellaSwag,5c00b88e-abde-456e-b9eb-c86557b75bf6,5b0fa12a-3dd7-45bb-9766-cc326314d9f1,6.634703900010209,4.528918869415685e-05,6.826105486649851e-06,13.3335220736,43.5342802499212,20.0,2.270364508109058e-05,8.018423081401771e-05,3.40541372222813e-05,0.0001369420131173,0.0,Italy,ITA,lombardy,,,Windows-11-10.0.26200-SP0,3.13.13,3.2.6,32,13th Gen Intel(R) Core(TM) i9-13900HX,1,1 x NVIDIA GeForce RTX 4070 Laptop GPU,9.1922,45.4722,31.70067596435547,machine,0.0,29.0,46.120000000000005,14.623857879638672,N,1.0,0.0
2026-05-09T03:21:38,Q281_qwen2.5:14b_GSM8K,2aa1f831-939f-47b3-8b4e-b29e428c856b,5b0fa12a-3dd7-45bb-9766-cc326314d9f1,11.112567999996829,8.265989316287406e-05,7.438415059678163e-06,13.19364891776,49.28098366345363,20.0,3.8886788203314256e-05,0.00015210706613,5.894685999996404e-05,0.0002499407143332,0.0,Italy,ITA,lombardy,,,Windows-11-10.0.26200-SP0,3.13.13,3.2.6,32,13th Gen Intel(R) Core(TM) i9-13900HX,1,1 x NVIDIA GeForce RTX 4070 Laptop GPU,9.1922,45.4722,31.70067596435547,machine,0.0,43.333333333333336,46.1,14.625435723198784,N,1.0,0.0
2026-05-09T03:22:19,Q282_qwen2.5:14b_GSM8K,5b0fc0c2-b73e-4722-9e81-3e814cda9187,5b0fa12a-3dd7-45bb-9766-cc326314d9f1,15.496100000003937,0.0001190425634626,7.682098299741812e-06,13.197956153600002,51.503056999542,20.0,5.496991154738813e-05,0.0002216821217899,8.329983944446819e-05,0.0003599518727818,0.0,Italy,ITA,lombardy,,,Windows-11-10.0.26200-SP0,3.13.13,3.2.6,32,13th Gen Intel(R) Core(TM) i9-13900HX,1,1 x NVIDIA GeForce RTX 4070 Laptop GPU,9.1922,45.4722,31.70067596435547,machine,0.0,42.84615384615385,46.13076923076923,14.629109896146334,N,1.0,0.0
2026-05-09T03:23:00,Q283_qwen2.5:14b_HellaSwag,33d2f567-c9ef-4c6b-bda8-b5dd92fb55fe,5b0fa12a-3dd7-45bb-9766-cc326314d9f1,6.647587999992538,4.5916434994040814e-05,6.907232366700878e-06,13.187699244800005,44.510379846934974,20.0,2.2513909372705176e-05,8.218173241203441e-05,3.4142991111083475e-05,0.0001388386328958,0.0,Italy,ITA,lombardy,,,Windows-11-10.0.26200-SP0,3.13.13,3.2.6,32,13th Gen Intel(R) Core(TM) i9-13900HX,1,1 x NVIDIA GeForce RTX 4070 Laptop GPU,9.1922,45.4722,31.70067596435547,machine,0.0,40.4,46.44,14.725665283203124,N,1.0,0.0
2026-05-09T03:23:36,Q284_qwen2.5:14b_HellaSwag,ac057c5a-ad1b-441a-9764-ec2b489a7f29,5b0fa12a-3dd7-45bb-9766-cc326314d9f1,10.596890799992252,7.504139376002135e-05,7.081453907223071e-06,13.436880907520004,45.23925847235244,20.0,3.767783782011365e-05,0.0001331462176279,5.60804183332948e-05,0.0002269044737813,0.0,Italy,ITA,lombardy,,,Windows-11-10.0.26200-SP0,3.13.13,3.2.6,32,13th Gen Intel(R) Core(TM) i9-13900HX,1,1 x NVIDIA GeForce RTX 4070 Laptop GPU,9.1922,45.4722,31.70067596435547,machine,20.0,38.77777777777778,46.3,14.67719268798828,N,1.0,0.0
2026-05-09T03:24:10,Q285_qwen2.5:14b_HellaSwag,89c2b555-7f04-4b7e-96a8-ae52eae4a3bb,5b0fa12a-3dd7-45bb-9766-cc326314d9f1,9.145286099999794,6.659350116250954e-05,7.281729673007282e-06,13.398015324800005,47.70376497880363,20.0,3.216803895532647e-05,0.000121173985828,4.801835222218263e-05,0.0002013603770055,0.0,Italy,ITA,lombardy,,,Windows-11-10.0.26200-SP0,3.13.13,3.2.6,32,13th Gen Intel(R) Core(TM) i9-13900HX,1,1 x NVIDIA GeForce RTX 4070 Laptop GPU,9.1922,45.4722,31.70067596435547,machine,0.0,39.142857142857146,46.2,14.65752901349749,N,1.0,0.0
2026-05-09T03:24:45,Q286_qwen2.5:14b_HellaSwag,52028956-bb80-4804-92e1-12204282794d,5b0fa12a-3dd7-45bb-9766-cc326314d9f1,9.68367890000809,6.620254497034076e-05,6.836507659324129e-06,13.373532288,42.77907094509115,20.0,3.410831739119998e-05,0.000115062036494,5.100787944449823e-05,0.0002001782333297,0.0,Italy,ITA,lombardy,,,Windows-11-10.0.26200-SP0,3.13.13,3.2.6,32,13th Gen Intel(R) Core(TM) i9-13900HX,1,1 x NVIDIA GeForce RTX 4070 Laptop GPU,9.1922,45.4722,31.70067596435547,machine,0.0,50.625,46.3,14.666966438293455,N,1.0,0.0
2026-05-09T03:25:19,Q287_qwen2.5:14b_HellaSwag,dba71450-ac54-49a5-8bd0-de74d08c9577,5b0fa12a-3dd7-45bb-9766-cc326314d9f1,8.622423199994955,6.159494697823858e-05,7.1435773389404745e-06,13.2769039808,46.431137127048665,20.0,2.994524076791476e-05,0.000111192866732,4.5108020555522266e-05,0.0001862461280554,0.0,Italy,ITA,lombardy,,,Windows-11-10.0.26200-SP0,3.13.13,3.2.6,32,13th Gen Intel(R) Core(TM) i9-13900HX,1,1 x NVIDIA GeForce RTX 4070 Laptop GPU,9.1922,45.4722,31.70067596435547,machine,12.857142857142858,47.285714285714285,46.21428571428572,14.657296316964286,N,1.0,0.0
2026-05-09T03:25:42,Q288_qwen2.5:14b_MMLU,fa76c945-4360-4dda-9380-e87f5900c886,5b0fa12a-3dd7-45bb-9766-cc326314d9f1,7.770570399996359,5.379271044869174e-05,6.92262056447194e-06,13.35453614994286,44.2055803246909,20.0,2.694667583612964e-05,9.53525762820151e-05,4.035506500003976e-05,0.0001626543171181,0.0,Italy,ITA,lombardy,,,Windows-11-10.0.26200-SP0,3.13.13,3.2.6,32,13th Gen Intel(R) Core(TM) i9-13900HX,1,1 x NVIDIA GeForce RTX 4070 Laptop GPU,9.1922,45.4722,31.70067596435547,machine,14.816666666666668,43.333333333333336,46.20000000000001,14.656513849894203,N,1.0,0.0
2026-05-09T03:26:14,Q289_qwen2.5:14b_SQuAD,0783f5af-0d66-4188-a7c8-11dd6f0949c4,5b0fa12a-3dd7-45bb-9766-cc326314d9f1,6.885896799998591,4.637671607085386e-05,6.735029207940403e-06,13.4459844608,42.3143604328716,20.0,2.3842976160202604e-05,8.09233980719748e-05,3.5464021666606034e-05,0.0001402303958987,0.0,Italy,ITA,lombardy,,,Windows-11-10.0.26200-SP0,3.13.13,3.2.6,32,13th Gen Intel(R) Core(TM) i9-13900HX,1,1 x NVIDIA GeForce RTX 4070 Laptop GPU,9.1922,45.4722,31.70067596435547,machine,0.0,35.4,46.220000000000006,14.658355712890623,N,1.0,0.0
2026-05-09T03:26:33,Q290_qwen2.5:14b_SQuAD,54806c52-998f-4818-9853-cbf5447cfda0,5b0fa12a-3dd7-45bb-9766-cc326314d9f1,3.2507264999876497,1.8297901464745524e-05,5.628865259755025e-06,12.9709055936,33.41536934000959,20.0,9.901660013232914e-06,3.015946857198859e-05,1.5266677777738853e-05,5.532780636296036e-05,0.0,Italy,ITA,lombardy,,,Windows-11-10.0.26200-SP0,3.13.13,3.2.6,32,13th Gen Intel(R) Core(TM) i9-13900HX,1,1 x NVIDIA GeForce RTX 4070 Laptop GPU,9.1922,45.4722,31.70067596435547,machine,0.0,37.0,46.2,14.659427642822266,N,1.0,0.0
2026-05-09T03:27:03,Q291_qwen2.5:14b_MMLU,483006e1-04da-4ad0-ada9-abae077e4962,5b0fa12a-3dd7-45bb-9766-cc326314d9f1,15.3978608000034,0.0001155202102597,7.502354499769842e-06,13.143658336914289,49.605374301297545,20.0,5.438564253443375e-05,0.0002121607252839,8.275488055555293e-05,0.0003493012483739,0.0,Italy,ITA,lombardy,,,Windows-11-10.0.26200-SP0,3.13.13,3.2.6,32,13th Gen Intel(R) Core(TM) i9-13900HX,1,1 x NVIDIA GeForce RTX 4070 Laptop GPU,9.1922,45.4722,31.70067596435547,machine,0.0,43.30769230769231,46.2,14.64225798386794,N,1.0,0.0
2026-05-09T03:27:34,Q292_qwen2.5:14b_MMLU,96416750-2842-4bba-8273-370616ad4f43,5b0fa12a-3dd7-45bb-9766-cc326314d9f1,5.923039900008007,4.126256153234966e-05,6.966450037301602e-06,13.184394222080002,45.47005522717904,20.0,1.9852181859980948e-05,7.480061539599792e-05,3.01138061110881e-05,0.000124766603367,0.0,Italy,ITA,lombardy,,,Windows-11-10.0.26200-SP0,3.13.13,3.2.6,32,13th Gen Intel(R) Core(TM) i9-13900HX,1,1 x NVIDIA GeForce RTX 4070 Laptop GPU,9.1922,45.4722,31.70067596435547,machine,0.0,38.25,46.2,14.644756317138672,N,1.0,0.0
2026-05-09T03:27:55,Q293_qwen2.5:14b_SQuAD,df10f55e-e15c-475c-b72f-44b55375a15d,5b0fa12a-3dd7-45bb-9766-cc326314d9f1,5.106919400001061,3.4200424366527715e-05,6.696879603488673e-06,13.101417948800004,43.05648739227098,20.0,1.6759264329831576e-05,6.107032663393852e-05,2.558305777783971e-05,0.0001034126487416,0.0,Italy,ITA,lombardy,,,Windows-11-10.0.26200-SP0,3.13.13,3.2.6,32,13th Gen Intel(R) Core(TM) i9-13900HX,1,1 x NVIDIA GeForce RTX 4070 Laptop GPU,9.1922,45.4722,31.70067596435547,machine,0.0,36.66666666666666,46.20000000000001,14.648703257242838,N,1.0,0.0
2026-05-09T03:28:36,Q294_qwen2.5:14b_HumanEval,d5392aed-1201-4410-965a-b1f47b8a985a,5b0fa12a-3dd7-45bb-9766-cc326314d9f1,26.37108850000368,0.0002034798980525,7.716021962934206e-06,13.21344055703273,52.70344683213958,20.0,9.317506639626814e-05,0.000381168916046,0.0001409230972223,0.0006152670796645,0.0,Italy,ITA,lombardy,,,Windows-11-10.0.26200-SP0,3.13.13,3.2.6,32,13th Gen Intel(R) Core(TM) i9-13900HX,1,1 x NVIDIA GeForce RTX 4070 Laptop GPU,9.1922,45.4722,31.70067596435547,machine,2.779166666666667,41.208333333333336,46.20000000000001,14.65229845046997,N,1.0,0.0
2026-05-09T03:29:15,Q295_qwen2.5:14b_SQuAD,71120edf-1deb-4ac8-b297-dce54eac0e52,5b0fa12a-3dd7-45bb-9766-cc326314d9f1,3.895735500002047,2.294001230710237e-05,5.888493278635143e-06,13.0173008,35.344085520697696,20.0,1.2271370050655308e-05,3.823975281391778e-05,1.885314611111729e-05,6.936426897569038e-05,0.0,Italy,ITA,lombardy,,,Windows-11-10.0.26200-SP0,3.13.13,3.2.6,32,13th Gen Intel(R) Core(TM) i9-13900HX,1,1 x NVIDIA GeForce RTX 4070 Laptop GPU,9.1922,45.4722,31.70067596435547,machine,0.0,39.0,46.2,14.653884887695312,N,1.0,0.0
2026-05-09T03:29:51,Q296_qwen2.5:14b_MMLU,478a55de-e65e-48f2-bf7e-d59a5dff1c1e,5b0fa12a-3dd7-45bb-9766-cc326314d9f1,20.42443720001029,0.000158517117593,7.7611498442145e-06,13.64294244608,52.78944022147166,20.0,7.377554631971546e-05,0.0002976632936859,0.000107873195,0.0004793120350057,0.0,Italy,ITA,lombardy,,,Windows-11-10.0.26200-SP0,3.13.13,3.2.6,32,13th Gen Intel(R) Core(TM) i9-13900HX,1,1 x NVIDIA GeForce RTX 4070 Laptop GPU,9.1922,45.4722,31.70067596435547,machine,5.555555555555555,40.05555555555556,46.2,14.649138344658745,N,1.0,0.0
2026-05-09T03:30:42,Q297_qwen2.5:14b_HumanEval,78cd556f-2f93-4a39-9736-4fb61138f619,5b0fa12a-3dd7-45bb-9766-cc326314d9f1,15.3915818999958,0.0001160444238007,7.53947349627216e-06,13.339621296457144,49.83888866668399,20.0,5.515994842450173e-05,0.000213026281532,8.270009555554781e-05,0.0003508863255121,0.0,Italy,ITA,lombardy,,,Windows-11-10.0.26200-SP0,3.13.13,3.2.6,32,13th Gen Intel(R) Core(TM) i9-13900HX,1,1 x NVIDIA GeForce RTX 4070 Laptop GPU,9.1922,45.4722,31.70067596435547,machine,0.0,45.23076923076923,46.2,14.648390256441555,N,1.0,0.0
2026-05-09T03:31:23,Q298_qwen2.5:14b_HellaSwag,7b849cbf-a322-4094-ab09-d38fdfd4eaa6,5b0fa12a-3dd7-45bb-9766-cc326314d9f1,6.272420099994633,4.172770904988958e-05,6.652569245150732e-06,13.135656304640005,41.93636244441696,20.0,2.105624214240937e-05,7.305811400193374e-05,3.2058724999984e-05,0.0001261730811443,0.0,Italy,ITA,lombardy,,,Windows-11-10.0.26200-SP0,3.13.13,3.2.6,32,13th Gen Intel(R) Core(TM) i9-13900HX,1,1 x NVIDIA GeForce RTX 4070 Laptop GPU,9.1922,45.4722,31.70067596435547,machine,0.0,55.5,46.2,14.634591102600098,N,1.0,0.0
2026-05-09T03:31:56,Q299_qwen2.5:14b_GSM8K,7adc0362-789f-4c1c-a42e-2a64cc163b2e,5b0fa12a-3dd7-45bb-9766-cc326314d9f1,17.47380749999138,0.0001320492471139,7.556981906432097e-06,13.07261370752,50.39242094816477,20.0,6.028533477738639e-05,0.000247504642448,9.149051888881431e-05,0.0003992804961142,0.0,Italy,ITA,lombardy,,,Windows-11-10.0.26200-SP0,3.13.13,3.2.6,32,13th Gen Intel(R) Core(TM) i9-13900HX,1,1 x NVIDIA GeForce RTX 4070 Laptop GPU,9.1922,45.4722,31.70067596435547,machine,0.0,38.266666666666666,46.2,14.640203348795572,N,1.0,0.0
2026-05-09T03:33:08,Q300_qwen2.5:14b_MMLU,39e46917-852d-4bf8-b32d-21bede96383d,5b0fa12a-3dd7-45bb-9766-cc326314d9f1,37.26609140000073,0.0002989128698449,8.0210416122404e-06,13.20723362809143,55.82628471260541,20.0,0.0001312398826982,0.0005739449035999,0.0001986452738888,0.0009038300601871,0.0,Italy,ITA,lombardy,,,Windows-11-10.0.26200-SP0,3.13.13,3.2.6,32,13th Gen Intel(R) Core(TM) i9-13900HX,1,1 x NVIDIA GeForce RTX 4070 Laptop GPU,9.1922,45.4722,31.70067596435547,machine,0.0,41.34285714285714,46.19428571428572,14.638680703299386,N,1.0,0.0
2026-05-09T03:34:19,Q301_qwen2.5:14b_GSM8K,0a14c0cf-4e07-448b-99d7-b12021832410,5b0fa12a-3dd7-45bb-9766-cc326314d9f1,24.97680040000705,0.0001949950246182,7.807045798315168e-06,13.64374193024,53.51552509315576,20.0,9.124105032718364e-05,0.0003651966810459,0.0001331734316667,0.0005896111630399,0.0,Italy,ITA,lombardy,,,Windows-11-10.0.26200-SP0,3.13.13,3.2.6,32,13th Gen Intel(R) Core(TM) i9-13900HX,1,1 x NVIDIA GeForce RTX 4070 Laptop GPU,9.1922,45.4722,31.70067596435547,machine,3.6217391304347823,41.08695652173913,46.2,14.633658201798148,N,1.0,0.0
2026-05-09T03:35:19,Q302_qwen2.5:14b_GSM8K,ddf637f6-0c97-4517-9f3a-5780dc03688b,5b0fa12a-3dd7-45bb-9766-cc326314d9f1,14.662089800011016,0.0001126392700006,7.682347573710067e-06,13.173199122285714,51.59088414412953,20.0,5.1815151125598856e-05,0.000210108223642,7.866670500006875e-05,0.0003405900797677,0.0,Italy,ITA,lombardy,,,Windows-11-10.0.26200-SP0,3.13.13,3.2.6,32,13th Gen Intel(R) Core(TM) i9-13900HX,1,1 x NVIDIA GeForce RTX 4070 Laptop GPU,9.1922,45.4722,31.70067596435547,machine,0.0,43.0,46.25384615384615,14.660474337064302,N,1.0,0.0
2026-05-09T03:35:57,Q303_qwen2.5:14b_HellaSwag,da6f8e7d-82d6-4839-8e41-c15f6847ae53,5b0fa12a-3dd7-45bb-9766-cc326314d9f1,13.473847199988086,0.0001009152056668,7.489709818506983e-06,13.419771536000002,49.38019298515844,20.0,4.834109840129654e-05,0.0001847548700261,7.204377499995947e-05,0.0003051397434273,0.0,Italy,ITA,lombardy,,,Windows-11-10.0.26200-SP0,3.13.13,3.2.6,32,13th Gen Intel(R) Core(TM) i9-13900HX,1,1 x NVIDIA GeForce RTX 4070 Laptop GPU,9.1922,45.4722,31.70067596435547,machine,0.0,40.72727272727273,46.3,14.66701264814897,N,1.0,0.0
2026-05-09T03:36:41,Q304_qwen2.5:14b_HellaSwag,62c7a67c-6435-4c4e-a6fa-92248238243a,5b0fa12a-3dd7-45bb-9766-cc326314d9f1,8.717072599989478,6.119334489009863e-05,7.019942095029986e-06,13.1861424656,45.14278533484436,20.0,3.0091577798361505e-05,0.000109299809662,4.564040666664369e-05,0.000185031794127,0.0,Italy,ITA,lombardy,,,Windows-11-10.0.26200-SP0,3.13.13,3.2.6,32,13th Gen Intel(R) Core(TM) i9-13900HX,1,1 x NVIDIA GeForce RTX 4070 Laptop GPU,9.1922,45.4722,31.70067596435547,machine,0.0,33.285714285714285,46.2,14.634225027901786,N,1.0,0.0
2026-05-09T03:37:15,Q305_qwen2.5:14b_MMLU,62f343ae-5a77-4034-896b-bb5a11cef642,5b0fa12a-3dd7-45bb-9766-cc326314d9f1,8.384057100003702,5.7467580229412704e-05,6.854387982327474e-06,13.3586956928,43.25621810783883,20.0,2.9249042335361512e-05,0.0001007275805819,4.378948666667889e-05,0.000173766109584,0.0,Italy,ITA,lombardy,,,Windows-11-10.0.26200-SP0,3.13.13,3.2.6,32,13th Gen Intel(R) Core(TM) i9-13900HX,1,1 x NVIDIA GeForce RTX 4070 Laptop GPU,9.1922,45.4722,31.70067596435547,machine,0.0,41.16666666666666,46.20000000000001,14.63519605000814,N,1.0,0.0
2026-05-09T03:37:37,Q306_qwen2.5:14b_SQuAD,3add488b-611a-45b1-af10-cc066f18b6f3,5b0fa12a-3dd7-45bb-9766-cc326314d9f1,6.9931815000018105,4.952376259603258e-05,7.081721330415886e-06,13.395124371200003,46.1009054122646,20.0,2.415061037097349e-05,8.953757162999398e-05,3.605801444444094e-05,0.0001497461964454,0.0,Italy,ITA,lombardy,,,Windows-11-10.0.26200-SP0,3.13.13,3.2.6,32,13th Gen Intel(R) Core(TM) i9-13900HX,1,1 x NVIDIA GeForce RTX 4070 Laptop GPU,9.1922,45.4722,31.70067596435547,machine,0.0,47.6,46.3,14.674827575683594,N,1.0,0.0
2026-05-09T03:38:04,Q307_qwen2.5:14b_GSM8K,1d7270af-4687-4c26-9422-e7a241563dfa,5b0fa12a-3dd7-45bb-9766-cc326314d9f1,11.085680599993792,8.37723315948609e-05,7.55680545179227e-06,13.61574877952,50.16852175812679,20.0,4.002962213722169e-05,0.00015447651247,5.879828666665061e-05,0.0002533044212738,0.0,Italy,ITA,lombardy,,,Windows-11-10.0.26200-SP0,3.13.13,3.2.6,32,13th Gen Intel(R) Core(TM) i9-13900HX,1,1 x NVIDIA GeForce RTX 4070 Laptop GPU,9.1922,45.4722,31.70067596435547,machine,0.0,43.11111111111112,46.3,14.6742918226454,N,1.0,0.0
2026-05-09T03:38:41,Q308_qwen2.5:14b_HellaSwag,7ebb9196-6e36-428a-b3a0-79a89da9ddb3,5b0fa12a-3dd7-45bb-9766-cc326314d9f1,11.772563800011994,8.582184286771631e-05,7.289987493431879e-06,13.45799022778182,47.32807736078553,20.0,4.213238084537636e-05,0.0001547567904719,6.261240666669133e-05,0.000259501577984,0.0,Italy,ITA,lombardy,,,Windows-11-10.0.26200-SP0,3.13.13,3.2.6,32,13th Gen Intel(R) Core(TM) i9-13900HX,1,1 x NVIDIA GeForce RTX 4070 Laptop GPU,9.1922,45.4722,31.70067596435547,machine,0.0,41.0,46.3,14.688632583618164,N,1.0,0.0
2026-05-09T03:39:43,Q309_qwen2.5:14b_MMLU,cc45c5dc-d0cc-4b71-9e46-b346ef3d04a6,5b0fa12a-3dd7-45bb-9766-cc326314d9f1,37.12724129999697,0.0002904660360776,7.823528651930574e-06,13.20890616898286,54.56233358913866,20.0,0.0001308633420446,0.000549555161866,0.000197870661111,0.0008782891650217,0.0,Italy,ITA,lombardy,,,Windows-11-10.0.26200-SP0,3.13.13,3.2.6,32,13th Gen Intel(R) Core(TM) i9-13900HX,1,1 x NVIDIA GeForce RTX 4070 Laptop GPU,9.1922,45.4722,31.70067596435547,machine,0.2371428571428571,40.2,46.3,14.682836478097098,N,1.0,0.0
2026-05-09T03:40:35,Q310_qwen2.5:14b_SQuAD,122bf108-fc70-4f90-ab52-8db42220e727,5b0fa12a-3dd7-45bb-9766-cc326314d9f1,7.127117999989423,4.842824814054854e-05,6.794927225930651e-06,13.628606508800004,42.71011349198953,20.0,2.5081365859767933e-05,8.454617874797954e-05,3.680611833333387e-05,0.000146433662941,0.0,Italy,ITA,lombardy,,,Windows-11-10.0.26200-SP0,3.13.13,3.2.6,32,13th Gen Intel(R) Core(TM) i9-13900HX,1,1 x NVIDIA GeForce RTX 4070 Laptop GPU,9.1922,45.4722,31.70067596435547,machine,0.0,51.2,46.3,14.676973724365237,N,1.0,0.0
2026-05-09T03:41:12,Q311_qwen2.5:14b_SQuAD,e0b9a0eb-fecd-4dfa-ac7c-43c05482b712,5b0fa12a-3dd7-45bb-9766-cc326314d9f1,11.289490600000136,8.396814068715192e-05,7.437726259070618e-06,13.53523559168,48.921156191944135,20.0,4.0560121229497264e-05,0.0001534045671679,5.9931805555566425e-05,0.000253896493953,0.0,Italy,ITA,lombardy,,,Windows-11-10.0.26200-SP0,3.13.13,3.2.6,32,13th Gen Intel(R) Core(TM) i9-13900HX,1,1 x NVIDIA GeForce RTX 4070 Laptop GPU,9.1922,45.4722,31.70067596435547,machine,0.0,43.888888888888886,46.3,14.681087917751736,N,1.0,0.0
2026-05-09T03:41:44,Q312_qwen2.5:14b_MMLU,df0f3d08-1c03-470c-bc47-14fbe8d7c898,5b0fa12a-3dd7-45bb-9766-cc326314d9f1,7.161657899996499,4.9878041928546416e-05,6.96459431950398e-06,13.437010764800002,44.75515660350278,20.0,2.484718655836299e-05,8.898784896804735e-05,3.698240388888128e-05,0.0001508174394152,0.0,Italy,ITA,lombardy,,,Windows-11-10.0.26200-SP0,3.13.13,3.2.6,32,13th Gen Intel(R) Core(TM) i9-13900HX,1,1 x NVIDIA GeForce RTX 4070 Laptop GPU,9.1922,45.4722,31.70067596435547,machine,0.0,35.2,46.3,14.67046356201172,N,1.0,0.0
2026-05-09T03:42:19,Q313_qwen2.5:14b_GSM8K,263b2210-31a0-434e-ac86-fb21ef14287e,5b0fa12a-3dd7-45bb-9766-cc326314d9f1,19.25094470000477,0.000149163624966,7.748379484253541e-06,13.61025579584,53.00486731673482,20.0,6.945622272935164e-05,0.0002802052241639,0.0001013682066665,0.0004510296535598,0.0,Italy,ITA,lombardy,,,Windows-11-10.0.26200-SP0,3.13.13,3.2.6,32,13th Gen Intel(R) Core(TM) i9-13900HX,1,1 x NVIDIA GeForce RTX 4070 Laptop GPU,9.1922,45.4722,31.70067596435547,machine,11.229411764705883,43.0,46.28823529411765,14.67337215647978,N,1.0,0.0
2026-05-09T03:43:03,Q314_qwen2.5:14b_HellaSwag,ed43938d-6c8c-4a71-9b2f-586345410895,5b0fa12a-3dd7-45bb-9766-cc326314d9f1,9.158657199994195,6.454693368756477e-05,7.047641622355477e-06,13.8118646144,44.76224623751566,20.0,3.321233154497069e-05,0.0001138681466499,4.809164333330248e-05,0.0001951721215282,0.0,Italy,ITA,lombardy,,,Windows-11-10.0.26200-SP0,3.13.13,3.2.6,32,13th Gen Intel(R) Core(TM) i9-13900HX,1,1 x NVIDIA GeForce RTX 4070 Laptop GPU,9.1922,45.4722,31.70067596435547,machine,0.0,44.85714285714285,46.2,14.64930180140904,N,1.0,0.0
2026-05-09T03:43:55,Q315_qwen2.5:14b_HumanEval,1fcc8732-da53-4119-bcdb-1fd194b8842b,5b0fa12a-3dd7-45bb-9766-cc326314d9f1,26.206518099992536,0.0002030026057805,7.746263925866979e-06,13.547676233774546,52.58375910778702,20.0,9.47371951100734e-05,0.0003790991921679,0.0001399874922221,0.0006138238795002,0.0,Italy,ITA,lombardy,,,Windows-11-10.0.26200-SP0,3.13.13,3.2.6,32,13th Gen Intel(R) Core(TM) i9-13900HX,1,1 x NVIDIA GeForce RTX 4070 Laptop GPU,9.1922,45.4722,31.70067596435547,machine,0.0,40.54166666666666,46.20000000000001,14.653690338134766,N,1.0,0.0
2026-05-09T03:44:47,Q316_qwen2.5:14b_HellaSwag,3c4d45dc-bb8d-475e-a530-cdffaaddcf19,5b0fa12a-3dd7-45bb-9766-cc326314d9f1,6.774998300010338,4.4877890317588e-05,6.624044513416264e-06,13.056442784000003,41.50426308930205,20.0,2.275026836333869e-05,7.809978470196821e-05,3.4848307222273435e-05,0.0001356983602875,0.0,Italy,ITA,lombardy,,,Windows-11-10.0.26200-SP0,3.13.13,3.2.6,32,13th Gen Intel(R) Core(TM) i9-13900HX,1,1 x NVIDIA GeForce RTX 4070 Laptop GPU,9.1922,45.4722,31.70067596435547,machine,0.0,43.0,46.220000000000006,14.6566162109375,N,1.0,0.0
2026-05-09T03:45:10,Q317_qwen2.5:14b_HellaSwag,13daee82-aec0-4a77-b433-691ef150ce0d,5b0fa12a-3dd7-45bb-9766-cc326314d9f1,8.673243900004309,6.416154086197731e-05,7.397640560061437e-06,13.1102478848,49.33719315243837,20.0,2.975751318819393e-05,0.00011885426175,4.539502499998586e-05,0.0001940067999382,0.0,Italy,ITA,lombardy,,,Windows-11-10.0.26200-SP0,3.13.13,3.2.6,32,13th Gen Intel(R) Core(TM) i9-13900HX,1,1 x NVIDIA GeForce RTX 4070 Laptop GPU,9.1922,45.4722,31.70067596435547,machine,0.0,31.857142857142858,46.2,14.654108319963727,N,1.0,0.0
2026-05-09T03:45:54,Q318_qwen2.5:14b_GSM8K,2edc4810-cc93-4a67-86c8-a506b63e5558,5b0fa12a-3dd7-45bb-9766-cc326314d9f1,18.43539490000694,0.0001380406256122,7.487804105146986e-06,13.44149290112,52.80481653945748,20.0,6.53279660587663e-05,0.000255229926406,9.68388794444359e-05,0.0004173967719092,0.0,Italy,ITA,lombardy,,,Windows-11-10.0.26200-SP0,3.13.13,3.2.6,32,13th Gen Intel(R) Core(TM) i9-13900HX,1,1 x NVIDIA GeForce RTX 4070 Laptop GPU,9.1922,45.4722,31.70067596435547,machine,0.0,41.1875,46.2,14.659208536148071,N,1.0,0.0
2026-05-09T03:46:36,Q319_qwen2.5:14b_MMLU,6fd60bb8-876f-4d45-8f88-8e01f3f96180,5b0fa12a-3dd7-45bb-9766-cc326314d9f1,6.529343100002734,4.299681077730177e-05,6.5851663971041385e-06,13.419419409920003,40.84404743926913,20.0,2.2465741533782755e-05,7.406311480595562e-05,3.348163833337215e-05,0.0001300104946731,0.0,Italy,ITA,lombardy,,,Windows-11-10.0.26200-SP0,3.13.13,3.2.6,32,13th Gen Intel(R) Core(TM) i9-13900HX,1,1 x NVIDIA GeForce RTX 4070 Laptop GPU,9.1922,45.4722,31.70067596435547,machine,0.0,45.25,46.2,14.641797065734863,N,1.0,0.0
2026-05-09T03:46:56,Q320_qwen2.5:14b_SQuAD,854f60c4-842c-48ee-825e-bbe9e56da025,5b0fa12a-3dd7-45bb-9766-cc326314d9f1,5.015845799993258,3.337531094446473e-05,6.653974678509772e-06,13.316519244800002,42.46219568715792,20.0,1.6693644380649298e-05,5.9152825099939577e-05,2.5071263888821704e-05,0.0001009177333694,0.0,Italy,ITA,lombardy,,,Windows-11-10.0.26200-SP0,3.13.13,3.2.6,32,13th Gen Intel(R) Core(TM) i9-13900HX,1,1 x NVIDIA GeForce RTX 4070 Laptop GPU,9.1922,45.4722,31.70067596435547,machine,0.0,45.333333333333336,46.20000000000001,14.645982106526692,N,1.0,0.0
2026-05-09T03:47:20,Q321_qwen2.5:14b_MMLU,382b1d0d-5731-448c-94ba-2d822522779e,5b0fa12a-3dd7-45bb-9766-cc326314d9f1,8.676198000001023,6.0384432413579454e-05,6.95978035696884e-06,13.256846350400002,44.43073240857301,20.0,3.0101868065585388e-05,0.000107071474546,4.541252333332927e-05,0.0001825858659449,0.0,Italy,ITA,lombardy,,,Windows-11-10.0.26200-SP0,3.13.13,3.2.6,32,13th Gen Intel(R) Core(TM) i9-13900HX,1,1 x NVIDIA GeForce RTX 4070 Laptop GPU,9.1922,45.4722,31.70067596435547,machine,0.0,38.142857142857146,46.2,14.649362291608538,N,1.0,0.0
2026-05-09T03:47:49,Q322_qwen2.5:14b_SQuAD,ddb4c177-648f-4b91-bd69-8710ca690f97,5b0fa12a-3dd7-45bb-9766-cc326314d9f1,3.432054300006712,1.9557800942587386e-05,5.698569787357133e-06,13.008186272,33.858789377187264,20.0,1.0587818454661656e-05,3.22716924839872e-05,1.6277883888930472e-05,5.913739482757933e-05,0.0,Italy,ITA,lombardy,,,Windows-11-10.0.26200-SP0,3.13.13,3.2.6,32,13th Gen Intel(R) Core(TM) i9-13900HX,1,1 x NVIDIA GeForce RTX 4070 Laptop GPU,9.1922,45.4722,31.70067596435547,machine,0.0,27.0,46.2,14.647750854492188,N,1.0,0.0
2026-05-09T03:48:41,Q323_qwen2.5:14b_HumanEval,7808a208-c30a-42bf-a5b7-124629c5223a,5b0fa12a-3dd7-45bb-9766-cc326314d9f1,37.34822140001052,0.0002992890468838,8.013475224920311e-06,13.571724008708571,55.71722611271855,20.0,0.0001353326226747,0.0005705490675499,0.0001990858255555,0.0009049675157802,0.0,Italy,ITA,lombardy,,,Windows-11-10.0.26200-SP0,3.13.13,3.2.6,32,13th Gen Intel(R) Core(TM) i9-13900HX,1,1 x NVIDIA GeForce RTX 4070 Laptop GPU,9.1922,45.4722,31.70067596435547,machine,0.8857142857142857,41.0,46.20285714285715,14.64901885986328,N,1.0,0.0
2026-05-09T03:49:34,Q324_qwen2.5:14b_MMLU,f17ff55c-bf8a-468d-99eb-43db8db3f6cb,5b0fa12a-3dd7-45bb-9766-cc326314d9f1,7.076589000003878,4.7993690031403896e-05,6.7820372260389285e-06,13.345712652800003,42.87287331523317,20.0,2.436591003803796e-05,8.4239511836115e-05,3.65142572222491e-05,0.0001451196790964,0.0,Italy,ITA,lombardy,,,Windows-11-10.0.26200-SP0,3.13.13,3.2.6,32,13th Gen Intel(R) Core(TM) i9-13900HX,1,1 x NVIDIA GeForce RTX 4070 Laptop GPU,9.1922,45.4722,31.70067596435547,machine,0.0,49.6,46.0,14.594306182861327,N,1.0,0.0
2026-05-09T03:50:19,Q325_qwen2.5:14b_HumanEval,013282ae-1b03-4540-a255-e6e3e83c14ca,5b0fa12a-3dd7-45bb-9766-cc326314d9f1,29.84498039999744,0.0002379993000126,7.974516880993243e-06,13.18696199168,54.97036979940028,20.0,0.0001056768562215,0.00045373786299,0.0001602295094444,0.0007196442286561,0.0,Italy,ITA,lombardy,,,Windows-11-10.0.26200-SP0,3.13.13,3.2.6,32,13th Gen Intel(R) Core(TM) i9-13900HX,1,1 x NVIDIA GeForce RTX 4070 Laptop GPU,9.1922,45.4722,31.70067596435547,machine,6.25,40.17857142857143,46.00357142857143,14.594853128705706,N,1.0,0.0
2026-05-09T03:51:23,Q326_qwen2.5:14b_MMLU,98bfc5f9-4109-4b8d-ab2f-8683d25acc89,5b0fa12a-3dd7-45bb-9766-cc326314d9f1,18.62539139999717,0.0001457448178374,7.825060676979632e-06,13.45966327808,51.71804996094461,20.0,6.637174387497897e-05,0.000276441332264,9.787904777767834e-05,0.0004406921239166,0.0,Italy,ITA,lombardy,,,Windows-11-10.0.26200-SP0,3.13.13,3.2.6,32,13th Gen Intel(R) Core(TM) i9-13900HX,1,1 x NVIDIA GeForce RTX 4070 Laptop GPU,9.1922,45.4722,31.70067596435547,machine,6.25,40.6875,46.0,14.571876764297484,N,1.0,0.0
2026-05-09T03:52:06,Q327_qwen2.5:14b_SQuAD,1c5a118d-e48f-4c57-ab6a-9fb3606e8bab,5b0fa12a-3dd7-45bb-9766-cc326314d9f1,8.291342200012878,6.0023315055792176e-05,7.239276055413435e-06,13.281504237714287,47.54228878890891,20.0,2.8737134641722308e-05,0.0001094836986978,4.327311333335173e-05,0.0001814939466729,0.0,Italy,ITA,lombardy,,,Windows-11-10.0.26200-SP0,3.13.13,3.2.6,32,13th Gen Intel(R) Core(TM) i9-13900HX,1,1 x NVIDIA GeForce RTX 4070 Laptop GPU,9.1922,45.4722,31.70067596435547,machine,8.733333333333333,47.16666666666666,46.0,14.57953198750814,N,1.0,0.0
2026-05-09T03:53:06,Q328_qwen2.5:14b_HumanEval,f21fe06d-2212-413f-8a5f-b8d7b394bc0a,5b0fa12a-3dd7-45bb-9766-cc326314d9f1,34.94219049999083,0.000273852507827,7.837302238595897e-06,13.14994693856,54.84781768816597,20.0,0.0001225682672439,0.000519759026918,0.0001857271444443,0.0008280544386063,0.0,Italy,ITA,lombardy,,,Windows-11-10.0.26200-SP0,3.13.13,3.2.6,32,13th Gen Intel(R) Core(TM) i9-13900HX,1,1 x NVIDIA GeForce RTX 4070 Laptop GPU,9.1922,45.4722,31.70067596435547,machine,1.5151515151515151,40.45454545454545,46.0,14.589800401167436,N,1.0,0.0
2026-05-09T03:54:29,Q329_qwen2.5:14b_HumanEval,a5aec304-4e86-404f-9d01-b46db2df554c,5b0fa12a-3dd7-45bb-9766-cc326314d9f1,37.45137920000707,0.0002973405531048,7.939375250158522e-06,13.350952559405714,55.27246757574459,20.0,0.0001339699629756,0.0005654398967959,0.0001996659483332,0.0008990758081049,0.0,Italy,ITA,lombardy,,,Windows-11-10.0.26200-SP0,3.13.13,3.2.6,32,13th Gen Intel(R) Core(TM) i9-13900HX,1,1 x NVIDIA GeForce RTX 4070 Laptop GPU,9.1922,45.4722,31.70067596435547,machine,0.0,41.65714285714286,46.0,14.586893790108816,N,1.0,0.0
2026-05-09T03:55:52,Q330_qwen2.5:14b_HumanEval,ac1bfb7d-6a2b-460d-9274-50fc27e5c7ce,5b0fa12a-3dd7-45bb-9766-cc326314d9f1,37.46010569999635,0.0002971019366084,7.931155853853236e-06,13.193860943794286,54.95811198139737,20.0,0.0001319936271306,0.0005666154532919,0.0001997452172221,0.0008983542976447,0.0,Italy,ITA,lombardy,,,Windows-11-10.0.26200-SP0,3.13.13,3.2.6,32,13th Gen Intel(R) Core(TM) i9-13900HX,1,1 x NVIDIA GeForce RTX 4070 Laptop GPU,9.1922,45.4722,31.70067596435547,machine,0.0,39.34285714285714,46.0,14.589858245849609,N,1.0,0.0
2026-05-09T03:56:53,Q331_qwen2.5:14b_HellaSwag,184fb63a-ecde-4f1c-976e-eb63e06d1983,5b0fa12a-3dd7-45bb-9766-cc326314d9f1,15.892226999989362,0.0001213331744798,7.634749647100413e-06,13.18154948864,50.976012423717,20.0,5.6352693034435536e-05,0.0002250237911299,8.550156444438876e-05,0.0003668780486088,0.0,Italy,ITA,lombardy,,,Windows-11-10.0.26200-SP0,3.13.13,3.2.6,32,13th Gen Intel(R) Core(TM) i9-13900HX,1,1 x NVIDIA GeForce RTX 4070 Laptop GPU,9.1922,45.4722,31.70067596435547,machine,0.0,37.642857142857146,46.0,14.58702496119908,N,1.0,0.0
2026-05-09T03:58:06,Q332_qwen2.5:14b_HumanEval,d8635018-5078-4a57-bc0d-63d0943a7a79,5b0fa12a-3dd7-45bb-9766-cc326314d9f1,37.49354729999322,0.0003004807963759,8.014200256158874e-06,13.617693755931429,55.16675173678771,20.0,0.0001361862239641,0.000572460735746,0.0001999240777777,0.0009085710374878,0.0,Italy,ITA,lombardy,,,Windows-11-10.0.26200-SP0,3.13.13,3.2.6,32,13th Gen Intel(R) Core(TM) i9-13900HX,1,1 x NVIDIA GeForce RTX 4070 Laptop GPU,9.1922,45.4722,31.70067596435547,machine,0.0,38.0,46.011428571428574,14.59461451939174,N,1.0,0.0
2026-05-09T03:59:27,Q333_qwen2.5:14b_HumanEval,d365c9ed-3063-483d-bb4f-e8cbf65c3878,5b0fa12a-3dd7-45bb-9766-cc326314d9f1,36.07809480000287,0.0002853611083963,7.909539291866645e-06,13.23517245824,53.8950320520809,20.0,0.0001274448928158,0.000543375990256,0.0001920323888888,0.0008628532719607,0.0,Italy,ITA,lombardy,,,Windows-11-10.0.26200-SP0,3.13.13,3.2.6,32,13th Gen Intel(R) Core(TM) i9-13900HX,1,1 x NVIDIA GeForce RTX 4070 Laptop GPU,9.1922,45.4722,31.70067596435547,machine,1.8088235294117647,39.85294117647059,46.0,14.58153455397662,N,1.0,0.0
2026-05-09T04:00:20,Q334_qwen2.5:14b_MMLU,6fdee0f1-0547-46d3-803b-af7d24f3b101,5b0fa12a-3dd7-45bb-9766-cc326314d9f1,7.45812909999222,5.213981504060076e-05,6.991004626167592e-06,13.400104467200002,44.954411347844655,20.0,2.5892928433451635e-05,9.311840782799674e-05,3.864508111105857e-05,0.0001576564173725,0.0,Italy,ITA,lombardy,,,Windows-11-10.0.26200-SP0,3.13.13,3.2.6,32,13th Gen Intel(R) Core(TM) i9-13900HX,1,1 x NVIDIA GeForce RTX 4070 Laptop GPU,9.1922,45.4722,31.70067596435547,machine,0.0,59.0,46.0,14.590191650390626,N,1.0,0.0
2026-05-09T04:01:00,Q335_qwen2.5:14b_MMLU,b9bb7017-87ea-4e85-9511-a2e495c1fdb2,5b0fa12a-3dd7-45bb-9766-cc326314d9f1,14.70081239999854,0.0001105214907966,7.51805327416252e-06,13.17440160457143,49.79991204277547,20.0,5.195979198823135e-05,0.0002033476626781,7.887904499996997e-05,0.0003341864996663,0.0,Italy,ITA,lombardy,,,Windows-11-10.0.26200-SP0,3.13.13,3.2.6,32,13th Gen Intel(R) Core(TM) i9-13900HX,1,1 x NVIDIA GeForce RTX 4070 Laptop GPU,9.1922,45.4722,31.70067596435547,machine,0.0,40.38461538461539,46.0,14.592435983511118,N,1.0,0.0
2026-05-09T04:01:30,Q336_qwen2.5:14b_SQuAD,207ae9fd-f5c7-4076-bc98-535219ed9aa0,5b0fa12a-3dd7-45bb-9766-cc326314d9f1,4.694838399998844,2.87415018067216e-05,6.1219363390076805e-06,13.202010156800002,37.04991108308924,20.0,1.536271531550803e-05,4.827114972805191e-05,2.3272507777760943e-05,8.690637282132088e-05,0.0,Italy,ITA,lombardy,,,Windows-11-10.0.26200-SP0,3.13.13,3.2.6,32,13th Gen Intel(R) Core(TM) i9-13900HX,1,1 x NVIDIA GeForce RTX 4070 Laptop GPU,9.1922,45.4722,31.70067596435547,machine,0.0,36.66666666666666,46.03333333333333,14.598069508870443,N,1.0,0.0
2026-05-09T04:02:06,Q337_qwen2.5:14b_GSM8K,fb214c76-b0d2-42d6-8554-176e082613a9,5b0fa12a-3dd7-45bb-9766-cc326314d9f1,20.48435069998959,0.0001540516856704,7.520457344568778e-06,13.13857847168,51.66273462093278,20.0,7.12665571973123e-05,0.0002863327290659,0.0001082105144444,0.0004658098007077,0.0,Italy,ITA,lombardy,,,Windows-11-10.0.26200-SP0,3.13.13,3.2.6,32,13th Gen Intel(R) Core(TM) i9-13900HX,1,1 x NVIDIA GeForce RTX 4070 Laptop GPU,9.1922,45.4722,31.70067596435547,machine,0.0,39.16666666666666,46.1,14.60183016459147,N,1.0,0.0
2026-05-09T04:02:47,Q338_qwen2.5:14b_SQuAD,8fc892a6-629b-4980-8bac-b2f87db8de71,5b0fa12a-3dd7-45bb-9766-cc326314d9f1,6.331313400005456,4.253080884025531e-05,6.717533338377889e-06,13.076765212160002,42.675402766737655,20.0,2.1174393332441342e-05,7.50431155900344e-05,3.23839244444874e-05,0.0001286014333669,0.0,Italy,ITA,lombardy,,,Windows-11-10.0.26200-SP0,3.13.13,3.2.6,32,13th Gen Intel(R) Core(TM) i9-13900HX,1,1 x NVIDIA GeForce RTX 4070 Laptop GPU,9.1922,45.4722,31.70067596435547,machine,0.0,54.25,46.075,14.598308563232422,N,1.0,0.0
2026-05-09T04:03:06,Q339_qwen2.5:14b_SQuAD,25151e9c-2f1d-4333-8cfe-c3fe941966a2,5b0fa12a-3dd7-45bb-9766-cc326314d9f1,3.5659270000032848,1.857540887680513e-05,5.209138851352823e-06,12.928094528000004,28.414805520748526,20.0,1.1004107489502084e-05,2.8140022511946583e-05,1.7022782222274046e-05,5.616691222372271e-05,0.0,Italy,ITA,lombardy,,,Windows-11-10.0.26200-SP0,3.13.13,3.2.6,32,13th Gen Intel(R) Core(TM) i9-13900HX,1,1 x NVIDIA GeForce RTX 4070 Laptop GPU,9.1922,45.4722,31.70067596435547,machine,0.0,25.0,46.05,14.597929000854492,N,1.0,0.0
2026-05-09T04:03:52,Q340_qwen2.5:14b_HumanEval,a35eaf73-b8ef-4c9d-9883-2ccf1b37c062,5b0fa12a-3dd7-45bb-9766-cc326314d9f1,30.88034699999844,0.0002436615651643,7.890506060841714e-06,13.51363877864,53.63943425598561,20.0,0.0001121507023331,0.000458656200258,0.0001659584538888,0.00073676535648,0.0,Italy,ITA,lombardy,,,Windows-11-10.0.26200-SP0,3.13.13,3.2.6,32,13th Gen Intel(R) Core(TM) i9-13900HX,1,1 x NVIDIA GeForce RTX 4070 Laptop GPU,9.1922,45.4722,31.70067596435547,machine,2.3000000000000003,42.75862068965517,46.0,14.585989590348868,N,1.0,0.0
2026-05-09T04:04:58,Q341_qwen2.5:14b_GSM8K,34b92c53-f78d-4b26-8f19-632d267c610d,5b0fa12a-3dd7-45bb-9766-cc326314d9f1,20.348606900006416,0.0001578675822392,7.758151848673917e-06,13.173639441920002,53.31287693162707,20.0,7.090511288061917e-05,0.000298967739174,0.0001074751672222,0.0004773480192769,0.0,Italy,ITA,lombardy,,,Windows-11-10.0.26200-SP0,3.13.13,3.2.6,32,13th Gen Intel(R) Core(TM) i9-13900HX,1,1 x NVIDIA GeForce RTX 4070 Laptop GPU,9.1922,45.4722,31.70067596435547,machine,0.0,41.72222222222222,46.0,14.595716052585178,N,1.0,0.0
2026-05-09T04:05:58,Q342_qwen2.5:14b_GSM8K,f9f2df8b-7aea-42b1-8f71-5f30ed4b2df1,5b0fa12a-3dd7-45bb-9766-cc326314d9f1,24.779394500001217,0.0001902335442229,7.677086065316533e-06,13.159266368000004,52.62685872855712,20.0,8.697685433911741e-05,0.000356167507156,0.0001320693983332,0.0005752137598284,0.0,Italy,ITA,lombardy,,,Windows-11-10.0.26200-SP0,3.13.13,3.2.6,32,13th Gen Intel(R) Core(TM) i9-13900HX,1,1 x NVIDIA GeForce RTX 4070 Laptop GPU,9.1922,45.4722,31.70067596435547,machine,0.0,44.130434782608695,46.0,14.588880953581436,N,1.0,0.0
2026-05-09T04:06:51,Q343_qwen2.5:14b_MMLU,b92d06f7-8cac-4c37-bce6-c1e153ea3ad6,5b0fa12a-3dd7-45bb-9766-cc326314d9f1,6.981643299994175,5.041223482061146e-05,7.220683248119181e-06,13.1894837504,47.80066793949207,20.0,2.3741226093523625e-05,9.269201859807286e-05,3.5999446666634566e-05,0.0001524326913582,0.0,Italy,ITA,lombardy,,,Windows-11-10.0.26200-SP0,3.13.13,3.2.6,32,13th Gen Intel(R) Core(TM) i9-13900HX,1,1 x NVIDIA GeForce RTX 4070 Laptop GPU,9.1922,45.4722,31.70067596435547,machine,0.0,39.0,46.02,14.594617462158205,N,1.0,0.0
2026-05-09T04:07:15,Q344_qwen2.5:14b_HellaSwag,7ac0ce49-b8d8-41e5-9c34-d0b957ffb5fd,5b0fa12a-3dd7-45bb-9766-cc326314d9f1,8.81147410000267,6.255073156937348e-05,7.098781754275886e-06,13.1485178432,46.02143152513272,20.0,3.034791689413139e-05,0.0001126273123239,4.61609277778027e-05,0.0001891361569959,0.0,Italy,ITA,lombardy,,,Windows-11-10.0.26200-SP0,3.13.13,3.2.6,32,13th Gen Intel(R) Core(TM) i9-13900HX,1,1 x NVIDIA GeForce RTX 4070 Laptop GPU,9.1922,45.4722,31.70067596435547,machine,5.714285714285714,44.42857142857143,46.25714285714286,14.660438537597656,N,1.0,0.0
2026-05-09T04:08:11,Q345_qwen2.5:14b_HumanEval,f55a1a47-d519-4f43-93cb-5a22b5dfa68d,5b0fa12a-3dd7-45bb-9766-cc326314d9f1,30.92905720000272,0.0002449840296355,7.920837290687759e-06,13.447209273680002,54.02466497233787,20.0,0.0001118560840934,0.000462665370132,0.0001662426699999,0.0007407641242254,0.0,Italy,ITA,lombardy,,,Windows-11-10.0.26200-SP0,3.13.13,3.2.6,32,13th Gen Intel(R) Core(TM) i9-13900HX,1,1 x NVIDIA GeForce RTX 4070 Laptop GPU,9.1922,45.4722,31.70067596435547,machine,4.679310344827586,38.44827586206897,46.272413793103446,14.660086664660223,N,1.0,0.0
2026-05-09T04:09:30,Q346_qwen2.5:14b_HumanEval,32f003a3-0667-4b40-a8e3-f819c3c1097a,5b0fa12a-3dd7-45bb-9766-cc326314d9f1,34.196296499998425,0.0002761640199639,8.0758458730754e-06,13.506224792000005,55.84158086183101,20.0,0.0001230147815334,0.0005304287576759,0.0001816002744444,0.0008350438136538,0.0,Italy,ITA,lombardy,,,Windows-11-10.0.26200-SP0,3.13.13,3.2.6,32,13th Gen Intel(R) Core(TM) i9-13900HX,1,1 x NVIDIA GeForce RTX 4070 Laptop GPU,9.1922,45.4722,31.70067596435547,machine,0.0,40.5,46.2,14.642119765281675,N,1.0,0.0
2026-05-09T04:10:44,Q347_qwen2.5:14b_HumanEval,62e49aba-6ffb-4d5c-9d0e-b1e4e2c8ab8e,5b0fa12a-3dd7-45bb-9766-cc326314d9f1,28.483239699999103,0.0002212097102571,7.766311437429951e-06,13.307932517415384,52.71647104875603,20.0,0.0001017026619747,0.000414526998288,0.0001526474805555,0.0006688771408183,0.0,Italy,ITA,lombardy,,,Windows-11-10.0.26200-SP0,3.13.13,3.2.6,32,13th Gen Intel(R) Core(TM) i9-13900HX,1,1 x NVIDIA GeForce RTX 4070 Laptop GPU,9.1922,45.4722,31.70067596435547,machine,3.4615384615384617,39.11538461538461,46.10000000000001,14.62116344158466,N,1.0,0.0
2026-05-09T04:11:38,Q348_qwen2.5:14b_MMLU,06a02acf-16ba-4695-9885-5b1c848a9b0d,5b0fa12a-3dd7-45bb-9766-cc326314d9f1,8.329474999991362,6.118492712939191e-05,7.345592264753224e-06,13.459149006628571,48.53885037113785,20.0,2.925859465739304e-05,0.00011227092315,4.3476823333346855e-05,0.0001850063411407,0.0,Italy,ITA,lombardy,,,Windows-11-10.0.26200-SP0,3.13.13,3.2.6,32,13th Gen Intel(R) Core(TM) i9-13900HX,1,1 x NVIDIA GeForce RTX 4070 Laptop GPU,9.1922,45.4722,31.70067596435547,machine,0.0,29.33333333333333,46.20000000000001,14.63110605875651,N,1.0,0.0
2026-05-09T04:12:14,Q349_qwen2.5:14b_MMLU,e5f8a39d-c2bf-4c93-900b-10ee659fa3ef,5b0fa12a-3dd7-45bb-9766-cc326314d9f1,10.79856789999758,7.883548693247976e-05,7.300550189854104e-06,13.384597583360003,47.639431170060895,20.0,3.8283385583828144e-05,0.0001428890031999,5.720437611105607e-05,0.0002383767648948,0.0,Italy,ITA,lombardy,,,Windows-11-10.0.26200-SP0,3.13.13,3.2.6,32,13th Gen Intel(R) Core(TM) i9-13900HX,1,1 x NVIDIA GeForce RTX 4070 Laptop GPU,9.1922,45.4722,31.70067596435547,machine,0.0,44.11111111111112,46.1,14.605030483669704,N,1.0,0.0
2026-05-09T04:12:48,Q350_qwen2.5:14b_MMLU,5ecdc959-42e7-4d24-a7aa-167665a14a91,5b0fa12a-3dd7-45bb-9766-cc326314d9f1,8.2407613999967,5.814302132525032e-05,7.055539955964944e-06,13.14559191954286,45.67993646567693,20.0,2.8259292930459896e-05,0.0001045556391999,4.299352499995924e-05,0.0001758084571303,0.0,Italy,ITA,lombardy,,,Windows-11-10.0.26200-SP0,3.13.13,3.2.6,32,13th Gen Intel(R) Core(TM) i9-13900HX,1,1 x NVIDIA GeForce RTX 4070 Laptop GPU,9.1922,45.4722,31.70067596435547,machine,0.0,50.833333333333336,46.1,14.60478655497233,N,1.0,0.0
2026-05-09T04:13:13,Q351_qwen2.5:14b_MMLU,a1072f8a-fe87-4e55-b586-1e8cc480fb82,5b0fa12a-3dd7-45bb-9766-cc326314d9f1,10.674375699993108,7.612306456403941e-05,7.131383296176147e-06,13.16367252992,46.02830357035834,20.0,3.7196574841460864e-05,0.00013646538695,5.6513186111098754e-05,0.0002301751479025,0.0,Italy,ITA,lombardy,,,Windows-11-10.0.26200-SP0,3.13.13,3.2.6,32,13th Gen Intel(R) Core(TM) i9-13900HX,1,1 x NVIDIA GeForce RTX 4070 Laptop GPU,9.1922,45.4722,31.70067596435547,machine,0.0,37.333333333333336,46.1,14.6089481777615,N,1.0,0.0
2026-05-09T04:13:43,Q352_qwen2.5:14b_SQuAD,be7d8f85-932c-48c8-a776-bb085d4122d2,5b0fa12a-3dd7-45bb-9766-cc326314d9f1,3.8451707000058377,2.24935572475758e-05,5.849820203701659e-06,13.208898406400005,34.8107429918084,20.0,1.226712229569524e-05,3.717391862811947e-05,1.857327111113894e-05,6.801431203495365e-05,0.0,Italy,ITA,lombardy,,,Windows-11-10.0.26200-SP0,3.13.13,3.2.6,32,13th Gen Intel(R) Core(TM) i9-13900HX,1,1 x NVIDIA GeForce RTX 4070 Laptop GPU,9.1922,45.4722,31.70067596435547,machine,0.0,40.0,46.1,14.619367599487305,N,1.0,0.0
2026-05-09T04:14:01,Q353_qwen2.5:14b_SQuAD,cbd6b498-7d48-4c1f-8fde-ab3a8867c5ac,5b0fa12a-3dd7-45bb-9766-cc326314d9f1,3.664154300000519,2.055574840495387e-05,5.609957092950742e-06,13.052107827200004,32.556646049287934,20.0,1.1463518380721385e-05,3.312641538999461e-05,1.7564978888872755e-05,6.215491265958875e-05,0.0,Italy,ITA,lombardy,,,Windows-11-10.0.26200-SP0,3.13.13,3.2.6,32,13th Gen Intel(R) Core(TM) i9-13900HX,1,1 x NVIDIA GeForce RTX 4070 Laptop GPU,9.1922,45.4722,31.70067596435547,machine,0.0,13.5,46.1,14.622137069702148,N,1.0,0.0
2026-05-09T04:14:23,Q354_qwen2.5:14b_MMLU,11e512fe-a4cb-4309-8860-9eae6d2200cd,5b0fa12a-3dd7-45bb-9766-cc326314d9f1,6.363323900004616,4.4203306208167326e-05,6.946574919459193e-06,13.125877276160002,45.11142661819101,20.0,2.1370966362651576e-05,7.972534155797906e-05,3.2562296111104337e-05,0.0001336586040317,0.0,Italy,ITA,lombardy,,,Windows-11-10.0.26200-SP0,3.13.13,3.2.6,32,13th Gen Intel(R) Core(TM) i9-13900HX,1,1 x NVIDIA GeForce RTX 4070 Laptop GPU,9.1922,45.4722,31.70067596435547,machine,0.0,58.0,46.1,14.603839874267578,N,1.0,0.0
2026-05-09T04:14:48,Q355_qwen2.5:14b_HellaSwag,468382fe-e402-4a18-ad63-af21ad060c65,5b0fa12a-3dd7-45bb-9766-cc326314d9f1,10.155503100002534,7.437289372903515e-05,7.323408106587708e-06,13.112820070400002,48.24559492779656,20.0,3.516316856259722e-05,0.0001360889977599,5.3630947777775065e-05,0.0002248831141003,0.0,Italy,ITA,lombardy,,,Windows-11-10.0.26200-SP0,3.13.13,3.2.6,32,13th Gen Intel(R) Core(TM) i9-13900HX,1,1 x NVIDIA GeForce RTX 4070 Laptop GPU,9.1922,45.4722,31.70067596435547,machine,0.0,31.75,46.1,14.60269260406494,N,1.0,0.0
2026-05-09T04:15:46,Q356_qwen2.5:14b_HumanEval,ac6f61d9-78c6-44b7-93cd-f1318657a143,5b0fa12a-3dd7-45bb-9766-cc326314d9f1,32.237011899997015,0.0002570258998302,7.973006326628653e-06,13.146022715360004,56.345356630360726,20.0,0.0001131201164631,0.000493361783578,0.0001706935177777,0.000777175417819,0.0,Italy,ITA,lombardy,,,Windows-11-10.0.26200-SP0,3.13.13,3.2.6,32,13th Gen Intel(R) Core(TM) i9-13900HX,1,1 x NVIDIA GeForce RTX 4070 Laptop GPU,9.1922,45.4722,31.70067596435547,machine,0.0,42.2,46.1,14.605657196044922,N,1.0,0.0
2026-05-09T04:16:36,Q357_qwen2.5:14b_SQuAD,e2016d68-e175-4316-8756-d78fb6a42ab1,5b0fa12a-3dd7-45bb-9766-cc326314d9f1,5.402629399992293,3.776998796457201e-05,6.991038097972424e-06,13.3253238368,45.87703281465783,20.0,1.814064651190248e-05,6.883894396003676e-05,2.722643388891205e-05,0.0001142060243608,0.0,Italy,ITA,lombardy,,,Windows-11-10.0.26200-SP0,3.13.13,3.2.6,32,13th Gen Intel(R) Core(TM) i9-13900HX,1,1 x NVIDIA GeForce RTX 4070 Laptop GPU,9.1922,45.4722,31.70067596435547,machine,0.0,39.66666666666666,46.1,14.610675811767578,N,1.0,0.0
2026-05-09T04:16:56,Q358_qwen2.5:14b_SQuAD,174bdb2d-01a2-48b6-a16a-e5c594b60df7,5b0fa12a-3dd7-45bb-9766-cc326314d9f1,4.53762609999103,2.808942051590948e-05,6.190333865534889e-06,13.05688448,37.986847446433565,20.0,1.4638756138077267e-05,4.787364940994632e-05,2.24222533332876e-05,8.493465888131119e-05,0.0,Italy,ITA,lombardy,,,Windows-11-10.0.26200-SP0,3.13.13,3.2.6,32,13th Gen Intel(R) Core(TM) i9-13900HX,1,1 x NVIDIA GeForce RTX 4070 Laptop GPU,9.1922,45.4722,31.70067596435547,machine,16.666666666666668,60.333333333333336,46.1,14.616764068603516,N,1.0,0.0
2026-05-09T04:17:16,Q359_qwen2.5:14b_SQuAD,85a652ef-51d6-4d9c-8b85-c2d224335925,5b0fa12a-3dd7-45bb-9766-cc326314d9f1,4.554643900002702,2.647131048369805e-05,5.811938554336235e-06,13.242213632,33.700936636340074,20.0,1.4905326415911882e-05,4.262558965606456e-05,2.2511024444409287e-05,8.004194051638572e-05,0.0,Italy,ITA,lombardy,,,Windows-11-10.0.26200-SP0,3.13.13,3.2.6,32,13th Gen Intel(R) Core(TM) i9-13900HX,1,1 x NVIDIA GeForce RTX 4070 Laptop GPU,9.1922,45.4722,31.70067596435547,machine,25.0,38.0,46.16666666666666,14.630962371826172,N,1.0,0.0
2026-05-09T04:17:38,Q360_qwen2.5:14b_SQuAD,740040bf-eb88-4df7-a074-059780cdbbe8,5b0fa12a-3dd7-45bb-9766-cc326314d9f1,7.229633100010687,4.957425052039637e-05,6.857090786574367e-06,13.1205045632,43.83197638741898,20.0,2.4517009814808792e-05,8.801062596397458e-05,3.737122222228209e-05,0.000149898858001,0.0,Italy,ITA,lombardy,,,Windows-11-10.0.26200-SP0,3.13.13,3.2.6,32,13th Gen Intel(R) Core(TM) i9-13900HX,1,1 x NVIDIA GeForce RTX 4070 Laptop GPU,9.1922,45.4722,31.70067596435547,machine,0.0,42.6,46.2,14.632244110107422,N,1.0,0.0
2026-05-09T04:18:21,Q361_qwen2.5:14b_GSM8K,7fba5dc7-2423-45ce-a367-959f6a23c6a6,5b0fa12a-3dd7-45bb-9766-cc326314d9f1,27.76809070000309,0.0002181925272025,7.857671222694018e-06,13.976356724775387,53.24958492190018,20.0,0.0001033151081614,0.0004077489373099,0.0001486899661111,0.0006597540115825,0.0,Italy,ITA,lombardy,,,Windows-11-10.0.26200-SP0,3.13.13,3.2.6,32,13th Gen Intel(R) Core(TM) i9-13900HX,1,1 x NVIDIA GeForce RTX 4070 Laptop GPU,9.1922,45.4722,31.70067596435547,machine,0.0,36.53846153846154,47.107692307692304,14.935790575467625,N,1.0,0.0
2026-05-09T04:19:10,Q362_qwen2.5:14b_SQuAD,2a6a49ea-fdef-4813-add5-e0581fc470c6,5b0fa12a-3dd7-45bb-9766-cc326314d9f1,4.1963669000106165,2.30956537664224e-05,5.503726036530307e-06,13.0805341568,30.84387521268665,20.0,1.3412102080047545e-05,3.591669539992903e-05,2.0506088333382245e-05,6.983488581335882e-05,0.0,Italy,ITA,lombardy,,,Windows-11-10.0.26200-SP0,3.13.13,3.2.6,32,13th Gen Intel(R) Core(TM) i9-13900HX,1,1 x NVIDIA GeForce RTX 4070 Laptop GPU,9.1922,45.4722,31.70067596435547,machine,0.0,61.5,46.650000000000006,14.78899383544922,N,1.0,0.0
2026-05-09T04:20:03,Q363_qwen2.5:14b_HumanEval,7dcc3754-4337-4d79-9a00-f13ab5420174,5b0fa12a-3dd7-45bb-9766-cc326314d9f1,37.42956599999161,0.0003013619681714,8.051441691081623e-06,13.458500970148572,55.83475508119096,20.0,0.0001351232077955,0.0005765412945659,0.0001995709555555,0.000911235457917,0.0,Italy,ITA,lombardy,,,Windows-11-10.0.26200-SP0,3.13.13,3.2.6,32,13th Gen Intel(R) Core(TM) i9-13900HX,1,1 x NVIDIA GeForce RTX 4070 Laptop GPU,9.1922,45.4722,31.70067596435547,machine,0.0,39.65714285714286,46.56285714285715,14.757818385532923,N,1.0,0.0
2026-05-09T04:21:22,Q364_qwen2.5:14b_GSM8K,23b298fc-e6a6-4672-a950-8fb912292cee,5b0fa12a-3dd7-45bb-9766-cc326314d9f1,33.08183250000002,0.0002587365125934,7.821105816719211e-06,13.16186872752,53.63928872618138,20.0,0.0001158887944197,0.0004910481706159,0.0001754108738889,0.0007823478389246,0.0,Italy,ITA,lombardy,,,Windows-11-10.0.26200-SP0,3.13.13,3.2.6,32,13th Gen Intel(R) Core(TM) i9-13900HX,1,1 x NVIDIA GeForce RTX 4070 Laptop GPU,9.1922,45.4722,31.70067596435547,machine,0.0,41.12903225806452,46.49677419354839,14.73065210157825,N,1.0,0.0
2026-05-09T04:22:44,Q365_qwen2.5:14b_HumanEval,39adb5ae-cc91-4919-b3fd-d3524c1075bf,5b0fa12a-3dd7-45bb-9766-cc326314d9f1,37.38808289999725,0.0002964993256813,7.930316365095298e-06,13.53724359218286,54.46347011826112,20.0,0.0001351075576255,0.0005621268385899,0.0001992977722222,0.0008965321684377,0.0,Italy,ITA,lombardy,,,Windows-11-10.0.26200-SP0,3.13.13,3.2.6,32,13th Gen Intel(R) Core(TM) i9-13900HX,1,1 x NVIDIA GeForce RTX 4070 Laptop GPU,9.1922,45.4722,31.70067596435547,machine,1.9057142857142857,39.457142857142856,46.5,14.729753875732422,N,1.0,0.0
2026-05-09T04:24:00,Q366_qwen2.5:14b_HumanEval,45d929ea-e394-4482-a7d3-87b4ebc293ad,5b0fa12a-3dd7-45bb-9766-cc326314d9f1,29.96558730000106,0.0002386485168899,7.964086086505829e-06,13.18286999936,54.83737275123464,20.0,0.0001060681443469,0.0004546495303859,0.0001608896066666,0.0007216072813996,0.0,Italy,ITA,lombardy,,,Windows-11-10.0.26200-SP0,3.13.13,3.2.6,32,13th Gen Intel(R) Core(TM) i9-13900HX,1,1 x NVIDIA GeForce RTX 4070 Laptop GPU,9.1922,45.4722,31.70067596435547,machine,3.571428571428572,38.92857142857143,46.4,14.707704271589009,N,1.0,0.0
2026-05-09T04:24:54,Q367_qwen2.5:14b_MMLU,a7cd07a3-7da2-4cd5-a44e-d81b86497a4d,5b0fa12a-3dd7-45bb-9766-cc326314d9f1,9.07104629999958,6.480172316962785e-05,7.143798083097741e-06,13.532404995200002,46.09021494884362,20.0,3.221164784672953e-05,0.0001161250929,4.760579388886172e-05,0.0001959425346356,0.0,Italy,ITA,lombardy,,,Windows-11-10.0.26200-SP0,3.13.13,3.2.6,32,13th Gen Intel(R) Core(TM) i9-13900HX,1,1 x NVIDIA GeForce RTX 4070 Laptop GPU,9.1922,45.4722,31.70067596435547,machine,0.0,33.42857142857143,46.4,14.698587690080917,N,1.0,0.0
2026-05-09T04:25:25,Q368_qwen2.5:14b_SQuAD,2aad1dfd-92b0-4204-bd47-e5aa29782dda,5b0fa12a-3dd7-45bb-9766-cc326314d9f1,5.182295799997519,3.283031765478514e-05,6.335091419289663e-06,13.457291945600003,38.7479314598268,20.0,1.7496152719230714e-05,5.577198906203673e-05,2.600168222221934e-05,9.926982400348678e-05,0.0,Italy,ITA,lombardy,,,Windows-11-10.0.26200-SP0,3.13.13,3.2.6,32,13th Gen Intel(R) Core(TM) i9-13900HX,1,1 x NVIDIA GeForce RTX 4070 Laptop GPU,9.1922,45.4722,31.70067596435547,machine,0.0,45.66666666666666,46.29999999999999,14.684223175048828,N,1.0,0.0
2026-05-09T04:25:44,Q369_qwen2.5:14b_HellaSwag,f898d045-68ee-4a8e-8116-d6f83345f33c,5b0fa12a-3dd7-45bb-9766-cc326314d9f1,4.666371900006197,3.1880321008173114e-05,6.83192889279373e-06,13.2061681856,44.74945212106791,20.0,1.5272759258619713e-05,5.7995601951965625e-05,2.3128935000002257e-05,9.63972962105876e-05,0.0,Italy,ITA,lombardy,,,Windows-11-10.0.26200-SP0,3.13.13,3.2.6,32,13th Gen Intel(R) Core(TM) i9-13900HX,1,1 x NVIDIA GeForce RTX 4070 Laptop GPU,9.1922,45.4722,31.70067596435547,machine,0.0,53.333333333333336,46.333333333333336,14.695489247639976,N,1.0,0.0
2026-05-09T04:26:04,Q370_qwen2.5:14b_SQuAD,fda2b48a-7bcc-40b9-8556-f03fc23e5d3a,5b0fa12a-3dd7-45bb-9766-cc326314d9f1,4.680831400008174,2.986873417134052e-05,6.381074561089375e-06,12.970335872,40.02846726866826,20.0,1.505748701240596e-05,5.20397638540393e-05,2.3217561666711443e-05,9.03148125331567e-05,0.0,Italy,ITA,lombardy,,,Windows-11-10.0.26200-SP0,3.13.13,3.2.6,32,13th Gen Intel(R) Core(TM) i9-13900HX,1,1 x NVIDIA GeForce RTX 4070 Laptop GPU,9.1922,45.4722,31.70067596435547,machine,33.333333333333336,58.66666666666666,46.333333333333336,14.6971804300944,N,1.0,0.0
2026-05-09T04:26:24,Q371_qwen2.5:14b_SQuAD,a797d400-9c3d-4400-86e0-bdb9485eb90e,5b0fa12a-3dd7-45bb-9766-cc326314d9f1,4.193339500008733,2.8361947086735312e-05,6.763570439902671e-06,13.081346009600002,44.51104030860708,20.0,1.341373647106032e-05,5.183754146997899e-05,2.0507426111160183e-05,8.575870405219949e-05,0.0,Italy,ITA,lombardy,,,Windows-11-10.0.26200-SP0,3.13.13,3.2.6,32,13th Gen Intel(R) Core(TM) i9-13900HX,1,1 x NVIDIA GeForce RTX 4070 Laptop GPU,9.1922,45.4722,31.70067596435547,machine,0.0,61.5,46.4,14.699176788330078,N,1.0,0.0
2026-05-09T04:26:47,Q372_qwen2.5:14b_HellaSwag,f81eca4f-3bc0-499c-b935-bf4860baa670,5b0fa12a-3dd7-45bb-9766-cc326314d9f1,8.242905199993402,5.766945182921942e-05,6.996253193505802e-06,13.172948957257145,45.008496272351564,20.0,2.8325688954675445e-05,0.0001030459157699,4.300490888886593e-05,0.0001743765136134,0.0,Italy,ITA,lombardy,,,Windows-11-10.0.26200-SP0,3.13.13,3.2.6,32,13th Gen Intel(R) Core(TM) i9-13900HX,1,1 x NVIDIA GeForce RTX 4070 Laptop GPU,9.1922,45.4722,31.70067596435547,machine,0.0,29.5,46.4,14.699331283569336,N,1.0,0.0
2026-05-09T04:27:16,Q373_qwen2.5:14b_HellaSwag,cdb70220-1a0c-4b01-88c1-33361889f3dd,5b0fa12a-3dd7-45bb-9766-cc326314d9f1,13.590364200004842,9.916050605781262e-05,7.296383275569413e-06,13.188134409846157,47.46386605680507,20.0,4.794900585909009e-05,0.0001791704211139,7.271458888887234e-05,0.0002998340158618,0.0,Italy,ITA,lombardy,,,Windows-11-10.0.26200-SP0,3.13.13,3.2.6,32,13th Gen Intel(R) Core(TM) i9-13900HX,1,1 x NVIDIA GeForce RTX 4070 Laptop GPU,9.1922,45.4722,31.70067596435547,machine,8.333333333333334,36.16666666666666,46.4,14.706023852030436,N,1.0,0.0
2026-05-09T04:27:48,Q374_qwen2.5:14b_HellaSwag,bd93a055-32e2-44c3-a01d-3acb4cc89ec2,5b0fa12a-3dd7-45bb-9766-cc326314d9f1,7.387190299996291,4.832043957573844e-05,6.541112062019398e-06,13.319553555200002,40.1975226805446,20.0,2.5457121418228333e-05,8.242617705189748e-05,3.8224381111083656e-05,0.0001461076795812,0.0,Italy,ITA,lombardy,,,Windows-11-10.0.26200-SP0,3.13.13,3.2.6,32,13th Gen Intel(R) Core(TM) i9-13900HX,1,1 x NVIDIA GeForce RTX 4070 Laptop GPU,9.1922,45.4722,31.70067596435547,machine,0.0,28.2,46.4,14.707719421386718,N,1.0,0.0
2026-05-09T04:28:18,Q375_qwen2.5:14b_HellaSwag,4428161b-c6f2-4bdd-b14b-e3a9f64b74ab,5b0fa12a-3dd7-45bb-9766-cc326314d9f1,4.6793986999982735,3.1938354763791685e-05,6.825311714473799e-06,13.174019091200003,44.6894099430016,20.0,1.52870439266029e-05,5.8078657574012205e-05,2.320707277774798e-05,9.657277427836307e-05,0.0,Italy,ITA,lombardy,,,Windows-11-10.0.26200-SP0,3.13.13,3.2.6,32,13th Gen Intel(R) Core(TM) i9-13900HX,1,1 x NVIDIA GeForce RTX 4070 Laptop GPU,9.1922,45.4722,31.70067596435547,machine,0.0,39.66666666666666,46.4,14.695050557454428,N,1.0,0.0
2026-05-09T04:28:36,Q376_qwen2.5:14b_SQuAD,ac383e72-c6b9-40a0-9430-032ad8c82842,5b0fa12a-3dd7-45bb-9766-cc326314d9f1,3.2718605999980355,2.11267329699769e-05,6.457100577570324e-06,13.053137427200005,42.31572722471308,20.0,1.004363615673152e-05,3.844975298206155e-05,1.538802333339441e-05,6.388141247218748e-05,0.0,Italy,ITA,lombardy,,,Windows-11-10.0.26200-SP0,3.13.13,3.2.6,32,13th Gen Intel(R) Core(TM) i9-13900HX,1,1 x NVIDIA GeForce RTX 4070 Laptop GPU,9.1922,45.4722,31.70067596435547,machine,0.0,53.0,46.4,14.704883575439451,N,1.0,0.0
2026-05-09T04:29:09,Q377_qwen2.5:14b_GSM8K,9c4a85a5-ef6c-450b-be64-5d9efc32cf39,5b0fa12a-3dd7-45bb-9766-cc326314d9f1,17.555483799995272,0.0001317600955318,7.505352574326985e-06,13.096147312640005,51.3869202189627,20.0,6.061244648893871e-05,0.0002458418633399,9.19518716666466e-05,0.0003984061814955,0.0,Italy,ITA,lombardy,,,Windows-11-10.0.26200-SP0,3.13.13,3.2.6,32,13th Gen Intel(R) Core(TM) i9-13900HX,1,1 x NVIDIA GeForce RTX 4070 Laptop GPU,9.1922,45.4722,31.70067596435547,machine,0.0,42.46666666666667,46.4,14.70582021077474,N,1.0,0.0
2026-05-09T04:29:42,Q378_qwen2.5:14b_MMLU,1feb8701-0d8b-451c-a7df-c40e34f9dd58,5b0fa12a-3dd7-45bb-9766-cc326314d9f1,8.098093499997049,6.067863185615684e-05,7.492952737107685e-06,13.60887569737143,50.04268184531296,20.0,2.8715817187566336e-05,0.000112558978936,4.220064777772576e-05,0.0001834754439013,0.0,Italy,ITA,lombardy,,,Windows-11-10.0.26200-SP0,3.13.13,3.2.6,32,13th Gen Intel(R) Core(TM) i9-13900HX,1,1 x NVIDIA GeForce RTX 4070 Laptop GPU,9.1922,45.4722,31.70067596435547,machine,0.0,43.333333333333336,46.4,14.704729715983072,N,1.0,0.0
2026-05-09T04:30:35,Q379_qwen2.5:14b_GSM8K,bf8df09e-e95e-421e-b9d6-1afeb13f2863,5b0fa12a-3dd7-45bb-9766-cc326314d9f1,27.487077800004045,0.0002144991124409,7.80363463885209e-06,13.37294810912,53.38866911019875,20.0,9.858611746903346e-05,0.00040287115563,0.0001471288711111,0.0006485861442102,0.0,Italy,ITA,lombardy,,,Windows-11-10.0.26200-SP0,3.13.13,3.2.6,32,13th Gen Intel(R) Core(TM) i9-13900HX,1,1 x NVIDIA GeForce RTX 4070 Laptop GPU,9.1922,45.4722,31.70067596435547,machine,0.0,41.64,46.4,14.700663452148438,N,1.0,0.0
2026-05-09T04:31:29,Q380_qwen2.5:14b_SQuAD,e12236b0-4974-42ee-9cca-b33ce0911567,5b0fa12a-3dd7-45bb-9766-cc326314d9f1,8.721102700001211,6.126812340905329e-05,7.025272550573769e-06,13.357438068800002,45.03976783140865,20.0,3.0496250348339943e-05,0.0001091006428359,4.566101055558344e-05,0.0001852579037399,0.0,Italy,ITA,lombardy,,,Windows-11-10.0.26200-SP0,3.13.13,3.2.6,32,13th Gen Intel(R) Core(TM) i9-13900HX,1,1 x NVIDIA GeForce RTX 4070 Laptop GPU,9.1922,45.4722,31.70067596435547,machine,0.0,44.71428571428572,46.4,14.704833984375,N,1.0,0.0
2026-05-09T04:32:05,Q381_qwen2.5:14b_GSM8K,9e90fd52-b0f9-4359-86b5-75119174703a,5b0fa12a-3dd7-45bb-9766-cc326314d9f1,10.512516899994807,7.650248345882039e-05,7.277275669241319e-06,13.167116608,47.636010080042304,20.0,3.661435636523833e-05,0.000139094000164,5.561404944439549e-05,0.0002313224059737,0.0,Italy,ITA,lombardy,,,Windows-11-10.0.26200-SP0,3.13.13,3.2.6,32,13th Gen Intel(R) Core(TM) i9-13900HX,1,1 x NVIDIA GeForce RTX 4070 Laptop GPU,9.1922,45.4722,31.70067596435547,machine,0.0,39.5,46.4,14.71022653579712,N,1.0,0.0
2026-05-09T04:33:08,Q382_qwen2.5:14b_HumanEval,10b3f64a-ad95-4b0e-99f6-51655e52b3e3,5b0fa12a-3dd7-45bb-9766-cc326314d9f1,37.66232370000216,0.0003024479882399,8.030518526925539e-06,13.1832417528,56.033836196428496,20.0,0.0001325587636864,0.00058110463155,0.0002008558877778,0.0009145192830143,0.0,Italy,ITA,lombardy,,,Windows-11-10.0.26200-SP0,3.13.13,3.2.6,32,13th Gen Intel(R) Core(TM) i9-13900HX,1,1 x NVIDIA GeForce RTX 4070 Laptop GPU,9.1922,45.4722,31.70067596435547,machine,4.285714285714286,38.885714285714286,46.4,14.699996294294085,N,1.0,0.0
2026-05-09T04:34:08,Q383_qwen2.5:14b_GSM8K,fc03169b-2c91-43aa-a88a-ce64c2b24f24,5b0fa12a-3dd7-45bb-9766-cc326314d9f1,13.772436500003096,9.95051420342934e-05,7.224948325902323e-06,13.183097272123078,46.675278345949344,20.0,4.8596419361613374e-05,0.0001785551428439,7.372453777780821e-05,0.0003008760999833,0.0,Italy,ITA,lombardy,,,Windows-11-10.0.26200-SP0,3.13.13,3.2.6,32,13th Gen Intel(R) Core(TM) i9-13900HX,1,1 x NVIDIA GeForce RTX 4070 Laptop GPU,9.1922,45.4722,31.70067596435547,machine,0.0,39.333333333333336,46.4,14.698299725850424,N,1.0,0.0
2026-05-09T04:34:51,Q384_qwen2.5:14b_MMLU,44c7abd7-5c42-47a1-a221-5e9a13f95a11,5b0fa12a-3dd7-45bb-9766-cc326314d9f1,8.204111200000625,6.065448342217234e-05,7.393181533444807e-06,13.609110721828571,48.92927270495453,20.0,2.9117059835388047e-05,0.0001114956447519,4.278972111116875e-05,0.0001834024256985,0.0,Italy,ITA,lombardy,,,Windows-11-10.0.26200-SP0,3.13.13,3.2.6,32,13th Gen Intel(R) Core(TM) i9-13900HX,1,1 x NVIDIA GeForce RTX 4070 Laptop GPU,9.1922,45.4722,31.70067596435547,machine,0.0,52.16666666666666,46.4,14.700030008951822,N,1.0,0.0
2026-05-09T04:35:20,Q385_qwen2.5:14b_GSM8K,9a9afcca-100d-408e-a3cc-933805e7bc62,5b0fa12a-3dd7-45bb-9766-cc326314d9f1,13.891594200002146,0.0001044139346797,7.51633924634044e-06,13.482404276184615,49.54895908433338,20.0,5.014517962862097e-05,0.000191188486284,7.438526888888898e-05,0.0003157189348015,0.0,Italy,ITA,lombardy,,,Windows-11-10.0.26200-SP0,3.13.13,3.2.6,32,13th Gen Intel(R) Core(TM) i9-13900HX,1,1 x NVIDIA GeForce RTX 4070 Laptop GPU,9.1922,45.4722,31.70067596435547,machine,14.583333333333334,39.0,46.4,14.706225077311196,N,1.0,0.0
2026-05-09T04:35:51,Q386_qwen2.5:14b_HellaSwag,48afaecb-f0ae-4672-afa3-20d3f550f80f,5b0fa12a-3dd7-45bb-9766-cc326314d9f1,5.291697099994053,3.240485084140519e-05,6.123716121514515e-06,13.0664410112,36.73502636470436,20.0,1.7384794870905453e-05,5.398948763613021e-05,2.660904722223576e-05,9.798332972927142e-05,0.0,Italy,ITA,lombardy,,,Windows-11-10.0.26200-SP0,3.13.13,3.2.6,32,13th Gen Intel(R) Core(TM) i9-13900HX,1,1 x NVIDIA GeForce RTX 4070 Laptop GPU,9.1922,45.4722,31.70067596435547,machine,0.0,46.333333333333336,46.4,14.70327631632487,N,1.0,0.0
2026-05-09T04:36:29,Q387_qwen2.5:14b_HumanEval,8c2398d3-23db-4b27-8d7b-b2f5f4ee36d3,5b0fa12a-3dd7-45bb-9766-cc326314d9f1,23.549965400001383,0.0001793132856581,7.614163444082593e-06,13.288261783520005,51.86501111665668,20.0,8.338027113538247e-05,0.000333797211482,0.0001250164277778,0.0005421939103952,0.0,Italy,ITA,lombardy,,,Windows-11-10.0.26200-SP0,3.13.13,3.2.6,32,13th Gen Intel(R) Core(TM) i9-13900HX,1,1 x NVIDIA GeForce RTX 4070 Laptop GPU,9.1922,45.4722,31.70067596435547,machine,0.0,41.85714285714285,46.523809523809526,14.755113692510696,N,1.0,0.0
2026-05-09T04:37:21,Q388_qwen2.5:14b_SQuAD,2c18e854-3add-40ca-8518-c36359037096,5b0fa12a-3dd7-45bb-9766-cc326314d9f1,5.78504879999673,4.103911875944714e-05,7.093996987453302e-06,13.41562962944,46.71788251709374,20.0,1.9686249570640217e-05,7.505728226797626e-05,2.934744222220616e-05,0.0001240909740608,0.0,Italy,ITA,lombardy,,,Windows-11-10.0.26200-SP0,3.13.13,3.2.6,32,13th Gen Intel(R) Core(TM) i9-13900HX,1,1 x NVIDIA GeForce RTX 4070 Laptop GPU,9.1922,45.4722,31.70067596435547,machine,22.225,48.75,46.6,14.766206741333008,N,1.0,0.0
2026-05-09T04:37:55,Q389_qwen2.5:14b_HellaSwag,7388fd7e-0615-4129-8e93-267b4e2e8506,5b0fa12a-3dd7-45bb-9766-cc326314d9f1,19.34778609999921,0.0001487632566432,7.688903312987952e-06,13.16213599328,52.02159690053094,20.0,6.762271652616879e-05,0.0002802841131159,0.0001019122205554,0.0004498190501976,0.0,Italy,ITA,lombardy,,,Windows-11-10.0.26200-SP0,3.13.13,3.2.6,32,13th Gen Intel(R) Core(TM) i9-13900HX,1,1 x NVIDIA GeForce RTX 4070 Laptop GPU,9.1922,45.4722,31.70067596435547,machine,4.976470588235294,42.35294117647059,46.50588235294118,14.75075127096737,N,1.0,0.0
2026-05-09T04:39:08,Q390_qwen2.5:14b_HumanEval,170db6ec-abe9-4cd9-9b1b-8a9e2eeb6feb,5b0fa12a-3dd7-45bb-9766-cc326314d9f1,37.30855539999902,0.0002980409698998,7.988542217849342e-06,13.337451064205716,55.15449898252826,20.0,0.0001333166567148,0.000569034899672,0.0001988421188888,0.0009011936752758,0.0,Italy,ITA,lombardy,,,Windows-11-10.0.26200-SP0,3.13.13,3.2.6,32,13th Gen Intel(R) Core(TM) i9-13900HX,1,1 x NVIDIA GeForce RTX 4070 Laptop GPU,9.1922,45.4722,31.70067596435547,machine,0.0,39.57142857142857,46.56857142857143,14.758414786202566,N,1.0,0.0
2026-05-09T04:40:06,Q391_qwen2.5:14b_GSM8K,e65b1d23-dfe2-40c6-8aeb-e2baebe44476,5b0fa12a-3dd7-45bb-9766-cc326314d9f1,13.038238399996771,9.564992283801468e-05,7.336107831717386e-06,13.147502864000002,48.00669778709201,20.0,4.577279602676194e-05,0.000173817361276,6.962882333326787e-05,0.0002892189806361,0.0,Italy,ITA,lombardy,,,Windows-11-10.0.26200-SP0,3.13.13,3.2.6,32,13th Gen Intel(R) Core(TM) i9-13900HX,1,1 x NVIDIA GeForce RTX 4070 Laptop GPU,9.1922,45.4722,31.70067596435547,machine,6.063636363636364,45.09090909090909,46.5,14.743759502064098,N,1.0,0.0
2026-05-09T04:41:19,Q392_qwen2.5:14b_HumanEval,3565c276-fef9-4c9b-b9f3-dc99916233da,5b0fa12a-3dd7-45bb-9766-cc326314d9f1,37.34183249999478,0.0002980268915725,7.981046232066527e-06,13.653724104777146,55.34515825562911,20.0,0.0001360583401576,0.0005660087861399,0.0001990839799999,0.0009011511062976,0.0,Italy,ITA,lombardy,,,Windows-11-10.0.26200-SP0,3.13.13,3.2.6,32,13th Gen Intel(R) Core(TM) i9-13900HX,1,1 x NVIDIA GeForce RTX 4070 Laptop GPU,9.1922,45.4722,31.70067596435547,machine,5.397142857142858,38.34285714285714,46.5,14.745911516462051,N,1.0,0.0
2026-05-09T04:42:09,Q393_qwen2.5:14b_SQuAD,d6b21ac3-379e-46a7-a6d9-4b2ddb01c2e3,5b0fa12a-3dd7-45bb-9766-cc326314d9f1,4.110528299992438,2.6932926395568427e-05,6.552181235589103e-06,13.3327434368,42.0688824596654,20.0,1.3364924605573274e-05,4.802531619785277e-05,2.0047498888905264e-05,8.143773969233131e-05,0.0,Italy,ITA,lombardy,,,Windows-11-10.0.26200-SP0,3.13.13,3.2.6,32,13th Gen Intel(R) Core(TM) i9-13900HX,1,1 x NVIDIA GeForce RTX 4070 Laptop GPU,9.1922,45.4722,31.70067596435547,machine,0.0,39.5,46.5,14.744512557983398,N,1.0,0.0
2026-05-09T04:42:39,Q394_qwen2.5:14b_HumanEval,1a713c3f-e3db-4b30-8d13-fbac7bde3386,5b0fa12a-3dd7-45bb-9766-cc326314d9f1,15.58404819999123,0.0001209291900053,7.759805953719456e-06,13.48388266496,52.06724965605801,20.0,5.64897656982146e-05,0.000225379069192,8.378767611106418e-05,0.0003656565110013,0.0,Italy,ITA,lombardy,,,Windows-11-10.0.26200-SP0,3.13.13,3.2.6,32,13th Gen Intel(R) Core(TM) i9-13900HX,1,1 x NVIDIA GeForce RTX 4070 Laptop GPU,9.1922,45.4722,31.70067596435547,machine,6.3500000000000005,37.07142857142857,46.4,14.718251637050084,N,1.0,0.0
2026-05-09T04:43:52,Q395_qwen2.5:14b_HumanEval,d61af6ba-596b-4a7b-87c5-1fb0cbc6e0c1,5b0fa12a-3dd7-45bb-9766-cc326314d9f1,37.28763989999425,0.000299272656847,8.026055219629539e-06,13.2185825256,56.03178182322316,20.0,0.0001314893560032,0.0005746454597159,0.0001987831411111,0.0009049179568303,0.0,Italy,ITA,lombardy,,,Windows-11-10.0.26200-SP0,3.13.13,3.2.6,32,13th Gen Intel(R) Core(TM) i9-13900HX,1,1 x NVIDIA GeForce RTX 4070 Laptop GPU,9.1922,45.4722,31.70067596435547,machine,2.857142857142857,39.285714285714285,46.44,14.723554120744978,N,1.0,0.0
2026-05-09T04:45:15,Q396_qwen2.5:14b_HumanEval,cbb87fc7-732f-4423-844c-9f1e45add1f9,5b0fa12a-3dd7-45bb-9766-cc326314d9f1,37.849105799992685,0.0003022477100868,7.985597115134832e-06,13.601782839520004,55.0753809698486,20.0,0.0001377781516276,0.0005742371260559,0.0002018984194445,0.0009139136971282,0.0,Italy,ITA,lombardy,,,Windows-11-10.0.26200-SP0,3.13.13,3.2.6,32,13th Gen Intel(R) Core(TM) i9-13900HX,1,1 x NVIDIA GeForce RTX 4070 Laptop GPU,9.1922,45.4722,31.70067596435547,machine,2.7777777777777777,38.333333333333336,46.4,14.709519492255318,N,1.0,0.0
2026-05-09T04:46:04,Q397_qwen2.5:14b_SQuAD,7a72bbd2-b823-4bf3-a795-ff02b675db68,5b0fa12a-3dd7-45bb-9766-cc326314d9f1,3.449207400000887,2.1726545389335383e-05,6.2989965141933175e-06,13.0383992,40.43647016923424,20.0,1.0659003258932836e-05,3.8686697615974985e-05,1.6349378888925357e-05,6.569507976383318e-05,0.0,Italy,ITA,lombardy,,,Windows-11-10.0.26200-SP0,3.13.13,3.2.6,32,13th Gen Intel(R) Core(TM) i9-13900HX,1,1 x NVIDIA GeForce RTX 4070 Laptop GPU,9.1922,45.4722,31.70067596435547,machine,0.0,36.0,46.4,14.714973449707031,N,1.0,0.0
2026-05-09T04:46:31,Q398_qwen2.5:14b_MMLU,2ff451ec-b14b-4dbd-bb64-d5bd36d2ab6e,5b0fa12a-3dd7-45bb-9766-cc326314d9f1,11.658673900004942,8.831067503936993e-05,7.574675799048852e-06,13.188494280145456,50.69702143222225,20.0,4.087259634027497e-05,0.0001641731868938,6.198133666669795e-05,0.0002670271199008,0.0,Italy,ITA,lombardy,,,Windows-11-10.0.26200-SP0,3.13.13,3.2.6,32,13th Gen Intel(R) Core(TM) i9-13900HX,1,1 x NVIDIA GeForce RTX 4070 Laptop GPU,9.1922,45.4722,31.70067596435547,machine,0.0,46.8,46.4,14.719387435913086,N,1.0,0.0
2026-05-09T04:47:31,Q399_qwen2.5:14b_HumanEval,9ef07a90-77d2-49f2-967a-9a93714b9740,5b0fa12a-3dd7-45bb-9766-cc326314d9f1,35.0668588999979,0.0002777534711704,7.920682943475927e-06,13.49714299888,55.05059737665498,20.0,0.0001266024486376,0.000526803476998,0.00018644395,0.0008398498756357,0.0,Italy,ITA,lombardy,,,Windows-11-10.0.26200-SP0,3.13.13,3.2.6,32,13th Gen Intel(R) Core(TM) i9-13900HX,1,1 x NVIDIA GeForce RTX 4070 Laptop GPU,9.1922,45.4722,31.70067596435547,machine,2.272727272727273,43.0,46.4060606060606,14.720875364361389,N,1.0,0.0
2026-05-09T04:48:34,Q400_qwen2.5:14b_HellaSwag,1f5e9980-e6c6-47bd-b2f3-70a1701af93d,5b0fa12a-3dd7-45bb-9766-cc326314d9f1,7.689447299999301,5.509397762174085e-05,7.164881359125233e-06,13.082955424914289,47.072972985528494,20.0,2.612160687492735e-05,0.000100535913762,3.993146944445066e-05,0.0001665889900814,0.0,Italy,ITA,lombardy,,,Windows-11-10.0.26200-SP0,3.13.13,3.2.6,32,13th Gen Intel(R) Core(TM) i9-13900HX,1,1 x NVIDIA GeForce RTX 4070 Laptop GPU,9.1922,45.4722,31.70067596435547,machine,0.0,33.333333333333336,46.79999999999999,14.830071131388346,N,1.0,0.0
2026-05-09T04:49:07,Q401_qwen2.5:14b_MMLU,1a04e1fc-5932-483a-9b83-1a622c6aaa81,5b0fa12a-3dd7-45bb-9766-cc326314d9f1,17.46187089999148,0.0001318918949395,7.553136527860724e-06,13.470788912000002,47.77320029531992,20.0,6.29595471223188e-05,0.000244418806646,9.142635277773177e-05,0.0003988047065461,0.0,Italy,ITA,lombardy,,,Windows-11-10.0.26200-SP0,3.13.13,3.2.6,32,13th Gen Intel(R) Core(TM) i9-13900HX,1,1 x NVIDIA GeForce RTX 4070 Laptop GPU,9.1922,45.4722,31.70067596435547,machine,0.0,44.86666666666667,46.8,14.82739969889323,N,1.0,0.0
2026-05-09T04:49:49,Q402_qwen2.5:14b_HellaSwag,d583505a-b3f9-46cf-beca-13ab20093754,5b0fa12a-3dd7-45bb-9766-cc326314d9f1,6.567300099995919,4.6188486607786894e-05,7.033101259955457e-06,13.2919267136,45.814781914112736,20.0,2.2395812851160382e-05,8.356784463192657e-05,3.369758444443707e-05,0.0001396612419275,0.0,Italy,ITA,lombardy,,,Windows-11-10.0.26200-SP0,3.13.13,3.2.6,32,13th Gen Intel(R) Core(TM) i9-13900HX,1,1 x NVIDIA GeForce RTX 4070 Laptop GPU,9.1922,45.4722,31.70067596435547,machine,0.0,51.8,46.720000000000006,14.816605377197266,N,1.0,0.0
2026-05-09T04:50:11,Q403_qwen2.5:14b_HellaSwag,71da1d43-531e-4ecc-8ac4-584f4cbc1a96,5b0fa12a-3dd7-45bb-9766-cc326314d9f1,7.063764299993636,4.683591297133199e-05,6.6304467394777294e-06,13.107894195200002,41.435782948237446,20.0,2.38887639598475e-05,8.128145391395059e-05,3.644866277779026e-05,0.0001416188806515,0.0,Italy,ITA,lombardy,,,Windows-11-10.0.26200-SP0,3.13.13,3.2.6,32,13th Gen Intel(R) Core(TM) i9-13900HX,1,1 x NVIDIA GeForce RTX 4070 Laptop GPU,9.1922,45.4722,31.70067596435547,machine,0.0,31.4,46.7,14.798111724853516,N,1.0,0.0
2026-05-09T04:51:03,Q404_qwen2.5:14b_HumanEval,8e6c74fe-3751-4fc1-9df4-ce4e51a59223,5b0fa12a-3dd7-45bb-9766-cc326314d9f1,37.24704760000168,0.0002938483298816,7.88917105692025e-06,13.194711485920005,54.40330746066608,20.0,0.000131107000241,0.0005588651693141,0.0001985441188889,0.0008885162884441,0.0,Italy,ITA,lombardy,,,Windows-11-10.0.26200-SP0,3.13.13,3.2.6,32,13th Gen Intel(R) Core(TM) i9-13900HX,1,1 x NVIDIA GeForce RTX 4070 Laptop GPU,9.1922,45.4722,31.70067596435547,machine,2.874285714285714,40.97142857142857,46.682857142857145,14.793672071184432,N,1.0,0.0
2026-05-09T04:52:10,Q405_qwen2.5:14b_GSM8K,0878a939-182a-45f6-bea6-766471b1d3dc,5b0fa12a-3dd7-45bb-9766-cc326314d9f1,20.63738279999233,0.0001579258883588,7.652418423855111e-06,13.16987751872,53.044924361288544,20.0,7.215694330010847e-05,0.0002963035703759,0.0001090638072221,0.0004775243208982,0.0,Italy,ITA,lombardy,,,Windows-11-10.0.26200-SP0,3.13.13,3.2.6,32,13th Gen Intel(R) Core(TM) i9-13900HX,1,1 x NVIDIA GeForce RTX 4070 Laptop GPU,9.1922,45.4722,31.70067596435547,machine,0.0,41.05263157894737,46.5,14.732080359207956,N,1.0,0.0
2026-05-09T04:52:59,Q406_qwen2.5:14b_HellaSwag,d29bbf43-5442-4ae5-bbda-aa7d859d1036,5b0fa12a-3dd7-45bb-9766-cc326314d9f1,14.31951499999559,0.0001077706053414,7.526135161805098e-06,13.142530469415387,49.97094717456661,20.0,5.042854361705772e-05,0.000198699881182,7.674015611111018e-05,0.0003258685809102,0.0,Italy,ITA,lombardy,,,Windows-11-10.0.26200-SP0,3.13.13,3.2.6,32,13th Gen Intel(R) Core(TM) i9-13900HX,1,1 x NVIDIA GeForce RTX 4070 Laptop GPU,9.1922,45.4722,31.70067596435547,machine,12.5,39.5,46.5,14.744339942932127,N,1.0,0.0
2026-05-09T04:53:53,Q407_qwen2.5:14b_GSM8K,d4426914-f979-457d-85c8-8fe1de323527,5b0fa12a-3dd7-45bb-9766-cc326314d9f1,18.898614000005185,0.0001429949016327,7.566422682251282e-06,13.070988000320002,52.16803838894342,20.0,6.526998228632316e-05,0.000267719936398,9.93872172221826e-05,0.0004323771359065,0.0,Italy,ITA,lombardy,,,Windows-11-10.0.26200-SP0,3.13.13,3.2.6,32,13th Gen Intel(R) Core(TM) i9-13900HX,1,1 x NVIDIA GeForce RTX 4070 Laptop GPU,9.1922,45.4722,31.70067596435547,machine,0.0,45.23529411764706,46.5,14.738976871266084,N,1.0,0.0
2026-05-09T04:54:48,Q408_qwen2.5:14b_GSM8K,a3cdcc47-2033-404e-9a74-7d306500521a,5b0fa12a-3dd7-45bb-9766-cc326314d9f1,18.83410520000325,0.0001469551636857,7.802609262569888e-06,13.37536606112,52.33657816992607,20.0,6.67673341506867e-05,0.0002785449450579,9.903959666674684e-05,0.0004443518758754,0.0,Italy,ITA,lombardy,,,Windows-11-10.0.26200-SP0,3.13.13,3.2.6,32,13th Gen Intel(R) Core(TM) i9-13900HX,1,1 x NVIDIA GeForce RTX 4070 Laptop GPU,9.1922,45.4722,31.70067596435547,machine,0.0,40.8235294117647,46.5,14.742304858039407,N,1.0,0.0
2026-05-09T04:55:41,Q409_qwen2.5:14b_GSM8K,00c3fad5-e653-478f-820c-ae7265826b99,5b0fa12a-3dd7-45bb-9766-cc326314d9f1,17.716761100004078,0.0001340463412388,7.566074887066164e-06,13.10576148992,50.93596529115045,20.0,6.13291602310423e-05,0.0002511640898201,9.282590777778145e-05,0.000405319157829,0.0,Italy,ITA,lombardy,,,Windows-11-10.0.26200-SP0,3.13.13,3.2.6,32,13th Gen Intel(R) Core(TM) i9-13900HX,1,1 x NVIDIA GeForce RTX 4070 Laptop GPU,9.1922,45.4722,31.70067596435547,machine,0.0,41.75,46.5,14.741435766220093,N,1.0,0.0
2026-05-09T04:56:34,Q410_qwen2.5:14b_MMLU,91b3d6f1-22bd-44da-af72-e41ec92ee33a,5b0fa12a-3dd7-45bb-9766-cc326314d9f1,17.89568839999265,0.0001373017678247,7.672337870212721e-06,13.34408528,52.83019693260589,20.0,6.35639857917204e-05,0.000257765206212,9.38334777777426e-05,0.0004151626697814,0.0,Italy,ITA,lombardy,,,Windows-11-10.0.26200-SP0,3.13.13,3.2.6,32,13th Gen Intel(R) Core(TM) i9-13900HX,1,1 x NVIDIA GeForce RTX 4070 Laptop GPU,9.1922,45.4722,31.70067596435547,machine,4.01875,37.9375,46.5,14.727818250656128,N,1.0,0.0
2026-05-09T04:57:36,Q411_qwen2.5:14b_GSM8K,40380ef8-bbd9-4349-87bf-5b07acdae9c6,5b0fa12a-3dd7-45bb-9766-cc326314d9f1,27.46434780000709,0.0002116924110787,7.707898713644422e-06,13.176410184320002,52.66485909690618,20.0,9.690066769849648e-05,0.0003962019836279,0.0001469968022223,0.0006400994535488,0.0,Italy,ITA,lombardy,,,Windows-11-10.0.26200-SP0,3.13.13,3.2.6,32,13th Gen Intel(R) Core(TM) i9-13900HX,1,1 x NVIDIA GeForce RTX 4070 Laptop GPU,9.1922,45.4722,31.70067596435547,machine,0.0,40.68,46.5,14.734035949707032,N,1.0,0.0
2026-05-09T04:58:37,Q412_qwen2.5:14b_HellaSwag,2ef1b5f6-91f7-41b9-8fbe-04eb1ec4374a,5b0fa12a-3dd7-45bb-9766-cc326314d9f1,15.221151799996733,0.0001135842601459,7.462264461875052e-06,13.196546928457144,49.13024552640977,20.0,5.395679144140919e-05,0.0002077173883958,8.177328944447154e-05,0.0003434474692817,0.0,Italy,ITA,lombardy,,,Windows-11-10.0.26200-SP0,3.13.13,3.2.6,32,13th Gen Intel(R) Core(TM) i9-13900HX,1,1 x NVIDIA GeForce RTX 4070 Laptop GPU,9.1922,45.4722,31.70067596435547,machine,6.292307692307692,43.53846153846154,46.5,14.740377279428335,N,1.0,0.0
2026-05-09T04:59:17,Q413_qwen2.5:14b_SQuAD,c2b6ee1c-9a75-4d76-9661-ba2ac2ba24e4,5b0fa12a-3dd7-45bb-9766-cc326314d9f1,4.364554699990549,2.538320585009788e-05,5.815760735030504e-06,13.346679104,33.80123234038204,20.0,1.4320651157899465e-05,4.09725327781274e-05,2.1458628333332145e-05,7.675181226935902e-05,0.0,Italy,ITA,lombardy,,,Windows-11-10.0.26200-SP0,3.13.13,3.2.6,32,13th Gen Intel(R) Core(TM) i9-13900HX,1,1 x NVIDIA GeForce RTX 4070 Laptop GPU,9.1922,45.4722,31.70067596435547,machine,0.0,42.5,46.5,14.739385604858398,N,1.0,0.0
2026-05-09T05:00:02,Q414_qwen2.5:14b_HumanEval,4df25414-03ea-4447-979e-fc2afe7a6354,5b0fa12a-3dd7-45bb-9766-cc326314d9f1,30.06762869999511,0.0002386047216542,7.935601574536309e-06,13.16893833344,54.433303093225646,20.0,0.0001063251242915,0.00045369064073,0.0001614590916667,0.0007214748566883,0.0,Italy,ITA,lombardy,,,Windows-11-10.0.26200-SP0,3.13.13,3.2.6,32,13th Gen Intel(R) Core(TM) i9-13900HX,1,1 x NVIDIA GeForce RTX 4070 Laptop GPU,9.1922,45.4722,31.70067596435547,machine,0.0,42.17857142857143,46.5,14.73764065333775,N,1.0,0.0
2026-05-09T05:01:10,Q415_qwen2.5:14b_HumanEval,9d9516fa-c3a3-48f2-9b6a-20fe90a5bce2,5b0fa12a-3dd7-45bb-9766-cc326314d9f1,22.99393789999885,0.0001772592029977,7.708953715045146e-06,13.653961036640002,52.97563264073919,20.0,8.348057902470367e-05,0.00033033498649,0.0001221673655555,0.0005359829310703,0.0,Italy,ITA,lombardy,,,Windows-11-10.0.26200-SP0,3.13.13,3.2.6,32,13th Gen Intel(R) Core(TM) i9-13900HX,1,1 x NVIDIA GeForce RTX 4070 Laptop GPU,9.1922,45.4722,31.70067596435547,machine,0.0,39.23809523809524,46.5,14.742537543887185,N,1.0,0.0
2026-05-09T05:02:03,Q416_qwen2.5:14b_MMLU,b2c59179-4549-4fc9-9f5f-38777bebde2f,5b0fa12a-3dd7-45bb-9766-cc326314d9f1,7.488287900006981,5.185321584638172e-05,6.924575622464165e-06,13.1656145792,44.47398786979617,20.0,2.553789372655596e-05,9.24578517439434e-05,3.87940750000578e-05,0.0001567898204705,0.0,Italy,ITA,lombardy,,,Windows-11-10.0.26200-SP0,3.13.13,3.2.6,32,13th Gen Intel(R) Core(TM) i9-13900HX,1,1 x NVIDIA GeForce RTX 4070 Laptop GPU,9.1922,45.4722,31.70067596435547,machine,12.0,45.8,46.5,14.740190887451172,N,1.0,0.0
2026-05-09T05:02:52,Q417_qwen2.5:14b_HumanEval,1ebcbfeb-be66-4d29-b560-e8286fc129e3,5b0fa12a-3dd7-45bb-9766-cc326314d9f1,33.56354560000182,0.000263914424758,7.863127093404657e-06,13.589774061760002,52.59575532824906,20.0,0.0001209843066496,0.000498961232502,0.0001780588777778,0.0007980044169295,0.0,Italy,ITA,lombardy,,,Windows-11-10.0.26200-SP0,3.13.13,3.2.6,32,13th Gen Intel(R) Core(TM) i9-13900HX,1,1 x NVIDIA GeForce RTX 4070 Laptop GPU,9.1922,45.4722,31.70067596435547,machine,3.225806451612903,39.61290322580645,46.5,14.729960410825669,N,1.0,0.0
2026-05-09T05:04:16,Q418_qwen2.5:14b_HumanEval,f357e6fb-df43-4711-87db-f4a2a0541d66,5b0fa12a-3dd7-45bb-9766-cc326314d9f1,37.8747577000031,0.0003013810553893,7.957306493588127e-06,13.37067125392,55.15870108759536,20.0,0.0001357106729952,0.00057356018107,0.0002020223183332,0.0009112931723985,0.0,Italy,ITA,lombardy,,,Windows-11-10.0.26200-SP0,3.13.13,3.2.6,32,13th Gen Intel(R) Core(TM) i9-13900HX,1,1 x NVIDIA GeForce RTX 4070 Laptop GPU,9.1922,45.4722,31.70067596435547,machine,2.7777777777777777,38.11111111111112,46.5,14.740307172139486,N,1.0,0.0
2026-05-09T05:05:28,Q419_qwen2.5:14b_GSM8K,0153b51f-32b2-4fce-8d93-ce2a72e1c889,5b0fa12a-3dd7-45bb-9766-cc326314d9f1,26.96614150000096,0.0002109760452727,7.823738715928478e-06,13.635823682240002,53.19824995133584,20.0,9.854980429463811e-05,0.000395148093896,0.0001442354627777,0.0006379333609684,0.0,Italy,ITA,lombardy,,,Windows-11-10.0.26200-SP0,3.13.13,3.2.6,32,13th Gen Intel(R) Core(TM) i9-13900HX,1,1 x NVIDIA GeForce RTX 4070 Laptop GPU,9.1922,45.4722,31.70067596435547,machine,0.0,40.84,46.5,14.741407012939453,N,1.0,0.0
2026-05-09T05:06:51,Q420_qwen2.5:14b_HellaSwag,8db8bed5-c341-4f7f-8f6c-dd18796b7977,5b0fa12a-3dd7-45bb-9766-cc326314d9f1,37.3875543000031,0.0002946779450279,7.881712258132073e-06,13.302267115771429,54.763785181924526,20.0,0.000132128428139,0.000559561836538,0.0001993345511112,0.0008910248157884,0.0,Italy,ITA,lombardy,,,Windows-11-10.0.26200-SP0,3.13.13,3.2.6,32,13th Gen Intel(R) Core(TM) i9-13900HX,1,1 x NVIDIA GeForce RTX 4070 Laptop GPU,9.1922,45.4722,31.70067596435547,machine,2.857142857142857,40.82857142857143,46.5,14.739444514683315,N,1.0,0.0
2026-05-09T05:07:51,Q421_qwen2.5:14b_GSM8K,c60bc33e-451b-412e-89ee-300ac76fb715,5b0fa12a-3dd7-45bb-9766-cc326314d9f1,14.25557920000574,0.000106817168524,7.493007967294898e-06,13.654753312492309,49.09744051063263,20.0,5.216740546198325e-05,0.0001944098777499,7.64083677778318e-05,0.0003229856509898,0.0,Italy,ITA,lombardy,,,Windows-11-10.0.26200-SP0,3.13.13,3.2.6,32,13th Gen Intel(R) Core(TM) i9-13900HX,1,1 x NVIDIA GeForce RTX 4070 Laptop GPU,9.1922,45.4722,31.70067596435547,machine,0.0,36.083333333333336,46.70000000000001,14.809632619222006,N,1.0,0.0
2026-05-09T05:08:36,Q422_qwen2.5:14b_HellaSwag,3594f65f-d3ad-4431-b429-61c2fe6a9b42,5b0fa12a-3dd7-45bb-9766-cc326314d9f1,9.47370210000372,6.686906391290623e-05,7.058387862214917e-06,13.413783656,45.19342235228646,20.0,3.343014983226344e-05,0.000118919817358,4.984363555558957e-05,0.0002021936027458,0.0,Italy,ITA,lombardy,,,Windows-11-10.0.26200-SP0,3.13.13,3.2.6,32,13th Gen Intel(R) Core(TM) i9-13900HX,1,1 x NVIDIA GeForce RTX 4070 Laptop GPU,9.1922,45.4722,31.70067596435547,machine,0.0,52.85714285714285,46.8,14.826226915631976,N,1.0,0.0
2026-05-09T05:09:07,Q423_qwen2.5:14b_MMLU,f917f1fe-614d-4c77-8376-3dc49ff5072b,5b0fa12a-3dd7-45bb-9766-cc326314d9f1,6.207794500005548,4.252885046727514e-05,6.850879240161241e-06,13.10061089792,44.15763493746984,20.0,2.076322699036821e-05,7.613506090797806e-05,3.1697223888962374e-05,0.0001285955117873,0.0,Italy,ITA,lombardy,,,Windows-11-10.0.26200-SP0,3.13.13,3.2.6,32,13th Gen Intel(R) Core(TM) i9-13900HX,1,1 x NVIDIA GeForce RTX 4070 Laptop GPU,9.1922,45.4722,31.70067596435547,machine,0.0,48.5,46.8,14.822853088378906,N,1.0,0.0
2026-05-09T05:09:29,Q424_qwen2.5:14b_MMLU,1f50a5fd-ea61-4b7d-9a74-78f30ea6d10f,5b0fa12a-3dd7-45bb-9766-cc326314d9f1,6.250689899999998,4.386658088526569e-05,7.017878280166435e-06,13.38599668736,45.73810256505017,20.0,2.136324383489778e-05,7.935923015400803e-05,3.1917965555557105e-05,0.0001326404395444,0.0,Italy,ITA,lombardy,,,Windows-11-10.0.26200-SP0,3.13.13,3.2.6,32,13th Gen Intel(R) Core(TM) i9-13900HX,1,1 x NVIDIA GeForce RTX 4070 Laptop GPU,9.1922,45.4722,31.70067596435547,machine,0.0,44.25,46.7,14.805882453918455,N,1.0,0.0
2026-05-09T05:09:52,Q425_qwen2.5:14b_HellaSwag,e17d125e-9d49-4131-b057-9a3fd5addee4,5b0fa12a-3dd7-45bb-9766-cc326314d9f1,8.447361899990938,6.199844253863051e-05,7.3393851562932355e-06,13.407394485028572,48.47845956966548,20.0,2.958938855299936e-05,0.0001137387021019,4.413809666665556e-05,0.0001874661873216,0.0,Italy,ITA,lombardy,,,Windows-11-10.0.26200-SP0,3.13.13,3.2.6,32,13th Gen Intel(R) Core(TM) i9-13900HX,1,1 x NVIDIA GeForce RTX 4070 Laptop GPU,9.1922,45.4722,31.70067596435547,machine,0.0,45.5,46.70000000000001,14.81356938680013,N,1.0,0.0
2026-05-09T05:10:25,Q426_qwen2.5:14b_MMLU,e1ddec77-982e-40ec-8676-681c0de3ed41,5b0fa12a-3dd7-45bb-9766-cc326314d9f1,7.532376299990574,5.382767985545141e-05,7.146175086276395e-06,13.410797024000004,46.609697792049325,20.0,2.619019472543557e-05,9.751230023213876e-05,3.9057559999976846e-05,0.0001627600549575,0.0,Italy,ITA,lombardy,,,Windows-11-10.0.26200-SP0,3.13.13,3.2.6,32,13th Gen Intel(R) Core(TM) i9-13900HX,1,1 x NVIDIA GeForce RTX 4070 Laptop GPU,9.1922,45.4722,31.70067596435547,machine,10.0,41.8,46.7,14.814226531982422,N,1.0,0.0
2026-05-09T05:10:46,Q427_qwen2.5:14b_SQuAD,699de4b2-31d8-4e42-b3ad-63d12a596d29,5b0fa12a-3dd7-45bb-9766-cc326314d9f1,5.653512099990621,3.940121841619738e-05,6.969334763829857e-06,13.023937210880002,45.77884997215935,20.0,1.8636915526393635e-05,7.18828352839207e-05,2.861866444436601e-05,0.0001191384152546,0.0,Italy,ITA,lombardy,,,Windows-11-10.0.26200-SP0,3.13.13,3.2.6,32,13th Gen Intel(R) Core(TM) i9-13900HX,1,1 x NVIDIA GeForce RTX 4070 Laptop GPU,9.1922,45.4722,31.70067596435547,machine,0.0,52.5,46.7,14.811010360717772,N,1.0,0.0
2026-05-09T05:11:17,Q428_qwen2.5:14b_GSM8K,acb8f2d5-9722-47dd-a5f3-43eab96b773c,5b0fa12a-3dd7-45bb-9766-cc326314d9f1,16.208724600001005,0.0001241878651869,7.661791303860561e-06,13.553808404480002,50.88963218992248,20.0,5.9135127518690494e-05,0.0002291157388479,8.725897944443407e-05,0.0003755098458111,0.0,Italy,ITA,lombardy,,,Windows-11-10.0.26200-SP0,3.13.13,3.2.6,32,13th Gen Intel(R) Core(TM) i9-13900HX,1,1 x NVIDIA GeForce RTX 4070 Laptop GPU,9.1922,45.4722,31.70067596435547,machine,0.0,42.785714285714285,46.7,14.808837618146624,N,1.0,0.0
2026-05-09T05:12:08,Q429_qwen2.5:14b_HellaSwag,cb78367b-3c23-468c-ae8e-862f8416f510,5b0fa12a-3dd7-45bb-9766-cc326314d9f1,15.302621199996793,0.000117974820659,7.709451806798446e-06,13.593298592000002,51.43221968929417,20.0,5.5885744868188096e-05,0.000218612952668,8.2224615555525e-05,0.0003567233130917,0.0,Italy,ITA,lombardy,,,Windows-11-10.0.26200-SP0,3.13.13,3.2.6,32,13th Gen Intel(R) Core(TM) i9-13900HX,1,1 x NVIDIA GeForce RTX 4070 Laptop GPU,9.1922,45.4722,31.70067596435547,machine,0.0,41.92307692307692,46.66153846153846,14.801678290733925,N,1.0,0.0
2026-05-09T05:12:52,Q430_qwen2.5:14b_HellaSwag,66f82166-808c-44f7-b73e-3a64b1d13e14,5b0fa12a-3dd7-45bb-9766-cc326314d9f1,8.597276500004227,6.313553489511983e-05,7.343666903709423e-06,13.4812795232,48.43262016019269,20.0,3.030932675741673e-05,0.0001156309258381,4.4964188333364696e-05,0.0001909044409288,0.0,Italy,ITA,lombardy,,,Windows-11-10.0.26200-SP0,3.13.13,3.2.6,32,13th Gen Intel(R) Core(TM) i9-13900HX,1,1 x NVIDIA GeForce RTX 4070 Laptop GPU,9.1922,45.4722,31.70067596435547,machine,0.0,40.0,46.6,14.78536115373884,N,1.0,0.0
2026-05-09T05:13:54,Q431_qwen2.5:14b_HumanEval,c77af693-be54-49b3-8532-a2eb11ccb3c7,5b0fa12a-3dd7-45bb-9766-cc326314d9f1,37.5710046000022,0.0003004644707034,7.99724345681743e-06,13.495790881417143,55.09983967135836,20.0,0.000134770198887,0.0005733946253819,0.0002003568488888,0.0009085216731578,0.0,Italy,ITA,lombardy,,,Windows-11-10.0.26200-SP0,3.13.13,3.2.6,32,13th Gen Intel(R) Core(TM) i9-13900HX,1,1 x NVIDIA GeForce RTX 4070 Laptop GPU,9.1922,45.4722,31.70067596435547,machine,2.571428571428572,40.17142857142857,46.6,14.774917602539062,N,1.0,0.0
2026-05-09T05:14:56,Q432_qwen2.5:14b_GSM8K,df0c8a63-ee07-4cc7-86c9-f293f1d48009,5b0fa12a-3dd7-45bb-9766-cc326314d9f1,16.356176300003426,0.0001204160821643,7.362116912638152e-06,13.1380142336,48.02101267801499,20.0,5.785905267992252e-05,0.0002181679523119,8.807800944438593e-05,0.0003641050144363,0.0,Italy,ITA,lombardy,,,Windows-11-10.0.26200-SP0,3.13.13,3.2.6,32,13th Gen Intel(R) Core(TM) i9-13900HX,1,1 x NVIDIA GeForce RTX 4070 Laptop GPU,9.1922,45.4722,31.70067596435547,machine,0.0,39.71428571428572,46.6,14.7783203125,N,1.0,0.0
2026-05-09T05:15:38,Q433_qwen2.5:14b_SQuAD,a4fa1a4e-18a9-4669-8541-84f103c77076,5b0fa12a-3dd7-45bb-9766-cc326314d9f1,6.237773700006073,4.3888879365778495e-05,7.035984547777962e-06,13.123961569280004,46.13740665625852,20.0,2.0910184496455807e-05,7.993284172402859e-05,3.186483777778146e-05,0.0001327078639982,0.0,Italy,ITA,lombardy,,,Windows-11-10.0.26200-SP0,3.13.13,3.2.6,32,13th Gen Intel(R) Core(TM) i9-13900HX,1,1 x NVIDIA GeForce RTX 4070 Laptop GPU,9.1922,45.4722,31.70067596435547,machine,0.0,42.5,46.6,14.780264854431152,N,1.0,0.0
2026-05-09T05:16:04,Q434_qwen2.5:14b_MMLU,fc5a1fec-8701-4872-b702-e72ede469b9f,5b0fa12a-3dd7-45bb-9766-cc326314d9f1,11.41266380000161,8.309925949400197e-05,7.28132020273744e-06,13.1784179456,47.54387809087784,20.0,3.994114801135257e-05,0.0001507128983478,6.061519055559378e-05,0.0002512692369148,0.0,Italy,ITA,lombardy,,,Windows-11-10.0.26200-SP0,3.13.13,3.2.6,32,13th Gen Intel(R) Core(TM) i9-13900HX,1,1 x NVIDIA GeForce RTX 4070 Laptop GPU,9.1922,45.4722,31.70067596435547,machine,0.0,43.44444444444444,46.6,14.784012688530815,N,1.0,0.0
2026-05-09T05:17:04,Q435_qwen2.5:14b_GSM8K,413732d3-834c-411a-9498-5500be9c5bfa,5b0fa12a-3dd7-45bb-9766-cc326314d9f1,35.04709360000561,0.0002759917829726,7.874883610110081e-06,13.146693622720004,54.56744535164183,20.0,0.000122639748823,0.000525575698238,0.0001863075694444,0.0008345230165055,0.0,Italy,ITA,lombardy,,,Windows-11-10.0.26200-SP0,3.13.13,3.2.6,32,13th Gen Intel(R) Core(TM) i9-13900HX,1,1 x NVIDIA GeForce RTX 4070 Laptop GPU,9.1922,45.4722,31.70067596435547,machine,0.0,39.60606060606061,46.66666666666666,14.789442698160808,N,1.0,0.0
2026-05-09T05:17:56,Q436_qwen2.5:14b_MMLU,7a0d7a73-e68b-4137-b72c-d4023bcf21c0,5b0fa12a-3dd7-45bb-9766-cc326314d9f1,6.545796200007317,4.327087022765159e-05,6.610482347067759e-06,13.321611660800002,41.19407831242784,20.0,2.2366279933069643e-05,7.489478213795753e-05,3.357811277779143e-05,0.0001308391748488,0.0,Italy,ITA,lombardy,,,Windows-11-10.0.26200-SP0,3.13.13,3.2.6,32,13th Gen Intel(R) Core(TM) i9-13900HX,1,1 x NVIDIA GeForce RTX 4070 Laptop GPU,9.1922,45.4722,31.70067596435547,machine,20.0,34.0,46.620000000000005,14.788579559326172,N,1.0,0.0
2026-05-09T05:18:19,Q437_qwen2.5:14b_SQuAD,38ac726b-cd2b-447f-a145-1cd37dddeaec,5b0fa12a-3dd7-45bb-9766-cc326314d9f1,7.535101299989037,5.253484991409499e-05,6.972016409941486e-06,13.2383358464,44.87432356143853,20.0,2.586307372311465e-05,9.391563068794628e-05,3.907218944441411e-05,0.0001588508938554,0.0,Italy,ITA,lombardy,,,Windows-11-10.0.26200-SP0,3.13.13,3.2.6,32,13th Gen Intel(R) Core(TM) i9-13900HX,1,1 x NVIDIA GeForce RTX 4070 Laptop GPU,9.1922,45.4722,31.70067596435547,machine,0.0,39.8,46.7,14.80944595336914,N,1.0,0.0
2026-05-09T05:18:48,Q438_qwen2.5:14b_SQuAD,00c4623a-1765-4633-a8db-838206e322f9,5b0fa12a-3dd7-45bb-9766-cc326314d9f1,3.2891848999861395,2.098087013590756e-05,6.378744513875146e-06,13.270216217600002,41.24871581081538,20.0,1.0275608356723993e-05,3.767891903194709e-05,1.5485836111070565e-05,6.344036349974165e-05,0.0,Italy,ITA,lombardy,,,Windows-11-10.0.26200-SP0,3.13.13,3.2.6,32,13th Gen Intel(R) Core(TM) i9-13900HX,1,1 x NVIDIA GeForce RTX 4070 Laptop GPU,9.1922,45.4722,31.70067596435547,machine,0.0,99.0,46.7,14.80622100830078,N,1.0,0.0
2026-05-09T05:19:10,Q439_qwen2.5:14b_HellaSwag,2e5dd095-9d12-45b5-880e-7b43c01d4f58,5b0fa12a-3dd7-45bb-9766-cc326314d9f1,7.3266107000090415,4.97737821915262e-05,6.793561747652947e-06,13.478151488000002,42.82063476711799,20.0,2.553389262340153e-05,8.707979188604664e-05,3.788850222222714e-05,0.0001505021867316,0.0,Italy,ITA,lombardy,,,Windows-11-10.0.26200-SP0,3.13.13,3.2.6,32,13th Gen Intel(R) Core(TM) i9-13900HX,1,1 x NVIDIA GeForce RTX 4070 Laptop GPU,9.1922,45.4722,31.70067596435547,machine,0.0,37.2,46.7,14.809268188476562,N,1.0,0.0
2026-05-09T05:19:36,Q440_qwen2.5:14b_MMLU,c32304c1-bc23-42c6-95f6-4b27b73a118a,5b0fa12a-3dd7-45bb-9766-cc326314d9f1,10.65394789999118,7.65008385039105e-05,7.180515544286999e-06,13.358454913280005,46.383505911867736,20.0,3.766886394878533e-05,0.0001372523320239,5.639623611108012e-05,0.0002313174320838,0.0,Italy,ITA,lombardy,,,Windows-11-10.0.26200-SP0,3.13.13,3.2.6,32,13th Gen Intel(R) Core(TM) i9-13900HX,1,1 x NVIDIA GeForce RTX 4070 Laptop GPU,9.1922,45.4722,31.70067596435547,machine,0.0,50.44444444444444,46.7,14.808351728651258,N,1.0,0.0
2026-05-09T05:20:30,Q441_qwen2.5:14b_HumanEval,a5a1bd6c-564d-4c72-8a42-62635718ccce,5b0fa12a-3dd7-45bb-9766-cc326314d9f1,28.534570200004964,0.0002254832548329,7.90210797823449e-06,13.21771071990154,54.25167595452376,20.0,0.0001010636723602,0.000427803397798,0.0001529320905555,0.0006817991607138,0.0,Italy,ITA,lombardy,,,Windows-11-10.0.26200-SP0,3.13.13,3.2.6,32,13th Gen Intel(R) Core(TM) i9-13900HX,1,1 x NVIDIA GeForce RTX 4070 Laptop GPU,9.1922,45.4722,31.70067596435547,machine,1.2807692307692309,42.80769230769231,46.7,14.80085328909067,N,1.0,0.0
2026-05-09T05:21:38,Q442_qwen2.5:14b_GSM8K,3d42124a-7d0e-4522-9d12-32cdf3ccaafe,5b0fa12a-3dd7-45bb-9766-cc326314d9f1,22.531955099999323,0.0001693244666591,7.514859048299448e-06,13.19721592064,51.40437319938859,20.0,7.894282538879501e-05,0.0003134527507619,0.0001195949011111,0.0005119904772619,0.0,Italy,ITA,lombardy,,,Windows-11-10.0.26200-SP0,3.13.13,3.2.6,32,13th Gen Intel(R) Core(TM) i9-13900HX,1,1 x NVIDIA GeForce RTX 4070 Laptop GPU,9.1922,45.4722,31.70067596435547,machine,4.445,40.35,46.7,14.790432548522949,N,1.0,0.0
2026-05-09T05:22:20,Q443_qwen2.5:14b_HellaSwag,32121380-fea0-418a-a935-2cf978366c63,5b0fa12a-3dd7-45bb-9766-cc326314d9f1,7.164835199990193,4.8239649022800025e-05,6.73283441646586e-06,13.159262547200004,42.50883577816069,20.0,2.433716527207075e-05,8.453840096400711e-05,3.698782499996014e-05,0.000145863391236,0.0,Italy,ITA,lombardy,,,Windows-11-10.0.26200-SP0,3.13.13,3.2.6,32,13th Gen Intel(R) Core(TM) i9-13900HX,1,1 x NVIDIA GeForce RTX 4070 Laptop GPU,9.1922,45.4722,31.70067596435547,machine,0.0,36.0,46.7,14.793714904785157,N,1.0,0.0
2026-05-09T05:23:01,Q444_qwen2.5:14b_GSM8K,9e8c363a-3cad-4c0c-88b1-084a2e2c7d33,5b0fa12a-3dd7-45bb-9766-cc326314d9f1,16.192921499998192,0.0001238532404842,7.64860377321287e-06,13.20743584256,51.10153093417526,20.0,5.755310140756261e-05,0.0002297932393899,8.715169222220235e-05,0.0003744980330197,0.0,Italy,ITA,lombardy,,,Windows-11-10.0.26200-SP0,3.13.13,3.2.6,32,13th Gen Intel(R) Core(TM) i9-13900HX,1,1 x NVIDIA GeForce RTX 4070 Laptop GPU,9.1922,45.4722,31.70067596435547,machine,0.0,43.85714285714285,46.6,14.782149178641182,N,1.0,0.0
2026-05-09T05:24:13,Q445_qwen2.5:14b_HumanEval,a7c5839a-87e2-4d54-bf85-470742b1b947,5b0fa12a-3dd7-45bb-9766-cc326314d9f1,35.873099899996305,0.0002850062904316,7.944847008654895e-06,13.163345088,55.65721516229569,20.0,0.0001258821676665,0.000544978769316,0.0001909194633333,0.0008617804003158,0.0,Italy,ITA,lombardy,,,Windows-11-10.0.26200-SP0,3.13.13,3.2.6,32,13th Gen Intel(R) Core(TM) i9-13900HX,1,1 x NVIDIA GeForce RTX 4070 Laptop GPU,9.1922,45.4722,31.70067596435547,machine,0.0,38.588235294117645,46.69705882352941,14.7968890246223,N,1.0,0.0
2026-05-09T05:25:17,Q446_qwen2.5:14b_GSM8K,8ea6163d-3be2-4351-bc81-f847339d17a1,5b0fa12a-3dd7-45bb-9766-cc326314d9f1,19.02520899999945,0.0001419791076787,7.4626832051491215e-06,13.46200894304,51.74708932713034,20.0,6.785369111584054e-05,0.00026136409798,0.0001000878661111,0.0004293056552069,0.0,Italy,ITA,lombardy,,,Windows-11-10.0.26200-SP0,3.13.13,3.2.6,32,13th Gen Intel(R) Core(TM) i9-13900HX,1,1 x NVIDIA GeForce RTX 4070 Laptop GPU,9.1922,45.4722,31.70067596435547,machine,0.0,37.294117647058826,46.694117647058825,14.7901512594784,N,1.0,0.0
2026-05-09T05:26:00,Q447_qwen2.5:14b_MMLU,e4e70e22-9297-47b2-a5ff-43e9038eee40,5b0fa12a-3dd7-45bb-9766-cc326314d9f1,7.293599399999948,5.0831341038904136e-05,6.969308053703155e-06,13.2293867456,44.94720128187247,20.0,2.4950993457544684e-05,9.102923949000365e-05,3.771971999999045e-05,0.0001536999529475,0.0,Italy,ITA,lombardy,,,Windows-11-10.0.26200-SP0,3.13.13,3.2.6,32,13th Gen Intel(R) Core(TM) i9-13900HX,1,1 x NVIDIA GeForce RTX 4070 Laptop GPU,9.1922,45.4722,31.70067596435547,machine,0.0,47.8,46.7,14.793107604980468,N,1.0,0.0
2026-05-09T05:26:37,Q448_qwen2.5:14b_GSM8K,7b9bc378-0bd5-4cd8-b12f-9e4d3ba9096c,5b0fa12a-3dd7-45bb-9766-cc326314d9f1,22.74616770001012,0.0001787033816793,7.856417135238942e-06,13.17315566336,54.30338377099165,20.0,7.975892549287121e-05,0.0003398158274079,0.0001207749761111,0.0005403497290119,0.0,Italy,ITA,lombardy,,,Windows-11-10.0.26200-SP0,3.13.13,3.2.6,32,13th Gen Intel(R) Core(TM) i9-13900HX,1,1 x NVIDIA GeForce RTX 4070 Laptop GPU,9.1922,45.4722,31.70067596435547,machine,4.761904761904762,38.23809523809524,46.7,14.794409978957404,N,1.0,0.0
2026-05-09T05:27:47,Q449_qwen2.5:14b_HumanEval,4d6af8c1-7d76-48d8-a4a6-7254cb447116,5b0fa12a-3dd7-45bb-9766-cc326314d9f1,34.3110760999989,0.0002705855163264,7.886243950433605e-06,13.5159588312,55.21457802460018,20.0,0.0001232945546298,0.000512668743468,0.0001822126594444,0.0008181759575423,0.0,Italy,ITA,lombardy,,,Windows-11-10.0.26200-SP0,3.13.13,3.2.6,32,13th Gen Intel(R) Core(TM) i9-13900HX,1,1 x NVIDIA GeForce RTX 4070 Laptop GPU,9.1922,45.4722,31.70067596435547,machine,0.0,39.46875,46.7,14.802708983421326,N,1.0,0.0
2026-05-09T05:29:03,Q450_qwen2.5:14b_HumanEval,5c2484ae-952c-45fa-8d17-a48703b109c5,5b0fa12a-3dd7-45bb-9766-cc326314d9f1,30.4278661999997,0.0002381269469182,7.825949586904882e-06,13.17065252096,53.2116673217329,20.0,0.0001076487457555,0.0004489411924859,0.0001634402594444,0.0007200301976858,0.0,Italy,ITA,lombardy,,,Windows-11-10.0.26200-SP0,3.13.13,3.2.6,32,13th Gen Intel(R) Core(TM) i9-13900HX,1,1 x NVIDIA GeForce RTX 4070 Laptop GPU,9.1922,45.4722,31.70067596435547,machine,1.9035714285714285,42.142857142857146,46.7,14.802263396126884,N,1.0,0.0
2026-05-09T05:30:11,Q451_qwen2.5:14b_GSM8K,8ddd39d1-ce34-40ce-9306-0f9e9624415d,5b0fa12a-3dd7-45bb-9766-cc326314d9f1,22.77282680000644,0.0001743727694445,7.657054215357069e-06,13.10496565232,52.80786944373936,20.0,7.937133736391279e-05,0.00032695165045,0.0001209321644444,0.0005272551522583,0.0,Italy,ITA,lombardy,,,Windows-11-10.0.26200-SP0,3.13.13,3.2.6,32,13th Gen Intel(R) Core(TM) i9-13900HX,1,1 x NVIDIA GeForce RTX 4070 Laptop GPU,9.1922,45.4722,31.70067596435547,machine,10.9,41.61904761904762,46.62857142857143,14.788567497616722,N,1.0,0.0
2026-05-09T05:31:07,Q452_qwen2.5:14b_HellaSwag,716b8acf-042e-4837-8317-f88a3d881132,5b0fa12a-3dd7-45bb-9766-cc326314d9f1,10.44460750000144,7.596368017682978e-05,7.273004770817794e-06,13.599677056,47.18976161655206,20.0,3.756026618825751e-05,0.0001368967761841,5.5236171111108793e-05,0.0002296932134834,0.0,Italy,ITA,lombardy,,,Windows-11-10.0.26200-SP0,3.13.13,3.2.6,32,13th Gen Intel(R) Core(TM) i9-13900HX,1,1 x NVIDIA GeForce RTX 4070 Laptop GPU,9.1922,45.4722,31.70067596435547,machine,0.0,41.125,46.6125,14.787665843963625,N,1.0,0.0
2026-05-09T05:31:55,Q453_qwen2.5:14b_GSM8K,f46d82f8-e883-43f9-a661-a2c97b1d19ad,5b0fa12a-3dd7-45bb-9766-cc326314d9f1,23.21586769999704,0.0001800532588146,7.755611857432903e-06,13.688400925760002,52.76640687842993,20.0,8.461938984485816e-05,0.0003364197135798,0.0001233922816667,0.0005444313850914,0.0,Italy,ITA,lombardy,,,Windows-11-10.0.26200-SP0,3.13.13,3.2.6,32,13th Gen Intel(R) Core(TM) i9-13900HX,1,1 x NVIDIA GeForce RTX 4070 Laptop GPU,9.1922,45.4722,31.70067596435547,machine,4.761904761904762,40.523809523809526,46.7,14.793006352015905,N,1.0,0.0
2026-05-09T05:33:08,Q454_qwen2.5:14b_MMLU,1a112c3f-4465-4b0e-99df-f7888d9afa12,5b0fa12a-3dd7-45bb-9766-cc326314d9f1,37.34194980000029,0.0002927393585114,7.839423492327609e-06,13.409729533668571,53.73796010324836,20.0,0.000134475688096,0.0005516132190679,0.0001990741577778,0.0008851630649418,0.0,Italy,ITA,lombardy,,,Windows-11-10.0.26200-SP0,3.13.13,3.2.6,32,13th Gen Intel(R) Core(TM) i9-13900HX,1,1 x NVIDIA GeForce RTX 4070 Laptop GPU,9.1922,45.4722,31.70067596435547,machine,0.0,41.42857142857143,46.7,14.795029776436945,N,1.0,0.0
2026-05-09T05:34:17,Q455_qwen2.5:14b_HumanEval,cc64dda7-d2fb-4303-96b8-3c21c5780d7b,5b0fa12a-3dd7-45bb-9766-cc326314d9f1,23.903962800002773,0.0001865616572916,7.804633016396491e-06,13.129860491520002,53.8729241458594,20.0,8.358566401959207e-05,0.00035332111599,0.0001272042066666,0.0005641109866763,0.0,Italy,ITA,lombardy,,,Windows-11-10.0.26200-SP0,3.13.13,3.2.6,32,13th Gen Intel(R) Core(TM) i9-13900HX,1,1 x NVIDIA GeForce RTX 4070 Laptop GPU,9.1922,45.4722,31.70067596435547,machine,4.545454545454546,39.22727272727273,46.7,14.798153270374645,N,1.0,0.0
2026-05-09T05:35:07,Q456_qwen2.5:14b_GSM8K,cfa019ab-5759-4cf5-8484-25806782d9b2,5b0fa12a-3dd7-45bb-9766-cc326314d9f1,14.147340800001984,0.0001059262705986,7.487362614368362e-06,13.766363024738466,48.9374627332188,20.0,5.218016925020819e-05,0.0001923043205099,7.580733166671254e-05,0.0003202918214269,0.0,Italy,ITA,lombardy,,,Windows-11-10.0.26200-SP0,3.13.13,3.2.6,32,13th Gen Intel(R) Core(TM) i9-13900HX,1,1 x NVIDIA GeForce RTX 4070 Laptop GPU,9.1922,45.4722,31.70067596435547,machine,6.816666666666666,42.833333333333336,46.70000000000001,14.802031834920248,N,1.0,0.0
2026-05-09T05:36:08,Q457_qwen2.5:14b_HumanEval,7ba2e52d-592b-4ed6-8aeb-51536a3a14b9,5b0fa12a-3dd7-45bb-9766-cc326314d9f1,25.461949499993352,0.0002028027268586,7.964933198014239e-06,13.64661623936,54.77453762180181,20.0,9.27421253229519e-05,0.0003845983632339,0.0001358790122222,0.000613219500779,0.0,Italy,ITA,lombardy,,,Windows-11-10.0.26200-SP0,3.13.13,3.2.6,32,13th Gen Intel(R) Core(TM) i9-13900HX,1,1 x NVIDIA GeForce RTX 4070 Laptop GPU,9.1922,45.4722,31.70067596435547,machine,0.0,37.91304347826087,46.6,14.784170565397844,N,1.0,0.0
2026-05-09T05:37:00,Q458_qwen2.5:14b_HellaSwag,82ddd1f6-e533-4f5d-b887-10cb80e2172f,5b0fa12a-3dd7-45bb-9766-cc326314d9f1,7.506968400004553,5.393099226641559e-05,7.184124055508597e-06,13.470687929600004,46.974437499424994,20.0,2.6212198166930865e-05,9.794368946602904e-05,3.891655555554381e-05,0.0001630724431885,0.0,Italy,ITA,lombardy,,,Windows-11-10.0.26200-SP0,3.13.13,3.2.6,32,13th Gen Intel(R) Core(TM) i9-13900HX,1,1 x NVIDIA GeForce RTX 4070 Laptop GPU,9.1922,45.4722,31.70067596435547,machine,0.0,57.0,46.7,14.800167846679688,N,1.0,0.0
2026-05-09T05:37:24,Q459_qwen2.5:14b_MMLU,df78b39d-b1dd-4718-a574-d2cd09d6d925,5b0fa12a-3dd7-45bb-9766-cc326314d9f1,7.939428899990162,5.549312508235936e-05,6.989561312455122e-06,13.227918233600002,44.9611444148086,20.0,2.732911313126364e-05,9.91473015399258e-05,4.1319487222143736e-05,0.0001677959018933,0.0,Italy,ITA,lombardy,,,Windows-11-10.0.26200-SP0,3.13.13,3.2.6,32,13th Gen Intel(R) Core(TM) i9-13900HX,1,1 x NVIDIA GeForce RTX 4070 Laptop GPU,9.1922,45.4722,31.70067596435547,machine,0.0,45.333333333333336,46.9,14.861590703328451,N,1.0,0.0
2026-05-09T05:38:16,Q460_qwen2.5:14b_HumanEval,cd5deb6f-5305-4831-a5e6-e84a1baa41be,5b0fa12a-3dd7-45bb-9766-cc326314d9f1,37.60988299999735,0.0002999243767934,7.974616054866095e-06,13.894238464754286,55.0495567564926,20.0,0.000139654611498,0.000566666842222,0.0002005671244444,0.0009068885781645,0.0,Italy,ITA,lombardy,,,Windows-11-10.0.26200-SP0,3.13.13,3.2.6,32,13th Gen Intel(R) Core(TM) i9-13900HX,1,1 x NVIDIA GeForce RTX 4070 Laptop GPU,9.1922,45.4722,31.70067596435547,machine,4.048571428571428,40.82857142857143,46.86285714285714,14.85160358973912,N,1.0,0.0
2026-05-09T05:39:21,Q461_qwen2.5:14b_HellaSwag,ca75c235-70df-4e86-bbd9-f8683f6044a8,5b0fa12a-3dd7-45bb-9766-cc326314d9f1,8.769251499994425,6.193278963281995e-05,7.062494402499383e-06,13.376769204800002,45.45688156783375,20.0,3.0703269184424344e-05,0.0001106598107499,4.590459111107824e-05,0.0001872676710454,0.0,Italy,ITA,lombardy,,,Windows-11-10.0.26200-SP0,3.13.13,3.2.6,32,13th Gen Intel(R) Core(TM) i9-13900HX,1,1 x NVIDIA GeForce RTX 4070 Laptop GPU,9.1922,45.4722,31.70067596435547,machine,0.0,45.142857142857146,46.8,14.845205579485212,N,1.0,0.0
2026-05-09T05:39:49,Q462_qwen2.5:14b_MMLU,30247821-9d43-49b3-988c-b27e9df72a0c,5b0fa12a-3dd7-45bb-9766-cc326314d9f1,3.6555426999984775,1.968550657938073e-05,5.3851119231595705e-06,12.9548309888,30.23164922246965,20.0,1.134110634912848e-05,3.0674468984082104e-05,1.7507966111103695e-05,5.952354144431428e-05,0.0,Italy,ITA,lombardy,,,Windows-11-10.0.26200-SP0,3.13.13,3.2.6,32,13th Gen Intel(R) Core(TM) i9-13900HX,1,1 x NVIDIA GeForce RTX 4070 Laptop GPU,9.1922,45.4722,31.70067596435547,machine,0.0,61.0,46.8,14.843622207641602,N,1.0,0.0
2026-05-09T05:40:18,Q463_qwen2.5:14b_HumanEval,e86460cb-2fb5-4aa6-baab-6b827ef07011,5b0fa12a-3dd7-45bb-9766-cc326314d9f1,13.871595499993418,0.0001036515386499,7.472214616549744e-06,13.509938130707694,49.05066054962964,20.0,5.0169321120414216e-05,0.0001889748734019,7.426946499997737e-05,0.0003134136595223,0.0,Italy,ITA,lombardy,,,Windows-11-10.0.26200-SP0,3.13.13,3.2.6,32,13th Gen Intel(R) Core(TM) i9-13900HX,1,1 x NVIDIA GeForce RTX 4070 Laptop GPU,9.1922,45.4722,31.70067596435547,machine,0.0,38.583333333333336,46.80833333333333,14.847835540771484,N,1.0,0.0
2026-05-09T05:41:21,Q464_qwen2.5:14b_HumanEval,ac93b07f-02f3-4801-b2e0-ce27f29b6666,5b0fa12a-3dd7-45bb-9766-cc326314d9f1,37.46044480000273,0.000301638612763,8.052189833127487e-06,13.332628069485716,55.58043796034617,20.0,0.0001337095013954,0.0005786201851178,0.0001997422683334,0.0009120719548467,0.0,Italy,ITA,lombardy,,,Windows-11-10.0.26200-SP0,3.13.13,3.2.6,32,13th Gen Intel(R) Core(TM) i9-13900HX,1,1 x NVIDIA GeForce RTX 4070 Laptop GPU,9.1922,45.4722,31.70067596435547,machine,5.428571428571429,42.25714285714286,46.8,14.830782318115237,N,1.0,0.0
2026-05-09T05:42:17,Q465_qwen2.5:14b_GSM8K,07da74fc-2967-4b72-be8d-74455506917c,5b0fa12a-3dd7-45bb-9766-cc326314d9f1,10.002377400000114,7.580487046084771e-05,7.578685289443973e-06,13.0705619712,51.11481564404256,20.0,3.448287313826948e-05,0.00014196678024,5.276336333336076e-05,0.0002292130167116,0.0,Italy,ITA,lombardy,,,Windows-11-10.0.26200-SP0,3.13.13,3.2.6,32,13th Gen Intel(R) Core(TM) i9-13900HX,1,1 x NVIDIA GeForce RTX 4070 Laptop GPU,9.1922,45.4722,31.70067596435547,machine,0.0,43.75,46.8,14.834583282470703,N,1.0,0.0
2026-05-09T05:43:00,Q466_qwen2.5:14b_HellaSwag,15b5aac0-bc32-4e33-aedd-2c9ddcba4207,5b0fa12a-3dd7-45bb-9766-cc326314d9f1,17.89886750000005,0.0001380772321064,7.714299919058153e-06,13.10797570688,52.92943306747704,20.0,6.201496331771656e-05,0.0002616371537539,9.385534277777576e-05,0.0004175074598494,0.0,Italy,ITA,lombardy,,,Windows-11-10.0.26200-SP0,3.13.13,3.2.6,32,13th Gen Intel(R) Core(TM) i9-13900HX,1,1 x NVIDIA GeForce RTX 4070 Laptop GPU,9.1922,45.4722,31.70067596435547,machine,0.0,46.625,46.70625,14.81603193283081,N,1.0,0.0
2026-05-09T05:43:38,Q467_qwen2.5:14b_SQuAD,18aecb8a-e360-4ee7-a764-5fb2b9a43901,5b0fa12a-3dd7-45bb-9766-cc326314d9f1,3.063920699991286,1.52200431160043e-05,4.967505561109198e-06,13.153158905600002,26.36125325980821,20.0,9.360867166952074e-06,2.242751794201414e-05,1.4232826666638074e-05,4.602121177560429e-05,0.0,Italy,ITA,lombardy,,,Windows-11-10.0.26200-SP0,3.13.13,3.2.6,32,13th Gen Intel(R) Core(TM) i9-13900HX,1,1 x NVIDIA GeForce RTX 4070 Laptop GPU,9.1922,45.4722,31.70067596435547,machine,0.0,97.0,46.7,14.807403564453123,N,1.0,0.0
2026-05-09T05:44:29,Q468_qwen2.5:14b_GSM8K,4e5788f9-02e2-4cf6-b93f-a5e5d98fce1f,5b0fa12a-3dd7-45bb-9766-cc326314d9f1,35.95049139999901,0.0002837650649798,7.893217976425772e-06,13.508806041440002,54.51685915090017,20.0,0.0001298702847339,0.0005368040405538,0.0001913529516665,0.0008580272769544,0.0,Italy,ITA,lombardy,,,Windows-11-10.0.26200-SP0,3.13.13,3.2.6,32,13th Gen Intel(R) Core(TM) i9-13900HX,1,1 x NVIDIA GeForce RTX 4070 Laptop GPU,9.1922,45.4722,31.70067596435547,machine,0.0,39.61764705882353,46.7,14.807326485128964,N,1.0,0.0
2026-05-09T05:45:19,Q469_qwen2.5:14b_SQuAD,b97c26cd-ae0f-4cc8-917c-e10ecb743752,5b0fa12a-3dd7-45bb-9766-cc326314d9f1,4.5899687000055565,3.108451468491557e-05,6.772271602827693e-06,13.0383287552,44.300879106226695,20.0,1.480603168550249e-05,5.647421184606927e-05,2.2710753888936275e-05,9.399099742050804e-05,0.0,Italy,ITA,lombardy,,,Windows-11-10.0.26200-SP0,3.13.13,3.2.6,32,13th Gen Intel(R) Core(TM) i9-13900HX,1,1 x NVIDIA GeForce RTX 4070 Laptop GPU,9.1922,45.4722,31.70067596435547,machine,0.0,47.0,46.73333333333333,14.816909790039062,N,1.0,0.0
2026-05-09T05:46:12,Q470_qwen2.5:14b_HumanEval,eb79101a-fd52-4395-805c-1137905a9951,5b0fa12a-3dd7-45bb-9766-cc326314d9f1,37.420040099998005,0.0002954533206957,7.8955907023676e-06,13.65192545552,54.44945959463459,20.0,0.0001360946328036,0.00055777544622,0.0001994992588888,0.0008933693379125,0.0,Italy,ITA,lombardy,,,Windows-11-10.0.26200-SP0,3.13.13,3.2.6,32,13th Gen Intel(R) Core(TM) i9-13900HX,1,1 x NVIDIA GeForce RTX 4070 Laptop GPU,9.1922,45.4722,31.70067596435547,machine,0.0,40.54285714285714,46.66285714285714,14.78892582484654,N,1.0,0.0
2026-05-09T05:47:14,Q471_qwen2.5:14b_HellaSwag,2b2113b2-8a74-4d83-8ed8-91083499902b,5b0fa12a-3dd7-45bb-9766-cc326314d9f1,17.03921060000721,0.0001306310870684,7.666498767752704e-06,13.382809652480002,50.62740582785376,20.0,6.07038796262913e-05,0.0002452115850579,8.907690666666086e-05,0.0003949923713509,0.0,Italy,ITA,lombardy,,,Windows-11-10.0.26200-SP0,3.13.13,3.2.6,32,13th Gen Intel(R) Core(TM) i9-13900HX,1,1 x NVIDIA GeForce RTX 4070 Laptop GPU,9.1922,45.4722,31.70067596435547,machine,0.0,44.6,46.7,14.801106262207032,N,1.0,0.0
2026-05-09T05:48:03,Q472_qwen2.5:14b_HellaSwag,0cbcfcab-b1b9-49a0-938e-611d641cafd2,5b0fa12a-3dd7-45bb-9766-cc326314d9f1,12.97492740000598,9.805475988683192e-05,7.557249213339469e-06,13.1642215808,50.40812132877597,20.0,4.5597960845033634e-05,0.000181617645294,6.927493833338506e-05,0.0002964905444724,0.0,Italy,ITA,lombardy,,,Windows-11-10.0.26200-SP0,3.13.13,3.2.6,32,13th Gen Intel(R) Core(TM) i9-13900HX,1,1 x NVIDIA GeForce RTX 4070 Laptop GPU,9.1922,45.4722,31.70067596435547,machine,0.0,38.36363636363637,46.7,14.80669576471502,N,1.0,0.0
2026-05-09T05:48:40,Q473_qwen2.5:14b_HellaSwag,b5126ec4-cd6e-428c-8c32-839f15c8a8a1,5b0fa12a-3dd7-45bb-9766-cc326314d9f1,12.138533300007111,8.921741425799909e-05,7.349933641319485e-06,13.52950596887273,47.887733904756914,20.0,4.372140391986723e-05,0.0001614170735779,6.463037166670094e-05,0.0002697688491645,0.0,Italy,ITA,lombardy,,,Windows-11-10.0.26200-SP0,3.13.13,3.2.6,32,13th Gen Intel(R) Core(TM) i9-13900HX,1,1 x NVIDIA GeForce RTX 4070 Laptop GPU,9.1922,45.4722,31.70067596435547,machine,0.0,41.8,46.8,14.843342590332032,N,1.0,0.0
2026-05-09T05:49:42,Q474_qwen2.5:14b_GSM8K,196f083d-1838-40c5-91c7-4b559b2cea96,5b0fa12a-3dd7-45bb-9766-cc326314d9f1,37.343227000004845,0.0002945387283915,7.88734000924647e-06,13.500522449805716,54.44691797244682,20.0,0.00013492421003,0.000556596000832,0.0001990836522221,0.0008906038630842,0.0,Italy,ITA,lombardy,,,Windows-11-10.0.26200-SP0,3.13.13,3.2.6,32,13th Gen Intel(R) Core(TM) i9-13900HX,1,1 x NVIDIA GeForce RTX 4070 Laptop GPU,9.1922,45.4722,31.70067596435547,machine,2.54,41.457142857142856,46.77142857142857,14.829267883300782,N,1.0,0.0
2026-05-09T05:50:36,Q475_qwen2.5:14b_SQuAD,cf425fad-9291-444c-adc8-f338a1f3a68a,5b0fa12a-3dd7-45bb-9766-cc326314d9f1,8.064791400000104,5.714290969341351e-05,7.085478949078928e-06,13.121008272457145,46.11943635083382,20.0,2.7547301737325205e-05,0.0001032481381539,4.198895555560335e-05,0.0001727843954469,0.0,Italy,ITA,lombardy,,,Windows-11-10.0.26200-SP0,3.13.13,3.2.6,32,13th Gen Intel(R) Core(TM) i9-13900HX,1,1 x NVIDIA GeForce RTX 4070 Laptop GPU,9.1922,45.4722,31.70067596435547,machine,6.666666666666667,39.333333333333336,46.70000000000001,14.811928431193031,N,1.0,0.0
2026-05-09T05:51:08,Q476_qwen2.5:14b_MMLU,3e68538b-9ff6-43de-826b-78d54d881847,5b0fa12a-3dd7-45bb-9766-cc326314d9f1,7.031460700003663,4.747363092437999e-05,6.75160296698455e-06,13.0547080832,42.80436987229994,20.0,2.3677795833154084e-05,8.35953446539639e-05,3.627402333335744e-05,0.0001435471638204,0.0,Italy,ITA,lombardy,,,Windows-11-10.0.26200-SP0,3.13.13,3.2.6,32,13th Gen Intel(R) Core(TM) i9-13900HX,1,1 x NVIDIA GeForce RTX 4070 Laptop GPU,9.1922,45.4722,31.70067596435547,machine,10.0,48.0,46.8,14.821118927001953,N,1.0,0.0
2026-05-09T05:51:37,Q477_qwen2.5:14b_HellaSwag,497182e2-e2fb-41c7-9fe6-bfc9dc94255d,5b0fa12a-3dd7-45bb-9766-cc326314d9f1,13.823028200000408,0.0001023951133813,7.407574657290903e-06,13.64100729403077,48.23465476174572,20.0,5.046492353552372e-05,0.0001851604259059,7.398922666664778e-05,0.0003096145761081,0.0,Italy,ITA,lombardy,,,Windows-11-10.0.26200-SP0,3.13.13,3.2.6,32,13th Gen Intel(R) Core(TM) i9-13900HX,1,1 x NVIDIA GeForce RTX 4070 Laptop GPU,9.1922,45.4722,31.70067596435547,machine,0.0,44.66666666666666,46.80833333333333,14.845592498779297,N,1.0,0.0
2026-05-09T05:52:16,Q478_qwen2.5:14b_SQuAD,f99fb34d-8eba-4165-a73f-e1f4e109c261,5b0fa12a-3dd7-45bb-9766-cc326314d9f1,3.2846985000069253,1.6812738841388923e-05,5.118502913236474e-06,13.333491200000005,27.494243323812505,20.0,1.0304503114991712e-05,2.5076686728020547e-05,1.545589444447412e-05,5.083708428748638e-05,0.0,Italy,ITA,lombardy,,,Windows-11-10.0.26200-SP0,3.13.13,3.2.6,32,13th Gen Intel(R) Core(TM) i9-13900HX,1,1 x NVIDIA GeForce RTX 4070 Laptop GPU,9.1922,45.4722,31.70067596435547,machine,83.3,97.0,46.8,14.830097198486328,N,1.0,0.0
2026-05-09T05:52:49,Q479_qwen2.5:14b_GSM8K,8b7b7248-652d-4b79-821b-3ab715f1f3a0,5b0fa12a-3dd7-45bb-9766-cc326314d9f1,18.05807359999744,0.0001400493674893,7.755498764243051e-06,13.356655389440002,52.768023200384015,20.0,6.38864285621978e-05,0.0002648418785399,9.474234611116116e-05,0.0004234706532132,0.0,Italy,ITA,lombardy,,,Windows-11-10.0.26200-SP0,3.13.13,3.2.6,32,13th Gen Intel(R) Core(TM) i9-13900HX,1,1 x NVIDIA GeForce RTX 4070 Laptop GPU,9.1922,45.4722,31.70067596435547,machine,2.08125,39.75,46.8,14.828421592712402,N,1.0,0.0
2026-05-09T05:53:34,Q480_qwen2.5:14b_GSM8K,dc0cc36b-d1f3-4319-8052-f4e7111c3fea,5b0fa12a-3dd7-45bb-9766-cc326314d9f1,10.023908600007417,7.293439735959838e-05,7.276043734032493e-06,13.6022565632,47.32222357958494,20.0,3.5961373101005e-05,0.0001316973275801,5.287479722222391e-05,0.0002205334979033,0.0,Italy,ITA,lombardy,,,Windows-11-10.0.26200-SP0,3.13.13,3.2.6,32,13th Gen Intel(R) Core(TM) i9-13900HX,1,1 x NVIDIA GeForce RTX 4070 Laptop GPU,9.1922,45.4722,31.70067596435547,machine,0.0,46.25,46.8,14.832582473754885,N,1.0,0.0
2026-05-09T05:54:10,Q481_qwen2.5:14b_MMLU,95a211f4-21d8-4bb9-bf5f-354fd7e6f226,5b0fa12a-3dd7-45bb-9766-cc326314d9f1,10.711146899993764,8.163589536335663e-05,7.621583022393629e-06,13.12648482944,51.393200045518206,20.0,3.722551792466656e-05,0.00015290151121,5.671739833325976e-05,0.0002468444274679,0.0,Italy,ITA,lombardy,,,Windows-11-10.0.26200-SP0,3.13.13,3.2.6,32,13th Gen Intel(R) Core(TM) i9-13900HX,1,1 x NVIDIA GeForce RTX 4070 Laptop GPU,9.1922,45.4722,31.70067596435547,machine,0.0,42.66666666666666,46.8,14.83916473388672,N,1.0,0.0
2026-05-09T05:55:03,Q482_qwen2.5:14b_MMLU,f5da0f01-58db-4f1c-963a-a5604a2feb87,5b0fa12a-3dd7-45bb-9766-cc326314d9f1,27.544728000008035,0.0002219582574845,8.058103078180805e-06,13.7261603408,55.542776684774765,20.0,0.0001012314203873,0.0004224678379741,0.0001474412827778,0.0006711405411393,0.0,Italy,ITA,lombardy,,,Windows-11-10.0.26200-SP0,3.13.13,3.2.6,32,13th Gen Intel(R) Core(TM) i9-13900HX,1,1 x NVIDIA GeForce RTX 4070 Laptop GPU,9.1922,45.4722,31.70067596435547,machine,2.668,41.52,46.8,14.835741577148438,N,1.0,0.0
2026-05-09T05:56:25,Q483_qwen2.5:14b_MMLU,96e74fdf-e07d-46da-9d35-30cf6f377150,5b0fa12a-3dd7-45bb-9766-cc326314d9f1,37.0010512000008,0.0002905516467434,7.852524112706552e-06,13.554399968800004,53.92853257046634,20.0,0.0001343792038048,0.000546984326476,0.0001971844977777,0.0008785480280586,0.0,Italy,ITA,lombardy,,,Windows-11-10.0.26200-SP0,3.13.13,3.2.6,32,13th Gen Intel(R) Core(TM) i9-13900HX,1,1 x NVIDIA GeForce RTX 4070 Laptop GPU,9.1922,45.4722,31.70067596435547,machine,5.428571428571429,41.17142857142857,46.705714285714286,14.816892133440293,N,1.0,0.0
2026-05-09T05:57:18,Q484_qwen2.5:14b_SQuAD,c2a4a7a5-773d-4d52-a058-02f5f373a614,5b0fa12a-3dd7-45bb-9766-cc326314d9f1,7.60352759998932,5.336824111750469e-05,7.018879120999002e-06,13.137557953828573,45.45717296723039,20.0,2.591667771013204e-05,9.600063235593036e-05,3.945352888889223e-05,0.0001613708389549,0.0,Italy,ITA,lombardy,,,Windows-11-10.0.26200-SP0,3.13.13,3.2.6,32,13th Gen Intel(R) Core(TM) i9-13900HX,1,1 x NVIDIA GeForce RTX 4070 Laptop GPU,9.1922,45.4722,31.70067596435547,machine,29.166666666666668,35.166666666666664,46.79999999999999,14.826292673746744,N,1.0,0.0
2026-05-09T05:57:52,Q485_qwen2.5:14b_HellaSwag,2144b53e-f72e-40e7-9b5f-bddaac658a13,5b0fa12a-3dd7-45bb-9766-cc326314d9f1,8.201130400004331,5.644602134644264e-05,6.8827123327307205e-06,13.537529671314289,43.43961395064615,20.0,2.895309150258352e-05,9.895035693807674e-05,4.2773748888915485e-05,0.0001706771973295,0.0,Italy,ITA,lombardy,,,Windows-11-10.0.26200-SP0,3.13.13,3.2.6,32,13th Gen Intel(R) Core(TM) i9-13900HX,1,1 x NVIDIA GeForce RTX 4070 Laptop GPU,9.1922,45.4722,31.70067596435547,machine,0.0,52.0,46.79999999999999,14.826360702514648,N,1.0,0.0
2026-05-09T05:58:14,Q486_qwen2.5:14b_MMLU,bca4dcc6-4791-4687-b3cb-3d465b4a8c05,5b0fa12a-3dd7-45bb-9766-cc326314d9f1,7.246575200013467,5.212963321945391e-05,7.193692438237174e-06,13.5706808576,47.075399149964895,20.0,2.5421996785633545e-05,9.473840912399556e-05,3.746522444449106e-05,0.0001576256303541,0.0,Italy,ITA,lombardy,,,Windows-11-10.0.26200-SP0,3.13.13,3.2.6,32,13th Gen Intel(R) Core(TM) i9-13900HX,1,1 x NVIDIA GeForce RTX 4070 Laptop GPU,9.1922,45.4722,31.70067596435547,machine,0.0,39.8,46.8,14.83234405517578,N,1.0,0.0
2026-05-09T05:58:33,Q487_qwen2.5:14b_SQuAD,751e4fae-0c8f-4407-9c2e-a8c476f585de,5b0fa12a-3dd7-45bb-9766-cc326314d9f1,3.66190259999712,2.041431440164985e-05,5.574783556959136e-06,13.1826935168,32.0602949558448,20.0,1.1569883610048192e-05,3.26050260840427e-05,1.7552345555547315e-05,6.172725524963821e-05,0.0,Italy,ITA,lombardy,,,Windows-11-10.0.26200-SP0,3.13.13,3.2.6,32,13th Gen Intel(R) Core(TM) i9-13900HX,1,1 x NVIDIA GeForce RTX 4070 Laptop GPU,9.1922,45.4722,31.70067596435547,machine,0.0,68.0,46.8,14.834747314453123,N,1.0,0.0
2026-05-09T05:59:05,Q488_qwen2.5:14b_HumanEval,1e8086f6-5eef-483f-879f-b4f37025d7fc,5b0fa12a-3dd7-45bb-9766-cc326314d9f1,16.717669799996656,0.0001785994665069,1.0683275159970967e-05,12.97710172544,58.91248778436885,20.0,0.0001161529223095,0.0002448588069979,0.0001790237888889,0.0005400355181964,0.0,Italy,ITA,lombardy,,,Windows-11-10.0.26200-SP0,3.13.13,3.2.6,32,13th Gen Intel(R) Core(TM) i9-13900HX,1,1 x NVIDIA GeForce RTX 4070 Laptop GPU,9.1922,45.4722,31.70067596435547,machine,0.0,38.266666666666666,46.8,14.838589477539063,N,1.0,0.0
2026-05-09T06:00:18,Q489_qwen2.5:14b_HumanEval,89b3a2f0-339f-405a-8ccb-8a08a4310320,5b0fa12a-3dd7-45bb-9766-cc326314d9f1,37.50936589999765,0.0002966617596064,7.90900492419228e-06,13.503943236342858,54.05842211991864,20.0,0.0001358565043245,0.0005611726711598,0.0001999941483334,0.0008970233238179,0.0,Italy,ITA,lombardy,,,Windows-11-10.0.26200-SP0,3.13.13,3.2.6,32,13th Gen Intel(R) Core(TM) i9-13900HX,1,1 x NVIDIA GeForce RTX 4070 Laptop GPU,9.1922,45.4722,31.70067596435547,machine,2.38,37.57142857142857,46.8,14.834959411621094,N,1.0,0.0
2026-05-09T06:01:16,Q490_qwen2.5:14b_HellaSwag,226e781e-9c93-47db-ac6d-bd0a9bdd0b89,5b0fa12a-3dd7-45bb-9766-cc326314d9f1,12.90615359999356,9.478726135406052e-05,7.344346293392e-06,13.469500208,47.78012440724675,20.0,4.641256214472376e-05,0.000171283748138,6.891422000003837e-05,0.0002866105302827,0.0,Italy,ITA,lombardy,,,Windows-11-10.0.26200-SP0,3.13.13,3.2.6,32,13th Gen Intel(R) Core(TM) i9-13900HX,1,1 x NVIDIA GeForce RTX 4070 Laptop GPU,9.1922,45.4722,31.70067596435547,machine,0.0,40.18181818181818,46.70909090909092,14.818187020041726,N,1.0,0.0
2026-05-09T06:02:07,Q491_qwen2.5:14b_MMLU,fcbe7096-d962-444a-be61-679f784dea14,5b0fa12a-3dd7-45bb-9766-cc326314d9f1,15.758415300006163,0.0001238738050119,7.860803428114766e-06,13.18989160448,53.43919914198856,20.0,5.58976134656218e-05,0.000233905187124,8.475741388893867e-05,0.0003745602144786,0.0,Italy,ITA,lombardy,,,Windows-11-10.0.26200-SP0,3.13.13,3.2.6,32,13th Gen Intel(R) Core(TM) i9-13900HX,1,1 x NVIDIA GeForce RTX 4070 Laptop GPU,9.1922,45.4722,31.70067596435547,machine,0.0,41.0,46.77857142857143,14.82378659929548,N,1.0,0.0
2026-05-09T06:02:54,Q492_qwen2.5:14b_HellaSwag,bf0eea51-a5c3-4a17-bd9b-43bb71462bae,5b0fa12a-3dd7-45bb-9766-cc326314d9f1,11.716465899997274,8.607899722013817e-05,7.346839734339874e-06,13.48656697018182,47.92636611966096,20.0,4.201178036729832e-05,0.000155966513662,6.230084777772492e-05,0.000260279141807,0.0,Italy,ITA,lombardy,,,Windows-11-10.0.26200-SP0,3.13.13,3.2.6,32,13th Gen Intel(R) Core(TM) i9-13900HX,1,1 x NVIDIA GeForce RTX 4070 Laptop GPU,9.1922,45.4722,31.70067596435547,machine,0.0,42.4,46.8,14.833940505981444,N,1.0,0.0
2026-05-09T06:03:26,Q493_qwen2.5:14b_MMLU,b8690ac0-0405-4dba-b34b-47dfb081370d,5b0fa12a-3dd7-45bb-9766-cc326314d9f1,6.521285899987561,4.6141020735131295e-05,7.075448223366393e-06,13.128940444160005,46.49486028308746,20.0,2.193813089397539e-05,8.416090066198922e-05,3.341868666660351e-05,0.0001395177182225,0.0,Italy,ITA,lombardy,,,Windows-11-10.0.26200-SP0,3.13.13,3.2.6,32,13th Gen Intel(R) Core(TM) i9-13900HX,1,1 x NVIDIA GeForce RTX 4070 Laptop GPU,9.1922,45.4722,31.70067596435547,machine,0.0,43.25,46.8,14.83761215209961,N,1.0,0.0
2026-05-09T06:04:04,Q494_qwen2.5:14b_GSM8K,d27ca60a-c39b-46ec-bb01-0ccb6154efbc,5b0fa12a-3dd7-45bb-9766-cc326314d9f1,23.33383540000068,0.0001781182995059,7.63347715677862e-06,13.59607893584,51.70769607532576,20.0,8.44773906546616e-05,0.0003300549862659,0.0001240482249998,0.0005385806019204,0.0,Italy,ITA,lombardy,,,Windows-11-10.0.26200-SP0,3.13.13,3.2.6,32,13th Gen Intel(R) Core(TM) i9-13900HX,1,1 x NVIDIA GeForce RTX 4070 Laptop GPU,9.1922,45.4722,31.70067596435547,machine,2.9761904761904763,39.90476190476191,46.8,14.83734348842076,N,1.0,0.0
2026-05-09T06:05:01,Q495_qwen2.5:14b_GSM8K,80b2d218-b8ad-42e8-9791-34ce3397464d,5b0fa12a-3dd7-45bb-9766-cc326314d9f1,21.30253780000203,0.0001646014319196,7.726846137533512e-06,13.662056215040002,52.699569430726186,20.0,7.746265212607356e-05,0.000307477468204,0.0001127692027778,0.0004977093231079,0.0,Italy,ITA,lombardy,,,Windows-11-10.0.26200-SP0,3.13.13,3.2.6,32,13th Gen Intel(R) Core(TM) i9-13900HX,1,1 x NVIDIA GeForce RTX 4070 Laptop GPU,9.1922,45.4722,31.70067596435547,machine,1.0526315789473684,44.31578947368421,46.8,14.84064302946392,N,1.0,0.0
2026-05-09T06:06:05,Q496_qwen2.5:14b_GSM8K,209a8b9e-bc9e-41b3-9c60-ffe9dd9886ff,5b0fa12a-3dd7-45bb-9766-cc326314d9f1,28.86307730000408,0.0002219852092172,7.690975113633756e-06,13.176867699748572,52.05706312035761,20.0,0.0001020118786305,0.0004144478315579,0.0001547623255556,0.0006712220357441,0.0,Italy,ITA,lombardy,,,Windows-11-10.0.26200-SP0,3.13.13,3.2.6,32,13th Gen Intel(R) Core(TM) i9-13900HX,1,1 x NVIDIA GeForce RTX 4070 Laptop GPU,9.1922,45.4722,31.70067596435547,machine,3.703703703703704,42.07407407407408,46.8,14.829534601282193,N,1.0,0.0
2026-05-09T06:07:00,Q497_qwen2.5:14b_HellaSwag,9b64ee65-7a49-4db8-ad57-b27f92e6821f,5b0fa12a-3dd7-45bb-9766-cc326314d9f1,8.464942100006738,6.261708599596583e-05,7.39722555171594e-06,13.098801678628572,49.393796097475466,20.0,2.8972923242442257e-05,0.0001161270373459,4.423683388894359e-05,0.0001893367944773,0.0,Italy,ITA,lombardy,,,Windows-11-10.0.26200-SP0,3.13.13,3.2.6,32,13th Gen Intel(R) Core(TM) i9-13900HX,1,1 x NVIDIA GeForce RTX 4070 Laptop GPU,9.1922,45.4722,31.70067596435547,machine,0.0,41.66666666666666,46.79999999999999,14.834681193033854,N,1.0,0.0
2026-05-09T06:07:31,Q498_qwen2.5:14b_MMLU,68fd5f03-ada7-43da-b37f-bf6825cfa751,5b0fa12a-3dd7-45bb-9766-cc326314d9f1,6.464912299998105,4.305637034828719e-05,6.660008419340788e-06,13.438722690560004,41.65957994057738,20.0,2.225982709825942e-05,7.480367095402674e-05,3.312708833335718e-05,0.0001301905863856,0.0,Italy,ITA,lombardy,,,Windows-11-10.0.26200-SP0,3.13.13,3.2.6,32,13th Gen Intel(R) Core(TM) i9-13900HX,1,1 x NVIDIA GeForce RTX 4070 Laptop GPU,9.1922,45.4722,31.70067596435547,machine,0.0,51.25,47.0,14.88503074645996,N,1.0,0.0
2026-05-09T06:07:58,Q499_qwen2.5:14b_MMLU,f0ce202f-fa65-45c3-80c5-346a6a67b8cf,5b0fa12a-3dd7-45bb-9766-cc326314d9f1,11.453776900001683,8.397204858835386e-05,7.3313850375714496e-06,13.1271211136,48.13282019777656,20.0,3.993497341950293e-05,0.0001531306780598,6.0842658888820245e-05,0.0002539083103682,0.0,Italy,ITA,lombardy,,,Windows-11-10.0.26200-SP0,3.13.13,3.2.6,32,13th Gen Intel(R) Core(TM) i9-13900HX,1,1 x NVIDIA GeForce RTX 4070 Laptop GPU,9.1922,45.4722,31.70067596435547,machine,0.0,49.888888888888886,46.98888888888889,14.886086781819662,N,1.0,0.0
2026-05-09T06:08:38,Q500_qwen2.5:14b_HellaSwag,d0e4934a-5347-45ee-9ebb-2b97b0cfe5bb,5b0fa12a-3dd7-45bb-9766-cc326314d9f1,14.377108300002874,0.0001104911621059472,7.68521456473449e-06,13.60161264246154,51.2535270599477,20.0,5.240941759645228e-05,0.0002046226636979176,7.706271277776169e-05,0.00033409479407213157,0.0,Italy,ITA,lombardy,,,Windows-11-10.0.26200-SP0,3.13.13,3.2.6,32,13th Gen Intel(R) Core(TM) i9-13900HX,1,1 x NVIDIA GeForce RTX 4070 Laptop GPU,9.1922,45.4722,31.70067596435547,machine,0.0,46.083333333333336,47.0,14.887007077534994,N,1.0,0.0
