timestamp,project_name,run_id,experiment_id,duration,emissions,emissions_rate,cpu_power,gpu_power,ram_power,cpu_energy,gpu_energy,ram_energy,energy_consumed,water_consumed,country_name,country_iso_code,region,cloud_provider,cloud_region,os,python_version,codecarbon_version,cpu_count,cpu_model,gpu_count,gpu_model,longitude,latitude,ram_total_size,tracking_mode,cpu_utilization_percent,gpu_utilization_percent,ram_utilization_percent,ram_used_gb,on_cloud,pue,wue
2026-05-04T14:27:53,Q1_phi3:mini_GSM8K,f2aa4e94-1e25-439d-a24b-573efe5ee443,5b0fa12a-3dd7-45bb-9766-cc326314d9f1,15.854791800000385,0.0001282967425266,8.09198532185374e-06,12.81683618048,56.31154509928791,20.0,5.465827513288955e-05,0.000247985198388,8.52904838888915e-05,0.0003879339574097,0.0,Italy,ITA,lombardy,,,Windows-11-10.0.26200-SP0,3.13.13,3.2.6,32,13th Gen Intel(R) Core(TM) i9-13900HX,1,1 x NVIDIA GeForce RTX 4070 Laptop GPU,9.1922,45.4722,31.70067596435547,machine,0.0,45.21428571428572,32.107142857142854,10.181574957711357,N,1.0,0.0
2026-05-04T14:28:20,Q1_qwen2.5:7b_GSM8K,875d32ed-95aa-40c5-93b3-d886782f0b33,5b0fa12a-3dd7-45bb-9766-cc326314d9f1,11.369056999999884,9.53798513478583e-05,8.389425028642153e-06,12.82485130112,60.029586504907456,20.0,3.867939242834597e-05,0.000189404595968,6.0318370555564295e-05,0.0002884023589519,0.0,Italy,ITA,lombardy,,,Windows-11-10.0.26200-SP0,3.13.13,3.2.6,32,13th Gen Intel(R) Core(TM) i9-13900HX,1,1 x NVIDIA GeForce RTX 4070 Laptop GPU,9.1922,45.4722,31.70067596435547,machine,0.0,69.66666666666667,32.611111111111114,10.34259033203125,N,1.0,0.0
2026-05-04T14:28:42,Q1_mistral:latest _GSM8K,d48420a6-7554-45aa-a42a-742c31cd2342,5b0fa12a-3dd7-45bb-9766-cc326314d9f1,7.445341399999961,5.589110360403274e-05,7.506855710341641e-06,12.8419423616,51.09938731336841,20.0,2.476550962435471e-05,0.000105665084532,3.856868499999312e-05,0.0001689992791563,0.0,Italy,ITA,lombardy,,,Windows-11-10.0.26200-SP0,3.13.13,3.2.6,32,13th Gen Intel(R) Core(TM) i9-13900HX,1,1 x NVIDIA GeForce RTX 4070 Laptop GPU,9.1922,45.4722,31.70067596435547,machine,0.0,71.0,32.54,10.323868560791016,N,1.0,0.0
2026-05-04T14:29:02,Q2_phi3:mini_HellaSwag,85de8be4-1fd8-49fc-8169-24581c1d6d90,5b0fa12a-3dd7-45bb-9766-cc326314d9f1,4.88196059999791,3.233711942547767e-05,6.6237977064975725e-06,12.847666592,42.63817256248959,20.0,1.5632360139699762e-05,5.781254625000787e-05,2.433362222221452e-05,9.777852861192216e-05,0.0,Italy,ITA,lombardy,,,Windows-11-10.0.26200-SP0,3.13.13,3.2.6,32,13th Gen Intel(R) Core(TM) i9-13900HX,1,1 x NVIDIA GeForce RTX 4070 Laptop GPU,9.1922,45.4722,31.70067596435547,machine,0.0,66.33333333333333,32.266666666666666,10.233660380045572,N,1.0,0.0
2026-05-04T14:29:29,Q2_qwen2.5:7b_HellaSwag,228c4723-e85c-42f0-a0c3-041404c76577,5b0fa12a-3dd7-45bb-9766-cc326314d9f1,11.470049299998209,9.553980224521806e-05,8.329502319160301e-06,12.87258897152,59.2435681633316,20.0,3.921689868363748e-05,0.0001887390398799,6.093006777777596e-05,0.0002888860063414,0.0,Italy,ITA,lombardy,,,Windows-11-10.0.26200-SP0,3.13.13,3.2.6,32,13th Gen Intel(R) Core(TM) i9-13900HX,1,1 x NVIDIA GeForce RTX 4070 Laptop GPU,9.1922,45.4722,31.70067596435547,machine,0.0,69.77777777777777,33.111111111111114,10.49698215060764,N,1.0,0.0
2026-05-04T14:29:55,Q2_mistral:latest _HellaSwag,22e11c5e-4340-41d7-8664-94887870adf6,5b0fa12a-3dd7-45bb-9766-cc326314d9f1,11.498478699999396,0.0001068616379302,9.293545756647674e-06,12.824567471360002,69.77863917003657,20.0,3.917343147712869e-05,0.000222856844952,6.108983777778323e-05,0.0003231201142069,0.0,Italy,ITA,lombardy,,,Windows-11-10.0.26200-SP0,3.13.13,3.2.6,32,13th Gen Intel(R) Core(TM) i9-13900HX,1,1 x NVIDIA GeForce RTX 4070 Laptop GPU,9.1922,45.4722,31.70067596435547,machine,0.0,82.0,32.32222222222222,10.24787139892578,N,1.0,0.0
2026-05-04T14:30:15,Q3_phi3:mini_MMLU,4567cee9-6ede-4c03-9ab4-44dd5d5f3d22,5b0fa12a-3dd7-45bb-9766-cc326314d9f1,4.320027400000981,2.6642071158805543e-05,6.167106986126869e-06,12.8454446336,38.10735916344984,20.0,1.3624614336923043e-05,4.5721425465994336e-05,2.121223388888514e-05,8.055827369180252e-05,0.0,Italy,ITA,lombardy,,,Windows-11-10.0.26200-SP0,3.13.13,3.2.6,32,13th Gen Intel(R) Core(TM) i9-13900HX,1,1 x NVIDIA GeForce RTX 4070 Laptop GPU,9.1922,45.4722,31.70067596435547,machine,0.0,3.0,32.05,10.163618087768556,N,1.0,0.0
2026-05-04T14:30:38,Q3_qwen2.5:7b_MMLU,4353583a-bb42-4557-820b-c4920c3b5998,5b0fa12a-3dd7-45bb-9766-cc326314d9f1,7.571970900000451,5.300860464317168e-05,7.000635018706758e-06,12.842755755885715,45.54540493405422,20.0,2.5221576948901755e-05,9.578535440600557e-05,3.927646611112626e-05,0.000160283397466,0.0,Italy,ITA,lombardy,,,Windows-11-10.0.26200-SP0,3.13.13,3.2.6,32,13th Gen Intel(R) Core(TM) i9-13900HX,1,1 x NVIDIA GeForce RTX 4070 Laptop GPU,9.1922,45.4722,31.70067596435547,machine,0.0,44.0,32.550000000000004,10.312667846679688,N,1.0,0.0
2026-05-04T14:30:57,Q3_mistral:latest _MMLU,44efe797-d729-46d4-a849-1c81439548ea,5b0fa12a-3dd7-45bb-9766-cc326314d9f1,4.250140100000863,2.5139602831947485e-05,5.915005679916853e-06,12.863906662400002,35.40670301970517,20.0,1.3395367174233309e-05,4.179420010200219e-05,2.082565666666293e-05,7.601522394289843e-05,0.0,Italy,ITA,lombardy,,,Windows-11-10.0.26200-SP0,3.13.13,3.2.6,32,13th Gen Intel(R) Core(TM) i9-13900HX,1,1 x NVIDIA GeForce RTX 4070 Laptop GPU,9.1922,45.4722,31.70067596435547,machine,0.0,26.0,32.0,10.156410217285156,N,1.0,0.0
2026-05-04T14:31:07,Q4_phi3:mini_GSM8K,16d3ae56-b453-427e-abdd-e63b8adeddf6,5b0fa12a-3dd7-45bb-9766-cc326314d9f1,4.735992899997655,3.1292262028680225e-05,6.607328745931127e-06,12.844986320000004,42.57603064441859,20.0,1.5104400503017442e-05,5.599754479800045e-05,2.3517222777768945e-05,9.461916807878683e-05,0.0,Italy,ITA,lombardy,,,Windows-11-10.0.26200-SP0,3.13.13,3.2.6,32,13th Gen Intel(R) Core(TM) i9-13900HX,1,1 x NVIDIA GeForce RTX 4070 Laptop GPU,9.1922,45.4722,31.70067596435547,machine,0.0,39.333333333333336,31.9,10.110074361165363,N,1.0,0.0
2026-05-04T14:31:31,Q4_qwen2.5:7b_GSM8K,e5f44edc-d259-46ca-a79d-0e058c64b68f,5b0fa12a-3dd7-45bb-9766-cc326314d9f1,8.983184400000027,6.6196032311082e-05,7.368882721708552e-06,12.8255879504,49.231116306912526,20.0,3.021349369025981e-05,0.00012283204271,4.711300444444836e-05,0.0002001585408447,0.0,Italy,ITA,lombardy,,,Windows-11-10.0.26200-SP0,3.13.13,3.2.6,32,13th Gen Intel(R) Core(TM) i9-13900HX,1,1 x NVIDIA GeForce RTX 4070 Laptop GPU,9.1922,45.4722,31.70067596435547,machine,9.085714285714284,61.85714285714285,32.614285714285714,10.33163561139788,N,1.0,0.0
2026-05-04T14:31:52,Q4_mistral:latest _GSM8K,ba5dd378-826a-4e9a-981b-3d175e3c7b0e,5b0fa12a-3dd7-45bb-9766-cc326314d9f1,6.896494199998415,5.142792821353474e-05,7.457111790733698e-06,12.843039142400002,50.73480178490238,20.0,2.280866635840832e-05,9.7177022185993e-05,3.551817944444337e-05,0.0001555038679888,0.0,Italy,ITA,lombardy,,,Windows-11-10.0.26200-SP0,3.13.13,3.2.6,32,13th Gen Intel(R) Core(TM) i9-13900HX,1,1 x NVIDIA GeForce RTX 4070 Laptop GPU,9.1922,45.4722,31.70067596435547,machine,0.0,68.6,31.98,10.14325180053711,N,1.0,0.0
2026-05-04T14:32:17,Q5_phi3:mini_MMLU,0c113483-5d54-47cc-a800-cdff1dfef0b0,5b0fa12a-3dd7-45bb-9766-cc326314d9f1,9.235998399999517,7.801977607911428e-05,8.447357037125338e-06,12.8482991984,60.89076419646603,20.0,3.11746931070003e-05,0.0001562092916339,4.852629555555015e-05,0.0002359102802965,0.0,Italy,ITA,lombardy,,,Windows-11-10.0.26200-SP0,3.13.13,3.2.6,32,13th Gen Intel(R) Core(TM) i9-13900HX,1,1 x NVIDIA GeForce RTX 4070 Laptop GPU,9.1922,45.4722,31.70067596435547,machine,0.0,84.0,32.214285714285715,10.206776755196708,N,1.0,0.0
2026-05-04T14:32:41,Q5_qwen2.5:7b_MMLU,dde244a3-69a5-423a-b23b-bf194102a5d3,5b0fa12a-3dd7-45bb-9766-cc326314d9f1,8.887275399996724,7.066616246496435e-05,7.951386593127337e-06,12.854272692800002,55.56196930771246,20.0,2.9940624355054844e-05,0.000137151220832,4.658313611109608e-05,0.0002136749812981,0.0,Italy,ITA,lombardy,,,Windows-11-10.0.26200-SP0,3.13.13,3.2.6,32,13th Gen Intel(R) Core(TM) i9-13900HX,1,1 x NVIDIA GeForce RTX 4070 Laptop GPU,9.1922,45.4722,31.70067596435547,machine,0.0,61.71428571428572,33.4,10.582612718854632,N,1.0,0.0
2026-05-04T14:33:04,Q5_mistral:latest _MMLU,3115211c-c714-451e-b93f-d86390854b5d,5b0fa12a-3dd7-45bb-9766-cc326314d9f1,8.464108999996824,7.154739552312492e-05,8.453033334418515e-06,12.831207745828571,61.14106748960016,20.0,2.8377069205203525e-05,0.0001437323372079,4.4230180555536615e-05,0.0002163395869687,0.0,Italy,ITA,lombardy,,,Windows-11-10.0.26200-SP0,3.13.13,3.2.6,32,13th Gen Intel(R) Core(TM) i9-13900HX,1,1 x NVIDIA GeForce RTX 4070 Laptop GPU,9.1922,45.4722,31.70067596435547,machine,0.0,73.0,32.233333333333334,10.22509256998698,N,1.0,0.0
2026-05-04T14:33:25,Q6_phi3:mini_MMLU,1b4b0812-bc45-433c-bcd0-a5758179161d,5b0fa12a-3dd7-45bb-9766-cc326314d9f1,5.528305200001341,4.200819826220236e-05,7.598748032614438e-06,12.8208702944,52.89472501911568,20.0,1.789808984983544e-05,8.120423162999435e-05,2.791888166666468e-05,0.0001270212031464,0.0,Italy,ITA,lombardy,,,Windows-11-10.0.26200-SP0,3.13.13,3.2.6,32,13th Gen Intel(R) Core(TM) i9-13900HX,1,1 x NVIDIA GeForce RTX 4070 Laptop GPU,9.1922,45.4722,31.70067596435547,machine,0.0,49.0,32.0,10.143898010253906,N,1.0,0.0
2026-05-04T14:33:49,Q6_qwen2.5:7b_MMLU,ada37914-0178-4ca5-8170-ceb505649fc4,5b0fa12a-3dd7-45bb-9766-cc326314d9f1,9.579408099998544,7.474765465741096e-05,7.802951276021147e-06,12.82039296,53.8395034189812,20.0,3.2328983718277565e-05,0.00014325428127,5.043302277776497e-05,0.000226016287766,0.0,Italy,ITA,lombardy,,,Windows-11-10.0.26200-SP0,3.13.13,3.2.6,32,13th Gen Intel(R) Core(TM) i9-13900HX,1,1 x NVIDIA GeForce RTX 4070 Laptop GPU,9.1922,45.4722,31.70067596435547,machine,0.0,55.375,32.9375,10.446270942687988,N,1.0,0.0
2026-05-04T14:34:14,Q6_mistral:latest _MMLU,d8efd692-514f-4477-86df-1da9cbf16185,5b0fa12a-3dd7-45bb-9766-cc326314d9f1,9.64749750000192,8.348176795226602e-05,8.653204414123913e-06,12.823907008,63.08481291766421,20.0,3.2577805629691786e-05,0.0001690412463439,5.080678500000633e-05,0.0002524258369736,0.0,Italy,ITA,lombardy,,,Windows-11-10.0.26200-SP0,3.13.13,3.2.6,32,13th Gen Intel(R) Core(TM) i9-13900HX,1,1 x NVIDIA GeForce RTX 4070 Laptop GPU,9.1922,45.4722,31.70067596435547,machine,0.0,85.375,32.2125,10.212547779083252,N,1.0,0.0
2026-05-04T14:34:38,Q7_phi3:mini_HellaSwag,c0e0bfa8-02e0-4034-b134-12659ef03b23,5b0fa12a-3dd7-45bb-9766-cc326314d9f1,8.880377499997849,7.311031305176562e-05,8.232793375257227e-06,12.830205728,58.65802078979119,20.0,2.985511713473381e-05,0.000144672615738,4.653768555555063e-05,0.0002210654184282,0.0,Italy,ITA,lombardy,,,Windows-11-10.0.26200-SP0,3.13.13,3.2.6,32,13th Gen Intel(R) Core(TM) i9-13900HX,1,1 x NVIDIA GeForce RTX 4070 Laptop GPU,9.1922,45.4722,31.70067596435547,machine,0.0,76.14285714285714,31.77142857142857,10.077335902622767,N,1.0,0.0
2026-05-04T14:35:03,Q7_qwen2.5:7b_HellaSwag,999d5bf3-e77b-416c-a6c4-04392e3af81a,5b0fa12a-3dd7-45bb-9766-cc326314d9f1,10.417167300001893,8.195538846027985e-05,7.8673391815705e-06,12.826491571200004,54.403304519326056,20.0,3.5324669421581524e-05,0.000157406237036,5.507958000000346e-05,0.0002478104864575,0.0,Italy,ITA,lombardy,,,Windows-11-10.0.26200-SP0,3.13.13,3.2.6,32,13th Gen Intel(R) Core(TM) i9-13900HX,1,1 x NVIDIA GeForce RTX 4070 Laptop GPU,9.1922,45.4722,31.70067596435547,machine,0.0,66.0,32.625,10.341622829437256,N,1.0,0.0
2026-05-04T14:35:28,Q7_mistral:latest _HellaSwag,45b492f5-b920-4d07-a454-f6e17bd0a16e,5b0fa12a-3dd7-45bb-9766-cc326314d9f1,9.82577129999845,8.469885322037172e-05,8.620071710847278e-06,12.8588460928,62.66333936673445,20.0,3.3300511935263376e-05,0.000171012914588,5.179254055555147e-05,0.0002561059670788,0.0,Italy,ITA,lombardy,,,Windows-11-10.0.26200-SP0,3.13.13,3.2.6,32,13th Gen Intel(R) Core(TM) i9-13900HX,1,1 x NVIDIA GeForce RTX 4070 Laptop GPU,9.1922,45.4722,31.70067596435547,machine,0.0,84.75,32.3,10.237929821014404,N,1.0,0.0
2026-05-04T14:35:48,Q8_phi3:mini_SQuAD,4911435d-426e-413b-afb1-1ff85a45c46c,5b0fa12a-3dd7-45bb-9766-cc326314d9f1,5.018134999998438,3.2508651757853885e-05,6.478233797588946e-06,12.842520233600002,40.96807367252689,20.0,1.6110961610294884e-05,5.709754567799485e-05,2.5088687777760144e-05,9.829719506604989e-05,0.0,Italy,ITA,lombardy,,,Windows-11-10.0.26200-SP0,3.13.13,3.2.6,32,13th Gen Intel(R) Core(TM) i9-13900HX,1,1 x NVIDIA GeForce RTX 4070 Laptop GPU,9.1922,45.4722,31.70067596435547,machine,0.0,48.0,32.13333333333333,10.190130869547524,N,1.0,0.0
2026-05-04T14:36:09,Q8_qwen2.5:7b_SQuAD,8de306f6-30ca-4c19-a5a1-e14281b081a4,5b0fa12a-3dd7-45bb-9766-cc326314d9f1,6.202400899997883,3.501712567009372e-05,5.645737228966556e-06,12.83931011072,31.289749022920795,20.0,2.03268095180442e-05,5.3893098670002026e-05,3.1662219999998344e-05,0.000105882128188,0.0,Italy,ITA,lombardy,,,Windows-11-10.0.26200-SP0,3.13.13,3.2.6,32,13th Gen Intel(R) Core(TM) i9-13900HX,1,1 x NVIDIA GeForce RTX 4070 Laptop GPU,9.1922,45.4722,31.70067596435547,machine,0.0,3.75,32.625,10.345379829406738,N,1.0,0.0
2026-05-04T14:36:19,Q8_mistral:latest _SQuAD,003e294a-68a1-4400-925f-4575ac3d9a6b,5b0fa12a-3dd7-45bb-9766-cc326314d9f1,4.93345269999918,3.113426998832004e-05,6.3108479763726566e-06,12.836234028800002,39.21685063050133,20.0,1.5797803525812932e-05,5.3730598539997176e-05,2.461304166667509e-05,9.41414437324852e-05,0.0,Italy,ITA,lombardy,,,Windows-11-10.0.26200-SP0,3.13.13,3.2.6,32,13th Gen Intel(R) Core(TM) i9-13900HX,1,1 x NVIDIA GeForce RTX 4070 Laptop GPU,9.1922,45.4722,31.70067596435547,machine,0.0,49.66666666666666,32.0,10.14565912882487,N,1.0,0.0
2026-05-04T14:36:39,Q9_phi3:mini_MMLU,a58dde66-9b0a-4a78-b6ca-bf2e5854d3c4,5b0fa12a-3dd7-45bb-9766-cc326314d9f1,4.890418800001498,3.2343552898379944e-05,6.613657075416534e-06,12.841746550400002,42.53998067308698,20.0,1.5651996553682376e-05,5.777087955000093e-05,2.437510555555491e-05,9.779798165923822e-05,0.0,Italy,ITA,lombardy,,,Windows-11-10.0.26200-SP0,3.13.13,3.2.6,32,13th Gen Intel(R) Core(TM) i9-13900HX,1,1 x NVIDIA GeForce RTX 4070 Laptop GPU,9.1922,45.4722,31.70067596435547,machine,0.0,51.66666666666666,31.9,10.112916310628256,N,1.0,0.0
2026-05-04T14:37:01,Q9_qwen2.5:7b_MMLU,adfaaf44-930c-4532-aee0-4a7f97407e5c,5b0fa12a-3dd7-45bb-9766-cc326314d9f1,6.644205399999919,4.142856061958995e-05,6.23529197631224e-06,12.8317652672,37.53498863371589,20.0,2.1890432294744573e-05,6.926061096400316e-05,3.411749555555919e-05,0.0001252685388143,0.0,Italy,ITA,lombardy,,,Windows-11-10.0.26200-SP0,3.13.13,3.2.6,32,13th Gen Intel(R) Core(TM) i9-13900HX,1,1 x NVIDIA GeForce RTX 4070 Laptop GPU,9.1922,45.4722,31.70067596435547,machine,0.0,22.2,32.52,10.306779479980468,N,1.0,0.0
2026-05-04T14:37:11,Q9_mistral:latest _MMLU,a3f2ad4d-cb38-492f-88ef-f494e935566c,5b0fa12a-3dd7-45bb-9766-cc326314d9f1,4.845829400001094,3.020789938384022e-05,6.233793410852103e-06,12.827923961600003,38.53056683172123,20.0,1.545663425507576e-05,5.1786985873991664e-05,2.409673444443696e-05,9.134035457350438e-05,0.0,Italy,ITA,lombardy,,,Windows-11-10.0.26200-SP0,3.13.13,3.2.6,32,13th Gen Intel(R) Core(TM) i9-13900HX,1,1 x NVIDIA GeForce RTX 4070 Laptop GPU,9.1922,45.4722,31.70067596435547,machine,0.0,52.333333333333336,32.03333333333334,10.15289052327474,N,1.0,0.0
2026-05-04T14:37:35,Q10_phi3:mini_HellaSwag,8bc03fbd-bc18-44a6-b3cf-46a4bba4c951,5b0fa12a-3dd7-45bb-9766-cc326314d9f1,9.255296100000123,7.94074500453803e-05,8.579676888498386e-06,12.8395912448,62.39282434397111,20.0,3.120062365491851e-05,0.0001603059615779,4.8599638333325854e-05,0.0002401062235662,0.0,Italy,ITA,lombardy,,,Windows-11-10.0.26200-SP0,3.13.13,3.2.6,32,13th Gen Intel(R) Core(TM) i9-13900HX,1,1 x NVIDIA GeForce RTX 4070 Laptop GPU,9.1922,45.4722,31.70067596435547,machine,14.285714285714286,75.0,31.8,10.08504867553711,N,1.0,0.0
2026-05-04T14:38:01,Q10_qwen2.5:7b_HellaSwag,771490eb-52b1-4082-b44d-eb88ed988b08,5b0fa12a-3dd7-45bb-9766-cc326314d9f1,11.337329999998474,9.419271992962504e-05,8.30819248708803e-06,12.84146914304,59.05719892989572,20.0,3.86497244728298e-05,0.000185969037664,6.0194038888888224e-05,0.0002848128010257,0.0,Italy,ITA,lombardy,,,Windows-11-10.0.26200-SP0,3.13.13,3.2.6,32,13th Gen Intel(R) Core(TM) i9-13900HX,1,1 x NVIDIA GeForce RTX 4070 Laptop GPU,9.1922,45.4722,31.70067596435547,machine,1.588888888888889,69.44444444444444,32.71111111111111,10.364845699734158,N,1.0,0.0
2026-05-04T14:38:22,Q10_mistral:latest _HellaSwag,790b8567-145d-4849-8a82-15c5668fd928,5b0fa12a-3dd7-45bb-9766-cc326314d9f1,5.877166599999328,4.399152528564206e-05,7.485158798399061e-06,12.842034176000004,51.55062046827368,20.0,1.915013304109562e-05,8.404534501400829e-05,2.9822758888884788e-05,0.0001330182369439,0.0,Italy,ITA,lombardy,,,Windows-11-10.0.26200-SP0,3.13.13,3.2.6,32,13th Gen Intel(R) Core(TM) i9-13900HX,1,1 x NVIDIA GeForce RTX 4070 Laptop GPU,9.1922,45.4722,31.70067596435547,machine,0.0,70.75,31.95,10.12892723083496,N,1.0,0.0
2026-05-04T14:38:46,Q11_phi3:mini_HumanEval,9ddcfb16-e739-4d10-aa29-bfe892bfb9f1,5b0fa12a-3dd7-45bb-9766-cc326314d9f1,8.282990699997754,7.006529004278493e-05,8.458936220078568e-06,12.822119338057146,61.25704448969893,20.0,2.7711421111957648e-05,0.000140923168294,4.322351944443249e-05,0.0002118581088503,0.0,Italy,ITA,lombardy,,,Windows-11-10.0.26200-SP0,3.13.13,3.2.6,32,13th Gen Intel(R) Core(TM) i9-13900HX,1,1 x NVIDIA GeForce RTX 4070 Laptop GPU,9.1922,45.4722,31.70067596435547,machine,0.0,74.66666666666667,31.75,10.06230099995931,N,1.0,0.0
2026-05-04T14:39:12,Q11_qwen2.5:7b_HumanEval,965d040c-7104-4d8e-a592-5301908368cc,5b0fa12a-3dd7-45bb-9766-cc326314d9f1,11.66143970000121,9.813597294121556e-05,8.415425150395913e-06,12.821851554909092,60.20208819075918,20.0,3.974569046095264e-05,0.00019499460044,6.199581944444313e-05,0.0002967361103454,0.0,Italy,ITA,lombardy,,,Windows-11-10.0.26200-SP0,3.13.13,3.2.6,32,13th Gen Intel(R) Core(TM) i9-13900HX,1,1 x NVIDIA GeForce RTX 4070 Laptop GPU,9.1922,45.4722,31.70067596435547,machine,6.25,62.7,32.22,10.211448287963869,N,1.0,0.0
2026-05-04T14:39:35,Q11_mistral:latest _HumanEval,0a86a3b6-ef97-49e8-9d13-b23a10dedb0b,5b0fa12a-3dd7-45bb-9766-cc326314d9f1,7.448653299998114,5.995466492536757e-05,8.04906101957823e-06,12.829788224000003,57.0205271500144,20.0,2.4751999367325057e-05,0.0001179503721379,3.858399611110346e-05,0.0001812863676164,0.0,Italy,ITA,lombardy,,,Windows-11-10.0.26200-SP0,3.13.13,3.2.6,32,13th Gen Intel(R) Core(TM) i9-13900HX,1,1 x NVIDIA GeForce RTX 4070 Laptop GPU,9.1922,45.4722,31.70067596435547,machine,0.0,69.2,31.78,10.07011947631836,N,1.0,0.0
2026-05-04T14:39:55,Q12_phi3:mini_HumanEval,1b6cb93f-cdbf-4801-80ee-8d36944b118b,5b0fa12a-3dd7-45bb-9766-cc326314d9f1,5.385554199998296,4.090852500274824e-05,7.595973131745881e-06,12.841845910400002,52.92080525737292,20.0,1.7418293467328836e-05,7.91514522099912e-05,2.71263488888912e-05,0.0001236960945662,0.0,Italy,ITA,lombardy,,,Windows-11-10.0.26200-SP0,3.13.13,3.2.6,32,13th Gen Intel(R) Core(TM) i9-13900HX,1,1 x NVIDIA GeForce RTX 4070 Laptop GPU,9.1922,45.4722,31.70067596435547,machine,0.0,66.66666666666667,31.633333333333336,10.030042012532553,N,1.0,0.0
2026-05-04T14:40:20,Q12_qwen2.5:7b_HumanEval,2a898351-176b-4028-a293-f25884928396,5b0fa12a-3dd7-45bb-9766-cc326314d9f1,9.814662199998564,7.758976774986174e-05,7.905495489174663e-06,12.82908448,54.90634218180537,20.0,3.318963232026747e-05,0.000149680397522,5.174002388889171e-05,0.0002346100537311,0.0,Italy,ITA,lombardy,,,Windows-11-10.0.26200-SP0,3.13.13,3.2.6,32,13th Gen Intel(R) Core(TM) i9-13900HX,1,1 x NVIDIA GeForce RTX 4070 Laptop GPU,9.1922,45.4722,31.70067596435547,machine,0.0,63.125,32.225,10.2082781791687,N,1.0,0.0
2026-05-04T14:40:45,Q12_mistral:latest _HumanEval,77569009-0b3e-4247-a1c4-08cc0c0c1455,5b0fa12a-3dd7-45bb-9766-cc326314d9f1,9.640777900000105,8.275113837685744e-05,8.58345034344755e-06,12.831914995200002,62.36170126285286,20.0,3.255906949345127e-05,0.0001669118001959,5.074574499998966e-05,0.0002502166146894,0.0,Italy,ITA,lombardy,,,Windows-11-10.0.26200-SP0,3.13.13,3.2.6,32,13th Gen Intel(R) Core(TM) i9-13900HX,1,1 x NVIDIA GeForce RTX 4070 Laptop GPU,9.1922,45.4722,31.70067596435547,machine,0.0,79.875,31.5,9.987138271331789,N,1.0,0.0
2026-05-04T14:41:05,Q13_phi3:mini_MMLU,884e7207-3474-4c32-8cb5-892098cd048f,5b0fa12a-3dd7-45bb-9766-cc326314d9f1,5.040868899999623,3.3445974423962535e-05,6.634962163758124e-06,12.8524752704,42.656583660040766,20.0,1.6202604687501292e-05,5.971615888399062e-05,2.5212636666664262e-05,0.0001011314002381,0.0,Italy,ITA,lombardy,,,Windows-11-10.0.26200-SP0,3.13.13,3.2.6,32,13th Gen Intel(R) Core(TM) i9-13900HX,1,1 x NVIDIA GeForce RTX 4070 Laptop GPU,9.1922,45.4722,31.70067596435547,machine,0.0,67.0,31.4,9.95410410563151,N,1.0,0.0
2026-05-04T14:41:27,Q13_qwen2.5:7b_MMLU,7b927c83-b73d-4bff-a03b-d7ec83250938,5b0fa12a-3dd7-45bb-9766-cc326314d9f1,6.967424200000096,4.480770061399754e-05,6.431028071176853e-06,12.852104384000002,39.52469014771824,20.0,2.3082059242051755e-05,7.648617229999433e-05,3.5917894444436474e-05,0.0001354861259864,0.0,Italy,ITA,lombardy,,,Windows-11-10.0.26200-SP0,3.13.13,3.2.6,32,13th Gen Intel(R) Core(TM) i9-13900HX,1,1 x NVIDIA GeForce RTX 4070 Laptop GPU,9.1922,45.4722,31.70067596435547,machine,5.0,48.8,31.9,10.115695190429689,N,1.0,0.0
2026-05-04T14:41:47,Q13_mistral:latest _MMLU,34e19a11-b8eb-439c-9834-66eee86fd22f,5b0fa12a-3dd7-45bb-9766-cc326314d9f1,5.487626199999795,3.553199646576455e-05,6.474930173954975e-06,12.8305008704,40.72834178379221,20.0,1.7750074158125276e-05,6.202116072800967e-05,2.76677205555542e-05,0.0001074389554416,0.0,Italy,ITA,lombardy,,,Windows-11-10.0.26200-SP0,3.13.13,3.2.6,32,13th Gen Intel(R) Core(TM) i9-13900HX,1,1 x NVIDIA GeForce RTX 4070 Laptop GPU,9.1922,45.4722,31.70067596435547,machine,0.0,45.0,31.46666666666667,9.971214294433594,N,1.0,0.0
2026-05-04T14:42:09,Q14_phi3:mini_SQuAD,86636a8d-de07-4236-85b0-32c65cefc480,5b0fa12a-3dd7-45bb-9766-cc326314d9f1,6.520625600001949,4.942998757151745e-05,7.580559075727744e-06,12.84537387008,52.22701717629472,20.0,2.147022709941276e-05,9.456479787400827e-05,3.342762166666944e-05,0.00014946264664,0.0,Italy,ITA,lombardy,,,Windows-11-10.0.26200-SP0,3.13.13,3.2.6,32,13th Gen Intel(R) Core(TM) i9-13900HX,1,1 x NVIDIA GeForce RTX 4070 Laptop GPU,9.1922,45.4722,31.70067596435547,machine,0.0,61.0,31.525,9.990168571472168,N,1.0,0.0
2026-05-04T14:42:31,Q14_qwen2.5:7b_SQuAD,c1611904-a96a-4aff-83da-4dd833432edc,5b0fa12a-3dd7-45bb-9766-cc326314d9f1,7.489183099998627,5.214051445669845e-05,6.962109720178696e-06,12.8384437184,45.17999876263391,20.0,2.4908969834088105e-05,9.394701960199758e-05,3.8802542777759504e-05,0.0001576585322138,0.0,Italy,ITA,lombardy,,,Windows-11-10.0.26200-SP0,3.13.13,3.2.6,32,13th Gen Intel(R) Core(TM) i9-13900HX,1,1 x NVIDIA GeForce RTX 4070 Laptop GPU,9.1922,45.4722,31.70067596435547,machine,0.0,47.8,32.06,10.162370300292968,N,1.0,0.0
2026-05-04T14:42:52,Q14_mistral:latest _SQuAD,5462d304-e613-4b52-b339-82142cfb863f,5b0fa12a-3dd7-45bb-9766-cc326314d9f1,5.384450400000787,3.752877663374663e-05,6.969843502271122e-06,12.841664816,46.16645385293828,20.0,1.740048543285867e-05,6.897755518200932e-05,2.709862722222169e-05,0.000113476667837,0.0,Italy,ITA,lombardy,,,Windows-11-10.0.26200-SP0,3.13.13,3.2.6,32,13th Gen Intel(R) Core(TM) i9-13900HX,1,1 x NVIDIA GeForce RTX 4070 Laptop GPU,9.1922,45.4722,31.70067596435547,machine,0.0,61.333333333333336,31.633333333333336,10.026522318522137,N,1.0,0.0
2026-05-04T14:43:06,Q15_phi3:mini_HumanEval,3f2b691f-b701-4f82-834b-5956feac116b,5b0fa12a-3dd7-45bb-9766-cc326314d9f1,9.405057100000704,8.37431106295191e-05,8.90405127147105e-06,12.824663614400002,65.8625192657669,20.0,3.171427416650473e-05,0.000172044859858,4.9456931111106114e-05,0.0002532160651356,0.0,Italy,ITA,lombardy,,,Windows-11-10.0.26200-SP0,3.13.13,3.2.6,32,13th Gen Intel(R) Core(TM) i9-13900HX,1,1 x NVIDIA GeForce RTX 4070 Laptop GPU,9.1922,45.4722,31.70067596435547,machine,0.0,80.57142857142857,31.6,10.020014081682476,N,1.0,0.0
2026-05-04T14:43:37,Q15_qwen2.5:7b_HumanEval,2fd80921-7eed-4944-92b0-7efb1b40fa92,5b0fa12a-3dd7-45bb-9766-cc326314d9f1,15.37826689999929,0.0001355763557682,8.816101102279699e-06,12.838097882514289,64.2049870170532,20.0,5.3050442516863785e-05,0.000274251052734,8.264400444445022e-05,0.0004099454996953,0.0,Italy,ITA,lombardy,,,Windows-11-10.0.26200-SP0,3.13.13,3.2.6,32,13th Gen Intel(R) Core(TM) i9-13900HX,1,1 x NVIDIA GeForce RTX 4070 Laptop GPU,9.1922,45.4722,31.70067596435547,machine,0.0,77.6923076923077,32.56153846153846,10.319498795729418,N,1.0,0.0
2026-05-04T14:44:01,Q15_mistral:latest _HumanEval,9eb22b0e-93f4-4c09-8aca-df393e863bb4,5b0fa12a-3dd7-45bb-9766-cc326314d9f1,9.53691550000076,8.241089686635526e-05,8.641252705484147e-06,12.8276483744,62.974858883417845,20.0,3.219054032904256e-05,0.0001668093001139,5.018797777779077e-05,0.0002491878182208,0.0,Italy,ITA,lombardy,,,Windows-11-10.0.26200-SP0,3.13.13,3.2.6,32,13th Gen Intel(R) Core(TM) i9-13900HX,1,1 x NVIDIA GeForce RTX 4070 Laptop GPU,9.1922,45.4722,31.70067596435547,machine,0.0,86.14285714285714,31.87142857142857,10.101225171770368,N,1.0,0.0
2026-05-04T14:44:21,Q16_phi3:mini_MMLU,3dcd4d7d-cc0a-4736-b334-3fb52f19b1ff,5b0fa12a-3dd7-45bb-9766-cc326314d9f1,4.9824898000006215,3.228943612577515e-05,6.480582484237323e-06,12.839737952,41.0522527065586,20.0,1.5972887597110044e-05,5.678254542600125e-05,2.487891444444459e-05,9.763434746755587e-05,0.0,Italy,ITA,lombardy,,,Windows-11-10.0.26200-SP0,3.13.13,3.2.6,32,13th Gen Intel(R) Core(TM) i9-13900HX,1,1 x NVIDIA GeForce RTX 4070 Laptop GPU,9.1922,45.4722,31.70067596435547,machine,0.0,48.0,31.53333333333333,9.986794789632162,N,1.0,0.0
2026-05-04T14:44:49,Q16_qwen2.5:7b_MMLU,d7346c3f-88b0-41af-8290-92d16337bb65,5b0fa12a-3dd7-45bb-9766-cc326314d9f1,12.418209200001002,0.0001059474188863,8.531618140752213e-06,12.817507991272729,61.38617309898134,20.0,4.242577307411919e-05,0.0002117318360519,6.619815888888196e-05,0.0003203557680149,0.0,Italy,ITA,lombardy,,,Windows-11-10.0.26200-SP0,3.13.13,3.2.6,32,13th Gen Intel(R) Core(TM) i9-13900HX,1,1 x NVIDIA GeForce RTX 4070 Laptop GPU,9.1922,45.4722,31.70067596435547,machine,0.0,68.2,32.230000000000004,10.219303512573244,N,1.0,0.0
2026-05-04T14:45:11,Q16_mistral:latest _MMLU,b5c2625c-312c-4d02-aab6-6be04cb06a60,5b0fa12a-3dd7-45bb-9766-cc326314d9f1,7.617672600001242,6.26586014469525e-05,8.22542589280383e-06,12.831309467428571,58.88193200643956,20.0,2.5359413310016344e-05,0.0001245762107719,3.952670166666697e-05,0.0001894623257486,0.0,Italy,ITA,lombardy,,,Windows-11-10.0.26200-SP0,3.13.13,3.2.6,32,13th Gen Intel(R) Core(TM) i9-13900HX,1,1 x NVIDIA GeForce RTX 4070 Laptop GPU,9.1922,45.4722,31.70067596435547,machine,0.0,52.0,31.666666666666668,10.029333114624023,N,1.0,0.0
2026-05-04T14:45:36,Q17_phi3:mini_HellaSwag,30967886-b7ef-42c7-90c4-d13a7b026d81,5b0fa12a-3dd7-45bb-9766-cc326314d9f1,9.238067800000865,7.955179355248147e-05,8.611302198114852e-06,12.8284186592,62.70299045203126,20.0,3.1127934804606744e-05,0.000160885684264,4.8529059444445015e-05,0.000240542678513,0.0,Italy,ITA,lombardy,,,Windows-11-10.0.26200-SP0,3.13.13,3.2.6,32,13th Gen Intel(R) Core(TM) i9-13900HX,1,1 x NVIDIA GeForce RTX 4070 Laptop GPU,9.1922,45.4722,31.70067596435547,machine,0.0,76.14285714285714,31.47142857142857,9.975708552769252,N,1.0,0.0
2026-05-04T14:46:02,Q17_qwen2.5:7b_HellaSwag,af2974ce-fe1a-41aa-a61b-8b177aeeee0e,5b0fa12a-3dd7-45bb-9766-cc326314d9f1,11.303451899999343,9.30165364968256e-05,8.22903811328918e-06,12.83610787328,58.20519272552095,20.0,3.851256559693239e-05,0.0001827382017459,6.0005579444441545e-05,0.0002812563467873,0.0,Italy,ITA,lombardy,,,Windows-11-10.0.26200-SP0,3.13.13,3.2.6,32,13th Gen Intel(R) Core(TM) i9-13900HX,1,1 x NVIDIA GeForce RTX 4070 Laptop GPU,9.1922,45.4722,31.70067596435547,machine,11.11111111111111,69.77777777777777,32.355555555555554,10.249964396158854,N,1.0,0.0
2026-05-04T14:46:30,Q17_mistral:latest _HellaSwag,ecba3dc7-e209-41a7-ad64-1de6aa534425,5b0fa12a-3dd7-45bb-9766-cc326314d9f1,12.672378999999635,0.0001226969367101,9.682233833928096e-06,12.829066160000002,73.87188784323315,20.0,4.33703619251464e-05,0.000260019930238,6.761139722222854e-05,0.0003710016893853,0.0,Italy,ITA,lombardy,,,Windows-11-10.0.26200-SP0,3.13.13,3.2.6,32,13th Gen Intel(R) Core(TM) i9-13900HX,1,1 x NVIDIA GeForce RTX 4070 Laptop GPU,9.1922,45.4722,31.70067596435547,machine,0.0,85.45454545454545,31.6,10.01053862138228,N,1.0,0.0
2026-05-04T14:46:53,Q18_phi3:mini_GSM8K,3f77d372-a985-4492-802d-0e151534160d,5b0fa12a-3dd7-45bb-9766-cc326314d9f1,8.67306649999955,7.466245113735727e-05,8.608541297055794e-06,12.832885092800003,62.802005508801926,20.0,2.9121229822997125e-05,0.000151253454336,4.538397166666578e-05,0.0002257586558256,0.0,Italy,ITA,lombardy,,,Windows-11-10.0.26200-SP0,3.13.13,3.2.6,32,13th Gen Intel(R) Core(TM) i9-13900HX,1,1 x NVIDIA GeForce RTX 4070 Laptop GPU,9.1922,45.4722,31.70067596435547,machine,0.0,70.42857142857143,31.5,9.98420878819057,N,1.0,0.0
2026-05-04T14:47:22,Q18_qwen2.5:7b_GSM8K,f3c07bd2-3a16-4050-a85d-d4670084a413,5b0fa12a-3dd7-45bb-9766-cc326314d9f1,13.314300000001822,0.0001127849191316,8.470961232028888e-06,12.8249186144,60.62906653755933,20.0,4.564191707989367e-05,0.00022421267937,7.1175886111127e-05,0.000341030482561,0.0,Italy,ITA,lombardy,,,Windows-11-10.0.26200-SP0,3.13.13,3.2.6,32,13th Gen Intel(R) Core(TM) i9-13900HX,1,1 x NVIDIA GeForce RTX 4070 Laptop GPU,9.1922,45.4722,31.70067596435547,machine,0.0,62.72727272727273,32.345454545454544,10.260612487792969,N,1.0,0.0
2026-05-04T14:47:46,Q18_mistral:latest _GSM8K,00ad3d7f-0a9a-4654-9c79-11257bf2e4cc,5b0fa12a-3dd7-45bb-9766-cc326314d9f1,9.622339499997906,8.516754904723336e-05,8.851023085108553e-06,12.8204698624,65.24887102645016,20.0,3.247887835108197e-05,0.000174378195058,5.066610055554419e-05,0.0002575231739646,0.0,Italy,ITA,lombardy,,,Windows-11-10.0.26200-SP0,3.13.13,3.2.6,32,13th Gen Intel(R) Core(TM) i9-13900HX,1,1 x NVIDIA GeForce RTX 4070 Laptop GPU,9.1922,45.4722,31.70067596435547,machine,0.0,61.25,31.9875,10.13346529006958,N,1.0,0.0
2026-05-04T14:48:06,Q19_phi3:mini_SQuAD,37a7ee4e-1e58-4647-b461-ee59b842363b,5b0fa12a-3dd7-45bb-9766-cc326314d9f1,4.771709099997679,3.1321110166343415e-05,6.563918610704632e-06,12.8365125248,42.25594108530154,20.0,1.5182496081902716e-05,5.587004469602419e-05,2.3653856111094585e-05,9.47063968890215e-05,0.0,Italy,ITA,lombardy,,,Windows-11-10.0.26200-SP0,3.13.13,3.2.6,32,13th Gen Intel(R) Core(TM) i9-13900HX,1,1 x NVIDIA GeForce RTX 4070 Laptop GPU,9.1922,45.4722,31.70067596435547,machine,0.0,48.0,31.73333333333333,10.059054056803385,N,1.0,0.0
2026-05-04T14:48:28,Q19_qwen2.5:7b_SQuAD,27f6905d-b9af-4b25-a021-8281eb9a4e12,5b0fa12a-3dd7-45bb-9766-cc326314d9f1,6.688667100002931,4.321193282013918e-05,6.460469952245082e-06,12.824678643200002,39.97247034782494,20.0,2.203843720521061e-05,7.425505940400479e-05,3.4367467777782524e-05,0.0001306609643869,0.0,Italy,ITA,lombardy,,,Windows-11-10.0.26200-SP0,3.13.13,3.2.6,32,13th Gen Intel(R) Core(TM) i9-13900HX,1,1 x NVIDIA GeForce RTX 4070 Laptop GPU,9.1922,45.4722,31.70067596435547,machine,0.0,47.8,32.06,10.155467224121091,N,1.0,0.0
2026-05-04T14:48:48,Q19_mistral:latest _SQuAD,4042d967-c8cb-4fe0-9b54-4b18f8a21729,5b0fa12a-3dd7-45bb-9766-cc326314d9f1,5.335903999999573,3.400003721998692e-05,6.371935705737892e-06,12.844111923200002,39.62184601515939,20.0,1.7243386873575226e-05,5.871421363799756e-05,2.68491327777762e-05,0.0001028067332893,0.0,Italy,ITA,lombardy,,,Windows-11-10.0.26200-SP0,3.13.13,3.2.6,32,13th Gen Intel(R) Core(TM) i9-13900HX,1,1 x NVIDIA GeForce RTX 4070 Laptop GPU,9.1922,45.4722,31.70067596435547,machine,0.0,52.0,31.53333333333333,9.992332458496094,N,1.0,0.0
2026-05-04T14:49:08,Q20_phi3:mini_SQuAD,803481c1-e49d-43bf-b148-9e39f33b3834,5b0fa12a-3dd7-45bb-9766-cc326314d9f1,4.530640999997559,3.107933531853454e-05,6.859809752869691e-06,12.8397514592,45.56179263016105,20.0,1.4350825072469638e-05,5.727171248399998e-05,2.235279888888423e-05,9.397533644535386e-05,0.0,Italy,ITA,lombardy,,,Windows-11-10.0.26200-SP0,3.13.13,3.2.6,32,13th Gen Intel(R) Core(TM) i9-13900HX,1,1 x NVIDIA GeForce RTX 4070 Laptop GPU,9.1922,45.4722,31.70067596435547,machine,0.0,48.66666666666666,31.5,9.98419189453125,N,1.0,0.0
2026-05-04T14:49:19,Q20_qwen2.5:7b_SQuAD,24e57ebf-e134-4197-809a-0e8db12ab6a6,5b0fa12a-3dd7-45bb-9766-cc326314d9f1,6.426696800001082,3.978343211443471e-05,6.190339042356567e-06,12.835984448,37.13307073667128,20.0,2.111975547010142e-05,6.626866412598464e-05,3.290570444444004e-05,0.0001202941240405,0.0,Italy,ITA,lombardy,,,Windows-11-10.0.26200-SP0,3.13.13,3.2.6,32,13th Gen Intel(R) Core(TM) i9-13900HX,1,1 x NVIDIA GeForce RTX 4070 Laptop GPU,9.1922,45.4722,31.70067596435547,machine,0.0,37.75,32.05,10.16030216217041,N,1.0,0.0
2026-05-04T14:49:40,Q20_mistral:latest _SQuAD,932e175a-35fb-4cf4-a7c5-cf49f5d2abf8,5b0fa12a-3dd7-45bb-9766-cc326314d9f1,5.2434788000027766,3.419252031547535e-05,6.520960915386412e-06,12.8751325184,41.25886669930502,20.0,1.6958854890742523e-05,6.008727029199745e-05,2.634262388890218e-05,0.0001033887490716,0.0,Italy,ITA,lombardy,,,Windows-11-10.0.26200-SP0,3.13.13,3.2.6,32,13th Gen Intel(R) Core(TM) i9-13900HX,1,1 x NVIDIA GeForce RTX 4070 Laptop GPU,9.1922,45.4722,31.70067596435547,machine,0.0,47.333333333333336,32.0,10.154473622639976,N,1.0,0.0
2026-05-04T14:50:04,Q21_phi3:mini_HumanEval,11f39b4f-9b95-457a-a583-02b030999e31,5b0fa12a-3dd7-45bb-9766-cc326314d9f1,9.28609790000337,7.907223364317774e-05,8.515119536177737e-06,12.8423655776,61.63387426865132,20.0,3.133382058024398e-05,0.000158962349392,4.879645166666807e-05,0.0002390926216389,0.0,Italy,ITA,lombardy,,,Windows-11-10.0.26200-SP0,3.13.13,3.2.6,32,13th Gen Intel(R) Core(TM) i9-13900HX,1,1 x NVIDIA GeForce RTX 4070 Laptop GPU,9.1922,45.4722,31.70067596435547,machine,0.0,77.28571428571429,31.87142857142857,10.096413748604911,N,1.0,0.0
2026-05-04T14:50:31,Q21_qwen2.5:7b_HumanEval,186dff86-3fec-4937-aba4-3ff56b1236a5,5b0fa12a-3dd7-45bb-9766-cc326314d9f1,12.210656400002335,0.0001030551481244,8.439771356140221e-06,12.817907850472729,60.4104480442809,20.0,4.168435296263306e-05,0.00020488627502,6.503971111111847e-05,0.0003116103390937,0.0,Italy,ITA,lombardy,,,Windows-11-10.0.26200-SP0,3.13.13,3.2.6,32,13th Gen Intel(R) Core(TM) i9-13900HX,1,1 x NVIDIA GeForce RTX 4070 Laptop GPU,9.1922,45.4722,31.70067596435547,machine,0.0,73.4,32.68,10.36502914428711,N,1.0,0.0
2026-05-04T14:50:57,Q21_mistral:latest _HumanEval,efdae47f-db77-40a3-924f-3ca1a004c06b,5b0fa12a-3dd7-45bb-9766-cc326314d9f1,10.281734999996845,9.14267423160861e-05,8.89215120951028e-06,12.8330676608,65.5685306402839,20.0,3.486411572275329e-05,0.0001872515386899,5.433359333332596e-05,0.000276449247746,0.0,Italy,ITA,lombardy,,,Windows-11-10.0.26200-SP0,3.13.13,3.2.6,32,13th Gen Intel(R) Core(TM) i9-13900HX,1,1 x NVIDIA GeForce RTX 4070 Laptop GPU,9.1922,45.4722,31.70067596435547,machine,0.0,81.375,31.8625,10.10664129257202,N,1.0,0.0
2026-05-04T14:51:21,Q22_phi3:mini_HellaSwag,12b9e802-488d-46c6-a666-148b738b867c,5b0fa12a-3dd7-45bb-9766-cc326314d9f1,9.257755599999657,8.005530092741888e-05,8.647376792645279e-06,12.8229514688,63.09776148601591,20.0,3.1185441124666336e-05,0.000162240685348,4.863901944443367e-05,0.0002420651459171,0.0,Italy,ITA,lombardy,,,Windows-11-10.0.26200-SP0,3.13.13,3.2.6,32,13th Gen Intel(R) Core(TM) i9-13900HX,1,1 x NVIDIA GeForce RTX 4070 Laptop GPU,9.1922,45.4722,31.70067596435547,machine,0.0,76.28571428571429,31.785714285714285,10.082699366978236,N,1.0,0.0
2026-05-04T14:51:49,Q22_qwen2.5:7b_HellaSwag,5930f326-4819-4a9e-9f8e-eec0faf7da99,5b0fa12a-3dd7-45bb-9766-cc326314d9f1,13.070825700000569,0.0001112280821199,8.509644660012768e-06,12.825270531200005,61.081082685900775,20.0,4.477189507570287e-05,0.0002217343440539,6.981679777778078e-05,0.0003363230369074,0.0,Italy,ITA,lombardy,,,Windows-11-10.0.26200-SP0,3.13.13,3.2.6,32,13th Gen Intel(R) Core(TM) i9-13900HX,1,1 x NVIDIA GeForce RTX 4070 Laptop GPU,9.1922,45.4722,31.70067596435547,machine,0.0,62.45454545454545,32.79090909090909,10.400645516135476,N,1.0,0.0
2026-05-04T14:52:12,Q22_mistral:latest _HellaSwag,5b0c7e10-aed8-4993-afb8-04968a18f9d7,5b0fa12a-3dd7-45bb-9766-cc326314d9f1,8.16478979999738,6.668996023349458e-05,8.167994751501867e-06,12.840045988571427,58.09719802089735,20.0,2.7332349451612587e-05,0.0001317470498419,4.257264333332892e-05,0.0002016520426269,0.0,Italy,ITA,lombardy,,,Windows-11-10.0.26200-SP0,3.13.13,3.2.6,32,13th Gen Intel(R) Core(TM) i9-13900HX,1,1 x NVIDIA GeForce RTX 4070 Laptop GPU,9.1922,45.4722,31.70067596435547,machine,0.0,76.33333333333333,32.1,10.178255716959637,N,1.0,0.0
2026-05-04T14:52:31,Q23_phi3:mini_SQuAD,c551fe33-08d2-4723-9be3-da1f85f19f42,5b0fa12a-3dd7-45bb-9766-cc326314d9f1,4.436504400000558,2.6084102393236705e-05,5.879426693058937e-06,12.8493135488,34.88131314949367,20.0,1.4040744018234556e-05,4.297670104798368e-05,2.185368499999135e-05,7.887113006620959e-05,0.0,Italy,ITA,lombardy,,,Windows-11-10.0.26200-SP0,3.13.13,3.2.6,32,13th Gen Intel(R) Core(TM) i9-13900HX,1,1 x NVIDIA GeForce RTX 4070 Laptop GPU,9.1922,45.4722,31.70067596435547,machine,0.0,53.0,31.65,10.031198501586914,N,1.0,0.0
2026-05-04T14:52:53,Q23_qwen2.5:7b_SQuAD,6d5424e9-4cb4-46e2-b549-10269815f6fd,5b0fa12a-3dd7-45bb-9766-cc326314d9f1,6.724396500001603,4.668493890436477e-05,6.942621379383806e-06,12.8413413248,45.18440799572229,20.0,2.2198569207949323e-05,8.43911786239937e-05,3.457262888890303e-05,0.0001411623767208,0.0,Italy,ITA,lombardy,,,Windows-11-10.0.26200-SP0,3.13.13,3.2.6,32,13th Gen Intel(R) Core(TM) i9-13900HX,1,1 x NVIDIA GeForce RTX 4070 Laptop GPU,9.1922,45.4722,31.70067596435547,machine,0.0,48.0,32.4,10.272335815429688,N,1.0,0.0
2026-05-04T14:53:14,Q23_mistral:latest _SQuAD,acfa9508-2f72-4904-9af6-029c80ce2018,5b0fa12a-3dd7-45bb-9766-cc326314d9f1,6.083885199997894,4.548100406131444e-05,7.475651260041886e-06,12.826071257600002,51.35908834046272,20.0,1.986332719119749e-05,8.668618045999665e-05,3.097250222221596e-05,0.0001375220098734,0.0,Italy,ITA,lombardy,,,Windows-11-10.0.26200-SP0,3.13.13,3.2.6,32,13th Gen Intel(R) Core(TM) i9-13900HX,1,1 x NVIDIA GeForce RTX 4070 Laptop GPU,9.1922,45.4722,31.70067596435547,machine,0.0,64.0,31.85,10.097978591918944,N,1.0,0.0
2026-05-04T14:53:39,Q24_phi3:mini_HellaSwag,c02990b2-edc1-4ed1-8678-c286b33b7df2,5b0fa12a-3dd7-45bb-9766-cc326314d9f1,9.195497400000022,7.62008390574953e-05,8.286755543805071e-06,12.825515777600003,59.181094305093296,20.0,3.0968892262753475e-05,0.000151149843142,4.829158111111207e-05,0.0002304103165158,0.0,Italy,ITA,lombardy,,,Windows-11-10.0.26200-SP0,3.13.13,3.2.6,32,13th Gen Intel(R) Core(TM) i9-13900HX,1,1 x NVIDIA GeForce RTX 4070 Laptop GPU,9.1922,45.4722,31.70067596435547,machine,0.0,69.42857142857143,31.685714285714287,10.049338749476842,N,1.0,0.0
2026-05-04T14:54:02,Q24_qwen2.5:7b_HellaSwag,3ba75413-6f46-4c96-8e1a-c0e6298947c7,5b0fa12a-3dd7-45bb-9766-cc326314d9f1,8.096627300001273,5.786303024308488e-05,7.146559684558505e-06,12.860372304457144,46.97403027086502,20.0,2.713156960415025e-05,0.00010563758451,4.219268722222801e-05,0.0001749618413363,0.0,Italy,ITA,lombardy,,,Windows-11-10.0.26200-SP0,3.13.13,3.2.6,32,13th Gen Intel(R) Core(TM) i9-13900HX,1,1 x NVIDIA GeForce RTX 4070 Laptop GPU,9.1922,45.4722,31.70067596435547,machine,0.0,48.5,32.75,10.375527064005531,N,1.0,0.0
2026-05-04T14:54:27,Q24_mistral:latest _HellaSwag,4d97c407-cbd4-4e73-90ed-61297f161eef,5b0fa12a-3dd7-45bb-9766-cc326314d9f1,10.337174199998117,9.05466255892778e-05,8.75932085862443e-06,12.866428096,64.08442717158923,20.0,3.515023702022498e-05,0.0001840001472,5.4637633333327865e-05,0.0002737880175535,0.0,Italy,ITA,lombardy,,,Windows-11-10.0.26200-SP0,3.13.13,3.2.6,32,13th Gen Intel(R) Core(TM) i9-13900HX,1,1 x NVIDIA GeForce RTX 4070 Laptop GPU,9.1922,45.4722,31.70067596435547,machine,0.0,80.25,32.0125,10.160402297973633,N,1.0,0.0
2026-05-04T14:54:46,Q25_phi3:mini_MMLU,ab252169-27a4-4866-8bbb-54a99a7a90c8,5b0fa12a-3dd7-45bb-9766-cc326314d9f1,4.357542999998259,2.8965730014665984e-05,6.647262003995728e-06,12.9409385216,43.22044632765575,20.0,1.385975522180244e-05,5.2305875178002e-05,2.1418746666656967e-05,8.758437706646141e-05,0.0,Italy,ITA,lombardy,,,Windows-11-10.0.26200-SP0,3.13.13,3.2.6,32,13th Gen Intel(R) Core(TM) i9-13900HX,1,1 x NVIDIA GeForce RTX 4070 Laptop GPU,9.1922,45.4722,31.70067596435547,machine,0.0,52.0,31.9,10.10919952392578,N,1.0,0.0
2026-05-04T14:55:08,Q25_qwen2.5:7b_MMLU,f3ba93f2-f636-4c5b-9d67-9efaf940a79d,5b0fa12a-3dd7-45bb-9766-cc326314d9f1,6.550052400001732,3.991948275440178e-05,6.094528763524276e-06,12.834377523200004,36.03599855921552,20.0,2.1557583422791737e-05,6.555533022201132e-05,3.359258999999939e-05,0.0001207055036448,0.0,Italy,ITA,lombardy,,,Windows-11-10.0.26200-SP0,3.13.13,3.2.6,32,13th Gen Intel(R) Core(TM) i9-13900HX,1,1 x NVIDIA GeForce RTX 4070 Laptop GPU,9.1922,45.4722,31.70067596435547,machine,1.34,27.0,32.879999999999995,10.422174835205078,N,1.0,0.0
2026-05-04T14:55:29,Q25_mistral:latest _MMLU,ed0810ca-4395-443e-b73d-92d68d5deb2a,5b0fa12a-3dd7-45bb-9766-cc326314d9f1,5.449127899999439,3.541091070232984e-05,6.498454679754073e-06,12.857172809600002,40.96589115932671,20.0,1.7655841488724228e-05,6.195338289599617e-05,2.7463601111109406e-05,0.0001070728254958,0.0,Italy,ITA,lombardy,,,Windows-11-10.0.26200-SP0,3.13.13,3.2.6,32,13th Gen Intel(R) Core(TM) i9-13900HX,1,1 x NVIDIA GeForce RTX 4070 Laptop GPU,9.1922,45.4722,31.70067596435547,machine,0.0,50.0,32.43333333333334,10.274559020996094,N,1.0,0.0
2026-05-04T14:55:53,Q26_phi3:mini_HumanEval,961810dc-c74a-4517-9bd4-9ac5a81f4fad,5b0fa12a-3dd7-45bb-9766-cc326314d9f1,9.233860299998923,7.727770788398723e-05,8.36894921228083e-06,12.8331239312,60.05638433423116,20.0,3.11283170046137e-05,0.0001540270676659,4.851108611110249e-05,0.0002336664707817,0.0,Italy,ITA,lombardy,,,Windows-11-10.0.26200-SP0,3.13.13,3.2.6,32,13th Gen Intel(R) Core(TM) i9-13900HX,1,1 x NVIDIA GeForce RTX 4070 Laptop GPU,9.1922,45.4722,31.70067596435547,machine,0.0,76.0,32.1,10.184460776192802,N,1.0,0.0
2026-05-04T14:56:19,Q26_qwen2.5:7b_HumanEval,ffb9f9f0-80c4-43f0-ac01-02ac4fc4dccb,5b0fa12a-3dd7-45bb-9766-cc326314d9f1,10.959352000001672,8.908591154468867e-05,8.128757206144585e-06,12.827156153600002,57.169202238926616,20.0,3.726009480034203e-05,0.0001740168058799,5.809432055555387e-05,0.0002693712212358,0.0,Italy,ITA,lombardy,,,Windows-11-10.0.26200-SP0,3.13.13,3.2.6,32,13th Gen Intel(R) Core(TM) i9-13900HX,1,1 x NVIDIA GeForce RTX 4070 Laptop GPU,9.1922,45.4722,31.70067596435547,machine,0.0,70.0,32.67777777777778,10.362586975097656,N,1.0,0.0
2026-05-04T14:56:44,Q26_mistral:latest _HumanEval,e39717ca-96a1-4e6f-a90d-5e3d759212d2,5b0fa12a-3dd7-45bb-9766-cc326314d9f1,9.827066900001228,8.450515172697645e-05,8.599224222943459e-06,12.822709132800002,62.49104873107351,20.0,3.320520244447092e-05,0.000170524580864,5.1790483888887845e-05,0.0002555202671973,0.0,Italy,ITA,lombardy,,,Windows-11-10.0.26200-SP0,3.13.13,3.2.6,32,13th Gen Intel(R) Core(TM) i9-13900HX,1,1 x NVIDIA GeForce RTX 4070 Laptop GPU,9.1922,45.4722,31.70067596435547,machine,0.0,76.125,31.9,10.12119960784912,N,1.0,0.0
2026-05-04T14:57:05,Q27_phi3:mini_SQuAD,9f7763e5-c4a5-4c4b-8242-56fb4c28e134,5b0fa12a-3dd7-45bb-9766-cc326314d9f1,6.213031899998896,4.613619107993486e-05,7.425712892274553e-06,12.836003640320005,50.65969232126411,20.0,2.036224141244487e-05,8.741479215401693e-05,3.172608111110296e-05,0.0001395031146775,0.0,Italy,ITA,lombardy,,,Windows-11-10.0.26200-SP0,3.13.13,3.2.6,32,13th Gen Intel(R) Core(TM) i9-13900HX,1,1 x NVIDIA GeForce RTX 4070 Laptop GPU,9.1922,45.4722,31.70067596435547,machine,0.0,63.75,31.95,10.124109268188477,N,1.0,0.0
2026-05-04T14:57:26,Q27_qwen2.5:7b_SQuAD,2df76a23-e3e9-4093-a240-013abc26e9a5,5b0fa12a-3dd7-45bb-9766-cc326314d9f1,6.251500400001532,3.5726460493907264e-05,5.714861746453461e-06,12.84024092672,32.01123319524781,20.0,2.050652210897658e-05,5.558060002000542e-05,3.193983888888599e-05,0.0001080269610178,0.0,Italy,ITA,lombardy,,,Windows-11-10.0.26200-SP0,3.13.13,3.2.6,32,13th Gen Intel(R) Core(TM) i9-13900HX,1,1 x NVIDIA GeForce RTX 4070 Laptop GPU,9.1922,45.4722,31.70067596435547,machine,0.0,37.25,32.35,10.24709415435791,N,1.0,0.0
2026-05-04T14:57:46,Q27_mistral:latest _SQuAD,83bcf67e-77a8-4a72-8085-3c9b37c38044,5b0fa12a-3dd7-45bb-9766-cc326314d9f1,4.795006599997578,3.254861690800164e-05,6.788023379992445e-06,12.8294876576,44.51757376419418,20.0,1.529683512329825e-05,5.927615853200397e-05,2.3845044999992146e-05,9.841803865529436e-05,0.0,Italy,ITA,lombardy,,,Windows-11-10.0.26200-SP0,3.13.13,3.2.6,32,13th Gen Intel(R) Core(TM) i9-13900HX,1,1 x NVIDIA GeForce RTX 4070 Laptop GPU,9.1922,45.4722,31.70067596435547,machine,0.0,51.0,31.933333333333334,10.11611811319987,N,1.0,0.0
2026-05-04T14:58:07,Q28_phi3:mini_SQuAD,218eba98-b2ec-4af3-84d9-b68163410418,5b0fa12a-3dd7-45bb-9766-cc326314d9f1,6.119927699997788,4.6739138661433336e-05,7.637204384203792e-06,12.844036052480003,53.0602441257096,20.0,2.0025180849989527e-05,9.011979431801376e-05,3.1181286666651434e-05,0.0001413262618346,0.0,Italy,ITA,lombardy,,,Windows-11-10.0.26200-SP0,3.13.13,3.2.6,32,13th Gen Intel(R) Core(TM) i9-13900HX,1,1 x NVIDIA GeForce RTX 4070 Laptop GPU,9.1922,45.4722,31.70067596435547,machine,0.0,58.25,31.925,10.122557640075684,N,1.0,0.0
2026-05-04T14:58:19,Q28_qwen2.5:7b_SQuAD,f7d42e03-09be-4f48-9423-679170289304,5b0fa12a-3dd7-45bb-9766-cc326314d9f1,6.85844250000082,4.7766028219969496e-05,6.964559113816845e-06,12.8281066304,45.39271017558717,20.0,2.2650423962602023e-05,8.646812473001031e-05,3.5312743888890614e-05,0.0001444312925815,0.0,Italy,ITA,lombardy,,,Windows-11-10.0.26200-SP0,3.13.13,3.2.6,32,13th Gen Intel(R) Core(TM) i9-13900HX,1,1 x NVIDIA GeForce RTX 4070 Laptop GPU,9.1922,45.4722,31.70067596435547,machine,0.0,49.4,32.58,10.33162841796875,N,1.0,0.0
2026-05-04T14:58:39,Q28_mistral:latest _SQuAD,107cc4d9-25cd-4201-b117-d4145639ca7c,5b0fa12a-3dd7-45bb-9766-cc326314d9f1,4.67863589999979,3.239945430026805e-05,6.924978774319563e-06,12.845499161600005,46.10815857737281,20.0,1.489593306290088e-05,5.98794923479945e-05,2.319158666666933e-05,9.796701207756472e-05,0.0,Italy,ITA,lombardy,,,Windows-11-10.0.26200-SP0,3.13.13,3.2.6,32,13th Gen Intel(R) Core(TM) i9-13900HX,1,1 x NVIDIA GeForce RTX 4070 Laptop GPU,9.1922,45.4722,31.70067596435547,machine,0.0,33.333333333333336,32.03333333333334,10.1545041402181,N,1.0,0.0
2026-05-04T14:58:49,Q29_phi3:mini_SQuAD,926e532f-b532-4200-9029-9a96f2350330,5b0fa12a-3dd7-45bb-9766-cc326314d9f1,5.553273099998478,3.7917034137181285e-05,6.827871321003766e-06,12.83892105728,44.49455182630222,20.0,1.800636210171516e-05,6.859561043200124e-05,2.80486788888892e-05,0.0001146506514226,0.0,Italy,ITA,lombardy,,,Windows-11-10.0.26200-SP0,3.13.13,3.2.6,32,13th Gen Intel(R) Core(TM) i9-13900HX,1,1 x NVIDIA GeForce RTX 4070 Laptop GPU,9.1922,45.4722,31.70067596435547,machine,0.0,64.5,31.85,10.094517707824709,N,1.0,0.0
2026-05-04T14:59:10,Q29_qwen2.5:7b_SQuAD,bd2d4324-00cb-4c84-ad7d-aa920b51bb2a,5b0fa12a-3dd7-45bb-9766-cc326314d9f1,5.81903869999951,3.3440688237941286e-05,5.746771926081898e-06,12.849599705600005,32.57966575617358,20.0,1.896755861302955e-05,5.262670876797493e-05,2.952114888887284e-05,0.0001011154162698,0.0,Italy,ITA,lombardy,,,Windows-11-10.0.26200-SP0,3.13.13,3.2.6,32,13th Gen Intel(R) Core(TM) i9-13900HX,1,1 x NVIDIA GeForce RTX 4070 Laptop GPU,9.1922,45.4722,31.70067596435547,machine,6.25,35.5,32.725,10.372072219848633,N,1.0,0.0
2026-05-04T14:59:36,Q29_mistral:latest _SQuAD,49c381a8-0253-45d7-8d8c-2c01b7a3cc4d,5b0fa12a-3dd7-45bb-9766-cc326314d9f1,11.060868600001411,0.0001023438683892,9.252787650799567e-06,12.822821085440005,69.40522622092385,20.0,3.760425426930336e-05,0.000213204615008,5.865075611111226e-05,0.0003094596253884,0.0,Italy,ITA,lombardy,,,Windows-11-10.0.26200-SP0,3.13.13,3.2.6,32,13th Gen Intel(R) Core(TM) i9-13900HX,1,1 x NVIDIA GeForce RTX 4070 Laptop GPU,9.1922,45.4722,31.70067596435547,machine,0.0,82.22222222222223,32.25555555555556,10.224553849962025,N,1.0,0.0
2026-05-04T14:59:56,Q30_phi3:mini_SQuAD,39338f27-b876-455f-9e73-1be54cbc4e69,5b0fa12a-3dd7-45bb-9766-cc326314d9f1,4.700250500001857,3.2315302734790745e-05,6.875229891423441e-06,12.854535392,45.51355558670729,20.0,1.4989124546299514e-05,5.9403103078004005e-05,2.3320333333342408e-05,9.771256095764592e-05,0.0,Italy,ITA,lombardy,,,Windows-11-10.0.26200-SP0,3.13.13,3.2.6,32,13th Gen Intel(R) Core(TM) i9-13900HX,1,1 x NVIDIA GeForce RTX 4070 Laptop GPU,9.1922,45.4722,31.70067596435547,machine,0.0,33.333333333333336,31.96666666666667,10.141301472981771,N,1.0,0.0
2026-05-04T15:00:17,Q30_qwen2.5:7b_SQuAD,868bf8af-64c3-4fe4-bb51-eaa6e336d219,5b0fa12a-3dd7-45bb-9766-cc326314d9f1,5.802992199998698,3.1448493964683394e-05,5.419358303581805e-06,12.837107118080002,29.00813226410119,20.0,1.889845462128004e-05,4.675059295600192e-05,2.944252277777397e-05,9.509157035505594e-05,0.0,Italy,ITA,lombardy,,,Windows-11-10.0.26200-SP0,3.13.13,3.2.6,32,13th Gen Intel(R) Core(TM) i9-13900HX,1,1 x NVIDIA GeForce RTX 4070 Laptop GPU,9.1922,45.4722,31.70067596435547,machine,0.0,16.75,32.375,10.27053928375244,N,1.0,0.0
2026-05-04T15:00:37,Q30_mistral:latest _SQuAD,6cdc45b7-4a87-4b53-b2aa-5855dddd0dcd,5b0fa12a-3dd7-45bb-9766-cc326314d9f1,4.545840700000554,2.732104064628592e-05,6.010118358587135e-06,12.8472697568,36.23402452593526,20.0,1.4423980200926688e-05,4.573364769799859e-05,2.2453662222223e-05,8.261129012114828e-05,0.0,Italy,ITA,lombardy,,,Windows-11-10.0.26200-SP0,3.13.13,3.2.6,32,13th Gen Intel(R) Core(TM) i9-13900HX,1,1 x NVIDIA GeForce RTX 4070 Laptop GPU,9.1922,45.4722,31.70067596435547,machine,0.0,63.0,31.9,10.112041473388672,N,1.0,0.0
2026-05-04T15:00:51,Q31_phi3:mini_GSM8K,863f5f00-4393-4af4-909d-82321dd41b84,5b0fa12a-3dd7-45bb-9766-cc326314d9f1,9.16083880000224,7.972488976522364e-05,8.70279365304454e-06,12.829108419200002,63.7120864385416,20.0,3.085544902288011e-05,0.000162109018576,4.8101606111110106e-05,0.0002410660737099,0.0,Italy,ITA,lombardy,,,Windows-11-10.0.26200-SP0,3.13.13,3.2.6,32,13th Gen Intel(R) Core(TM) i9-13900HX,1,1 x NVIDIA GeForce RTX 4070 Laptop GPU,9.1922,45.4722,31.70067596435547,machine,0.0,70.85714285714286,31.87142857142857,10.096685137067524,N,1.0,0.0
2026-05-04T15:01:15,Q31_qwen2.5:7b_GSM8K,1391a571-9038-44c2-aeeb-f8e9f404086d,5b0fa12a-3dd7-45bb-9766-cc326314d9f1,9.489755200000218,7.429529392092829e-05,7.829000048486665e-06,12.8237629232,54.18238612630958,20.0,3.199894504688899e-05,0.0001427451141959,4.990441444444716e-05,0.0002246484736873,0.0,Italy,ITA,lombardy,,,Windows-11-10.0.26200-SP0,3.13.13,3.2.6,32,13th Gen Intel(R) Core(TM) i9-13900HX,1,1 x NVIDIA GeForce RTX 4070 Laptop GPU,9.1922,45.4722,31.70067596435547,machine,0.0,56.57142857142857,32.628571428571426,10.349457332066129,N,1.0,0.0
2026-05-04T15:01:40,Q31_mistral:latest _GSM8K,4e2230a4-c0b3-4d13-b55e-aa06ce0dc8b8,5b0fa12a-3dd7-45bb-9766-cc326314d9f1,10.095356699999684,8.961558970930071e-05,8.876911670620169e-06,12.827745766400003,65.47443199658251,20.0,3.417069562263755e-05,0.000183526813488,5.327531277778488e-05,0.0002709728218884,0.0,Italy,ITA,lombardy,,,Windows-11-10.0.26200-SP0,3.13.13,3.2.6,32,13th Gen Intel(R) Core(TM) i9-13900HX,1,1 x NVIDIA GeForce RTX 4070 Laptop GPU,9.1922,45.4722,31.70067596435547,machine,18.75,78.375,31.9,10.115396499633787,N,1.0,0.0
2026-05-04T15:02:02,Q32_phi3:mini_GSM8K,b17f8384-645c-40fd-953f-f62d28985b11,5b0fa12a-3dd7-45bb-9766-cc326314d9f1,6.110214299998916,4.748567325603613e-05,7.771523374563893e-06,12.843023628800005,54.46860953217907,20.0,2.000325367606036e-05,9.243062949999824e-05,3.114969333334254e-05,0.0001435835765094,0.0,Italy,ITA,lombardy,,,Windows-11-10.0.26200-SP0,3.13.13,3.2.6,32,13th Gen Intel(R) Core(TM) i9-13900HX,1,1 x NVIDIA GeForce RTX 4070 Laptop GPU,9.1922,45.4722,31.70067596435547,machine,0.0,58.25,31.95,10.12367057800293,N,1.0,0.0
2026-05-04T15:02:25,Q32_qwen2.5:7b_GSM8K,2e34dc1c-c94b-448e-b73c-0d2db8dd26dc,5b0fa12a-3dd7-45bb-9766-cc326314d9f1,8.425217500000144,6.114721813154146e-05,7.257642681810935e-06,12.82548839497143,48.14122337405849,20.0,2.8226210523674543e-05,0.00011265147901,4.401463000000755e-05,0.0001848923195336,0.0,Italy,ITA,lombardy,,,Windows-11-10.0.26200-SP0,3.13.13,3.2.6,32,13th Gen Intel(R) Core(TM) i9-13900HX,1,1 x NVIDIA GeForce RTX 4070 Laptop GPU,9.1922,45.4722,31.70067596435547,machine,8.333333333333334,56.333333333333336,32.516666666666666,10.310988744099935,N,1.0,0.0
2026-05-04T15:02:48,Q32_mistral:latest _GSM8K,567525e8-ae42-4de4-a22a-6cfbd52925ce,5b0fa12a-3dd7-45bb-9766-cc326314d9f1,7.514313700001367,5.9541433164390754e-05,7.923735359142635e-06,12.836185184,55.62612629529794,20.0,2.5000018119276104e-05,0.0001160856484239,3.8951202222233405e-05,0.0001800368687655,0.0,Italy,ITA,lombardy,,,Windows-11-10.0.26200-SP0,3.13.13,3.2.6,32,13th Gen Intel(R) Core(TM) i9-13900HX,1,1 x NVIDIA GeForce RTX 4070 Laptop GPU,9.1922,45.4722,31.70067596435547,machine,0.0,74.6,31.96,10.123399353027343,N,1.0,0.0
2026-05-04T15:03:07,Q33_phi3:mini_SQuAD,afdd5f34-a6c7-420a-8914-81933dcb3b6b,5b0fa12a-3dd7-45bb-9766-cc326314d9f1,4.47738930000196,2.5926136844856145e-05,5.790458480982388e-06,12.8951261312,33.86915694920594,20.0,1.4230117705002982e-05,4.20936447860093e-05,2.206972333333397e-05,7.839348582434625e-05,0.0,Italy,ITA,lombardy,,,Windows-11-10.0.26200-SP0,3.13.13,3.2.6,32,13th Gen Intel(R) Core(TM) i9-13900HX,1,1 x NVIDIA GeForce RTX 4070 Laptop GPU,9.1922,45.4722,31.70067596435547,machine,0.0,5.5,32.15,10.193685531616213,N,1.0,0.0
2026-05-04T15:03:28,Q33_qwen2.5:7b_SQuAD,28257049-85ae-4567-b5f7-4781dce85bd9,5b0fa12a-3dd7-45bb-9766-cc326314d9f1,6.038539299999684,3.443473672214614e-05,5.7024944297618376e-06,12.854731589120002,32.0093938408417,20.0,1.975065842039031e-05,5.364226513600301e-05,3.07282211111063e-05,0.0001041211446674,0.0,Italy,ITA,lombardy,,,Windows-11-10.0.26200-SP0,3.13.13,3.2.6,32,13th Gen Intel(R) Core(TM) i9-13900HX,1,1 x NVIDIA GeForce RTX 4070 Laptop GPU,9.1922,45.4722,31.70067596435547,machine,0.0,10.25,32.7,10.366397857666016,N,1.0,0.0
2026-05-04T15:03:38,Q33_mistral:latest _SQuAD,7b6d095c-018b-4215-9b09-e696185e6c7f,5b0fa12a-3dd7-45bb-9766-cc326314d9f1,4.5960937999989255,3.043715227219416e-05,6.622395798841459e-06,12.8488039904,42.83918531239898,20.0,1.461139721122054e-05,5.467976596598701e-05,2.274238888888552e-05,9.203355206609304e-05,0.0,Italy,ITA,lombardy,,,Windows-11-10.0.26200-SP0,3.13.13,3.2.6,32,13th Gen Intel(R) Core(TM) i9-13900HX,1,1 x NVIDIA GeForce RTX 4070 Laptop GPU,9.1922,45.4722,31.70067596435547,machine,0.0,59.0,32.266666666666666,10.222371419270834,N,1.0,0.0
2026-05-04T15:03:48,Q34_phi3:mini_MMLU,32cf91e8-30ba-45e7-ad0c-67198185b8aa,5b0fa12a-3dd7-45bb-9766-cc326314d9f1,4.99143610000101,3.224674367168075e-05,6.460414002229584e-06,12.8574818048,40.79403685186379,20.0,1.6028571472188486e-05,5.654476745800552e-05,2.493191833333792e-05,9.750525726353193e-05,0.0,Italy,ITA,lombardy,,,Windows-11-10.0.26200-SP0,3.13.13,3.2.6,32,13th Gen Intel(R) Core(TM) i9-13900HX,1,1 x NVIDIA GeForce RTX 4070 Laptop GPU,9.1922,45.4722,31.70067596435547,machine,0.0,34.333333333333336,32.1,10.16820780436198,N,1.0,0.0
2026-05-04T15:04:10,Q34_qwen2.5:7b_MMLU,97ab1375-9b96-429c-afe7-f8dc183d31a2,5b0fa12a-3dd7-45bb-9766-cc326314d9f1,7.305229800000234,5.019727812050744e-05,6.871416710327967e-06,12.8639866496,44.20859166815883,20.0,2.4307714847821307e-05,8.968423841400341e-05,3.779076833333319e-05,0.0001517827215951,0.0,Italy,ITA,lombardy,,,Windows-11-10.0.26200-SP0,3.13.13,3.2.6,32,13th Gen Intel(R) Core(TM) i9-13900HX,1,1 x NVIDIA GeForce RTX 4070 Laptop GPU,9.1922,45.4722,31.70067596435547,machine,0.0,48.4,32.82,10.407023620605468,N,1.0,0.0
2026-05-04T15:04:31,Q34_mistral:latest _MMLU,df38be51-a17f-485f-9419-52704776e026,5b0fa12a-3dd7-45bb-9766-cc326314d9f1,6.061413399998855,4.419902758331653e-05,7.291868194194588e-06,12.84438835712,49.2606053730699,20.0,1.9834769753359347e-05,8.29270107860075e-05,3.088388611112249e-05,0.0001336456666504,0.0,Italy,ITA,lombardy,,,Windows-11-10.0.26200-SP0,3.13.13,3.2.6,32,13th Gen Intel(R) Core(TM) i9-13900HX,1,1 x NVIDIA GeForce RTX 4070 Laptop GPU,9.1922,45.4722,31.70067596435547,machine,0.0,62.0,31.925,10.113374710083008,N,1.0,0.0
2026-05-04T15:04:51,Q35_phi3:mini_SQuAD,e54705cc-d7d3-4e46-980e-14e52f3c759a,5b0fa12a-3dd7-45bb-9766-cc326314d9f1,4.728179400000954,2.7958705587137104e-05,5.913207436065447e-06,12.826175744,35.04769252752604,20.0,1.5053136183995013e-05,4.601475903399932e-05,2.347151777778183e-05,8.453941299577617e-05,0.0,Italy,ITA,lombardy,,,Windows-11-10.0.26200-SP0,3.13.13,3.2.6,32,13th Gen Intel(R) Core(TM) i9-13900HX,1,1 x NVIDIA GeForce RTX 4070 Laptop GPU,9.1922,45.4722,31.70067596435547,machine,0.0,53.333333333333336,31.83333333333333,10.09373982747396,N,1.0,0.0
2026-05-04T15:05:02,Q35_qwen2.5:7b_SQuAD,10e95666-3887-4e09-9069-178dd980a9df,5b0fa12a-3dd7-45bb-9766-cc326314d9f1,6.094614900001034,3.81165655606211e-05,6.254138478973403e-06,12.83725473536,37.95906258446777,20.0,1.9940269672480648e-05,6.424810695400407e-05,3.106560277778448e-05,0.0001152539794042,0.0,Italy,ITA,lombardy,,,Windows-11-10.0.26200-SP0,3.13.13,3.2.6,32,13th Gen Intel(R) Core(TM) i9-13900HX,1,1 x NVIDIA GeForce RTX 4070 Laptop GPU,9.1922,45.4722,31.70067596435547,machine,0.0,35.75,32.3,10.245555877685549,N,1.0,0.0
2026-05-04T15:05:11,Q35_mistral:latest _SQuAD,1e71d98b-d86b-471d-af2a-a6e7f56744e6,5b0fa12a-3dd7-45bb-9766-cc326314d9f1,4.681113300001016,3.16131489936814e-05,6.753339850516871e-06,12.833251212800002,44.29049458971801,20.0,1.487975516805442e-05,5.752171268399997e-05,2.3187973888889245e-05,9.558944174094364e-05,0.0,Italy,ITA,lombardy,,,Windows-11-10.0.26200-SP0,3.13.13,3.2.6,32,13th Gen Intel(R) Core(TM) i9-13900HX,1,1 x NVIDIA GeForce RTX 4070 Laptop GPU,9.1922,45.4722,31.70067596435547,machine,0.0,49.66666666666666,31.933333333333334,10.12604522705078,N,1.0,0.0
2026-05-04T15:05:35,Q36_phi3:mini_MMLU,52d5fc7f-301c-4ba5-bede-e4fe8835df22,5b0fa12a-3dd7-45bb-9766-cc326314d9f1,8.96440110000185,5.864363314570167e-05,6.541835030751754e-06,12.829952504,40.22532478977365,20.0,3.015840461001072e-05,0.0001001525801219,4.701118444445456e-05,0.0001773221691764,0.0,Italy,ITA,lombardy,,,Windows-11-10.0.26200-SP0,3.13.13,3.2.6,32,13th Gen Intel(R) Core(TM) i9-13900HX,1,1 x NVIDIA GeForce RTX 4070 Laptop GPU,9.1922,45.4722,31.70067596435547,machine,0.0,37.285714285714285,32.0,10.15216064453125,N,1.0,0.0
2026-05-04T15:05:59,Q36_qwen2.5:7b_MMLU,a561bd52-bd58-4221-8298-b7e30cb9a707,5b0fa12a-3dd7-45bb-9766-cc326314d9f1,7.954335300000821,5.576931404832786e-05,7.0111847118541895e-06,12.84249606217143,45.56007463091424,20.0,2.6582438948397592e-05,0.0001006523027439,4.139627944443621e-05,0.0001686310211368,0.0,Italy,ITA,lombardy,,,Windows-11-10.0.26200-SP0,3.13.13,3.2.6,32,13th Gen Intel(R) Core(TM) i9-13900HX,1,1 x NVIDIA GeForce RTX 4070 Laptop GPU,9.1922,45.4722,31.70067596435547,machine,4.166666666666667,58.333333333333336,32.516666666666666,10.308762868245443,N,1.0,0.0
2026-05-04T15:06:20,Q36_mistral:latest _MMLU,9bf35541-77da-44ba-9a89-53389e4a923c,5b0fa12a-3dd7-45bb-9766-cc326314d9f1,6.458927899999253,4.8433953398893885e-05,7.498760498456638e-06,12.838889100800005,51.40793267866648,20.0,2.1227684787559565e-05,9.21567403920076e-05,3.3066488888895646e-05,0.0001464509140684,0.0,Italy,ITA,lombardy,,,Windows-11-10.0.26200-SP0,3.13.13,3.2.6,32,13th Gen Intel(R) Core(TM) i9-13900HX,1,1 x NVIDIA GeForce RTX 4070 Laptop GPU,9.1922,45.4722,31.70067596435547,machine,0.0,64.0,31.975,10.142522811889648,N,1.0,0.0
2026-05-04T15:06:44,Q37_phi3:mini_HumanEval,aed92285-9b9e-4304-afe5-215f1cef496a,5b0fa12a-3dd7-45bb-9766-cc326314d9f1,9.291416100000788,8.241693379805469e-05,8.870223108192055e-06,12.8327162528,65.5075971296834,20.0,3.132949866358696e-05,0.00016905013524,4.882643833334442e-05,0.0002492060722369,0.0,Italy,ITA,lombardy,,,Windows-11-10.0.26200-SP0,3.13.13,3.2.6,32,13th Gen Intel(R) Core(TM) i9-13900HX,1,1 x NVIDIA GeForce RTX 4070 Laptop GPU,9.1922,45.4722,31.70067596435547,machine,0.0,76.71428571428571,31.685714285714287,10.046820504324776,N,1.0,0.0
2026-05-04T15:07:13,Q37_qwen2.5:7b_HumanEval,99977949-b673-4823-b2b9-5935fb365d6e,5b0fa12a-3dd7-45bb-9766-cc326314d9f1,13.204344099998709,0.0001109312914288,8.401120918146077e-06,12.858719024,59.86980097411938,20.0,4.535825589270822e-05,0.00021951962006,7.054774777777007e-05,0.0003354256237304,0.0,Italy,ITA,lombardy,,,Windows-11-10.0.26200-SP0,3.13.13,3.2.6,32,13th Gen Intel(R) Core(TM) i9-13900HX,1,1 x NVIDIA GeForce RTX 4070 Laptop GPU,9.1922,45.4722,31.70067596435547,machine,2.272727272727273,75.45454545454545,32.79090909090909,10.394961964000355,N,1.0,0.0
2026-05-04T15:07:35,Q37_mistral:latest _HumanEval,a08eb9ed-a3a6-4e02-9886-1f83f987332c,5b0fa12a-3dd7-45bb-9766-cc326314d9f1,7.573649999998452,6.183997123914884e-05,8.165147747672719e-06,12.8236365056,58.259871415228815,20.0,2.5184718030623784e-05,0.0001225245424639,3.9277753333327485e-05,0.0001869870138279,0.0,Italy,ITA,lombardy,,,Windows-11-10.0.26200-SP0,3.13.13,3.2.6,32,13th Gen Intel(R) Core(TM) i9-13900HX,1,1 x NVIDIA GeForce RTX 4070 Laptop GPU,9.1922,45.4722,31.70067596435547,machine,0.0,75.5,32.016666666666666,10.155574798583984,N,1.0,0.0
2026-05-04T15:07:55,Q38_phi3:mini_MMLU,e64e72c2-3973-4639-a8c9-17d68591ce23,5b0fa12a-3dd7-45bb-9766-cc326314d9f1,4.32494179999776,2.90356196820829e-05,6.713528418370379e-06,12.896512524800002,44.00680801136442,20.0,1.369655018692974e-05,5.28592089540092e-05,2.1239944999999552e-05,8.779570414093849e-05,0.0,Italy,ITA,lombardy,,,Windows-11-10.0.26200-SP0,3.13.13,3.2.6,32,13th Gen Intel(R) Core(TM) i9-13900HX,1,1 x NVIDIA GeForce RTX 4070 Laptop GPU,9.1922,45.4722,31.70067596435547,machine,0.0,48.5,32.0,10.145633697509766,N,1.0,0.0
2026-05-04T15:08:16,Q38_qwen2.5:7b_MMLU,b94cca64-ce82-4672-9601-9cafd0d447cc,5b0fa12a-3dd7-45bb-9766-cc326314d9f1,6.43040259999907,4.063927426645672e-05,6.3198646794623095e-06,12.839997877760002,38.5274413324605,20.0,2.1143724015284863e-05,6.880561059999235e-05,3.2932620000004444e-05,0.0001228819546152,0.0,Italy,ITA,lombardy,,,Windows-11-10.0.26200-SP0,3.13.13,3.2.6,32,13th Gen Intel(R) Core(TM) i9-13900HX,1,1 x NVIDIA GeForce RTX 4070 Laptop GPU,9.1922,45.4722,31.70067596435547,machine,16.675,38.0,32.6,10.333054542541504,N,1.0,0.0
2026-05-04T15:08:36,Q38_mistral:latest _MMLU,85b515cb-de85-4263-ac0e-dd4d08e4a430,5b0fa12a-3dd7-45bb-9766-cc326314d9f1,4.652090399998997,3.070216560181592e-05,6.599649396714762e-06,12.8335552832,42.5582784761278,20.0,1.4794775280204683e-05,5.4985043987987314e-05,2.3055059999993925e-05,9.283487926818592e-05,0.0,Italy,ITA,lombardy,,,Windows-11-10.0.26200-SP0,3.13.13,3.2.6,32,13th Gen Intel(R) Core(TM) i9-13900HX,1,1 x NVIDIA GeForce RTX 4070 Laptop GPU,9.1922,45.4722,31.70067596435547,machine,0.0,55.66666666666666,32.0,10.147380828857422,N,1.0,0.0
2026-05-04T15:08:46,Q39_phi3:mini_SQuAD,cf2f31eb-863a-49ec-b39d-c3e8349e6516,5b0fa12a-3dd7-45bb-9766-cc326314d9f1,4.962558100000024,3.058805715833726e-05,6.16376806920147e-06,12.8519473088,37.61417754558117,20.0,1.5913579251543776e-05,5.181309700599823e-05,2.476317055556541e-05,9.248984681310742e-05,0.0,Italy,ITA,lombardy,,,Windows-11-10.0.26200-SP0,3.13.13,3.2.6,32,13th Gen Intel(R) Core(TM) i9-13900HX,1,1 x NVIDIA GeForce RTX 4070 Laptop GPU,9.1922,45.4722,31.70067596435547,machine,0.0,33.666666666666664,31.933333333333334,10.120152791341146,N,1.0,0.0
2026-05-04T15:08:59,Q39_qwen2.5:7b_SQuAD,b090138e-e1ca-4c91-a2ce-e7186b0057c7,5b0fa12a-3dd7-45bb-9766-cc326314d9f1,8.464621799997985,6.266640291415001e-05,7.4033317016201395e-06,12.838262676114288,49.704274089233465,20.0,2.8396193972699835e-05,0.000116853704594,4.4236016666662985e-05,0.0001894859152333,0.0,Italy,ITA,lombardy,,,Windows-11-10.0.26200-SP0,3.13.13,3.2.6,32,13th Gen Intel(R) Core(TM) i9-13900HX,1,1 x NVIDIA GeForce RTX 4070 Laptop GPU,9.1922,45.4722,31.70067596435547,machine,0.0,56.333333333333336,32.45,10.284241994222006,N,1.0,0.0
2026-05-04T15:09:22,Q39_mistral:latest _SQuAD,f440e204-5036-4734-a407-c9775f4ca76a,5b0fa12a-3dd7-45bb-9766-cc326314d9f1,7.938866899999994,6.532194567075555e-05,8.228119515488489e-06,12.832555931428573,58.83766837012978,20.0,2.650346131601805e-05,0.000129706770432,4.1305312222236046e-05,0.0001975155439702,0.0,Italy,ITA,lombardy,,,Windows-11-10.0.26200-SP0,3.13.13,3.2.6,32,13th Gen Intel(R) Core(TM) i9-13900HX,1,1 x NVIDIA GeForce RTX 4070 Laptop GPU,9.1922,45.4722,31.70067596435547,machine,0.0,76.5,32.083333333333336,10.166022618611654,N,1.0,0.0
2026-05-04T15:09:46,Q40_phi3:mini_GSM8K,341ffe62-201e-4109-bc92-621002c2f4d2,5b0fa12a-3dd7-45bb-9766-cc326314d9f1,9.208055899998726,7.960676094480474e-05,8.64533858279637e-06,12.82135124,63.08320528246578,20.0,3.100639011922627e-05,0.000161336795736,4.836569888888738e-05,0.0002407088847441,0.0,Italy,ITA,lombardy,,,Windows-11-10.0.26200-SP0,3.13.13,3.2.6,32,13th Gen Intel(R) Core(TM) i9-13900HX,1,1 x NVIDIA GeForce RTX 4070 Laptop GPU,9.1922,45.4722,31.70067596435547,machine,0.0,78.42857142857143,31.885714285714283,10.106668199811663,N,1.0,0.0
2026-05-04T15:10:12,Q40_qwen2.5:7b_GSM8K,6c315be6-7ba7-4b8a-8c5f-a8fd65aa07e7,5b0fa12a-3dd7-45bb-9766-cc326314d9f1,10.363314700000046,7.989682220986079e-05,7.709581781769151e-06,12.8305147136,52.68859977175373,20.0,3.514430199856413e-05,0.0001516601213279,5.478152666667787e-05,0.0002415859499932,0.0,Italy,ITA,lombardy,,,Windows-11-10.0.26200-SP0,3.13.13,3.2.6,32,13th Gen Intel(R) Core(TM) i9-13900HX,1,1 x NVIDIA GeForce RTX 4070 Laptop GPU,9.1922,45.4722,31.70067596435547,machine,0.0,66.125,32.65,10.348185062408447,N,1.0,0.0
2026-05-04T15:10:36,Q40_mistral:latest _GSM8K,a819dff4-82f2-462d-9e9d-4723e5b6fdb2,5b0fa12a-3dd7-45bb-9766-cc326314d9f1,9.13250600000174,7.921723488257427e-05,8.674205621387949e-06,12.8355117104,63.40170182647294,20.0,3.0769615621187474e-05,0.00016081818421,4.7943265555558254e-05,0.0002395310653867,0.0,Italy,ITA,lombardy,,,Windows-11-10.0.26200-SP0,3.13.13,3.2.6,32,13th Gen Intel(R) Core(TM) i9-13900HX,1,1 x NVIDIA GeForce RTX 4070 Laptop GPU,9.1922,45.4722,31.70067596435547,machine,0.0,78.0,31.9,10.106476375034877,N,1.0,0.0
2026-05-04T15:11:00,Q41_phi3:mini_HellaSwag,dc357c29-5847-4d9f-8231-9da45c789dd3,5b0fa12a-3dd7-45bb-9766-cc326314d9f1,9.264776200001506,8.118540240920388e-05,8.762802323189487e-06,12.827208339200002,64.35390925351653,20.0,3.121881191022305e-05,0.000165588743582,4.867470555555985e-05,0.0002454822610477,0.0,Italy,ITA,lombardy,,,Windows-11-10.0.26200-SP0,3.13.13,3.2.6,32,13th Gen Intel(R) Core(TM) i9-13900HX,1,1 x NVIDIA GeForce RTX 4070 Laptop GPU,9.1922,45.4722,31.70067596435547,machine,0.0,72.28571428571429,31.9,10.113079616001674,N,1.0,0.0
2026-05-04T15:11:24,Q41_qwen2.5:7b_HellaSwag,6261135b-9b69-42a4-ad81-077de363f9e9,5b0fa12a-3dd7-45bb-9766-cc326314d9f1,8.537782899999002,6.400782446384294e-05,7.497007737670447e-06,12.82619358354286,50.71702341012698,20.0,2.8630378850118945e-05,0.0001202695406599,4.464208444444214e-05,0.0001935420039545,0.0,Italy,ITA,lombardy,,,Windows-11-10.0.26200-SP0,3.13.13,3.2.6,32,13th Gen Intel(R) Core(TM) i9-13900HX,1,1 x NVIDIA GeForce RTX 4070 Laptop GPU,9.1922,45.4722,31.70067596435547,machine,0.0,33.0,32.68333333333333,10.358814239501951,N,1.0,0.0
2026-05-04T15:11:47,Q41_mistral:latest _HellaSwag,02dbe3ea-ac46-4c9e-b16c-0acb7bd56ffc,5b0fa12a-3dd7-45bb-9766-cc326314d9f1,7.971407299999555,6.442165549474933e-05,8.081591251114834e-06,12.829719098514287,57.21539250924808,20.0,2.66202501582205e-05,0.0001266762124519,4.149685222220999e-05,0.0001947933148324,0.0,Italy,ITA,lombardy,,,Windows-11-10.0.26200-SP0,3.13.13,3.2.6,32,13th Gen Intel(R) Core(TM) i9-13900HX,1,1 x NVIDIA GeForce RTX 4070 Laptop GPU,9.1922,45.4722,31.70067596435547,machine,0.0,74.0,32.28333333333333,10.231667836507162,N,1.0,0.0
2026-05-04T15:12:07,Q42_phi3:mini_SQuAD,0f5ef878-df58-409e-9a6c-e9f3ccd045db,5b0fa12a-3dd7-45bb-9766-cc326314d9f1,4.945749900001829,3.5032557690291936e-05,7.083366203025952e-06,12.832329814400005,47.6287611125333,20.0,1.583514525093435e-05,6.541421899800004e-05,2.467942611110629e-05,0.00010592879036,0.0,Italy,ITA,lombardy,,,Windows-11-10.0.26200-SP0,3.13.13,3.2.6,32,13th Gen Intel(R) Core(TM) i9-13900HX,1,1 x NVIDIA GeForce RTX 4070 Laptop GPU,9.1922,45.4722,31.70067596435547,machine,0.0,44.0,31.866666666666664,10.105303446451822,N,1.0,0.0
2026-05-04T15:12:28,Q42_qwen2.5:7b_SQuAD,c534533c-a727-4559-a5fc-6714aa7f9bd2,5b0fa12a-3dd7-45bb-9766-cc326314d9f1,5.776055800000904,3.542015269515812e-05,6.132238662783101e-06,12.84842088704,36.768237390194265,20.0,1.882187910309671e-05,5.898143607399597e-05,2.9297455555549983e-05,0.0001071007707326,0.0,Italy,ITA,lombardy,,,Windows-11-10.0.26200-SP0,3.13.13,3.2.6,32,13th Gen Intel(R) Core(TM) i9-13900HX,1,1 x NVIDIA GeForce RTX 4070 Laptop GPU,9.1922,45.4722,31.70067596435547,machine,0.0,36.0,32.7,10.36825466156006,N,1.0,0.0
2026-05-04T15:12:48,Q42_mistral:latest _SQuAD,37b9df01-193a-4d5b-bbaf-b73e5059be7f,5b0fa12a-3dd7-45bb-9766-cc326314d9f1,5.148022099998343,3.5427173142005065e-05,6.881705721895884e-06,12.82956824,45.29435146093261,20.0,1.6555856820364638e-05,6.475866291799637e-05,2.580747888888356e-05,0.0001071219986272,0.0,Italy,ITA,lombardy,,,Windows-11-10.0.26200-SP0,3.13.13,3.2.6,32,13th Gen Intel(R) Core(TM) i9-13900HX,1,1 x NVIDIA GeForce RTX 4070 Laptop GPU,9.1922,45.4722,31.70067596435547,machine,0.0,44.66666666666666,32.13333333333333,10.184276580810549,N,1.0,0.0
2026-05-04T15:12:58,Q43_phi3:mini_GSM8K,02c3c090-42a1-4708-b4ec-74fdd4983e30,5b0fa12a-3dd7-45bb-9766-cc326314d9f1,5.229853799999546,3.825960002819429e-05,7.315615596787354e-06,12.832883206400002,49.96420306664647,20.0,1.685240423134251e-05,7.257061361198858e-05,2.62634583333339e-05,0.0001156864761766,0.0,Italy,ITA,lombardy,,,Windows-11-10.0.26200-SP0,3.13.13,3.2.6,32,13th Gen Intel(R) Core(TM) i9-13900HX,1,1 x NVIDIA GeForce RTX 4070 Laptop GPU,9.1922,45.4722,31.70067596435547,machine,0.0,35.0,32.13333333333333,10.186651865641275,N,1.0,0.0
2026-05-04T15:13:23,Q43_qwen2.5:7b_GSM8K,b84dc246-d87f-4ebc-b014-4e349ad06ea3,5b0fa12a-3dd7-45bb-9766-cc326314d9f1,9.876377799999318,7.856882667883639e-05,7.955226933384606e-06,12.823724608,55.44684135649204,20.0,3.339273950303301e-05,0.0001520990105679,5.207870777776407e-05,0.0002375704578487,0.0,Italy,ITA,lombardy,,,Windows-11-10.0.26200-SP0,3.13.13,3.2.6,32,13th Gen Intel(R) Core(TM) i9-13900HX,1,1 x NVIDIA GeForce RTX 4070 Laptop GPU,9.1922,45.4722,31.70067596435547,machine,0.0,64.0,32.7125,10.361950397491457,N,1.0,0.0
2026-05-04T15:13:45,Q43_mistral:latest _GSM8K,b1bdadd4-6e60-4c77-ae8f-fb94caf8ce0f,5b0fa12a-3dd7-45bb-9766-cc326314d9f1,7.0465558000032615,5.4942938177971234e-05,7.797133768236932e-06,12.8449231808,54.375972274344,20.0,2.3351431664572848e-05,0.0001064225851379,3.635827166668201e-05,0.0001661322884692,0.0,Italy,ITA,lombardy,,,Windows-11-10.0.26200-SP0,3.13.13,3.2.6,32,13th Gen Intel(R) Core(TM) i9-13900HX,1,1 x NVIDIA GeForce RTX 4070 Laptop GPU,9.1922,45.4722,31.70067596435547,machine,0.0,68.8,31.96,10.12597885131836,N,1.0,0.0
2026-05-04T15:14:06,Q44_phi3:mini_GSM8K,52c445d1-111c-465e-b386-c1816b362aa7,5b0fa12a-3dd7-45bb-9766-cc326314d9f1,5.695789699999295,4.162629041222775e-05,7.308256204092806e-06,12.852141478400002,49.6084287988213,20.0,1.854176416166209e-05,7.847200722199688e-05,2.885264777776481e-05,0.0001258664191614,0.0,Italy,ITA,lombardy,,,Windows-11-10.0.26200-SP0,3.13.13,3.2.6,32,13th Gen Intel(R) Core(TM) i9-13900HX,1,1 x NVIDIA GeForce RTX 4070 Laptop GPU,9.1922,45.4722,31.70067596435547,machine,0.0,60.75,31.85,10.086315155029297,N,1.0,0.0
2026-05-04T15:14:34,Q44_qwen2.5:7b_GSM8K,361c28f3-029b-48bf-8242-9c0074639c95,5b0fa12a-3dd7-45bb-9766-cc326314d9f1,12.956334099999369,0.000108260751922,8.35581662887898e-06,12.863151334400005,59.37012102644392,20.0,4.450031858509664e-05,0.000213660726484,6.918960388888485e-05,0.0003273506489579,0.0,Italy,ITA,lombardy,,,Windows-11-10.0.26200-SP0,3.13.13,3.2.6,32,13th Gen Intel(R) Core(TM) i9-13900HX,1,1 x NVIDIA GeForce RTX 4070 Laptop GPU,9.1922,45.4722,31.70067596435547,machine,1.518181818181818,75.18181818181819,32.85454545454546,10.419145757501775,N,1.0,0.0
2026-05-04T15:15:02,Q44_mistral:latest _GSM8K,b46d78fe-33d7-4470-9a43-9f860262799a,5b0fa12a-3dd7-45bb-9766-cc326314d9f1,13.493532200001937,0.0001279813923895,9.484647199312432e-06,12.8285737952,71.66163359172901,20.0,4.628560187056156e-05,0.000268535770384,7.215905333333568e-05,0.0003869804255879,0.0,Italy,ITA,lombardy,,,Windows-11-10.0.26200-SP0,3.13.13,3.2.6,32,13th Gen Intel(R) Core(TM) i9-13900HX,1,1 x NVIDIA GeForce RTX 4070 Laptop GPU,9.1922,45.4722,31.70067596435547,machine,0.0,83.63636363636364,32.13636363636363,10.192086306485264,N,1.0,0.0
2026-05-04T15:15:26,Q45_phi3:mini_HellaSwag,7150842f-4d75-44a5-8e42-cd38982338b0,5b0fa12a-3dd7-45bb-9766-cc326314d9f1,9.16362350000054,7.760776130409641e-05,8.469112824647568e-06,12.825462540800002,61.172372791788135,20.0,3.085711450145831e-05,0.0001556898467739,4.811749999999948e-05,0.0002346644612754,0.0,Italy,ITA,lombardy,,,Windows-11-10.0.26200-SP0,3.13.13,3.2.6,32,13th Gen Intel(R) Core(TM) i9-13900HX,1,1 x NVIDIA GeForce RTX 4070 Laptop GPU,9.1922,45.4722,31.70067596435547,machine,4.757142857142857,76.0,31.714285714285715,10.062824249267578,N,1.0,0.0
2026-05-04T15:15:49,Q45_qwen2.5:7b_HellaSwag,bc44121e-d100-4d04-a335-7329e7e102fc,5b0fa12a-3dd7-45bb-9766-cc326314d9f1,7.668043900001066,5.7291544283512125e-05,7.471467955928651e-06,12.847116240457144,50.66190449408598,20.0,2.556452692476016e-05,0.000107872586298,3.979671222221239e-05,0.0001732338254449,0.0,Italy,ITA,lombardy,,,Windows-11-10.0.26200-SP0,3.13.13,3.2.6,32,13th Gen Intel(R) Core(TM) i9-13900HX,1,1 x NVIDIA GeForce RTX 4070 Laptop GPU,9.1922,45.4722,31.70067596435547,machine,0.0,42.66666666666666,32.35,10.252065658569336,N,1.0,0.0
2026-05-04T15:16:11,Q45_mistral:latest _HellaSwag,dbce7c4e-57d5-4fa7-8388-bf0002af5b93,5b0fa12a-3dd7-45bb-9766-cc326314d9f1,6.890736899997137,4.939183339104832e-05,7.167859418790005e-06,12.827228729600002,47.59682551017979,20.0,2.276372993935807e-05,9.109146176200512e-05,3.549208722221617e-05,0.0001493472789235,0.0,Italy,ITA,lombardy,,,Windows-11-10.0.26200-SP0,3.13.13,3.2.6,32,13th Gen Intel(R) Core(TM) i9-13900HX,1,1 x NVIDIA GeForce RTX 4070 Laptop GPU,9.1922,45.4722,31.70067596435547,machine,0.0,69.6,31.880000000000003,10.107014465332032,N,1.0,0.0
2026-05-04T15:16:35,Q46_phi3:mini_GSM8K,b3b88106-02bc-44a9-b51f-c11904e5df0b,5b0fa12a-3dd7-45bb-9766-cc326314d9f1,9.197121600001992,7.873112321721343e-05,8.56040907594354e-06,12.8304939008,62.17425631067769,20.0,3.098079355654339e-05,0.0001587887381419,4.829166611111254e-05,0.0002380611978096,0.0,Italy,ITA,lombardy,,,Windows-11-10.0.26200-SP0,3.13.13,3.2.6,32,13th Gen Intel(R) Core(TM) i9-13900HX,1,1 x NVIDIA GeForce RTX 4070 Laptop GPU,9.1922,45.4722,31.70067596435547,machine,7.142857142857143,76.0,31.728571428571428,10.063467298235212,N,1.0,0.0
2026-05-04T15:17:02,Q46_qwen2.5:7b_GSM8K,5ca73dca-63a5-4996-b665-1aab526774c3,5b0fa12a-3dd7-45bb-9766-cc326314d9f1,12.14955149999878,0.0001007873448391,8.295560938128708e-06,12.838513475490911,58.82601298477017,20.0,4.1535630967894674e-05,0.0001985134921439,6.470400444444143e-05,0.0003047531275563,0.0,Italy,ITA,lombardy,,,Windows-11-10.0.26200-SP0,3.13.13,3.2.6,32,13th Gen Intel(R) Core(TM) i9-13900HX,1,1 x NVIDIA GeForce RTX 4070 Laptop GPU,9.1922,45.4722,31.70067596435547,machine,0.0,67.4,32.77,10.383506393432617,N,1.0,0.0
2026-05-04T15:17:27,Q46_mistral:latest _GSM8K,085e4b4f-4cb8-4db3-a3b9-ebeafb5ca200,5b0fa12a-3dd7-45bb-9766-cc326314d9f1,9.853887499997654,8.531864034604279e-05,8.65837369729085e-06,12.8386953728,63.09233771516448,20.0,3.3351173120354166e-05,0.0001726759714739,5.195288777777023e-05,0.0002579800323721,0.0,Italy,ITA,lombardy,,,Windows-11-10.0.26200-SP0,3.13.13,3.2.6,32,13th Gen Intel(R) Core(TM) i9-13900HX,1,1 x NVIDIA GeForce RTX 4070 Laptop GPU,9.1922,45.4722,31.70067596435547,machine,0.0,84.75,31.95,10.116429328918455,N,1.0,0.0
2026-05-04T15:17:49,Q47_phi3:mini_GSM8K,29e3a676-0124-4279-9af7-18283f7a54fa,5b0fa12a-3dd7-45bb-9766-cc326314d9f1,6.28587559999869,4.6575621640656886e-05,7.4095678318334195e-06,12.84104105984,50.44429364104258,20.0,2.063057101592984e-05,8.806979267798887e-05,3.21314677777789e-05,0.0001408318314716,0.0,Italy,ITA,lombardy,,,Windows-11-10.0.26200-SP0,3.13.13,3.2.6,32,13th Gen Intel(R) Core(TM) i9-13900HX,1,1 x NVIDIA GeForce RTX 4070 Laptop GPU,9.1922,45.4722,31.70067596435547,machine,6.25,62.25,31.75,10.054311752319336,N,1.0,0.0
2026-05-04T15:18:11,Q47_qwen2.5:7b_GSM8K,5bc5a397-8eca-4cf2-8857-ef8beea76da4,5b0fa12a-3dd7-45bb-9766-cc326314d9f1,7.392218400000274,4.840425394552027e-05,6.548001063593911e-06,12.829082393600002,40.68573420442348,20.0,2.4553270400580165e-05,8.353117793601095e-05,3.8276662777773e-05,0.0001463611111143,0.0,Italy,ITA,lombardy,,,Windows-11-10.0.26200-SP0,3.13.13,3.2.6,32,13th Gen Intel(R) Core(TM) i9-13900HX,1,1 x NVIDIA GeForce RTX 4070 Laptop GPU,9.1922,45.4722,31.70067596435547,machine,0.0,49.6,32.46,10.29886703491211,N,1.0,0.0
2026-05-04T15:18:35,Q47_mistral:latest _GSM8K,2a69bed7-a115-4277-bff0-b780ae1fbd03,5b0fa12a-3dd7-45bb-9766-cc326314d9f1,8.585658399999375,7.245421063903525e-05,8.438981294555177e-06,12.8857190528,60.92254465098896,20.0,2.89298767470858e-05,0.0001452501162,4.4901552777769714e-05,0.0002190815457248,0.0,Italy,ITA,lombardy,,,Windows-11-10.0.26200-SP0,3.13.13,3.2.6,32,13th Gen Intel(R) Core(TM) i9-13900HX,1,1 x NVIDIA GeForce RTX 4070 Laptop GPU,9.1922,45.4722,31.70067596435547,machine,0.0,77.42857142857143,32.34285714285714,10.251352037702288,N,1.0,0.0
2026-05-04T15:18:59,Q48_phi3:mini_HellaSwag,2fd6212d-f315-4d5f-a6e9-20ded68b0737,5b0fa12a-3dd7-45bb-9766-cc326314d9f1,9.169700799997372,7.817398505910237e-05,8.525249270851321e-06,12.8464007168,61.7972221974105,20.0,3.0916078737215e-05,0.000157329570308,4.81309166666607e-05,0.0002363765657118,0.0,Italy,ITA,lombardy,,,Windows-11-10.0.26200-SP0,3.13.13,3.2.6,32,13th Gen Intel(R) Core(TM) i9-13900HX,1,1 x NVIDIA GeForce RTX 4070 Laptop GPU,9.1922,45.4722,31.70067596435547,machine,0.0,70.28571428571429,32.17142857142857,10.198958260672432,N,1.0,0.0
2026-05-04T15:19:21,Q48_qwen2.5:7b_HellaSwag,67438f90-15da-4481-a5af-cdef41e523bd,5b0fa12a-3dd7-45bb-9766-cc326314d9f1,6.631996799998888,4.208572803346518e-05,6.345860726813415e-06,12.8325475328,38.7354401753395,20.0,2.1851556374520743e-05,7.134950152400121e-05,3.405457388887751e-05,0.0001272556317873,0.0,Italy,ITA,lombardy,,,Windows-11-10.0.26200-SP0,3.13.13,3.2.6,32,13th Gen Intel(R) Core(TM) i9-13900HX,1,1 x NVIDIA GeForce RTX 4070 Laptop GPU,9.1922,45.4722,31.70067596435547,machine,5.46,48.2,32.62,10.343390655517576,N,1.0,0.0
2026-05-04T15:19:42,Q48_mistral:latest _HellaSwag,3a4ec6c6-607f-42f6-bbae-18a6daddf8ac,5b0fa12a-3dd7-45bb-9766-cc326314d9f1,5.698777499997959,4.011313202285056e-05,7.038901242040933e-06,12.831785984,46.69468957279458,20.0,1.852129260130827e-05,7.390283690000832e-05,2.8866916111110184e-05,0.0001212910456124,0.0,Italy,ITA,lombardy,,,Windows-11-10.0.26200-SP0,3.13.13,3.2.6,32,13th Gen Intel(R) Core(TM) i9-13900HX,1,1 x NVIDIA GeForce RTX 4070 Laptop GPU,9.1922,45.4722,31.70067596435547,machine,0.0,41.0,31.825,10.085101127624512,N,1.0,0.0
2026-05-04T15:20:06,Q49_phi3:mini_GSM8K,ebc855e6-77d4-4e04-bfaa-9bad63f3cbdf,5b0fa12a-3dd7-45bb-9766-cc326314d9f1,9.176067200001851,8.171674654299766e-05,8.905421545188896e-06,12.8314985888,65.90717584768309,20.0,3.091872197069462e-05,0.0001679790232719,4.819115388889057e-05,0.0002470888991315,0.0,Italy,ITA,lombardy,,,Windows-11-10.0.26200-SP0,3.13.13,3.2.6,32,13th Gen Intel(R) Core(TM) i9-13900HX,1,1 x NVIDIA GeForce RTX 4070 Laptop GPU,9.1922,45.4722,31.70067596435547,machine,0.0,79.28571428571429,31.9,10.115009307861328,N,1.0,0.0
2026-05-04T15:20:33,Q49_qwen2.5:7b_GSM8K,eb65a488-0dbb-4dd7-8262-fcae6db9684b,5b0fa12a-3dd7-45bb-9766-cc326314d9f1,11.956714899999495,9.791924932433018e-05,8.189477640245005e-06,12.838659758545454,57.71454904667895,20.0,4.083934517031122e-05,0.000191623486632,6.361796611110751e-05,0.0002960807979134,0.0,Italy,ITA,lombardy,,,Windows-11-10.0.26200-SP0,3.13.13,3.2.6,32,13th Gen Intel(R) Core(TM) i9-13900HX,1,1 x NVIDIA GeForce RTX 4070 Laptop GPU,9.1922,45.4722,31.70067596435547,machine,0.0,74.0,32.59,10.32720184326172,N,1.0,0.0
2026-05-04T15:20:57,Q49_mistral:latest _GSM8K,84d78149-094a-4c1a-9b9e-a115d9ce0fd6,5b0fa12a-3dd7-45bb-9766-cc326314d9f1,9.58084020000024,8.379054153827395e-05,8.745636060005662e-06,12.826946752,64.11637516185868,20.0,3.234217886960395e-05,0.0001705901364719,5.0427167777787774e-05,0.0002533594831193,0.0,Italy,ITA,lombardy,,,Windows-11-10.0.26200-SP0,3.13.13,3.2.6,32,13th Gen Intel(R) Core(TM) i9-13900HX,1,1 x NVIDIA GeForce RTX 4070 Laptop GPU,9.1922,45.4722,31.70067596435547,machine,0.0,66.125,31.9375,10.120961666107178,N,1.0,0.0
2026-05-04T15:21:22,Q50_phi3:mini_GSM8K,f2d30630-769f-4dc1-accf-80bca73889ad,5b0fa12a-3dd7-45bb-9766-cc326314d9f1,9.267952700000023,8.006921256244828e-05,8.639363530895888e-06,12.828638043200002,62.9945535224363,20.0,3.1239628353757843e-05,0.00016216540751,4.870217500000662e-05,0.0002421072108637,0.0,Italy,ITA,lombardy,,,Windows-11-10.0.26200-SP0,3.13.13,3.2.6,32,13th Gen Intel(R) Core(TM) i9-13900HX,1,1 x NVIDIA GeForce RTX 4070 Laptop GPU,9.1922,45.4722,31.70067596435547,machine,0.0,76.42857142857143,31.857142857142858,10.09922845023019,N,1.0,0.0
2026-05-04T15:21:50,Q50_qwen2.5:7b_GSM8K,d3219e7b-3988-4993-bc33-e1107a9850e6,5b0fa12a-3dd7-45bb-9766-cc326314d9f1,12.655931999997849,0.0001053650098404,8.325345762008559e-06,12.8226428096,59.19556125929525,20.0,4.324677851879984e-05,0.000207895166316,6.745277888888571e-05,0.0003185947237236,0.0,Italy,ITA,lombardy,,,Windows-11-10.0.26200-SP0,3.13.13,3.2.6,32,13th Gen Intel(R) Core(TM) i9-13900HX,1,1 x NVIDIA GeForce RTX 4070 Laptop GPU,9.1922,45.4722,31.70067596435547,machine,0.0,66.0,32.58181818181818,10.326779452237217,N,1.0,0.0
2026-05-04T15:22:15,Q50_mistral:latest _GSM8K,063e7858-415a-4529-90ef-4e3553cbc779,5b0fa12a-3dd7-45bb-9766-cc326314d9f1,10.029304700001376,8.663755357630764e-05,8.638440666409881e-06,12.824220518400002,62.886557026543954,20.0,3.39272359289574e-05,0.0001751306956599,5.291013055555394e-05,0.0002619680621445,0.0,Italy,ITA,lombardy,,,Windows-11-10.0.26200-SP0,3.13.13,3.2.6,32,13th Gen Intel(R) Core(TM) i9-13900HX,1,1 x NVIDIA GeForce RTX 4070 Laptop GPU,9.1922,45.4722,31.70067596435547,machine,0.0,82.0,31.9375,10.119349479675291,N,1.0,0.0
2026-05-04T15:22:39,Q51_phi3:mini_MMLU,1acd0551-8b70-4416-9e25-e27b9f96f019,5b0fa12a-3dd7-45bb-9766-cc326314d9f1,9.134924499998306,7.808543222916387e-05,8.548010684617958e-06,12.834226179200003,62.027963037354645,20.0,3.077585548280803e-05,0.000157374570344,4.795838055554972e-05,0.0002361088063823,0.0,Italy,ITA,lombardy,,,Windows-11-10.0.26200-SP0,3.13.13,3.2.6,32,13th Gen Intel(R) Core(TM) i9-13900HX,1,1 x NVIDIA GeForce RTX 4070 Laptop GPU,9.1922,45.4722,31.70067596435547,machine,0.0,78.71428571428571,32.08571428571429,10.17580795288086,N,1.0,0.0
2026-05-04T15:23:13,Q51_qwen2.5:7b_MMLU,b8e4f7c6-64ff-45a8-8416-4b1e786c5135,5b0fa12a-3dd7-45bb-9766-cc326314d9f1,9.508803599997918,7.126528095913962e-05,7.494663257021653e-06,12.8613337184,50.46489887557942,20.0,3.2175219284354295e-05,0.000133278439956,5.0032891111105625e-05,0.0002154865503514,0.0,Italy,ITA,lombardy,,,Windows-11-10.0.26200-SP0,3.13.13,3.2.6,32,13th Gen Intel(R) Core(TM) i9-13900HX,1,1 x NVIDIA GeForce RTX 4070 Laptop GPU,9.1922,45.4722,31.70067596435547,machine,0.0,63.0,33.1,10.494202205113002,N,1.0,0.0
2026-05-04T15:23:35,Q51_mistral:latest _MMLU,e43e4b86-51f9-48f4-97cf-27467dbdde69,5b0fa12a-3dd7-45bb-9766-cc326314d9f1,6.961237899999105,5.290683478924204e-05,7.600204956254812e-06,12.8269141184,52.29900105358284,20.0,2.30095092962404e-05,0.000101090636428,3.587552777777698e-05,0.000159975673502,0.0,Italy,ITA,lombardy,,,Windows-11-10.0.26200-SP0,3.13.13,3.2.6,32,13th Gen Intel(R) Core(TM) i9-13900HX,1,1 x NVIDIA GeForce RTX 4070 Laptop GPU,9.1922,45.4722,31.70067596435547,machine,0.0,69.0,32.18,10.201799011230468,N,1.0,0.0
2026-05-04T15:23:56,Q52_phi3:mini_MMLU,fc49afaa-59d0-4fa6-a956-8a7d8d2559bf,5b0fa12a-3dd7-45bb-9766-cc326314d9f1,5.851016600001458,4.307490547356713e-05,7.361952361160007e-06,12.84109151744,50.15857640374322,20.0,1.9069870198933e-05,8.147673184799586e-05,2.9700029444453928e-05,0.0001302466314913,0.0,Italy,ITA,lombardy,,,Windows-11-10.0.26200-SP0,3.13.13,3.2.6,32,13th Gen Intel(R) Core(TM) i9-13900HX,1,1 x NVIDIA GeForce RTX 4070 Laptop GPU,9.1922,45.4722,31.70067596435547,machine,0.0,61.0,32.125,10.184038162231444,N,1.0,0.0
2026-05-04T15:24:20,Q52_qwen2.5:7b_MMLU,02098259-372a-4f3b-a834-bcee3c067b8f,5b0fa12a-3dd7-45bb-9766-cc326314d9f1,8.455247400001099,6.416339382211256e-05,7.58858857543355e-06,12.823607458742858,51.733830036375046,20.0,2.8331764471865728e-05,0.0001214945416399,4.418609666667584e-05,0.0001940124027785,0.0,Italy,ITA,lombardy,,,Windows-11-10.0.26200-SP0,3.13.13,3.2.6,32,13th Gen Intel(R) Core(TM) i9-13900HX,1,1 x NVIDIA GeForce RTX 4070 Laptop GPU,9.1922,45.4722,31.70067596435547,machine,0.0,55.833333333333336,32.65,10.348658243815104,N,1.0,0.0
2026-05-04T15:24:43,Q52_mistral:latest _MMLU,a80af7c5-9048-4fef-89fb-eaea735040d6,5b0fa12a-3dd7-45bb-9766-cc326314d9f1,8.554757699999755,7.220860408398719e-05,8.440753860742223e-06,12.82905549714286,61.02605919742464,20.0,2.868302552463317e-05,0.0001449415048419,4.471436888889002e-05,0.0002183388992555,0.0,Italy,ITA,lombardy,,,Windows-11-10.0.26200-SP0,3.13.13,3.2.6,32,13th Gen Intel(R) Core(TM) i9-13900HX,1,1 x NVIDIA GeForce RTX 4070 Laptop GPU,9.1922,45.4722,31.70067596435547,machine,0.0,80.66666666666667,31.98333333333333,10.139235814412435,N,1.0,0.0
2026-05-04T15:25:08,Q53_phi3:mini_HumanEval,e8f9c3ad-c6f5-44dc-b4fa-897564469204,5b0fa12a-3dd7-45bb-9766-cc326314d9f1,9.30062949999774,8.05721349130929e-05,8.663084032442373e-06,12.8323403264,63.25193144785564,20.0,3.136041471376751e-05,0.000163391519602,4.887597499998972e-05,0.0002436279093157,0.0,Italy,ITA,lombardy,,,Windows-11-10.0.26200-SP0,3.13.13,3.2.6,32,13th Gen Intel(R) Core(TM) i9-13900HX,1,1 x NVIDIA GeForce RTX 4070 Laptop GPU,9.1922,45.4722,31.70067596435547,machine,0.0,76.14285714285714,32.0,10.15245873587472,N,1.0,0.0
2026-05-04T15:25:35,Q53_qwen2.5:7b_HumanEval,2fe33b24-d962-446a-9599-2a8cffe842c0,5b0fa12a-3dd7-45bb-9766-cc326314d9f1,12.538028800001484,0.0001069547582388,8.530428502354718e-06,12.825687411200002,61.364923602017285,20.0,4.287364339345923e-05,0.000213673226494,6.685481444443818e-05,0.0003234016843318,0.0,Italy,ITA,lombardy,,,Windows-11-10.0.26200-SP0,3.13.13,3.2.6,32,13th Gen Intel(R) Core(TM) i9-13900HX,1,1 x NVIDIA GeForce RTX 4070 Laptop GPU,9.1922,45.4722,31.70067596435547,machine,0.0,62.3,32.7,10.364043045043946,N,1.0,0.0
2026-05-04T15:26:00,Q53_mistral:latest _HumanEval,0d8d139a-ac97-48c7-a60b-1192599548fd,5b0fa12a-3dd7-45bb-9766-cc326314d9f1,9.586540199998126,8.335935973667022e-05,8.695458215121918e-06,12.817286656,63.56315751239262,20.0,3.234302401199407e-05,0.0001692456909519,5.046699333332881e-05,0.0002520557082973,0.0,Italy,ITA,lombardy,,,Windows-11-10.0.26200-SP0,3.13.13,3.2.6,32,13th Gen Intel(R) Core(TM) i9-13900HX,1,1 x NVIDIA GeForce RTX 4070 Laptop GPU,9.1922,45.4722,31.70067596435547,machine,0.0,81.0,32.075,10.164012432098389,N,1.0,0.0
2026-05-04T15:26:24,Q54_phi3:mini_HellaSwag,9fd27797-5417-48e0-b382-bb6061095e9e,5b0fa12a-3dd7-45bb-9766-cc326314d9f1,9.19842410000274,7.669069302594392e-05,8.337373031748023e-06,12.821670113600002,59.78988261346806,20.0,3.095140765624914e-05,0.00015266123324,4.8278858888887855e-05,0.0002318914997851,0.0,Italy,ITA,lombardy,,,Windows-11-10.0.26200-SP0,3.13.13,3.2.6,32,13th Gen Intel(R) Core(TM) i9-13900HX,1,1 x NVIDIA GeForce RTX 4070 Laptop GPU,9.1922,45.4722,31.70067596435547,machine,0.0,83.14285714285714,32.5,10.305958339146205,N,1.0,0.0
2026-05-04T15:26:48,Q54_qwen2.5:7b_HellaSwag,3180277b-77e5-4c37-80a3-bd409f963172,5b0fa12a-3dd7-45bb-9766-cc326314d9f1,8.62669889999961,6.407825064725293e-05,7.427899291495594e-06,12.824571540800004,49.94514397743768,20.0,2.8944106455619144e-05,0.000119673429072,4.5137417777772905e-05,0.0001937549533053,0.0,Italy,ITA,lombardy,,,Windows-11-10.0.26200-SP0,3.13.13,3.2.6,32,13th Gen Intel(R) Core(TM) i9-13900HX,1,1 x NVIDIA GeForce RTX 4070 Laptop GPU,9.1922,45.4722,31.70067596435547,machine,0.0,59.42857142857143,33.3,10.556763785226003,N,1.0,0.0
2026-05-04T15:27:09,Q54_mistral:latest _HellaSwag,6c6dceff-a316-425c-b105-43cd4ea9f06c,5b0fa12a-3dd7-45bb-9766-cc326314d9f1,5.784574499997689,4.209517967935319e-05,7.277143665341334e-06,12.862370385920002,49.22426688197306,20.0,1.8869937697671767e-05,7.907450770400226e-05,2.9339765555555965e-05,0.0001272842109572,0.0,Italy,ITA,lombardy,,,Windows-11-10.0.26200-SP0,3.13.13,3.2.6,32,13th Gen Intel(R) Core(TM) i9-13900HX,1,1 x NVIDIA GeForce RTX 4070 Laptop GPU,9.1922,45.4722,31.70067596435547,machine,0.0,25.5,32.85,10.417043685913086,N,1.0,0.0
2026-05-04T15:27:29,Q55_phi3:mini_MMLU,05cd3aac-0f4a-4b3a-b486-38d6753ecfdf,5b0fa12a-3dd7-45bb-9766-cc326314d9f1,4.718078499998228,2.7988882765746427e-05,5.932263052799342e-06,12.8296384256,35.25097188300451,20.0,1.5023632398106809e-05,4.618753695000144e-05,2.3419491111093925e-05,8.463066045920217e-05,0.0,Italy,ITA,lombardy,,,Windows-11-10.0.26200-SP0,3.13.13,3.2.6,32,13th Gen Intel(R) Core(TM) i9-13900HX,1,1 x NVIDIA GeForce RTX 4070 Laptop GPU,9.1922,45.4722,31.70067596435547,machine,0.0,55.0,32.43333333333333,10.27950922648112,N,1.0,0.0
2026-05-04T15:27:50,Q55_qwen2.5:7b_MMLU,72246fdb-59d1-432d-8f09-7ad6fa455955,5b0fa12a-3dd7-45bb-9766-cc326314d9f1,6.4440317999979015,3.916392823116671e-05,6.077550429093081e-06,12.8471178368,35.92256632055828,20.0,2.118874324034464e-05,6.424782917599514e-05,3.298434277777334e-05,0.0001184209151941,0.0,Italy,ITA,lombardy,,,Windows-11-10.0.26200-SP0,3.13.13,3.2.6,32,13th Gen Intel(R) Core(TM) i9-13900HX,1,1 x NVIDIA GeForce RTX 4070 Laptop GPU,9.1922,45.4722,31.70067596435547,machine,0.0,17.75,32.65,10.358542442321776,N,1.0,0.0
2026-05-04T15:28:10,Q55_mistral:latest _MMLU,1cd11614-a283-41c8-b66e-a461399b5b97,5b0fa12a-3dd7-45bb-9766-cc326314d9f1,5.2357918999987305,3.3780369727656306e-05,6.451816720917517e-06,12.8404265888,40.57512095947816,20.0,1.6877926097240393e-05,5.897726940398696e-05,2.628732388887632e-05,0.0001021425193901,0.0,Italy,ITA,lombardy,,,Windows-11-10.0.26200-SP0,3.13.13,3.2.6,32,13th Gen Intel(R) Core(TM) i9-13900HX,1,1 x NVIDIA GeForce RTX 4070 Laptop GPU,9.1922,45.4722,31.70067596435547,machine,0.0,42.66666666666666,32.43333333333334,10.284968058268229,N,1.0,0.0
2026-05-04T15:28:24,Q56_phi3:mini_GSM8K,e195535d-ad2e-4039-9427-43eadcd7cde1,5b0fa12a-3dd7-45bb-9766-cc326314d9f1,9.12645809999958,7.6119264462468e-05,8.340504457306553e-06,12.820227291200002,59.78261072250719,20.0,3.071281454636705e-05,0.000151538454564,4.7912388333336114e-05,0.0002301636574437,0.0,Italy,ITA,lombardy,,,Windows-11-10.0.26200-SP0,3.13.13,3.2.6,32,13th Gen Intel(R) Core(TM) i9-13900HX,1,1 x NVIDIA GeForce RTX 4070 Laptop GPU,9.1922,45.4722,31.70067596435547,machine,0.0,70.0,32.285714285714285,10.23947525024414,N,1.0,0.0
2026-05-04T15:28:48,Q56_qwen2.5:7b_GSM8K,3831616d-c2c7-4c49-9eb4-f74086a965e6,5b0fa12a-3dd7-45bb-9766-cc326314d9f1,8.376778800000466,6.237743234810671e-05,7.446470037874612e-06,12.82054124617143,50.21101518693752,20.0,2.804368005584135e-05,0.000116821204568,4.374726333333254e-05,0.0001886121479571,0.0,Italy,ITA,lombardy,,,Windows-11-10.0.26200-SP0,3.13.13,3.2.6,32,13th Gen Intel(R) Core(TM) i9-13900HX,1,1 x NVIDIA GeForce RTX 4070 Laptop GPU,9.1922,45.4722,31.70067596435547,machine,0.0,56.0,32.800000000000004,10.39955965677897,N,1.0,0.0
2026-05-04T15:29:10,Q56_mistral:latest _GSM8K,fb22de66-c2a5-411e-970f-bf14c1c54404,5b0fa12a-3dd7-45bb-9766-cc326314d9f1,7.347265899999911,5.984817507570777e-05,8.145638920691369e-06,12.8353208384,58.08678469272161,20.0,2.4404261860044454e-05,0.0001185342614939,3.802584833334145e-05,0.0001809643716873,0.0,Italy,ITA,lombardy,,,Windows-11-10.0.26200-SP0,3.13.13,3.2.6,32,13th Gen Intel(R) Core(TM) i9-13900HX,1,1 x NVIDIA GeForce RTX 4070 Laptop GPU,9.1922,45.4722,31.70067596435547,machine,0.0,82.2,32.38,10.263768005371094,N,1.0,0.0
2026-05-04T15:29:29,Q57_phi3:mini_SQuAD,eba8c1ce-5e0e-4aee-a1a0-161159427854,5b0fa12a-3dd7-45bb-9766-cc326314d9f1,3.772592699999224,2.054535261772129e-05,5.445950371935334e-06,12.8515286528,30.806722024595693,20.0,1.1676211734132095e-05,3.22769702659903e-05,1.8170296666661063e-05,6.212347866678346e-05,0.0,Italy,ITA,lombardy,,,Windows-11-10.0.26200-SP0,3.13.13,3.2.6,32,13th Gen Intel(R) Core(TM) i9-13900HX,1,1 x NVIDIA GeForce RTX 4070 Laptop GPU,9.1922,45.4722,31.70067596435547,machine,0.0,3.5,32.25,10.222616195678713,N,1.0,0.0
2026-05-04T15:29:40,Q57_qwen2.5:7b_SQuAD,af2dce6e-0826-41c5-a204-e16b28487770,5b0fa12a-3dd7-45bb-9766-cc326314d9f1,5.521727800001827,3.1804369655304084e-05,5.759858292053723e-06,12.855262016,32.84042633705093,20.0,1.7923683317252886e-05,5.035948473200436e-05,2.7884472222225064e-05,9.61676402714823e-05,0.0,Italy,ITA,lombardy,,,Windows-11-10.0.26200-SP0,3.13.13,3.2.6,32,13th Gen Intel(R) Core(TM) i9-13900HX,1,1 x NVIDIA GeForce RTX 4070 Laptop GPU,9.1922,45.4722,31.70067596435547,machine,0.0,16.333333333333332,32.800000000000004,10.39553960164388,N,1.0,0.0
2026-05-04T15:29:49,Q57_mistral:latest _SQuAD,5535708d-4e8a-43da-ac32-4840390597f1,5b0fa12a-3dd7-45bb-9766-cc326314d9f1,4.186054199999489,2.4884970255201565e-05,5.944731975807815e-06,12.862032780800002,35.81401816584217,20.0,1.3158530861412809e-05,4.162669996800317e-05,2.046005444444745e-05,7.524528527386343e-05,0.0,Italy,ITA,lombardy,,,Windows-11-10.0.26200-SP0,3.13.13,3.2.6,32,13th Gen Intel(R) Core(TM) i9-13900HX,1,1 x NVIDIA GeForce RTX 4070 Laptop GPU,9.1922,45.4722,31.70067596435547,machine,0.0,26.0,32.35,10.251361846923828,N,1.0,0.0
2026-05-04T15:30:11,Q58_phi3:mini_GSM8K,a01f1ad3-d072-4c43-85ea-32fe7e2b9723,5b0fa12a-3dd7-45bb-9766-cc326314d9f1,7.011592500002735,5.355627839392748e-05,7.63824743008191e-06,12.8261781824,52.73961237151493,20.0,2.3174843592591075e-05,0.000102628970992,3.613559722222514e-05,0.0001619394118068,0.0,Italy,ITA,lombardy,,,Windows-11-10.0.26200-SP0,3.13.13,3.2.6,32,13th Gen Intel(R) Core(TM) i9-13900HX,1,1 x NVIDIA GeForce RTX 4070 Laptop GPU,9.1922,45.4722,31.70067596435547,machine,0.0,68.0,32.38,10.260635375976562,N,1.0,0.0
2026-05-04T15:30:34,Q58_qwen2.5:7b_GSM8K,cb326bca-daf1-442c-af10-4071025e8d16,5b0fa12a-3dd7-45bb-9766-cc326314d9f1,8.239479899999424,5.94859235417482e-05,7.219621173146179e-06,12.8390956544,47.75765601521807,20.0,2.7593210544184705e-05,0.000109294254102,4.298155833334427e-05,0.0001798690229795,0.0,Italy,ITA,lombardy,,,Windows-11-10.0.26200-SP0,3.13.13,3.2.6,32,13th Gen Intel(R) Core(TM) i9-13900HX,1,1 x NVIDIA GeForce RTX 4070 Laptop GPU,9.1922,45.4722,31.70067596435547,machine,0.0,37.333333333333336,32.88333333333333,10.423654556274414,N,1.0,0.0
2026-05-04T15:30:56,Q58_mistral:latest _GSM8K,3cb7501a-dd55-401b-b066-473e59dae822,5b0fa12a-3dd7-45bb-9766-cc326314d9f1,7.038532399998076,5.446388335742536e-05,7.737960168719298e-06,12.829472364800004,53.7479663885511,20.0,2.3294884228630776e-05,0.0001050750840599,3.6313790555545394e-05,0.0001646837588441,0.0,Italy,ITA,lombardy,,,Windows-11-10.0.26200-SP0,3.13.13,3.2.6,32,13th Gen Intel(R) Core(TM) i9-13900HX,1,1 x NVIDIA GeForce RTX 4070 Laptop GPU,9.1922,45.4722,31.70067596435547,machine,0.0,69.4,32.58,10.331099700927734,N,1.0,0.0
2026-05-04T15:31:20,Q59_phi3:mini_GSM8K,ed79df13-74f3-4f20-9eba-74eef0a87aec,5b0fa12a-3dd7-45bb-9766-cc326314d9f1,8.21842800000013,6.960302733875782e-05,8.469141220043141e-06,12.88138141074286,61.42802350666207,20.0,2.757655578759087e-05,0.000140068445388,4.281535277778958e-05,0.0002104603539533,0.0,Italy,ITA,lombardy,,,Windows-11-10.0.26200-SP0,3.13.13,3.2.6,32,13th Gen Intel(R) Core(TM) i9-13900HX,1,1 x NVIDIA GeForce RTX 4070 Laptop GPU,9.1922,45.4722,31.70067596435547,machine,0.0,66.33333333333333,32.483333333333334,10.300344467163086,N,1.0,0.0
2026-05-04T15:31:45,Q59_qwen2.5:7b_GSM8K,1dbff74b-97a0-4bbc-abca-b683873da97f,5b0fa12a-3dd7-45bb-9766-cc326314d9f1,9.880539999998293,7.986266836551857e-05,8.08282425510472e-06,12.828129792,56.83275745530959,20.0,3.3417317305212774e-05,0.0001559667914399,5.20985694444284e-05,0.0002414826781896,0.0,Italy,ITA,lombardy,,,Windows-11-10.0.26200-SP0,3.13.13,3.2.6,32,13th Gen Intel(R) Core(TM) i9-13900HX,1,1 x NVIDIA GeForce RTX 4070 Laptop GPU,9.1922,45.4722,31.70067596435547,machine,0.0,62.375,32.9375,10.450075626373293,N,1.0,0.0
2026-05-04T15:32:05,Q59_mistral:latest _GSM8K,625a363d-3c3a-4797-a110-a8570252d9a5,5b0fa12a-3dd7-45bb-9766-cc326314d9f1,5.681275499999174,3.8763523585406607e-05,6.823031832448936e-06,12.84557765888,44.33822468840967,20.0,1.8480222146022764e-05,6.995783374399989e-05,2.877214611109796e-05,0.0001172102020011,0.0,Italy,ITA,lombardy,,,Windows-11-10.0.26200-SP0,3.13.13,3.2.6,32,13th Gen Intel(R) Core(TM) i9-13900HX,1,1 x NVIDIA GeForce RTX 4070 Laptop GPU,9.1922,45.4722,31.70067596435547,machine,0.0,61.25,32.5,10.30163860321045,N,1.0,0.0
2026-05-04T15:32:30,Q60_phi3:mini_HellaSwag,d1089dd9-fb08-444e-a50a-8d9d8d34121f,5b0fa12a-3dd7-45bb-9766-cc326314d9f1,9.270277800002075,8.042754867702692e-05,8.675850973636291e-06,12.8180792864,63.41296428777031,20.0,3.1216775365285886e-05,0.000163267352836,4.870659222223266e-05,0.0002431907204235,0.0,Italy,ITA,lombardy,,,Windows-11-10.0.26200-SP0,3.13.13,3.2.6,32,13th Gen Intel(R) Core(TM) i9-13900HX,1,1 x NVIDIA GeForce RTX 4070 Laptop GPU,9.1922,45.4722,31.70067596435547,machine,0.0,70.28571428571429,32.385714285714286,10.260856628417969,N,1.0,0.0
2026-05-04T15:32:57,Q60_qwen2.5:7b_HellaSwag,129d2599-1327-4c55-9326-368b290a6d27,5b0fa12a-3dd7-45bb-9766-cc326314d9f1,12.48335969999971,0.0001060354751744,8.494145624469884e-06,12.820709807709092,60.96712164981914,20.0,4.266805515728789e-05,0.0002113937802259,6.65601905555377e-05,0.0003206220259388,0.0,Italy,ITA,lombardy,,,Windows-11-10.0.26200-SP0,3.13.13,3.2.6,32,13th Gen Intel(R) Core(TM) i9-13900HX,1,1 x NVIDIA GeForce RTX 4070 Laptop GPU,9.1922,45.4722,31.70067596435547,machine,4.0,71.5,33.12,10.498829650878909,N,1.0,0.0
2026-05-04T15:33:23,Q60_mistral:latest _HellaSwag,d0bc7284-f87a-4a0c-8f96-c5d5b96e8646,5b0fa12a-3dd7-45bb-9766-cc326314d9f1,10.767981199998758,9.767650301585644e-05,9.07101351698754e-06,12.830050115840002,67.45940838490145,20.0,3.658368865201896e-05,0.000201735994722,5.702711666666195e-05,0.0002953468000406,0.0,Italy,ITA,lombardy,,,Windows-11-10.0.26200-SP0,3.13.13,3.2.6,32,13th Gen Intel(R) Core(TM) i9-13900HX,1,1 x NVIDIA GeForce RTX 4070 Laptop GPU,9.1922,45.4722,31.70067596435547,machine,0.0,79.33333333333333,32.52222222222222,10.313424428304035,N,1.0,0.0
2026-05-04T15:33:45,Q61_phi3:mini_GSM8K,e3576dea-918d-430b-a5c3-e61ed7434bae,5b0fa12a-3dd7-45bb-9766-cc326314d9f1,6.618528899998637,4.963934535096225e-05,7.500057203190949e-06,12.8417927744,51.29649949185593,20.0,2.181892470739059e-05,9.42970198820059e-05,3.397974222221415e-05,0.0001500956868116,0.0,Italy,ITA,lombardy,,,Windows-11-10.0.26200-SP0,3.13.13,3.2.6,32,13th Gen Intel(R) Core(TM) i9-13900HX,1,1 x NVIDIA GeForce RTX 4070 Laptop GPU,9.1922,45.4722,31.70067596435547,machine,0.0,70.4,32.7,10.369044494628906,N,1.0,0.0
2026-05-04T15:34:10,Q61_qwen2.5:7b_GSM8K,fff5fe86-9065-4fb0-bb81-3db0e6ac1f07,5b0fa12a-3dd7-45bb-9766-cc326314d9f1,10.030158699999449,8.109819203299143e-05,8.085434583701641e-06,12.822360588800004,56.842175926860335,20.0,3.393513702312647e-05,0.0001583534600159,5.292996388889151e-05,0.000245218560928,0.0,Italy,ITA,lombardy,,,Windows-11-10.0.26200-SP0,3.13.13,3.2.6,32,13th Gen Intel(R) Core(TM) i9-13900HX,1,1 x NVIDIA GeForce RTX 4070 Laptop GPU,9.1922,45.4722,31.70067596435547,machine,5.0,66.125,33.325,10.56125545501709,N,1.0,0.0
2026-05-04T15:34:38,Q61_mistral:latest _GSM8K,bef8bf30-7c6b-4ad8-9dda-a77ad7e57699,5b0fa12a-3dd7-45bb-9766-cc326314d9f1,13.634487999999692,0.000130758004077,9.590239404448077e-06,12.824137306584616,72.78451479079196,20.0,4.67813856412128e-05,0.000275637998288,7.295674944444828e-05,0.0003953761333736,0.0,Italy,ITA,lombardy,,,Windows-11-10.0.26200-SP0,3.13.13,3.2.6,32,13th Gen Intel(R) Core(TM) i9-13900HX,1,1 x NVIDIA GeForce RTX 4070 Laptop GPU,9.1922,45.4722,31.70067596435547,machine,6.666666666666667,85.91666666666667,32.21666666666667,10.221135775248207,N,1.0,0.0
2026-05-04T15:35:00,Q62_phi3:mini_HellaSwag,432a2aa3-f0a9-44ca-bd00-f4f9fb5bbf2b,5b0fa12a-3dd7-45bb-9766-cc326314d9f1,6.659653099999559,5.0413609623189664e-05,7.57000535406161e-06,12.8495671616,52.04350409099737,20.0,2.197528193083284e-05,9.62584103400138e-05,3.42031561111273e-05,0.0001524368483819,0.0,Italy,ITA,lombardy,,,Windows-11-10.0.26200-SP0,3.13.13,3.2.6,32,13th Gen Intel(R) Core(TM) i9-13900HX,1,1 x NVIDIA GeForce RTX 4070 Laptop GPU,9.1922,45.4722,31.70067596435547,machine,0.0,60.4,32.160000000000004,10.195947265625,N,1.0,0.0
2026-05-04T15:35:23,Q62_qwen2.5:7b_HellaSwag,7dd6b3cb-1224-4451-adba-029c2ec1d1d3,5b0fa12a-3dd7-45bb-9766-cc326314d9f1,7.976247599999624,5.747040580307779e-05,7.205193304565984e-06,12.832038436571429,47.668477392540574,20.0,2.6643127187093545e-05,0.00010560702893,4.152449722223537e-05,0.0001737746533393,0.0,Italy,ITA,lombardy,,,Windows-11-10.0.26200-SP0,3.13.13,3.2.6,32,13th Gen Intel(R) Core(TM) i9-13900HX,1,1 x NVIDIA GeForce RTX 4070 Laptop GPU,9.1922,45.4722,31.70067596435547,machine,11.116666666666667,58.16666666666666,32.833333333333336,10.40982182820638,N,1.0,0.0
2026-05-04T15:35:44,Q62_mistral:latest _HellaSwag,711994f9-226a-415f-bdc0-b8e76f505840,5b0fa12a-3dd7-45bb-9766-cc326314d9f1,5.596585400002368,3.797721688874849e-05,6.785783504479789e-06,12.8328372992,44.05547915427884,20.0,1.814115328085847e-05,6.842005473599311e-05,2.8271419444455305e-05,0.0001148326274613,0.0,Italy,ITA,lombardy,,,Windows-11-10.0.26200-SP0,3.13.13,3.2.6,32,13th Gen Intel(R) Core(TM) i9-13900HX,1,1 x NVIDIA GeForce RTX 4070 Laptop GPU,9.1922,45.4722,31.70067596435547,machine,0.0,28.5,32.3,10.239596366882324,N,1.0,0.0
2026-05-04T15:36:03,Q63_phi3:mini_MMLU,b72821f2-8c31-4591-a5f1-6ee14d03e717,5b0fa12a-3dd7-45bb-9766-cc326314d9f1,4.360344199998508,2.628070422106172e-05,6.027208636664672e-06,12.851818496,36.56764857969934,20.0,1.376968823308812e-05,4.426836874801832e-05,2.1427542777786987e-05,7.946559975889343e-05,0.0,Italy,ITA,lombardy,,,Windows-11-10.0.26200-SP0,3.13.13,3.2.6,32,13th Gen Intel(R) Core(TM) i9-13900HX,1,1 x NVIDIA GeForce RTX 4070 Laptop GPU,9.1922,45.4722,31.70067596435547,machine,0.0,24.0,32.2,10.208026885986328,N,1.0,0.0
2026-05-04T15:36:15,Q63_qwen2.5:7b_MMLU,867202eb-74fc-46a8-af79-3f6c6c8c061b,5b0fa12a-3dd7-45bb-9766-cc326314d9f1,6.935180399999808,4.41384244525674e-05,6.364423404554642e-06,12.835444697600002,38.82425656853788,20.0,2.2937832451097432e-05,7.47847820500025e-05,3.573980500000794e-05,0.0001334624195011,0.0,Italy,ITA,lombardy,,,Windows-11-10.0.26200-SP0,3.13.13,3.2.6,32,13th Gen Intel(R) Core(TM) i9-13900HX,1,1 x NVIDIA GeForce RTX 4070 Laptop GPU,9.1922,45.4722,31.70067596435547,machine,0.0,48.2,32.760000000000005,10.387242126464844,N,1.0,0.0
2026-05-04T15:36:35,Q63_mistral:latest _MMLU,f0791ee1-5b9e-4849-842a-26cab8974599,5b0fa12a-3dd7-45bb-9766-cc326314d9f1,5.0423073999991175,3.413136650851305e-05,6.768997564194325e-06,12.8495927648,44.10821765607391,20.0,1.6207079634171882e-05,6.177171608401366e-05,2.52250411111163e-05,0.0001032038368293,0.0,Italy,ITA,lombardy,,,Windows-11-10.0.26200-SP0,3.13.13,3.2.6,32,13th Gen Intel(R) Core(TM) i9-13900HX,1,1 x NVIDIA GeForce RTX 4070 Laptop GPU,9.1922,45.4722,31.70067596435547,machine,0.0,33.0,32.333333333333336,10.250895182291666,N,1.0,0.0
2026-05-04T15:36:46,Q64_phi3:mini_GSM8K,f5dc2cde-53d5-49d6-a42e-858221b33c46,5b0fa12a-3dd7-45bb-9766-cc326314d9f1,6.247621999998955,4.745860167906553e-05,7.596266496128202e-06,12.84216559616,52.49880406004765,20.0,2.0493777210398943e-05,9.109229509600414e-05,3.191564722221503e-05,0.0001435017195286,0.0,Italy,ITA,lombardy,,,Windows-11-10.0.26200-SP0,3.13.13,3.2.6,32,13th Gen Intel(R) Core(TM) i9-13900HX,1,1 x NVIDIA GeForce RTX 4070 Laptop GPU,9.1922,45.4722,31.70067596435547,machine,0.0,72.75,32.175,10.20481777191162,N,1.0,0.0
2026-05-04T15:37:13,Q64_qwen2.5:7b_GSM8K,d03bf660-01ef-48e6-b498-efc3f4919e83,5b0fa12a-3dd7-45bb-9766-cc326314d9f1,11.12195050000082,8.989071139683595e-05,8.082279398458869e-06,12.82803350528,56.69160784468455,20.0,3.78189167354659e-05,0.000175023473352,5.896232388889379e-05,0.0002718047139763,0.0,Italy,ITA,lombardy,,,Windows-11-10.0.26200-SP0,3.13.13,3.2.6,32,13th Gen Intel(R) Core(TM) i9-13900HX,1,1 x NVIDIA GeForce RTX 4070 Laptop GPU,9.1922,45.4722,31.70067596435547,machine,0.0,71.0,32.96666666666667,10.447421179877388,N,1.0,0.0
2026-05-04T15:37:37,Q64_mistral:latest _GSM8K,44d88c02-a7b0-426d-be2b-be840022ed1c,5b0fa12a-3dd7-45bb-9766-cc326314d9f1,9.181735000001936,7.874247984073022e-05,8.575991339405202e-06,12.8979911936,62.29077061064276,20.0,3.108690784008605e-05,0.000158805127044,4.820350222222866e-05,0.0002380955371063,0.0,Italy,ITA,lombardy,,,Windows-11-10.0.26200-SP0,3.13.13,3.2.6,32,13th Gen Intel(R) Core(TM) i9-13900HX,1,1 x NVIDIA GeForce RTX 4070 Laptop GPU,9.1922,45.4722,31.70067596435547,machine,0.0,77.42857142857143,32.32857142857143,10.253513881138392,N,1.0,0.0
2026-05-04T15:37:56,Q65_phi3:mini_MMLU,ae5b44db-9c60-4c9e-ba99-830957308a7a,5b0fa12a-3dd7-45bb-9766-cc326314d9f1,4.294698099998641,2.432783979438733e-05,5.664621639969298e-06,12.850451648000002,32.655588643856504,20.0,1.353925584591655e-05,3.895030893800999e-05,2.10711116666668e-05,7.356067645059334e-05,0.0,Italy,ITA,lombardy,,,Windows-11-10.0.26200-SP0,3.13.13,3.2.6,32,13th Gen Intel(R) Core(TM) i9-13900HX,1,1 x NVIDIA GeForce RTX 4070 Laptop GPU,9.1922,45.4722,31.70067596435547,machine,0.0,24.5,32.4,10.271320343017578,N,1.0,0.0
2026-05-04T15:38:19,Q65_qwen2.5:7b_MMLU,ec346e41-7699-4d4c-bd94-dca5812fb4d3,5b0fa12a-3dd7-45bb-9766-cc326314d9f1,7.115629300002183,4.627486739812164e-05,6.5032712423773165e-06,12.8490646208,40.27107364164009,20.0,2.3602501053556988e-05,7.958256366599747e-05,3.673736888890239e-05,0.0001399224336084,0.0,Italy,ITA,lombardy,,,Windows-11-10.0.26200-SP0,3.13.13,3.2.6,32,13th Gen Intel(R) Core(TM) i9-13900HX,1,1 x NVIDIA GeForce RTX 4070 Laptop GPU,9.1922,45.4722,31.70067596435547,machine,0.0,48.0,33.02,10.470166778564453,N,1.0,0.0
2026-05-04T15:38:30,Q65_mistral:latest _MMLU,00e8e0f6-f4ff-4691-bb82-5267b78a5fe9,5b0fa12a-3dd7-45bb-9766-cc326314d9f1,6.109097900000052,4.399543751906113e-05,7.20162587655712e-06,12.837306368,48.32582557833812,20.0,1.9976632024420565e-05,8.193173221197891e-05,3.112170222221822e-05,0.0001330300664586,0.0,Italy,ITA,lombardy,,,Windows-11-10.0.26200-SP0,3.13.13,3.2.6,32,13th Gen Intel(R) Core(TM) i9-13900HX,1,1 x NVIDIA GeForce RTX 4070 Laptop GPU,9.1922,45.4722,31.70067596435547,machine,0.0,64.5,32.3,10.233741760253906,N,1.0,0.0
2026-05-04T15:38:51,Q66_phi3:mini_MMLU,8789ddb1-bed4-4c66-a3b3-33c6185af7b5,5b0fa12a-3dd7-45bb-9766-cc326314d9f1,6.473003800001607,4.6462868809948494e-05,7.1779455482378926e-06,12.833916608000004,47.86465273355757,20.0,2.1282729181454703e-05,8.604284661198336e-05,3.31653222222384e-05,0.0001404908980156,0.0,Italy,ITA,lombardy,,,Windows-11-10.0.26200-SP0,3.13.13,3.2.6,32,13th Gen Intel(R) Core(TM) i9-13900HX,1,1 x NVIDIA GeForce RTX 4070 Laptop GPU,9.1922,45.4722,31.70067596435547,machine,0.0,58.5,32.2,10.212332725524902,N,1.0,0.0
2026-05-04T15:39:16,Q66_qwen2.5:7b_MMLU,58540dec-2bb7-4252-8185-300f304fc231,5b0fa12a-3dd7-45bb-9766-cc326314d9f1,9.827508299997136,7.622373587401085e-05,7.756160925759084e-06,12.838581696,53.27218189387401,20.0,3.325830273157958e-05,0.0001454126163299,5.180863111110941e-05,0.0002304795501726,0.0,Italy,ITA,lombardy,,,Windows-11-10.0.26200-SP0,3.13.13,3.2.6,32,13th Gen Intel(R) Core(TM) i9-13900HX,1,1 x NVIDIA GeForce RTX 4070 Laptop GPU,9.1922,45.4722,31.70067596435547,machine,0.0,61.875,32.987500000000004,10.458718299865724,N,1.0,0.0
2026-05-04T15:39:42,Q66_mistral:latest _MMLU,7569e8a0-9952-4b3a-b4f4-49a311777ef0,5b0fa12a-3dd7-45bb-9766-cc326314d9f1,10.24604790000012,8.963756986983356e-05,8.748501934080603e-06,12.830843904,64.01962328266669,20.0,3.472584252643061e-05,0.000182185701304,5.412773999998738e-05,0.0002710392838304,0.0,Italy,ITA,lombardy,,,Windows-11-10.0.26200-SP0,3.13.13,3.2.6,32,13th Gen Intel(R) Core(TM) i9-13900HX,1,1 x NVIDIA GeForce RTX 4070 Laptop GPU,9.1922,45.4722,31.70067596435547,machine,0.0,77.75,32.275,10.224401473999023,N,1.0,0.0
2026-05-04T15:40:01,Q67_phi3:mini_HellaSwag,1d93a87f-3868-4644-bb45-00dc84b43f78,5b0fa12a-3dd7-45bb-9766-cc326314d9f1,4.3194537999988825,2.694000378376388e-05,6.236900550660096e-06,12.8396831744,38.874982994578254,20.0,1.3615787453644475e-05,4.663531508600216e-05,2.120803722221657e-05,8.145913976186321e-05,0.0,Italy,ITA,lombardy,,,Windows-11-10.0.26200-SP0,3.13.13,3.2.6,32,13th Gen Intel(R) Core(TM) i9-13900HX,1,1 x NVIDIA GeForce RTX 4070 Laptop GPU,9.1922,45.4722,31.70067596435547,machine,0.0,21.5,32.15,10.193536758422852,N,1.0,0.0
2026-05-04T15:40:28,Q67_qwen2.5:7b_HellaSwag,000a7cf4-6c4a-4b42-96d9-27cba6e1617a,5b0fa12a-3dd7-45bb-9766-cc326314d9f1,11.67032769999787,9.550449776725142e-05,8.183531792964893e-06,12.834980123927274,57.66155195478701,20.0,3.981902414180817e-05,0.0001869134828639,6.204674833334139e-05,0.0002887792553391,0.0,Italy,ITA,lombardy,,,Windows-11-10.0.26200-SP0,3.13.13,3.2.6,32,13th Gen Intel(R) Core(TM) i9-13900HX,1,1 x NVIDIA GeForce RTX 4070 Laptop GPU,9.1922,45.4722,31.70067596435547,machine,0.0,70.0,32.96,10.45468292236328,N,1.0,0.0
2026-05-04T15:40:55,Q67_mistral:latest _HellaSwag,f0d288e6-1eed-4e08-b467-c18e80f820e7,5b0fa12a-3dd7-45bb-9766-cc326314d9f1,12.584227999999712,0.0001193011373643,9.480211051829183e-06,12.8230414208,71.72725058547209,20.0,4.301962343596493e-05,0.0002506179782719,6.709612722222826e-05,0.0003607337289301,0.0,Italy,ITA,lombardy,,,Windows-11-10.0.26200-SP0,3.13.13,3.2.6,32,13th Gen Intel(R) Core(TM) i9-13900HX,1,1 x NVIDIA GeForce RTX 4070 Laptop GPU,9.1922,45.4722,31.70067596435547,machine,0.0,85.54545454545455,32.2,10.210188085382637,N,1.0,0.0
2026-05-04T15:41:20,Q68_phi3:mini_GSM8K,c450abd9-b6f5-4d2f-a78b-38c5d51cae95,5b0fa12a-3dd7-45bb-9766-cc326314d9f1,9.208319299999856,7.933786805637905e-05,8.615890204456776e-06,12.8199069056,62.76666526042951,20.0,3.1001836735980216e-05,0.000160529850646,4.836413944443242e-05,0.0002398958268264,0.0,Italy,ITA,lombardy,,,Windows-11-10.0.26200-SP0,3.13.13,3.2.6,32,13th Gen Intel(R) Core(TM) i9-13900HX,1,1 x NVIDIA GeForce RTX 4070 Laptop GPU,9.1922,45.4722,31.70067596435547,machine,0.0,86.85714285714286,32.18571428571429,10.206624712262837,N,1.0,0.0
2026-05-04T15:41:43,Q68_qwen2.5:7b_GSM8K,17cc1602-02e1-4159-9718-91cf4f997dad,5b0fa12a-3dd7-45bb-9766-cc326314d9f1,8.531883499999822,6.513305949524673e-05,7.634077457251742e-06,12.846934751085715,52.1914401051094,20.0,2.8656340895293447e-05,0.0001236775989419,4.4610464444445415e-05,0.0001969444042817,0.0,Italy,ITA,lombardy,,,Windows-11-10.0.26200-SP0,3.13.13,3.2.6,32,13th Gen Intel(R) Core(TM) i9-13900HX,1,1 x NVIDIA GeForce RTX 4070 Laptop GPU,9.1922,45.4722,31.70067596435547,machine,0.0,56.5,33.13333333333333,10.505228678385416,N,1.0,0.0
2026-05-04T15:42:11,Q68_mistral:latest _GSM8K,b23250c4-b373-47f0-a09d-5b7a2c0be31c,5b0fa12a-3dd7-45bb-9766-cc326314d9f1,12.479574000000866,0.0001164963338578,9.33496078133693e-06,12.82097462109091,70.12182678493666,20.0,4.2655984081760034e-05,0.00024305713889,6.65396538888874e-05,0.0003522527768606,0.0,Italy,ITA,lombardy,,,Windows-11-10.0.26200-SP0,3.13.13,3.2.6,32,13th Gen Intel(R) Core(TM) i9-13900HX,1,1 x NVIDIA GeForce RTX 4070 Laptop GPU,9.1922,45.4722,31.70067596435547,machine,0.0,85.2,32.64,10.350160217285156,N,1.0,0.0
2026-05-04T15:42:34,Q69_phi3:mini_HellaSwag,d72655e5-4f39-4fd7-a954-ac8a50429496,5b0fa12a-3dd7-45bb-9766-cc326314d9f1,7.998581399999239,6.510957885543714e-05,8.14014080739909e-06,12.83338938697143,57.847926284113015,20.0,2.672162527480645e-05,0.0001285092694739,4.1642510555539054e-05,0.0001968734053043,0.0,Italy,ITA,lombardy,,,Windows-11-10.0.26200-SP0,3.13.13,3.2.6,32,13th Gen Intel(R) Core(TM) i9-13900HX,1,1 x NVIDIA GeForce RTX 4070 Laptop GPU,9.1922,45.4722,31.70067596435547,machine,0.0,70.16666666666667,32.233333333333334,10.215642929077148,N,1.0,0.0
2026-05-04T15:42:55,Q69_qwen2.5:7b_HellaSwag,3b3f04ce-965e-418c-82a8-1c91701a978d,5b0fa12a-3dd7-45bb-9766-cc326314d9f1,6.692370700002357,4.145774659367989e-05,6.194777374431051e-06,12.8367483392,37.060645687879735,20.0,2.207489292625772e-05,6.888922177800127e-05,3.439267444444138e-05,0.0001253567891487,0.0,Italy,ITA,lombardy,,,Windows-11-10.0.26200-SP0,3.13.13,3.2.6,32,13th Gen Intel(R) Core(TM) i9-13900HX,1,1 x NVIDIA GeForce RTX 4070 Laptop GPU,9.1922,45.4722,31.70067596435547,machine,10.0,48.0,32.92,10.433277893066409,N,1.0,0.0
2026-05-04T15:43:16,Q69_mistral:latest _HellaSwag,cd73f42a-5075-4291-ae7a-24d1ed83c380,5b0fa12a-3dd7-45bb-9766-cc326314d9f1,5.501417200001015,3.988874913603145e-05,7.250631552906784e-06,12.863825696,49.50248571073254,20.0,1.776117347059055e-05,7.523811574600137e-05,2.761328444444694e-05,0.000120612573661,0.0,Italy,ITA,lombardy,,,Windows-11-10.0.26200-SP0,3.13.13,3.2.6,32,13th Gen Intel(R) Core(TM) i9-13900HX,1,1 x NVIDIA GeForce RTX 4070 Laptop GPU,9.1922,45.4722,31.70067596435547,machine,0.0,37.0,32.36666666666667,10.25943120320638,N,1.0,0.0
2026-05-04T15:43:40,Q70_phi3:mini_HumanEval,57c97647-b011-43dd-b172-899a381e4092,5b0fa12a-3dd7-45bb-9766-cc326314d9f1,9.315038100001402,7.976897080876985e-05,8.563461571752224e-06,12.8186388272,62.20644135245188,20.0,3.1369130581693534e-05,0.0001608881842659,4.8942047777786176e-05,0.0002411993626254,0.0,Italy,ITA,lombardy,,,Windows-11-10.0.26200-SP0,3.13.13,3.2.6,32,13th Gen Intel(R) Core(TM) i9-13900HX,1,1 x NVIDIA GeForce RTX 4070 Laptop GPU,9.1922,45.4722,31.70067596435547,machine,0.0,76.14285714285714,32.17142857142857,10.203728812081474,N,1.0,0.0
2026-05-04T15:44:09,Q70_qwen2.5:7b_HumanEval,18c1628c-0d2d-4bba-9558-8a87a480239a,5b0fa12a-3dd7-45bb-9766-cc326314d9f1,13.21270839999852,0.0001158857558901,8.770779796374975e-06,12.822175904,63.93014372805181,20.0,4.525891654462555e-05,0.0002345535209759,7.059411999998702e-05,0.0003504065575206,0.0,Italy,ITA,lombardy,,,Windows-11-10.0.26200-SP0,3.13.13,3.2.6,32,13th Gen Intel(R) Core(TM) i9-13900HX,1,1 x NVIDIA GeForce RTX 4070 Laptop GPU,9.1922,45.4722,31.70067596435547,machine,0.0,74.27272727272727,33.20909090909091,10.52438805320046,N,1.0,0.0
2026-05-04T15:44:31,Q70_mistral:latest _HumanEval,57e26d3c-4bbd-4f80-abe9-90e6bc52c73a,5b0fa12a-3dd7-45bb-9766-cc326314d9f1,7.444010699997307,6.013770817837259e-05,8.07867030314644e-06,12.827276614400002,57.33753915665708,20.0,2.4731716191572235e-05,0.000118548428172,3.8559695555543136e-05,0.0001818398399191,0.0,Italy,ITA,lombardy,,,Windows-11-10.0.26200-SP0,3.13.13,3.2.6,32,13th Gen Intel(R) Core(TM) i9-13900HX,1,1 x NVIDIA GeForce RTX 4070 Laptop GPU,9.1922,45.4722,31.70067596435547,machine,0.0,66.2,32.480000000000004,10.294143676757812,N,1.0,0.0
2026-05-04T15:44:53,Q71_phi3:mini_MMLU,8ae2b787-18fa-4e9a-8034-afb040a319c7,5b0fa12a-3dd7-45bb-9766-cc326314d9f1,7.066963599998417,5.312024206729377e-05,7.516699543677524e-06,12.8347877696,51.32573535748288,20.0,2.3405782089783866e-05,0.000100743691706,3.647148444443802e-05,0.0001606209582402,0.0,Italy,ITA,lombardy,,,Windows-11-10.0.26200-SP0,3.13.13,3.2.6,32,13th Gen Intel(R) Core(TM) i9-13900HX,1,1 x NVIDIA GeForce RTX 4070 Laptop GPU,9.1922,45.4722,31.70067596435547,machine,0.0,67.6,32.38,10.267205810546876,N,1.0,0.0
2026-05-04T15:45:14,Q71_qwen2.5:7b_MMLU,9d3b7bac-cea9-4385-ac7e-ff700c22d273,5b0fa12a-3dd7-45bb-9766-cc326314d9f1,6.180849399999715,3.5188492105488414e-05,5.693148275945704e-06,12.840299171840002,31.80208245880645,20.0,2.0256406563021165e-05,5.459337700799982e-05,3.155050944444358e-05,0.0001064002930154,0.0,Italy,ITA,lombardy,,,Windows-11-10.0.26200-SP0,3.13.13,3.2.6,32,13th Gen Intel(R) Core(TM) i9-13900HX,1,1 x NVIDIA GeForce RTX 4070 Laptop GPU,9.1922,45.4722,31.70067596435547,machine,0.0,4.75,32.85,10.420870780944824,N,1.0,0.0
2026-05-04T15:45:35,Q71_mistral:latest _MMLU,bab5958b-d868-4ad5-9bf8-16b18aea875c,5b0fa12a-3dd7-45bb-9766-cc326314d9f1,5.525279800000135,3.762582955625306e-05,6.809760033555612e-06,12.8443304288,44.277218272166216,20.0,1.792024141081109e-05,6.794699880199873e-05,2.790288888888123e-05,0.0001137701291016,0.0,Italy,ITA,lombardy,,,Windows-11-10.0.26200-SP0,3.13.13,3.2.6,32,13th Gen Intel(R) Core(TM) i9-13900HX,1,1 x NVIDIA GeForce RTX 4070 Laptop GPU,9.1922,45.4722,31.70067596435547,machine,0.0,36.333333333333336,32.333333333333336,10.255512237548828,N,1.0,0.0
2026-05-04T15:46:00,Q72_phi3:mini_HumanEval,e318c918-74e2-4503-9884-52836bb57bcf,5b0fa12a-3dd7-45bb-9766-cc326314d9f1,9.481305400000563,8.465826776696793e-05,8.928967499239386e-06,12.8426199392,66.14984353693713,20.0,3.201415968341782e-05,0.0001741143059579,4.985478222222607e-05,0.0002559832478636,0.0,Italy,ITA,lombardy,,,Windows-11-10.0.26200-SP0,3.13.13,3.2.6,32,13th Gen Intel(R) Core(TM) i9-13900HX,1,1 x NVIDIA GeForce RTX 4070 Laptop GPU,9.1922,45.4722,31.70067596435547,machine,0.0,76.14285714285714,32.65714285714286,10.342146737234932,N,1.0,0.0
2026-05-04T15:46:30,Q72_qwen2.5:7b_HumanEval,bdbcd240-a974-4b54-961f-f4e92e342297,5b0fa12a-3dd7-45bb-9766-cc326314d9f1,15.311886800001956,0.0001366009771837,8.921237399936064e-06,12.84897030217143,65.34485654182811,20.0,5.285763931828952e-05,0.0002779121667739,8.227386611112404e-05,0.0004130436722034,0.0,Italy,ITA,lombardy,,,Windows-11-10.0.26200-SP0,3.13.13,3.2.6,32,13th Gen Intel(R) Core(TM) i9-13900HX,1,1 x NVIDIA GeForce RTX 4070 Laptop GPU,9.1922,45.4722,31.70067596435547,machine,0.0,78.76923076923077,33.392307692307696,10.58051740206205,N,1.0,0.0
2026-05-04T15:46:54,Q72_mistral:latest _HumanEval,a9a27d6f-e26e-49b1-9e35-d63eca9745c0,5b0fa12a-3dd7-45bb-9766-cc326314d9f1,9.23899960000199,7.847522042043704e-05,8.493908844894867e-06,12.841865624,61.408705285285045,20.0,3.116570394430189e-05,0.000157585126068,4.85365883333442e-05,0.0002372874183456,0.0,Italy,ITA,lombardy,,,Windows-11-10.0.26200-SP0,3.13.13,3.2.6,32,13th Gen Intel(R) Core(TM) i9-13900HX,1,1 x NVIDIA GeForce RTX 4070 Laptop GPU,9.1922,45.4722,31.70067596435547,machine,0.0,77.28571428571429,32.3,10.234522683279854,N,1.0,0.0
2026-05-04T15:47:14,Q73_phi3:mini_SQuAD,db8ab8af-e3a1-4d47-b327-a01500c65f19,5b0fa12a-3dd7-45bb-9766-cc326314d9f1,4.726108899998508,3.299130255619824e-05,6.980647982150529e-06,12.827044208,46.65512148263728,20.0,1.5050749499564708e-05,6.124004899199509e-05,2.3465799444440765e-05,9.975659793600056e-05,0.0,Italy,ITA,lombardy,,,Windows-11-10.0.26200-SP0,3.13.13,3.2.6,32,13th Gen Intel(R) Core(TM) i9-13900HX,1,1 x NVIDIA GeForce RTX 4070 Laptop GPU,9.1922,45.4722,31.70067596435547,machine,0.0,51.66666666666666,32.300000000000004,10.238040924072266,N,1.0,0.0
2026-05-04T15:47:35,Q73_qwen2.5:7b_SQuAD,e427f9a4-ec6a-475b-8915-6a98c927ae3a,5b0fa12a-3dd7-45bb-9766-cc326314d9f1,5.792191900000034,3.529701129372535e-05,6.093895351382461e-06,12.84292388864,36.34897146639369,20.0,1.887037777098153e-05,5.847254677801561e-05,2.938550055554919e-05,0.0001067284251045,0.0,Italy,ITA,lombardy,,,Windows-11-10.0.26200-SP0,3.13.13,3.2.6,32,13th Gen Intel(R) Core(TM) i9-13900HX,1,1 x NVIDIA GeForce RTX 4070 Laptop GPU,9.1922,45.4722,31.70067596435547,machine,0.0,23.0,32.7,10.365788459777832,N,1.0,0.0
2026-05-04T15:47:44,Q73_mistral:latest _SQuAD,f8bf6e37-0f0a-4b8c-96fc-fdd7f79df5ba,5b0fa12a-3dd7-45bb-9766-cc326314d9f1,4.433781100000488,2.64158565538236e-05,5.957862140244292e-06,12.892091648,35.69379695149777,20.0,1.4079700745316112e-05,4.395309071800191e-05,2.1841471666670662e-05,7.987426312998868e-05,0.0,Italy,ITA,lombardy,,,Windows-11-10.0.26200-SP0,3.13.13,3.2.6,32,13th Gen Intel(R) Core(TM) i9-13900HX,1,1 x NVIDIA GeForce RTX 4070 Laptop GPU,9.1922,45.4722,31.70067596435547,machine,0.0,27.5,32.3,10.249227523803713,N,1.0,0.0
2026-05-04T15:48:09,Q74_phi3:mini_HellaSwag,f0082553-170a-4694-8188-9f3b2de68e87,5b0fa12a-3dd7-45bb-9766-cc326314d9f1,9.204975900000136,7.891325605475419e-05,8.572891109335009e-06,12.8214153776,62.29259150511979,20.0,3.099683763357414e-05,0.000159264294078,4.8350785555562144e-05,0.0002386119172671,0.0,Italy,ITA,lombardy,,,Windows-11-10.0.26200-SP0,3.13.13,3.2.6,32,13th Gen Intel(R) Core(TM) i9-13900HX,1,1 x NVIDIA GeForce RTX 4070 Laptop GPU,9.1922,45.4722,31.70067596435547,machine,0.0,74.85714285714286,32.371428571428574,10.261453901018417,N,1.0,0.0
2026-05-04T15:48:33,Q74_qwen2.5:7b_HellaSwag,09ae0fed-d7c2-43ba-92cd-e96f274cfbcd,5b0fa12a-3dd7-45bb-9766-cc326314d9f1,9.658076299998356,7.441527523236823e-05,7.704979016616477e-06,12.8193651328,52.76656643810743,20.0,3.2602436949465675e-05,0.00014154594657,5.0862880555562e-05,0.000225011264075,0.0,Italy,ITA,lombardy,,,Windows-11-10.0.26200-SP0,3.13.13,3.2.6,32,13th Gen Intel(R) Core(TM) i9-13900HX,1,1 x NVIDIA GeForce RTX 4070 Laptop GPU,9.1922,45.4722,31.70067596435547,machine,0.0,55.125,32.95,10.445751667022703,N,1.0,0.0
2026-05-04T15:49:00,Q74_mistral:latest _HellaSwag,b2ac5832-1358-4f0f-bd44-191fab105473,5b0fa12a-3dd7-45bb-9766-cc326314d9f1,11.855545999998869,0.0001076805653048,9.082716671574588e-06,12.832148916363638,67.46244363873468,20.0,4.045583034095126e-05,0.000222087955448,6.305253888889032e-05,0.0003255963246778,0.0,Italy,ITA,lombardy,,,Windows-11-10.0.26200-SP0,3.13.13,3.2.6,32,13th Gen Intel(R) Core(TM) i9-13900HX,1,1 x NVIDIA GeForce RTX 4070 Laptop GPU,9.1922,45.4722,31.70067596435547,machine,0.0,85.7,32.4,10.271163177490234,N,1.0,0.0
2026-05-04T15:49:24,Q75_phi3:mini_HumanEval,90f7c2d7-4799-4ca4-b6b0-2ae35bd9f5f4,5b0fa12a-3dd7-45bb-9766-cc326314d9f1,8.213752299998305,6.689607424750816e-05,8.14439878440478e-06,12.831901710628571,57.83923259954408,20.0,2.748671621017156e-05,0.000131948438892,4.284011944443288e-05,0.0002022752745466,0.0,Italy,ITA,lombardy,,,Windows-11-10.0.26200-SP0,3.13.13,3.2.6,32,13th Gen Intel(R) Core(TM) i9-13900HX,1,1 x NVIDIA GeForce RTX 4070 Laptop GPU,9.1922,45.4722,31.70067596435547,machine,0.0,75.0,32.3,10.240179061889648,N,1.0,0.0
2026-05-04T15:49:52,Q75_qwen2.5:7b_HumanEval,0c6028af-deb8-49f9-89b6-c32b4800487f,5b0fa12a-3dd7-45bb-9766-cc326314d9f1,13.851691100000608,0.0001215954223854,8.778381029987342e-06,12.824176492307693,63.95172332252927,20.0,4.754181380932559e-05,0.000245986585678,7.41426144444429e-05,0.0003676710139317,0.0,Italy,ITA,lombardy,,,Windows-11-10.0.26200-SP0,3.13.13,3.2.6,32,13th Gen Intel(R) Core(TM) i9-13900HX,1,1 x NVIDIA GeForce RTX 4070 Laptop GPU,9.1922,45.4722,31.70067596435547,machine,0.0,76.25,33.31666666666667,10.56582228342692,N,1.0,0.0
2026-05-04T15:50:17,Q75_mistral:latest _HumanEval,c68b06f4-9b3b-4903-b16c-f15359759790,5b0fa12a-3dd7-45bb-9766-cc326314d9f1,9.64174009999988,8.32517804398009e-05,8.634518206915984e-06,12.822471872,62.96310049507579,20.0,3.252348006401145e-05,0.0001684790236719,5.072791444444091e-05,0.0002517304181804,0.0,Italy,ITA,lombardy,,,Windows-11-10.0.26200-SP0,3.13.13,3.2.6,32,13th Gen Intel(R) Core(TM) i9-13900HX,1,1 x NVIDIA GeForce RTX 4070 Laptop GPU,9.1922,45.4722,31.70067596435547,machine,0.0,85.0,32.6,10.34064531326294,N,1.0,0.0
2026-05-04T15:50:42,Q76_phi3:mini_HumanEval,f7f89612-5443-48e1-9687-5c7c07df8878,5b0fa12a-3dd7-45bb-9766-cc326314d9f1,9.312226699999885,8.177608460809075e-05,8.781582240485166e-06,12.8280952064,64.58972736817479,20.0,3.137666638117925e-05,0.0001669740224679,4.891763222221925e-05,0.0002472683210713,0.0,Italy,ITA,lombardy,,,Windows-11-10.0.26200-SP0,3.13.13,3.2.6,32,13th Gen Intel(R) Core(TM) i9-13900HX,1,1 x NVIDIA GeForce RTX 4070 Laptop GPU,9.1922,45.4722,31.70067596435547,machine,0.0,76.0,32.2,10.20947538103376,N,1.0,0.0
2026-05-04T15:51:09,Q76_qwen2.5:7b_HumanEval,8377a542-40a2-4070-87d9-5808c7200100,5b0fa12a-3dd7-45bb-9766-cc326314d9f1,12.836891999999352,0.000109937659216,8.564196007572457e-06,12.8355856736,61.70035752048113,20.0,4.396843028967274e-05,0.000219944064844,6.850865888888318e-05,0.0003324211540225,0.0,Italy,ITA,lombardy,,,Windows-11-10.0.26200-SP0,3.13.13,3.2.6,32,13th Gen Intel(R) Core(TM) i9-13900HX,1,1 x NVIDIA GeForce RTX 4070 Laptop GPU,9.1922,45.4722,31.70067596435547,machine,0.0,64.9090909090909,33.345454545454544,10.571009896018287,N,1.0,0.0
2026-05-04T15:51:45,Q76_mistral:latest _HumanEval,8aadc86b-1125-4300-a725-110a09860eda,5b0fa12a-3dd7-45bb-9766-cc326314d9f1,10.357289600000511,9.451662738779676e-05,9.125614039776592e-06,12.827693529600005,68.10811395946725,20.0,3.5115358861086604e-05,0.000195928490076,5.474835888890084e-05,0.0002857922078259,0.0,Italy,ITA,lombardy,,,Windows-11-10.0.26200-SP0,3.13.13,3.2.6,32,13th Gen Intel(R) Core(TM) i9-13900HX,1,1 x NVIDIA GeForce RTX 4070 Laptop GPU,9.1922,45.4722,31.70067596435547,machine,0.0,83.125,32.45,10.279610633850098,N,1.0,0.0
2026-05-04T15:52:07,Q77_phi3:mini_GSM8K,5a33ca30-ecbc-4c55-b069-8ab64f06821b,5b0fa12a-3dd7-45bb-9766-cc326314d9f1,6.904182599999331,5.43432807181383e-05,7.871066550027743e-06,12.8273489216,55.26831956414717,20.0,2.2805653856265e-05,0.0001059564736539,3.5556962222209324e-05,0.0001643190897324,0.0,Italy,ITA,lombardy,,,Windows-11-10.0.26200-SP0,3.13.13,3.2.6,32,13th Gen Intel(R) Core(TM) i9-13900HX,1,1 x NVIDIA GeForce RTX 4070 Laptop GPU,9.1922,45.4722,31.70067596435547,machine,0.0,59.6,32.36,10.25710220336914,N,1.0,0.0
2026-05-04T15:52:34,Q77_qwen2.5:7b_GSM8K,b787e4b2-6e61-42c6-baca-d79054c514fa,5b0fa12a-3dd7-45bb-9766-cc326314d9f1,11.632607199997436,9.451018414556376e-05,8.124591720554664e-06,12.849281900218182,57.009934958522535,20.0,3.972961343093007e-05,0.0001842045918079,6.183851999998701e-05,0.0002857727252389,0.0,Italy,ITA,lombardy,,,Windows-11-10.0.26200-SP0,3.13.13,3.2.6,32,13th Gen Intel(R) Core(TM) i9-13900HX,1,1 x NVIDIA GeForce RTX 4070 Laptop GPU,9.1922,45.4722,31.70067596435547,machine,0.0,67.7,33.46,10.607260513305665,N,1.0,0.0
2026-05-04T15:53:18,Q77_mistral:latest _GSM8K,a1ddbd6c-5a94-45b5-9c90-461786454fab,5b0fa12a-3dd7-45bb-9766-cc326314d9f1,9.627558399999543,8.166570299225304e-05,8.482493649922385e-06,12.871699827200002,61.18311695202302,20.0,3.2627921626794315e-05,0.000163610408666,5.069622722221539e-05,0.000246934557515,0.0,Italy,ITA,lombardy,,,Windows-11-10.0.26200-SP0,3.13.13,3.2.6,32,13th Gen Intel(R) Core(TM) i9-13900HX,1,1 x NVIDIA GeForce RTX 4070 Laptop GPU,9.1922,45.4722,31.70067596435547,machine,0.0,61.625,32.975,10.446110725402832,N,1.0,0.0
2026-05-04T15:53:43,Q78_phi3:mini_HellaSwag,75e73fd2-dcf0-49e2-b3de-7e382e33d287,5b0fa12a-3dd7-45bb-9766-cc326314d9f1,9.232795500000066,7.407137456599937e-05,8.022637842027243e-06,12.8622179792,56.256377192185305,20.0,3.119638291428018e-05,0.000144267893192,4.850712722222347e-05,0.0002239714033285,0.0,Italy,ITA,lombardy,,,Windows-11-10.0.26200-SP0,3.13.13,3.2.6,32,13th Gen Intel(R) Core(TM) i9-13900HX,1,1 x NVIDIA GeForce RTX 4070 Laptop GPU,9.1922,45.4722,31.70067596435547,machine,0.0,75.85714285714286,32.72857142857143,10.3769771030971,N,1.0,0.0
2026-05-04T15:54:23,Q78_qwen2.5:7b_HellaSwag,8b916edc-f2f6-4668-a3b4-705e507a7924,5b0fa12a-3dd7-45bb-9766-cc326314d9f1,14.96045149999918,0.0001143952609813,7.646511268820082e-06,12.879788326400002,51.46373570271603,20.0,5.172729211604044e-05,0.000213850448858,8.032197111111197e-05,0.0003458997120851,0.0,Italy,ITA,lombardy,,,Windows-11-10.0.26200-SP0,3.13.13,3.2.6,32,13th Gen Intel(R) Core(TM) i9-13900HX,1,1 x NVIDIA GeForce RTX 4070 Laptop GPU,9.1922,45.4722,31.70067596435547,machine,0.0,55.38461538461539,33.6,10.652695875901442,N,1.0,0.0
2026-05-04T15:54:50,Q78_mistral:latest _HellaSwag,9570b1fa-3f73-4871-b086-05a2af3f1ed9,5b0fa12a-3dd7-45bb-9766-cc326314d9f1,11.30274499999723,8.505911892262621e-05,7.525527553054329e-06,12.85584981248,50.52569321497073,20.0,3.857105372783103e-05,0.000158620126896,6.0004130555555296e-05,0.0002571953111793,0.0,Italy,ITA,lombardy,,,Windows-11-10.0.26200-SP0,3.13.13,3.2.6,32,13th Gen Intel(R) Core(TM) i9-13900HX,1,1 x NVIDIA GeForce RTX 4070 Laptop GPU,9.1922,45.4722,31.70067596435547,machine,0.0,60.11111111111112,33.044444444444444,10.469890594482422,N,1.0,0.0
2026-05-04T15:55:11,Q79_phi3:mini_SQuAD,b6be9358-ac2e-466c-b9a9-27cd33e30889,5b0fa12a-3dd7-45bb-9766-cc326314d9f1,6.262290100003156,4.064855295436841e-05,6.491004457674026e-06,12.903403358720002,40.39664377896559,20.0,2.0646302374991872e-05,7.026338954400912e-05,3.200031888890307e-05,0.0001229100108079,0.0,Italy,ITA,lombardy,,,Windows-11-10.0.26200-SP0,3.13.13,3.2.6,32,13th Gen Intel(R) Core(TM) i9-13900HX,1,1 x NVIDIA GeForce RTX 4070 Laptop GPU,9.1922,45.4722,31.70067596435547,machine,9.375,23.5,33.175,10.522747039794922,N,1.0,0.0
2026-05-04T15:55:32,Q79_qwen2.5:7b_SQuAD,3f137e8a-0df4-4454-9646-53ff8b011bf1,5b0fa12a-3dd7-45bb-9766-cc326314d9f1,5.61586829999942,3.276883342514613e-05,5.835043073419211e-06,12.83597357312,33.66975818420702,20.0,1.8218311225226696e-05,5.248059753999723e-05,2.838500388889871e-05,9.908391265412264e-05,0.0,Italy,ITA,lombardy,,,Windows-11-10.0.26200-SP0,3.13.13,3.2.6,32,13th Gen Intel(R) Core(TM) i9-13900HX,1,1 x NVIDIA GeForce RTX 4070 Laptop GPU,9.1922,45.4722,31.70067596435547,machine,0.0,23.0,33.325,10.560791015625,N,1.0,0.0
2026-05-04T15:55:41,Q79_mistral:latest _SQuAD,5e5e58ee-0078-4c9c-8461-85481906c964,5b0fa12a-3dd7-45bb-9766-cc326314d9f1,4.176597500001662,2.6135274659659348e-05,6.257551669666264e-06,12.844339712,39.41263325325093,20.0,1.3072164403700912e-05,4.55997587019974e-05,2.0353937777771435e-05,7.902586088346975e-05,0.0,Italy,ITA,lombardy,,,Windows-11-10.0.26200-SP0,3.13.13,3.2.6,32,13th Gen Intel(R) Core(TM) i9-13900HX,1,1 x NVIDIA GeForce RTX 4070 Laptop GPU,9.1922,45.4722,31.70067596435547,machine,0.0,35.0,32.85,10.414838790893556,N,1.0,0.0
2026-05-04T15:55:52,Q80_phi3:mini_GSM8K,2f18b58e-faec-4961-ac4e-ecb42d254c00,5b0fa12a-3dd7-45bb-9766-cc326314d9f1,6.580710199999885,5.250387469310548e-05,7.978451124182066e-06,12.8297012096,56.55157989516248,20.0,2.16584739958307e-05,0.000103337027114,3.3761732222208394e-05,0.000158757233332,0.0,Italy,ITA,lombardy,,,Windows-11-10.0.26200-SP0,3.13.13,3.2.6,32,13th Gen Intel(R) Core(TM) i9-13900HX,1,1 x NVIDIA GeForce RTX 4070 Laptop GPU,9.1922,45.4722,31.70067596435547,machine,0.0,69.0,32.76,10.377520751953124,N,1.0,0.0
2026-05-04T15:56:23,Q80_qwen2.5:7b_GSM8K,23223559-8ce8-47f2-a0f8-75061363532d,5b0fa12a-3dd7-45bb-9766-cc326314d9f1,15.2465712000012,0.0001333983074379,8.749397204660971e-06,12.851580948114288,63.47762575762701,20.0,5.263407066227583e-05,0.000268816326164,8.190928555555325e-05,0.0004033596823818,0.0,Italy,ITA,lombardy,,,Windows-11-10.0.26200-SP0,3.13.13,3.2.6,32,13th Gen Intel(R) Core(TM) i9-13900HX,1,1 x NVIDIA GeForce RTX 4070 Laptop GPU,9.1922,45.4722,31.70067596435547,machine,0.0,77.92307692307692,33.66153846153846,10.675765110896185,N,1.0,0.0
2026-05-04T15:56:49,Q80_mistral:latest _GSM8K,9421511b-f976-4c73-b32b-55d76fe434e0,5b0fa12a-3dd7-45bb-9766-cc326314d9f1,11.114131900001668,0.000104592870312,9.410799804528546e-06,12.823745415680005,71.1034277365222,20.0,3.780312730383194e-05,0.0002194998978219,5.895696166666716e-05,0.0003162599867924,0.0,Italy,ITA,lombardy,,,Windows-11-10.0.26200-SP0,3.13.13,3.2.6,32,13th Gen Intel(R) Core(TM) i9-13900HX,1,1 x NVIDIA GeForce RTX 4070 Laptop GPU,9.1922,45.4722,31.70067596435547,machine,4.444444444444445,86.33333333333333,33.099999999999994,10.486300150553385,N,1.0,0.0
2026-05-04T15:57:19,Q81_phi3:mini_MMLU,5c36235b-ce51-49ec-a866-3e521b7a2bff,5b0fa12a-3dd7-45bb-9766-cc326314d9f1,4.746288199999981,3.1485186550459136e-05,6.633644065368652e-06,12.840197772800002,42.84494584422646,20.0,1.514038509507051e-05,5.648004518399308e-05,2.35820883333468e-05,9.520251861241038e-05,0.0,Italy,ITA,lombardy,,,Windows-11-10.0.26200-SP0,3.13.13,3.2.6,32,13th Gen Intel(R) Core(TM) i9-13900HX,1,1 x NVIDIA GeForce RTX 4070 Laptop GPU,9.1922,45.4722,31.70067596435547,machine,0.0,32.333333333333336,32.9,10.423909505208334,N,1.0,0.0
2026-05-04T15:57:41,Q81_qwen2.5:7b_MMLU,1f457f1b-a7e9-4529-a406-d2d9f14a43c1,5b0fa12a-3dd7-45bb-9766-cc326314d9f1,7.55162349999955,5.21317027587149e-05,6.903376837936638e-06,12.83939199817143,44.49621237988838,20.0,2.5141233961712663e-05,9.332979688600472e-05,3.916085722222407e-05,0.0001576318880699,0.0,Italy,ITA,lombardy,,,Windows-11-10.0.26200-SP0,3.13.13,3.2.6,32,13th Gen Intel(R) Core(TM) i9-13900HX,1,1 x NVIDIA GeForce RTX 4070 Laptop GPU,9.1922,45.4722,31.70067596435547,machine,0.0,43.16666666666666,33.68333333333333,10.681699752807615,N,1.0,0.0
2026-05-04T15:58:03,Q81_mistral:latest _MMLU,c029338f-5697-4681-ac6b-a2ed7095ffaa,5b0fa12a-3dd7-45bb-9766-cc326314d9f1,6.409782300001098,4.5109678773754446e-05,7.03763040029405e-06,12.91643116544,46.27590111806831,20.0,2.119631095331924e-05,8.23833992399936e-05,3.2819514444458446e-05,0.0001363992246377,0.0,Italy,ITA,lombardy,,,Windows-11-10.0.26200-SP0,3.13.13,3.2.6,32,13th Gen Intel(R) Core(TM) i9-13900HX,1,1 x NVIDIA GeForce RTX 4070 Laptop GPU,9.1922,45.4722,31.70067596435547,machine,0.0,62.5,33.125,10.49498176574707,N,1.0,0.0
2026-05-04T15:58:23,Q82_phi3:mini_MMLU,dd61ea3c-c994-4769-b611-687b67e0be25,5b0fa12a-3dd7-45bb-9766-cc326314d9f1,4.910569600000599,3.365546889966204e-05,6.853679235023557e-06,12.841033664,45.13022971926731,20.0,1.5725828947880904e-05,6.154754923799743e-05,2.449147555556313e-05,0.0001017648537414,0.0,Italy,ITA,lombardy,,,Windows-11-10.0.26200-SP0,3.13.13,3.2.6,32,13th Gen Intel(R) Core(TM) i9-13900HX,1,1 x NVIDIA GeForce RTX 4070 Laptop GPU,9.1922,45.4722,31.70067596435547,machine,0.0,65.0,32.93333333333333,10.441366831461588,N,1.0,0.0
2026-05-04T15:58:35,Q82_qwen2.5:7b_MMLU,12dc245d-cdac-4815-8e59-d96934bd7a29,5b0fa12a-3dd7-45bb-9766-cc326314d9f1,7.666042199998628,5.075566750964854e-05,6.620843739897182e-06,12.866545954742858,41.357426948474014,20.0,2.5606887176855422e-05,8.806145933799858e-05,3.980279055554598e-05,0.0001534711370703,0.0,Italy,ITA,lombardy,,,Windows-11-10.0.26200-SP0,3.13.13,3.2.6,32,13th Gen Intel(R) Core(TM) i9-13900HX,1,1 x NVIDIA GeForce RTX 4070 Laptop GPU,9.1922,45.4722,31.70067596435547,machine,0.0,37.5,33.88333333333333,10.74213409423828,N,1.0,0.0
2026-05-04T15:58:54,Q82_mistral:latest _MMLU,303e672e-b74d-4751-a169-e032aff630eb,5b0fa12a-3dd7-45bb-9766-cc326314d9f1,4.018801900001563,2.408020228396812e-05,5.991885861295813e-06,12.862378112000002,36.472400770267626,20.0,1.256618970003048e-05,4.070725478798332e-05,1.95384444444547e-05,7.281188893246849e-05,0.0,Italy,ITA,lombardy,,,Windows-11-10.0.26200-SP0,3.13.13,3.2.6,32,13th Gen Intel(R) Core(TM) i9-13900HX,1,1 x NVIDIA GeForce RTX 4070 Laptop GPU,9.1922,45.4722,31.70067596435547,machine,0.0,27.0,33.15,10.498321533203123,N,1.0,0.0
2026-05-04T15:59:19,Q83_phi3:mini_HumanEval,2f386552-1f83-4cd2-acd3-74e22d900923,5b0fa12a-3dd7-45bb-9766-cc326314d9f1,9.25052770000184,7.92082302149298e-05,8.562563432453055e-06,12.832612414400002,62.16546616983066,20.0,3.118385664669956e-05,0.000159719849998,4.860013111111686e-05,0.0002395038377558,0.0,Italy,ITA,lombardy,,,Windows-11-10.0.26200-SP0,3.13.13,3.2.6,32,13th Gen Intel(R) Core(TM) i9-13900HX,1,1 x NVIDIA GeForce RTX 4070 Laptop GPU,9.1922,45.4722,31.70067596435547,machine,0.0,75.85714285714286,33.07142857142857,10.47545405796596,N,1.0,0.0
2026-05-04T15:59:45,Q83_qwen2.5:7b_HumanEval,de7ffb3d-33f0-49cb-a0e3-aec89ff480cc,5b0fa12a-3dd7-45bb-9766-cc326314d9f1,10.853719499998988,8.683444448594939e-05,8.000431970437184e-06,12.827509425920002,55.7824000736104,20.0,3.688574529531638e-05,0.0001681681900899,5.750947055554813e-05,0.0002625634059408,0.0,Italy,ITA,lombardy,,,Windows-11-10.0.26200-SP0,3.13.13,3.2.6,32,13th Gen Intel(R) Core(TM) i9-13900HX,1,1 x NVIDIA GeForce RTX 4070 Laptop GPU,9.1922,45.4722,31.70067596435547,machine,0.0,68.22222222222223,33.64444444444444,10.667974683973524,N,1.0,0.0
2026-05-04T16:00:07,Q83_mistral:latest _HumanEval,1d717836-1c95-4a37-a596-9ac7db4e953a,5b0fa12a-3dd7-45bb-9766-cc326314d9f1,7.228104300000268,5.37794255630462e-05,7.4403222935015215e-06,12.822661184,50.705872270317656,20.0,2.387938831921271e-05,0.0001014898034139,3.724495555555526e-05,0.0001626141472887,0.0,Italy,ITA,lombardy,,,Windows-11-10.0.26200-SP0,3.13.13,3.2.6,32,13th Gen Intel(R) Core(TM) i9-13900HX,1,1 x NVIDIA GeForce RTX 4070 Laptop GPU,9.1922,45.4722,31.70067596435547,machine,0.0,65.6,33.1,10.494307708740234,N,1.0,0.0
2026-05-04T16:00:27,Q84_phi3:mini_SQuAD,1a3417ca-0dd1-480e-ae4c-59429a581330,5b0fa12a-3dd7-45bb-9766-cc326314d9f1,4.538786200002505,3.125987743432572e-05,6.887276918729608e-06,12.840506192,45.77645299695603,20.0,1.4396982060624396e-05,5.770087949399927e-05,2.24233844444623e-05,9.452124599908595e-05,0.0,Italy,ITA,lombardy,,,Windows-11-10.0.26200-SP0,3.13.13,3.2.6,32,13th Gen Intel(R) Core(TM) i9-13900HX,1,1 x NVIDIA GeForce RTX 4070 Laptop GPU,9.1922,45.4722,31.70067596435547,machine,0.0,6.333333333333333,33.1,10.498696645100912,N,1.0,0.0
2026-05-04T16:00:47,Q84_qwen2.5:7b_SQuAD,fab79e88-d4cd-46b5-be74-cdb4f5b86494,5b0fa12a-3dd7-45bb-9766-cc326314d9f1,5.749398500000098,3.422655535344636e-05,5.953067151884806e-06,12.84757589504,34.83113783682105,20.0,1.872566269954104e-05,5.561698893800926e-05,2.914900999999696e-05,0.0001034916616375,0.0,Italy,ITA,lombardy,,,Windows-11-10.0.26200-SP0,3.13.13,3.2.6,32,13th Gen Intel(R) Core(TM) i9-13900HX,1,1 x NVIDIA GeForce RTX 4070 Laptop GPU,9.1922,45.4722,31.70067596435547,machine,0.0,7.5,33.65,10.668427467346191,N,1.0,0.0
2026-05-04T16:00:57,Q84_mistral:latest _SQuAD,84f8cd06-4ce1-4a7d-85eb-f3ba0c3bbf79,5b0fa12a-3dd7-45bb-9766-cc326314d9f1,4.586123500001122,2.8890482849218385e-05,6.2995431434001535e-06,12.846720800000003,39.33852090759122,20.0,1.4571167536082971e-05,5.010254008200321e-05,2.268314277777488e-05,8.735685039586107e-05,0.0,Italy,ITA,lombardy,,,Windows-11-10.0.26200-SP0,3.13.13,3.2.6,32,13th Gen Intel(R) Core(TM) i9-13900HX,1,1 x NVIDIA GeForce RTX 4070 Laptop GPU,9.1922,45.4722,31.70067596435547,machine,0.0,57.333333333333336,33.36666666666667,10.57929229736328,N,1.0,0.0
2026-05-04T16:01:11,Q85_phi3:mini_HellaSwag,d6f12907-02bc-4fe8-b54c-193e78a51a3d,5b0fa12a-3dd7-45bb-9766-cc326314d9f1,9.186498800001573,7.800399251929352e-05,8.491155794771363e-06,12.8375960528,61.39835672168943,20.0,3.0965072617911697e-05,0.00015665706977,4.8240412777785326e-05,0.0002358625551657,0.0,Italy,ITA,lombardy,,,Windows-11-10.0.26200-SP0,3.13.13,3.2.6,32,13th Gen Intel(R) Core(TM) i9-13900HX,1,1 x NVIDIA GeForce RTX 4070 Laptop GPU,9.1922,45.4722,31.70067596435547,machine,0.0,69.57142857142857,33.22857142857143,10.530652727399554,N,1.0,0.0
2026-05-04T16:01:38,Q85_qwen2.5:7b_HellaSwag,14ae4e09-4d62-4255-972c-127b6f34c99e,5b0fa12a-3dd7-45bb-9766-cc326314d9f1,11.13116980000268,8.81390758039325e-05,7.918222198345341e-06,12.838487121920002,54.88204815377856,20.0,3.788756769297064e-05,0.000169599580124,5.902110333334147e-05,0.0002665082511503,0.0,Italy,ITA,lombardy,,,Windows-11-10.0.26200-SP0,3.13.13,3.2.6,32,13th Gen Intel(R) Core(TM) i9-13900HX,1,1 x NVIDIA GeForce RTX 4070 Laptop GPU,9.1922,45.4722,31.70067596435547,machine,0.0,65.11111111111111,33.577777777777776,10.643136342366535,N,1.0,0.0
2026-05-04T16:01:59,Q85_mistral:latest _HellaSwag,0d2beb9c-e30b-49b7-a924-97a7a6815458,5b0fa12a-3dd7-45bb-9766-cc326314d9f1,6.533491400001367,4.792607101990173e-05,7.335445642415892e-06,12.844289400320005,49.54598887121777,20.0,2.151671649769e-05,8.989618302800151e-05,3.35023183333356e-05,0.000144915217859,0.0,Italy,ITA,lombardy,,,Windows-11-10.0.26200-SP0,3.13.13,3.2.6,32,13th Gen Intel(R) Core(TM) i9-13900HX,1,1 x NVIDIA GeForce RTX 4070 Laptop GPU,9.1922,45.4722,31.70067596435547,machine,0.0,66.25,33.05,10.481261253356934,N,1.0,0.0
2026-05-04T16:02:19,Q86_phi3:mini_HumanEval,22cd0c23-655c-4241-b015-baefe69e8325,5b0fa12a-3dd7-45bb-9766-cc326314d9f1,4.424952699999267,2.625011620141662e-05,5.932293061894418e-06,12.831841779200005,35.49285035905722,20.0,1.3979230139970331e-05,4.360697932999369e-05,2.1786900555546e-05,7.937311002551001e-05,0.0,Italy,ITA,lombardy,,,Windows-11-10.0.26200-SP0,3.13.13,3.2.6,32,13th Gen Intel(R) Core(TM) i9-13900HX,1,1 x NVIDIA GeForce RTX 4070 Laptop GPU,9.1922,45.4722,31.70067596435547,machine,0.0,1.5,32.95,10.442899703979492,N,1.0,0.0
2026-05-04T16:02:46,Q86_qwen2.5:7b_HumanEval,27cdd51d-a96d-4b70-8318-72bf6cab5682,5b0fa12a-3dd7-45bb-9766-cc326314d9f1,11.929886499998249,9.994238811421958e-05,8.377480214437435e-06,12.833039328581815,59.74478758901187,20.0,4.0737268131053954e-05,0.0001979740472679,6.348689611111493e-05,0.0003021982115101,0.0,Italy,ITA,lombardy,,,Windows-11-10.0.26200-SP0,3.13.13,3.2.6,32,13th Gen Intel(R) Core(TM) i9-13900HX,1,1 x NVIDIA GeForce RTX 4070 Laptop GPU,9.1922,45.4722,31.70067596435547,machine,0.0,59.4,33.440000000000005,10.59709701538086,N,1.0,0.0
2026-05-04T16:03:13,Q86_mistral:latest _HumanEval,b6dd6e0b-6cfc-40cd-827d-f5b5c0acd7b8,5b0fa12a-3dd7-45bb-9766-cc326314d9f1,11.772215100001633,0.0001081508747441,9.186960467966998e-06,12.823250344727274,68.58722726825034,20.0,4.014471793878828e-05,0.000224263234966,6.261045777777731e-05,0.0003270184106825,0.0,Italy,ITA,lombardy,,,Windows-11-10.0.26200-SP0,3.13.13,3.2.6,32,13th Gen Intel(R) Core(TM) i9-13900HX,1,1 x NVIDIA GeForce RTX 4070 Laptop GPU,9.1922,45.4722,31.70067596435547,machine,0.0,69.3,32.779999999999994,10.392940521240234,N,1.0,0.0
2026-05-04T16:03:37,Q87_phi3:mini_HellaSwag,7dcf69cc-5988-441a-8aac-2b03d6bb7b09,5b0fa12a-3dd7-45bb-9766-cc326314d9f1,9.185626499998762,7.586824793069557e-05,8.259452736370872e-06,12.8273129408,58.882534444534095,20.0,3.093955862759791e-05,0.0001502259535139,4.823914055555684e-05,0.0002294046526971,0.0,Italy,ITA,lombardy,,,Windows-11-10.0.26200-SP0,3.13.13,3.2.6,32,13th Gen Intel(R) Core(TM) i9-13900HX,1,1 x NVIDIA GeForce RTX 4070 Laptop GPU,9.1922,45.4722,31.70067596435547,machine,0.0,77.85714285714286,32.57142857142857,10.328053065708705,N,1.0,0.0
2026-05-04T16:04:02,Q87_qwen2.5:7b_HellaSwag,8dd55029-97c4-406c-af07-82bec09e2ae5,5b0fa12a-3dd7-45bb-9766-cc326314d9f1,10.4267061999999,8.604419217038051e-05,8.252288931895036e-06,12.8276370816,58.594834037003736,20.0,3.536084574767328e-05,0.0001696823579679,5.5130697222234126e-05,0.0002601739009379,0.0,Italy,ITA,lombardy,,,Windows-11-10.0.26200-SP0,3.13.13,3.2.6,32,13th Gen Intel(R) Core(TM) i9-13900HX,1,1 x NVIDIA GeForce RTX 4070 Laptop GPU,9.1922,45.4722,31.70067596435547,machine,0.0,66.625,33.4375,10.594932556152344,N,1.0,0.0
2026-05-04T16:04:23,Q87_mistral:latest _HellaSwag,7722dd06-2f50-492a-864c-59fbb188b3ba,5b0fa12a-3dd7-45bb-9766-cc326314d9f1,5.149269499997899,3.455626847993018e-05,6.710906950965429e-06,12.963062432,43.31055717239977,20.0,1.6733276958572962e-05,6.194004955199783e-05,2.5815296666668373e-05,0.0001044886231772,0.0,Italy,ITA,lombardy,,,Windows-11-10.0.26200-SP0,3.13.13,3.2.6,32,13th Gen Intel(R) Core(TM) i9-13900HX,1,1 x NVIDIA GeForce RTX 4070 Laptop GPU,9.1922,45.4722,31.70067596435547,machine,0.0,50.66666666666666,33.03333333333334,10.470181783040363,N,1.0,0.0
2026-05-04T16:04:43,Q88_phi3:mini_MMLU,5f08d790-1a33-49e4-b59d-aab31f7e891b,5b0fa12a-3dd7-45bb-9766-cc326314d9f1,5.714710099997319,4.231594230729479e-05,7.404739972254172e-06,12.85046872832,50.655724433171486,20.0,1.8604352485121583e-05,8.039367542600484e-05,2.8953708333331936e-05,0.0001279517362444,0.0,Italy,ITA,lombardy,,,Windows-11-10.0.26200-SP0,3.13.13,3.2.6,32,13th Gen Intel(R) Core(TM) i9-13900HX,1,1 x NVIDIA GeForce RTX 4070 Laptop GPU,9.1922,45.4722,31.70067596435547,machine,0.0,61.25,32.875,10.422998428344728,N,1.0,0.0
2026-05-04T16:05:06,Q88_qwen2.5:7b_MMLU,eed624fe-4fb4-47ee-a7e9-7ea10c62de42,5b0fa12a-3dd7-45bb-9766-cc326314d9f1,7.185152300000482,4.695242221649596e-05,6.534645370912014e-06,12.8320976192,40.69174682015968,20.0,2.378925147357705e-05,8.110506488399893e-05,3.707685611110113e-05,0.0001419711724686,0.0,Italy,ITA,lombardy,,,Windows-11-10.0.26200-SP0,3.13.13,3.2.6,32,13th Gen Intel(R) Core(TM) i9-13900HX,1,1 x NVIDIA GeForce RTX 4070 Laptop GPU,9.1922,45.4722,31.70067596435547,machine,0.0,47.8,33.6,10.64808349609375,N,1.0,0.0
2026-05-04T16:05:25,Q88_mistral:latest _MMLU,67076404-7ea1-46da-bf7e-0abc491b28de,5b0fa12a-3dd7-45bb-9766-cc326314d9f1,4.063219299998309,2.417643345514252e-05,5.950068571281048e-06,12.846218048000004,35.99665453829888,20.0,1.2705642954415084e-05,4.061669915998711e-05,1.9780523333328245e-05,7.310286544773044e-05,0.0,Italy,ITA,lombardy,,,Windows-11-10.0.26200-SP0,3.13.13,3.2.6,32,13th Gen Intel(R) Core(TM) i9-13900HX,1,1 x NVIDIA GeForce RTX 4070 Laptop GPU,9.1922,45.4722,31.70067596435547,machine,0.0,27.0,32.75,10.382461547851562,N,1.0,0.0
2026-05-04T16:05:39,Q89_phi3:mini_HumanEval,3f8a0413-319b-4749-ae71-ef90de519529,5b0fa12a-3dd7-45bb-9766-cc326314d9f1,9.258574899999076,7.933703259940328e-05,8.569032864810674e-06,12.8331540704,62.23253570839668,20.0,3.121468594253156e-05,0.000160032350248,4.864626444444487e-05,0.0002398933006349,0.0,Italy,ITA,lombardy,,,Windows-11-10.0.26200-SP0,3.13.13,3.2.6,32,13th Gen Intel(R) Core(TM) i9-13900HX,1,1 x NVIDIA GeForce RTX 4070 Laptop GPU,9.1922,45.4722,31.70067596435547,machine,0.0,76.42857142857143,32.57142857142857,10.328863416399274,N,1.0,0.0
2026-05-04T16:06:06,Q89_qwen2.5:7b_HumanEval,97dfc692-fef2-47f7-9bb7-f1ced8c6d1ab,5b0fa12a-3dd7-45bb-9766-cc326314d9f1,11.844961800001329,9.590338004862908e-05,8.096554608442749e-06,12.840103308800002,56.69092896014504,20.0,4.045716888996881e-05,0.00018651264921,6.301554722223146e-05,0.0002899853653222,0.0,Italy,ITA,lombardy,,,Windows-11-10.0.26200-SP0,3.13.13,3.2.6,32,13th Gen Intel(R) Core(TM) i9-13900HX,1,1 x NVIDIA GeForce RTX 4070 Laptop GPU,9.1922,45.4722,31.70067596435547,machine,6.67,67.3,33.4,10.594265747070311,N,1.0,0.0
2026-05-04T16:06:31,Q89_mistral:latest _HumanEval,596e2bc8-29f0-43dd-ae44-da5dec8ffc9b,5b0fa12a-3dd7-45bb-9766-cc326314d9f1,9.657474699997692,8.484009433616211e-05,8.78491499813946e-06,12.834372928000002,64.51334100484793,20.0,3.2637137264344706e-05,0.000173037916208,5.085798777777705e-05,0.0002565330412501,0.0,Italy,ITA,lombardy,,,Windows-11-10.0.26200-SP0,3.13.13,3.2.6,32,13th Gen Intel(R) Core(TM) i9-13900HX,1,1 x NVIDIA GeForce RTX 4070 Laptop GPU,9.1922,45.4722,31.70067596435547,machine,0.0,69.625,32.7,10.36146593093872,N,1.0,0.0
2026-05-04T16:06:51,Q90_phi3:mini_MMLU,57a372df-fed0-4ff5-a146-c6571442a990,5b0fa12a-3dd7-45bb-9766-cc326314d9f1,5.082521199998155,3.615143048138527e-05,7.112893199815556e-06,12.840271616,47.83882544072061,20.0,1.633655844784531e-05,6.753033180199874e-05,2.54450627777664e-05,0.0001093119530276,0.0,Italy,ITA,lombardy,,,Windows-11-10.0.26200-SP0,3.13.13,3.2.6,32,13th Gen Intel(R) Core(TM) i9-13900HX,1,1 x NVIDIA GeForce RTX 4070 Laptop GPU,9.1922,45.4722,31.70067596435547,machine,0.0,49.333333333333336,32.5,10.303014119466146,N,1.0,0.0
2026-05-04T16:07:12,Q90_qwen2.5:7b_MMLU,185c3f32-13dd-4bdf-b918-13e06bb21187,5b0fa12a-3dd7-45bb-9766-cc326314d9f1,5.859325099998387,3.527333268091423e-05,6.020033379087284e-06,12.86688104192,35.53296976896786,20.0,1.9131905169851823e-05,5.778810178599936e-05,2.973682055554592e-05,0.0001066568275113,0.0,Italy,ITA,lombardy,,,Windows-11-10.0.26200-SP0,3.13.13,3.2.6,32,13th Gen Intel(R) Core(TM) i9-13900HX,1,1 x NVIDIA GeForce RTX 4070 Laptop GPU,9.1922,45.4722,31.70067596435547,machine,0.0,14.0,33.275,10.549943923950195,N,1.0,0.0
2026-05-04T16:07:32,Q90_mistral:latest _MMLU,78ae0595-abb8-4b74-bea2-596d08093d70,5b0fa12a-3dd7-45bb-9766-cc326314d9f1,5.341113900001801,3.590847380266475e-05,6.7230309023465385e-06,12.8542661408,43.428861495260456,20.0,1.727730807327957e-05,6.441949598000318e-05,2.688051500000357e-05,0.0001085773190532,0.0,Italy,ITA,lombardy,,,Windows-11-10.0.26200-SP0,3.13.13,3.2.6,32,13th Gen Intel(R) Core(TM) i9-13900HX,1,1 x NVIDIA GeForce RTX 4070 Laptop GPU,9.1922,45.4722,31.70067596435547,machine,0.0,51.66666666666666,32.7,10.359512329101562,N,1.0,0.0
2026-05-04T16:07:54,Q91_phi3:mini_MMLU,d9132be2-334e-495b-ba90-6d90a9fdb3ba,5b0fa12a-3dd7-45bb-9766-cc326314d9f1,6.451729699998396,4.957388058728295e-05,7.683812387133217e-06,12.83826651392,53.391574290103776,20.0,2.121035402003159e-05,9.564563207201116e-05,3.304175333333761e-05,0.0001498977394253,0.0,Italy,ITA,lombardy,,,Windows-11-10.0.26200-SP0,3.13.13,3.2.6,32,13th Gen Intel(R) Core(TM) i9-13900HX,1,1 x NVIDIA GeForce RTX 4070 Laptop GPU,9.1922,45.4722,31.70067596435547,machine,0.0,70.5,32.575,10.327574729919434,N,1.0,0.0
2026-05-04T16:08:16,Q91_qwen2.5:7b_MMLU,d6d8675a-69e5-49cf-a3d4-3ebeb4cd264c,5b0fa12a-3dd7-45bb-9766-cc326314d9f1,6.749418499999592,4.500385031399224e-05,6.667811503168008e-06,12.8470060928,42.18228413598527,20.0,2.229572142021204e-05,7.907534103800129e-05,3.470816611111837e-05,0.0001360792285693,0.0,Italy,ITA,lombardy,,,Windows-11-10.0.26200-SP0,3.13.13,3.2.6,32,13th Gen Intel(R) Core(TM) i9-13900HX,1,1 x NVIDIA GeForce RTX 4070 Laptop GPU,9.1922,45.4722,31.70067596435547,machine,0.0,30.2,33.2,10.52554397583008,N,1.0,0.0
2026-05-04T16:08:25,Q91_mistral:latest _MMLU,c3b781fe-ad60-42ca-88f7-fd6b634c1bc7,5b0fa12a-3dd7-45bb-9766-cc326314d9f1,4.51486229999864,2.6644435121383085e-05,5.901494519864119e-06,12.864527360000002,35.04921825466374,20.0,1.4336361508740364e-05,4.394225737600066e-05,2.228680277777231e-05,8.056542166251334e-05,0.0,Italy,ITA,lombardy,,,Windows-11-10.0.26200-SP0,3.13.13,3.2.6,32,13th Gen Intel(R) Core(TM) i9-13900HX,1,1 x NVIDIA GeForce RTX 4070 Laptop GPU,9.1922,45.4722,31.70067596435547,machine,0.0,23.5,32.599999999999994,10.337329864501951,N,1.0,0.0
2026-05-04T16:08:36,Q92_phi3:mini_GSM8K,0ce00be4-f54f-4c4f-97ff-7f5f59e9bc88,5b0fa12a-3dd7-45bb-9766-cc326314d9f1,6.458661300002859,5.1592635191048105e-05,7.98813140906232e-06,12.945525616640005,56.666993645409846,20.0,2.1396509657149843e-05,0.00010155008124,3.305530555555581e-05,0.0001560018964527,0.0,Italy,ITA,lombardy,,,Windows-11-10.0.26200-SP0,3.13.13,3.2.6,32,13th Gen Intel(R) Core(TM) i9-13900HX,1,1 x NVIDIA GeForce RTX 4070 Laptop GPU,9.1922,45.4722,31.70067596435547,machine,0.0,63.5,32.65,10.358033180236816,N,1.0,0.0
2026-05-04T16:09:00,Q92_qwen2.5:7b_GSM8K,cbb8fbd2-ae74-4af5-b4ed-fbd18dd949b9,5b0fa12a-3dd7-45bb-9766-cc326314d9f1,8.921299099998578,6.776594484137476e-05,7.595972748115301e-06,12.8393232464,51.71429847541538,20.0,3.002154187453076e-05,0.0001281203802739,4.676360111110019e-05,0.0002049055232596,0.0,Italy,ITA,lombardy,,,Windows-11-10.0.26200-SP0,3.13.13,3.2.6,32,13th Gen Intel(R) Core(TM) i9-13900HX,1,1 x NVIDIA GeForce RTX 4070 Laptop GPU,9.1922,45.4722,31.70067596435547,machine,14.285714285714286,62.285714285714285,33.67142857142857,10.672731672014509,N,1.0,0.0
2026-05-04T16:09:23,Q92_mistral:latest _GSM8K,a1ffd3b3-9e02-4523-85bb-b1d4b1f42164,5b0fa12a-3dd7-45bb-9766-cc326314d9f1,7.67248820000168,6.124357713926862e-05,7.982231519007772e-06,12.835216952685714,56.26211318270896,20.0,2.554921562073597e-05,0.000119824540304,3.980992666666781e-05,0.0001851836825914,0.0,Italy,ITA,lombardy,,,Windows-11-10.0.26200-SP0,3.13.13,3.2.6,32,13th Gen Intel(R) Core(TM) i9-13900HX,1,1 x NVIDIA GeForce RTX 4070 Laptop GPU,9.1922,45.4722,31.70067596435547,machine,0.0,73.83333333333333,32.85,10.410465240478516,N,1.0,0.0
2026-05-04T16:09:43,Q93_phi3:mini_SQuAD,8ab494ae-5a2d-4f7d-a3a3-7ee8b54488e5,5b0fa12a-3dd7-45bb-9766-cc326314d9f1,4.834251899999799,3.026040959810526e-05,6.2595847763138935e-06,12.844172259200002,38.75002295264496,20.0,1.5447854377512274e-05,5.199809715399073e-05,2.40531794444501e-05,9.14991309759531e-05,0.0,Italy,ITA,lombardy,,,Windows-11-10.0.26200-SP0,3.13.13,3.2.6,32,13th Gen Intel(R) Core(TM) i9-13900HX,1,1 x NVIDIA GeForce RTX 4070 Laptop GPU,9.1922,45.4722,31.70067596435547,machine,0.0,67.0,32.4,10.272137959798178,N,1.0,0.0
2026-05-04T16:09:54,Q93_qwen2.5:7b_SQuAD,d1e43ee5-2cfd-41f8-a68f-322ce1820f04,5b0fa12a-3dd7-45bb-9766-cc326314d9f1,5.737258100001782,3.208587601574683e-05,5.592545333760889e-06,12.8485334144,30.95091117718027,20.0,1.867151731010346e-05,4.928476165000362e-05,2.9062558888896697e-05,9.701883784900376e-05,0.0,Italy,ITA,lombardy,,,Windows-11-10.0.26200-SP0,3.13.13,3.2.6,32,13th Gen Intel(R) Core(TM) i9-13900HX,1,1 x NVIDIA GeForce RTX 4070 Laptop GPU,9.1922,45.4722,31.70067596435547,machine,0.0,12.5,33.025000000000006,10.464709281921388,N,1.0,0.0
2026-05-04T16:10:13,Q93_mistral:latest _SQuAD,88b0fbc3-a6af-431c-9c06-945f6171ee65,5b0fa12a-3dd7-45bb-9766-cc326314d9f1,4.565237300001172,2.960733782616271e-05,6.48538857468704e-06,12.830172233600004,41.43008153165293,20.0,1.4471723986905778e-05,5.249531977399857e-05,2.2557378333335188e-05,8.952442209423953e-05,0.0,Italy,ITA,lombardy,,,Windows-11-10.0.26200-SP0,3.13.13,3.2.6,32,13th Gen Intel(R) Core(TM) i9-13900HX,1,1 x NVIDIA GeForce RTX 4070 Laptop GPU,9.1922,45.4722,31.70067596435547,machine,0.0,50.333333333333336,32.73333333333333,10.371373494466146,N,1.0,0.0
2026-05-04T16:10:24,Q94_phi3:mini_SQuAD,481c603b-ae66-454d-b040-e1a19a61c9ac,5b0fa12a-3dd7-45bb-9766-cc326314d9f1,5.444084800001292,3.86238801822052e-05,7.094650726637476e-06,12.8454597632,47.41882960295713,20.0,1.7634785958597583e-05,7.169727957999361e-05,2.7455893333333533e-05,0.0001167879588719,0.0,Italy,ITA,lombardy,,,Windows-11-10.0.26200-SP0,3.13.13,3.2.6,32,13th Gen Intel(R) Core(TM) i9-13900HX,1,1 x NVIDIA GeForce RTX 4070 Laptop GPU,9.1922,45.4722,31.70067596435547,machine,0.0,52.0,32.53333333333333,10.322714487711588,N,1.0,0.0
2026-05-04T16:10:45,Q94_qwen2.5:7b_SQuAD,effcb2d2-93ef-4b56-b6fb-321c2f7b126e,5b0fa12a-3dd7-45bb-9766-cc326314d9f1,5.701857600000949,3.43898690133054e-05,6.031344769693946e-06,12.90613530368,35.64953246695613,20.0,1.864140637187029e-05,5.64572673879965e-05,2.888680333332256e-05,0.0001039854770931,0.0,Italy,ITA,lombardy,,,Windows-11-10.0.26200-SP0,3.13.13,3.2.6,32,13th Gen Intel(R) Core(TM) i9-13900HX,1,1 x NVIDIA GeForce RTX 4070 Laptop GPU,9.1922,45.4722,31.70067596435547,machine,0.0,14.25,33.2,10.522032737731934,N,1.0,0.0
2026-05-04T16:10:54,Q94_mistral:latest _SQuAD,3abc9836-b61c-4e03-9542-e07842e87d18,5b0fa12a-3dd7-45bb-9766-cc326314d9f1,4.245468400000391,2.4229570635175534e-05,5.707160754081529e-06,12.861411008000005,33.152150232941,20.0,1.3375665238360605e-05,3.909030904999944e-05,2.0797563333346463e-05,7.32635376217065e-05,0.0,Italy,ITA,lombardy,,,Windows-11-10.0.26200-SP0,3.13.13,3.2.6,32,13th Gen Intel(R) Core(TM) i9-13900HX,1,1 x NVIDIA GeForce RTX 4070 Laptop GPU,9.1922,45.4722,31.70067596435547,machine,0.0,23.5,32.95,10.448177337646484,N,1.0,0.0
2026-05-04T16:11:18,Q95_phi3:mini_GSM8K,43bab8f5-3260-4b92-80c1-b2d5252f05d1,5b0fa12a-3dd7-45bb-9766-cc326314d9f1,9.168258200003038,7.914916636287326e-05,8.63295564285559e-06,12.831276238400005,62.95728861484595,20.0,3.088440394079116e-05,0.000160302628242,4.8138212777788186e-05,0.0002393252449605,0.0,Italy,ITA,lombardy,,,Windows-11-10.0.26200-SP0,3.13.13,3.2.6,32,13th Gen Intel(R) Core(TM) i9-13900HX,1,1 x NVIDIA GeForce RTX 4070 Laptop GPU,9.1922,45.4722,31.70067596435547,machine,0.0,76.0,32.871428571428574,10.4126467023577,N,1.0,0.0
2026-05-04T16:11:43,Q95_qwen2.5:7b_GSM8K,f87ac39c-f9a8-4309-af34-05bcc23d1877,5b0fa12a-3dd7-45bb-9766-cc326314d9f1,9.679484399999636,7.613726495710044e-05,7.865838903268783e-06,12.833962816,54.50092634350856,20.0,3.271502431185064e-05,0.000146522061662,5.0980999999996536e-05,0.0002302180859738,0.0,Italy,ITA,lombardy,,,Windows-11-10.0.26200-SP0,3.13.13,3.2.6,32,13th Gen Intel(R) Core(TM) i9-13900HX,1,1 x NVIDIA GeForce RTX 4070 Laptop GPU,9.1922,45.4722,31.70067596435547,machine,0.0,54.375,33.2125,10.525389194488524,N,1.0,0.0
2026-05-04T16:12:05,Q95_mistral:latest _GSM8K,06bb5dde-85e9-4898-8cf6-ea21dcbc6caa,5b0fa12a-3dd7-45bb-9766-cc326314d9f1,7.16326939999999,5.539435190038832e-05,7.733110233211165e-06,12.841611641600002,53.64572140931516,20.0,2.376166087755284e-05,0.0001067292520499,3.700632611111764e-05,0.0001674972390386,0.0,Italy,ITA,lombardy,,,Windows-11-10.0.26200-SP0,3.13.13,3.2.6,32,13th Gen Intel(R) Core(TM) i9-13900HX,1,1 x NVIDIA GeForce RTX 4070 Laptop GPU,9.1922,45.4722,31.70067596435547,machine,0.0,71.0,32.8,10.399304962158205,N,1.0,0.0
2026-05-04T16:12:24,Q96_phi3:mini_MMLU,78ab936e-0227-44ca-8c06-bac1061e2c6c,5b0fa12a-3dd7-45bb-9766-cc326314d9f1,4.277729299999919,2.3727298928714205e-05,5.54670416585609e-06,12.845733248000002,31.406813948840902,20.0,1.3469926695115392e-05,3.730391873200956e-05,2.097096111111669e-05,7.174480653824165e-05,0.0,Italy,ITA,lombardy,,,Windows-11-10.0.26200-SP0,3.13.13,3.2.6,32,13th Gen Intel(R) Core(TM) i9-13900HX,1,1 x NVIDIA GeForce RTX 4070 Laptop GPU,9.1922,45.4722,31.70067596435547,machine,0.0,52.0,32.75,10.391019821166992,N,1.0,0.0
2026-05-04T16:12:47,Q96_qwen2.5:7b_MMLU,8effece4-497f-4d2c-8289-093c04f98b25,5b0fa12a-3dd7-45bb-9766-cc326314d9f1,7.065694099997927,4.710309011146583e-05,6.666449105329885e-06,12.835482099200002,42.074486669943326,20.0,2.340047901243664e-05,8.256478827399494e-05,3.646148333332854e-05,0.0001424267506197,0.0,Italy,ITA,lombardy,,,Windows-11-10.0.26200-SP0,3.13.13,3.2.6,32,13th Gen Intel(R) Core(TM) i9-13900HX,1,1 x NVIDIA GeForce RTX 4070 Laptop GPU,9.1922,45.4722,31.70067596435547,machine,0.0,49.4,33.32,10.557037353515623,N,1.0,0.0
2026-05-04T16:12:56,Q96_mistral:latest _MMLU,1b1c7a93-ea20-4b62-ad5a-8d83409130f4,5b0fa12a-3dd7-45bb-9766-cc326314d9f1,4.621128800001316,2.8856528989212493e-05,6.244476239053167e-06,12.8463623264,38.70756209958878,20.0,1.4697316882154792e-05,4.967615085200994e-05,2.2880715555563964e-05,8.725418328972869e-05,0.0,Italy,ITA,lombardy,,,Windows-11-10.0.26200-SP0,3.13.13,3.2.6,32,13th Gen Intel(R) Core(TM) i9-13900HX,1,1 x NVIDIA GeForce RTX 4070 Laptop GPU,9.1922,45.4722,31.70067596435547,machine,0.0,50.333333333333336,32.96666666666667,10.457207997639976,N,1.0,0.0
2026-05-04T16:13:06,Q97_phi3:mini_GSM8K,168775ab-01be-4cc7-9f86-5a14645a6e18,5b0fa12a-3dd7-45bb-9766-cc326314d9f1,5.065828300001158,3.4595247453102825e-05,6.829139363664362e-06,12.8648341568,44.80538642586323,20.0,1.6293593341800153e-05,6.298310594200773e-05,2.5329785555550186e-05,0.0001046064848393,0.0,Italy,ITA,lombardy,,,Windows-11-10.0.26200-SP0,3.13.13,3.2.6,32,13th Gen Intel(R) Core(TM) i9-13900HX,1,1 x NVIDIA GeForce RTX 4070 Laptop GPU,9.1922,45.4722,31.70067596435547,machine,0.0,55.0,32.800000000000004,10.39648183186849,N,1.0,0.0
2026-05-04T16:13:36,Q97_qwen2.5:7b_GSM8K,59a3de52-12a5-4a55-b3c6-c6f6dd133b75,5b0fa12a-3dd7-45bb-9766-cc326314d9f1,15.218808099998569,0.0001357880062017,8.922381129294593e-06,12.815575138742858,65.39829965082532,20.0,5.238675050926887e-05,0.0002764446656,8.175405611111475e-05,0.0004105854722203,0.0,Italy,ITA,lombardy,,,Windows-11-10.0.26200-SP0,3.13.13,3.2.6,32,13th Gen Intel(R) Core(TM) i9-13900HX,1,1 x NVIDIA GeForce RTX 4070 Laptop GPU,9.1922,45.4722,31.70067596435547,machine,0.0,77.53846153846153,33.42307692307692,10.59544196495643,N,1.0,0.0
2026-05-04T16:14:05,Q97_mistral:latest _GSM8K,3fb0b881-7bc3-4d32-a935-10d34af59882,5b0fa12a-3dd7-45bb-9766-cc326314d9f1,13.565473600003315,0.0001291857537136,9.523128902308647e-06,12.8247510752,72.06331631917097,20.0,4.653553978330248e-05,0.000271516606102,7.256993611111587e-05,0.0003906220819964,0.0,Italy,ITA,lombardy,,,Windows-11-10.0.26200-SP0,3.13.13,3.2.6,32,13th Gen Intel(R) Core(TM) i9-13900HX,1,1 x NVIDIA GeForce RTX 4070 Laptop GPU,9.1922,45.4722,31.70067596435547,machine,0.0,84.36363636363636,32.809090909090905,10.403830788352272,N,1.0,0.0
2026-05-04T16:14:39,Q98_phi3:mini_HumanEval,b8e61e29-bdf3-40a3-86ca-64c804905fcb,5b0fa12a-3dd7-45bb-9766-cc326314d9f1,9.252446800001051,7.815704786221418e-05,8.447176141796922e-06,12.844364340800002,60.89401631208001,20.0,3.122128377545562e-05,0.000156490125192,4.861394333333415e-05,0.0002363253523007,0.0,Italy,ITA,lombardy,,,Windows-11-10.0.26200-SP0,3.13.13,3.2.6,32,13th Gen Intel(R) Core(TM) i9-13900HX,1,1 x NVIDIA GeForce RTX 4070 Laptop GPU,9.1922,45.4722,31.70067596435547,machine,0.0,76.71428571428571,32.67142857142857,10.351550510951451,N,1.0,0.0
2026-05-04T16:15:08,Q98_qwen2.5:7b_HumanEval,d9bbfe55-4b2d-433e-b549-f4972d0e3154,5b0fa12a-3dd7-45bb-9766-cc326314d9f1,12.912543700000242,0.000106070855714,8.214559282698551e-06,12.8314319168,57.86854765261167,20.0,4.423428533619568e-05,0.0002075487771499,6.894594444444616e-05,0.0003207290069306,0.0,Italy,ITA,lombardy,,,Windows-11-10.0.26200-SP0,3.13.13,3.2.6,32,13th Gen Intel(R) Core(TM) i9-13900HX,1,1 x NVIDIA GeForce RTX 4070 Laptop GPU,9.1922,45.4722,31.70067596435547,machine,6.054545454545454,74.81818181818181,33.79090909090909,10.715728066184305,N,1.0,0.0
2026-05-04T16:15:31,Q98_mistral:latest _HumanEval,fc8e6522-0ae9-494b-8cea-f295e63d6af0,5b0fa12a-3dd7-45bb-9766-cc326314d9f1,8.372314699998242,6.70947329123754e-05,8.013880905884901e-06,12.822533350400002,56.39303561256755,20.0,2.8028505308896305e-05,0.000131131216016,4.371624222221727e-05,0.0002028759635471,0.0,Italy,ITA,lombardy,,,Windows-11-10.0.26200-SP0,3.13.13,3.2.6,32,13th Gen Intel(R) Core(TM) i9-13900HX,1,1 x NVIDIA GeForce RTX 4070 Laptop GPU,9.1922,45.4722,31.70067596435547,machine,0.0,73.83333333333333,33.1,10.48837916056315,N,1.0,0.0
2026-05-04T16:15:54,Q99_phi3:mini_HellaSwag,51a7f2bf-4fba-42c3-9e8e-d5f0b2b17889,5b0fa12a-3dd7-45bb-9766-cc326314d9f1,7.525802000000112,6.060060990343744e-05,8.05237898943349e-06,12.842669158400003,57.00477194502333,20.0,2.5058390601676125e-05,0.00011915842866,3.9022707777783376e-05,0.0001832395270394,0.0,Italy,ITA,lombardy,,,Windows-11-10.0.26200-SP0,3.13.13,3.2.6,32,13th Gen Intel(R) Core(TM) i9-13900HX,1,1 x NVIDIA GeForce RTX 4070 Laptop GPU,9.1922,45.4722,31.70067596435547,machine,0.0,68.2,32.64,10.338648223876952,N,1.0,0.0
2026-05-04T16:16:19,Q99_qwen2.5:7b_HellaSwag,79defd35-ad46-4c99-a843-113bfcf4cbfc,5b0fa12a-3dd7-45bb-9766-cc326314d9f1,10.537774800002808,8.642632195104307e-05,8.201572304526762e-06,12.825638694400002,58.03952473218766,20.0,3.574614343925463e-05,0.000169842913652,5.574029888889022e-05,0.0002613293559801,0.0,Italy,ITA,lombardy,,,Windows-11-10.0.26200-SP0,3.13.13,3.2.6,32,13th Gen Intel(R) Core(TM) i9-13900HX,1,1 x NVIDIA GeForce RTX 4070 Laptop GPU,9.1922,45.4722,31.70067596435547,machine,0.0,67.5,33.4,10.595017433166504,N,1.0,0.0
2026-05-04T16:16:42,Q99_mistral:latest _HellaSwag,c3ad310e-67c9-4988-b699-5dc8640ded81,5b0fa12a-3dd7-45bb-9766-cc326314d9f1,7.963583600001584,6.666986780036195e-05,8.371842520790349e-06,12.828934833371427,60.38250195171199,20.0,2.658843569828168e-05,0.000133553162398,4.144969055556026e-05,0.0002015912886518,0.0,Italy,ITA,lombardy,,,Windows-11-10.0.26200-SP0,3.13.13,3.2.6,32,13th Gen Intel(R) Core(TM) i9-13900HX,1,1 x NVIDIA GeForce RTX 4070 Laptop GPU,9.1922,45.4722,31.70067596435547,machine,0.0,70.83333333333333,32.733333333333334,10.374696095784506,N,1.0,0.0
2026-05-04T16:17:07,Q100_phi3:mini_GSM8K,a587ae73-c94a-461c-b07a-376a2b99f938,5b0fa12a-3dd7-45bb-9766-cc326314d9f1,9.191662799999904,8.023162325062701e-05,8.728738749057228e-06,12.84070484,63.97716615336177,20.0,3.099431087415387e-05,0.000163329575108,4.827440999999656e-05,0.0002425982959821,0.0,Italy,ITA,lombardy,,,Windows-11-10.0.26200-SP0,3.13.13,3.2.6,32,13th Gen Intel(R) Core(TM) i9-13900HX,1,1 x NVIDIA GeForce RTX 4070 Laptop GPU,9.1922,45.4722,31.70067596435547,machine,0.0,83.14285714285714,32.68571428571429,10.359642573765344,N,1.0,0.0
2026-05-04T16:17:32,Q100_qwen2.5:7b_GSM8K,608e073e-a369-4002-b0dc-503e59076d98,5b0fa12a-3dd7-45bb-9766-cc326314d9f1,10.424310599999444,8.411259319317325e-05,8.068887854624913e-06,12.8310573824,56.59035019396008,20.0,3.536407073739214e-05,0.000163848186634,5.51210211110932e-05,0.0002543332784824,0.0,Italy,ITA,lombardy,,,Windows-11-10.0.26200-SP0,3.13.13,3.2.6,32,13th Gen Intel(R) Core(TM) i9-13900HX,1,1 x NVIDIA GeForce RTX 4070 Laptop GPU,9.1922,45.4722,31.70067596435547,machine,0.0,66.5,33.2875,10.553255558013916,N,1.0,0.0
2026-05-04T16:17:55,Q100_mistral:latest _GSM8K,c6a38d48-ec93-4ea0-b564-acb41169e060,5b0fa12a-3dd7-45bb-9766-cc326314d9f1,7.578969199999847,6.13313829778177e-05,8.09231194366365e-06,12.829349174857144,57.439707539727216,20.0,2.521979704880594e-05,0.000120914818954,3.931456722222922e-05,0.000185449183225,0.0,Italy,ITA,lombardy,,,Windows-11-10.0.26200-SP0,3.13.13,3.2.6,32,13th Gen Intel(R) Core(TM) i9-13900HX,1,1 x NVIDIA GeForce RTX 4070 Laptop GPU,9.1922,45.4722,31.70067596435547,machine,0.0,76.5,32.78333333333333,10.390949249267578,N,1.0,0.0
2026-05-04T16:18:15,Q101_phi3:mini_SQuAD,b49d6a97-2e13-43c3-9ae7-7dcd76e6fe9d,5b0fa12a-3dd7-45bb-9766-cc326314d9f1,4.778691100000287,2.950174269714348e-05,6.173603206355335e-06,12.844176464000002,37.82464052746319,20.0,1.5256408064924834e-05,5.019420682200737e-05,2.375451666666777e-05,8.920513155359997e-05,0.0,Italy,ITA,lombardy,,,Windows-11-10.0.26200-SP0,3.13.13,3.2.6,32,13th Gen Intel(R) Core(TM) i9-13900HX,1,1 x NVIDIA GeForce RTX 4070 Laptop GPU,9.1922,45.4722,31.70067596435547,machine,0.0,33.0,32.86666666666667,10.423445383707682,N,1.0,0.0
2026-05-04T16:18:35,Q101_qwen2.5:7b_SQuAD,02f165f5-8c4b-422f-bb3c-8d599c646287,5b0fa12a-3dd7-45bb-9766-cc326314d9f1,5.626243800001248,3.3225257954955506e-05,5.905406721789791e-06,12.85251868928,34.40462802328331,20.0,1.8284212651230656e-05,5.372837631600902e-05,2.845142555557282e-05,0.0001004640145228,0.0,Italy,ITA,lombardy,,,Windows-11-10.0.26200-SP0,3.13.13,3.2.6,32,13th Gen Intel(R) Core(TM) i9-13900HX,1,1 x NVIDIA GeForce RTX 4070 Laptop GPU,9.1922,45.4722,31.70067596435547,machine,0.0,33.75,33.375,10.577481269836426,N,1.0,0.0
2026-05-04T16:18:45,Q101_mistral:latest _SQuAD,ff2ed697-49f8-4e57-bfeb-a57f6b98ebf1,5b0fa12a-3dd7-45bb-9766-cc326314d9f1,4.715115099999821,3.086546858811172e-05,6.546068957704319e-06,12.883189433600002,41.88301514959558,20.0,1.5077134683261644e-05,5.48472660999999e-05,2.3404261666655657e-05,9.33286624499172e-05,0.0,Italy,ITA,lombardy,,,Windows-11-10.0.26200-SP0,3.13.13,3.2.6,32,13th Gen Intel(R) Core(TM) i9-13900HX,1,1 x NVIDIA GeForce RTX 4070 Laptop GPU,9.1922,45.4722,31.70067596435547,machine,0.0,61.0,33.06666666666667,10.487879435221354,N,1.0,0.0
2026-05-04T16:19:09,Q102_phi3:mini_HellaSwag,cd8f31a0-b778-4ff6-8581-c5ddcfd3ef89,5b0fa12a-3dd7-45bb-9766-cc326314d9f1,9.21532119999756,8.027540563654357e-05,8.71108059006829e-06,12.826534548800003,63.79316862870911,20.0,3.1044492326238435e-05,0.0001632804084019,4.840578111110922e-05,0.0002427306818393,0.0,Italy,ITA,lombardy,,,Windows-11-10.0.26200-SP0,3.13.13,3.2.6,32,13th Gen Intel(R) Core(TM) i9-13900HX,1,1 x NVIDIA GeForce RTX 4070 Laptop GPU,9.1922,45.4722,31.70067596435547,machine,0.0,76.28571428571429,33.17142857142857,10.515615735735212,N,1.0,0.0
2026-05-04T16:19:36,Q102_qwen2.5:7b_HellaSwag,34c6b9aa-6cda-4dfc-bc42-f87834329cfd,5b0fa12a-3dd7-45bb-9766-cc326314d9f1,12.106598200000008,0.000103108919518,8.516754072009664e-06,12.82840192116364,61.24717870064228,20.0,4.135203252647941e-05,0.0002059521092059,6.446878722221704e-05,0.0003117729289546,0.0,Italy,ITA,lombardy,,,Windows-11-10.0.26200-SP0,3.13.13,3.2.6,32,13th Gen Intel(R) Core(TM) i9-13900HX,1,1 x NVIDIA GeForce RTX 4070 Laptop GPU,9.1922,45.4722,31.70067596435547,machine,0.0,72.1,33.739999999999995,10.695147705078124,N,1.0,0.0
2026-05-04T16:20:04,Q102_mistral:latest _HellaSwag,77e91f0f-c4af-46ec-9221-55057018891f,5b0fa12a-3dd7-45bb-9766-cc326314d9f1,12.580487600000197,0.0001170916717934,9.307403299174817e-06,12.821067459200004,69.80441483115085,20.0,4.301903051661607e-05,0.000243928250698,6.710563333332781e-05,0.0003540529145479,0.0,Italy,ITA,lombardy,,,Windows-11-10.0.26200-SP0,3.13.13,3.2.6,32,13th Gen Intel(R) Core(TM) i9-13900HX,1,1 x NVIDIA GeForce RTX 4070 Laptop GPU,9.1922,45.4722,31.70067596435547,machine,9.090909090909092,73.72727272727273,33.2,10.53347431529652,N,1.0,0.0
2026-05-04T16:20:24,Q103_phi3:mini_SQuAD,00c72417-e218-4df3-a5ae-c47710a60630,5b0fa12a-3dd7-45bb-9766-cc326314d9f1,4.385160800000449,2.888366438003533e-05,6.586683065312536e-06,12.856433254400002,42.61825164954073,20.0,1.3866573928892003e-05,5.189920818599037e-05,2.1570451111114784e-05,8.733623322599715e-05,0.0,Italy,ITA,lombardy,,,Windows-11-10.0.26200-SP0,3.13.13,3.2.6,32,13th Gen Intel(R) Core(TM) i9-13900HX,1,1 x NVIDIA GeForce RTX 4070 Laptop GPU,9.1922,45.4722,31.70067596435547,machine,0.0,24.0,33.05,10.468650817871094,N,1.0,0.0
2026-05-04T16:20:45,Q103_qwen2.5:7b_SQuAD,63d2d086-0ba3-4084-8bba-6a46ec924ac9,5b0fa12a-3dd7-45bb-9766-cc326314d9f1,6.224400600000081,3.8064004688784456e-05,6.115288384360088e-06,12.857295065600002,36.372264396309525,20.0,2.0434366193772623e-05,6.287532807798535e-05,3.178535555554037e-05,0.0001150950498272,0.0,Italy,ITA,lombardy,,,Windows-11-10.0.26200-SP0,3.13.13,3.2.6,32,13th Gen Intel(R) Core(TM) i9-13900HX,1,1 x NVIDIA GeForce RTX 4070 Laptop GPU,9.1922,45.4722,31.70067596435547,machine,0.0,38.75,33.275,10.545448303222656,N,1.0,0.0
2026-05-04T16:21:05,Q103_mistral:latest _SQuAD,1e25d4c8-3234-41e2-8651-ba3bf128dafa,5b0fa12a-3dd7-45bb-9766-cc326314d9f1,5.580170299999736,3.85904941020731e-05,6.915648094481081e-06,12.841936209920002,45.39910137432759,20.0,1.81148972870673e-05,7.036061184399756e-05,2.821149944443783e-05,0.0001166870085755,0.0,Italy,ITA,lombardy,,,Windows-11-10.0.26200-SP0,3.13.13,3.2.6,32,13th Gen Intel(R) Core(TM) i9-13900HX,1,1 x NVIDIA GeForce RTX 4070 Laptop GPU,9.1922,45.4722,31.70067596435547,machine,0.0,61.25,32.9,10.439359664916992,N,1.0,0.0
2026-05-04T16:21:30,Q104_phi3:mini_HellaSwag,431eb085-3561-48fb-9bd4-507746a72acc,5b0fa12a-3dd7-45bb-9766-cc326314d9f1,9.165380699996604,7.983956197202212e-05,8.710992438323016e-06,12.8302301936,63.84099985394104,20.0,3.086156698564236e-05,0.0001624442966219,4.810694722220635e-05,0.0002414128108298,0.0,Italy,ITA,lombardy,,,Windows-11-10.0.26200-SP0,3.13.13,3.2.6,32,13th Gen Intel(R) Core(TM) i9-13900HX,1,1 x NVIDIA GeForce RTX 4070 Laptop GPU,9.1922,45.4722,31.70067596435547,machine,0.0,83.42857142857143,32.714285714285715,10.38080051967076,N,1.0,0.0
2026-05-04T16:21:51,Q104_qwen2.5:7b_HellaSwag,930e3dea-0d9b-4d17-ad7a-548ca5dce7da,5b0fa12a-3dd7-45bb-9766-cc326314d9f1,6.457259200000408,4.111292553621686e-05,6.366931272669721e-06,12.85291771904,39.014626827615416,20.0,2.126144608452169e-05,6.996950042000016e-05,3.308319888888542e-05,0.0001243141453934,0.0,Italy,ITA,lombardy,,,Windows-11-10.0.26200-SP0,3.13.13,3.2.6,32,13th Gen Intel(R) Core(TM) i9-13900HX,1,1 x NVIDIA GeForce RTX 4070 Laptop GPU,9.1922,45.4722,31.70067596435547,machine,0.0,35.75,33.2,10.519976615905762,N,1.0,0.0
2026-05-04T16:22:05,Q104_mistral:latest _HellaSwag,657f7b08-232e-4ed3-836d-d3220f30cf99,5b0fa12a-3dd7-45bb-9766-cc326314d9f1,8.266363700000511,6.68189028970924e-05,8.083228045856277e-06,12.835299666285716,57.15547989692151,20.0,2.768242024638665e-05,0.0001312259383139,4.313357111109832e-05,0.0002020419296714,0.0,Italy,ITA,lombardy,,,Windows-11-10.0.26200-SP0,3.13.13,3.2.6,32,13th Gen Intel(R) Core(TM) i9-13900HX,1,1 x NVIDIA GeForce RTX 4070 Laptop GPU,9.1922,45.4722,31.70067596435547,machine,0.0,74.5,32.983333333333334,10.454622904459637,N,1.0,0.0
2026-05-04T16:22:26,Q105_phi3:mini_MMLU,932f24d8-5f06-436e-890c-e467ea08cdae,5b0fa12a-3dd7-45bb-9766-cc326314d9f1,6.40931019999698,4.675621041324704e-05,7.295045637402456e-06,12.84462993152,49.151270213943306,20.0,2.1074383777192742e-05,8.749034776998899e-05,3.28131505555373e-05,0.0001413778821027,0.0,Italy,ITA,lombardy,,,Windows-11-10.0.26200-SP0,3.13.13,3.2.6,32,13th Gen Intel(R) Core(TM) i9-13900HX,1,1 x NVIDIA GeForce RTX 4070 Laptop GPU,9.1922,45.4722,31.70067596435547,machine,0.0,72.75,32.875,10.42002773284912,N,1.0,0.0
2026-05-04T16:22:52,Q105_qwen2.5:7b_MMLU,c9ac4e68-310d-41d2-a3d6-0a6752783b6f,5b0fa12a-3dd7-45bb-9766-cc326314d9f1,11.055728100000124,9.037895323479536e-05,8.174853109384476e-06,12.88486878464,57.64221985678251,20.0,3.775551273707986e-05,0.000176921808204,5.860370166667255e-05,0.0002732810226077,0.0,Italy,ITA,lombardy,,,Windows-11-10.0.26200-SP0,3.13.13,3.2.6,32,13th Gen Intel(R) Core(TM) i9-13900HX,1,1 x NVIDIA GeForce RTX 4070 Laptop GPU,9.1922,45.4722,31.70067596435547,machine,0.0,67.66666666666667,33.93333333333333,10.757812076144749,N,1.0,0.0
2026-05-04T16:23:16,Q105_mistral:latest _MMLU,4bbc6530-270a-4be8-871a-6a753a1b5354,5b0fa12a-3dd7-45bb-9766-cc326314d9f1,9.00151100000221,7.508952416148024e-05,8.341879953428019e-06,12.8199486944,59.871778518864566,20.0,3.024931492740655e-05,0.000149610675244,4.719001666667787e-05,0.000227050006838,0.0,Italy,ITA,lombardy,,,Windows-11-10.0.26200-SP0,3.13.13,3.2.6,32,13th Gen Intel(R) Core(TM) i9-13900HX,1,1 x NVIDIA GeForce RTX 4070 Laptop GPU,9.1922,45.4722,31.70067596435547,machine,0.0,77.85714285714286,33.271428571428565,10.549039568219866,N,1.0,0.0
2026-05-04T16:23:36,Q106_phi3:mini_HellaSwag,7808fe08-9b20-48b4-9637-b0610dbc079f,5b0fa12a-3dd7-45bb-9766-cc326314d9f1,4.871364700000413,3.215847429302888e-05,6.601532891394099e-06,12.852480512,42.39713922909092,20.0,1.5600713567406385e-05,5.7361990333987256e-05,2.427565111112118e-05,9.723835501251482e-05,0.0,Italy,ITA,lombardy,,,Windows-11-10.0.26200-SP0,3.13.13,3.2.6,32,13th Gen Intel(R) Core(TM) i9-13900HX,1,1 x NVIDIA GeForce RTX 4070 Laptop GPU,9.1922,45.4722,31.70067596435547,machine,0.0,51.0,32.800000000000004,10.39374542236328,N,1.0,0.0
2026-05-04T16:23:58,Q106_qwen2.5:7b_HellaSwag,098f7479-b316-4b61-a0e7-be1ace89ffa4,5b0fa12a-3dd7-45bb-9766-cc326314d9f1,6.234600499999942,3.8595294941111606e-05,6.19050008755364e-06,12.93765759488,37.119419132117294,20.0,2.059780746641797e-05,6.426366252199056e-05,3.184005499998522e-05,0.0001167015249883,0.0,Italy,ITA,lombardy,,,Windows-11-10.0.26200-SP0,3.13.13,3.2.6,32,13th Gen Intel(R) Core(TM) i9-13900HX,1,1 x NVIDIA GeForce RTX 4070 Laptop GPU,9.1922,45.4722,31.70067596435547,machine,0.0,6.0,33.85,10.726432800292969,N,1.0,0.0
2026-05-04T16:24:18,Q106_mistral:latest _HellaSwag,8d0af762-4ed7-41f2-8027-7c7d121dbb51,5b0fa12a-3dd7-45bb-9766-cc326314d9f1,5.232253399997717,3.5652646441862364e-05,6.814013717660908e-06,12.8554968224,44.482878285680286,20.0,1.6890129865528578e-05,6.463782948799845e-05,2.6275808333331143e-05,0.0001078037676868,0.0,Italy,ITA,lombardy,,,Windows-11-10.0.26200-SP0,3.13.13,3.2.6,32,13th Gen Intel(R) Core(TM) i9-13900HX,1,1 x NVIDIA GeForce RTX 4070 Laptop GPU,9.1922,45.4722,31.70067596435547,machine,0.0,33.0,33.300000000000004,10.555520375569662,N,1.0,0.0
2026-05-04T16:24:41,Q107_phi3:mini_GSM8K,794c292b-4725-4f89-8ba8-3494fe4fb0d4,5b0fa12a-3dd7-45bb-9766-cc326314d9f1,7.678463100000954,6.342417609309157e-05,8.260009231936491e-06,12.849488093257143,59.22268149853558,20.0,2.5613874026871146e-05,0.0001262973232599,3.9866015000006887e-05,0.0001917772122868,0.0,Italy,ITA,lombardy,,,Windows-11-10.0.26200-SP0,3.13.13,3.2.6,32,13th Gen Intel(R) Core(TM) i9-13900HX,1,1 x NVIDIA GeForce RTX 4070 Laptop GPU,9.1922,45.4722,31.70067596435547,machine,0.0,66.16666666666667,33.083333333333336,10.489860534667969,N,1.0,0.0
2026-05-04T16:25:07,Q107_qwen2.5:7b_GSM8K,7c538185-aaa4-4b6d-964d-bd72167f15b8,5b0fa12a-3dd7-45bb-9766-cc326314d9f1,10.87225070000204,9.039900117436512e-05,8.314653853074613e-06,12.824461118720002,59.21095398922154,20.0,3.693890345345236e-05,0.000178797087482,5.760565111112454e-05,0.0002733416420465,0.0,Italy,ITA,lombardy,,,Windows-11-10.0.26200-SP0,3.13.13,3.2.6,32,13th Gen Intel(R) Core(TM) i9-13900HX,1,1 x NVIDIA GeForce RTX 4070 Laptop GPU,9.1922,45.4722,31.70067596435547,machine,0.0,69.77777777777777,33.68888888888889,10.673661126030815,N,1.0,0.0
2026-05-04T16:25:29,Q107_mistral:latest _GSM8K,8fd99880-ed98-416e-bed1-c2c9279d39f0,5b0fa12a-3dd7-45bb-9766-cc326314d9f1,7.604385399998137,5.808783134008055e-05,7.638727955594515e-06,12.84843909851429,52.674998867693375,20.0,2.528616070999019e-05,0.0001109959221299,3.935949499999778e-05,0.0001756415778399,0.0,Italy,ITA,lombardy,,,Windows-11-10.0.26200-SP0,3.13.13,3.2.6,32,13th Gen Intel(R) Core(TM) i9-13900HX,1,1 x NVIDIA GeForce RTX 4070 Laptop GPU,9.1922,45.4722,31.70067596435547,machine,0.0,53.5,32.93333333333333,10.436156590779625,N,1.0,0.0
2026-05-04T16:25:54,Q108_phi3:mini_HellaSwag,98d2c056-4278-4eee-81a2-de0890d5e908,5b0fa12a-3dd7-45bb-9766-cc326314d9f1,9.202576600000612,7.56661070094665e-05,8.222274075877997e-06,12.8383214096,58.46637263793455,20.0,3.1026071433131814e-05,0.000149434563992,4.833279888888582e-05,0.000228793434314,0.0,Italy,ITA,lombardy,,,Windows-11-10.0.26200-SP0,3.13.13,3.2.6,32,13th Gen Intel(R) Core(TM) i9-13900HX,1,1 x NVIDIA GeForce RTX 4070 Laptop GPU,9.1922,45.4722,31.70067596435547,machine,0.0,78.0,32.82857142857143,10.409876142229352,N,1.0,0.0
2026-05-04T16:26:18,Q108_qwen2.5:7b_HellaSwag,d38432df-c076-433d-b5a3-9744a0422171,5b0fa12a-3dd7-45bb-9766-cc326314d9f1,9.347047200000816,7.2981711005032e-05,7.80799641249545e-06,12.827609192,53.9831268068624,20.0,3.149832870452145e-05,0.0001400690009439,4.9109231666665845e-05,0.0002206765613151,0.0,Italy,ITA,lombardy,,,Windows-11-10.0.26200-SP0,3.13.13,3.2.6,32,13th Gen Intel(R) Core(TM) i9-13900HX,1,1 x NVIDIA GeForce RTX 4070 Laptop GPU,9.1922,45.4722,31.70067596435547,machine,0.0,62.0,33.614285714285714,10.649445125034877,N,1.0,0.0
2026-05-04T16:26:42,Q108_mistral:latest _HellaSwag,49bcde7a-fe12-4a81-8d70-42827f493d22,5b0fa12a-3dd7-45bb-9766-cc326314d9f1,9.004016299997602,7.777121207917319e-05,8.637391302722753e-06,12.8407480832,63.02081284728178,20.0,3.032448524681225e-05,0.0001576037371939,4.723046888888752e-05,0.0002351586913296,0.0,Italy,ITA,lombardy,,,Windows-11-10.0.26200-SP0,3.13.13,3.2.6,32,13th Gen Intel(R) Core(TM) i9-13900HX,1,1 x NVIDIA GeForce RTX 4070 Laptop GPU,9.1922,45.4722,31.70067596435547,machine,0.0,78.42857142857143,32.9,10.441619328090123,N,1.0,0.0
2026-05-04T16:27:06,Q109_phi3:mini_GSM8K,abf0f0a8-a064-41c4-8bbf-6cccde8b8856,5b0fa12a-3dd7-45bb-9766-cc326314d9f1,9.24875780000002,7.917840889970234e-05,8.560977659043267e-06,12.825425216,62.14920067468785,20.0,3.11636613795338e-05,0.00015965429439,4.859571055555232e-05,0.000239413666325,0.0,Italy,ITA,lombardy,,,Windows-11-10.0.26200-SP0,3.13.13,3.2.6,32,13th Gen Intel(R) Core(TM) i9-13900HX,1,1 x NVIDIA GeForce RTX 4070 Laptop GPU,9.1922,45.4722,31.70067596435547,machine,0.0,69.57142857142857,33.32857142857143,10.564431871686663,N,1.0,0.0
2026-05-04T16:27:29,Q109_qwen2.5:7b_GSM8K,31276d3f-0aa8-4a45-9c7f-cbc387566c1d,5b0fa12a-3dd7-45bb-9766-cc326314d9f1,7.555102599999373,5.2054380191243424e-05,6.8899633727340445e-06,12.845118869942857,44.35004310371523,20.0,2.516118261771233e-05,9.306201889398846e-05,3.917488444444138e-05,0.0001573980859561,0.0,Italy,ITA,lombardy,,,Windows-11-10.0.26200-SP0,3.13.13,3.2.6,32,13th Gen Intel(R) Core(TM) i9-13900HX,1,1 x NVIDIA GeForce RTX 4070 Laptop GPU,9.1922,45.4722,31.70067596435547,machine,0.0,39.0,33.71666666666667,10.696584065755207,N,1.0,0.0
2026-05-04T16:27:52,Q109_mistral:latest _GSM8K,12c077b3-eb57-4c54-8bca-a9ad2eb27358,5b0fa12a-3dd7-45bb-9766-cc326314d9f1,7.698464199998853,5.985078843929237e-05,7.774380302931237e-06,12.828955980800002,53.9506798531327,20.0,2.5642483716600323e-05,0.000115354536728,3.9975253333331136e-05,0.0001809722737779,0.0,Italy,ITA,lombardy,,,Windows-11-10.0.26200-SP0,3.13.13,3.2.6,32,13th Gen Intel(R) Core(TM) i9-13900HX,1,1 x NVIDIA GeForce RTX 4070 Laptop GPU,9.1922,45.4722,31.70067596435547,machine,0.0,73.5,32.983333333333334,10.449833552042644,N,1.0,0.0
2026-05-04T16:28:16,Q110_phi3:mini_HellaSwag,51c53013-c75a-4288-b9be-4d3b19d4fca4,5b0fa12a-3dd7-45bb-9766-cc326314d9f1,9.303019300001324,8.029654113276005e-05,8.631234499615477e-06,12.8364096512,62.90032479414239,20.0,3.1379372507235153e-05,0.0001625251300199,4.8890087222227726e-05,0.0002427945897494,0.0,Italy,ITA,lombardy,,,Windows-11-10.0.26200-SP0,3.13.13,3.2.6,32,13th Gen Intel(R) Core(TM) i9-13900HX,1,1 x NVIDIA GeForce RTX 4070 Laptop GPU,9.1922,45.4722,31.70067596435547,machine,14.285714285714286,84.0,32.871428571428574,10.425507136753629,N,1.0,0.0
2026-05-04T16:28:44,Q110_qwen2.5:7b_HellaSwag,5e773249-09a3-472f-a00a-fba20e9f5023,5b0fa12a-3dd7-45bb-9766-cc326314d9f1,12.70516310000312,0.0001095714120258,8.624164142045263e-06,12.8545595456,62.32830769646258,20.0,4.357153759153253e-05,0.0002199515648499,6.779062111112984e-05,0.0003313137235526,0.0,Italy,ITA,lombardy,,,Windows-11-10.0.26200-SP0,3.13.13,3.2.6,32,13th Gen Intel(R) Core(TM) i9-13900HX,1,1 x NVIDIA GeForce RTX 4070 Laptop GPU,9.1922,45.4722,31.70067596435547,machine,0.0,72.0909090909091,33.93636363636364,10.758862235329367,N,1.0,0.0
2026-05-04T16:29:09,Q110_mistral:latest _HellaSwag,314f5447-10a1-4581-adde-c7f9ae634cdc,5b0fa12a-3dd7-45bb-9766-cc326314d9f1,10.176421799998934,9.032141643316358e-05,8.875557460990173e-06,12.8265776512,65.41655091681505,20.0,3.446717649598459e-05,0.000184897647918,5.374222277777234e-05,0.0002731070471917,0.0,Italy,ITA,lombardy,,,Windows-11-10.0.26200-SP0,3.13.13,3.2.6,32,13th Gen Intel(R) Core(TM) i9-13900HX,1,1 x NVIDIA GeForce RTX 4070 Laptop GPU,9.1922,45.4722,31.70067596435547,machine,0.0,79.875,33.3125,10.551326751708984,N,1.0,0.0
2026-05-04T16:29:29,Q111_phi3:mini_MMLU,5d39131f-6916-4bb4-b30e-c95ad5398dc9,5b0fa12a-3dd7-45bb-9766-cc326314d9f1,4.757212900000013,3.3804623689524034e-05,7.1059724254770986e-06,12.846942416000005,47.97847430371961,20.0,1.5185745412085306e-05,6.339060626799065e-05,2.3639505000008084e-05,0.00010221585668,0.0,Italy,ITA,lombardy,,,Windows-11-10.0.26200-SP0,3.13.13,3.2.6,32,13th Gen Intel(R) Core(TM) i9-13900HX,1,1 x NVIDIA GeForce RTX 4070 Laptop GPU,9.1922,45.4722,31.70067596435547,machine,0.0,47.66666666666666,32.766666666666666,10.392538706461588,N,1.0,0.0
2026-05-04T16:29:54,Q111_qwen2.5:7b_MMLU,7d95fb23-72bb-44f2-abff-03bbbfc302eb,5b0fa12a-3dd7-45bb-9766-cc326314d9f1,9.559220299997833,7.417122895890734e-05,7.759129576595715e-06,12.8402917504,53.36369185541126,20.0,3.229997824656437e-05,0.000141664279998,5.030907722221956e-05,0.0002242733354667,0.0,Italy,ITA,lombardy,,,Windows-11-10.0.26200-SP0,3.13.13,3.2.6,32,13th Gen Intel(R) Core(TM) i9-13900HX,1,1 x NVIDIA GeForce RTX 4070 Laptop GPU,9.1922,45.4722,31.70067596435547,machine,0.0,61.71428571428572,33.875,10.748899936676024,N,1.0,0.0
2026-05-04T16:30:15,Q111_mistral:latest _MMLU,17d5db97-c1b9-431c-ad05-08d7d21aa959,5b0fa12a-3dd7-45bb-9766-cc326314d9f1,5.72462330000053,4.159619578722853e-05,7.266189163437998e-06,12.847279531520002,49.14953148064344,20.0,1.863279991911108e-05,7.813672917600378e-05,2.900589222222657e-05,0.0001257754213173,0.0,Italy,ITA,lombardy,,,Windows-11-10.0.26200-SP0,3.13.13,3.2.6,32,13th Gen Intel(R) Core(TM) i9-13900HX,1,1 x NVIDIA GeForce RTX 4070 Laptop GPU,9.1922,45.4722,31.70067596435547,machine,0.0,26.75,33.175,10.515311241149902,N,1.0,0.0
2026-05-04T16:30:35,Q112_phi3:mini_HellaSwag,9aafe782-405a-48af-8fff-b2a4cc8cb583,5b0fa12a-3dd7-45bb-9766-cc326314d9f1,5.864897699997528,4.4311161955538136e-05,7.555317112446278e-06,12.86745416192,52.19016516443295,20.0,1.9171203156668947e-05,8.501645690199566e-05,2.979706999999002e-05,0.0001339847300586,0.0,Italy,ITA,lombardy,,,Windows-11-10.0.26200-SP0,3.13.13,3.2.6,32,13th Gen Intel(R) Core(TM) i9-13900HX,1,1 x NVIDIA GeForce RTX 4070 Laptop GPU,9.1922,45.4722,31.70067596435547,machine,0.0,66.25,32.975,10.455933570861816,N,1.0,0.0
2026-05-04T16:30:59,Q112_qwen2.5:7b_HellaSwag,cd3940dc-2138-4744-8408-3eeb5dd656b1,5b0fa12a-3dd7-45bb-9766-cc326314d9f1,8.935729100001481,7.064012369635278e-05,7.905356452260966e-06,12.8648584208,55.04099995892096,20.0,3.01370629582693e-05,0.0001366084426199,4.685074166668023e-05,0.0002135962472449,0.0,Italy,ITA,lombardy,,,Windows-11-10.0.26200-SP0,3.13.13,3.2.6,32,13th Gen Intel(R) Core(TM) i9-13900HX,1,1 x NVIDIA GeForce RTX 4070 Laptop GPU,9.1922,45.4722,31.70067596435547,machine,0.0,45.57142857142857,33.74285714285714,10.696366446358818,N,1.0,0.0
2026-05-04T16:31:24,Q112_mistral:latest _HellaSwag,e624e070-935b-4ff3-87f4-0272b5fbd383,5b0fa12a-3dd7-45bb-9766-cc326314d9f1,9.72070629999871,8.324428607176445e-05,8.563604691129852e-06,12.8188824832,62.13704000368322,20.0,3.281087866912639e-05,0.000167706800832,5.119007777777572e-05,0.0002517077572789,0.0,Italy,ITA,lombardy,,,Windows-11-10.0.26200-SP0,3.13.13,3.2.6,32,13th Gen Intel(R) Core(TM) i9-13900HX,1,1 x NVIDIA GeForce RTX 4070 Laptop GPU,9.1922,45.4722,31.70067596435547,machine,0.0,82.5,33.075,10.484480381011965,N,1.0,0.0
2026-05-04T16:31:49,Q113_phi3:mini_MMLU,e1619d72-b85b-40c5-8688-9de3329152f1,5b0fa12a-3dd7-45bb-9766-cc326314d9f1,9.17253129999881,7.967575611427691e-05,8.686343334068237e-06,12.8343718496,63.52520312783783,20.0,3.0910144298028686e-05,0.0001618404072499,4.81669555555426e-05,0.0002409175071035,0.0,Italy,ITA,lombardy,,,Windows-11-10.0.26200-SP0,3.13.13,3.2.6,32,13th Gen Intel(R) Core(TM) i9-13900HX,1,1 x NVIDIA GeForce RTX 4070 Laptop GPU,9.1922,45.4722,31.70067596435547,machine,0.0,76.14285714285714,32.857142857142854,10.40862546648298,N,1.0,0.0
2026-05-04T16:32:14,Q113_qwen2.5:7b_MMLU,d78d2c6a-667f-4cd6-ad74-7cacf3766245,5b0fa12a-3dd7-45bb-9766-cc326314d9f1,10.288956700002018,8.344392953172784e-05,8.110047691396299e-06,12.845793958400002,57.04602963910547,20.0,3.492071138787102e-05,0.000163022630418,5.436808222222882e-05,0.0002523114240281,0.0,Italy,ITA,lombardy,,,Windows-11-10.0.26200-SP0,3.13.13,3.2.6,32,13th Gen Intel(R) Core(TM) i9-13900HX,1,1 x NVIDIA GeForce RTX 4070 Laptop GPU,9.1922,45.4722,31.70067596435547,machine,0.0,55.875,33.6875,10.671958446502686,N,1.0,0.0
2026-05-04T16:32:41,Q113_mistral:latest _MMLU,67bce54a-a799-40a2-8389-d5abce24e243,5b0fa12a-3dd7-45bb-9766-cc326314d9f1,12.213397100000291,0.0001147819325211,9.398034926836724e-06,12.8309024,70.82758801002632,20.0,4.174006460620385e-05,0.00024026824777,6.506058777779092e-05,0.0003470689001539,0.0,Italy,ITA,lombardy,,,Windows-11-10.0.26200-SP0,3.13.13,3.2.6,32,13th Gen Intel(R) Core(TM) i9-13900HX,1,1 x NVIDIA GeForce RTX 4070 Laptop GPU,9.1922,45.4722,31.70067596435547,machine,0.0,81.9,32.9,10.431292724609374,N,1.0,0.0
2026-05-04T16:33:04,Q114_phi3:mini_GSM8K,8fa38acf-460c-438c-bf74-a5ec057e4a9a,5b0fa12a-3dd7-45bb-9766-cc326314d9f1,7.773873999998614,6.371851370097541e-05,8.196494270551179e-06,12.83368734354286,58.51096956678602,20.0,2.592651250192592e-05,0.0001263384344039,4.040226111111325e-05,0.000192667208017,0.0,Italy,ITA,lombardy,,,Windows-11-10.0.26200-SP0,3.13.13,3.2.6,32,13th Gen Intel(R) Core(TM) i9-13900HX,1,1 x NVIDIA GeForce RTX 4070 Laptop GPU,9.1922,45.4722,31.70067596435547,machine,5.55,67.0,32.96666666666667,10.445985794067385,N,1.0,0.0
2026-05-04T16:33:30,Q114_qwen2.5:7b_GSM8K,a428d771-9fc4-40dc-9f46-b66ca714723b,5b0fa12a-3dd7-45bb-9766-cc326314d9f1,10.501275800001167,8.435449696776995e-05,8.032785594276133e-06,12.829858099200004,56.22234895271614,20.0,3.562070540897949e-05,0.000163917631134,5.5526392222216406e-05,0.0002550647287652,0.0,Italy,ITA,lombardy,,,Windows-11-10.0.26200-SP0,3.13.13,3.2.6,32,13th Gen Intel(R) Core(TM) i9-13900HX,1,1 x NVIDIA GeForce RTX 4070 Laptop GPU,9.1922,45.4722,31.70067596435547,machine,0.0,66.25,33.675,10.667890071868896,N,1.0,0.0
2026-05-04T16:33:53,Q114_mistral:latest _GSM8K,a99026bb-71cd-4cc9-925e-1312a0e0428a,5b0fa12a-3dd7-45bb-9766-cc326314d9f1,8.636902300000656,7.190702257524709e-05,8.325557020048915e-06,12.8278311248,59.71387508539144,20.0,2.898738814858887e-05,0.0001432459479299,4.51936638888987e-05,0.0002174269999674,0.0,Italy,ITA,lombardy,,,Windows-11-10.0.26200-SP0,3.13.13,3.2.6,32,13th Gen Intel(R) Core(TM) i9-13900HX,1,1 x NVIDIA GeForce RTX 4070 Laptop GPU,9.1922,45.4722,31.70067596435547,machine,0.0,81.42857142857143,33.25714285714285,10.533306121826172,N,1.0,0.0
2026-05-04T16:34:18,Q115_phi3:mini_HellaSwag,c366cae3-0a6a-4c70-8b38-718fc9463b56,5b0fa12a-3dd7-45bb-9766-cc326314d9f1,9.220009500000742,7.998606263165948e-05,8.67526900396936e-06,12.838553336,63.39034782422691,20.0,3.109038354396821e-05,0.0001623337409779,4.843166388889384e-05,0.0002418557884108,0.0,Italy,ITA,lombardy,,,Windows-11-10.0.26200-SP0,3.13.13,3.2.6,32,13th Gen Intel(R) Core(TM) i9-13900HX,1,1 x NVIDIA GeForce RTX 4070 Laptop GPU,9.1922,45.4722,31.70067596435547,machine,0.0,69.71428571428571,33.18571428571429,10.524523598807198,N,1.0,0.0
2026-05-04T16:34:41,Q115_qwen2.5:7b_HellaSwag,a06c0481-8201-4994-9251-aae1e42712ee,5b0fa12a-3dd7-45bb-9766-cc326314d9f1,8.01488899999822,5.719655374823112e-05,7.136287695093946e-06,12.84895399314286,46.9129922064378,20.0,2.680743229552752e-05,0.000104413139086,4.172602888888327e-05,0.0001729466002704,0.0,Italy,ITA,lombardy,,,Windows-11-10.0.26200-SP0,3.13.13,3.2.6,32,13th Gen Intel(R) Core(TM) i9-13900HX,1,1 x NVIDIA GeForce RTX 4070 Laptop GPU,9.1922,45.4722,31.70067596435547,machine,16.666666666666668,40.66666666666666,33.48333333333333,10.616708119710289,N,1.0,0.0
2026-05-04T16:35:04,Q115_mistral:latest _HellaSwag,6fcea02b-4f9d-46eb-9de2-1db9c95e93ff,5b0fa12a-3dd7-45bb-9766-cc326314d9f1,7.921234600002208,6.297481061381545e-05,7.95012568038294e-06,12.849199253942858,55.77665567179578,20.0,2.648216575477245e-05,0.000122717320396,4.121896888890559e-05,0.0001904184550396,0.0,Italy,ITA,lombardy,,,Windows-11-10.0.26200-SP0,3.13.13,3.2.6,32,13th Gen Intel(R) Core(TM) i9-13900HX,1,1 x NVIDIA GeForce RTX 4070 Laptop GPU,9.1922,45.4722,31.70067596435547,machine,0.0,79.83333333333333,33.016666666666666,10.460424423217772,N,1.0,0.0
2026-05-04T16:35:28,Q116_phi3:mini_HumanEval,c54a30bf-cbaa-4bec-b415-c90f42fa4762,5b0fa12a-3dd7-45bb-9766-cc326314d9f1,9.50023710000096,8.148089076513758e-05,8.576721813093417e-06,12.8344243952,62.31186707350047,20.0,3.206440040125344e-05,0.000164346242588,4.996509333333153e-05,0.0002463757363225,0.0,Italy,ITA,lombardy,,,Windows-11-10.0.26200-SP0,3.13.13,3.2.6,32,13th Gen Intel(R) Core(TM) i9-13900HX,1,1 x NVIDIA GeForce RTX 4070 Laptop GPU,9.1922,45.4722,31.70067596435547,machine,0.0,78.0,32.91428571428572,10.426312582833429,N,1.0,0.0
2026-05-04T16:35:59,Q116_qwen2.5:7b_HumanEval,b9d4b2c0-1c62-4d1d-be36-d9d4a1881ae2,5b0fa12a-3dd7-45bb-9766-cc326314d9f1,15.362552899998263,0.0001328601714459,8.648313357212758e-06,12.825311192685716,62.45792758393739,20.0,5.290419063953189e-05,0.0002663302130639,8.249810388887353e-05,0.0004017325075923,0.0,Italy,ITA,lombardy,,,Windows-11-10.0.26200-SP0,3.13.13,3.2.6,32,13th Gen Intel(R) Core(TM) i9-13900HX,1,1 x NVIDIA GeForce RTX 4070 Laptop GPU,9.1922,45.4722,31.70067596435547,machine,0.0,78.53846153846153,33.669230769230765,10.674949352557842,N,1.0,0.0
2026-05-04T16:36:28,Q116_mistral:latest _HumanEval,8787eee9-327e-4f19-abf4-63b4e82c0a51,5b0fa12a-3dd7-45bb-9766-cc326314d9f1,13.833235199999764,0.0001299674633173,9.395304962164194e-06,12.826693302153846,70.6445364516741,20.0,4.74951812691376e-05,0.0002714354949259,7.405508000000636e-05,0.0003929857561951,0.0,Italy,ITA,lombardy,,,Windows-11-10.0.26200-SP0,3.13.13,3.2.6,32,13th Gen Intel(R) Core(TM) i9-13900HX,1,1 x NVIDIA GeForce RTX 4070 Laptop GPU,9.1922,45.4722,31.70067596435547,machine,0.0,87.33333333333333,33.00833333333333,10.464430809020996,N,1.0,0.0
2026-05-04T16:37:02,Q117_phi3:mini_HumanEval,f7a55b44-355d-48d6-bf37-1b45eeef7444,5b0fa12a-3dd7-45bb-9766-cc326314d9f1,9.292202000000543,8.190596975544952e-05,8.814484419887206e-06,12.8329817312,64.89541300855088,20.0,3.1335587267757194e-05,0.0001674906895479,4.883478111110485e-05,0.0002476610579268,0.0,Italy,ITA,lombardy,,,Windows-11-10.0.26200-SP0,3.13.13,3.2.6,32,13th Gen Intel(R) Core(TM) i9-13900HX,1,1 x NVIDIA GeForce RTX 4070 Laptop GPU,9.1922,45.4722,31.70067596435547,machine,0.0,77.71428571428571,32.885714285714286,10.4188472202846,N,1.0,0.0
2026-05-04T16:37:31,Q117_qwen2.5:7b_HumanEval,03e7f875-c3c0-4242-bbdf-3ef3389c307e,5b0fa12a-3dd7-45bb-9766-cc326314d9f1,13.61601619999783,0.0001155064468092,8.483130830095723e-06,12.826817035815386,60.73313120183851,20.0,4.67228105254554e-05,0.00022968629486,7.285052611110182e-05,0.0003492596314965,0.0,Italy,ITA,lombardy,,,Windows-11-10.0.26200-SP0,3.13.13,3.2.6,32,13th Gen Intel(R) Core(TM) i9-13900HX,1,1 x NVIDIA GeForce RTX 4070 Laptop GPU,9.1922,45.4722,31.70067596435547,machine,0.0,69.5,33.61666666666667,10.650906880696615,N,1.0,0.0
2026-05-04T16:37:55,Q117_mistral:latest _HumanEval,33c41fcd-cf1a-426b-9393-9a3ca5e871a4,5b0fa12a-3dd7-45bb-9766-cc326314d9f1,9.696791700000176,8.875667960292385e-05,9.153200599629488e-06,12.819957644800002,68.53005730811914,20.0,3.274001201806143e-05,0.0001845601476479,5.107555499998853e-05,0.000268375714666,0.0,Italy,ITA,lombardy,,,Windows-11-10.0.26200-SP0,3.13.13,3.2.6,32,13th Gen Intel(R) Core(TM) i9-13900HX,1,1 x NVIDIA GeForce RTX 4070 Laptop GPU,9.1922,45.4722,31.70067596435547,machine,0.0,82.875,33.275,10.537301540374756,N,1.0,0.0
2026-05-04T16:38:18,Q118_phi3:mini_GSM8K,5bc8ecd1-0f00-4bdf-9333-ed2dc8c976a3,5b0fa12a-3dd7-45bb-9766-cc326314d9f1,7.61892699999953,6.027164269957665e-05,7.910778341829547e-06,12.829117803885714,55.45969294903503,20.0,2.5358918747555783e-05,0.000117353982772,3.953191944444067e-05,0.000182244820964,0.0,Italy,ITA,lombardy,,,Windows-11-10.0.26200-SP0,3.13.13,3.2.6,32,13th Gen Intel(R) Core(TM) i9-13900HX,1,1 x NVIDIA GeForce RTX 4070 Laptop GPU,9.1922,45.4722,31.70067596435547,machine,0.0,72.5,33.166666666666664,10.50386110941569,N,1.0,0.0
2026-05-04T16:38:49,Q118_qwen2.5:7b_GSM8K,a7b2f046-c0a6-495c-804e-22de089a0eb1,5b0fa12a-3dd7-45bb-9766-cc326314d9f1,15.294149299999845,0.0001386102705278,9.062960469979478e-06,12.823861458285716,66.91238114019801,20.0,5.269278970392282e-05,0.000284248560732,8.217787055556173e-05,0.0004191192209914,0.0,Italy,ITA,lombardy,,,Windows-11-10.0.26200-SP0,3.13.13,3.2.6,32,13th Gen Intel(R) Core(TM) i9-13900HX,1,1 x NVIDIA GeForce RTX 4070 Laptop GPU,9.1922,45.4722,31.70067596435547,machine,0.0,78.3076923076923,33.54615384615385,10.639821272629955,N,1.0,0.0
2026-05-04T16:39:24,Q118_mistral:latest _GSM8K,96bc44ff-b1e2-40c5-9f58-5f82724d738c,5b0fa12a-3dd7-45bb-9766-cc326314d9f1,10.761067899999034,9.878564198503448e-05,9.179910665282888e-06,12.81917263232,68.64185998213338,20.0,3.653324506838909e-05,0.000205170719692,5.699656555556834e-05,0.0002987005303159,0.0,Italy,ITA,lombardy,,,Windows-11-10.0.26200-SP0,3.13.13,3.2.6,32,13th Gen Intel(R) Core(TM) i9-13900HX,1,1 x NVIDIA GeForce RTX 4070 Laptop GPU,9.1922,45.4722,31.70067596435547,machine,0.0,82.11111111111111,32.97777777777778,10.450918409559462,N,1.0,0.0
2026-05-04T16:39:48,Q119_phi3:mini_MMLU,487db4b0-14b8-47cb-aedb-5428d64b74f3,5b0fa12a-3dd7-45bb-9766-cc326314d9f1,8.242496899998514,6.865873068814749e-05,8.329846103813502e-06,12.838711840914288,59.84722651047999,20.0,2.760303288446201e-05,0.0001370034429359,4.299858555554642e-05,0.0002076050613759,0.0,Italy,ITA,lombardy,,,Windows-11-10.0.26200-SP0,3.13.13,3.2.6,32,13th Gen Intel(R) Core(TM) i9-13900HX,1,1 x NVIDIA GeForce RTX 4070 Laptop GPU,9.1922,45.4722,31.70067596435547,machine,0.0,72.66666666666667,32.78333333333333,10.392576217651367,N,1.0,0.0
2026-05-04T16:40:15,Q119_qwen2.5:7b_MMLU,0ebe21c0-c268-4b65-87ee-2060c1ae3f27,5b0fa12a-3dd7-45bb-9766-cc326314d9f1,12.290621800002556,0.0001010830285681,8.224403143554107e-06,12.837961154327274,58.03606352719625,20.0,4.203762564402589e-05,0.000198121269608,6.54882983333462e-05,0.0003056471935853,0.0,Italy,ITA,lombardy,,,Windows-11-10.0.26200-SP0,3.13.13,3.2.6,32,13th Gen Intel(R) Core(TM) i9-13900HX,1,1 x NVIDIA GeForce RTX 4070 Laptop GPU,9.1922,45.4722,31.70067596435547,machine,0.0,61.0,33.59,10.650895690917968,N,1.0,0.0
2026-05-04T16:40:40,Q119_mistral:latest _MMLU,0aff6bdc-62e6-4f4b-8b15-9826996fabb1,5b0fa12a-3dd7-45bb-9766-cc326314d9f1,9.483463500000653,7.92678453100507e-05,8.358533283757062e-06,12.8296070192,59.95351976365559,20.0,3.19870766469061e-05,0.0001578334595999,4.9863561111124e-05,0.000239684097358,0.0,Italy,ITA,lombardy,,,Windows-11-10.0.26200-SP0,3.13.13,3.2.6,32,13th Gen Intel(R) Core(TM) i9-13900HX,1,1 x NVIDIA GeForce RTX 4070 Laptop GPU,9.1922,45.4722,31.70067596435547,machine,0.0,76.85714285714286,32.885714285714286,10.42210442679269,N,1.0,0.0
2026-05-04T16:41:00,Q120_phi3:mini_SQuAD,636dd83c-8083-4ce3-9bd9-faa48bd4ebfb,5b0fa12a-3dd7-45bb-9766-cc326314d9f1,4.867467399999441,3.192370141983676e-05,6.558585563375405e-06,12.8636685344,41.93007552151665,20.0,1.559780626363119e-05,5.668115645598992e-05,2.42495038888996e-05,9.652846660852072e-05,0.0,Italy,ITA,lombardy,,,Windows-11-10.0.26200-SP0,3.13.13,3.2.6,32,13th Gen Intel(R) Core(TM) i9-13900HX,1,1 x NVIDIA GeForce RTX 4070 Laptop GPU,9.1922,45.4722,31.70067596435547,machine,0.0,48.333333333333336,32.86666666666667,10.42074457804362,N,1.0,0.0
2026-05-04T16:41:21,Q120_qwen2.5:7b_SQuAD,ece0dbaa-3067-421e-b5ea-d098ef4419f5,5b0fa12a-3dd7-45bb-9766-cc326314d9f1,6.311295499999687,3.875637948324501e-05,6.140796209470295e-06,12.83800330496,36.62584172454235,20.0,2.0716514403217643e-05,6.419921802597317e-05,3.227286777776802e-05,0.0001171886002069,0.0,Italy,ITA,lombardy,,,Windows-11-10.0.26200-SP0,3.13.13,3.2.6,32,13th Gen Intel(R) Core(TM) i9-13900HX,1,1 x NVIDIA GeForce RTX 4070 Laptop GPU,9.1922,45.4722,31.70067596435547,machine,0.0,23.75,33.3,10.554888725280762,N,1.0,0.0
2026-05-04T16:41:41,Q120_mistral:latest _SQuAD,ca6b52ea-5548-45b8-8a8d-1ff01a2052fa,5b0fa12a-3dd7-45bb-9766-cc326314d9f1,4.7678422999997565,2.881606678025001e-05,6.043838064914916e-06,12.842078556800002,36.41537855442197,20.0,1.5216554267967824e-05,4.821864968601597e-05,2.3696632777763525e-05,8.713183673174731e-05,0.0,Italy,ITA,lombardy,,,Windows-11-10.0.26200-SP0,3.13.13,3.2.6,32,13th Gen Intel(R) Core(TM) i9-13900HX,1,1 x NVIDIA GeForce RTX 4070 Laptop GPU,9.1922,45.4722,31.70067596435547,machine,0.0,11.0,33.166666666666664,10.518423716227211,N,1.0,0.0
2026-05-04T16:42:01,Q121_phi3:mini_MMLU,e07bfdd5-9dc1-445f-b11c-856d2c4c62dc,5b0fa12a-3dd7-45bb-9766-cc326314d9f1,5.276384199998574,3.7217051239150434e-05,7.0535142681915565e-06,12.841536540800004,47.1276290481308,20.0,1.701671102366013e-05,6.901616632398744e-05,2.650121888887548e-05,0.0001125340962365,0.0,Italy,ITA,lombardy,,,Windows-11-10.0.26200-SP0,3.13.13,3.2.6,32,13th Gen Intel(R) Core(TM) i9-13900HX,1,1 x NVIDIA GeForce RTX 4070 Laptop GPU,9.1922,45.4722,31.70067596435547,machine,0.0,53.66666666666666,33.1,10.495718638102211,N,1.0,0.0
2026-05-04T16:42:17,Q121_qwen2.5:7b_MMLU,adea86ca-8470-4112-80b9-eb10b7f7fd4d,5b0fa12a-3dd7-45bb-9766-cc326314d9f1,10.641952499998297,8.652536205755653e-05,8.13059089086992e-06,12.824838421760004,57.23510942349264,20.0,3.6122791156802246e-05,0.0001691748575619,5.633117722221262e-05,0.000261628825941,0.0,Italy,ITA,lombardy,,,Windows-11-10.0.26200-SP0,3.13.13,3.2.6,32,13th Gen Intel(R) Core(TM) i9-13900HX,1,1 x NVIDIA GeForce RTX 4070 Laptop GPU,9.1922,45.4722,31.70067596435547,machine,0.0,58.66666666666666,33.900000000000006,10.743479834662544,N,1.0,0.0
2026-05-04T16:42:38,Q121_mistral:latest _MMLU,bad95398-657e-42f5-9a11-8ac60b53b67e,5b0fa12a-3dd7-45bb-9766-cc326314d9f1,5.8215596999980335,3.975055664498991e-05,6.828162673484795e-06,12.83058970112,44.33473535846539,20.0,1.896002756686017e-05,7.168172401200712e-05,2.9552966111097905e-05,0.0001201947176899,0.0,Italy,ITA,lombardy,,,Windows-11-10.0.26200-SP0,3.13.13,3.2.6,32,13th Gen Intel(R) Core(TM) i9-13900HX,1,1 x NVIDIA GeForce RTX 4070 Laptop GPU,9.1922,45.4722,31.70067596435547,machine,0.0,65.75,32.85,10.420450210571287,N,1.0,0.0
2026-05-04T16:42:58,Q122_phi3:mini_SQuAD,96d83436-314a-4b7b-845a-ed1f7a1c22fe,5b0fa12a-3dd7-45bb-9766-cc326314d9f1,4.883286599997518,3.076876192973942e-05,6.30083065977636e-06,12.8458726976,39.13184914558588,20.0,1.5631827404993752e-05,5.306782023198342e-05,2.4336600555559725e-05,9.30362481925369e-05,0.0,Italy,ITA,lombardy,,,Windows-11-10.0.26200-SP0,3.13.13,3.2.6,32,13th Gen Intel(R) Core(TM) i9-13900HX,1,1 x NVIDIA GeForce RTX 4070 Laptop GPU,9.1922,45.4722,31.70067596435547,machine,0.0,48.0,32.93333333333334,10.433160146077476,N,1.0,0.0
2026-05-04T16:43:18,Q122_qwen2.5:7b_SQuAD,d0ea0c61-b1cf-429a-a168-51978bb5e418,5b0fa12a-3dd7-45bb-9766-cc326314d9f1,5.438314199996967,2.852205175247945e-05,5.244649482094168e-06,12.865675376,27.317624287184493,20.0,1.7623545081992303e-05,4.12244774239956e-05,2.739479388888463e-05,8.624281639487253e-05,0.0,Italy,ITA,lombardy,,,Windows-11-10.0.26200-SP0,3.13.13,3.2.6,32,13th Gen Intel(R) Core(TM) i9-13900HX,1,1 x NVIDIA GeForce RTX 4070 Laptop GPU,9.1922,45.4722,31.70067596435547,machine,0.0,18.0,33.13333333333333,10.503023783365885,N,1.0,0.0
2026-05-04T16:43:27,Q122_mistral:latest _SQuAD,126a33cd-e992-4ee0-be63-ee261e3c8b55,5b0fa12a-3dd7-45bb-9766-cc326314d9f1,4.141615000000456,2.151441349659716e-05,5.194691804186238e-06,12.8569175168,27.70976833371787,20.0,1.29912737333996e-05,3.185419215001595e-05,2.020818555556616e-05,6.505365143898171e-05,0.0,Italy,ITA,lombardy,,,Windows-11-10.0.26200-SP0,3.13.13,3.2.6,32,13th Gen Intel(R) Core(TM) i9-13900HX,1,1 x NVIDIA GeForce RTX 4070 Laptop GPU,9.1922,45.4722,31.70067596435547,machine,0.0,13.0,32.900000000000006,10.417465209960938,N,1.0,0.0
2026-05-04T16:43:41,Q123_phi3:mini_HumanEval,c90b87a3-4156-401a-8619-e352cc3a50eb,5b0fa12a-3dd7-45bb-9766-cc326314d9f1,9.26084699999774,8.124883534714994e-05,8.773369795135345e-06,12.8256193568,64.46700567176607,20.0,3.120303321306304e-05,0.0001658145770959,4.865645444444656e-05,0.0002456740647535,0.0,Italy,ITA,lombardy,,,Windows-11-10.0.26200-SP0,3.13.13,3.2.6,32,13th Gen Intel(R) Core(TM) i9-13900HX,1,1 x NVIDIA GeForce RTX 4070 Laptop GPU,9.1922,45.4722,31.70067596435547,machine,0.0,84.42857142857143,32.771428571428565,10.38592038835798,N,1.0,0.0
2026-05-04T16:44:11,Q123_qwen2.5:7b_HumanEval,bd309f42-d582-4a31-a777-fe44e6c848e9,5b0fa12a-3dd7-45bb-9766-cc326314d9f1,14.267343999999866,0.0001247618239174,8.744572494886212e-06,12.833574774153847,63.513448877714666,20.0,4.907210954217889e-05,0.0002516999235819,7.647330555555528e-05,0.0003772453386797,0.0,Italy,ITA,lombardy,,,Windows-11-10.0.26200-SP0,3.13.13,3.2.6,32,13th Gen Intel(R) Core(TM) i9-13900HX,1,1 x NVIDIA GeForce RTX 4070 Laptop GPU,9.1922,45.4722,31.70067596435547,machine,0.0,76.25,33.625,10.65503184000651,N,1.0,0.0
2026-05-04T16:44:37,Q123_mistral:latest _HumanEval,d4d9c44b-14ff-4db8-8ccf-aaac460815a3,5b0fa12a-3dd7-45bb-9766-cc326314d9f1,11.066446199998609,0.0001009003608003,9.117684121609605e-06,12.83017480832,67.96946153258861,20.0,3.762996682282977e-05,0.0002088073892679,5.86575005555561e-05,0.0003050948566463,0.0,Italy,ITA,lombardy,,,Windows-11-10.0.26200-SP0,3.13.13,3.2.6,32,13th Gen Intel(R) Core(TM) i9-13900HX,1,1 x NVIDIA GeForce RTX 4070 Laptop GPU,9.1922,45.4722,31.70067596435547,machine,0.0,84.11111111111111,32.888888888888886,10.427049848768446,N,1.0,0.0
2026-05-04T16:44:57,Q124_phi3:mini_SQuAD,2b5cf261-a376-4a06-b002-f9dcdb89a3a8,5b0fa12a-3dd7-45bb-9766-cc326314d9f1,4.808818499997869,3.214457471337893e-05,6.684505708292623e-06,12.865926771200002,43.34427728603464,20.0,1.5389750210445935e-05,5.788449075200264e-05,2.3922085555548417e-05,9.7196326517997e-05,0.0,Italy,ITA,lombardy,,,Windows-11-10.0.26200-SP0,3.13.13,3.2.6,32,13th Gen Intel(R) Core(TM) i9-13900HX,1,1 x NVIDIA GeForce RTX 4070 Laptop GPU,9.1922,45.4722,31.70067596435547,machine,0.0,53.333333333333336,32.86666666666667,10.420480092366535,N,1.0,0.0
2026-05-04T16:45:17,Q124_qwen2.5:7b_SQuAD,0dc1e34b-15e7-4835-b7e3-4f74d3e48b0a,5b0fa12a-3dd7-45bb-9766-cc326314d9f1,5.48800140000094,3.184662948991702e-05,5.802955788224028e-06,12.8603917568,33.316071150130526,20.0,1.7812496727516166e-05,5.078254062601539e-05,2.7700385000005352e-05,9.629542235353692e-05,0.0,Italy,ITA,lombardy,,,Windows-11-10.0.26200-SP0,3.13.13,3.2.6,32,13th Gen Intel(R) Core(TM) i9-13900HX,1,1 x NVIDIA GeForce RTX 4070 Laptop GPU,9.1922,45.4722,31.70067596435547,machine,0.0,6.0,33.166666666666664,10.515308380126951,N,1.0,0.0
2026-05-04T16:45:37,Q124_mistral:latest _SQuAD,3f52e1cc-a14a-4b31-a413-087681624005,5b0fa12a-3dd7-45bb-9766-cc326314d9f1,4.488820600003237,2.87303766923425e-05,6.400428810258486e-06,12.940229619200004,40.43325045957282,20.0,1.4328627113540878e-05,5.039976254198053e-05,2.21443438888956e-05,8.6872733544417e-05,0.0,Italy,ITA,lombardy,,,Windows-11-10.0.26200-SP0,3.13.13,3.2.6,32,13th Gen Intel(R) Core(TM) i9-13900HX,1,1 x NVIDIA GeForce RTX 4070 Laptop GPU,9.1922,45.4722,31.70067596435547,machine,0.0,25.5,32.900000000000006,10.424705505371094,N,1.0,0.0
2026-05-04T16:45:47,Q125_phi3:mini_SQuAD,0c654b67-44de-431c-be27-99c479aed7ca,5b0fa12a-3dd7-45bb-9766-cc326314d9f1,4.694716300000437,2.7919676654830147e-05,5.947042349465834e-06,12.857230092800004,35.398531408281194,20.0,1.4974594459005068e-05,4.6153925812003616e-05,2.329288000000816e-05,8.442140027101684e-05,0.0,Italy,ITA,lombardy,,,Windows-11-10.0.26200-SP0,3.13.13,3.2.6,32,13th Gen Intel(R) Core(TM) i9-13900HX,1,1 x NVIDIA GeForce RTX 4070 Laptop GPU,9.1922,45.4722,31.70067596435547,machine,0.0,53.0,33.1,10.490079243977863,N,1.0,0.0
2026-05-04T16:46:07,Q125_qwen2.5:7b_SQuAD,3970c23b-93d2-43a8-9118-43ee61ebd824,5b0fa12a-3dd7-45bb-9766-cc326314d9f1,5.752510899998015,3.117015494514894e-05,5.418530357788578e-06,12.851701184,29.003227041807783,20.0,1.874413620648842e-05,4.633698151398913e-05,2.916883222221966e-05,9.42499499426972e-05,0.0,Italy,ITA,lombardy,,,Windows-11-10.0.26200-SP0,3.13.13,3.2.6,32,13th Gen Intel(R) Core(TM) i9-13900HX,1,1 x NVIDIA GeForce RTX 4070 Laptop GPU,9.1922,45.4722,31.70067596435547,machine,0.0,32.75,33.625,10.663536071777344,N,1.0,0.0
2026-05-04T16:46:18,Q125_mistral:latest _SQuAD,b06042c2-4310-4a7c-9240-198e4a15085a,5b0fa12a-3dd7-45bb-9766-cc326314d9f1,5.388880099999369,3.502681973746429e-05,6.4998328200823e-06,12.847185545600002,40.96972922356619,20.0,1.7440624650445568e-05,6.132060461200295e-05,2.715021111111532e-05,0.0001059114403735,0.0,Italy,ITA,lombardy,,,Windows-11-10.0.26200-SP0,3.13.13,3.2.6,32,13th Gen Intel(R) Core(TM) i9-13900HX,1,1 x NVIDIA GeForce RTX 4070 Laptop GPU,9.1922,45.4722,31.70067596435547,machine,0.0,50.66666666666666,33.2,10.523665110270182,N,1.0,0.0
2026-05-04T16:46:42,Q126_phi3:mini_HumanEval,11efff34-ccd3-46ea-a2eb-d7fb7b4bc628,5b0fa12a-3dd7-45bb-9766-cc326314d9f1,9.318030300000828,8.215689554957587e-05,8.816980939584255e-06,12.8276886656,64.92142862844092,20.0,3.141439666359481e-05,0.0001680276344219,4.897775722222124e-05,0.0002484197883077,0.0,Italy,ITA,lombardy,,,Windows-11-10.0.26200-SP0,3.13.13,3.2.6,32,13th Gen Intel(R) Core(TM) i9-13900HX,1,1 x NVIDIA GeForce RTX 4070 Laptop GPU,9.1922,45.4722,31.70067596435547,machine,0.0,79.14285714285714,32.771428571428565,10.396371568952288,N,1.0,0.0
2026-05-04T16:47:09,Q126_qwen2.5:7b_HumanEval,0c51efd6-8869-4e77-88fe-6b924ce580e3,5b0fa12a-3dd7-45bb-9766-cc326314d9f1,12.01667240000097,0.0001012298991151,8.424120733719135e-06,12.82678043927273,60.25195678269856,20.0,4.102530816927401e-05,0.0002010987719899,6.396720944445002e-05,0.0003060912896037,0.0,Italy,ITA,lombardy,,,Windows-11-10.0.26200-SP0,3.13.13,3.2.6,32,13th Gen Intel(R) Core(TM) i9-13900HX,1,1 x NVIDIA GeForce RTX 4070 Laptop GPU,9.1922,45.4722,31.70067596435547,machine,6.0,72.5,33.709999999999994,10.679934310913088,N,1.0,0.0
2026-05-04T16:47:37,Q126_mistral:latest _HumanEval,18fd401a-c72f-4e67-8241-7229e4efb5e9,5b0fa12a-3dd7-45bb-9766-cc326314d9f1,12.562062099998002,0.0001198604678025,9.541464358987249e-06,12.827213758836368,72.3600748210056,20.0,4.296629068193162e-05,0.0002524677019739,6.699099722221338e-05,0.0003624249898781,0.0,Italy,ITA,lombardy,,,Windows-11-10.0.26200-SP0,3.13.13,3.2.6,32,13th Gen Intel(R) Core(TM) i9-13900HX,1,1 x NVIDIA GeForce RTX 4070 Laptop GPU,9.1922,45.4722,31.70067596435547,machine,6.67,81.9,32.989999999999995,10.452312088012697,N,1.0,0.0
2026-05-04T16:47:56,Q127_phi3:mini_SQuAD,80abbb84-4cec-4d06-abca-d21eff38deeb,5b0fa12a-3dd7-45bb-9766-cc326314d9f1,4.345805000000837,2.7502563225080627e-05,6.328531359569822e-06,12.8922973568,39.81427364101639,20.0,1.3762529218984172e-05,4.8048649549992106e-05,2.134898555555588e-05,8.316016432453215e-05,0.0,Italy,ITA,lombardy,,,Windows-11-10.0.26200-SP0,3.13.13,3.2.6,32,13th Gen Intel(R) Core(TM) i9-13900HX,1,1 x NVIDIA GeForce RTX 4070 Laptop GPU,9.1922,45.4722,31.70067596435547,machine,0.0,32.0,32.900000000000006,10.425809860229492,N,1.0,0.0
2026-05-04T16:48:17,Q127_qwen2.5:7b_SQuAD,066469ba-a48c-4ca9-9d47-65d775a73c61,5b0fa12a-3dd7-45bb-9766-cc326314d9f1,5.692388700001175,3.298168506534123e-05,5.793997353928839e-06,12.95176881152,33.03337014324904,20.0,1.867256329672156e-05,5.222226400000696e-05,2.883269000000533e-05,9.972751729673384e-05,0.0,Italy,ITA,lombardy,,,Windows-11-10.0.26200-SP0,3.13.13,3.2.6,32,13th Gen Intel(R) Core(TM) i9-13900HX,1,1 x NVIDIA GeForce RTX 4070 Laptop GPU,9.1922,45.4722,31.70067596435547,machine,0.0,36.0,33.8,10.719722747802734,N,1.0,0.0
2026-05-04T16:48:37,Q127_mistral:latest _SQuAD,0024e3e1-8b8a-466f-93c1-c311942878a8,5b0fa12a-3dd7-45bb-9766-cc326314d9f1,4.373569100000168,2.748695293085793e-05,6.284787619076804e-06,12.918366924800004,39.283145244923375,20.0,1.389252159705881e-05,4.771337150399901e-05,2.1507070000006936e-05,8.311296310106476e-05,0.0,Italy,ITA,lombardy,,,Windows-11-10.0.26200-SP0,3.13.13,3.2.6,32,13th Gen Intel(R) Core(TM) i9-13900HX,1,1 x NVIDIA GeForce RTX 4070 Laptop GPU,9.1922,45.4722,31.70067596435547,machine,0.0,16.0,33.3,10.55703353881836,N,1.0,0.0
2026-05-04T16:48:46,Q128_phi3:mini_GSM8K,0e7a5d54-4a14-418c-a697-0ad11d2496e0,5b0fa12a-3dd7-45bb-9766-cc326314d9f1,4.860473699998693,3.0863219015380944e-05,6.349837674338048e-06,12.841504688,39.68215005259451,20.0,1.5546290844762933e-05,5.3563931739997184e-05,2.421163777778727e-05,9.332186036254738e-05,0.0,Italy,ITA,lombardy,,,Windows-11-10.0.26200-SP0,3.13.13,3.2.6,32,13th Gen Intel(R) Core(TM) i9-13900HX,1,1 x NVIDIA GeForce RTX 4070 Laptop GPU,9.1922,45.4722,31.70067596435547,machine,0.0,34.666666666666664,33.0,10.466107686360678,N,1.0,0.0
2026-05-04T16:49:11,Q128_qwen2.5:7b_GSM8K,47a7e581-cdfb-4f01-98c5-00cdd170fa54,5b0fa12a-3dd7-45bb-9766-cc326314d9f1,9.869541299998671,7.64321207378174e-05,7.744242454087271e-06,12.8271327104,53.15621483138997,20.0,3.337456028993948e-05,0.000145699005448,5.203608277776463e-05,0.0002311096485157,0.0,Italy,ITA,lombardy,,,Windows-11-10.0.26200-SP0,3.13.13,3.2.6,32,13th Gen Intel(R) Core(TM) i9-13900HX,1,1 x NVIDIA GeForce RTX 4070 Laptop GPU,9.1922,45.4722,31.70067596435547,machine,0.0,66.25,33.662499999999994,10.676581859588625,N,1.0,0.0
2026-05-04T16:49:34,Q128_mistral:latest _GSM8K,e3aae58a-3d4c-449b-907f-ea4f138d6121,5b0fa12a-3dd7-45bb-9766-cc326314d9f1,7.81046570000035,6.369252162456315e-05,8.15476619077404e-06,12.827307863771429,58.06516279905073,20.0,2.6038506052585823e-05,0.00012595287854,4.059723055555272e-05,0.0001925886151481,0.0,Italy,ITA,lombardy,,,Windows-11-10.0.26200-SP0,3.13.13,3.2.6,32,13th Gen Intel(R) Core(TM) i9-13900HX,1,1 x NVIDIA GeForce RTX 4070 Laptop GPU,9.1922,45.4722,31.70067596435547,machine,0.0,72.5,32.9,10.43235206604004,N,1.0,0.0
2026-05-04T16:49:57,Q129_phi3:mini_GSM8K,5af145b5-892b-44fd-827f-dbe9a966c620,5b0fa12a-3dd7-45bb-9766-cc326314d9f1,7.5998599999984435,6.292831169332907e-05,8.280193542162876e-06,12.837157365028572,59.47111547336768,20.0,2.5310959704020585e-05,0.0001255342670939,3.943262833333089e-05,0.0001902778551313,0.0,Italy,ITA,lombardy,,,Windows-11-10.0.26200-SP0,3.13.13,3.2.6,32,13th Gen Intel(R) Core(TM) i9-13900HX,1,1 x NVIDIA GeForce RTX 4070 Laptop GPU,9.1922,45.4722,31.70067596435547,machine,0.0,64.83333333333333,32.88333333333333,10.417945861816406,N,1.0,0.0
2026-05-04T16:50:21,Q129_qwen2.5:7b_GSM8K,109cae8c-2a97-4e4b-b610-6ea1eccbb9ce,5b0fa12a-3dd7-45bb-9766-cc326314d9f1,9.101446000000578,7.207527099531109e-05,7.919101096167192e-06,12.8341621568,55.1848972200039,20.0,3.065704906154363e-05,0.000139505111604,4.777357611112368e-05,0.0002179357367766,0.0,Italy,ITA,lombardy,,,Windows-11-10.0.26200-SP0,3.13.13,3.2.6,32,13th Gen Intel(R) Core(TM) i9-13900HX,1,1 x NVIDIA GeForce RTX 4070 Laptop GPU,9.1922,45.4722,31.70067596435547,machine,10.714285714285714,54.42857142857143,33.614285714285714,10.64939716884068,N,1.0,0.0
2026-05-04T16:50:45,Q129_mistral:latest _GSM8K,3f6c40e4-6655-4b44-9f6a-236f8e6646e0,5b0fa12a-3dd7-45bb-9766-cc326314d9f1,8.997221999998146,7.55923069970173e-05,8.401738558527608e-06,12.835461944,60.46835492311084,20.0,3.0285494225120185e-05,0.0001510956764319,4.718911277777806e-05,0.0002285702834348,0.0,Italy,ITA,lombardy,,,Windows-11-10.0.26200-SP0,3.13.13,3.2.6,32,13th Gen Intel(R) Core(TM) i9-13900HX,1,1 x NVIDIA GeForce RTX 4070 Laptop GPU,9.1922,45.4722,31.70067596435547,machine,0.0,80.85714285714286,32.92857142857143,10.436580657958984,N,1.0,0.0
2026-05-04T16:51:09,Q130_phi3:mini_HellaSwag,9f06f138-9a99-4541-a06f-841ab44db5d5,5b0fa12a-3dd7-45bb-9766-cc326314d9f1,9.224171800000477,7.720435246922964e-05,8.369786918889092e-06,12.827922766400002,60.0688958599326,20.0,3.108257389953548e-05,0.000153902067566,4.846002277778704e-05,0.0002334446642433,0.0,Italy,ITA,lombardy,,,Windows-11-10.0.26200-SP0,3.13.13,3.2.6,32,13th Gen Intel(R) Core(TM) i9-13900HX,1,1 x NVIDIA GeForce RTX 4070 Laptop GPU,9.1922,45.4722,31.70067596435547,machine,0.0,90.14285714285714,32.91428571428572,10.438289097377233,N,1.0,0.0
2026-05-04T16:51:30,Q130_qwen2.5:7b_HellaSwag,c2a5133b-b1eb-4981-a21c-84a3d788aa5c,5b0fa12a-3dd7-45bb-9766-cc326314d9f1,5.4426031000002695,2.8210227682236328e-05,5.18322338849859e-06,12.8429232608,26.62501693720283,20.0,1.7620859234370907e-05,4.024003219199601e-05,2.7439055000003364e-05,8.529994642637028e-05,0.0,Italy,ITA,lombardy,,,Windows-11-10.0.26200-SP0,3.13.13,3.2.6,32,13th Gen Intel(R) Core(TM) i9-13900HX,1,1 x NVIDIA GeForce RTX 4070 Laptop GPU,9.1922,45.4722,31.70067596435547,machine,0.0,17.666666666666668,33.06666666666667,10.479077657063804,N,1.0,0.0
2026-05-04T16:51:49,Q130_mistral:latest _HellaSwag,cd675ab0-9689-4945-947e-83693383fdb5,5b0fa12a-3dd7-45bb-9766-cc326314d9f1,4.1744158000001335,2.2992312476823906e-05,5.507911424832947e-06,12.8407913984,31.073836309793737,20.0,1.3099249777594356e-05,3.6021417706005865e-05,2.040174277778229e-05,6.952241026138251e-05,0.0,Italy,ITA,lombardy,,,Windows-11-10.0.26200-SP0,3.13.13,3.2.6,32,13th Gen Intel(R) Core(TM) i9-13900HX,1,1 x NVIDIA GeForce RTX 4070 Laptop GPU,9.1922,45.4722,31.70067596435547,machine,0.0,43.0,33.0,10.46177101135254,N,1.0,0.0
2026-05-04T16:52:03,Q131_phi3:mini_HellaSwag,c2bcf75c-f120-4029-9143-6708b1e9ec10,5b0fa12a-3dd7-45bb-9766-cc326314d9f1,9.167841100002988,7.89223302580897e-05,8.608605820847394e-06,12.8204706512,62.68862385122237,20.0,3.0861984670574686e-05,0.000159633183262,4.814418722223005e-05,0.0002386393551548,0.0,Italy,ITA,lombardy,,,Windows-11-10.0.26200-SP0,3.13.13,3.2.6,32,13th Gen Intel(R) Core(TM) i9-13900HX,1,1 x NVIDIA GeForce RTX 4070 Laptop GPU,9.1922,45.4722,31.70067596435547,machine,0.0,75.71428571428571,32.92857142857143,10.43460409981864,N,1.0,0.0
2026-05-04T16:52:28,Q131_qwen2.5:7b_HellaSwag,bda74871-2d0f-429d-9a84-7c9241022b73,5b0fa12a-3dd7-45bb-9766-cc326314d9f1,9.048127599999134,6.878883913608236e-05,7.602549629836005e-06,12.8210711024,51.76260967737301,20.0,3.0436228807941464e-05,0.0001300842707339,4.7477973888878e-05,0.0002079984734307,0.0,Italy,ITA,lombardy,,,Windows-11-10.0.26200-SP0,3.13.13,3.2.6,32,13th Gen Intel(R) Core(TM) i9-13900HX,1,1 x NVIDIA GeForce RTX 4070 Laptop GPU,9.1922,45.4722,31.70067596435547,machine,0.0,62.57142857142857,33.8,10.721275329589844,N,1.0,0.0
2026-05-04T16:52:49,Q131_mistral:latest _HellaSwag,aa43157c-3943-4ad5-8591-613392f68d52,5b0fa12a-3dd7-45bb-9766-cc326314d9f1,5.902460799999972,4.433557255074544e-05,7.5113709439198066e-06,12.851521702400005,51.71800893186268,20.0,1.9278299251754887e-05,8.478006782400294e-05,3.0000173888887123e-05,0.0001340585409646,0.0,Italy,ITA,lombardy,,,Windows-11-10.0.26200-SP0,3.13.13,3.2.6,32,13th Gen Intel(R) Core(TM) i9-13900HX,1,1 x NVIDIA GeForce RTX 4070 Laptop GPU,9.1922,45.4722,31.70067596435547,machine,0.0,61.0,33.275,10.5467529296875,N,1.0,0.0
2026-05-04T16:53:11,Q132_phi3:mini_MMLU,62e6f7e5-c082-48da-ac36-917fe7c067e0,5b0fa12a-3dd7-45bb-9766-cc326314d9f1,7.059197700000368,5.660486476209465e-05,8.018597462158015e-06,12.8381248832,56.809285897190776,20.0,2.3379247469690926e-05,0.0001113573113079,3.642093722222247e-05,0.0001711574959998,0.0,Italy,ITA,lombardy,,,Windows-11-10.0.26200-SP0,3.13.13,3.2.6,32,13th Gen Intel(R) Core(TM) i9-13900HX,1,1 x NVIDIA GeForce RTX 4070 Laptop GPU,9.1922,45.4722,31.70067596435547,machine,0.0,74.2,32.88,10.427796936035156,N,1.0,0.0
2026-05-04T16:53:34,Q132_qwen2.5:7b_MMLU,ddd1f69d-452f-407b-96eb-8c4f70be2dc0,5b0fa12a-3dd7-45bb-9766-cc326314d9f1,8.757706599997618,6.820117765738425e-05,7.787561375646313e-06,12.836320140800002,53.81874396982428,20.0,2.9439295833529003e-05,0.0001309145491759,4.586770222221174e-05,0.0002062215472317,0.0,Italy,ITA,lombardy,,,Windows-11-10.0.26200-SP0,3.13.13,3.2.6,32,13th Gen Intel(R) Core(TM) i9-13900HX,1,1 x NVIDIA GeForce RTX 4070 Laptop GPU,9.1922,45.4722,31.70067596435547,machine,0.0,63.142857142857146,33.48571428571428,10.611417497907366,N,1.0,0.0
2026-05-04T16:53:55,Q132_mistral:latest _MMLU,9ac7217a-c28e-4729-9674-c4ee09e7092f,5b0fa12a-3dd7-45bb-9766-cc326314d9f1,5.9579209000003175,4.455394201698839e-05,7.478102305283378e-06,12.834721233920002,51.34113186340794,20.0,1.945144535841478e-05,8.495756796597642e-05,3.0309816666683928e-05,0.000134718829991,0.0,Italy,ITA,lombardy,,,Windows-11-10.0.26200-SP0,3.13.13,3.2.6,32,13th Gen Intel(R) Core(TM) i9-13900HX,1,1 x NVIDIA GeForce RTX 4070 Laptop GPU,9.1922,45.4722,31.70067596435547,machine,0.0,53.5,32.85,10.414080619812012,N,1.0,0.0
2026-05-04T16:54:20,Q133_phi3:mini_MMLU,ad7a13aa-13f5-4a75-b907-87fcd8cab280,5b0fa12a-3dd7-45bb-9766-cc326314d9f1,9.466523600000071,8.050256109755828e-05,8.503920182225886e-06,12.832685883200003,61.52147189787048,20.0,3.194257738069377e-05,0.000161692629354,4.978233055555596e-05,0.0002434175372902,0.0,Italy,ITA,lombardy,,,Windows-11-10.0.26200-SP0,3.13.13,3.2.6,32,13th Gen Intel(R) Core(TM) i9-13900HX,1,1 x NVIDIA GeForce RTX 4070 Laptop GPU,9.1922,45.4722,31.70067596435547,machine,0.0,84.0,32.84285714285714,10.40244620186942,N,1.0,0.0
2026-05-04T16:54:43,Q133_qwen2.5:7b_MMLU,6f850ace-885e-4160-8c5b-f96a662d75b0,5b0fa12a-3dd7-45bb-9766-cc326314d9f1,8.040743999998085,5.933593004830984e-05,7.379407931445644e-06,12.833235858285716,49.55203838743196,20.0,2.687289605778788e-05,0.0001106631440859,4.1879443888885565e-05,0.0001794154840326,0.0,Italy,ITA,lombardy,,,Windows-11-10.0.26200-SP0,3.13.13,3.2.6,32,13th Gen Intel(R) Core(TM) i9-13900HX,1,1 x NVIDIA GeForce RTX 4070 Laptop GPU,9.1922,45.4722,31.70067596435547,machine,0.0,55.833333333333336,33.4,10.591866175333658,N,1.0,0.0
2026-05-04T16:55:06,Q133_mistral:latest _MMLU,36ce48ae-ffe4-4127-ba25-51a84d3d58d2,5b0fa12a-3dd7-45bb-9766-cc326314d9f1,7.63235110000096,5.884210563303559e-05,7.709564832916057e-06,12.83050201417143,53.28702951315427,20.0,2.540357711277023e-05,0.000112921201448,3.959751666667823e-05,0.0001779222952274,0.0,Italy,ITA,lombardy,,,Windows-11-10.0.26200-SP0,3.13.13,3.2.6,32,13th Gen Intel(R) Core(TM) i9-13900HX,1,1 x NVIDIA GeForce RTX 4070 Laptop GPU,9.1922,45.4722,31.70067596435547,machine,0.0,76.33333333333333,33.06666666666667,10.47808519999186,N,1.0,0.0
2026-05-04T16:55:29,Q134_phi3:mini_HumanEval,b4f83162-1bf7-43e1-b82b-12f95eb9330f,5b0fa12a-3dd7-45bb-9766-cc326314d9f1,7.841188599999441,6.325745623451234e-05,8.067330026281583e-06,12.840569259885717,57.12005081208852,20.0,2.616670072282652e-05,0.000124351210592,4.0755186111103584e-05,0.0001912730974259,0.0,Italy,ITA,lombardy,,,Windows-11-10.0.26200-SP0,3.13.13,3.2.6,32,13th Gen Intel(R) Core(TM) i9-13900HX,1,1 x NVIDIA GeForce RTX 4070 Laptop GPU,9.1922,45.4722,31.70067596435547,machine,4.766666666666667,71.5,32.78333333333333,10.39960797627767,N,1.0,0.0
2026-05-04T16:55:56,Q134_qwen2.5:7b_HumanEval,a279199e-ccac-4565-8e59-b2afbb119e68,5b0fa12a-3dd7-45bb-9766-cc326314d9f1,11.655750699999771,9.397433099381376e-05,8.062486356525762e-06,12.83146304698182,56.35007000789725,20.0,3.975501551513212e-05,0.000182433757058,6.19636805555476e-05,0.0002841524531286,0.0,Italy,ITA,lombardy,,,Windows-11-10.0.26200-SP0,3.13.13,3.2.6,32,13th Gen Intel(R) Core(TM) i9-13900HX,1,1 x NVIDIA GeForce RTX 4070 Laptop GPU,9.1922,45.4722,31.70067596435547,machine,0.0,72.2,33.58,10.64418601989746,N,1.0,0.0
2026-05-04T16:56:22,Q134_mistral:latest _HumanEval,12331aab-3106-4ec3-ba93-8c4d57754c96,5b0fa12a-3dd7-45bb-9766-cc326314d9f1,11.15504990000045,9.987849400876728e-05,8.953657303564663e-06,12.8533426112,66.09492847469693,20.0,3.803553897648241e-05,0.0002047865527179,5.918292166665601e-05,0.0003020050133611,0.0,Italy,ITA,lombardy,,,Windows-11-10.0.26200-SP0,3.13.13,3.2.6,32,13th Gen Intel(R) Core(TM) i9-13900HX,1,1 x NVIDIA GeForce RTX 4070 Laptop GPU,9.1922,45.4722,31.70067596435547,machine,0.0,80.33333333333333,33.27777777777778,10.550665537516275,N,1.0,0.0
2026-05-04T16:56:41,Q135_phi3:mini_SQuAD,3a7ccab6-2f72-4147-b390-2568601676e1,5b0fa12a-3dd7-45bb-9766-cc326314d9f1,4.335507700001472,2.594669483237345e-05,5.984695825212038e-06,12.838654361600002,36.11470187158783,20.0,1.3672126607473495e-05,4.3486145899995776e-05,2.1297374999994645e-05,7.845564750746391e-05,0.0,Italy,ITA,lombardy,,,Windows-11-10.0.26200-SP0,3.13.13,3.2.6,32,13th Gen Intel(R) Core(TM) i9-13900HX,1,1 x NVIDIA GeForce RTX 4070 Laptop GPU,9.1922,45.4722,31.70067596435547,machine,0.0,4.0,33.2,10.520706176757812,N,1.0,0.0
2026-05-04T16:57:02,Q135_qwen2.5:7b_SQuAD,4747676d-8c82-4866-9d09-e068680d955a,5b0fa12a-3dd7-45bb-9766-cc326314d9f1,5.639196600001014,3.360698778534458e-05,5.959534694239696e-06,12.843036945920002,34.98874813833515,20.0,1.831813918330596e-05,5.477532159800513e-05,2.8524799444454e-05,0.0001016182602257,0.0,Italy,ITA,lombardy,,,Windows-11-10.0.26200-SP0,3.13.13,3.2.6,32,13th Gen Intel(R) Core(TM) i9-13900HX,1,1 x NVIDIA GeForce RTX 4070 Laptop GPU,9.1922,45.4722,31.70067596435547,machine,0.0,14.0,33.775,10.70061206817627,N,1.0,0.0
2026-05-04T16:57:11,Q135_mistral:latest _SQuAD,b06095d9-a604-4bcc-92a5-5db301c3e222,5b0fa12a-3dd7-45bb-9766-cc326314d9f1,4.394577600000048,2.483973817469411e-05,5.65236080361713e-06,12.8547506048,32.43884181125019,20.0,1.3898030380369674e-05,3.958864278200136e-05,2.1621842777777702e-05,7.510851594014873e-05,0.0,Italy,ITA,lombardy,,,Windows-11-10.0.26200-SP0,3.13.13,3.2.6,32,13th Gen Intel(R) Core(TM) i9-13900HX,1,1 x NVIDIA GeForce RTX 4070 Laptop GPU,9.1922,45.4722,31.70067596435547,machine,0.0,24.0,33.0,10.463434219360352,N,1.0,0.0
2026-05-04T16:57:21,Q136_phi3:mini_MMLU,73b7a783-0626-4f47-8c30-0927b6bde4a4,5b0fa12a-3dd7-45bb-9766-cc326314d9f1,4.857642799997848,3.454344913243835e-05,7.111154639129426e-06,12.8576012096,47.96312131964859,20.0,1.5554230911460065e-05,6.470255176199702e-05,2.4193078333317114e-05,0.0001044498610067,0.0,Italy,ITA,lombardy,,,Windows-11-10.0.26200-SP0,3.13.13,3.2.6,32,13th Gen Intel(R) Core(TM) i9-13900HX,1,1 x NVIDIA GeForce RTX 4070 Laptop GPU,9.1922,45.4722,31.70067596435547,machine,0.0,54.333333333333336,33.1,10.490447998046877,N,1.0,0.0
2026-05-04T16:57:43,Q136_qwen2.5:7b_MMLU,b798ca40-fc38-41ee-8faf-3073fafda7b8,5b0fa12a-3dd7-45bb-9766-cc326314d9f1,6.440419800001109,3.846442036560087e-05,5.972346766214563e-06,12.83011180544,34.79931097578478,20.0,2.1145446615815235e-05,6.219921642600101e-05,3.296113333334587e-05,0.0001163057963751,0.0,Italy,ITA,lombardy,,,Windows-11-10.0.26200-SP0,3.13.13,3.2.6,32,13th Gen Intel(R) Core(TM) i9-13900HX,1,1 x NVIDIA GeForce RTX 4070 Laptop GPU,9.1922,45.4722,31.70067596435547,machine,0.0,18.25,33.475,10.607359886169434,N,1.0,0.0
2026-05-04T16:58:03,Q136_mistral:latest _MMLU,f064ee45-4fc9-49d3-a341-f28ed71e6bea,5b0fa12a-3dd7-45bb-9766-cc326314d9f1,5.11339119999684,3.611597039889816e-05,7.063017278811072e-06,12.8872204256,47.236781398005206,20.0,1.6507593967766433e-05,6.707949810799696e-05,2.5617639444438584e-05,0.0001092047315202,0.0,Italy,ITA,lombardy,,,Windows-11-10.0.26200-SP0,3.13.13,3.2.6,32,13th Gen Intel(R) Core(TM) i9-13900HX,1,1 x NVIDIA GeForce RTX 4070 Laptop GPU,9.1922,45.4722,31.70067596435547,machine,0.0,50.333333333333336,33.266666666666666,10.544642130533854,N,1.0,0.0
2026-05-04T16:58:24,Q137_phi3:mini_SQuAD,f2584de4-27ec-42c8-a2f7-05b82aa64169,5b0fa12a-3dd7-45bb-9766-cc326314d9f1,5.593973099999857,4.284894890216287e-05,7.659841786183055e-06,12.82507853312,53.5086129244226,20.0,1.8140808533475742e-05,8.31342331739926e-05,2.828835944445826e-05,0.0001295634011519,0.0,Italy,ITA,lombardy,,,Windows-11-10.0.26200-SP0,3.13.13,3.2.6,32,13th Gen Intel(R) Core(TM) i9-13900HX,1,1 x NVIDIA GeForce RTX 4070 Laptop GPU,9.1922,45.4722,31.70067596435547,machine,0.0,49.25,33.175,10.512442588806152,N,1.0,0.0
2026-05-04T16:58:35,Q137_qwen2.5:7b_SQuAD,a85308e9-c649-4917-8cad-3654d2f57a6b,5b0fa12a-3dd7-45bb-9766-cc326314d9f1,6.041129799999908,3.698211239398822e-05,6.121721204200708e-06,12.840062159360002,36.541825721986136,20.0,1.975136971066345e-05,6.130782682398084e-05,3.07645094444322e-05,0.000111823705979,0.0,Italy,ITA,lombardy,,,Windows-11-10.0.26200-SP0,3.13.13,3.2.6,32,13th Gen Intel(R) Core(TM) i9-13900HX,1,1 x NVIDIA GeForce RTX 4070 Laptop GPU,9.1922,45.4722,31.70067596435547,machine,20.0,35.5,33.5,10.620843887329102,N,1.0,0.0
2026-05-04T16:58:45,Q137_mistral:latest _SQuAD,a006445a-3780-4294-9e82-73d1ce9d13e2,5b0fa12a-3dd7-45bb-9766-cc326314d9f1,5.753752999997232,4.264478236102929e-05,7.411646339536959e-06,12.835802570240002,50.724492323620005,20.0,1.872309245700489e-05,8.105062039601152e-05,2.9172344999986107e-05,0.000128946057853,0.0,Italy,ITA,lombardy,,,Windows-11-10.0.26200-SP0,3.13.13,3.2.6,32,13th Gen Intel(R) Core(TM) i9-13900HX,1,1 x NVIDIA GeForce RTX 4070 Laptop GPU,9.1922,45.4722,31.70067596435547,machine,0.0,42.25,33.175,10.515057563781738,N,1.0,0.0
2026-05-04T16:59:05,Q138_phi3:mini_HellaSwag,9e7100b0-0124-46d7-b02d-9aa1e8b8f1ad,5b0fa12a-3dd7-45bb-9766-cc326314d9f1,4.746273400000064,3.156158085712505e-05,6.649760390356912e-06,12.854175132800002,43.010815646853125,20.0,1.5156225786728215e-05,5.669643424599524e-05,2.3580853888880584e-05,9.543351392160404e-05,0.0,Italy,ITA,lombardy,,,Windows-11-10.0.26200-SP0,3.13.13,3.2.6,32,13th Gen Intel(R) Core(TM) i9-13900HX,1,1 x NVIDIA GeForce RTX 4070 Laptop GPU,9.1922,45.4722,31.70067596435547,machine,0.0,52.66666666666666,33.23333333333333,10.539700826009115,N,1.0,0.0
2026-05-04T16:59:35,Q138_qwen2.5:7b_HellaSwag,476a95ab-dc2d-4c39-bb7c-81972461cfde,5b0fa12a-3dd7-45bb-9766-cc326314d9f1,15.080186700000922,0.000133453515021,8.8495930240075e-06,12.821494180571433,64.61108038369288,20.0,5.191834171908576e-05,0.00027062243872,8.098583444443648e-05,0.0004035266148835,0.0,Italy,ITA,lombardy,,,Windows-11-10.0.26200-SP0,3.13.13,3.2.6,32,13th Gen Intel(R) Core(TM) i9-13900HX,1,1 x NVIDIA GeForce RTX 4070 Laptop GPU,9.1922,45.4722,31.70067596435547,machine,0.0,76.15384615384616,34.0,10.776119232177734,N,1.0,0.0
2026-05-04T17:00:00,Q138_mistral:latest _HellaSwag,2407aee6-3756-4697-93b1-2b4aff24afe9,5b0fa12a-3dd7-45bb-9766-cc326314d9f1,9.560961500003032,7.904730461692429e-05,8.267714980015265e-06,12.829924838400002,58.89536506739924,20.0,3.228539357263115e-05,0.00015640429179,5.032755777778625e-05,0.0002390172431404,0.0,Italy,ITA,lombardy,,,Windows-11-10.0.26200-SP0,3.13.13,3.2.6,32,13th Gen Intel(R) Core(TM) i9-13900HX,1,1 x NVIDIA GeForce RTX 4070 Laptop GPU,9.1922,45.4722,31.70067596435547,machine,0.0,69.5,33.25,10.536870002746582,N,1.0,0.0
2026-05-04T17:00:24,Q139_phi3:mini_HellaSwag,56b4fb40-c385-42ca-aacc-b3df4e332e3a,5b0fa12a-3dd7-45bb-9766-cc326314d9f1,9.188082000000575,7.640495843990716e-05,8.315659181089412e-06,12.8702474912,59.45040005157091,20.0,3.1053566956260154e-05,0.000151718454708,4.825549555555173e-05,0.0002310275172198,0.0,Italy,ITA,lombardy,,,Windows-11-10.0.26200-SP0,3.13.13,3.2.6,32,13th Gen Intel(R) Core(TM) i9-13900HX,1,1 x NVIDIA GeForce RTX 4070 Laptop GPU,9.1922,45.4722,31.70067596435547,machine,0.0,73.85714285714286,33.471428571428575,10.612282889229911,N,1.0,0.0
2026-05-04T17:00:49,Q139_qwen2.5:7b_HellaSwag,ec7ecfb6-fa74-47eb-9a5d-31923b6742b9,5b0fa12a-3dd7-45bb-9766-cc326314d9f1,9.325184799999988,7.191044521084555e-05,7.711423071298881e-06,12.8383539392,52.92353533203057,20.0,3.144609224738251e-05,0.0001370048318259,4.898642499999065e-05,0.0002174373490733,0.0,Italy,ITA,lombardy,,,Windows-11-10.0.26200-SP0,3.13.13,3.2.6,32,13th Gen Intel(R) Core(TM) i9-13900HX,1,1 x NVIDIA GeForce RTX 4070 Laptop GPU,9.1922,45.4722,31.70067596435547,machine,0.0,48.85714285714285,34.07142857142857,10.802037920270648,N,1.0,0.0
2026-05-04T17:01:11,Q139_mistral:latest _HellaSwag,67e4136a-3a89-4a2a-ad10-13f2e60524e6,5b0fa12a-3dd7-45bb-9766-cc326314d9f1,7.11953849999918,5.279162869876215e-05,7.415035215943875e-06,12.8283016448,50.21140624388558,20.0,2.3580268192977024e-05,9.928480165000142e-05,3.676225222223164e-05,0.0001596273220652,0.0,Italy,ITA,lombardy,,,Windows-11-10.0.26200-SP0,3.13.13,3.2.6,32,13th Gen Intel(R) Core(TM) i9-13900HX,1,1 x NVIDIA GeForce RTX 4070 Laptop GPU,9.1922,45.4722,31.70067596435547,machine,0.0,60.8,33.5,10.62557907104492,N,1.0,0.0
2026-05-04T17:01:35,Q140_phi3:mini_HumanEval,f15c768f-a644-46a5-a2e7-0bf6d828b507,5b0fa12a-3dd7-45bb-9766-cc326314d9f1,9.244033800001487,7.903248140905726e-05,8.549566468379261e-06,12.8295912656,62.027344154459385,20.0,3.1154115001891806e-05,0.000159253460736,4.8564846111104186e-05,0.0002389724218489,0.0,Italy,ITA,lombardy,,,Windows-11-10.0.26200-SP0,3.13.13,3.2.6,32,13th Gen Intel(R) Core(TM) i9-13900HX,1,1 x NVIDIA GeForce RTX 4070 Laptop GPU,9.1922,45.4722,31.70067596435547,machine,0.0,69.57142857142857,33.07142857142857,10.48532213483538,N,1.0,0.0
2026-05-04T17:02:04,Q140_qwen2.5:7b_HumanEval,4f58f777-df81-49ad-8e58-f637eaeae48a,5b0fa12a-3dd7-45bb-9766-cc326314d9f1,14.22073239999736,0.0001244009508939,8.747858225221292e-06,12.837543148307692,63.55180278543933,20.0,4.891913738857979e-05,0.000251023534152,7.621148666666058e-05,0.0003761541582072,0.0,Italy,ITA,lombardy,,,Windows-11-10.0.26200-SP0,3.13.13,3.2.6,32,13th Gen Intel(R) Core(TM) i9-13900HX,1,1 x NVIDIA GeForce RTX 4070 Laptop GPU,9.1922,45.4722,31.70067596435547,machine,0.0,73.66666666666667,33.94166666666667,10.765734354654947,N,1.0,0.0
2026-05-04T17:02:28,Q140_mistral:latest _HumanEval,315b59eb-5f9b-47f5-a21e-b6ac07266447,5b0fa12a-3dd7-45bb-9766-cc326314d9f1,8.111681999998837,6.495774477413948e-05,8.007925455429441e-06,12.849872630857144,56.35558048610914,20.0,2.716428379507016e-05,0.0001269712126879,4.227880444444357e-05,0.0001964143009274,0.0,Italy,ITA,lombardy,,,Windows-11-10.0.26200-SP0,3.13.13,3.2.6,32,13th Gen Intel(R) Core(TM) i9-13900HX,1,1 x NVIDIA GeForce RTX 4070 Laptop GPU,9.1922,45.4722,31.70067596435547,machine,0.0,80.33333333333333,33.15,10.51817258199056,N,1.0,0.0
2026-05-04T17:02:51,Q141_phi3:mini_GSM8K,931572d5-f6ce-474c-b561-b0f0477845c2,5b0fa12a-3dd7-45bb-9766-cc326314d9f1,8.174723799998901,6.824473378808905e-05,8.348261722077782e-06,12.825654990628571,60.07457194601736,20.0,2.733376372712078e-05,0.000136396775784,4.262270944444834e-05,0.0002063532489555,0.0,Italy,ITA,lombardy,,,Windows-11-10.0.26200-SP0,3.13.13,3.2.6,32,13th Gen Intel(R) Core(TM) i9-13900HX,1,1 x NVIDIA GeForce RTX 4070 Laptop GPU,9.1922,45.4722,31.70067596435547,machine,0.0,82.33333333333333,32.96666666666667,10.448635737101236,N,1.0,0.0
2026-05-04T17:03:15,Q141_qwen2.5:7b_GSM8K,e357b3dd-c953-466d-97aa-87ad65651e86,5b0fa12a-3dd7-45bb-9766-cc326314d9f1,9.472899500000494,7.357792525930979e-05,7.767202139039474e-06,12.836460512000002,53.47859826015186,20.0,3.197938065263398e-05,0.00014067511254,4.982485555556196e-05,0.0002224793487482,0.0,Italy,ITA,lombardy,,,Windows-11-10.0.26200-SP0,3.13.13,3.2.6,32,13th Gen Intel(R) Core(TM) i9-13900HX,1,1 x NVIDIA GeForce RTX 4070 Laptop GPU,9.1922,45.4722,31.70067596435547,machine,0.0,61.42857142857143,33.77142857142857,10.707206181117469,N,1.0,0.0
2026-05-04T17:03:38,Q141_mistral:latest _GSM8K,af7a711b-b8d1-43d8-a59e-ed5e9c2ff47c,5b0fa12a-3dd7-45bb-9766-cc326314d9f1,7.642248500000278,6.139018752630177e-05,8.033000696889082e-06,12.837835465142858,56.76739761434354,20.0,2.54628000049186e-05,0.0001204967630639,3.966742888888904e-05,0.0001856269919578,0.0,Italy,ITA,lombardy,,,Windows-11-10.0.26200-SP0,3.13.13,3.2.6,32,13th Gen Intel(R) Core(TM) i9-13900HX,1,1 x NVIDIA GeForce RTX 4070 Laptop GPU,9.1922,45.4722,31.70067596435547,machine,0.0,80.0,33.050000000000004,10.482812881469728,N,1.0,0.0
2026-05-04T17:04:02,Q142_phi3:mini_HumanEval,48159563-cc09-4875-ac06-965da4abb31e,5b0fa12a-3dd7-45bb-9766-cc326314d9f1,9.242022300000826,7.948434382830953e-05,8.600319415838504e-06,12.838309400000002,62.59179182058058,20.0,3.116063175654215e-05,0.0001606356840639,4.854241333333549e-05,0.0002403387291538,0.0,Italy,ITA,lombardy,,,Windows-11-10.0.26200-SP0,3.13.13,3.2.6,32,13th Gen Intel(R) Core(TM) i9-13900HX,1,1 x NVIDIA GeForce RTX 4070 Laptop GPU,9.1922,45.4722,31.70067596435547,machine,0.0,73.14285714285714,33.1,10.497015271868024,N,1.0,0.0
2026-05-04T17:04:29,Q142_qwen2.5:7b_HumanEval,c0d9bc24-cc25-4d6a-ba36-48816b4626bc,5b0fa12a-3dd7-45bb-9766-cc326314d9f1,11.602389499999845,9.857473766218804e-05,8.496072094648207e-06,12.826480364218185,61.0838841210812,20.0,3.954888523471441e-05,0.0001968476574779,6.166627111112272e-05,0.0002980628138238,0.0,Italy,ITA,lombardy,,,Windows-11-10.0.26200-SP0,3.13.13,3.2.6,32,13th Gen Intel(R) Core(TM) i9-13900HX,1,1 x NVIDIA GeForce RTX 4070 Laptop GPU,9.1922,45.4722,31.70067596435547,machine,0.0,70.2,34.1,10.813103485107424,N,1.0,0.0
2026-05-04T17:04:54,Q142_mistral:latest _HumanEval,3702d0a3-0e46-41cd-9209-620cea5855da,5b0fa12a-3dd7-45bb-9766-cc326314d9f1,9.721076199999516,8.362810082306575e-05,8.602761577269594e-06,12.855255001600003,62.49683756591883,20.0,3.2916444991539244e-05,0.000168742357216,5.120950500000213e-05,0.0002528683072075,0.0,Italy,ITA,lombardy,,,Windows-11-10.0.26200-SP0,3.13.13,3.2.6,32,13th Gen Intel(R) Core(TM) i9-13900HX,1,1 x NVIDIA GeForce RTX 4070 Laptop GPU,9.1922,45.4722,31.70067596435547,machine,0.0,80.25,33.375,10.58246898651123,N,1.0,0.0
2026-05-04T17:05:14,Q143_phi3:mini_MMLU,031310d3-86a5-429d-927a-96589372147a,5b0fa12a-3dd7-45bb-9766-cc326314d9f1,5.026871600002778,3.450478744765063e-05,6.864067792706614e-06,12.8347491296,45.167298074973694,20.0,1.6133562733432263e-05,6.306032822597785e-05,2.513906777779388e-05,0.0001043329587372,0.0,Italy,ITA,lombardy,,,Windows-11-10.0.26200-SP0,3.13.13,3.2.6,32,13th Gen Intel(R) Core(TM) i9-13900HX,1,1 x NVIDIA GeForce RTX 4070 Laptop GPU,9.1922,45.4722,31.70067596435547,machine,0.0,34.666666666666664,33.23333333333333,10.543017069498696,N,1.0,0.0
2026-05-04T17:05:38,Q143_qwen2.5:7b_MMLU,3570cb02-8d40-4a9f-baa1-8d7715465c3b,5b0fa12a-3dd7-45bb-9766-cc326314d9f1,8.73354400000244,6.741471399314384e-05,7.719055860155397e-06,12.8375505632,53.09779304377178,20.0,2.9347100599712306e-05,0.0001287764919099,4.571990555555709e-05,0.0002038434980652,0.0,Italy,ITA,lombardy,,,Windows-11-10.0.26200-SP0,3.13.13,3.2.6,32,13th Gen Intel(R) Core(TM) i9-13900HX,1,1 x NVIDIA GeForce RTX 4070 Laptop GPU,9.1922,45.4722,31.70067596435547,machine,0.0,61.57142857142857,33.714285714285715,10.68632071358817,N,1.0,0.0
2026-05-04T17:05:58,Q143_mistral:latest _MMLU,6b5bca33-1e61-430a-a640-56ea1071cde8,5b0fa12a-3dd7-45bb-9766-cc326314d9f1,5.065891000002011,3.4996960496719095e-05,6.908352449096358e-06,12.855511568,45.66184108457749,20.0,1.6285837351180833e-05,6.419977358201878e-05,2.5335543333332885e-05,0.0001058211542665,0.0,Italy,ITA,lombardy,,,Windows-11-10.0.26200-SP0,3.13.13,3.2.6,32,13th Gen Intel(R) Core(TM) i9-13900HX,1,1 x NVIDIA GeForce RTX 4070 Laptop GPU,9.1922,45.4722,31.70067596435547,machine,0.0,48.0,33.166666666666664,10.518555959065756,N,1.0,0.0
2026-05-04T17:06:22,Q144_phi3:mini_GSM8K,22d1721d-994c-460a-8042-92f5e0ee329e,5b0fa12a-3dd7-45bb-9766-cc326314d9f1,9.18778569999995,8.027614261358467e-05,8.737267632786114e-06,12.8193014288,64.09326305534596,20.0,3.0926742742833344e-05,0.0001635565197339,4.824964777779112e-05,0.0002427329102546,0.0,Italy,ITA,lombardy,,,Windows-11-10.0.26200-SP0,3.13.13,3.2.6,32,13th Gen Intel(R) Core(TM) i9-13900HX,1,1 x NVIDIA GeForce RTX 4070 Laptop GPU,9.1922,45.4722,31.70067596435547,machine,0.0,74.85714285714286,33.07142857142857,10.48870631626674,N,1.0,0.0
2026-05-04T17:06:46,Q144_qwen2.5:7b_GSM8K,17e6146d-b715-47b6-9aeb-2dd3348f81cd,5b0fa12a-3dd7-45bb-9766-cc326314d9f1,8.279001599999901,5.842602453030335e-05,7.057134103018418e-06,12.879093291885717,45.94010058363918,20.0,2.7822503465997946e-05,0.000105636751176,4.3204926111098354e-05,0.000176664180753,0.0,Italy,ITA,lombardy,,,Windows-11-10.0.26200-SP0,3.13.13,3.2.6,32,13th Gen Intel(R) Core(TM) i9-13900HX,1,1 x NVIDIA GeForce RTX 4070 Laptop GPU,9.1922,45.4722,31.70067596435547,machine,0.0,42.5,33.86666666666667,10.740470886230469,N,1.0,0.0
2026-05-04T17:07:08,Q144_mistral:latest _GSM8K,0215da60-a39e-4e8b-8ecf-b6598056b5e0,5b0fa12a-3dd7-45bb-9766-cc326314d9f1,6.869696699999622,5.177451145149567e-05,7.536651720227839e-06,12.8348603072,51.61472672609448,20.0,2.2700860198306217e-05,9.847813433799812e-05,3.537284555554329e-05,0.0001565518400918,0.0,Italy,ITA,lombardy,,,Windows-11-10.0.26200-SP0,3.13.13,3.2.6,32,13th Gen Intel(R) Core(TM) i9-13900HX,1,1 x NVIDIA GeForce RTX 4070 Laptop GPU,9.1922,45.4722,31.70067596435547,machine,0.0,70.4,33.52,10.624524688720705,N,1.0,0.0
2026-05-04T17:07:31,Q145_phi3:mini_GSM8K,6e5ae226-33a9-43fc-a791-b0f6b17aeb7e,5b0fa12a-3dd7-45bb-9766-cc326314d9f1,7.931072199997288,6.596996472069408e-05,8.317912516382921e-06,12.828524885942858,59.80014974393712,20.0,2.647347776380405e-05,0.000131730105384,4.127139166666893e-05,0.0001994749748144,0.0,Italy,ITA,lombardy,,,Windows-11-10.0.26200-SP0,3.13.13,3.2.6,32,13th Gen Intel(R) Core(TM) i9-13900HX,1,1 x NVIDIA GeForce RTX 4070 Laptop GPU,9.1922,45.4722,31.70067596435547,machine,0.0,81.66666666666667,33.38333333333333,10.577739715576172,N,1.0,0.0
2026-05-04T17:07:58,Q145_qwen2.5:7b_GSM8K,f398d0b3-27d7-4c35-aee8-d9f7234c6bd8,5b0fa12a-3dd7-45bb-9766-cc326314d9f1,11.51201410000067,9.648507909359796e-05,8.381250948397668e-06,12.83111902208,59.8408311232144,20.0,3.924044469425777e-05,0.0001913404308499,6.116338722222282e-05,0.0002917442627664,0.0,Italy,ITA,lombardy,,,Windows-11-10.0.26200-SP0,3.13.13,3.2.6,32,13th Gen Intel(R) Core(TM) i9-13900HX,1,1 x NVIDIA GeForce RTX 4070 Laptop GPU,9.1922,45.4722,31.70067596435547,machine,0.0,69.77777777777777,33.82222222222222,10.724010467529297,N,1.0,0.0
2026-05-04T17:08:21,Q145_mistral:latest _GSM8K,58e9a527-6259-4d2f-9167-95dc945278c0,5b0fa12a-3dd7-45bb-9766-cc326314d9f1,7.941449499998271,6.558914792923092e-05,8.259090223925141e-06,12.862468993828571,59.12460711929544,20.0,2.658089278158603e-05,0.0001304126043299,4.132999277777951e-05,0.0001983234898893,0.0,Italy,ITA,lombardy,,,Windows-11-10.0.26200-SP0,3.13.13,3.2.6,32,13th Gen Intel(R) Core(TM) i9-13900HX,1,1 x NVIDIA GeForce RTX 4070 Laptop GPU,9.1922,45.4722,31.70067596435547,machine,4.166666666666667,79.16666666666667,33.166666666666664,10.517101923624674,N,1.0,0.0
2026-05-04T17:08:41,Q146_phi3:mini_GSM8K,becab4fb-8f24-4e42-a278-5e42f3dd462f,5b0fa12a-3dd7-45bb-9766-cc326314d9f1,5.798739600002591,4.356990107158185e-05,7.513684710305387e-06,12.8490432896,51.84911279057961,20.0,1.889135764963129e-05,8.344784453601095e-05,2.9404159444453e-05,0.00013174336163,0.0,Italy,ITA,lombardy,,,Windows-11-10.0.26200-SP0,3.13.13,3.2.6,32,13th Gen Intel(R) Core(TM) i9-13900HX,1,1 x NVIDIA GeForce RTX 4070 Laptop GPU,9.1922,45.4722,31.70067596435547,machine,0.0,62.25,33.0,10.460007667541504,N,1.0,0.0
2026-05-04T17:09:09,Q146_qwen2.5:7b_GSM8K,00ab450e-8bf6-420f-adf1-5c19ca595fb0,5b0fa12a-3dd7-45bb-9766-cc326314d9f1,12.179755100001785,0.0001017412590373,8.353309093821912e-06,12.820559670690912,59.46844195301589,20.0,4.158585389029525e-05,0.0002011790498319,6.487259722222613e-05,0.0003076375009445,0.0,Italy,ITA,lombardy,,,Windows-11-10.0.26200-SP0,3.13.13,3.2.6,32,13th Gen Intel(R) Core(TM) i9-13900HX,1,1 x NVIDIA GeForce RTX 4070 Laptop GPU,9.1922,45.4722,31.70067596435547,machine,0.0,60.8,33.79,10.71051788330078,N,1.0,0.0
2026-05-04T17:09:32,Q146_mistral:latest _GSM8K,fc769c5a-7c99-4f3f-aa5b-7174bce26623,5b0fa12a-3dd7-45bb-9766-cc326314d9f1,7.964576400001533,6.542192431775434e-05,8.214112217913027e-06,12.828575524571432,58.710765081563,20.0,2.6576816305484645e-05,0.000129808159402,4.143287611111898e-05,0.0001978178518186,0.0,Italy,ITA,lombardy,,,Windows-11-10.0.26200-SP0,3.13.13,3.2.6,32,13th Gen Intel(R) Core(TM) i9-13900HX,1,1 x NVIDIA GeForce RTX 4070 Laptop GPU,9.1922,45.4722,31.70067596435547,machine,12.5,77.5,32.96666666666667,10.452458063761393,N,1.0,0.0
2026-05-04T17:09:56,Q147_phi3:mini_HumanEval,3d0f3876-f479-4362-a701-1602a7f0c2d7,5b0fa12a-3dd7-45bb-9766-cc326314d9f1,9.192802899997332,7.451957906104705e-05,8.1062957480649e-06,12.8307015488,57.211104437530224,20.0,3.097348710967982e-05,0.0001460737279699,4.827943499999997e-05,0.0002253266500796,0.0,Italy,ITA,lombardy,,,Windows-11-10.0.26200-SP0,3.13.13,3.2.6,32,13th Gen Intel(R) Core(TM) i9-13900HX,1,1 x NVIDIA GeForce RTX 4070 Laptop GPU,9.1922,45.4722,31.70067596435547,machine,0.0,84.28571428571429,32.9,10.437567574637276,N,1.0,0.0
2026-05-04T17:10:21,Q147_qwen2.5:7b_HumanEval,936f5739-6fc7-4d90-9829-2c6f00440a92,5b0fa12a-3dd7-45bb-9766-cc326314d9f1,10.178727799997432,7.933974549847824e-05,7.794662265995389e-06,12.8342081664,53.64053821690545,20.0,3.449706848697247e-05,0.000151647065762,5.3757369444429056e-05,0.0002399015036934,0.0,Italy,ITA,lombardy,,,Windows-11-10.0.26200-SP0,3.13.13,3.2.6,32,13th Gen Intel(R) Core(TM) i9-13900HX,1,1 x NVIDIA GeForce RTX 4070 Laptop GPU,9.1922,45.4722,31.70067596435547,machine,0.0,68.0,33.7375,10.699544906616213,N,1.0,0.0
2026-05-04T17:10:45,Q147_mistral:latest _HumanEval,bce29316-585f-45fe-b54d-17053095b74c,5b0fa12a-3dd7-45bb-9766-cc326314d9f1,8.414730699998472,6.983684977186004e-05,8.299356481113855e-06,12.8571997952,59.50394812948272,20.0,2.82426200723234e-05,0.0001389928889719,4.393185944443556e-05,0.0002111673684887,0.0,Italy,ITA,lombardy,,,Windows-11-10.0.26200-SP0,3.13.13,3.2.6,32,13th Gen Intel(R) Core(TM) i9-13900HX,1,1 x NVIDIA GeForce RTX 4070 Laptop GPU,9.1922,45.4722,31.70067596435547,machine,16.666666666666668,74.66666666666667,33.083333333333336,10.487819035847982,N,1.0,0.0
2026-05-04T17:11:05,Q148_phi3:mini_SQuAD,712d5eb5-2ce9-40ac-b19c-51c9a6be5e42,5b0fa12a-3dd7-45bb-9766-cc326314d9f1,4.880726700001105,3.0485885483502847e-05,6.246177538171916e-06,12.837436256000002,38.589324665698655,20.0,1.5601342700637682e-05,5.227448626399234e-05,2.430507888889729e-05,9.218090785352731e-05,0.0,Italy,ITA,lombardy,,,Windows-11-10.0.26200-SP0,3.13.13,3.2.6,32,13th Gen Intel(R) Core(TM) i9-13900HX,1,1 x NVIDIA GeForce RTX 4070 Laptop GPU,9.1922,45.4722,31.70067596435547,machine,0.0,64.66666666666667,33.36666666666667,10.578876495361328,N,1.0,0.0
2026-05-04T17:11:27,Q148_qwen2.5:7b_SQuAD,5430e7a6-4ef8-4b7e-9327-4f10a29ca27b,5b0fa12a-3dd7-45bb-9766-cc326314d9f1,6.745831800002634,4.112820414473075e-05,6.096832142288916e-06,12.845919872000003,35.96755122886064,20.0,2.228168477926569e-05,6.738949835596864e-05,3.468916055555585e-05,0.0001243603436907,0.0,Italy,ITA,lombardy,,,Windows-11-10.0.26200-SP0,3.13.13,3.2.6,32,13th Gen Intel(R) Core(TM) i9-13900HX,1,1 x NVIDIA GeForce RTX 4070 Laptop GPU,9.1922,45.4722,31.70067596435547,machine,15.0,29.0,33.78,10.702489471435548,N,1.0,0.0
2026-05-04T17:11:47,Q148_mistral:latest _SQuAD,180fdf74-960f-4888-8866-69e1f80ae217,5b0fa12a-3dd7-45bb-9766-cc326314d9f1,5.49804519999816,3.853770675465768e-05,7.009347022951098e-06,12.8442977696,46.49480770793454,20.0,1.7816521311748323e-05,7.09700567760041e-05,2.7740816111104828e-05,0.0001165273941988,0.0,Italy,ITA,lombardy,,,Windows-11-10.0.26200-SP0,3.13.13,3.2.6,32,13th Gen Intel(R) Core(TM) i9-13900HX,1,1 x NVIDIA GeForce RTX 4070 Laptop GPU,9.1922,45.4722,31.70067596435547,machine,0.0,63.333333333333336,33.166666666666664,10.507890065511068,N,1.0,0.0
2026-05-04T17:11:57,Q149_phi3:mini_SQuAD,4c7eaead-9d65-421a-b916-5195b582cb46,5b0fa12a-3dd7-45bb-9766-cc326314d9f1,4.834797999999864,3.3733494522343936e-05,6.97722935319012e-06,12.8727782048,46.522719444333504,20.0,1.548885785247361e-05,6.244866106999702e-05,2.4063262777781343e-05,0.0001020007817002,0.0,Italy,ITA,lombardy,,,Windows-11-10.0.26200-SP0,3.13.13,3.2.6,32,13th Gen Intel(R) Core(TM) i9-13900HX,1,1 x NVIDIA GeForce RTX 4070 Laptop GPU,9.1922,45.4722,31.70067596435547,machine,0.0,34.333333333333336,33.1,10.487472534179688,N,1.0,0.0
2026-05-04T17:12:19,Q149_qwen2.5:7b_SQuAD,0ef3ef4b-9956-4eea-abd9-6cd581ad41af,5b0fa12a-3dd7-45bb-9766-cc326314d9f1,6.667631199998141,4.175433418559097e-05,6.262244106363084e-06,12.830452620800004,37.81900083331416,20.0,2.197134607142304e-05,7.003422269399873e-05,3.424801944444577e-05,0.0001262535882098,0.0,Italy,ITA,lombardy,,,Windows-11-10.0.26200-SP0,3.13.13,3.2.6,32,13th Gen Intel(R) Core(TM) i9-13900HX,1,1 x NVIDIA GeForce RTX 4070 Laptop GPU,9.1922,45.4722,31.70067596435547,machine,0.0,50.6,33.760000000000005,10.704815673828126,N,1.0,0.0
2026-05-04T17:12:30,Q149_mistral:latest _SQuAD,0024bcac-0012-4397-8a4f-a68b5be1791b,5b0fa12a-3dd7-45bb-9766-cc326314d9f1,5.843036199999915,3.92176112044507e-05,6.711854909345123e-06,12.83879892224,43.06349278514043,20.0,1.904467346541928e-05,6.98720003420028e-05,2.9666563888895325e-05,0.0001185832376963,0.0,Italy,ITA,lombardy,,,Windows-11-10.0.26200-SP0,3.13.13,3.2.6,32,13th Gen Intel(R) Core(TM) i9-13900HX,1,1 x NVIDIA GeForce RTX 4070 Laptop GPU,9.1922,45.4722,31.70067596435547,machine,0.0,64.25,33.3,10.555392265319824,N,1.0,0.0
2026-05-04T17:12:52,Q150_phi3:mini_HumanEval,60c1dd46-af21-4af6-8fe0-15d3df2fdb6b,5b0fa12a-3dd7-45bb-9766-cc326314d9f1,7.294289599998592,5.7563240618658e-05,7.891548564053326e-06,12.8264154368,55.34223332076356,20.0,2.420050440463466e-05,0.000112120645252,3.773421055555243e-05,0.0001740553602121,0.0,Italy,ITA,lombardy,,,Windows-11-10.0.26200-SP0,3.13.13,3.2.6,32,13th Gen Intel(R) Core(TM) i9-13900HX,1,1 x NVIDIA GeForce RTX 4070 Laptop GPU,9.1922,45.4722,31.70067596435547,machine,0.0,71.6,33.08,10.49153060913086,N,1.0,0.0
2026-05-04T17:13:18,Q150_qwen2.5:7b_HumanEval,dbb4bf5f-9301-4c6e-a480-dbf0a5a8ee7b,5b0fa12a-3dd7-45bb-9766-cc326314d9f1,10.962001100000634,9.084111839684904e-05,8.286910169790422e-06,12.832761647360002,58.88639327320986,20.0,3.7284393024311146e-05,0.0001792868100959,5.810727944444807e-05,0.0002746784825647,0.0,Italy,ITA,lombardy,,,Windows-11-10.0.26200-SP0,3.13.13,3.2.6,32,13th Gen Intel(R) Core(TM) i9-13900HX,1,1 x NVIDIA GeForce RTX 4070 Laptop GPU,9.1922,45.4722,31.70067596435547,machine,0.0,70.44444444444444,33.855555555555554,10.727892557779947,N,1.0,0.0
2026-05-04T17:13:41,Q150_mistral:latest _HumanEval,99683869-ab34-4c69-abe3-6e735e3cd895,5b0fa12a-3dd7-45bb-9766-cc326314d9f1,7.754103700000996,6.133306697808216e-05,7.909755833943034e-06,12.825491209142855,55.41036965695238,20.0,2.5835612489510776e-05,0.0001193320399099,4.028662277778494e-05,0.0001854542751772,0.0,Italy,ITA,lombardy,,,Windows-11-10.0.26200-SP0,3.13.13,3.2.6,32,13th Gen Intel(R) Core(TM) i9-13900HX,1,1 x NVIDIA GeForce RTX 4070 Laptop GPU,9.1922,45.4722,31.70067596435547,machine,0.0,67.66666666666667,33.1,10.493146260579428,N,1.0,0.0
2026-05-04T17:14:02,Q151_phi3:mini_SQuAD,43eff530-c8d2-4d67-adca-cae1dd5a43f2,5b0fa12a-3dd7-45bb-9766-cc326314d9f1,6.105884500000684,4.705120867469893e-05,7.705879250531788e-06,12.852653496320002,53.73157939808218,20.0,2.000975534591792e-05,9.112368400998604e-05,3.113643611110698e-05,0.000142269875467,0.0,Italy,ITA,lombardy,,,Windows-11-10.0.26200-SP0,3.13.13,3.2.6,32,13th Gen Intel(R) Core(TM) i9-13900HX,1,1 x NVIDIA GeForce RTX 4070 Laptop GPU,9.1922,45.4722,31.70067596435547,machine,0.0,83.75,33.125,10.491957664489746,N,1.0,0.0
2026-05-04T17:14:24,Q151_qwen2.5:7b_SQuAD,2bc652fc-7641-4082-9bcb-d1bbe72d2e83,5b0fa12a-3dd7-45bb-9766-cc326314d9f1,6.485941300001286,4.113220580859373e-05,6.341748083440961e-06,12.86031130112,38.72466533184754,20.0,2.137461614575619e-05,6.975755580598819e-05,3.3240271666666864e-05,0.0001243724436184,0.0,Italy,ITA,lombardy,,,Windows-11-10.0.26200-SP0,3.13.13,3.2.6,32,13th Gen Intel(R) Core(TM) i9-13900HX,1,1 x NVIDIA GeForce RTX 4070 Laptop GPU,9.1922,45.4722,31.70067596435547,machine,0.0,38.0,33.675,10.674294471740724,N,1.0,0.0
2026-05-04T17:14:35,Q151_mistral:latest _SQuAD,0be6a699-bc12-4954-972e-f827fd772e62,5b0fa12a-3dd7-45bb-9766-cc326314d9f1,6.076911799998925,4.2980589069598085e-05,7.0727682882620885e-06,12.84060168704,46.90336310729575,20.0,1.9875842512182512e-05,7.912867441398075e-05,3.095692777777812e-05,0.0001299614447039,0.0,Italy,ITA,lombardy,,,Windows-11-10.0.26200-SP0,3.13.13,3.2.6,32,13th Gen Intel(R) Core(TM) i9-13900HX,1,1 x NVIDIA GeForce RTX 4070 Laptop GPU,9.1922,45.4722,31.70067596435547,machine,0.0,62.75,33.225,10.531002044677734,N,1.0,0.0
2026-05-04T17:14:56,Q152_phi3:mini_GSM8K,9e3aa26d-fbf8-415f-ba23-53d7dc0c8e83,5b0fa12a-3dd7-45bb-9766-cc326314d9f1,5.953150699999242,4.534319765191639e-05,7.61667223574941e-06,12.84480049664,52.84278603464742,20.0,1.944979029761804e-05,8.737256989799214e-05,3.028296111111154e-05,0.0001371053213067,0.0,Italy,ITA,lombardy,,,Windows-11-10.0.26200-SP0,3.13.13,3.2.6,32,13th Gen Intel(R) Core(TM) i9-13900HX,1,1 x NVIDIA GeForce RTX 4070 Laptop GPU,9.1922,45.4722,31.70067596435547,machine,0.0,63.75,33.45,10.606101036071776,N,1.0,0.0
2026-05-04T17:15:22,Q152_qwen2.5:7b_GSM8K,8e728282-2922-4e9e-ac55-589ff119c26d,5b0fa12a-3dd7-45bb-9766-cc326314d9f1,11.39782600000035,9.251784988250954e-05,8.117148821407407e-06,12.839904024320004,56.97280895975244,20.0,3.885953118954904e-05,0.000180360699844,6.052822500001235e-05,0.0002797484560335,0.0,Italy,ITA,lombardy,,,Windows-11-10.0.26200-SP0,3.13.13,3.2.6,32,13th Gen Intel(R) Core(TM) i9-13900HX,1,1 x NVIDIA GeForce RTX 4070 Laptop GPU,9.1922,45.4722,31.70067596435547,machine,0.0,57.0,34.08888888888888,10.80695343017578,N,1.0,0.0
2026-05-04T17:15:45,Q152_mistral:latest _GSM8K,c6aea799-dbba-4c47-bd55-768b00d8a6e0,5b0fa12a-3dd7-45bb-9766-cc326314d9f1,7.997199499997805,6.328012419152099e-05,7.912785493414084e-06,12.837372640914287,55.36180312011791,20.0,2.672868180805507e-05,0.0001229723206,4.164063666667062e-05,0.0001913416390747,0.0,Italy,ITA,lombardy,,,Windows-11-10.0.26200-SP0,3.13.13,3.2.6,32,13th Gen Intel(R) Core(TM) i9-13900HX,1,1 x NVIDIA GeForce RTX 4070 Laptop GPU,9.1922,45.4722,31.70067596435547,machine,0.0,73.66666666666667,33.11666666666667,10.50372568766276,N,1.0,0.0
2026-05-04T17:16:10,Q153_phi3:mini_HumanEval,09b28dac-c3c6-45a9-94ad-45751d749174,5b0fa12a-3dd7-45bb-9766-cc326314d9f1,9.27678670000023,8.068021100510815e-05,8.69699968471908e-06,12.8369307296,63.62293208518884,20.0,3.128690213188488e-05,0.0001639237422499,4.874405722223148e-05,0.0002439547016041,0.0,Italy,ITA,lombardy,,,Windows-11-10.0.26200-SP0,3.13.13,3.2.6,32,13th Gen Intel(R) Core(TM) i9-13900HX,1,1 x NVIDIA GeForce RTX 4070 Laptop GPU,9.1922,45.4722,31.70067596435547,machine,0.0,70.0,33.17142857142857,10.509674072265623,N,1.0,0.0
2026-05-04T17:16:37,Q153_qwen2.5:7b_HumanEval,682b1fbb-a20b-48a4-a098-64615d7a215f,5b0fa12a-3dd7-45bb-9766-cc326314d9f1,12.616770699998597,0.0001100232630512,8.720398085004242e-06,12.8234618048,63.41229455881568,20.0,4.315346807097682e-05,0.00022222378889,6.730273944443373e-05,0.0003326799964054,0.0,Italy,ITA,lombardy,,,Windows-11-10.0.26200-SP0,3.13.13,3.2.6,32,13th Gen Intel(R) Core(TM) i9-13900HX,1,1 x NVIDIA GeForce RTX 4070 Laptop GPU,9.1922,45.4722,31.70067596435547,machine,7.272727272727272,70.54545454545455,33.85454545454545,10.73672866821289,N,1.0,0.0
2026-05-04T17:17:00,Q153_mistral:latest _HumanEval,e4c22000-083b-4c19-a288-3984d2b08b30,5b0fa12a-3dd7-45bb-9766-cc326314d9f1,7.223388200000045,5.867539432112944e-05,8.122973969629526e-06,12.8634867008,57.90697319549706,20.0,2.3999399991291952e-05,0.000116105926218,3.73128799999904e-05,0.0001774182062093,0.0,Italy,ITA,lombardy,,,Windows-11-10.0.26200-SP0,3.13.13,3.2.6,32,13th Gen Intel(R) Core(TM) i9-13900HX,1,1 x NVIDIA GeForce RTX 4070 Laptop GPU,9.1922,45.4722,31.70067596435547,machine,0.0,70.0,33.36,10.575914001464843,N,1.0,0.0
2026-05-04T17:17:19,Q154_phi3:mini_SQuAD,ce89efe4-4b51-4624-9bba-bd401fcbd05e,5b0fa12a-3dd7-45bb-9766-cc326314d9f1,4.386284500000329,2.807128250312284e-05,6.399786083898738e-06,12.845567782400002,40.625641370145175,20.0,1.3851664408209902e-05,4.946309512599001e-05,2.156505500000397e-05,8.487981453420388e-05,0.0,Italy,ITA,lombardy,,,Windows-11-10.0.26200-SP0,3.13.13,3.2.6,32,13th Gen Intel(R) Core(TM) i9-13900HX,1,1 x NVIDIA GeForce RTX 4070 Laptop GPU,9.1922,45.4722,31.70067596435547,machine,0.0,24.5,33.25,10.538135528564451,N,1.0,0.0
2026-05-04T17:17:30,Q154_qwen2.5:7b_SQuAD,94606bf7-3aca-4741-91c7-5532f905cb41,5b0fa12a-3dd7-45bb-9766-cc326314d9f1,5.537687500000175,2.996901712103377e-05,5.411828876409661e-06,12.846693008,29.044958661112773,20.0,1.7970349215399608e-05,4.467253573797736e-05,2.7975155555557448e-05,9.06180405089344e-05,0.0,Italy,ITA,lombardy,,,Windows-11-10.0.26200-SP0,3.13.13,3.2.6,32,13th Gen Intel(R) Core(TM) i9-13900HX,1,1 x NVIDIA GeForce RTX 4070 Laptop GPU,9.1922,45.4722,31.70067596435547,machine,0.0,6.0,33.46666666666667,10.607463836669922,N,1.0,0.0
2026-05-04T17:17:49,Q154_mistral:latest _SQuAD,66d0512c-b90a-4de8-801a-3409c54d2e73,5b0fa12a-3dd7-45bb-9766-cc326314d9f1,4.298660300002666,2.323951593565307e-05,5.406222942445267e-06,12.8451613952,29.844895644913464,20.0,1.3547472378543903e-05,3.563030628200847e-05,2.1092106666684333e-05,7.026988532723671e-05,0.0,Italy,ITA,lombardy,,,Windows-11-10.0.26200-SP0,3.13.13,3.2.6,32,13th Gen Intel(R) Core(TM) i9-13900HX,1,1 x NVIDIA GeForce RTX 4070 Laptop GPU,9.1922,45.4722,31.70067596435547,machine,0.0,27.0,33.1,10.499597549438477,N,1.0,0.0
2026-05-04T17:17:59,Q155_phi3:mini_HellaSwag,a9085ce4-9e97-4456-a499-2aee594b2cb0,5b0fa12a-3dd7-45bb-9766-cc326314d9f1,4.950769399998535,3.29385375099597e-05,6.653215863774517e-06,12.842326121600005,42.91911701478216,20.0,1.5870015448186833e-05,5.901310276601457e-05,2.4713932777760622e-05,9.959705099196202e-05,0.0,Italy,ITA,lombardy,,,Windows-11-10.0.26200-SP0,3.13.13,3.2.6,32,13th Gen Intel(R) Core(TM) i9-13900HX,1,1 x NVIDIA GeForce RTX 4070 Laptop GPU,9.1922,45.4722,31.70067596435547,machine,33.333333333333336,49.66666666666666,33.23333333333333,10.524234771728516,N,1.0,0.0
2026-05-04T17:18:21,Q155_qwen2.5:7b_HellaSwag,8e58f833-4591-45ca-9446-718fee97d9fd,5b0fa12a-3dd7-45bb-9766-cc326314d9f1,6.76184899999862,4.137747493664987e-05,6.119254502231316e-06,12.8390560832,36.23965737927201,20.0,2.2316372595386146e-05,6.803560998400182e-05,3.476208722222509e-05,0.0001251140698016,0.0,Italy,ITA,lombardy,,,Windows-11-10.0.26200-SP0,3.13.13,3.2.6,32,13th Gen Intel(R) Core(TM) i9-13900HX,1,1 x NVIDIA GeForce RTX 4070 Laptop GPU,9.1922,45.4722,31.70067596435547,machine,10.0,23.8,33.68,10.679084014892576,N,1.0,0.0
2026-05-04T17:18:31,Q155_mistral:latest _HellaSwag,108df505-add9-4719-930c-6593df98ac94,5b0fa12a-3dd7-45bb-9766-cc326314d9f1,4.993986500001483,3.1627520715759e-05,6.333120987761902e-06,12.8345316608,39.41162052116013,20.0,1.6015124689470322e-05,5.466254372998858e-05,2.4955229444458385e-05,9.563289786391728e-05,0.0,Italy,ITA,lombardy,,,Windows-11-10.0.26200-SP0,3.13.13,3.2.6,32,13th Gen Intel(R) Core(TM) i9-13900HX,1,1 x NVIDIA GeForce RTX 4070 Laptop GPU,9.1922,45.4722,31.70067596435547,machine,0.0,50.333333333333336,33.13333333333333,10.508460998535156,N,1.0,0.0
2026-05-04T17:18:55,Q156_phi3:mini_HumanEval,9fe7ea37-19fb-49ea-9eae-ac473519efb5,5b0fa12a-3dd7-45bb-9766-cc326314d9f1,9.576659100002871,8.256665259470832e-05,8.621655186064163e-06,12.8638004864,62.71432011536625,20.0,3.242669878918887e-05,0.0001668176334539,5.041444833334228e-05,0.0002496587805765,0.0,Italy,ITA,lombardy,,,Windows-11-10.0.26200-SP0,3.13.13,3.2.6,32,13th Gen Intel(R) Core(TM) i9-13900HX,1,1 x NVIDIA GeForce RTX 4070 Laptop GPU,9.1922,45.4722,31.70067596435547,machine,0.0,78.875,33.4,10.588094711303713,N,1.0,0.0
2026-05-04T17:19:26,Q156_qwen2.5:7b_HumanEval,ab68ae8c-d93a-4c51-9490-6cd3040620fe,5b0fa12a-3dd7-45bb-9766-cc326314d9f1,15.477266999998392,0.0001367379592022,8.834761279381694e-06,12.820800182857145,64.42054171196868,20.0,5.332985593514408e-05,0.0002769360548819,8.31919572222129e-05,0.0004134578680393,0.0,Italy,ITA,lombardy,,,Windows-11-10.0.26200-SP0,3.13.13,3.2.6,32,13th Gen Intel(R) Core(TM) i9-13900HX,1,1 x NVIDIA GeForce RTX 4070 Laptop GPU,9.1922,45.4722,31.70067596435547,machine,0.0,77.61538461538461,34.207692307692305,10.838221916785606,N,1.0,0.0
2026-05-04T17:19:54,Q156_mistral:latest _HumanEval,12e02ef3-2b2a-4000-89be-dbdef206d0f0,5b0fa12a-3dd7-45bb-9766-cc326314d9f1,13.405423000000155,0.0001287354222264,9.603234618293664e-06,12.8229812864,72.94997710578613,20.0,4.595837206589107e-05,0.000271621883964,7.168014777778605e-05,0.0003892604038076,0.0,Italy,ITA,lombardy,,,Windows-11-10.0.26200-SP0,3.13.13,3.2.6,32,13th Gen Intel(R) Core(TM) i9-13900HX,1,1 x NVIDIA GeForce RTX 4070 Laptop GPU,9.1922,45.4722,31.70067596435547,machine,0.0,85.36363636363636,33.18181818181818,10.525211681019176,N,1.0,0.0
2026-05-04T17:20:29,Q157_phi3:mini_HellaSwag,21f32764-3bd8-4273-88fe-e81d1bfaba4a,5b0fa12a-3dd7-45bb-9766-cc326314d9f1,9.17038440000033,7.797769680696689e-05,8.50320917920999e-06,12.8235000224,61.54613150480639,20.0,3.0875942116476593e-05,0.0001567531809579,4.815392111112387e-05,0.0002357830441855,0.0,Italy,ITA,lombardy,,,Windows-11-10.0.26200-SP0,3.13.13,3.2.6,32,13th Gen Intel(R) Core(TM) i9-13900HX,1,1 x NVIDIA GeForce RTX 4070 Laptop GPU,9.1922,45.4722,31.70067596435547,machine,0.0,80.0,33.114285714285714,10.493024553571429,N,1.0,0.0
2026-05-04T17:20:53,Q157_qwen2.5:7b_HellaSwag,259d5d5d-de30-45f9-bb31-0b641859508f,5b0fa12a-3dd7-45bb-9766-cc326314d9f1,8.99532679999902,6.785160710471703e-05,7.542984108673452e-06,12.830094718400002,51.14153516833076,20.0,3.025846901090578e-05,0.00012773899108,4.716708222222223e-05,0.0002051645423131,0.0,Italy,ITA,lombardy,,,Windows-11-10.0.26200-SP0,3.13.13,3.2.6,32,13th Gen Intel(R) Core(TM) i9-13900HX,1,1 x NVIDIA GeForce RTX 4070 Laptop GPU,9.1922,45.4722,31.70067596435547,machine,0.0,61.42857142857143,33.7,10.68192618233817,N,1.0,0.0
2026-05-04T17:21:18,Q157_mistral:latest _HellaSwag,4da36124-5b94-40a3-8935-5bb6cd6d9320,5b0fa12a-3dd7-45bb-9766-cc326314d9f1,9.815114499997437,8.595098520931147e-05,8.757002805146485e-06,12.8299186048,64.1779077600947,20.0,3.319068438484e-05,0.000174963195526,5.1738188888884905e-05,0.0002598920687997,0.0,Italy,ITA,lombardy,,,Windows-11-10.0.26200-SP0,3.13.13,3.2.6,32,13th Gen Intel(R) Core(TM) i9-13900HX,1,1 x NVIDIA GeForce RTX 4070 Laptop GPU,9.1922,45.4722,31.70067596435547,machine,0.0,80.125,33.3125,10.55502223968506,N,1.0,0.0
2026-05-04T17:21:37,Q158_phi3:mini_MMLU,209daa0a-c509-4def-b853-fd158020d063,5b0fa12a-3dd7-45bb-9766-cc326314d9f1,4.490375299999869,2.827398302832449e-05,6.296574593291861e-06,12.845622233600004,39.38302737665656,20.0,1.422908682758824e-05,4.911115039998859e-05,2.2152487777788745e-05,8.549272500536557e-05,0.0,Italy,ITA,lombardy,,,Windows-11-10.0.26200-SP0,3.13.13,3.2.6,32,13th Gen Intel(R) Core(TM) i9-13900HX,1,1 x NVIDIA GeForce RTX 4070 Laptop GPU,9.1922,45.4722,31.70067596435547,machine,0.0,1.5,33.0,10.47040557861328,N,1.0,0.0
2026-05-04T17:22:00,Q158_qwen2.5:7b_MMLU,ce9c85b7-2f8f-439f-99f4-452c0fce77d4,5b0fa12a-3dd7-45bb-9766-cc326314d9f1,8.194545000002108,5.766950883922335e-05,7.037548617916981e-06,12.853942465828572,45.855009052495554,20.0,2.743475925796445e-05,0.000104255916738,4.26860100000138e-05,0.0001743766859959,0.0,Italy,ITA,lombardy,,,Windows-11-10.0.26200-SP0,3.13.13,3.2.6,32,13th Gen Intel(R) Core(TM) i9-13900HX,1,1 x NVIDIA GeForce RTX 4070 Laptop GPU,9.1922,45.4722,31.70067596435547,machine,0.0,55.66666666666666,33.86666666666667,10.741686503092447,N,1.0,0.0
2026-05-04T17:22:22,Q158_mistral:latest _MMLU,c873b551-a10d-438a-8585-781dab97f474,5b0fa12a-3dd7-45bb-9766-cc326314d9f1,6.771501300001546,5.147447713422048e-05,7.601634387075835e-06,12.820281632000002,52.37862136022511,20.0,2.232289695198009e-05,9.84984121319976e-05,3.482331000001675e-05,0.0001556446190839,0.0,Italy,ITA,lombardy,,,Windows-11-10.0.26200-SP0,3.13.13,3.2.6,32,13th Gen Intel(R) Core(TM) i9-13900HX,1,1 x NVIDIA GeForce RTX 4070 Laptop GPU,9.1922,45.4722,31.70067596435547,machine,0.0,69.8,33.22,10.525687408447263,N,1.0,0.0
2026-05-04T17:22:47,Q159_phi3:mini_HumanEval,614a8712-e355-4f55-8505-bd2af96087a3,5b0fa12a-3dd7-45bb-9766-cc326314d9f1,9.31125119999706,7.879970285709584e-05,8.462847920709165e-06,12.8314934336,61.07381862966442,20.0,3.139509014823718e-05,0.000157939848574,4.893362500000269e-05,0.0002382685637222,0.0,Italy,ITA,lombardy,,,Windows-11-10.0.26200-SP0,3.13.13,3.2.6,32,13th Gen Intel(R) Core(TM) i9-13900HX,1,1 x NVIDIA GeForce RTX 4070 Laptop GPU,9.1922,45.4722,31.70067596435547,machine,0.0,84.14285714285714,33.17142857142857,10.513975415910991,N,1.0,0.0
2026-05-04T17:23:17,Q159_qwen2.5:7b_HumanEval,2539f252-e309-416a-8529-e321d098be09,5b0fa12a-3dd7-45bb-9766-cc326314d9f1,15.317726900000707,0.0001390508775651,9.077774951394767e-06,12.828626648685717,67.0701515941352,20.0,5.279377517725499e-05,0.00028535300606,8.230471388889985e-05,0.0004204514951261,0.0,Italy,ITA,lombardy,,,Windows-11-10.0.26200-SP0,3.13.13,3.2.6,32,13th Gen Intel(R) Core(TM) i9-13900HX,1,1 x NVIDIA GeForce RTX 4070 Laptop GPU,9.1922,45.4722,31.70067596435547,machine,0.0,77.6923076923077,34.27692307692308,10.870982536902794,N,1.0,0.0
2026-05-04T17:23:43,Q159_mistral:latest _HumanEval,e70d0011-ef13-4915-bd53-bd71c90449b1,5b0fa12a-3dd7-45bb-9766-cc326314d9f1,11.182305000002088,0.0001033568897212,9.242896676601844e-06,12.836925954560002,69.25783061626683,20.0,3.808329147007847e-05,0.000215106560974,5.93328700000105e-05,0.000312522722444,0.0,Italy,ITA,lombardy,,,Windows-11-10.0.26200-SP0,3.13.13,3.2.6,32,13th Gen Intel(R) Core(TM) i9-13900HX,1,1 x NVIDIA GeForce RTX 4070 Laptop GPU,9.1922,45.4722,31.70067596435547,machine,0.0,83.77777777777777,33.45555555555556,10.607987721761068,N,1.0,0.0
2026-05-04T17:24:08,Q160_phi3:mini_MMLU,a2ea891d-8db3-492f-8171-a1c42c319f0e,5b0fa12a-3dd7-45bb-9766-cc326314d9f1,9.179591000000071,7.663724330824327e-05,8.348655545573071e-06,12.8329075424,59.84980405041147,20.0,3.093205606591692e-05,0.000152591510962,4.820631555556045e-05,0.0002317298825834,0.0,Italy,ITA,lombardy,,,Windows-11-10.0.26200-SP0,3.13.13,3.2.6,32,13th Gen Intel(R) Core(TM) i9-13900HX,1,1 x NVIDIA GeForce RTX 4070 Laptop GPU,9.1922,45.4722,31.70067596435547,machine,0.0,84.0,33.2,10.529112679617745,N,1.0,0.0
2026-05-04T17:24:33,Q160_qwen2.5:7b_MMLU,6bdb9db2-8451-4e30-877a-1c97cfecc0ad,5b0fa12a-3dd7-45bb-9766-cc326314d9f1,10.059495900000911,8.078817395644043e-05,8.03103602402513e-06,12.8333618432,56.268418213379526,20.0,3.405648550980321e-05,0.0001571512368319,5.3073429444440185e-05,0.0002442811517862,0.0,Italy,ITA,lombardy,,,Windows-11-10.0.26200-SP0,3.13.13,3.2.6,32,13th Gen Intel(R) Core(TM) i9-13900HX,1,1 x NVIDIA GeForce RTX 4070 Laptop GPU,9.1922,45.4722,31.70067596435547,machine,4.1625,66.875,33.825,10.73079776763916,N,1.0,0.0
2026-05-04T17:24:53,Q160_mistral:latest _MMLU,e37b4fed-eb76-4abc-b125-6fd9af7bdb00,5b0fa12a-3dd7-45bb-9766-cc326314d9f1,5.133724499999516,3.2128290418788574e-05,6.258280984651903e-06,12.838812608,38.504369665193735,20.0,1.6518929497326672e-05,5.489643280601197e-05,2.5731725000009143e-05,9.71470873033478e-05,0.0,Italy,ITA,lombardy,,,Windows-11-10.0.26200-SP0,3.13.13,3.2.6,32,13th Gen Intel(R) Core(TM) i9-13900HX,1,1 x NVIDIA GeForce RTX 4070 Laptop GPU,9.1922,45.4722,31.70067596435547,machine,0.0,51.0,33.2,10.520187377929688,N,1.0,0.0
2026-05-04T17:25:14,Q161_phi3:mini_GSM8K,f33e3c4d-a522-47a5-a5b0-826a0ace56d7,5b0fa12a-3dd7-45bb-9766-cc326314d9f1,5.7271724000020185,3.9793313259015546e-05,6.948160537126754e-06,12.83108646656,45.68961950594071,20.0,1.862297153435817e-05,7.267422480600194e-05,2.9026805555561925e-05,0.0001203240018959,0.0,Italy,ITA,lombardy,,,Windows-11-10.0.26200-SP0,3.13.13,3.2.6,32,13th Gen Intel(R) Core(TM) i9-13900HX,1,1 x NVIDIA GeForce RTX 4070 Laptop GPU,9.1922,45.4722,31.70067596435547,machine,25.0,60.25,33.175,10.521121978759766,N,1.0,0.0
2026-05-04T17:25:38,Q161_qwen2.5:7b_GSM8K,783816d3-7b7f-4194-8284-4541854a3a20,5b0fa12a-3dd7-45bb-9766-cc326314d9f1,9.311928700000864,7.088833641702743e-05,7.612637370926268e-06,12.8376328736,51.80302008895757,20.0,3.1417914075729775e-05,0.00013398344052,4.8945419444458414e-05,0.0002143467740402,0.0,Italy,ITA,lombardy,,,Windows-11-10.0.26200-SP0,3.13.13,3.2.6,32,13th Gen Intel(R) Core(TM) i9-13900HX,1,1 x NVIDIA GeForce RTX 4070 Laptop GPU,9.1922,45.4722,31.70067596435547,machine,0.0,62.142857142857146,33.75714285714286,10.70904758998326,N,1.0,0.0
2026-05-04T17:26:00,Q161_mistral:latest _GSM8K,f3f668fe-bd03-4f1e-b6ef-a8dd302c53cf,5b0fa12a-3dd7-45bb-9766-cc326314d9f1,7.126398000000336,5.489942118450305e-05,7.703670379411936e-06,12.86038064,53.32388212652924,20.0,2.366278065425597e-05,0.000105539251098,3.67986733333358e-05,0.0001660007050856,0.0,Italy,ITA,lombardy,,,Windows-11-10.0.26200-SP0,3.13.13,3.2.6,32,13th Gen Intel(R) Core(TM) i9-13900HX,1,1 x NVIDIA GeForce RTX 4070 Laptop GPU,9.1922,45.4722,31.70067596435547,machine,0.0,78.0,33.34,10.56769027709961,N,1.0,0.0
2026-05-04T17:26:22,Q162_phi3:mini_SQuAD,e3919247-46e1-4fbf-a996-7b2e2fee3a47,5b0fa12a-3dd7-45bb-9766-cc326314d9f1,6.265868000002229,4.688184046865817e-05,7.482098325186789e-06,12.84449341952,51.247736752258525,20.0,2.0563381393037137e-05,8.917618245199432e-05,3.201818888889344e-05,0.0001417577527339,0.0,Italy,ITA,lombardy,,,Windows-11-10.0.26200-SP0,3.13.13,3.2.6,32,13th Gen Intel(R) Core(TM) i9-13900HX,1,1 x NVIDIA GeForce RTX 4070 Laptop GPU,9.1922,45.4722,31.70067596435547,machine,0.0,72.75,33.575,10.642256736755373,N,1.0,0.0
2026-05-04T17:26:44,Q162_qwen2.5:7b_SQuAD,1b005d12-d94d-4fef-969a-76d540bcb8f0,5b0fa12a-3dd7-45bb-9766-cc326314d9f1,7.583831500000087,5.4078319709702586e-05,7.130738560014415e-06,12.838973953828573,46.96162911120294,20.0,2.5257267157000046e-05,9.891730135597188e-05,3.934335222222419e-05,0.0001635179207351,0.0,Italy,ITA,lombardy,,,Windows-11-10.0.26200-SP0,3.13.13,3.2.6,32,13th Gen Intel(R) Core(TM) i9-13900HX,1,1 x NVIDIA GeForce RTX 4070 Laptop GPU,9.1922,45.4722,31.70067596435547,machine,0.0,56.333333333333336,34.06666666666667,10.797013600667318,N,1.0,0.0
2026-05-04T17:27:04,Q162_mistral:latest _SQuAD,92cd32a6-b2c2-4f4b-b6fd-5f94eee503ae,5b0fa12a-3dd7-45bb-9766-cc326314d9f1,4.864348399998562,2.880758752211776e-05,5.922188370003735e-06,12.858105382400002,35.13629046681908,20.0,1.5547701004447055e-05,4.7376149012012814e-05,2.4182347777787075e-05,8.710619779424694e-05,0.0,Italy,ITA,lombardy,,,Windows-11-10.0.26200-SP0,3.13.13,3.2.6,32,13th Gen Intel(R) Core(TM) i9-13900HX,1,1 x NVIDIA GeForce RTX 4070 Laptop GPU,9.1922,45.4722,31.70067596435547,machine,0.0,39.0,33.56666666666667,10.637564341227211,N,1.0,0.0
2026-05-04T17:27:15,Q163_phi3:mini_SQuAD,569ab71b-59f8-415d-ac29-27103edefc27,5b0fa12a-3dd7-45bb-9766-cc326314d9f1,5.0530519999992975,3.515576169580707e-05,6.9573322609409045e-06,12.8686017152,46.20100237539065,20.0,1.625291456536141e-05,6.478921849803476e-05,2.5259192222215968e-05,0.0001063013252856,0.0,Italy,ITA,lombardy,,,Windows-11-10.0.26200-SP0,3.13.13,3.2.6,32,13th Gen Intel(R) Core(TM) i9-13900HX,1,1 x NVIDIA GeForce RTX 4070 Laptop GPU,9.1922,45.4722,31.70067596435547,machine,0.0,67.33333333333333,33.36666666666667,10.58056640625,N,1.0,0.0
2026-05-04T17:27:35,Q163_qwen2.5:7b_SQuAD,d735c8b6-6ff2-47b6-b1e5-d56baffc4d80,5b0fa12a-3dd7-45bb-9766-cc326314d9f1,5.600513900000806,3.199063264050091e-05,5.712088785369555e-06,12.83150508032,32.29610713232138,20.0,1.8172713524144068e-05,5.0234484631983545e-05,2.832365000000816e-05,9.673084815613576e-05,0.0,Italy,ITA,lombardy,,,Windows-11-10.0.26200-SP0,3.13.13,3.2.6,32,13th Gen Intel(R) Core(TM) i9-13900HX,1,1 x NVIDIA GeForce RTX 4070 Laptop GPU,9.1922,45.4722,31.70067596435547,machine,0.0,14.75,33.775,10.696869850158691,N,1.0,0.0
2026-05-04T17:27:44,Q163_mistral:latest _SQuAD,aa153b74-9858-4e9d-a188-dcc8bdd546f7,5b0fa12a-3dd7-45bb-9766-cc326314d9f1,4.306370099999185,2.6387785117386173e-05,6.127616648042203e-06,12.8256182912,37.71040985363422,20.0,1.3553747880018129e-05,4.5101424969995474e-05,2.1134209999986016e-05,7.978938284999962e-05,0.0,Italy,ITA,lombardy,,,Windows-11-10.0.26200-SP0,3.13.13,3.2.6,32,13th Gen Intel(R) Core(TM) i9-13900HX,1,1 x NVIDIA GeForce RTX 4070 Laptop GPU,9.1922,45.4722,31.70067596435547,machine,0.0,25.5,33.3,10.561988830566406,N,1.0,0.0
2026-05-04T17:27:55,Q164_phi3:mini_SQuAD,0aaa2fba-1294-44ea-a324-d2b8bbb9fc41,5b0fa12a-3dd7-45bb-9766-cc326314d9f1,5.969262499998877,4.188201874187196e-05,7.016280276144639e-06,12.857788743680002,46.29752793162415,20.0,1.952167634852389e-05,7.675395029199672e-05,3.036404444442774e-05,0.0001266396710849,0.0,Italy,ITA,lombardy,,,Windows-11-10.0.26200-SP0,3.13.13,3.2.6,32,13th Gen Intel(R) Core(TM) i9-13900HX,1,1 x NVIDIA GeForce RTX 4070 Laptop GPU,9.1922,45.4722,31.70067596435547,machine,0.0,74.75,33.224999999999994,10.530827522277832,N,1.0,0.0
2026-05-04T17:28:16,Q164_qwen2.5:7b_SQuAD,b6678d00-8707-4988-868d-38b3ca950301,5b0fa12a-3dd7-45bb-9766-cc326314d9f1,5.974557200002892,3.632370225751283e-05,6.079731274059147e-06,12.8503876736,36.097303252871576,20.0,1.9534702438740647e-05,5.9896159028016704e-05,3.040199388890162e-05,0.0001098328553556,0.0,Italy,ITA,lombardy,,,Windows-11-10.0.26200-SP0,3.13.13,3.2.6,32,13th Gen Intel(R) Core(TM) i9-13900HX,1,1 x NVIDIA GeForce RTX 4070 Laptop GPU,9.1922,45.4722,31.70067596435547,machine,0.0,36.25,33.85,10.730867385864258,N,1.0,0.0
2026-05-04T17:28:26,Q164_mistral:latest _SQuAD,6f4ed85a-2f21-4394-92af-abedf3e2432d,5b0fa12a-3dd7-45bb-9766-cc326314d9f1,4.724845199998526,2.894277281391506e-05,6.125655251927426e-06,12.872303638400002,37.31217276605001,20.0,1.509810443459514e-05,4.895948361199887e-05,2.3457372777779205e-05,8.75149608243732e-05,0.0,Italy,ITA,lombardy,,,Windows-11-10.0.26200-SP0,3.13.13,3.2.6,32,13th Gen Intel(R) Core(TM) i9-13900HX,1,1 x NVIDIA GeForce RTX 4070 Laptop GPU,9.1922,45.4722,31.70067596435547,machine,0.0,17.333333333333332,33.43333333333334,10.592369079589844,N,1.0,0.0
2026-05-04T17:28:40,Q165_phi3:mini_HellaSwag,14ef6ddf-bc97-4e84-84af-34a3d83f251b,5b0fa12a-3dd7-45bb-9766-cc326314d9f1,9.218774699998905,7.940785159495575e-05,8.613709975466174e-06,12.8263693808,62.730175819241175,20.0,3.10578153546744e-05,0.00016062235072,4.842727166667626e-05,0.0002401074377413,0.0,Italy,ITA,lombardy,,,Windows-11-10.0.26200-SP0,3.13.13,3.2.6,32,13th Gen Intel(R) Core(TM) i9-13900HX,1,1 x NVIDIA GeForce RTX 4070 Laptop GPU,9.1922,45.4722,31.70067596435547,machine,0.0,79.0,33.2,10.525372096470424,N,1.0,0.0
2026-05-04T17:29:05,Q165_qwen2.5:7b_HellaSwag,718be15b-98e2-4e22-b863-c59825ccf0de,5b0fa12a-3dd7-45bb-9766-cc326314d9f1,9.604399199997715,7.269838228834208e-05,7.569279532691579e-06,12.82919168,51.28834441118514,20.0,3.2437135093098764e-05,0.0001368164983419,5.0566219999988486e-05,0.000219819853435,0.0,Italy,ITA,lombardy,,,Windows-11-10.0.26200-SP0,3.13.13,3.2.6,32,13th Gen Intel(R) Core(TM) i9-13900HX,1,1 x NVIDIA GeForce RTX 4070 Laptop GPU,9.1922,45.4722,31.70067596435547,machine,0.0,55.0,33.975,10.768970012664797,N,1.0,0.0
2026-05-04T17:29:29,Q165_mistral:latest _HellaSwag,1adf3e2a-f030-4fa1-a536-e19b581b8ae1,5b0fa12a-3dd7-45bb-9766-cc326314d9f1,8.46207190000132,7.190339721183674e-05,8.497138533155872e-06,12.830020198400002,61.619603017826826,20.0,2.8368691452165856e-05,0.000144826226972,4.422111944445028e-05,0.0002174160378686,0.0,Italy,ITA,lombardy,,,Windows-11-10.0.26200-SP0,3.13.13,3.2.6,32,13th Gen Intel(R) Core(TM) i9-13900HX,1,1 x NVIDIA GeForce RTX 4070 Laptop GPU,9.1922,45.4722,31.70067596435547,machine,16.666666666666668,81.16666666666667,33.333333333333336,10.56526247660319,N,1.0,0.0
2026-05-04T17:29:53,Q166_phi3:mini_HellaSwag,9913f535-e6a2-4295-9f07-fb30e94d2fb9,5b0fa12a-3dd7-45bb-9766-cc326314d9f1,9.187494199999492,8.552606766889644e-05,9.308965622955297e-06,12.834859044800004,70.30538184718922,20.0,3.096190018900865e-05,0.000179399865742,4.82454694444338e-05,0.0002586072353754,0.0,Italy,ITA,lombardy,,,Windows-11-10.0.26200-SP0,3.13.13,3.2.6,32,13th Gen Intel(R) Core(TM) i9-13900HX,1,1 x NVIDIA GeForce RTX 4070 Laptop GPU,9.1922,45.4722,31.70067596435547,machine,0.0,70.0,33.18571428571429,10.513657706124445,N,1.0,0.0
2026-05-04T17:30:19,Q166_qwen2.5:7b_HellaSwag,27c95a16-5ffa-4586-9c06-0e3d99187272,5b0fa12a-3dd7-45bb-9766-cc326314d9f1,11.057371099999727,8.978789212963719e-05,8.12018438357734e-06,12.841601070080005,57.04507832107621,20.0,3.765252782635616e-05,0.0001752012512719,5.864003777777624e-05,0.0002714938168761,0.0,Italy,ITA,lombardy,,,Windows-11-10.0.26200-SP0,3.13.13,3.2.6,32,13th Gen Intel(R) Core(TM) i9-13900HX,1,1 x NVIDIA GeForce RTX 4070 Laptop GPU,9.1922,45.4722,31.70067596435547,machine,0.0,61.44444444444444,34.28888888888889,10.8660642835829,N,1.0,0.0
2026-05-04T17:30:47,Q166_mistral:latest _HellaSwag,d6649bb6-0aa3-4dfb-8a2c-044a5980b150,5b0fa12a-3dd7-45bb-9766-cc326314d9f1,12.519969000000856,0.0001183134405784,9.449978716278264e-06,12.830649892072728,71.37042841200308,20.0,4.282623444993636e-05,0.000248166309644,6.675466222220873e-05,0.0003577472063161,0.0,Italy,ITA,lombardy,,,Windows-11-10.0.26200-SP0,3.13.13,3.2.6,32,13th Gen Intel(R) Core(TM) i9-13900HX,1,1 x NVIDIA GeForce RTX 4070 Laptop GPU,9.1922,45.4722,31.70067596435547,machine,0.0,85.4,33.56,10.643039321899414,N,1.0,0.0
2026-05-04T17:31:09,Q167_phi3:mini_GSM8K,643403c2-ba2b-45cf-846d-58050a4ead5c,5b0fa12a-3dd7-45bb-9766-cc326314d9f1,6.674205700001039,5.006083641333518e-05,7.500643321995213e-06,12.838457868800004,51.29070315322112,20.0,2.2009262895768843e-05,9.507535383798672e-05,3.4285542777777464e-05,0.0001513701595115,0.0,Italy,ITA,lombardy,,,Windows-11-10.0.26200-SP0,3.13.13,3.2.6,32,13th Gen Intel(R) Core(TM) i9-13900HX,1,1 x NVIDIA GeForce RTX 4070 Laptop GPU,9.1922,45.4722,31.70067596435547,machine,0.0,59.0,33.239999999999995,10.533830261230468,N,1.0,0.0
2026-05-04T17:31:33,Q167_qwen2.5:7b_GSM8K,f3266f30-ea59-46bd-87cf-032efa95d807,5b0fa12a-3dd7-45bb-9766-cc326314d9f1,9.700943499999994,7.668448793189278e-05,7.904848423443846e-06,12.8242815616,54.9644963374725,20.0,3.2754599418267814e-05,0.0001480373406519,5.10807972222109e-05,0.0002318727372924,0.0,Italy,ITA,lombardy,,,Windows-11-10.0.26200-SP0,3.13.13,3.2.6,32,13th Gen Intel(R) Core(TM) i9-13900HX,1,1 x NVIDIA GeForce RTX 4070 Laptop GPU,9.1922,45.4722,31.70067596435547,machine,0.0,63.25,33.85,10.733360290527344,N,1.0,0.0
2026-05-04T17:31:59,Q167_mistral:latest _GSM8K,08ecc4b2-0f85-4eac-b1e2-7ae31b4df48a,5b0fa12a-3dd7-45bb-9766-cc326314d9f1,10.281071500001415,8.98394249473936e-05,8.738332862229508e-06,12.831084032,63.9025238952252,20.0,3.485327136866723e-05,0.000182471257088,5.432510944445109e-05,0.0002716496379011,0.0,Italy,ITA,lombardy,,,Windows-11-10.0.26200-SP0,3.13.13,3.2.6,32,13th Gen Intel(R) Core(TM) i9-13900HX,1,1 x NVIDIA GeForce RTX 4070 Laptop GPU,9.1922,45.4722,31.70067596435547,machine,0.0,84.25,33.3,10.56117582321167,N,1.0,0.0
2026-05-04T17:32:19,Q168_phi3:mini_SQuAD,8ed08685-d9d8-4348-b6de-db02832bd0f4,5b0fa12a-3dd7-45bb-9766-cc326314d9f1,5.7016301000003295,4.510358942088857e-05,7.910648118138348e-06,12.840726909440004,56.17947329537375,20.0,1.854503150830449e-05,8.895229338398702e-05,2.8883487222224684e-05,0.0001363808121145,0.0,Italy,ITA,lombardy,,,Windows-11-10.0.26200-SP0,3.13.13,3.2.6,32,13th Gen Intel(R) Core(TM) i9-13900HX,1,1 x NVIDIA GeForce RTX 4070 Laptop GPU,9.1922,45.4722,31.70067596435547,machine,0.0,63.0,33.224999999999994,10.527725219726562,N,1.0,0.0
2026-05-04T17:32:41,Q168_qwen2.5:7b_SQuAD,01e62951-4dfc-49b7-a7e5-a49e53c6b71f,5b0fa12a-3dd7-45bb-9766-cc326314d9f1,6.3285923000003095,4.014365452874968e-05,6.343220202184254e-06,12.83151680768,38.82581858237213,20.0,2.07688015443394e-05,6.824366570595819e-05,3.2370870000017425e-05,0.0001213833372503,0.0,Italy,ITA,lombardy,,,Windows-11-10.0.26200-SP0,3.13.13,3.2.6,32,13th Gen Intel(R) Core(TM) i9-13900HX,1,1 x NVIDIA GeForce RTX 4070 Laptop GPU,9.1922,45.4722,31.70067596435547,machine,0.0,36.0,33.725,10.68943214416504,N,1.0,0.0
2026-05-04T17:33:01,Q168_mistral:latest _SQuAD,ac657305-3cc4-46d1-b600-c5fd7f530ca0,5b0fa12a-3dd7-45bb-9766-cc326314d9f1,4.879974799998308,3.240461816656244e-05,6.640324898106783e-06,12.838000016,42.832450758288005,20.0,1.5612431967620587e-05,5.804921310600952e-05,2.432098111110261e-05,9.798262618473273e-05,0.0,Italy,ITA,lombardy,,,Windows-11-10.0.26200-SP0,3.13.13,3.2.6,32,13th Gen Intel(R) Core(TM) i9-13900HX,1,1 x NVIDIA GeForce RTX 4070 Laptop GPU,9.1922,45.4722,31.70067596435547,machine,0.0,49.333333333333336,33.300000000000004,10.554957071940104,N,1.0,0.0
2026-05-04T17:33:25,Q169_phi3:mini_HellaSwag,9fddb10e-1890-46a0-a2e3-1873eeffe8d6,5b0fa12a-3dd7-45bb-9766-cc326314d9f1,9.1859435999977,8.14097671447331e-05,8.862428367702312e-06,12.8249229008,65.44827373204579,20.0,3.0934640637399635e-05,0.0001669856891439,4.824034833331502e-05,0.0002461606781146,0.0,Italy,ITA,lombardy,,,Windows-11-10.0.26200-SP0,3.13.13,3.2.6,32,13th Gen Intel(R) Core(TM) i9-13900HX,1,1 x NVIDIA GeForce RTX 4070 Laptop GPU,9.1922,45.4722,31.70067596435547,machine,0.0,70.14285714285714,33.285714285714285,10.547494615827288,N,1.0,0.0
2026-05-04T17:33:48,Q169_qwen2.5:7b_HellaSwag,c9c22b77-a75b-452d-aac2-ff51e50c3b7f,5b0fa12a-3dd7-45bb-9766-cc326314d9f1,7.93303840000226,5.8231722641085486e-05,7.3404059964047185e-06,12.848649503085715,49.144997552740165,20.0,2.651815603718661e-05,0.0001082817532919,4.127675611111449e-05,0.0001760766654403,0.0,Italy,ITA,lombardy,,,Windows-11-10.0.26200-SP0,3.13.13,3.2.6,32,13th Gen Intel(R) Core(TM) i9-13900HX,1,1 x NVIDIA GeForce RTX 4070 Laptop GPU,9.1922,45.4722,31.70067596435547,machine,4.166666666666667,49.66666666666666,33.833333333333336,10.727931340535482,N,1.0,0.0
2026-05-04T17:34:11,Q169_mistral:latest _HellaSwag,f96fd94f-0c21-4c85-960d-fa8d655c3bb3,5b0fa12a-3dd7-45bb-9766-cc326314d9f1,7.4703647999995155,5.898835499297183e-05,7.896315183025018e-06,12.979100614400002,55.21561456911566,20.0,2.511800131371192e-05,0.000114542313856,3.870419777776988e-05,0.0001783645129475,0.0,Italy,ITA,lombardy,,,Windows-11-10.0.26200-SP0,3.13.13,3.2.6,32,13th Gen Intel(R) Core(TM) i9-13900HX,1,1 x NVIDIA GeForce RTX 4070 Laptop GPU,9.1922,45.4722,31.70067596435547,machine,0.0,69.4,33.52,10.623418426513672,N,1.0,0.0
2026-05-04T17:34:35,Q170_phi3:mini_HellaSwag,c82da422-6680-4ee4-acb6-9c6c0acc921a,5b0fa12a-3dd7-45bb-9766-cc326314d9f1,9.210919600001944,7.69830827770612e-05,8.357806399378945e-06,12.8336827232,59.94178973963851,20.0,3.104609805533068e-05,0.0001533481782339,4.838132944445937e-05,0.0002327756057337,0.0,Italy,ITA,lombardy,,,Windows-11-10.0.26200-SP0,3.13.13,3.2.6,32,13th Gen Intel(R) Core(TM) i9-13900HX,1,1 x NVIDIA GeForce RTX 4070 Laptop GPU,9.1922,45.4722,31.70067596435547,machine,0.0,84.85714285714286,33.385714285714286,10.58013207571847,N,1.0,0.0
2026-05-04T17:35:00,Q170_qwen2.5:7b_HellaSwag,689efbe3-792e-4345-9c58-9ce521594e99,5b0fa12a-3dd7-45bb-9766-cc326314d9f1,10.211377199997514,7.988447971899628e-05,7.82308577524839e-06,12.841321408,53.94307916266543,20.0,3.462912509412482e-05,0.0001529867890559,5.393271555555354e-05,0.0002415486297056,0.0,Italy,ITA,lombardy,,,Windows-11-10.0.26200-SP0,3.13.13,3.2.6,32,13th Gen Intel(R) Core(TM) i9-13900HX,1,1 x NVIDIA GeForce RTX 4070 Laptop GPU,9.1922,45.4722,31.70067596435547,machine,0.0,66.375,34.175,10.837637424468994,N,1.0,0.0
2026-05-04T17:35:25,Q170_mistral:latest _HellaSwag,7edefaf6-f025-4fdb-a74d-169a6a5341b8,5b0fa12a-3dd7-45bb-9766-cc326314d9f1,10.190208700001676,8.734973519032002e-05,8.57192799106319e-06,12.831005286400002,62.10429563074324,20.0,3.452863726387326e-05,0.000175773473952,5.3819391666669015e-05,0.0002641215028825,0.0,Italy,ITA,lombardy,,,Windows-11-10.0.26200-SP0,3.13.13,3.2.6,32,13th Gen Intel(R) Core(TM) i9-13900HX,1,1 x NVIDIA GeForce RTX 4070 Laptop GPU,9.1922,45.4722,31.70067596435547,machine,0.0,79.875,33.325,10.565706253051758,N,1.0,0.0
2026-05-04T17:35:48,Q171_phi3:mini_GSM8K,bcd71be7-2dd1-43df-88c6-c2d933e77ac7,5b0fa12a-3dd7-45bb-9766-cc326314d9f1,6.985874399997556,5.412623984424549e-05,7.747954908016157e-06,12.844710310400002,53.86432456713288,20.0,2.313400439546717e-05,0.0001045092502739,3.6019563333320545e-05,0.0001636628180027,0.0,Italy,ITA,lombardy,,,Windows-11-10.0.26200-SP0,3.13.13,3.2.6,32,13th Gen Intel(R) Core(TM) i9-13900HX,1,1 x NVIDIA GeForce RTX 4070 Laptop GPU,9.1922,45.4722,31.70067596435547,machine,0.0,79.2,33.06,10.479605865478517,N,1.0,0.0
2026-05-04T17:36:16,Q171_qwen2.5:7b_GSM8K,4b06e1ce-b05a-4d3f-b838-c39a6e98a4c0,5b0fa12a-3dd7-45bb-9766-cc326314d9f1,13.277936700000282,0.0001148103316467,8.646699727581956e-06,12.8317583264,62.53980443159909,20.0,4.553650453786807e-05,0.0002306446289599,7.097363777779214e-05,0.0003471547712756,0.0,Italy,ITA,lombardy,,,Windows-11-10.0.26200-SP0,3.13.13,3.2.6,32,13th Gen Intel(R) Core(TM) i9-13900HX,1,1 x NVIDIA GeForce RTX 4070 Laptop GPU,9.1922,45.4722,31.70067596435547,machine,0.0,73.18181818181819,33.95454545454545,10.765240755948154,N,1.0,0.0
2026-05-04T17:36:41,Q171_mistral:latest _GSM8K,61df6dc5-e143-431d-b09d-fb0e2d21619d,5b0fa12a-3dd7-45bb-9766-cc326314d9f1,10.42842229999951,9.707205814404284e-05,9.308412658360351e-06,12.8288371456,70.08674933934417,20.0,3.537169864273664e-05,0.0002030046068479,5.5142819999996894e-05,0.0002935191254907,0.0,Italy,ITA,lombardy,,,Windows-11-10.0.26200-SP0,3.13.13,3.2.6,32,13th Gen Intel(R) Core(TM) i9-13900HX,1,1 x NVIDIA GeForce RTX 4070 Laptop GPU,9.1922,45.4722,31.70067596435547,machine,0.0,80.25,33.2125,10.52619457244873,N,1.0,0.0
2026-05-04T17:37:01,Q172_phi3:mini_SQuAD,2666d5d3-8f40-412a-8959-6407755e1836,5b0fa12a-3dd7-45bb-9766-cc326314d9f1,4.509739299999637,3.0363887180920888e-05,6.732958417557159e-06,12.865246399999998,44.08922861190656,20.0,1.4324031686138136e-05,5.522143306599392e-05,2.226655388888806e-05,9.18120186410201e-05,0.0,Italy,ITA,lombardy,,,Windows-11-10.0.26200-SP0,3.13.13,3.2.6,32,13th Gen Intel(R) Core(TM) i9-13900HX,1,1 x NVIDIA GeForce RTX 4070 Laptop GPU,9.1922,45.4722,31.70067596435547,machine,0.0,24.5,33.1,10.489681243896484,N,1.0,0.0
2026-05-04T17:37:22,Q172_qwen2.5:7b_SQuAD,46dcba4b-df43-48a9-a541-5c5af0bef569,5b0fa12a-3dd7-45bb-9766-cc326314d9f1,5.535690900000191,3.30919044059997e-05,5.977917662635131e-06,12.82560234752,35.255691132283985,20.0,1.7924889051525402e-05,5.41855989039941e-05,2.79503022222141e-05,0.0001000607901777,0.0,Italy,ITA,lombardy,,,Windows-11-10.0.26200-SP0,3.13.13,3.2.6,32,13th Gen Intel(R) Core(TM) i9-13900HX,1,1 x NVIDIA GeForce RTX 4070 Laptop GPU,9.1922,45.4722,31.70067596435547,machine,0.0,17.333333333333332,33.625,10.664531707763672,N,1.0,0.0
2026-05-04T17:37:31,Q172_mistral:latest _SQuAD,b4c5ecb3-ffa6-4197-8a84-a32ab67779fd,5b0fa12a-3dd7-45bb-9766-cc326314d9f1,4.343323099998088,2.547934435044872e-05,5.86632487701869e-06,12.841455104,34.886073771703686,20.0,1.368714660851318e-05,4.203975585398423e-05,2.1315606111117325e-05,7.704250857361474e-05,0.0,Italy,ITA,lombardy,,,Windows-11-10.0.26200-SP0,3.13.13,3.2.6,32,13th Gen Intel(R) Core(TM) i9-13900HX,1,1 x NVIDIA GeForce RTX 4070 Laptop GPU,9.1922,45.4722,31.70067596435547,machine,0.0,28.0,33.1,10.489648818969728,N,1.0,0.0
2026-05-04T17:37:55,Q173_phi3:mini_HumanEval,2ec7c3ca-b8e2-428d-ae89-c484004c301a,5b0fa12a-3dd7-45bb-9766-cc326314d9f1,9.258315799997945,8.089160949177538e-05,8.737184088254295e-06,12.837311667200002,64.06161132522585,20.0,3.122274219531664e-05,0.000164728465116,4.8642705e-05,0.0002445939123113,0.0,Italy,ITA,lombardy,,,Windows-11-10.0.26200-SP0,3.13.13,3.2.6,32,13th Gen Intel(R) Core(TM) i9-13900HX,1,1 x NVIDIA GeForce RTX 4070 Laptop GPU,9.1922,45.4722,31.70067596435547,machine,0.0,69.0,33.114285714285714,10.504199981689451,N,1.0,0.0
2026-05-04T17:38:23,Q173_qwen2.5:7b_HumanEval,bf669cfc-b141-4625-aa5d-6b7b66d684f3,5b0fa12a-3dd7-45bb-9766-cc326314d9f1,12.689829299997657,0.0001090211309369,8.591221233915922e-06,12.8271690752,61.9958484626598,20.0,4.342593052792259e-05,0.0002185157303679,6.770816444443173e-05,0.0003296498253403,0.0,Italy,ITA,lombardy,,,Windows-11-10.0.26200-SP0,3.13.13,3.2.6,32,13th Gen Intel(R) Core(TM) i9-13900HX,1,1 x NVIDIA GeForce RTX 4070 Laptop GPU,9.1922,45.4722,31.70067596435547,machine,0.0,74.27272727272727,34.64545454545454,10.979714133522728,N,1.0,0.0
2026-05-04T17:38:50,Q173_mistral:latest _HumanEval,0df18261-b75a-416c-9c39-fe5dafd90fe5,5b0fa12a-3dd7-45bb-9766-cc326314d9f1,11.639300400001956,0.0001089104316409,9.357128684551722e-06,12.82681373207273,70.4504929488416,20.0,3.968164344189261e-05,0.0002277621266539,6.187133111111001e-05,0.0003293151012069,0.0,Italy,ITA,lombardy,,,Windows-11-10.0.26200-SP0,3.13.13,3.2.6,32,13th Gen Intel(R) Core(TM) i9-13900HX,1,1 x NVIDIA GeForce RTX 4070 Laptop GPU,9.1922,45.4722,31.70067596435547,machine,0.0,84.4,33.87,10.745259857177734,N,1.0,0.0
2026-05-04T17:39:09,Q174_phi3:mini_MMLU,00a59dd6-1740-489c-8d8e-97587fbb78a0,5b0fa12a-3dd7-45bb-9766-cc326314d9f1,4.229885199998535,2.364599259255884e-05,5.590220886507045e-06,12.8722431872,31.886892535909443,20.0,1.3329872528671615e-05,3.745891885600927e-05,2.0710167222225413e-05,7.14989586069063e-05,0.0,Italy,ITA,lombardy,,,Windows-11-10.0.26200-SP0,3.13.13,3.2.6,32,13th Gen Intel(R) Core(TM) i9-13900HX,1,1 x NVIDIA GeForce RTX 4070 Laptop GPU,9.1922,45.4722,31.70067596435547,machine,0.0,75.5,33.55,10.636907577514648,N,1.0,0.0
2026-05-04T17:39:31,Q174_qwen2.5:7b_MMLU,0325542d-11f8-4988-9e8b-d98805318057,5b0fa12a-3dd7-45bb-9766-cc326314d9f1,7.456801899999846,4.932176422110932e-05,6.614332106785664e-06,12.828102272000002,41.38616633409298,20.0,2.4782782176980067e-05,8.571590190600831e-05,3.863672500000475e-05,0.0001491354090829,0.0,Italy,ITA,lombardy,,,Windows-11-10.0.26200-SP0,3.13.13,3.2.6,32,13th Gen Intel(R) Core(TM) i9-13900HX,1,1 x NVIDIA GeForce RTX 4070 Laptop GPU,9.1922,45.4722,31.70067596435547,machine,0.0,49.6,33.78,10.711044311523438,N,1.0,0.0
2026-05-04T17:39:52,Q174_mistral:latest _MMLU,9f1323fb-07e1-4ea8-ae37-b89e9cc28dbf,5b0fa12a-3dd7-45bb-9766-cc326314d9f1,5.177812800000538,3.5171102945734706e-05,6.792656340478561e-06,12.864224864,44.268586484471925,20.0,1.6709036507846465e-05,6.366255092996043e-05,2.597612555554305e-05,0.0001063477129933,0.0,Italy,ITA,lombardy,,,Windows-11-10.0.26200-SP0,3.13.13,3.2.6,32,13th Gen Intel(R) Core(TM) i9-13900HX,1,1 x NVIDIA GeForce RTX 4070 Laptop GPU,9.1922,45.4722,31.70067596435547,machine,0.0,50.66666666666666,33.266666666666666,10.542106628417969,N,1.0,0.0
2026-05-04T17:40:02,Q175_phi3:mini_MMLU,e9ad0862-592e-4999-b652-f47fd923162f,5b0fa12a-3dd7-45bb-9766-cc326314d9f1,5.253407799998968,3.8596017256239766e-05,7.346853456959376e-06,12.862277955200002,50.263851249547095,20.0,1.697614929367304e-05,7.333172533197096e-05,2.639583444443916e-05,0.00011670370907,0.0,Italy,ITA,lombardy,,,Windows-11-10.0.26200-SP0,3.13.13,3.2.6,32,13th Gen Intel(R) Core(TM) i9-13900HX,1,1 x NVIDIA GeForce RTX 4070 Laptop GPU,9.1922,45.4722,31.70067596435547,machine,0.0,65.66666666666667,33.23333333333333,10.533278147379557,N,1.0,0.0
2026-05-04T17:40:24,Q175_qwen2.5:7b_MMLU,cf4ab853-1d36-4da0-9b2c-ab9766de5bfe,5b0fa12a-3dd7-45bb-9766-cc326314d9f1,6.86379769999985,4.6840481589375867e-05,6.824280614997859e-06,12.8708651456,43.84478978705504,20.0,2.2738095819813528e-05,8.356284462798791e-05,3.533175444445078e-05,0.0001416326948922,0.0,Italy,ITA,lombardy,,,Windows-11-10.0.26200-SP0,3.13.13,3.2.6,32,13th Gen Intel(R) Core(TM) i9-13900HX,1,1 x NVIDIA GeForce RTX 4070 Laptop GPU,9.1922,45.4722,31.70067596435547,machine,12.0,49.4,33.88,10.734172058105468,N,1.0,0.0
2026-05-04T17:40:44,Q175_mistral:latest _MMLU,4ffa9428-e490-4e48-bab7-4569dc1bef3a,5b0fa12a-3dd7-45bb-9766-cc326314d9f1,5.442921000001661,3.7294016467009856e-05,6.851838648218204e-06,12.8487537344,44.76723615572502,20.0,1.763715482344811e-05,6.767699858600817e-05,2.745266444445507e-05,0.0001127668178539,0.0,Italy,ITA,lombardy,,,Windows-11-10.0.26200-SP0,3.13.13,3.2.6,32,13th Gen Intel(R) Core(TM) i9-13900HX,1,1 x NVIDIA GeForce RTX 4070 Laptop GPU,9.1922,45.4722,31.70067596435547,machine,33.333333333333336,48.333333333333336,33.333333333333336,10.558104197184244,N,1.0,0.0
2026-05-04T17:41:04,Q176_phi3:mini_MMLU,1ccc4fe9-e65a-4a05-977c-a800cf1d3dbb,5b0fa12a-3dd7-45bb-9766-cc326314d9f1,4.249218699998892,2.483844889065191e-05,5.845415509128393e-06,12.8614711424,34.659800148205434,20.0,1.3386510334429304e-05,4.090253272198696e-05,2.0815574444451266e-05,7.510461750086753e-05,0.0,Italy,ITA,lombardy,,,Windows-11-10.0.26200-SP0,3.13.13,3.2.6,32,13th Gen Intel(R) Core(TM) i9-13900HX,1,1 x NVIDIA GeForce RTX 4070 Laptop GPU,9.1922,45.4722,31.70067596435547,machine,0.0,24.0,33.25,10.543741226196287,N,1.0,0.0
2026-05-04T17:41:17,Q176_qwen2.5:7b_MMLU,ea931d62-f579-46d0-9dd6-f9bf3cd098fb,5b0fa12a-3dd7-45bb-9766-cc326314d9f1,8.731121000000712,6.947659467242493e-05,7.957351028856348e-06,12.832763384000003,55.67654755005384,20.0,2.9335392317689765e-05,0.000135024274686,4.571838944444203e-05,0.0002100780564481,0.0,Italy,ITA,lombardy,,,Windows-11-10.0.26200-SP0,3.13.13,3.2.6,32,13th Gen Intel(R) Core(TM) i9-13900HX,1,1 x NVIDIA GeForce RTX 4070 Laptop GPU,9.1922,45.4722,31.70067596435547,machine,0.0,48.42857142857143,34.0,10.779901776994976,N,1.0,0.0
2026-05-04T17:41:39,Q176_mistral:latest _MMLU,719b679e-943f-40d4-871a-a67a32c73cfc,5b0fa12a-3dd7-45bb-9766-cc326314d9f1,6.177155199999106,4.573655736545247e-05,7.404145740981073e-06,12.84128143616,50.43585035179454,20.0,2.0242554458554363e-05,8.652590255397996e-05,3.152627555555228e-05,0.000138294732568,0.0,Italy,ITA,lombardy,,,Windows-11-10.0.26200-SP0,3.13.13,3.2.6,32,13th Gen Intel(R) Core(TM) i9-13900HX,1,1 x NVIDIA GeForce RTX 4070 Laptop GPU,9.1922,45.4722,31.70067596435547,machine,0.0,65.25,33.25,10.537172317504885,N,1.0,0.0
2026-05-04T17:41:49,Q177_phi3:mini_SQuAD,79bbcd7b-f909-4fb6-b6f7-51395de04467,5b0fa12a-3dd7-45bb-9766-cc326314d9f1,4.952423500002624,3.207134646091961e-05,6.475889321844672e-06,12.849640976000002,40.97471563228779,20.0,1.5887434950241008e-05,5.6360878421979343e-05,2.472659111111473e-05,9.697490448333508e-05,0.0,Italy,ITA,lombardy,,,Windows-11-10.0.26200-SP0,3.13.13,3.2.6,32,13th Gen Intel(R) Core(TM) i9-13900HX,1,1 x NVIDIA GeForce RTX 4070 Laptop GPU,9.1922,45.4722,31.70067596435547,machine,26.666666666666668,55.66666666666666,33.13333333333333,10.49915059407552,N,1.0,0.0
2026-05-04T17:42:09,Q177_qwen2.5:7b_SQuAD,8168b1e3-13c5-4df4-8929-3e1f7c4894ee,5b0fa12a-3dd7-45bb-9766-cc326314d9f1,5.584295000000566,3.250197453474762e-05,5.820246698060243e-06,12.9437888384,33.373964324290256,20.0,1.8275539685156208e-05,5.176420807798121e-05,2.823725722222055e-05,9.827700498535796e-05,0.0,Italy,ITA,lombardy,,,Windows-11-10.0.26200-SP0,3.13.13,3.2.6,32,13th Gen Intel(R) Core(TM) i9-13900HX,1,1 x NVIDIA GeForce RTX 4070 Laptop GPU,9.1922,45.4722,31.70067596435547,machine,0.0,3.5,34.25,10.855894088745115,N,1.0,0.0
2026-05-04T17:42:19,Q177_mistral:latest _SQuAD,af12f2f6-71b1-40f3-ab09-28076df11d28,5b0fa12a-3dd7-45bb-9766-cc326314d9f1,4.572488099998736,2.8925129609174604e-05,6.325905934929081e-06,12.846733529600002,39.63693339000808,20.0,1.4522984598739306e-05,5.0329762486006624e-05,2.260886555555367e-05,8.74616126402996e-05,0.0,Italy,ITA,lombardy,,,Windows-11-10.0.26200-SP0,3.13.13,3.2.6,32,13th Gen Intel(R) Core(TM) i9-13900HX,1,1 x NVIDIA GeForce RTX 4070 Laptop GPU,9.1922,45.4722,31.70067596435547,machine,0.0,50.333333333333336,33.86666666666667,10.732013702392578,N,1.0,0.0
2026-05-04T17:42:30,Q178_phi3:mini_MMLU,e72e80ab-47aa-4212-afc0-effe7155bdf9,5b0fa12a-3dd7-45bb-9766-cc326314d9f1,6.548468400000274,5.123618154484118e-05,7.824147329601383e-06,12.8309666816,54.85886507139295,20.0,2.1551594133844144e-05,9.978035760196956e-05,3.359212722221451e-05,0.000154924078958,0.0,Italy,ITA,lombardy,,,Windows-11-10.0.26200-SP0,3.13.13,3.2.6,32,13th Gen Intel(R) Core(TM) i9-13900HX,1,1 x NVIDIA GeForce RTX 4070 Laptop GPU,9.1922,45.4722,31.70067596435547,machine,0.0,58.2,33.660000000000004,10.670042419433594,N,1.0,0.0
2026-05-04T17:43:01,Q178_qwen2.5:7b_MMLU,60bd3969-01de-46fa-aa28-0a8e057d8e9b,5b0fa12a-3dd7-45bb-9766-cc326314d9f1,15.218927399997485,0.0001344290978957,8.833020512062169e-06,12.821234091885716,64.41692789809362,20.0,5.241357108508741e-05,0.000272303273398,8.175966388888709e-05,0.0004064765083719,0.0,Italy,ITA,lombardy,,,Windows-11-10.0.26200-SP0,3.13.13,3.2.6,32,13th Gen Intel(R) Core(TM) i9-13900HX,1,1 x NVIDIA GeForce RTX 4070 Laptop GPU,9.1922,45.4722,31.70067596435547,machine,0.0,73.15384615384616,34.5,10.940572298490084,N,1.0,0.0
2026-05-04T17:43:26,Q178_mistral:latest _MMLU,adcfc022-3c38-484c-890b-0a56edaced34,5b0fa12a-3dd7-45bb-9766-cc326314d9f1,10.16808790000141,8.813368290135613e-05,8.66767515860518e-06,12.829062425600002,63.148289237381405,20.0,3.444525182173848e-05,0.0001783487537899,5.3697938888884286e-05,0.0002664919445006,0.0,Italy,ITA,lombardy,,,Windows-11-10.0.26200-SP0,3.13.13,3.2.6,32,13th Gen Intel(R) Core(TM) i9-13900HX,1,1 x NVIDIA GeForce RTX 4070 Laptop GPU,9.1922,45.4722,31.70067596435547,machine,0.0,76.125,33.425,10.602046966552734,N,1.0,0.0
2026-05-04T17:43:50,Q179_phi3:mini_HellaSwag,3a4b7089-69de-46e1-9134-ddabbe775bd0,5b0fa12a-3dd7-45bb-9766-cc326314d9f1,8.782713799999328,7.210320713349549e-05,8.209672861422514e-06,12.8272048256,58.45391397008636,20.0,2.949391558610268e-05,0.0001425409473659,4.598534499998802e-05,0.000218020207952,0.0,Italy,ITA,lombardy,,,Windows-11-10.0.26200-SP0,3.13.13,3.2.6,32,13th Gen Intel(R) Core(TM) i9-13900HX,1,1 x NVIDIA GeForce RTX 4070 Laptop GPU,9.1922,45.4722,31.70067596435547,machine,0.0,78.85714285714286,33.271428571428565,10.53974860055106,N,1.0,0.0
2026-05-04T17:44:15,Q179_qwen2.5:7b_HellaSwag,a10420b4-dcd3-4b20-a6f8-d21c99e28211,5b0fa12a-3dd7-45bb-9766-cc326314d9f1,9.635922800000117,7.36331203829502e-05,7.641522447953745e-06,12.844994432,52.05758591551668,20.0,3.2588278232371875e-05,0.000139318444788,5.073952055556422e-05,0.0002226462435759,0.0,Italy,ITA,lombardy,,,Windows-11-10.0.26200-SP0,3.13.13,3.2.6,32,13th Gen Intel(R) Core(TM) i9-13900HX,1,1 x NVIDIA GeForce RTX 4070 Laptop GPU,9.1922,45.4722,31.70067596435547,machine,0.0,54.125,34.05,10.801023960113524,N,1.0,0.0
2026-05-04T17:44:37,Q179_mistral:latest _HellaSwag,905483fb-f7b3-446f-8e6f-26ac8fd90577,5b0fa12a-3dd7-45bb-9766-cc326314d9f1,7.003526199998305,5.475436895304964e-05,7.818114388300981e-06,12.837077888,54.62540160873815,20.0,2.3184983257888298e-05,0.0001062564738939,3.61206499999955e-05,0.0001655621071518,0.0,Italy,ITA,lombardy,,,Windows-11-10.0.26200-SP0,3.13.13,3.2.6,32,13th Gen Intel(R) Core(TM) i9-13900HX,1,1 x NVIDIA GeForce RTX 4070 Laptop GPU,9.1922,45.4722,31.70067596435547,machine,0.0,72.4,33.36,10.575653076171877,N,1.0,0.0
2026-05-04T17:44:56,Q180_phi3:mini_HumanEval,cc8a12f7-e02c-486d-ae58-bd602828bc8b,5b0fa12a-3dd7-45bb-9766-cc326314d9f1,4.455594300001394,2.838320597303068e-05,6.3702402108337815e-06,12.8624505728,40.23729522124253,20.0,1.4116336920059016e-05,4.975809536203468e-05,2.194855277777808e-05,8.582298505987177e-05,0.0,Italy,ITA,lombardy,,,Windows-11-10.0.26200-SP0,3.13.13,3.2.6,32,13th Gen Intel(R) Core(TM) i9-13900HX,1,1 x NVIDIA GeForce RTX 4070 Laptop GPU,9.1922,45.4722,31.70067596435547,machine,8.35,31.5,33.25,10.542961120605469,N,1.0,0.0
2026-05-04T17:45:15,Q180_qwen2.5:7b_HumanEval,a7b56bee-d5c7-4311-bca9-e2f05a668b93,5b0fa12a-3dd7-45bb-9766-cc326314d9f1,13.714893700001994,0.0001184503792636,8.636623939977504e-06,12.824275768123076,62.39596020627363,20.0,4.706751763828172e-05,0.000237691023486,7.340273000000809e-05,0.0003581612711242,0.0,Italy,ITA,lombardy,,,Windows-11-10.0.26200-SP0,3.13.13,3.2.6,32,13th Gen Intel(R) Core(TM) i9-13900HX,1,1 x NVIDIA GeForce RTX 4070 Laptop GPU,9.1922,45.4722,31.70067596435547,machine,0.0,76.83333333333333,34.11666666666667,10.807305653889976,N,1.0,0.0
2026-05-04T17:45:38,Q180_mistral:latest _HumanEval,5092cc2c-f18b-4c5e-a53c-762dae5852de,5b0fa12a-3dd7-45bb-9766-cc326314d9f1,7.962306200002786,6.648902117513701e-05,8.350472778240273e-06,12.832213639314286,60.21147596950368,20.0,2.6570169117145704e-05,0.000133063439784,4.141084944444124e-05,0.0002010444583455,0.0,Italy,ITA,lombardy,,,Windows-11-10.0.26200-SP0,3.13.13,3.2.6,32,13th Gen Intel(R) Core(TM) i9-13900HX,1,1 x NVIDIA GeForce RTX 4070 Laptop GPU,9.1922,45.4722,31.70067596435547,machine,0.0,72.5,33.78333333333333,10.706092834472656,N,1.0,0.0
2026-05-04T17:45:58,Q181_phi3:mini_SQuAD,898bdaf4-b4bd-4d67-b00a-ed3a5de9f9d5,5b0fa12a-3dd7-45bb-9766-cc326314d9f1,5.063598200002161,3.597894063840575e-05,7.105409872053117e-06,12.848709641600005,47.76910002038517,20.0,1.627935758802989e-05,6.717199818195851e-05,2.5339035555569152e-05,0.0001087903913255,0.0,Italy,ITA,lombardy,,,Windows-11-10.0.26200-SP0,3.13.13,3.2.6,32,13th Gen Intel(R) Core(TM) i9-13900HX,1,1 x NVIDIA GeForce RTX 4070 Laptop GPU,9.1922,45.4722,31.70067596435547,machine,0.0,49.333333333333336,33.6,10.65876007080078,N,1.0,0.0
2026-05-04T17:46:19,Q181_qwen2.5:7b_SQuAD,0402694f-7926-4a49-8ee8-d6d179085214,5b0fa12a-3dd7-45bb-9766-cc326314d9f1,5.637310300000536,3.0381951121303413e-05,5.389440975299963e-06,12.84043874816,28.75437795989003,20.0,1.83169318858196e-05,4.502086935001537e-05,2.8528837777776066e-05,9.186663901361105e-05,0.0,Italy,ITA,lombardy,,,Windows-11-10.0.26200-SP0,3.13.13,3.2.6,32,13th Gen Intel(R) Core(TM) i9-13900HX,1,1 x NVIDIA GeForce RTX 4070 Laptop GPU,9.1922,45.4722,31.70067596435547,machine,0.0,36.25,33.875,10.735238075256348,N,1.0,0.0
2026-05-04T17:46:28,Q181_mistral:latest _SQuAD,cc190317-28df-479b-8fe1-7e0aac489d86,5b0fa12a-3dd7-45bb-9766-cc326314d9f1,4.454259100002673,2.8851426154650494e-05,6.477267151934017e-06,12.842479731200005,41.3742210893548,20.0,1.409920555678278e-05,5.118337428000608e-05,2.195617388889433e-05,8.723875372568319e-05,0.0,Italy,ITA,lombardy,,,Windows-11-10.0.26200-SP0,3.13.13,3.2.6,32,13th Gen Intel(R) Core(TM) i9-13900HX,1,1 x NVIDIA GeForce RTX 4070 Laptop GPU,9.1922,45.4722,31.70067596435547,machine,35.7,41.5,33.45,10.602010726928713,N,1.0,0.0
2026-05-04T17:46:50,Q182_phi3:mini_GSM8K,bb8dfec2-ac07-4938-b90b-ca28859501d1,5b0fa12a-3dd7-45bb-9766-cc326314d9f1,7.103353400001652,5.4282249237863285e-05,7.64177792954109e-06,12.83059136,52.73997928246187,20.0,2.3510348634498343e-05,0.00010397786096,3.66463377777715e-05,0.0001641345473722,0.0,Italy,ITA,lombardy,,,Windows-11-10.0.26200-SP0,3.13.13,3.2.6,32,13th Gen Intel(R) Core(TM) i9-13900HX,1,1 x NVIDIA GeForce RTX 4070 Laptop GPU,9.1922,45.4722,31.70067596435547,machine,0.0,59.0,33.34,10.570089721679688,N,1.0,0.0
2026-05-04T17:47:17,Q182_qwen2.5:7b_GSM8K,b1c56369-3916-40db-b558-a400a3833308,5b0fa12a-3dd7-45bb-9766-cc326314d9f1,11.539434999998775,9.515586475511268e-05,8.246145912267175e-06,12.81958908032,58.37524707780311,20.0,3.9304302824240254e-05,0.000187103205238,6.131757722222473e-05,0.0002877250852844,0.0,Italy,ITA,lombardy,,,Windows-11-10.0.26200-SP0,3.13.13,3.2.6,32,13th Gen Intel(R) Core(TM) i9-13900HX,1,1 x NVIDIA GeForce RTX 4070 Laptop GPU,9.1922,45.4722,31.70067596435547,machine,0.0,69.0,34.12222222222222,10.818146599663628,N,1.0,0.0
2026-05-04T17:47:41,Q182_mistral:latest _GSM8K,d64969aa-eb37-4027-bd11-8237ede10dc1,5b0fa12a-3dd7-45bb-9766-cc326314d9f1,9.293174500002351,7.878162011669068e-05,8.477363694900031e-06,12.8199004976,61.27891200715993,20.0,3.1291912797121216e-05,0.000158105404262,4.881656944445341e-05,0.0002382138865035,0.0,Italy,ITA,lombardy,,,Windows-11-10.0.26200-SP0,3.13.13,3.2.6,32,13th Gen Intel(R) Core(TM) i9-13900HX,1,1 x NVIDIA GeForce RTX 4070 Laptop GPU,9.1922,45.4722,31.70067596435547,machine,0.0,78.0,33.371428571428574,10.576531546456474,N,1.0,0.0
2026-05-04T17:48:01,Q183_phi3:mini_SQuAD,88bc4d95-fb53-420d-8012-1a26c7d77466,5b0fa12a-3dd7-45bb-9766-cc326314d9f1,4.689307199998439,3.055450864129813e-05,6.515783107856168e-06,12.8691133184,41.57940529495031,20.0,1.4970390362955038e-05,5.415337665601317e-05,2.3264638333320263e-05,9.238840535228846e-05,0.0,Italy,ITA,lombardy,,,Windows-11-10.0.26200-SP0,3.13.13,3.2.6,32,13th Gen Intel(R) Core(TM) i9-13900HX,1,1 x NVIDIA GeForce RTX 4070 Laptop GPU,9.1922,45.4722,31.70067596435547,machine,0.0,45.66666666666666,33.4,10.582518259684244,N,1.0,0.0
2026-05-04T17:48:23,Q183_qwen2.5:7b_SQuAD,f3f861f4-501e-4583-82f7-ae7f732c989f,5b0fa12a-3dd7-45bb-9766-cc326314d9f1,6.351081600001635,3.722273139716361e-05,5.860849181524298e-06,12.83943812096,33.589691004856505,20.0,2.085067686675398e-05,5.92231029339918e-05,3.247749166667846e-05,0.0001125512714674,0.0,Italy,ITA,lombardy,,,Windows-11-10.0.26200-SP0,3.13.13,3.2.6,32,13th Gen Intel(R) Core(TM) i9-13900HX,1,1 x NVIDIA GeForce RTX 4070 Laptop GPU,9.1922,45.4722,31.70067596435547,machine,0.0,36.0,33.8,10.718920707702637,N,1.0,0.0
2026-05-04T17:48:32,Q183_mistral:latest _SQuAD,d5db735a-c943-43e2-a9a1-dce2544c9991,5b0fa12a-3dd7-45bb-9766-cc326314d9f1,4.6485466999984055,2.7483632880727315e-05,5.912306502317539e-06,12.848952252800002,35.0632259986347,20.0,1.4799665193372585e-05,4.526781399197266e-05,2.303544499999488e-05,8.310292418534012e-05,0.0,Italy,ITA,lombardy,,,Windows-11-10.0.26200-SP0,3.13.13,3.2.6,32,13th Gen Intel(R) Core(TM) i9-13900HX,1,1 x NVIDIA GeForce RTX 4070 Laptop GPU,9.1922,45.4722,31.70067596435547,machine,16.666666666666668,50.66666666666666,33.43333333333334,10.59646224975586,N,1.0,0.0
2026-05-04T17:48:57,Q184_phi3:mini_HumanEval,ad5d70ee-82a0-4dd4-9e31-0f3c2fe27353,5b0fa12a-3dd7-45bb-9766-cc326314d9f1,9.388853399999787,8.321650821444104e-05,8.86333023523862e-06,12.8370448784,65.40611352120217,20.0,3.1688834360059374e-05,0.0001705654142299,4.936951611111403e-05,0.0002516237647011,0.0,Italy,ITA,lombardy,,,Windows-11-10.0.26200-SP0,3.13.13,3.2.6,32,13th Gen Intel(R) Core(TM) i9-13900HX,1,1 x NVIDIA GeForce RTX 4070 Laptop GPU,9.1922,45.4722,31.70067596435547,machine,0.0,75.28571428571429,33.22857142857143,10.534429277692524,N,1.0,0.0
2026-05-04T17:49:27,Q184_qwen2.5:7b_HumanEval,f50eecd2-249d-48f0-be29-356ee56199db,5b0fa12a-3dd7-45bb-9766-cc326314d9f1,15.397666000000754,0.0001371077137626,8.904447840513734e-06,12.846272054857144,65.17736330912776,20.0,5.314272087142406e-05,0.0002786977229579,8.273546000000352e-05,0.0004145759038294,0.0,Italy,ITA,lombardy,,,Windows-11-10.0.26200-SP0,3.13.13,3.2.6,32,13th Gen Intel(R) Core(TM) i9-13900HX,1,1 x NVIDIA GeForce RTX 4070 Laptop GPU,9.1922,45.4722,31.70067596435547,machine,0.0,73.23076923076923,34.04615384615385,10.79175802377554,N,1.0,0.0
2026-05-04T17:49:53,Q184_mistral:latest _HumanEval,b5aec831-ec26-415f-8fa3-55e464558cd8,5b0fa12a-3dd7-45bb-9766-cc326314d9f1,10.466925200002152,9.40663026247794e-05,8.987004380690527e-06,12.833757862400002,66.5847772671287,20.0,3.552077734694337e-05,0.0001935559881779,5.535378444445895e-05,0.0002844305499693,0.0,Italy,ITA,lombardy,,,Windows-11-10.0.26200-SP0,3.13.13,3.2.6,32,13th Gen Intel(R) Core(TM) i9-13900HX,1,1 x NVIDIA GeForce RTX 4070 Laptop GPU,9.1922,45.4722,31.70067596435547,machine,0.0,76.125,33.6,10.646423816680908,N,1.0,0.0
2026-05-04T17:50:13,Q185_phi3:mini_HumanEval,e4dc64c5-0bec-44af-932d-747a6bc62381,5b0fa12a-3dd7-45bb-9766-cc326314d9f1,5.2919679000006,3.776139810287444e-05,7.135606038515494e-06,12.8644498784,47.94222398029338,20.0,1.7115754624027946e-05,7.0455889697979e-05,2.6608406666673545e-05,0.0001141800509886,0.0,Italy,ITA,lombardy,,,Windows-11-10.0.26200-SP0,3.13.13,3.2.6,32,13th Gen Intel(R) Core(TM) i9-13900HX,1,1 x NVIDIA GeForce RTX 4070 Laptop GPU,9.1922,45.4722,31.70067596435547,machine,0.0,48.333333333333336,33.5,10.620892842610678,N,1.0,0.0
2026-05-04T17:50:41,Q185_qwen2.5:7b_HumanEval,57417fc9-1f20-4f2b-a538-73de74dc421d,5b0fa12a-3dd7-45bb-9766-cc326314d9f1,13.046841499999571,0.000111758349824,8.565931442030263e-06,12.821511622400005,61.72232046723822,20.0,4.466389351245134e-05,0.00022359323443,6.966929222223068e-05,0.0003379264201647,0.0,Italy,ITA,lombardy,,,Windows-11-10.0.26200-SP0,3.13.13,3.2.6,32,13th Gen Intel(R) Core(TM) i9-13900HX,1,1 x NVIDIA GeForce RTX 4070 Laptop GPU,9.1922,45.4722,31.70067596435547,machine,0.0,74.72727272727273,33.91818181818182,10.758255004882812,N,1.0,0.0
2026-05-04T17:51:02,Q185_mistral:latest _HumanEval,2e947f4f-be9b-496a-9110-ac0a2a4f68c6,5b0fa12a-3dd7-45bb-9766-cc326314d9f1,6.269497699999192,4.5567007524235845e-05,7.268047570101464e-06,12.8433861632,48.91067579136872,20.0,2.057503470833798e-05,8.516784591200421e-05,3.203917999999249e-05,0.0001377820606203,0.0,Italy,ITA,lombardy,,,Windows-11-10.0.26200-SP0,3.13.13,3.2.6,32,13th Gen Intel(R) Core(TM) i9-13900HX,1,1 x NVIDIA GeForce RTX 4070 Laptop GPU,9.1922,45.4722,31.70067596435547,machine,0.0,59.75,33.425,10.590764999389648,N,1.0,0.0
2026-05-04T17:51:27,Q186_phi3:mini_MMLU,64b91747-acac-4f69-a42a-40bc1e57e46c,5b0fa12a-3dd7-45bb-9766-cc326314d9f1,9.553389199998492,8.32961721974e-05,8.719017979233291e-06,12.8303814784,63.81303065719823,20.0,3.225973893149297e-05,0.000169319857678,5.0285049999992127e-05,0.0002518646466094,0.0,Italy,ITA,lombardy,,,Windows-11-10.0.26200-SP0,3.13.13,3.2.6,32,13th Gen Intel(R) Core(TM) i9-13900HX,1,1 x NVIDIA GeForce RTX 4070 Laptop GPU,9.1922,45.4722,31.70067596435547,machine,0.0,78.375,33.2375,10.534598350524902,N,1.0,0.0
2026-05-04T17:51:50,Q186_qwen2.5:7b_MMLU,ebea975a-bec4-4b1d-8a04-17bf45642ab4,5b0fa12a-3dd7-45bb-9766-cc326314d9f1,7.594855200000893,5.463678084905058e-05,7.193920016940436e-06,12.84742943634286,47.63920561551467,20.0,2.531191054726028e-05,0.0001004923026159,3.94023400000151e-05,0.0001652065531632,0.0,Italy,ITA,lombardy,,,Windows-11-10.0.26200-SP0,3.13.13,3.2.6,32,13th Gen Intel(R) Core(TM) i9-13900HX,1,1 x NVIDIA GeForce RTX 4070 Laptop GPU,9.1922,45.4722,31.70067596435547,machine,0.0,46.5,33.75,10.704416910807293,N,1.0,0.0
2026-05-04T17:52:11,Q186_mistral:latest _MMLU,0cf2dc5b-44ce-4b95-9308-a09b8bc8c4d2,5b0fa12a-3dd7-45bb-9766-cc326314d9f1,6.319045100000949,4.567983971882902e-05,7.228914969893498e-06,12.847136245760002,48.4586812089137,20.0,2.07589476785973e-05,8.504867915001824e-05,3.2315607222234474e-05,0.0001381232340508,0.0,Italy,ITA,lombardy,,,Windows-11-10.0.26200-SP0,3.13.13,3.2.6,32,13th Gen Intel(R) Core(TM) i9-13900HX,1,1 x NVIDIA GeForce RTX 4070 Laptop GPU,9.1922,45.4722,31.70067596435547,machine,0.0,68.25,33.375,10.579773902893066,N,1.0,0.0
2026-05-04T17:52:32,Q187_phi3:mini_MMLU,4513773b-7fef-49dc-a6a1-56deed5749a9,5b0fa12a-3dd7-45bb-9766-cc326314d9f1,5.122478199999023,3.713948794731902e-05,7.250296926071078e-06,12.851416208,49.3869987370732,20.0,1.647518786754151e-05,7.018616726001126e-05,2.5638211111112872e-05,0.0001122995662386,0.0,Italy,ITA,lombardy,,,Windows-11-10.0.26200-SP0,3.13.13,3.2.6,32,13th Gen Intel(R) Core(TM) i9-13900HX,1,1 x NVIDIA GeForce RTX 4070 Laptop GPU,9.1922,45.4722,31.70067596435547,machine,0.0,34.666666666666664,33.13333333333333,10.506011962890623,N,1.0,0.0
2026-05-04T17:52:45,Q187_qwen2.5:7b_MMLU,c69fc711-cd9e-406c-af52-bb7a9fd15b48,5b0fa12a-3dd7-45bb-9766-cc326314d9f1,8.15966539999863,6.137971276614254e-05,7.522332075792329e-06,12.836850126628573,51.07092077239224,20.0,2.730716268843878e-05,0.000115744259262,4.25438972222158e-05,0.0001855953191726,0.0,Italy,ITA,lombardy,,,Windows-11-10.0.26200-SP0,3.13.13,3.2.6,32,13th Gen Intel(R) Core(TM) i9-13900HX,1,1 x NVIDIA GeForce RTX 4070 Laptop GPU,9.1922,45.4722,31.70067596435547,machine,0.0,57.333333333333336,33.800000000000004,10.713146845499674,N,1.0,0.0
2026-05-04T17:53:04,Q187_mistral:latest _MMLU,a91672ca-3312-4425-8242-2624952d93b4,5b0fa12a-3dd7-45bb-9766-cc326314d9f1,4.538592900000367,2.805717063945444e-05,6.181909516372831e-06,12.8361062432,38.15804138057843,20.0,1.4378976262720804e-05,4.8055316221984334e-05,2.240285166666985e-05,8.483714415137499e-05,0.0,Italy,ITA,lombardy,,,Windows-11-10.0.26200-SP0,3.13.13,3.2.6,32,13th Gen Intel(R) Core(TM) i9-13900HX,1,1 x NVIDIA GeForce RTX 4070 Laptop GPU,9.1922,45.4722,31.70067596435547,machine,0.0,26.5,33.36666666666667,10.576471964518229,N,1.0,0.0
2026-05-04T17:53:28,Q188_phi3:mini_HumanEval,8475668b-4dfa-447f-88f7-d22626721344,5b0fa12a-3dd7-45bb-9766-cc326314d9f1,8.990995500000281,7.528423629127121e-05,8.373292622743373e-06,12.858961160000002,60.23696010945269,20.0,3.028384295741668e-05,0.00015025428687,4.710063277778116e-05,0.0002276387626052,0.0,Italy,ITA,lombardy,,,Windows-11-10.0.26200-SP0,3.13.13,3.2.6,32,13th Gen Intel(R) Core(TM) i9-13900HX,1,1 x NVIDIA GeForce RTX 4070 Laptop GPU,9.1922,45.4722,31.70067596435547,machine,0.0,70.14285714285714,33.31428571428571,10.562723432268417,N,1.0,0.0
2026-05-04T17:53:53,Q188_qwen2.5:7b_HumanEval,7cc3caf6-a0cb-4c84-91f2-01055c030710,5b0fa12a-3dd7-45bb-9766-cc326314d9f1,9.241028799999183,6.924133236200764e-05,7.4928164234282815e-06,12.835071228800002,50.51506431113391,20.0,3.115802494966191e-05,0.000129658714838,4.854994833333169e-05,0.000209366688121,0.0,Italy,ITA,lombardy,,,Windows-11-10.0.26200-SP0,3.13.13,3.2.6,32,13th Gen Intel(R) Core(TM) i9-13900HX,1,1 x NVIDIA GeForce RTX 4070 Laptop GPU,9.1922,45.4722,31.70067596435547,machine,0.0,63.57142857142857,34.214285714285715,10.843333108084542,N,1.0,0.0
2026-05-04T17:54:15,Q188_mistral:latest _HumanEval,45a36ca9-1aa7-4b5b-b5cf-21a2ff244b84,5b0fa12a-3dd7-45bb-9766-cc326314d9f1,7.37101480000274,5.81603664303777e-05,7.890415093231948e-06,12.8466266048,55.28346150945958,20.0,2.451456950900368e-05,0.00011318203499,3.816429944444179e-05,0.0001758609039434,0.0,Italy,ITA,lombardy,,,Windows-11-10.0.26200-SP0,3.13.13,3.2.6,32,13th Gen Intel(R) Core(TM) i9-13900HX,1,1 x NVIDIA GeForce RTX 4070 Laptop GPU,9.1922,45.4722,31.70067596435547,machine,0.0,69.2,33.660000000000004,10.667069244384766,N,1.0,0.0
2026-05-04T17:54:35,Q189_phi3:mini_MMLU,7850ccbb-1212-4621-bc33-d7acebea0f12,5b0fa12a-3dd7-45bb-9766-cc326314d9f1,5.024904000001698,3.516415241729115e-05,6.997974969726639e-06,12.8619366752,46.67476806632203,20.0,1.614298277982985e-05,6.508282984399316e-05,2.510088388888916e-05,0.0001063266965127,0.0,Italy,ITA,lombardy,,,Windows-11-10.0.26200-SP0,3.13.13,3.2.6,32,13th Gen Intel(R) Core(TM) i9-13900HX,1,1 x NVIDIA GeForce RTX 4070 Laptop GPU,9.1922,45.4722,31.70067596435547,machine,0.0,65.0,33.2,10.521933237711588,N,1.0,0.0
2026-05-04T17:54:52,Q189_qwen2.5:7b_MMLU,4b254e45-bc40-4b5c-b5f5-63775cd0bc76,5b0fa12a-3dd7-45bb-9766-cc326314d9f1,11.942037700002402,9.824366854166974e-05,8.226708959531251e-06,12.832989143272728,58.101507305364926,20.0,4.078193017596016e-05,0.000192723209734,6.355661222223717e-05,0.0002970617521322,0.0,Italy,ITA,lombardy,,,Windows-11-10.0.26200-SP0,3.13.13,3.2.6,32,13th Gen Intel(R) Core(TM) i9-13900HX,1,1 x NVIDIA GeForce RTX 4070 Laptop GPU,9.1922,45.4722,31.70067596435547,machine,0.0,66.5,34.02,10.783434677124024,N,1.0,0.0
2026-05-04T17:55:13,Q189_mistral:latest _MMLU,9f6c0f35-dbdb-4c03-a7d3-6d301c80d825,5b0fa12a-3dd7-45bb-9766-cc326314d9f1,6.11223500000051,4.481666295829012e-05,7.332287282522085e-06,12.8349295616,49.73896813525022,20.0,1.9987680361031186e-05,8.438062306001526e-05,3.1144922222220985e-05,0.0001355132256432,0.0,Italy,ITA,lombardy,,,Windows-11-10.0.26200-SP0,3.13.13,3.2.6,32,13th Gen Intel(R) Core(TM) i9-13900HX,1,1 x NVIDIA GeForce RTX 4070 Laptop GPU,9.1922,45.4722,31.70067596435547,machine,0.0,67.75,33.45,10.599398612976074,N,1.0,0.0
2026-05-04T17:55:35,Q190_phi3:mini_GSM8K,8efa7e9c-3de0-4d93-bff5-5fad6bb698eb,5b0fa12a-3dd7-45bb-9766-cc326314d9f1,7.133426199998212,5.743854539052413e-05,8.052027704518557e-06,12.8380288448,57.16912233881607,20.0,2.3638407891024843e-05,0.0001132150905719,3.682481777777866e-05,0.0001736783162407,0.0,Italy,ITA,lombardy,,,Windows-11-10.0.26200-SP0,3.13.13,3.2.6,32,13th Gen Intel(R) Core(TM) i9-13900HX,1,1 x NVIDIA GeForce RTX 4070 Laptop GPU,9.1922,45.4722,31.70067596435547,machine,0.0,79.0,33.160000000000004,10.517463684082031,N,1.0,0.0
2026-05-04T17:56:01,Q190_qwen2.5:7b_GSM8K,7a47a8ba-1fb8-4301-b7c8-1b5e4d698bd9,5b0fa12a-3dd7-45bb-9766-cc326314d9f1,10.434123700000782,8.090688807876945e-05,7.754066407969016e-06,12.8277981696,53.15858877687457,20.0,3.539378618117582e-05,0.000154064289918,5.5182034444442254e-05,0.0002446401105436,0.0,Italy,ITA,lombardy,,,Windows-11-10.0.26200-SP0,3.13.13,3.2.6,32,13th Gen Intel(R) Core(TM) i9-13900HX,1,1 x NVIDIA GeForce RTX 4070 Laptop GPU,9.1922,45.4722,31.70067596435547,machine,0.0,66.25,33.95,10.762524604797363,N,1.0,0.0
2026-05-04T17:56:29,Q190_mistral:latest _GSM8K,1a9e0e2e-b7c0-4260-9134-ad5c6035b389,5b0fa12a-3dd7-45bb-9766-cc326314d9f1,12.74549079999997,0.0001208851043755,9.484538985002625e-06,12.822959849600002,71.71854691827832,20.0,4.361063177025652e-05,0.0002538938142259,6.801876222220422e-05,0.0003655232082184,0.0,Italy,ITA,lombardy,,,Windows-11-10.0.26200-SP0,3.13.13,3.2.6,32,13th Gen Intel(R) Core(TM) i9-13900HX,1,1 x NVIDIA GeForce RTX 4070 Laptop GPU,9.1922,45.4722,31.70067596435547,machine,0.0,72.27272727272727,33.36363636363637,10.57276639071378,N,1.0,0.0
2026-05-04T17:56:53,Q191_phi3:mini_HellaSwag,97a3502f-5669-42a4-bff4-d13b3649fd3f,5b0fa12a-3dd7-45bb-9766-cc326314d9f1,8.710916800002451,7.39412625070134e-05,8.488344476782581e-06,12.835420112,61.46236822955397,20.0,2.926862416913393e-05,0.0001487045634079,4.560479277778439e-05,0.0002235779803549,0.0,Italy,ITA,lombardy,,,Windows-11-10.0.26200-SP0,3.13.13,3.2.6,32,13th Gen Intel(R) Core(TM) i9-13900HX,1,1 x NVIDIA GeForce RTX 4070 Laptop GPU,9.1922,45.4722,31.70067596435547,machine,0.0,76.28571428571429,33.285714285714285,10.55139868600028,N,1.0,0.0
2026-05-04T17:57:18,Q191_qwen2.5:7b_HellaSwag,9556110c-6003-4bc8-9690-49d031a75111,5b0fa12a-3dd7-45bb-9766-cc326314d9f1,10.062505100002454,7.878689568113515e-05,7.829749639691208e-06,12.846165619200002,54.03193013228802,20.0,3.411338032778249e-05,0.000151006509694,5.310994833333906e-05,0.0002382298383551,0.0,Italy,ITA,lombardy,,,Windows-11-10.0.26200-SP0,3.13.13,3.2.6,32,13th Gen Intel(R) Core(TM) i9-13900HX,1,1 x NVIDIA GeForce RTX 4070 Laptop GPU,9.1922,45.4722,31.70067596435547,machine,0.0,65.75,34.125,10.818982601165771,N,1.0,0.0
2026-05-04T17:57:41,Q191_mistral:latest _HellaSwag,d9820ec0-2bcd-4642-8b0b-e621abb276ee,5b0fa12a-3dd7-45bb-9766-cc326314d9f1,8.40210030000162,7.053111496550201e-05,8.394462390015553e-06,12.82800602514286,60.51485689219092,20.0,2.815187415690109e-05,0.000141224279646,4.389048111111657e-05,0.000213266634914,0.0,Italy,ITA,lombardy,,,Windows-11-10.0.26200-SP0,3.13.13,3.2.6,32,13th Gen Intel(R) Core(TM) i9-13900HX,1,1 x NVIDIA GeForce RTX 4070 Laptop GPU,9.1922,45.4722,31.70067596435547,machine,0.0,74.33333333333333,33.4,10.596012115478516,N,1.0,0.0
2026-05-04T17:58:01,Q192_phi3:mini_SQuAD,487cd368-bbac-404e-8eb8-e7fa1e32cc5b,5b0fa12a-3dd7-45bb-9766-cc326314d9f1,4.898896400001831,3.15295388848016e-05,6.436049328332359e-06,12.837645747200002,40.60598813791724,20.0,1.567577642193814e-05,5.524032197001816e-05,2.442052944445297e-05,9.533662783640928e-05,0.0,Italy,ITA,lombardy,,,Windows-11-10.0.26200-SP0,3.13.13,3.2.6,32,13th Gen Intel(R) Core(TM) i9-13900HX,1,1 x NVIDIA GeForce RTX 4070 Laptop GPU,9.1922,45.4722,31.70067596435547,machine,0.0,66.66666666666667,33.73333333333333,10.694547017415363,N,1.0,0.0
2026-05-04T17:58:22,Q192_qwen2.5:7b_SQuAD,84e8996d-12f7-4796-acca-4ea8cee26898,5b0fa12a-3dd7-45bb-9766-cc326314d9f1,5.802127399998426,3.301873340941346e-05,5.690797725231338e-06,13.436160826880002,31.414845050667743,20.0,1.977766521436476e-05,5.062392938801064e-05,2.943794666666185e-05,9.983954126903724e-05,0.0,Italy,ITA,lombardy,,,Windows-11-10.0.26200-SP0,3.13.13,3.2.6,32,13th Gen Intel(R) Core(TM) i9-13900HX,1,1 x NVIDIA GeForce RTX 4070 Laptop GPU,9.1922,45.4722,31.70067596435547,machine,0.0,26.25,34.3,10.876181602478027,N,1.0,0.0
2026-05-04T17:58:32,Q192_mistral:latest _SQuAD,3b04df26-4882-4f6b-bc3f-d7545b08d66e,5b0fa12a-3dd7-45bb-9766-cc326314d9f1,4.306662099999812,2.254289584732777e-05,5.234424090835627e-06,12.9455391104,27.90668978628163,20.0,1.3674286658720885e-05,3.336419335797647e-05,2.1125018333340348e-05,6.81634983500377e-05,0.0,Italy,ITA,campania,,,Windows-11-10.0.26200-SP0,3.13.13,3.2.6,32,13th Gen Intel(R) Core(TM) i9-13900HX,1,1 x NVIDIA GeForce RTX 4070 Laptop GPU,14.4869,40.7021,31.70067596435547,machine,14.3,33.0,33.8,10.719442367553713,N,1.0,0.0
2026-05-04T17:58:52,Q193_phi3:mini_HellaSwag,fcabe433-0cfd-45bc-8ff6-26626f0194ef,5b0fa12a-3dd7-45bb-9766-cc326314d9f1,4.865889699998661,3.10182342136686e-05,6.374627483577595e-06,12.8503080992,39.983894957749605,20.0,1.556599369385708e-05,5.399893208798967e-05,2.422565777776779e-05,9.379058355961454e-05,0.0,Italy,ITA,lombardy,,,Windows-11-10.0.26200-SP0,3.13.13,3.2.6,32,13th Gen Intel(R) Core(TM) i9-13900HX,1,1 x NVIDIA GeForce RTX 4070 Laptop GPU,9.1922,45.4722,31.70067596435547,machine,0.0,67.33333333333333,33.4,10.578296661376951,N,1.0,0.0
2026-05-04T17:59:05,Q193_qwen2.5:7b_HellaSwag,ce19dd6f-1d8d-43f3-9e46-c381855255ec,5b0fa12a-3dd7-45bb-9766-cc326314d9f1,7.6757838999983505,5.6829487912128215e-05,7.403737344942765e-06,12.825506645942855,49.918872272535104,20.0,2.5557972078970828e-05,0.000106424807362,3.985391499999322e-05,0.0001718366944409,0.0,Italy,ITA,lombardy,,,Windows-11-10.0.26200-SP0,3.13.13,3.2.6,32,13th Gen Intel(R) Core(TM) i9-13900HX,1,1 x NVIDIA GeForce RTX 4070 Laptop GPU,9.1922,45.4722,31.70067596435547,machine,0.0,40.5,34.11666666666667,10.810537974039711,N,1.0,0.0
2026-05-04T17:59:29,Q193_mistral:latest _HellaSwag,545babe7-9694-4dba-9ddc-e94434c00a66,5b0fa12a-3dd7-45bb-9766-cc326314d9f1,9.044538999998622,7.682763288340695e-05,8.494366919465841e-06,12.8257287392,61.46922180341411,20.0,3.043393516181061e-05,0.000154414567976,4.745706500000071e-05,0.0002323055681378,0.0,Italy,ITA,lombardy,,,Windows-11-10.0.26200-SP0,3.13.13,3.2.6,32,13th Gen Intel(R) Core(TM) i9-13900HX,1,1 x NVIDIA GeForce RTX 4070 Laptop GPU,9.1922,45.4722,31.70067596435547,machine,0.0,78.28571428571429,33.57142857142857,10.64949471609933,N,1.0,0.0
2026-05-04T17:59:54,Q194_phi3:mini_HumanEval,e0096450-00a3-4a1f-96c7-b29d2f2280f7,5b0fa12a-3dd7-45bb-9766-cc326314d9f1,9.525369099999809,8.233783671119375e-05,8.644057342743329e-06,12.845088200000005,63.03387654220635,20.0,3.217853445023862e-05,0.000166686522238,5.010184777778098e-05,0.000248966904466,0.0,Italy,ITA,lombardy,,,Windows-11-10.0.26200-SP0,3.13.13,3.2.6,32,13th Gen Intel(R) Core(TM) i9-13900HX,1,1 x NVIDIA GeForce RTX 4070 Laptop GPU,9.1922,45.4722,31.70067596435547,machine,0.0,79.42857142857143,33.371428571428574,10.58505358014788,N,1.0,0.0
2026-05-04T18:00:21,Q194_qwen2.5:7b_HumanEval,3eadc8a5-3b4c-41bf-bf57-eabf0fe89001,5b0fa12a-3dd7-45bb-9766-cc326314d9f1,11.918476300001204,9.847319195194798e-05,8.262229959037469e-06,12.834441867636365,58.49147536629713,20.0,4.0699698256723605e-05,0.0001936343215739,6.342174777778887e-05,0.0002977557676085,0.0,Italy,ITA,lombardy,,,Windows-11-10.0.26200-SP0,3.13.13,3.2.6,32,13th Gen Intel(R) Core(TM) i9-13900HX,1,1 x NVIDIA GeForce RTX 4070 Laptop GPU,9.1922,45.4722,31.70067596435547,machine,0.0,72.7,34.230000000000004,10.855580139160155,N,1.0,0.0
2026-05-04T18:00:47,Q194_mistral:latest _HumanEval,0f886a09-4527-47f2-80d4-612d551c3dbf,5b0fa12a-3dd7-45bb-9766-cc326314d9f1,10.994792499997857,9.761548620785778e-05,8.87833819582105e-06,12.82945206656,65.36050006256856,20.0,3.737806298783237e-05,0.000199516548502,5.826769055555714e-05,0.0002951623020454,0.0,Italy,ITA,lombardy,,,Windows-11-10.0.26200-SP0,3.13.13,3.2.6,32,13th Gen Intel(R) Core(TM) i9-13900HX,1,1 x NVIDIA GeForce RTX 4070 Laptop GPU,9.1922,45.4722,31.70067596435547,machine,0.0,82.55555555555556,33.41111111111111,10.586624993218315,N,1.0,0.0
2026-05-04T18:01:06,Q195_phi3:mini_GSM8K,3568c076-d384-48c0-a8e6-c076891568f3,5b0fa12a-3dd7-45bb-9766-cc326314d9f1,4.337383300000511,2.4622182114030063e-05,5.676736504709457e-06,12.842751795200002,32.75972884030986,20.0,1.368235596912898e-05,3.94622537920053e-05,2.130607666666846e-05,7.445068642780274e-05,0.0,Italy,ITA,lombardy,,,Windows-11-10.0.26200-SP0,3.13.13,3.2.6,32,13th Gen Intel(R) Core(TM) i9-13900HX,1,1 x NVIDIA GeForce RTX 4070 Laptop GPU,9.1922,45.4722,31.70067596435547,machine,0.0,23.5,33.3,10.560791015625,N,1.0,0.0
2026-05-04T18:01:30,Q195_qwen2.5:7b_GSM8K,ee919775-9345-4f92-88da-833e907de131,5b0fa12a-3dd7-45bb-9766-cc326314d9f1,8.244244099998468,5.766053319900388e-05,6.9940351716435215e-06,12.842508503771429,45.29700266325592,20.0,2.761864038199781e-05,0.000103720360754,4.301054499998524e-05,0.0001743495461359,0.0,Italy,ITA,lombardy,,,Windows-11-10.0.26200-SP0,3.13.13,3.2.6,32,13th Gen Intel(R) Core(TM) i9-13900HX,1,1 x NVIDIA GeForce RTX 4070 Laptop GPU,9.1922,45.4722,31.70067596435547,machine,0.0,57.333333333333336,34.11666666666667,10.812114079793297,N,1.0,0.0
2026-05-04T18:01:53,Q195_mistral:latest _GSM8K,d9fe74e9-dbea-4ac5-aa23-3f4d4035a0e7,5b0fa12a-3dd7-45bb-9766-cc326314d9f1,8.68427729999894,7.211728360366558e-05,8.304350622667748e-06,12.920674433600002,59.417153217052274,20.0,2.935607559008728e-05,0.0001432670590579,4.543963666666161e-05,0.0002180627713147,0.0,Italy,ITA,lombardy,,,Windows-11-10.0.26200-SP0,3.13.13,3.2.6,32,13th Gen Intel(R) Core(TM) i9-13900HX,1,1 x NVIDIA GeForce RTX 4070 Laptop GPU,9.1922,45.4722,31.70067596435547,machine,0.0,77.28571428571429,33.857142857142854,10.72762952532087,N,1.0,0.0
2026-05-04T18:02:13,Q196_phi3:mini_SQuAD,c951b152-cbfd-448a-a518-f981741fffaa,5b0fa12a-3dd7-45bb-9766-cc326314d9f1,4.281058600001416,2.3685144909709165e-05,5.532543962304402e-06,12.856111923200004,31.225518178133253,20.0,1.3496314156693506e-05,3.712641859002219e-05,2.099461166667929e-05,7.1617344413395e-05,0.0,Italy,ITA,lombardy,,,Windows-11-10.0.26200-SP0,3.13.13,3.2.6,32,13th Gen Intel(R) Core(TM) i9-13900HX,1,1 x NVIDIA GeForce RTX 4070 Laptop GPU,9.1922,45.4722,31.70067596435547,machine,0.0,51.0,33.7,10.676746368408203,N,1.0,0.0
2026-05-04T18:02:23,Q196_qwen2.5:7b_SQuAD,dd111854-4acc-4c99-9b46-03577987b0af,5b0fa12a-3dd7-45bb-9766-cc326314d9f1,5.540677299999516,2.945123171073689e-05,5.315456958798064e-06,12.844853465600002,28.08164813558419,20.0,1.7950963520937802e-05,4.315197896598289e-05,2.794945777776674e-05,8.905240026468743e-05,0.0,Italy,ITA,lombardy,,,Windows-11-10.0.26200-SP0,3.13.13,3.2.6,32,13th Gen Intel(R) Core(TM) i9-13900HX,1,1 x NVIDIA GeForce RTX 4070 Laptop GPU,9.1922,45.4722,31.70067596435547,machine,0.0,15.666666666666666,34.15,10.835522651672363,N,1.0,0.0
2026-05-04T18:02:33,Q196_mistral:latest _SQuAD,4b949ca2-c826-43dd-9dc4-ce282a89f720,5b0fa12a-3dd7-45bb-9766-cc326314d9f1,4.229033399999025,2.5463926935975228e-05,6.021216795303886e-06,12.854909657600002,36.596562777479576,20.0,1.3308482289953515e-05,4.298308994202249e-05,2.070431833332502e-05,7.699589056530103e-05,0.0,Italy,ITA,lombardy,,,Windows-11-10.0.26200-SP0,3.13.13,3.2.6,32,13th Gen Intel(R) Core(TM) i9-13900HX,1,1 x NVIDIA GeForce RTX 4070 Laptop GPU,9.1922,45.4722,31.70067596435547,machine,0.0,4.0,33.55,10.635625839233398,N,1.0,0.0
2026-05-04T18:02:52,Q197_phi3:mini_MMLU,0994cef5-bc58-48a1-91c8-608902e0cc92,5b0fa12a-3dd7-45bb-9766-cc326314d9f1,4.708153899999161,3.230228256535178e-05,6.860923251756392e-06,12.85366664,45.33919659161212,20.0,1.5018570794130353e-05,5.9286991873991335e-05,2.3367628888889968e-05,9.767319155701164e-05,0.0,Italy,ITA,lombardy,,,Windows-11-10.0.26200-SP0,3.13.13,3.2.6,32,13th Gen Intel(R) Core(TM) i9-13900HX,1,1 x NVIDIA GeForce RTX 4070 Laptop GPU,9.1922,45.4722,31.70067596435547,machine,0.0,34.333333333333336,33.333333333333336,10.56146494547526,N,1.0,0.0
2026-05-04T18:03:04,Q197_qwen2.5:7b_MMLU,d5ad8035-d6c6-4822-aab2-d4d7d6e27577,5b0fa12a-3dd7-45bb-9766-cc326314d9f1,6.753318200000649,4.398882764517687e-05,6.513661335426583e-06,12.844578444800002,40.50964349887761,20.0,2.2303757018511374e-05,7.597839411599416e-05,3.4727928888888626e-05,0.0001330100800233,0.0,Italy,ITA,lombardy,,,Windows-11-10.0.26200-SP0,3.13.13,3.2.6,32,13th Gen Intel(R) Core(TM) i9-13900HX,1,1 x NVIDIA GeForce RTX 4070 Laptop GPU,9.1922,45.4722,31.70067596435547,machine,0.0,29.0,34.06,10.793421936035156,N,1.0,0.0
2026-05-04T18:03:24,Q197_mistral:latest _MMLU,3c22c4a6-5b4c-4aea-94b7-96f232c43701,5b0fa12a-3dd7-45bb-9766-cc326314d9f1,4.850264700002299,3.067827055877444e-05,6.325071404610124e-06,12.845067939200002,39.41343487990492,20.0,1.5514344775261794e-05,5.309309803000484e-05,2.4155184444458023e-05,9.276262724972466e-05,0.0,Italy,ITA,lombardy,,,Windows-11-10.0.26200-SP0,3.13.13,3.2.6,32,13th Gen Intel(R) Core(TM) i9-13900HX,1,1 x NVIDIA GeForce RTX 4070 Laptop GPU,9.1922,45.4722,31.70067596435547,machine,0.0,63.0,33.5,10.620773315429688,N,1.0,0.0
2026-05-04T18:03:44,Q198_phi3:mini_MMLU,89b557e4-a2fa-4b08-a72c-56cabc1526d0,5b0fa12a-3dd7-45bb-9766-cc326314d9f1,5.129846299998462,3.352035410297425e-05,6.534377862936029e-06,12.841085504,41.51917305306544,20.0,1.6504180995547963e-05,5.914754731797811e-05,2.570457555555348e-05,0.000101356303869,0.0,Italy,ITA,lombardy,,,Windows-11-10.0.26200-SP0,3.13.13,3.2.6,32,13th Gen Intel(R) Core(TM) i9-13900HX,1,1 x NVIDIA GeForce RTX 4070 Laptop GPU,9.1922,45.4722,31.70067596435547,machine,0.0,52.66666666666666,33.36666666666667,10.570780436197916,N,1.0,0.0
2026-05-04T18:03:57,Q198_qwen2.5:7b_MMLU,642f1e88-918b-49dc-b50a-710940a332c1,5b0fa12a-3dd7-45bb-9766-cc326314d9f1,8.008300199999212,5.549154718318132e-05,6.929254123513849e-06,12.842248118857146,44.64832133786543,20.0,2.677781853421064e-05,9.931202389396045e-05,4.170128833332759e-05,0.0001677911307614,0.0,Italy,ITA,lombardy,,,Windows-11-10.0.26200-SP0,3.13.13,3.2.6,32,13th Gen Intel(R) Core(TM) i9-13900HX,1,1 x NVIDIA GeForce RTX 4070 Laptop GPU,9.1922,45.4722,31.70067596435547,machine,0.0,56.0,34.016666666666666,10.778265635172524,N,1.0,0.0
2026-05-04T18:04:19,Q198_mistral:latest _MMLU,590285b6-4813-4f9a-9d2a-cab8bf5e50d7,5b0fa12a-3dd7-45bb-9766-cc326314d9f1,6.145421199998964,4.661772451302021e-05,7.585765563640791e-06,12.84612396032,52.42929258885607,20.0,2.013269846788694e-05,8.948312714199269e-05,3.134331333332941e-05,0.0001409591389432,0.0,Italy,ITA,lombardy,,,Windows-11-10.0.26200-SP0,3.13.13,3.2.6,32,13th Gen Intel(R) Core(TM) i9-13900HX,1,1 x NVIDIA GeForce RTX 4070 Laptop GPU,9.1922,45.4722,31.70067596435547,machine,0.0,50.5,33.45,10.603660583496094,N,1.0,0.0
2026-05-04T18:04:41,Q199_phi3:mini_GSM8K,5e8d85ff-cdca-44e0-9b93-9cb0d4e64677,5b0fa12a-3dd7-45bb-9766-cc326314d9f1,7.023614499998075,5.8531757398027135e-05,8.333566342236349e-06,12.935771072,60.13962342689143,20.0,2.343389058846531e-05,0.000117319816078,3.623018111110368e-05,0.0001769838877775,0.0,Italy,ITA,lombardy,,,Windows-11-10.0.26200-SP0,3.13.13,3.2.6,32,13th Gen Intel(R) Core(TM) i9-13900HX,1,1 x NVIDIA GeForce RTX 4070 Laptop GPU,9.1922,45.4722,31.70067596435547,machine,10.0,63.6,33.7,10.686476135253908,N,1.0,0.0
2026-05-04T18:05:08,Q199_qwen2.5:7b_GSM8K,cf070ab8-7ed7-4894-a05b-58de0dbe61d0,5b0fa12a-3dd7-45bb-9766-cc326314d9f1,11.948558899999624,0.0001017408822695,8.514908209517762e-06,12.829311393745456,61.2464620020359,20.0,4.0789923539601096e-05,0.0002032593292739,6.358710888887597e-05,0.0003076363617024,0.0,Italy,ITA,lombardy,,,Windows-11-10.0.26200-SP0,3.13.13,3.2.6,32,13th Gen Intel(R) Core(TM) i9-13900HX,1,1 x NVIDIA GeForce RTX 4070 Laptop GPU,9.1922,45.4722,31.70067596435547,machine,0.0,73.0,34.43,10.90371780395508,N,1.0,0.0
2026-05-04T18:05:34,Q199_mistral:latest _GSM8K,51bf2943-b7c3-45cb-be54-5858f8a4ee06,5b0fa12a-3dd7-45bb-9766-cc326314d9f1,10.89103619999878,9.814074469683934e-05,9.01114851650666e-06,12.82833961472,66.78343708576202,20.0,3.702025942809656e-05,0.0002020154393899,5.771483999999166e-05,0.000296750538818,0.0,Italy,ITA,lombardy,,,Windows-11-10.0.26200-SP0,3.13.13,3.2.6,32,13th Gen Intel(R) Core(TM) i9-13900HX,1,1 x NVIDIA GeForce RTX 4070 Laptop GPU,9.1922,45.4722,31.70067596435547,machine,0.0,82.33333333333333,33.43333333333333,10.607024298773872,N,1.0,0.0
2026-05-04T18:05:58,Q200_phi3:mini_HumanEval,79376cdc-74dd-4536-9d36-ffd9208b397f,5b0fa12a-3dd7-45bb-9766-cc326314d9f1,9.284687999999733,7.86644049156471e-05,8.472487704018634e-06,12.824347592,61.1828124457022,20.0,3.12866260677581e-05,0.000157781515114,4.879131888889485e-05,0.0002378594600706,0.0,Italy,ITA,lombardy,,,Windows-11-10.0.26200-SP0,3.13.13,3.2.6,32,13th Gen Intel(R) Core(TM) i9-13900HX,1,1 x NVIDIA GeForce RTX 4070 Laptop GPU,9.1922,45.4722,31.70067596435547,machine,0.0,70.14285714285714,33.371428571428574,10.577375139508929,N,1.0,0.0
2026-05-04T18:06:28,Q200_qwen2.5:7b_HumanEval,979bb313-9be4-4b75-96ff-e2223c37352c,5b0fa12a-3dd7-45bb-9766-cc326314d9f1,15.21457129999908,0.0001318705896555,8.667387799194926e-06,12.82808234514286,62.608539147632,20.0,5.242544524747604e-05,0.000264580211664,8.173462833332855e-05,0.0003987402852448,0.0,Italy,ITA,lombardy,,,Windows-11-10.0.26200-SP0,3.13.13,3.2.6,32,13th Gen Intel(R) Core(TM) i9-13900HX,1,1 x NVIDIA GeForce RTX 4070 Laptop GPU,9.1922,45.4722,31.70067596435547,machine,0.0,74.46153846153847,34.26153846153846,10.852573981651894,N,1.0,0.0
2026-05-04T18:06:52,Q200_mistral:latest _HumanEval,15556512-af9f-4d25-877f-60d2b4f33bbc,5b0fa12a-3dd7-45bb-9766-cc326314d9f1,8.98155780000161,7.480495725938731e-05,8.328728593092604e-06,12.827065851200002,59.69110747822869,20.0,3.020832869938264e-05,0.0001488817857719,4.709944055555551e-05,0.0002261895550269,0.0,Italy,ITA,lombardy,,,Windows-11-10.0.26200-SP0,3.13.13,3.2.6,32,13th Gen Intel(R) Core(TM) i9-13900HX,1,1 x NVIDIA GeForce RTX 4070 Laptop GPU,9.1922,45.4722,31.70067596435547,machine,0.0,70.57142857142857,33.42857142857143,10.594953264508929,N,1.0,0.0
2026-05-04T18:07:12,Q201_phi3:mini_SQuAD,f9ba8835-4371-4f28-9305-c478c5825b33,5b0fa12a-3dd7-45bb-9766-cc326314d9f1,4.927695899998071,3.292128423970575e-05,6.680867672803965e-06,12.8490470624,43.23291276333129,20.0,1.5794040083069972e-05,5.916838066802321e-05,2.458246111111496e-05,9.954488186220814e-05,0.0,Italy,ITA,lombardy,,,Windows-11-10.0.26200-SP0,3.13.13,3.2.6,32,13th Gen Intel(R) Core(TM) i9-13900HX,1,1 x NVIDIA GeForce RTX 4070 Laptop GPU,9.1922,45.4722,31.70067596435547,machine,0.0,68.33333333333333,33.4,10.5816650390625,N,1.0,0.0
2026-05-04T18:07:34,Q201_qwen2.5:7b_SQuAD,5962717c-657f-4c81-ab3a-44dada6db573,5b0fa12a-3dd7-45bb-9766-cc326314d9f1,6.399203799999668,3.7878794885426285e-05,5.919298098527234e-06,12.86057280512,34.15904037519027,20.0,2.106624735112932e-05,6.070921523398942e-05,3.275956388887506e-05,0.0001145350264739,0.0,Italy,ITA,lombardy,,,Windows-11-10.0.26200-SP0,3.13.13,3.2.6,32,13th Gen Intel(R) Core(TM) i9-13900HX,1,1 x NVIDIA GeForce RTX 4070 Laptop GPU,9.1922,45.4722,31.70067596435547,machine,0.0,40.75,33.875,10.737650871276855,N,1.0,0.0
2026-05-04T18:07:54,Q201_mistral:latest _SQuAD,857e6b00-9026-47ea-8f51-7b7089840071,5b0fa12a-3dd7-45bb-9766-cc326314d9f1,5.195976899998641,3.542546008575882e-05,6.817863275290559e-06,12.8475719264,44.55057761320063,20.0,1.6750861273738296e-05,6.429116254400014e-05,2.6074794999981856e-05,0.0001071168188177,0.0,Italy,ITA,lombardy,,,Windows-11-10.0.26200-SP0,3.13.13,3.2.6,32,13th Gen Intel(R) Core(TM) i9-13900HX,1,1 x NVIDIA GeForce RTX 4070 Laptop GPU,9.1922,45.4722,31.70067596435547,machine,0.0,51.333333333333336,33.5,10.616834004720053,N,1.0,0.0
2026-05-04T18:08:04,Q202_phi3:mini_SQuAD,02c5fb8a-fa63-42a7-bf02-aac9ade033ff,5b0fa12a-3dd7-45bb-9766-cc326314d9f1,4.866725399999268,2.943588423555548e-05,6.048396368441069e-06,12.8542860992,36.39387604428753,20.0,1.558068660797307e-05,4.918476156998142e-05,2.4240545555544992e-05,8.900599373349948e-05,0.0,Italy,ITA,lombardy,,,Windows-11-10.0.26200-SP0,3.13.13,3.2.6,32,13th Gen Intel(R) Core(TM) i9-13900HX,1,1 x NVIDIA GeForce RTX 4070 Laptop GPU,9.1922,45.4722,31.70067596435547,machine,0.0,43.0,33.5,10.62072245279948,N,1.0,0.0
2026-05-04T18:08:15,Q202_qwen2.5:7b_SQuAD,40679c8e-52df-4aeb-b325-b5253a9b1f18,5b0fa12a-3dd7-45bb-9766-cc326314d9f1,5.738317300001654,3.1958573364003914e-05,5.569328375061222e-06,12.84279850496,30.655300903611067,20.0,1.868258843875992e-05,4.885865019801927e-05,2.909267111111452e-05,9.663390974789373e-05,0.0,Italy,ITA,lombardy,,,Windows-11-10.0.26200-SP0,3.13.13,3.2.6,32,13th Gen Intel(R) Core(TM) i9-13900HX,1,1 x NVIDIA GeForce RTX 4070 Laptop GPU,9.1922,45.4722,31.70067596435547,machine,25.0,37.0,33.975,10.766339302062988,N,1.0,0.0
2026-05-04T18:08:34,Q202_mistral:latest _SQuAD,5fb69007-a7e1-4e33-b895-0384cea80bcb,5b0fa12a-3dd7-45bb-9766-cc326314d9f1,4.36710519999906,2.7589831603328337e-05,6.317647581133214e-06,12.847496115200002,39.70870519852656,20.0,1.3792934075569413e-05,4.816087186201856e-05,2.1470233888875457e-05,8.342403982646344e-05,0.0,Italy,ITA,lombardy,,,Windows-11-10.0.26200-SP0,3.13.13,3.2.6,32,13th Gen Intel(R) Core(TM) i9-13900HX,1,1 x NVIDIA GeForce RTX 4070 Laptop GPU,9.1922,45.4722,31.70067596435547,machine,0.0,26.5,33.400000000000006,10.59872055053711,N,1.0,0.0
2026-05-04T18:08:48,Q203_phi3:mini_HellaSwag,5dcf2d2d-790b-4027-8691-58016401fd5c,5b0fa12a-3dd7-45bb-9766-cc326314d9f1,9.165942300001916,7.692067603817194e-05,8.392009628748792e-06,12.837553544,60.31936498044275,20.0,3.089510990068155e-05,0.000153560122848,4.8131672222229504e-05,0.0002325869049709,0.0,Italy,ITA,lombardy,,,Windows-11-10.0.26200-SP0,3.13.13,3.2.6,32,13th Gen Intel(R) Core(TM) i9-13900HX,1,1 x NVIDIA GeForce RTX 4070 Laptop GPU,9.1922,45.4722,31.70067596435547,machine,19.057142857142857,69.71428571428571,33.7,10.687673841203962,N,1.0,0.0
2026-05-04T18:09:14,Q203_qwen2.5:7b_HellaSwag,e74f2601-6b59-4de4-93a2-2c162565b3ec,5b0fa12a-3dd7-45bb-9766-cc326314d9f1,10.603269200000796,8.61591289417091e-05,8.125713618749077e-06,12.835810426880002,57.20565623170265,20.0,3.600289440124051e-05,0.0001684223569599,5.609618666666292e-05,0.0002605214380278,0.0,Italy,ITA,lombardy,,,Windows-11-10.0.26200-SP0,3.13.13,3.2.6,32,13th Gen Intel(R) Core(TM) i9-13900HX,1,1 x NVIDIA GeForce RTX 4070 Laptop GPU,9.1922,45.4722,31.70067596435547,machine,0.0,59.55555555555556,34.400000000000006,10.902769724527994,N,1.0,0.0
2026-05-04T18:09:39,Q203_mistral:latest _HellaSwag,753260f8-f3df-463e-89b6-64c71418dc28,5b0fa12a-3dd7-45bb-9766-cc326314d9f1,9.951230999999098,8.53691663572725e-05,8.578754362880355e-06,12.828673612800005,62.219430573086456,20.0,3.3672124852211725e-05,0.0001719665264619,5.249415777776044e-05,0.0002581328090919,0.0,Italy,ITA,lombardy,,,Windows-11-10.0.26200-SP0,3.13.13,3.2.6,32,13th Gen Intel(R) Core(TM) i9-13900HX,1,1 x NVIDIA GeForce RTX 4070 Laptop GPU,9.1922,45.4722,31.70067596435547,machine,0.0,81.0,33.4375,10.60344934463501,N,1.0,0.0
2026-05-04T18:09:59,Q204_phi3:mini_HumanEval,db3d8e30-c256-42d6-8b79-08ae76f06771,5b0fa12a-3dd7-45bb-9766-cc326314d9f1,4.89891930000158,3.436063193874469e-05,7.013920792435509e-06,12.8501324192,46.87159203138022,20.0,1.569557900372022e-05,6.377393990800173e-05,2.4427553333346927e-05,0.000103897072245,0.0,Italy,ITA,lombardy,,,Windows-11-10.0.26200-SP0,3.13.13,3.2.6,32,13th Gen Intel(R) Core(TM) i9-13900HX,1,1 x NVIDIA GeForce RTX 4070 Laptop GPU,9.1922,45.4722,31.70067596435547,machine,0.0,34.666666666666664,33.333333333333336,10.57117716471354,N,1.0,0.0
2026-05-04T18:10:28,Q204_qwen2.5:7b_HumanEval,2187099a-72d9-46ff-b712-9a535f55dac7,5b0fa12a-3dd7-45bb-9766-cc326314d9f1,14.166553300001397,0.0001243190994033,8.775536065171187e-06,12.825205795446154,63.86931194952621,20.0,4.8679451937567176e-05,0.0002513160343859,7.591117555556492e-05,0.000375906661879,0.0,Italy,ITA,lombardy,,,Windows-11-10.0.26200-SP0,3.13.13,3.2.6,32,13th Gen Intel(R) Core(TM) i9-13900HX,1,1 x NVIDIA GeForce RTX 4070 Laptop GPU,9.1922,45.4722,31.70067596435547,machine,0.0,77.41666666666667,34.15,10.828822453816732,N,1.0,0.0
2026-05-04T18:10:53,Q204_mistral:latest _HumanEval,b82a3bf6-ddce-42ac-a69e-ed96596155b5,5b0fa12a-3dd7-45bb-9766-cc326314d9f1,9.503449800002272,8.610735261348083e-05,9.060641601269914e-06,12.8389334096,67.53075363573127,20.0,3.2102004755945155e-05,0.0001782565314939,5.00063444444499e-05,0.0002603648806943,0.0,Italy,ITA,lombardy,,,Windows-11-10.0.26200-SP0,3.13.13,3.2.6,32,13th Gen Intel(R) Core(TM) i9-13900HX,1,1 x NVIDIA GeForce RTX 4070 Laptop GPU,9.1922,45.4722,31.70067596435547,machine,0.0,77.85714285714286,33.4,10.586909702845984,N,1.0,0.0
2026-05-04T18:11:13,Q205_phi3:mini_SQuAD,3201da0b-c296-4f10-865e-28a2adfa178c,5b0fa12a-3dd7-45bb-9766-cc326314d9f1,4.940950199998042,3.473676790027172e-05,7.030382111579567e-06,12.8377086752,47.035259988860666,20.0,1.5829015328338283e-05,6.454588497004088e-05,2.4659503333330377e-05,0.0001050344036317,0.0,Italy,ITA,lombardy,,,Windows-11-10.0.26200-SP0,3.13.13,3.2.6,32,13th Gen Intel(R) Core(TM) i9-13900HX,1,1 x NVIDIA GeForce RTX 4070 Laptop GPU,9.1922,45.4722,31.70067596435547,machine,0.0,66.66666666666667,33.4,10.584983825683594,N,1.0,0.0
2026-05-04T18:11:34,Q205_qwen2.5:7b_SQuAD,ca4c2853-cf3a-4385-b662-82c0c50fbb6c,5b0fa12a-3dd7-45bb-9766-cc326314d9f1,6.595425800001976,4.380127692955406e-05,6.641159836797942e-06,12.846165958400002,41.96900936666769,20.0,2.1737225794494462e-05,7.686450593599736e-05,3.384124666667453e-05,0.0001324429783971,0.0,Italy,ITA,lombardy,,,Windows-11-10.0.26200-SP0,3.13.13,3.2.6,32,13th Gen Intel(R) Core(TM) i9-13900HX,1,1 x NVIDIA GeForce RTX 4070 Laptop GPU,9.1922,45.4722,31.70067596435547,machine,0.0,31.0,33.84,10.71957778930664,N,1.0,0.0
2026-05-04T18:11:55,Q205_mistral:latest _SQuAD,3b8b41c7-15c1-499b-8991-ab0b469d42e6,5b0fa12a-3dd7-45bb-9766-cc326314d9f1,5.5769607000002,4.00981333362017e-05,7.189961610487996e-06,12.84134410496,48.39707964585655,20.0,1.809891319864907e-05,7.495922663400267e-05,2.8187553888892583e-05,0.0001212456937215,0.0,Italy,ITA,lombardy,,,Windows-11-10.0.26200-SP0,3.13.13,3.2.6,32,13th Gen Intel(R) Core(TM) i9-13900HX,1,1 x NVIDIA GeForce RTX 4070 Laptop GPU,9.1922,45.4722,31.70067596435547,machine,0.0,70.25,33.275,10.550769805908203,N,1.0,0.0
2026-05-04T18:12:06,Q206_phi3:mini_HumanEval,3ef4c67f-4e38-4879-9808-7fcc059794a5,5b0fa12a-3dd7-45bb-9766-cc326314d9f1,6.509318500000518,5.176911816115692e-05,7.95307806203565e-06,12.84528364544,56.2659748115077,20.0,2.1435871445193653e-05,0.00010172508138,3.337457944445406e-05,0.0001565355322696,0.0,Italy,ITA,lombardy,,,Windows-11-10.0.26200-SP0,3.13.13,3.2.6,32,13th Gen Intel(R) Core(TM) i9-13900HX,1,1 x NVIDIA GeForce RTX 4070 Laptop GPU,9.1922,45.4722,31.70067596435547,machine,0.0,50.25,33.275,10.54991626739502,N,1.0,0.0
2026-05-04T18:12:36,Q206_qwen2.5:7b_HumanEval,94ceb518-dfa0-406c-b975-a25264a8aa4d,5b0fa12a-3dd7-45bb-9766-cc326314d9f1,14.151362600001448,0.0001246715973884,8.809865234351593e-06,12.820618398523075,64.24786940185042,20.0,4.8608568739681394e-05,0.0002525357575839,7.582819222223205e-05,0.0003769725185458,0.0,Italy,ITA,lombardy,,,Windows-11-10.0.26200-SP0,3.13.13,3.2.6,32,13th Gen Intel(R) Core(TM) i9-13900HX,1,1 x NVIDIA GeForce RTX 4070 Laptop GPU,9.1922,45.4722,31.70067596435547,machine,0.0,76.66666666666667,34.13333333333333,10.81106440226237,N,1.0,0.0
2026-05-04T18:13:02,Q206_mistral:latest _HumanEval,63de1621-b94b-46eb-b6c7-ab40a0667445,5b0fa12a-3dd7-45bb-9766-cc326314d9f1,11.236155300000974,0.0001025389232912,9.12580153562544e-06,12.82627042688,67.98850897223849,20.0,3.824191897299494e-05,0.000212178225298,5.962927333334341e-05,0.0003100494176043,0.0,Italy,ITA,lombardy,,,Windows-11-10.0.26200-SP0,3.13.13,3.2.6,32,13th Gen Intel(R) Core(TM) i9-13900HX,1,1 x NVIDIA GeForce RTX 4070 Laptop GPU,9.1922,45.4722,31.70067596435547,machine,0.0,81.44444444444444,33.8111111111111,10.712123446994358,N,1.0,0.0
2026-05-04T18:13:23,Q207_phi3:mini_GSM8K,c891dd53-e3f7-45ef-bb4c-fcef61e8874d,5b0fa12a-3dd7-45bb-9766-cc326314d9f1,5.349812099997507,3.700414484377683e-05,6.916905519689948e-06,12.8332095104,45.556785691095314,20.0,1.7279044660458994e-05,6.768338748000535e-05,2.6927893888892463e-05,0.0001118903260293,0.0,Italy,ITA,lombardy,,,Windows-11-10.0.26200-SP0,3.13.13,3.2.6,32,13th Gen Intel(R) Core(TM) i9-13900HX,1,1 x NVIDIA GeForce RTX 4070 Laptop GPU,9.1922,45.4722,31.70067596435547,machine,0.0,48.66666666666666,33.56666666666667,10.635030110677084,N,1.0,0.0
2026-05-04T18:13:47,Q207_qwen2.5:7b_GSM8K,92884aa4-8171-4195-9ed6-45aae72b55ce,5b0fa12a-3dd7-45bb-9766-cc326314d9f1,9.721745499999088,7.498534404546355e-05,7.713156453794289e-06,12.8617562496,52.80013811625254,20.0,3.294049973688452e-05,0.0001425731696139,5.122132555554547e-05,0.0002267349949064,0.0,Italy,ITA,lombardy,,,Windows-11-10.0.26200-SP0,3.13.13,3.2.6,32,13th Gen Intel(R) Core(TM) i9-13900HX,1,1 x NVIDIA GeForce RTX 4070 Laptop GPU,9.1922,45.4722,31.70067596435547,machine,0.0,53.0,34.3875,10.903041362762451,N,1.0,0.0
2026-05-04T18:14:11,Q207_mistral:latest _GSM8K,00d930b2-53e7-477e-b955-3d6465f44b5f,5b0fa12a-3dd7-45bb-9766-cc326314d9f1,8.872451300001558,7.46040449229167e-05,8.408504301725906e-06,12.873990166400002,60.5892035313257,20.0,2.991062162495659e-05,0.0001492059526979,4.64654772222275e-05,0.0002255820515451,0.0,Italy,ITA,lombardy,,,Windows-11-10.0.26200-SP0,3.13.13,3.2.6,32,13th Gen Intel(R) Core(TM) i9-13900HX,1,1 x NVIDIA GeForce RTX 4070 Laptop GPU,9.1922,45.4722,31.70067596435547,machine,0.0,79.85714285714286,34.885714285714286,11.065451485770089,N,1.0,0.0
2026-05-04T18:14:32,Q208_phi3:mini_MMLU,0ea82509-24fb-4a8c-91d3-ea4974693e79,5b0fa12a-3dd7-45bb-9766-cc326314d9f1,5.57375939999838,4.098018015990602e-05,7.352341071614596e-06,12.83546355968,50.17145685620922,20.0,1.8081227311733044e-05,7.765922879401921e-05,2.817230388888372e-05,0.0001239127599946,0.0,Italy,ITA,lombardy,,,Windows-11-10.0.26200-SP0,3.13.13,3.2.6,32,13th Gen Intel(R) Core(TM) i9-13900HX,1,1 x NVIDIA GeForce RTX 4070 Laptop GPU,9.1922,45.4722,31.70067596435547,machine,0.0,59.75,35.075,11.124409675598145,N,1.0,0.0
2026-05-04T18:14:53,Q208_qwen2.5:7b_MMLU,ba4c0c69-cd46-4003-b14b-3c9b7668d25f,5b0fa12a-3dd7-45bb-9766-cc326314d9f1,6.062290199999552,3.669524554722787e-05,6.05303348019047e-06,12.844926225920002,35.769738518978606,20.0,1.9839347143448465e-05,6.022727040400078e-05,3.0889682222227246e-05,0.0001109562997696,0.0,Italy,ITA,lombardy,,,Windows-11-10.0.26200-SP0,3.13.13,3.2.6,32,13th Gen Intel(R) Core(TM) i9-13900HX,1,1 x NVIDIA GeForce RTX 4070 Laptop GPU,9.1922,45.4722,31.70067596435547,machine,20.0,37.25,33.849999999999994,10.735773086547852,N,1.0,0.0
2026-05-04T18:15:05,Q208_mistral:latest _MMLU,fd64ba62-c2fe-4e96-90a4-456fe331e4fc,5b0fa12a-3dd7-45bb-9766-cc326314d9f1,7.118159300000116,5.564750234686452e-05,7.817681510283652e-06,12.8490665984,54.61758022330832,20.0,2.360154314772371e-05,0.000107925364118,3.673578888887682e-05,0.0001682626961546,0.0,Italy,ITA,lombardy,,,Windows-11-10.0.26200-SP0,3.13.13,3.2.6,32,13th Gen Intel(R) Core(TM) i9-13900HX,1,1 x NVIDIA GeForce RTX 4070 Laptop GPU,9.1922,45.4722,31.70067596435547,machine,0.0,69.6,33.56,10.63287811279297,N,1.0,0.0
2026-05-04T18:15:26,Q209_phi3:mini_SQuAD,28d1b1b4-e1bb-49d1-8101-66f295f18fb4,5b0fa12a-3dd7-45bb-9766-cc326314d9f1,5.676333299998078,4.057266736138612e-05,7.147689400373981e-06,12.84090586112,47.8761020097967,20.0,1.8456198325003133e-05,7.547950482800214e-05,2.874485055555043e-05,0.0001226805537085,0.0,Italy,ITA,lombardy,,,Windows-11-10.0.26200-SP0,3.13.13,3.2.6,32,13th Gen Intel(R) Core(TM) i9-13900HX,1,1 x NVIDIA GeForce RTX 4070 Laptop GPU,9.1922,45.4722,31.70067596435547,machine,0.0,60.5,33.425,10.597524642944336,N,1.0,0.0
2026-05-04T18:15:48,Q209_qwen2.5:7b_SQuAD,3639670a-150d-40dc-8f60-c9be14c37f1d,5b0fa12a-3dd7-45bb-9766-cc326314d9f1,7.1444020999988425,4.985348951593527e-05,6.97797923719094e-06,12.847341305600002,45.422143710910994,20.0,2.3706127585708552e-05,9.01336832180022e-05,3.690338888888316e-05,0.0001507431996925,0.0,Italy,ITA,lombardy,,,Windows-11-10.0.26200-SP0,3.13.13,3.2.6,32,13th Gen Intel(R) Core(TM) i9-13900HX,1,1 x NVIDIA GeForce RTX 4070 Laptop GPU,9.1922,45.4722,31.70067596435547,machine,0.0,49.4,33.879999999999995,10.740138244628906,N,1.0,0.0
2026-05-04T18:16:10,Q209_mistral:latest _SQuAD,b873bb1a-5355-45ed-a062-f7405839e1cf,5b0fa12a-3dd7-45bb-9766-cc326314d9f1,6.853790999997727,5.0999856275422025e-05,7.44111635085443e-06,12.8484368576,50.5685245624609,20.0,2.266802675230725e-05,9.625757700601478e-05,3.528389277776619e-05,0.000154209496536,0.0,Italy,ITA,lombardy,,,Windows-11-10.0.26200-SP0,3.13.13,3.2.6,32,13th Gen Intel(R) Core(TM) i9-13900HX,1,1 x NVIDIA GeForce RTX 4070 Laptop GPU,9.1922,45.4722,31.70067596435547,machine,0.0,69.6,33.36,10.5774658203125,N,1.0,0.0
2026-05-04T18:16:21,Q210_phi3:mini_GSM8K,544b2017-f600-4234-9c7b-5fc8eb3c1f4e,5b0fa12a-3dd7-45bb-9766-cc326314d9f1,5.433830199999648,4.063688487359413e-05,7.4784973725525635e-06,12.8383509728,51.60708978980947,20.0,1.7589474109526836e-05,7.788450675200176e-05,2.7400748888875468e-05,0.0001228747297504,0.0,Italy,ITA,lombardy,,,Windows-11-10.0.26200-SP0,3.13.13,3.2.6,32,13th Gen Intel(R) Core(TM) i9-13900HX,1,1 x NVIDIA GeForce RTX 4070 Laptop GPU,9.1922,45.4722,31.70067596435547,machine,0.0,33.666666666666664,33.300000000000004,10.553240458170572,N,1.0,0.0
2026-05-04T18:16:45,Q210_qwen2.5:7b_GSM8K,15a61db3-351e-4ade-a8a9-71ebc49f5943,5b0fa12a-3dd7-45bb-9766-cc326314d9f1,9.13351259999763,6.846765221441277e-05,7.496311136027835e-06,12.925142825600002,50.52002768438895,20.0,3.097785640083813e-05,0.000128115935826,4.793350055555897e-05,0.0002070272927824,0.0,Italy,ITA,lombardy,,,Windows-11-10.0.26200-SP0,3.13.13,3.2.6,32,13th Gen Intel(R) Core(TM) i9-13900HX,1,1 x NVIDIA GeForce RTX 4070 Laptop GPU,9.1922,45.4722,31.70067596435547,machine,0.0,60.0,34.142857142857146,10.82385744367327,N,1.0,0.0
2026-05-04T18:17:08,Q210_mistral:latest _GSM8K,c85d238a-d455-4631-9f19-e253e9ba9fa1,5b0fa12a-3dd7-45bb-9766-cc326314d9f1,7.961261000000377,6.486154748673402e-05,8.147144966950707e-06,12.858378143085716,57.909454845762085,20.0,2.6641724432248104e-05,0.000128043991324,4.143771111111063e-05,0.0001961234268674,0.0,Italy,ITA,lombardy,,,Windows-11-10.0.26200-SP0,3.13.13,3.2.6,32,13th Gen Intel(R) Core(TM) i9-13900HX,1,1 x NVIDIA GeForce RTX 4070 Laptop GPU,9.1922,45.4722,31.70067596435547,machine,0.0,69.5,33.61666666666667,10.662799835205078,N,1.0,0.0
2026-05-04T18:17:32,Q211_phi3:mini_HellaSwag,09135ef1-e873-4938-81c9-b794ba908c34,5b0fa12a-3dd7-45bb-9766-cc326314d9f1,9.182007200000951,7.93487757239679e-05,8.641767970292994e-06,12.838550024000002,63.03271537858492,20.0,3.0955811114417776e-05,0.000160751239712,4.822175777777981e-05,0.0002399288086042,0.0,Italy,ITA,lombardy,,,Windows-11-10.0.26200-SP0,3.13.13,3.2.6,32,13th Gen Intel(R) Core(TM) i9-13900HX,1,1 x NVIDIA GeForce RTX 4070 Laptop GPU,9.1922,45.4722,31.70067596435547,machine,0.0,84.0,33.48571428571429,10.614474160330635,N,1.0,0.0
2026-05-04T18:17:54,Q211_qwen2.5:7b_HellaSwag,b197193a-5226-4036-852a-413ff0670a22,5b0fa12a-3dd7-45bb-9766-cc326314d9f1,6.249483399999008,3.657842133000704e-05,5.8530312009490015e-06,12.842828526080002,33.56589590480838,20.0,2.0485351768206748e-05,5.821699101798972e-05,3.190071277777962e-05,0.0001106030555639,0.0,Italy,ITA,lombardy,,,Windows-11-10.0.26200-SP0,3.13.13,3.2.6,32,13th Gen Intel(R) Core(TM) i9-13900HX,1,1 x NVIDIA GeForce RTX 4070 Laptop GPU,9.1922,45.4722,31.70067596435547,machine,0.0,35.75,33.625,10.658634185791016,N,1.0,0.0
2026-05-04T18:18:15,Q211_mistral:latest _HellaSwag,b5dc63f9-1a57-4db0-8e34-7086f4f95d8f,5b0fa12a-3dd7-45bb-9766-cc326314d9f1,6.775111999999353,5.227825669354252e-05,7.716220291789642e-06,12.8567855168,53.605021198499024,20.0,2.239571217844437e-05,0.0001008414695619,3.4837844999997795e-05,0.0001580750267404,0.0,Italy,ITA,lombardy,,,Windows-11-10.0.26200-SP0,3.13.13,3.2.6,32,13th Gen Intel(R) Core(TM) i9-13900HX,1,1 x NVIDIA GeForce RTX 4070 Laptop GPU,9.1922,45.4722,31.70067596435547,machine,10.0,75.0,33.38,10.57961196899414,N,1.0,0.0
2026-05-04T18:18:39,Q212_phi3:mini_HellaSwag,57c6cf02-8ef2-427a-94bb-b4ad4cd54fb0,5b0fa12a-3dd7-45bb-9766-cc326314d9f1,8.732590399999026,7.760169824683041e-05,8.886446597431051e-06,12.825026652800002,65.80075352565353,20.0,2.9322173361953507e-05,0.0001595984610119,4.57254938888986e-05,0.0002346461282628,0.0,Italy,ITA,lombardy,,,Windows-11-10.0.26200-SP0,3.13.13,3.2.6,32,13th Gen Intel(R) Core(TM) i9-13900HX,1,1 x NVIDIA GeForce RTX 4070 Laptop GPU,9.1922,45.4722,31.70067596435547,machine,0.0,76.0,33.4,10.579413277762276,N,1.0,0.0
2026-05-04T18:19:04,Q212_qwen2.5:7b_HellaSwag,5f210bbb-41c3-4ffa-8422-845d271d681e,5b0fa12a-3dd7-45bb-9766-cc326314d9f1,10.20180160000018,8.237738685855715e-05,8.074788168646182e-06,12.832196096,56.69001097434205,20.0,3.4573139697790854e-05,0.0001606295729479,5.388378055554818e-05,0.0002490864932013,0.0,Italy,ITA,lombardy,,,Windows-11-10.0.26200-SP0,3.13.13,3.2.6,32,13th Gen Intel(R) Core(TM) i9-13900HX,1,1 x NVIDIA GeForce RTX 4070 Laptop GPU,9.1922,45.4722,31.70067596435547,machine,0.0,66.625,33.9875,10.771915435791016,N,1.0,0.0
2026-05-04T18:19:30,Q212_mistral:latest _HellaSwag,5e8a70cf-8743-4ae5-90c3-3598cd7d03ab,5b0fa12a-3dd7-45bb-9766-cc326314d9f1,10.10058040000149,8.845511849989503e-05,8.75742927603269e-06,12.832748992,64.13470025671258,20.0,3.42157814741371e-05,0.000179923199494,5.33248961111086e-05,0.0002674638770792,0.0,Italy,ITA,lombardy,,,Windows-11-10.0.26200-SP0,3.13.13,3.2.6,32,13th Gen Intel(R) Core(TM) i9-13900HX,1,1 x NVIDIA GeForce RTX 4070 Laptop GPU,9.1922,45.4722,31.70067596435547,machine,5.3625,79.875,33.3,10.556075096130373,N,1.0,0.0
2026-05-04T18:19:54,Q213_phi3:mini_HumanEval,f2bb9054-d44a-4ef1-88ae-bbb69e074bef,5b0fa12a-3dd7-45bb-9766-cc326314d9f1,9.296216499998993,7.883469678282045e-05,8.480299139206687e-06,12.8314786736,61.25942119881443,20.0,3.134586527399321e-05,0.0001581717932039,4.885671722222469e-05,0.0002383743757002,0.0,Italy,ITA,lombardy,,,Windows-11-10.0.26200-SP0,3.13.13,3.2.6,32,13th Gen Intel(R) Core(TM) i9-13900HX,1,1 x NVIDIA GeForce RTX 4070 Laptop GPU,9.1922,45.4722,31.70067596435547,machine,0.0,79.0,33.142857142857146,10.510403769356865,N,1.0,0.0
2026-05-04T18:20:21,Q213_qwen2.5:7b_HumanEval,e340aa17-1504-49ea-beb8-2bd3c24fceb0,5b0fa12a-3dd7-45bb-9766-cc326314d9f1,11.843644099997618,9.671278072990456e-05,8.165795925083901e-06,12.835873541818184,57.44846032192893,20.0,4.043837240014594e-05,0.0001889870956339,6.300730166666553e-05,0.0002924327697007,0.0,Italy,ITA,lombardy,,,Windows-11-10.0.26200-SP0,3.13.13,3.2.6,32,13th Gen Intel(R) Core(TM) i9-13900HX,1,1 x NVIDIA GeForce RTX 4070 Laptop GPU,9.1922,45.4722,31.70067596435547,machine,0.0,72.6,34.05,10.786711120605467,N,1.0,0.0
2026-05-04T18:20:44,Q213_mistral:latest _HumanEval,16d7b2f9-19cb-41ba-bbc2-02e434f35ce2,5b0fa12a-3dd7-45bb-9766-cc326314d9f1,8.326387100001739,6.750774230881099e-05,8.107687223525423e-06,12.909491066514288,57.35111543243188,20.0,2.805379505232382e-05,0.00013260982831,4.346116666666704e-05,0.000204124790029,0.0,Italy,ITA,lombardy,,,Windows-11-10.0.26200-SP0,3.13.13,3.2.6,32,13th Gen Intel(R) Core(TM) i9-13900HX,1,1 x NVIDIA GeForce RTX 4070 Laptop GPU,9.1922,45.4722,31.70067596435547,machine,0.0,73.33333333333333,33.416666666666664,10.596841812133787,N,1.0,0.0
2026-05-04T18:21:04,Q214_phi3:mini_SQuAD,d9780c24-4a8d-47dd-a60d-17cd4b125f55,5b0fa12a-3dd7-45bb-9766-cc326314d9f1,4.5645021999989694,3.0518541891615715e-05,6.686061382908876e-06,12.836355392000003,43.56001838559072,20.0,1.4486935978354892e-05,5.522254417802963e-05,2.2570171666666284e-05,9.22796518230508e-05,0.0,Italy,ITA,lombardy,,,Windows-11-10.0.26200-SP0,3.13.13,3.2.6,32,13th Gen Intel(R) Core(TM) i9-13900HX,1,1 x NVIDIA GeForce RTX 4070 Laptop GPU,9.1922,45.4722,31.70067596435547,machine,0.0,48.333333333333336,33.46666666666667,10.614027659098308,N,1.0,0.0
2026-05-04T18:21:25,Q214_qwen2.5:7b_SQuAD,df7fab58-524b-4916-843b-707406b281bb,5b0fa12a-3dd7-45bb-9766-cc326314d9f1,5.800247899998794,3.511373538900408e-05,6.0538335592538e-06,12.840983805440002,35.90646156645231,20.0,1.8897758052121585e-05,5.784393516400366e-05,2.943255611110848e-05,0.0001061742493272,0.0,Italy,ITA,lombardy,,,Windows-11-10.0.26200-SP0,3.13.13,3.2.6,32,13th Gen Intel(R) Core(TM) i9-13900HX,1,1 x NVIDIA GeForce RTX 4070 Laptop GPU,9.1922,45.4722,31.70067596435547,machine,0.0,37.5,33.825,10.726166725158691,N,1.0,0.0
2026-05-04T18:21:35,Q214_mistral:latest _SQuAD,6e8925d0-fa58-4690-a5bf-8b98ac5d5392,5b0fa12a-3dd7-45bb-9766-cc326314d9f1,4.939879399997153,3.106406595008004e-05,6.2884259785973605e-06,12.8475452576,38.95458921426362,20.0,1.5836306112245556e-05,5.344115386402004e-05,2.4651706111095943e-05,9.392916608736154e-05,0.0,Italy,ITA,lombardy,,,Windows-11-10.0.26200-SP0,3.13.13,3.2.6,32,13th Gen Intel(R) Core(TM) i9-13900HX,1,1 x NVIDIA GeForce RTX 4070 Laptop GPU,9.1922,45.4722,31.70067596435547,machine,0.0,41.0,33.53333333333333,10.631603240966797,N,1.0,0.0
2026-05-04T18:21:47,Q215_phi3:mini_HumanEval,dd28ec5c-0529-49ff-b797-e3ea728d8107,5b0fa12a-3dd7-45bb-9766-cc326314d9f1,6.857820100001845,5.545570145391696e-05,8.086491136432996e-06,12.8304014144,57.60413393239544,20.0,2.265225260994806e-05,0.0001097211988879,3.530929166667597e-05,0.0001676827431646,0.0,Italy,ITA,lombardy,,,Windows-11-10.0.26200-SP0,3.13.13,3.2.6,32,13th Gen Intel(R) Core(TM) i9-13900HX,1,1 x NVIDIA GeForce RTX 4070 Laptop GPU,9.1922,45.4722,31.70067596435547,machine,0.0,72.4,33.42,10.59749984741211,N,1.0,0.0
2026-05-04T18:22:12,Q215_qwen2.5:7b_HumanEval,fc89fa93-a388-4169-aa43-1d15a4ce8d78,5b0fa12a-3dd7-45bb-9766-cc326314d9f1,10.223512200002006,8.317157810755704e-05,8.13532340750185e-06,12.838044352,57.33368343278424,20.0,3.4669067093504766e-05,0.0001628098524699,5.400898888888656e-05,0.0002514879084523,0.0,Italy,ITA,lombardy,,,Windows-11-10.0.26200-SP0,3.13.13,3.2.6,32,13th Gen Intel(R) Core(TM) i9-13900HX,1,1 x NVIDIA GeForce RTX 4070 Laptop GPU,9.1922,45.4722,31.70067596435547,machine,0.0,53.0,33.9375,10.757087707519531,N,1.0,0.0
2026-05-04T18:22:35,Q215_mistral:latest _HumanEval,c690ad2e-5332-4ffa-ba93-88f911cebf37,5b0fa12a-3dd7-45bb-9766-cc326314d9f1,7.592880700001842,5.894046901480532e-05,7.762596482622336e-06,12.844089442742858,53.8288403994469,20.0,2.530083147421933e-05,0.000113523146374,3.939574111112355e-05,0.0001782197189593,0.0,Italy,ITA,lombardy,,,Windows-11-10.0.26200-SP0,3.13.13,3.2.6,32,13th Gen Intel(R) Core(TM) i9-13900HX,1,1 x NVIDIA GeForce RTX 4070 Laptop GPU,9.1922,45.4722,31.70067596435547,machine,0.0,49.66666666666666,33.28333333333333,10.548467636108398,N,1.0,0.0
2026-05-04T18:22:59,Q216_phi3:mini_HellaSwag,736c4fa5-0130-43f0-afb2-9f2c0cc45c4d,5b0fa12a-3dd7-45bb-9766-cc326314d9f1,9.124968699998137,7.546721265828435e-05,8.270407838034532e-06,12.8645301584,58.9742934643137,20.0,3.0814944753158457e-05,0.0001494709529099,4.790613499998371e-05,0.0002281920326631,0.0,Italy,ITA,lombardy,,,Windows-11-10.0.26200-SP0,3.13.13,3.2.6,32,13th Gen Intel(R) Core(TM) i9-13900HX,1,1 x NVIDIA GeForce RTX 4070 Laptop GPU,9.1922,45.4722,31.70067596435547,machine,0.0,76.14285714285714,33.2,10.52653067452567,N,1.0,0.0
2026-05-04T18:23:23,Q216_qwen2.5:7b_HellaSwag,46eed20f-8037-4d53-896b-d5461b8a75b6,5b0fa12a-3dd7-45bb-9766-cc326314d9f1,8.811593999998877,6.631535241760963e-05,7.525920102267317e-06,12.860971976,50.941166811736686,20.0,2.9685337194030857e-05,0.000124671488626,4.616250611110849e-05,0.0002005193319311,0.0,Italy,ITA,lombardy,,,Windows-11-10.0.26200-SP0,3.13.13,3.2.6,32,13th Gen Intel(R) Core(TM) i9-13900HX,1,1 x NVIDIA GeForce RTX 4070 Laptop GPU,9.1922,45.4722,31.70067596435547,machine,0.0,53.0,33.92857142857143,10.758447919573102,N,1.0,0.0
2026-05-04T18:23:44,Q216_mistral:latest _HellaSwag,8a410f25-4582-41fa-b57e-7de3e7fe1d00,5b0fa12a-3dd7-45bb-9766-cc326314d9f1,6.1231970000008005,4.262640317525043e-05,6.9614619904022125e-06,12.8474556032,45.63668200711725,20.0,2.005906718086064e-05,7.760561764000307e-05,3.12257994444331e-05,0.0001288904842652,0.0,Italy,ITA,lombardy,,,Windows-11-10.0.26200-SP0,3.13.13,3.2.6,32,13th Gen Intel(R) Core(TM) i9-13900HX,1,1 x NVIDIA GeForce RTX 4070 Laptop GPU,9.1922,45.4722,31.70067596435547,machine,0.0,71.5,33.2,10.51698112487793,N,1.0,0.0
2026-05-04T18:24:04,Q217_phi3:mini_SQuAD,36dee84f-b312-4b0e-a9bf-25b421df298a,5b0fa12a-3dd7-45bb-9766-cc326314d9f1,4.986814199997752,3.350824877787022e-05,6.719369808862203e-06,12.84922928,43.60853864433712,20.0,1.6007231830906483e-05,6.039865942999989e-05,2.491380944443841e-05,0.0001013197007053,0.0,Italy,ITA,lombardy,,,Windows-11-10.0.26200-SP0,3.13.13,3.2.6,32,13th Gen Intel(R) Core(TM) i9-13900HX,1,1 x NVIDIA GeForce RTX 4070 Laptop GPU,9.1922,45.4722,31.70067596435547,machine,33.333333333333336,64.66666666666667,33.300000000000004,10.551133473714192,N,1.0,0.0
2026-05-04T18:24:15,Q217_qwen2.5:7b_SQuAD,239c7f95-5bad-4f41-9e93-3a3642c26772,5b0fa12a-3dd7-45bb-9766-cc326314d9f1,6.165339400002267,3.634844990617951e-05,5.895612154971735e-06,12.914704939520002,33.944214519029,20.0,2.031755336141376e-05,5.812671316801632e-05,3.1463418888900685e-05,0.0001099076854183,0.0,Italy,ITA,lombardy,,,Windows-11-10.0.26200-SP0,3.13.13,3.2.6,32,13th Gen Intel(R) Core(TM) i9-13900HX,1,1 x NVIDIA GeForce RTX 4070 Laptop GPU,9.1922,45.4722,31.70067596435547,machine,0.0,36.0,34.05,10.790472984313965,N,1.0,0.0
2026-05-04T18:24:37,Q217_mistral:latest _SQuAD,ca81cca9-a63c-4f57-ab17-fe9ff47a4dff,5b0fa12a-3dd7-45bb-9766-cc326314d9f1,6.537517299999308,4.673666945519502e-05,7.148993617990115e-06,12.832793484800002,47.53133400103689,20.0,2.1510185496157764e-05,8.6286180140005e-05,3.352242999998352e-05,0.0001413187956361,0.0,Italy,ITA,lombardy,,,Windows-11-10.0.26200-SP0,3.13.13,3.2.6,32,13th Gen Intel(R) Core(TM) i9-13900HX,1,1 x NVIDIA GeForce RTX 4070 Laptop GPU,9.1922,45.4722,31.70067596435547,machine,0.0,56.8,33.58,10.654184722900393,N,1.0,0.0
2026-05-04T18:24:51,Q218_phi3:mini_HumanEval,18e798ea-250e-495a-90a4-c69869caac99,5b0fa12a-3dd7-45bb-9766-cc326314d9f1,9.37481200000184,8.162680210723702e-05,8.707033496481957e-06,12.8366928992,63.71034979354444,20.0,3.163647536858282e-05,0.000165890688268,4.928976833333663e-05,0.0002468169319699,0.0,Italy,ITA,lombardy,,,Windows-11-10.0.26200-SP0,3.13.13,3.2.6,32,13th Gen Intel(R) Core(TM) i9-13900HX,1,1 x NVIDIA GeForce RTX 4070 Laptop GPU,9.1922,45.4722,31.70067596435547,machine,0.0,79.0,33.728571428571435,10.700928279331752,N,1.0,0.0
2026-05-04T18:25:22,Q218_qwen2.5:7b_HumanEval,aff6708a-71be-41d6-a463-cf1aaa42b15e,5b0fa12a-3dd7-45bb-9766-cc326314d9f1,15.342060900002252,0.0001403805104584,9.150042577292847e-06,12.82997445577143,67.8813961366639,20.0,5.287074129954876e-05,0.000289184398014,8.24167988889005e-05,0.0004244719382024,0.0,Italy,ITA,lombardy,,,Windows-11-10.0.26200-SP0,3.13.13,3.2.6,32,13th Gen Intel(R) Core(TM) i9-13900HX,1,1 x NVIDIA GeForce RTX 4070 Laptop GPU,9.1922,45.4722,31.70067596435547,machine,3.8461538461538463,78.76923076923077,34.13846153846154,10.820670201228214,N,1.0,0.0
2026-05-04T18:25:46,Q218_mistral:latest _HumanEval,21c50745-4a01-479b-ba8b-b6559b18386c,5b0fa12a-3dd7-45bb-9766-cc326314d9f1,9.711876800000027,8.263118630547547e-05,8.508261380073854e-06,12.8375136512,61.48068687736982,20.0,3.284227892741392e-05,0.0001658465215659,5.116511222222471e-05,0.0002498539127155,0.0,Italy,ITA,lombardy,,,Windows-11-10.0.26200-SP0,3.13.13,3.2.6,32,13th Gen Intel(R) Core(TM) i9-13900HX,1,1 x NVIDIA GeForce RTX 4070 Laptop GPU,9.1922,45.4722,31.70067596435547,machine,0.0,80.375,33.375,10.574380874633787,N,1.0,0.0
2026-05-04T18:26:11,Q219_phi3:mini_HumanEval,ded5515c-f030-45fc-b435-12ed3c5a0b9e,5b0fa12a-3dd7-45bb-9766-cc326314d9f1,9.29650010000114,7.99819128330106e-05,8.60344344351707e-06,12.8484021008,62.58294965050813,20.0,3.1387489619172405e-05,0.0001615984626119,4.885728833333916e-05,0.0002418432405645,0.0,Italy,ITA,lombardy,,,Windows-11-10.0.26200-SP0,3.13.13,3.2.6,32,13th Gen Intel(R) Core(TM) i9-13900HX,1,1 x NVIDIA GeForce RTX 4070 Laptop GPU,9.1922,45.4722,31.70067596435547,machine,0.0,71.0,33.385714285714286,10.584205627441406,N,1.0,0.0
2026-05-04T18:26:39,Q219_qwen2.5:7b_HumanEval,6ddb893b-c181-4d0d-87fa-5f0109e1cf30,5b0fa12a-3dd7-45bb-9766-cc326314d9f1,12.900852899998426,0.0001121412517413,8.692545571258644e-06,12.8194812224,63.08328531360623,20.0,4.415211298408658e-05,0.0002260501808399,6.88819161110991e-05,0.0003390842099351,0.0,Italy,ITA,lombardy,,,Windows-11-10.0.26200-SP0,3.13.13,3.2.6,32,13th Gen Intel(R) Core(TM) i9-13900HX,1,1 x NVIDIA GeForce RTX 4070 Laptop GPU,9.1922,45.4722,31.70067596435547,machine,0.0,63.54545454545455,34.099999999999994,10.803940166126598,N,1.0,0.0
2026-05-04T18:27:06,Q219_mistral:latest _HumanEval,c2590f87-f620-40dc-a13e-d72b8410cb61,5b0fa12a-3dd7-45bb-9766-cc326314d9f1,12.048331699999837,0.0001143516796353,9.491079967143492e-06,12.8280847232,71.85943585642804,20.0,4.114318117718528e-05,0.00024048074794,6.41440050000003e-05,0.0003457679341171,0.0,Italy,ITA,lombardy,,,Windows-11-10.0.26200-SP0,3.13.13,3.2.6,32,13th Gen Intel(R) Core(TM) i9-13900HX,1,1 x NVIDIA GeForce RTX 4070 Laptop GPU,9.1922,45.4722,31.70067596435547,machine,0.0,87.3,33.489999999999995,10.622849655151366,N,1.0,0.0
2026-05-04T18:27:26,Q220_phi3:mini_MMLU,fd10c660-1ace-483f-b7d7-540ab05097e2,5b0fa12a-3dd7-45bb-9766-cc326314d9f1,5.30312910000066,3.703353778086725e-05,6.983337022827266e-06,12.8486796032,46.29105045007384,20.0,1.7134258178311726e-05,6.817505454001505e-05,2.666988944444408e-05,0.0001119792021627,0.0,Italy,ITA,lombardy,,,Windows-11-10.0.26200-SP0,3.13.13,3.2.6,32,13th Gen Intel(R) Core(TM) i9-13900HX,1,1 x NVIDIA GeForce RTX 4070 Laptop GPU,9.1922,45.4722,31.70067596435547,machine,0.0,64.66666666666667,33.300000000000004,10.548562367757162,N,1.0,0.0
2026-05-04T18:27:50,Q220_qwen2.5:7b_MMLU,55fc6ab5-e390-4b5f-a589-49df5bba1193,5b0fa12a-3dd7-45bb-9766-cc326314d9f1,8.130012599998736,5.639835269059094e-05,6.93705600045438e-06,12.83239972022857,44.71687417513285,20.0,2.718786413085141e-05,0.0001009723029999,4.2372893333332384e-05,0.0001705330604641,0.0,Italy,ITA,lombardy,,,Windows-11-10.0.26200-SP0,3.13.13,3.2.6,32,13th Gen Intel(R) Core(TM) i9-13900HX,1,1 x NVIDIA GeForce RTX 4070 Laptop GPU,9.1922,45.4722,31.70067596435547,machine,0.0,56.0,33.9,10.744518915812174,N,1.0,0.0
2026-05-04T18:28:11,Q220_mistral:latest _MMLU,d7328ea6-f425-4a8c-b425-c36170894ff1,5b0fa12a-3dd7-45bb-9766-cc326314d9f1,6.086442899999383,4.36029339324678e-05,7.163943644730852e-06,12.842338580480002,47.87174688422673,20.0,1.9914650823380603e-05,8.091534251000732e-05,3.1013250555568246e-05,0.0001318432438889,0.0,Italy,ITA,lombardy,,,Windows-11-10.0.26200-SP0,3.13.13,3.2.6,32,13th Gen Intel(R) Core(TM) i9-13900HX,1,1 x NVIDIA GeForce RTX 4070 Laptop GPU,9.1922,45.4722,31.70067596435547,machine,0.0,62.75,33.525,10.630215644836426,N,1.0,0.0
2026-05-04T18:28:31,Q221_phi3:mini_SQuAD,f155c080-ffce-4b2e-859e-5a8ecff6d6a1,5b0fa12a-3dd7-45bb-9766-cc326314d9f1,4.9781277000001865,3.073643698093588e-05,6.174296609734364e-06,12.851269299200002,37.67806506057497,20.0,1.5979103678975812e-05,5.209309723000488e-05,2.4866305555547626e-05,9.293850646452833e-05,0.0,Italy,ITA,lombardy,,,Windows-11-10.0.26200-SP0,3.13.13,3.2.6,32,13th Gen Intel(R) Core(TM) i9-13900HX,1,1 x NVIDIA GeForce RTX 4070 Laptop GPU,9.1922,45.4722,31.70067596435547,machine,0.0,48.0,33.666666666666664,10.661070505777994,N,1.0,0.0
2026-05-04T18:28:52,Q221_qwen2.5:7b_SQuAD,0e328e56-fe54-40ec-a63e-05f9b58b5d81,5b0fa12a-3dd7-45bb-9766-cc326314d9f1,5.608823399998073,3.1471567243867665e-05,5.611081861461083e-06,12.843507008,31.17802444782489,20.0,1.8220166508552973e-05,4.856948329998168e-05,2.8371687777770503e-05,9.516133758630516e-05,0.0,Italy,ITA,lombardy,,,Windows-11-10.0.26200-SP0,3.13.13,3.2.6,32,13th Gen Intel(R) Core(TM) i9-13900HX,1,1 x NVIDIA GeForce RTX 4070 Laptop GPU,9.1922,45.4722,31.70067596435547,machine,0.0,3.25,33.975,10.77448272705078,N,1.0,0.0
2026-05-04T18:29:01,Q221_mistral:latest _SQuAD,6a741cf4-c333-4390-b7a1-9736123f5c0c,5b0fa12a-3dd7-45bb-9766-cc326314d9f1,4.2745092999975896,2.249203332855981e-05,5.261898325632954e-06,12.843934784,28.33545641858319,20.0,1.345025056427464e-05,3.361669355997354e-05,2.0942759999990004e-05,6.800970412423818e-05,0.0,Italy,ITA,lombardy,,,Windows-11-10.0.26200-SP0,3.13.13,3.2.6,32,13th Gen Intel(R) Core(TM) i9-13900HX,1,1 x NVIDIA GeForce RTX 4070 Laptop GPU,9.1922,45.4722,31.70067596435547,machine,0.0,23.5,33.7,10.689092636108398,N,1.0,0.0
2026-05-04T18:29:13,Q222_phi3:mini_HumanEval,275ff55a-0839-4fd7-856a-47c4f32addd1,5b0fa12a-3dd7-45bb-9766-cc326314d9f1,7.1781928000018524,5.728116246480992e-05,7.979886311328269e-06,12.8341540928,56.33253633685605,20.0,2.380094161713368e-05,0.000112312312072,3.708918000001076e-05,0.0001732024336891,0.0,Italy,ITA,lombardy,,,Windows-11-10.0.26200-SP0,3.13.13,3.2.6,32,13th Gen Intel(R) Core(TM) i9-13900HX,1,1 x NVIDIA GeForce RTX 4070 Laptop GPU,9.1922,45.4722,31.70067596435547,machine,0.0,68.0,33.4,10.597596740722656,N,1.0,0.0
2026-05-04T18:29:40,Q222_qwen2.5:7b_HumanEval,40b03926-26a0-4806-bd9c-8238cd77f821,5b0fa12a-3dd7-45bb-9766-cc326314d9f1,12.12063340000168,0.0001043195182079,8.606771178137359e-06,12.824087168,62.23334051643582,20.0,4.138586561060355e-05,0.0002095048898259,6.454269000001255e-05,0.0003154334454366,0.0,Italy,ITA,lombardy,,,Windows-11-10.0.26200-SP0,3.13.13,3.2.6,32,13th Gen Intel(R) Core(TM) i9-13900HX,1,1 x NVIDIA GeForce RTX 4070 Laptop GPU,9.1922,45.4722,31.70067596435547,machine,0.0,72.2,34.02,10.79261131286621,N,1.0,0.0
2026-05-04T18:30:04,Q222_mistral:latest _HumanEval,ec7ccbe8-28bc-46bc-85a8-0b395ad23224,5b0fa12a-3dd7-45bb-9766-cc326314d9f1,8.83325909999985,7.428947598438754e-05,8.410200034140152e-06,12.835532460800003,60.58358966093657,20.0,2.970526849551462e-05,0.0001486403966899,4.628521666666832e-05,0.0002246308818521,0.0,Italy,ITA,lombardy,,,Windows-11-10.0.26200-SP0,3.13.13,3.2.6,32,13th Gen Intel(R) Core(TM) i9-13900HX,1,1 x NVIDIA GeForce RTX 4070 Laptop GPU,9.1922,45.4722,31.70067596435547,machine,0.0,68.14285714285714,33.48571428571429,10.619720458984377,N,1.0,0.0
2026-05-04T18:30:25,Q223_phi3:mini_MMLU,d8a3fa1e-400b-4c14-81c8-818127bdf49b,5b0fa12a-3dd7-45bb-9766-cc326314d9f1,5.6136580999991565,4.054289009887679e-05,7.222187275509864e-06,12.85078241792,48.709233812457,20.0,1.8248106392880253e-05,7.594367186600226e-05,2.839873722221253e-05,0.000122590515481,0.0,Italy,ITA,lombardy,,,Windows-11-10.0.26200-SP0,3.13.13,3.2.6,32,13th Gen Intel(R) Core(TM) i9-13900HX,1,1 x NVIDIA GeForce RTX 4070 Laptop GPU,9.1922,45.4722,31.70067596435547,machine,5.0,48.75,33.325,10.565800666809082,N,1.0,0.0
2026-05-04T18:30:46,Q223_qwen2.5:7b_MMLU,4bcb965a-96bf-4e2b-80cc-68af7f5a368f,5b0fa12a-3dd7-45bb-9766-cc326314d9f1,6.329371899999387,3.854927617808271e-05,6.090537384615754e-06,12.842301186560002,36.069693883746616,20.0,2.078732066555343e-05,6.340338405597112e-05,3.2371672222224234e-05,0.0001165623769437,0.0,Italy,ITA,lombardy,,,Windows-11-10.0.26200-SP0,3.13.13,3.2.6,32,13th Gen Intel(R) Core(TM) i9-13900HX,1,1 x NVIDIA GeForce RTX 4070 Laptop GPU,9.1922,45.4722,31.70067596435547,machine,0.0,6.5,33.775,10.70884132385254,N,1.0,0.0
2026-05-04T18:30:58,Q223_mistral:latest _MMLU,67e52d6d-6701-4fe4-b81c-7650b5a69c42,5b0fa12a-3dd7-45bb-9766-cc326314d9f1,6.437537300000258,4.528117293823529e-05,7.033927855957195e-06,12.83810007296,46.296899383813695,20.0,2.116653612692957e-05,8.277812177800992e-05,3.297311777777294e-05,0.0001369177756827,0.0,Italy,ITA,lombardy,,,Windows-11-10.0.26200-SP0,3.13.13,3.2.6,32,13th Gen Intel(R) Core(TM) i9-13900HX,1,1 x NVIDIA GeForce RTX 4070 Laptop GPU,9.1922,45.4722,31.70067596435547,machine,0.0,61.0,33.5,10.617915153503418,N,1.0,0.0
2026-05-04T18:31:22,Q224_phi3:mini_HellaSwag,bdd12a83-c46c-44c1-b7e2-4c2e4a566c04,5b0fa12a-3dd7-45bb-9766-cc326314d9f1,9.220909100000426,7.84077062237895e-05,8.50325118417943e-06,12.833257649600004,61.577913779359854,20.0,3.1061221835939246e-05,0.0001576156816479,4.8406370555555137e-05,0.0002370832740394,0.0,Italy,ITA,lombardy,,,Windows-11-10.0.26200-SP0,3.13.13,3.2.6,32,13th Gen Intel(R) Core(TM) i9-13900HX,1,1 x NVIDIA GeForce RTX 4070 Laptop GPU,9.1922,45.4722,31.70067596435547,machine,0.0,75.85714285714286,33.385714285714286,10.581598009381976,N,1.0,0.0
2026-05-04T18:31:49,Q224_qwen2.5:7b_HellaSwag,18d0965c-52c1-4c98-931b-f3930899aca5,5b0fa12a-3dd7-45bb-9766-cc326314d9f1,11.63877180000054,9.415708140862588e-05,8.089949955769517e-06,12.819094672290907,56.67037992180227,20.0,3.965362175413677e-05,0.000183185979882,6.186543833333013e-05,0.0002847050399694,0.0,Italy,ITA,lombardy,,,Windows-11-10.0.26200-SP0,3.13.13,3.2.6,32,13th Gen Intel(R) Core(TM) i9-13900HX,1,1 x NVIDIA GeForce RTX 4070 Laptop GPU,9.1922,45.4722,31.70067596435547,machine,5.0,57.6,34.0,10.78215446472168,N,1.0,0.0
2026-05-04T18:32:12,Q224_mistral:latest _HellaSwag,0e1b5c4c-9a29-4109-8dbb-2ee4e2456f27,5b0fa12a-3dd7-45bb-9766-cc326314d9f1,8.312035700000706,6.767732950460483e-05,8.14208840616494e-06,12.847503197257144,57.77366201709312,20.0,2.7870864889130823e-05,0.0001333803844819,4.338632555556817e-05,0.0002046375749266,0.0,Italy,ITA,lombardy,,,Windows-11-10.0.26200-SP0,3.13.13,3.2.6,32,13th Gen Intel(R) Core(TM) i9-13900HX,1,1 x NVIDIA GeForce RTX 4070 Laptop GPU,9.1922,45.4722,31.70067596435547,machine,0.0,74.5,33.46666666666667,10.605422973632812,N,1.0,0.0
2026-05-04T18:32:36,Q225_phi3:mini_GSM8K,65a8ced1-d53b-4e02-b018-8ae7c1950f9a,5b0fa12a-3dd7-45bb-9766-cc326314d9f1,9.20030069999848,7.815212684356929e-05,8.494518754542686e-06,12.8425246976,61.42070028295459,20.0,3.103060582217117e-05,0.0001569559588979,4.8323907777780224e-05,0.0002363104724979,0.0,Italy,ITA,lombardy,,,Windows-11-10.0.26200-SP0,3.13.13,3.2.6,32,13th Gen Intel(R) Core(TM) i9-13900HX,1,1 x NVIDIA GeForce RTX 4070 Laptop GPU,9.1922,45.4722,31.70067596435547,machine,0.0,83.14285714285714,33.67142857142857,10.670282636369976,N,1.0,0.0
2026-05-04T18:33:02,Q225_qwen2.5:7b_GSM8K,28242f07-1161-4d2f-93dc-53a693dae141,5b0fa12a-3dd7-45bb-9766-cc326314d9f1,10.324157499999274,8.109150664812183e-05,7.854539864209504e-06,12.8367382528,54.26362792483367,20.0,3.50237605712719e-05,0.000155607624486,5.456696111111038e-05,0.0002451983461684,0.0,Italy,ITA,lombardy,,,Windows-11-10.0.26200-SP0,3.13.13,3.2.6,32,13th Gen Intel(R) Core(TM) i9-13900HX,1,1 x NVIDIA GeForce RTX 4070 Laptop GPU,9.1922,45.4722,31.70067596435547,machine,0.0,67.125,34.275,10.867877960205078,N,1.0,0.0
2026-05-04T18:33:25,Q225_mistral:latest _GSM8K,bb70b752-cd32-4a6d-a115-3acfdf399abb,5b0fa12a-3dd7-45bb-9766-cc326314d9f1,8.132785000001604,6.650929142970701e-05,8.177923236590405e-06,12.827419525485716,58.22828767672655,20.0,2.718868700498476e-05,0.000131526216332,4.2390846666664105e-05,0.0002011057500036,0.0,Italy,ITA,lombardy,,,Windows-11-10.0.26200-SP0,3.13.13,3.2.6,32,13th Gen Intel(R) Core(TM) i9-13900HX,1,1 x NVIDIA GeForce RTX 4070 Laptop GPU,9.1922,45.4722,31.70067596435547,machine,0.0,77.0,33.483333333333334,10.617681503295898,N,1.0,0.0
2026-05-04T18:33:46,Q226_phi3:mini_HumanEval,6a97e7ee-c5b5-4bbf-ab9c-abd8aaf0ec7f,5b0fa12a-3dd7-45bb-9766-cc326314d9f1,6.102244300000166,4.67038208782881e-05,7.65354820001009e-06,12.84487309568,53.21989453553654,20.0,1.997142847920648e-05,9.015257212199868e-05,3.109546999999616e-05,0.0001412194706012,0.0,Italy,ITA,lombardy,,,Windows-11-10.0.26200-SP0,3.13.13,3.2.6,32,13th Gen Intel(R) Core(TM) i9-13900HX,1,1 x NVIDIA GeForce RTX 4070 Laptop GPU,9.1922,45.4722,31.70067596435547,machine,0.0,72.75,33.25,10.540522575378418,N,1.0,0.0
2026-05-04T18:34:16,Q226_qwen2.5:7b_HumanEval,a7bb3578-6167-44f0-91d8-392811f933b2,5b0fa12a-3dd7-45bb-9766-cc326314d9f1,14.978629599998383,0.0001314615789885,8.77660924258403e-06,12.832117052342856,63.80982321118535,20.0,5.15999352100836e-05,0.000265481879052,8.042173555554149e-05,0.0003975035498176,0.0,Italy,ITA,lombardy,,,Windows-11-10.0.26200-SP0,3.13.13,3.2.6,32,13th Gen Intel(R) Core(TM) i9-13900HX,1,1 x NVIDIA GeForce RTX 4070 Laptop GPU,9.1922,45.4722,31.70067596435547,machine,7.153846153846154,78.61538461538461,34.138461538461534,10.81594027005709,N,1.0,0.0
2026-05-04T18:34:40,Q226_mistral:latest _HumanEval,ca422809-b64a-4436-8204-77ee4c0fe92f,5b0fa12a-3dd7-45bb-9766-cc326314d9f1,8.520372999999381,7.21497140084569e-05,8.467905572732806e-06,12.845906887314287,61.31308294283396,20.0,2.8599060883646925e-05,0.00014503622714,4.452554388889339e-05,0.0002181608319125,0.0,Italy,ITA,lombardy,,,Windows-11-10.0.26200-SP0,3.13.13,3.2.6,32,13th Gen Intel(R) Core(TM) i9-13900HX,1,1 x NVIDIA GeForce RTX 4070 Laptop GPU,9.1922,45.4722,31.70067596435547,machine,0.0,73.16666666666667,33.4,10.587791442871094,N,1.0,0.0
2026-05-04T18:35:01,Q227_phi3:mini_MMLU,3a562a32-529d-401f-a942-0ecba3f50abc,5b0fa12a-3dd7-45bb-9766-cc326314d9f1,6.016234800001257,4.5836777460406566e-05,7.618847831603412e-06,12.84916646144,52.88909304622828,20.0,1.966799816825238e-05,8.831701509798284e-05,3.0612757222237025e-05,0.0001385977704884,0.0,Italy,ITA,lombardy,,,Windows-11-10.0.26200-SP0,3.13.13,3.2.6,32,13th Gen Intel(R) Core(TM) i9-13900HX,1,1 x NVIDIA GeForce RTX 4070 Laptop GPU,9.1922,45.4722,31.70067596435547,machine,0.0,63.0,33.3,10.56337547302246,N,1.0,0.0
2026-05-04T18:35:23,Q227_qwen2.5:7b_MMLU,b4d6697c-0349-4480-8cf1-f6e3777b3369,5b0fa12a-3dd7-45bb-9766-cc326314d9f1,6.379252599999745,3.656525767701286e-05,5.731903087990953e-06,12.865139033600002,32.11946165346516,20.0,2.100330900352363e-05,5.690921219400624e-05,3.265073111112239e-05,0.0001105632523086,0.0,Italy,ITA,lombardy,,,Windows-11-10.0.26200-SP0,3.13.13,3.2.6,32,13th Gen Intel(R) Core(TM) i9-13900HX,1,1 x NVIDIA GeForce RTX 4070 Laptop GPU,9.1922,45.4722,31.70067596435547,machine,0.0,36.0,33.75,10.698009490966797,N,1.0,0.0
2026-05-04T18:35:32,Q227_mistral:latest _MMLU,7a26724c-2782-45ff-bae8-da029f6b90d7,5b0fa12a-3dd7-45bb-9766-cc326314d9f1,4.526497400001972,2.713353740927948e-05,5.994378215983876e-06,12.830040214400002,36.06512906680281,20.0,1.4344289673150987e-05,4.534114738399819e-05,2.23588950000097e-05,8.204433205715889e-05,0.0,Italy,ITA,lombardy,,,Windows-11-10.0.26200-SP0,3.13.13,3.2.6,32,13th Gen Intel(R) Core(TM) i9-13900HX,1,1 x NVIDIA GeForce RTX 4070 Laptop GPU,9.1922,45.4722,31.70067596435547,machine,0.0,39.333333333333336,33.333333333333336,10.567698160807293,N,1.0,0.0
2026-05-04T18:35:46,Q228_phi3:mini_HellaSwag,2272307f-03ad-4c4c-8752-5f08d962bd5f,5b0fa12a-3dd7-45bb-9766-cc326314d9f1,9.15108340000006,7.879955057467566e-05,8.6109531659033e-06,12.8300684384,62.7141759542358,20.0,3.082402630156594e-05,0.0001593954052939,4.8048671666684746e-05,0.0002382681032622,0.0,Italy,ITA,lombardy,,,Windows-11-10.0.26200-SP0,3.13.13,3.2.6,32,13th Gen Intel(R) Core(TM) i9-13900HX,1,1 x NVIDIA GeForce RTX 4070 Laptop GPU,9.1922,45.4722,31.70067596435547,machine,0.0,77.14285714285714,33.2,10.527650015694755,N,1.0,0.0
2026-05-04T18:36:09,Q228_qwen2.5:7b_HellaSwag,1e0d036b-cef7-4fa1-a394-ed6ecca051b7,5b0fa12a-3dd7-45bb-9766-cc326314d9f1,7.716867099999945,5.572106843508445e-05,7.220685248691771e-06,12.832695899428572,47.90914846996457,20.0,2.5717420894980145e-05,0.000102687304372,4.008041444443128e-05,0.0001684851397114,0.0,Italy,ITA,lombardy,,,Windows-11-10.0.26200-SP0,3.13.13,3.2.6,32,13th Gen Intel(R) Core(TM) i9-13900HX,1,1 x NVIDIA GeForce RTX 4070 Laptop GPU,9.1922,45.4722,31.70067596435547,machine,4.766666666666667,55.0,33.93333333333334,10.75690460205078,N,1.0,0.0
2026-05-04T18:36:30,Q228_mistral:latest _HellaSwag,e0d46f92-4aee-4c4f-8ea0-a9832cd2e32c,5b0fa12a-3dd7-45bb-9766-cc326314d9f1,5.38414229999762,3.404064873336536e-05,6.32239024094523e-06,12.854167356800003,39.04988767425039,20.0,1.7428160705383137e-05,5.8385602263982816e-05,2.7115768333331085e-05,0.0001029295313026,0.0,Italy,ITA,lombardy,,,Windows-11-10.0.26200-SP0,3.13.13,3.2.6,32,13th Gen Intel(R) Core(TM) i9-13900HX,1,1 x NVIDIA GeForce RTX 4070 Laptop GPU,9.1922,45.4722,31.70067596435547,machine,0.0,96.0,33.53333333333333,10.634047190348308,N,1.0,0.0
2026-05-04T18:36:44,Q229_phi3:mini_GSM8K,df33f20e-0e48-4cd0-b581-eb601d6e1d61,5b0fa12a-3dd7-45bb-9766-cc326314d9f1,9.145198099999106,8.192424625729884e-05,8.95817076475433e-06,12.834654248,66.4895006943013,20.0,3.081419480668342e-05,0.0001688862462199,4.801587999999255e-05,0.0002477163210266,0.0,Italy,ITA,lombardy,,,Windows-11-10.0.26200-SP0,3.13.13,3.2.6,32,13th Gen Intel(R) Core(TM) i9-13900HX,1,1 x NVIDIA GeForce RTX 4070 Laptop GPU,9.1922,45.4722,31.70067596435547,machine,0.0,79.0,33.48571428571429,10.61617933000837,N,1.0,0.0
2026-05-04T18:37:08,Q229_qwen2.5:7b_GSM8K,a8a65fad-5125-494a-9b46-b5eba286198b,5b0fa12a-3dd7-45bb-9766-cc326314d9f1,9.693125800000416,7.347206801566476e-05,7.579811665671522e-06,12.834899699200005,51.38823801499052,20.0,3.276522608523278e-05,0.00013833899956,5.105504000000817e-05,0.0002221592656452,0.0,Italy,ITA,lombardy,,,Windows-11-10.0.26200-SP0,3.13.13,3.2.6,32,13th Gen Intel(R) Core(TM) i9-13900HX,1,1 x NVIDIA GeForce RTX 4070 Laptop GPU,9.1922,45.4722,31.70067596435547,machine,0.0,66.0,34.15,10.831284523010254,N,1.0,0.0
2026-05-04T18:37:31,Q229_mistral:latest _GSM8K,320f0a2c-bc70-4d71-8cfa-c50c5b5547cc,5b0fa12a-3dd7-45bb-9766-cc326314d9f1,7.006278600001679,5.301401856259085e-05,7.566644375600215e-06,12.8565009344,51.86809758042066,20.0,2.3229198027531385e-05,0.000100935636304,3.613493333333382e-05,0.0001602997676648,0.0,Italy,ITA,lombardy,,,Windows-11-10.0.26200-SP0,3.13.13,3.2.6,32,13th Gen Intel(R) Core(TM) i9-13900HX,1,1 x NVIDIA GeForce RTX 4070 Laptop GPU,9.1922,45.4722,31.70067596435547,machine,0.0,70.4,33.4,10.585826873779297,N,1.0,0.0
2026-05-04T18:37:51,Q230_phi3:mini_HumanEval,e77af3c8-3586-4125-8b80-9e1f2681224e,5b0fa12a-3dd7-45bb-9766-cc326314d9f1,5.236050699997577,3.53055618916179e-05,6.742784574571487e-06,12.8396594432,43.71392925785906,20.0,1.6884251675162203e-05,6.357060641198897e-05,2.629942166665084e-05,0.0001067542797538,0.0,Italy,ITA,lombardy,,,Windows-11-10.0.26200-SP0,3.13.13,3.2.6,32,13th Gen Intel(R) Core(TM) i9-13900HX,1,1 x NVIDIA GeForce RTX 4070 Laptop GPU,9.1922,45.4722,31.70067596435547,machine,0.0,33.0,33.266666666666666,10.5372683207194,N,1.0,0.0
2026-05-04T18:38:17,Q230_qwen2.5:7b_HumanEval,1ba51e27-43f1-403e-8eee-e20138545b2d,5b0fa12a-3dd7-45bb-9766-cc326314d9f1,11.297154600000797,9.190374364899312e-05,8.13512312640093e-06,12.81799369856,57.2133786811448,20.0,3.84303201474762e-05,0.0001794990324879,5.99622155555456e-05,0.000277891568191,0.0,Italy,ITA,lombardy,,,Windows-11-10.0.26200-SP0,3.13.13,3.2.6,32,13th Gen Intel(R) Core(TM) i9-13900HX,1,1 x NVIDIA GeForce RTX 4070 Laptop GPU,9.1922,45.4722,31.70067596435547,machine,0.0,57.55555555555556,33.97777777777778,10.775937822129992,N,1.0,0.0
2026-05-04T18:38:41,Q230_mistral:latest _HumanEval,c13a462b-bca7-4093-a00b-504e2f92bc59,5b0fa12a-3dd7-45bb-9766-cc326314d9f1,8.85968850000063,7.486656656286667e-05,8.45024817326945e-06,12.8401267952,61.042453663766274,20.0,2.979820387816261e-05,0.000150164286798,4.641335388888466e-05,0.000226375844565,0.0,Italy,ITA,lombardy,,,Windows-11-10.0.26200-SP0,3.13.13,3.2.6,32,13th Gen Intel(R) Core(TM) i9-13900HX,1,1 x NVIDIA GeForce RTX 4070 Laptop GPU,9.1922,45.4722,31.70067596435547,machine,0.0,66.14285714285714,33.3,10.562541961669922,N,1.0,0.0
2026-05-04T18:39:06,Q231_phi3:mini_HumanEval,68a2e28b-2c2e-476e-90df-d30fa0b89117,5b0fa12a-3dd7-45bb-9766-cc326314d9f1,9.258722200000191,8.243530269752975e-05,8.903529117390306e-06,12.8352574208,65.86771795000868,20.0,3.122170698704385e-05,0.0001693906910679,4.864921666665194e-05,0.0002492616147216,0.0,Italy,ITA,lombardy,,,Windows-11-10.0.26200-SP0,3.13.13,3.2.6,32,13th Gen Intel(R) Core(TM) i9-13900HX,1,1 x NVIDIA GeForce RTX 4070 Laptop GPU,9.1922,45.4722,31.70067596435547,machine,0.0,83.14285714285714,33.3,10.55644771030971,N,1.0,0.0
2026-05-04T18:39:36,Q231_qwen2.5:7b_HumanEval,82cae5d8-c778-4f20-ad57-6e14ff1d6230,5b0fa12a-3dd7-45bb-9766-cc326314d9f1,14.814747799999168,0.0001288559283359,8.697814507242751e-06,12.827527360914289,63.00324979470515,20.0,5.098022926731832e-05,0.0002591604851059,7.948406666665607e-05,0.0003896247810399,0.0,Italy,ITA,lombardy,,,Windows-11-10.0.26200-SP0,3.13.13,3.2.6,32,13th Gen Intel(R) Core(TM) i9-13900HX,1,1 x NVIDIA GeForce RTX 4070 Laptop GPU,9.1922,45.4722,31.70067596435547,machine,3.8461538461538463,78.23076923076923,34.00769230769231,10.78694857083834,N,1.0,0.0
2026-05-04T18:40:02,Q231_mistral:latest _HumanEval,2b0c3b26-99e8-42e2-aa83-563190f84c8a,5b0fa12a-3dd7-45bb-9766-cc326314d9f1,11.132378999998764,0.0001000983733197,8.991642605750737e-06,12.83480724224,66.56833862632067,20.0,3.788286980335337e-05,0.0002057562757159,5.9030722222228686e-05,0.0003026698677415,0.0,Italy,ITA,lombardy,,,Windows-11-10.0.26200-SP0,3.13.13,3.2.6,32,13th Gen Intel(R) Core(TM) i9-13900HX,1,1 x NVIDIA GeForce RTX 4070 Laptop GPU,9.1922,45.4722,31.70067596435547,machine,0.0,82.11111111111111,33.400000000000006,10.583474053276907,N,1.0,0.0
2026-05-04T18:40:26,Q232_phi3:mini_HumanEval,266d5615-572a-4774-993b-0c21a7a20e7d,5b0fa12a-3dd7-45bb-9766-cc326314d9f1,9.33136469999954,8.188586206160048e-05,8.775336158665465e-06,12.8431203968,64.5162152398085,20.0,3.147670967712913e-05,0.0001671076336859,4.9015914444438144e-05,0.0002476002578075,0.0,Italy,ITA,lombardy,,,Windows-11-10.0.26200-SP0,3.13.13,3.2.6,32,13th Gen Intel(R) Core(TM) i9-13900HX,1,1 x NVIDIA GeForce RTX 4070 Laptop GPU,9.1922,45.4722,31.70067596435547,machine,0.0,76.57142857142857,33.628571428571426,10.660096849714009,N,1.0,0.0
2026-05-04T18:40:57,Q232_qwen2.5:7b_HumanEval,93393a87-7fbc-45a9-bc78-72df3dd81d01,5b0fa12a-3dd7-45bb-9766-cc326314d9f1,15.334303799998452,0.000137734246575,8.982099766082929e-06,12.823761818514289,66.0282885890402,20.0,5.2834920674840886e-05,0.0002812352249879,8.240022055554922e-05,0.0004164703662183,0.0,Italy,ITA,lombardy,,,Windows-11-10.0.26200-SP0,3.13.13,3.2.6,32,13th Gen Intel(R) Core(TM) i9-13900HX,1,1 x NVIDIA GeForce RTX 4070 Laptop GPU,9.1922,45.4722,31.70067596435547,machine,0.0,77.76923076923077,34.284615384615385,10.863707322340746,N,1.0,0.0
2026-05-04T18:41:21,Q232_mistral:latest _HumanEval,f2cc31bd-4c63-4a57-b96f-fd447519415f,5b0fa12a-3dd7-45bb-9766-cc326314d9f1,8.775425199997699,7.221438335578181e-05,8.229160605893006e-06,12.8411057792,58.67459471644784,20.0,2.9493144280512946e-05,0.0001429290032319,4.593422666665801e-05,0.0002183563741791,0.0,Italy,ITA,lombardy,,,Windows-11-10.0.26200-SP0,3.13.13,3.2.6,32,13th Gen Intel(R) Core(TM) i9-13900HX,1,1 x NVIDIA GeForce RTX 4070 Laptop GPU,9.1922,45.4722,31.70067596435547,machine,0.0,77.42857142857143,33.4,10.589230128696986,N,1.0,0.0
2026-05-04T18:41:41,Q233_phi3:mini_SQuAD,76db7e9e-ce31-49d2-ac6d-bb163e5ef417,5b0fa12a-3dd7-45bb-9766-cc326314d9f1,5.146662500003004,3.53325058321293e-05,6.865129748086004e-06,12.8517347648,45.11374234169451,20.0,1.6575276446036953e-05,6.446671823998051e-05,2.5793756111124824e-05,0.0001068357507971,0.0,Italy,ITA,lombardy,,,Windows-11-10.0.26200-SP0,3.13.13,3.2.6,32,13th Gen Intel(R) Core(TM) i9-13900HX,1,1 x NVIDIA GeForce RTX 4070 Laptop GPU,9.1922,45.4722,31.70067596435547,machine,0.0,35.333333333333336,33.23333333333333,10.526354471842447,N,1.0,0.0
2026-05-04T18:42:03,Q233_qwen2.5:7b_SQuAD,e21dcadf-b927-4b2c-a671-b6739f028dc3,5b0fa12a-3dd7-45bb-9766-cc326314d9f1,6.734805600000982,4.405876743002783e-05,6.541950881258013e-06,12.8365281728,40.83025318735598,20.0,2.2223976429821265e-05,7.637283887601543e-05,3.462474333332971e-05,0.0001332215586391,0.0,Italy,ITA,lombardy,,,Windows-11-10.0.26200-SP0,3.13.13,3.2.6,32,13th Gen Intel(R) Core(TM) i9-13900HX,1,1 x NVIDIA GeForce RTX 4070 Laptop GPU,9.1922,45.4722,31.70067596435547,machine,0.0,47.4,33.9,10.745687103271484,N,1.0,0.0
2026-05-04T18:42:23,Q233_mistral:latest _SQuAD,3f3e56e8-e87c-4f40-8233-c127cdfb48ff,5b0fa12a-3dd7-45bb-9766-cc326314d9f1,5.472512700001971,3.813982534906617e-05,6.96934432862119e-06,12.8507858336,46.03698917514613,20.0,1.774306072427805e-05,6.996866708600114e-05,2.761258277779335e-05,0.000115324310588,0.0,Italy,ITA,lombardy,,,Windows-11-10.0.26200-SP0,3.13.13,3.2.6,32,13th Gen Intel(R) Core(TM) i9-13900HX,1,1 x NVIDIA GeForce RTX 4070 Laptop GPU,9.1922,45.4722,31.70067596435547,machine,0.0,51.0,33.333333333333336,10.576961517333984,N,1.0,0.0
2026-05-04T18:42:48,Q234_phi3:mini_HumanEval,71c4de9e-ea92-485f-b155-3b9f683114a7,5b0fa12a-3dd7-45bb-9766-cc326314d9f1,9.230319899997994,7.839967155737929e-05,8.493711204678435e-06,12.843875561600004,61.40372678214735,20.0,3.1141357372491225e-05,0.00015742651483,4.849110722221263e-05,0.0002370589794247,0.0,Italy,ITA,lombardy,,,Windows-11-10.0.26200-SP0,3.13.13,3.2.6,32,13th Gen Intel(R) Core(TM) i9-13900HX,1,1 x NVIDIA GeForce RTX 4070 Laptop GPU,9.1922,45.4722,31.70067596435547,machine,0.0,79.57142857142857,33.17142857142857,10.522046225411552,N,1.0,0.0
2026-05-04T18:43:15,Q234_qwen2.5:7b_HumanEval,3af918ef-6e6c-43c4-8a24-2d7dbf1c0919,5b0fa12a-3dd7-45bb-9766-cc326314d9f1,12.52475720000075,0.0001056653069374,8.436515395082407e-06,12.829264350254546,60.33868974734324,20.0,4.283996417946763e-05,0.0002098793345699,6.678344055556711e-05,0.000319502739305,0.0,Italy,ITA,lombardy,,,Windows-11-10.0.26200-SP0,3.13.13,3.2.6,32,13th Gen Intel(R) Core(TM) i9-13900HX,1,1 x NVIDIA GeForce RTX 4070 Laptop GPU,9.1922,45.4722,31.70067596435547,machine,3.33,73.0,34.1,10.80052490234375,N,1.0,0.0
2026-05-04T18:43:41,Q234_mistral:latest _HumanEval,580e0f72-dd09-4c14-9f9b-88beaa4fafe1,5b0fa12a-3dd7-45bb-9766-cc326314d9f1,10.779017799999565,9.581047385213436e-05,8.888608927998821e-06,12.824229186560002,65.46403650117139,20.0,3.6610585258238855e-05,0.000195999323466,5.709453388887293e-05,0.0002897044426131,0.0,Italy,ITA,lombardy,,,Windows-11-10.0.26200-SP0,3.13.13,3.2.6,32,13th Gen Intel(R) Core(TM) i9-13900HX,1,1 x NVIDIA GeForce RTX 4070 Laptop GPU,9.1922,45.4722,31.70067596435547,machine,0.0,82.44444444444444,33.32222222222222,10.567953321668837,N,1.0,0.0
2026-05-04T18:44:05,Q235_phi3:mini_GSM8K,f7987b00-fac4-4034-a4c8-fd6842b7a0c7,5b0fa12a-3dd7-45bb-9766-cc326314d9f1,9.192569300001196,7.951596484052875e-05,8.650026151069473e-06,12.8407992464,63.16140412706721,20.0,3.098257897029704e-05,0.0001611965178459,4.8255245555547946e-05,0.0002404343423718,0.0,Italy,ITA,lombardy,,,Windows-11-10.0.26200-SP0,3.13.13,3.2.6,32,13th Gen Intel(R) Core(TM) i9-13900HX,1,1 x NVIDIA GeForce RTX 4070 Laptop GPU,9.1922,45.4722,31.70067596435547,machine,0.0,71.85714285714286,33.65714285714286,10.666034698486328,N,1.0,0.0
2026-05-04T18:44:35,Q235_qwen2.5:7b_GSM8K,4138d8bf-872c-43b3-a288-5eea9b99969b,5b0fa12a-3dd7-45bb-9766-cc326314d9f1,14.866446899999572,0.0001294809136158,8.709607244209088e-06,12.831871890285717,63.1138173479124,20.0,5.11875356810524e-05,0.00026054604177,7.978098666666888e-05,0.0003915145641177,0.0,Italy,ITA,lombardy,,,Windows-11-10.0.26200-SP0,3.13.13,3.2.6,32,13th Gen Intel(R) Core(TM) i9-13900HX,1,1 x NVIDIA GeForce RTX 4070 Laptop GPU,9.1922,45.4722,31.70067596435547,machine,0.0,68.07692307692308,34.3,10.87135960505559,N,1.0,0.0
2026-05-04T18:45:00,Q235_mistral:latest _GSM8K,9729f428-5152-4eb4-b7ea-f3bf6747c93b,5b0fa12a-3dd7-45bb-9766-cc326314d9f1,9.962234499998884,8.88396988419546e-05,8.91764782709788e-06,12.8376457984,65.93964850508084,20.0,3.3717225482249106e-05,0.000182381812572,5.2527703888881664e-05,0.0002686267419431,0.0,Italy,ITA,lombardy,,,Windows-11-10.0.26200-SP0,3.13.13,3.2.6,32,13th Gen Intel(R) Core(TM) i9-13900HX,1,1 x NVIDIA GeForce RTX 4070 Laptop GPU,9.1922,45.4722,31.70067596435547,machine,0.0,80.25,33.475,10.602736949920654,N,1.0,0.0
2026-05-04T18:45:24,Q236_phi3:mini_HellaSwag,30b43f7e-1c2d-4209-bd3f-7e17693d010d,5b0fa12a-3dd7-45bb-9766-cc326314d9f1,8.863571000001684,7.362516189820798e-05,8.306489776884957e-06,12.868719363200002,59.41727412683576,20.0,2.9890403957061293e-05,0.000146279005912,4.645276944443645e-05,0.0002226221793135,0.0,Italy,ITA,lombardy,,,Windows-11-10.0.26200-SP0,3.13.13,3.2.6,32,13th Gen Intel(R) Core(TM) i9-13900HX,1,1 x NVIDIA GeForce RTX 4070 Laptop GPU,9.1922,45.4722,31.70067596435547,machine,0.0,76.0,33.27142857142857,10.553472246442524,N,1.0,0.0
2026-05-04T18:45:47,Q236_qwen2.5:7b_HellaSwag,bd5e8b5c-5bb3-4704-b894-d3bf1729f053,5b0fa12a-3dd7-45bb-9766-cc326314d9f1,7.921205299997382,5.585126034513308e-05,7.050853781703087e-06,12.828920515657144,46.00844376209982,20.0,2.6438351486411065e-05,0.0001012245254239,4.1215927222219765e-05,0.0001688788041326,0.0,Italy,ITA,lombardy,,,Windows-11-10.0.26200-SP0,3.13.13,3.2.6,32,13th Gen Intel(R) Core(TM) i9-13900HX,1,1 x NVIDIA GeForce RTX 4070 Laptop GPU,9.1922,45.4722,31.70067596435547,machine,0.0,49.16666666666666,33.800000000000004,10.712814331054688,N,1.0,0.0
2026-05-04T18:46:08,Q236_mistral:latest _HellaSwag,0d1f51c6-487e-4fa2-981e-0c4ef705ea31,5b0fa12a-3dd7-45bb-9766-cc326314d9f1,6.353282900003251,4.659168823191517e-05,7.33348238465681e-06,12.83027105792,49.60663297390016,20.0,2.085119127862052e-05,8.752729224401068e-05,3.2501928888895136e-05,0.0001408804124115,0.0,Italy,ITA,lombardy,,,Windows-11-10.0.26200-SP0,3.13.13,3.2.6,32,13th Gen Intel(R) Core(TM) i9-13900HX,1,1 x NVIDIA GeForce RTX 4070 Laptop GPU,9.1922,45.4722,31.70067596435547,machine,0.0,63.0,33.4,10.59917163848877,N,1.0,0.0
2026-05-04T18:46:29,Q237_phi3:mini_MMLU,28d50612-de7e-4d8c-a9b7-e535c1bb93ae,5b0fa12a-3dd7-45bb-9766-cc326314d9f1,5.792858299999352,4.346320309056455e-05,7.5028942259073395e-06,12.833063183360004,51.69452210567021,20.0,1.885852927590337e-05,8.317228876000837e-05,2.9389918333335018e-05,0.0001314207363692,0.0,Italy,ITA,lombardy,,,Windows-11-10.0.26200-SP0,3.13.13,3.2.6,32,13th Gen Intel(R) Core(TM) i9-13900HX,1,1 x NVIDIA GeForce RTX 4070 Laptop GPU,9.1922,45.4722,31.70067596435547,machine,0.0,57.5,33.3,10.554738998413086,N,1.0,0.0
2026-05-04T18:46:43,Q237_qwen2.5:7b_MMLU,ec5a2461-afbd-4cbd-bb14-3879a5f7d573,5b0fa12a-3dd7-45bb-9766-cc326314d9f1,8.658948500000406,6.708651386135248e-05,7.7476513298756e-06,12.833711048,53.422605850015344,20.0,2.907463085193089e-05,0.0001284681583299,4.530832222222266e-05,0.0002028511114041,0.0,Italy,ITA,lombardy,,,Windows-11-10.0.26200-SP0,3.13.13,3.2.6,32,13th Gen Intel(R) Core(TM) i9-13900HX,1,1 x NVIDIA GeForce RTX 4070 Laptop GPU,9.1922,45.4722,31.70067596435547,machine,0.0,46.85714285714285,34.01428571428571,10.77943856375558,N,1.0,0.0
2026-05-04T18:47:04,Q237_mistral:latest _MMLU,81aa8354-8e2e-4f6c-a0e0-06f8c0913038,5b0fa12a-3dd7-45bb-9766-cc326314d9f1,6.217854399998032,4.352315812093378e-05,6.9997068636646685e-06,12.84054286592,46.01469011633949,20.0,2.0385545269675863e-05,7.946534134997685e-05,3.175113722221189e-05,0.0001316020238418,0.0,Italy,ITA,lombardy,,,Windows-11-10.0.26200-SP0,3.13.13,3.2.6,32,13th Gen Intel(R) Core(TM) i9-13900HX,1,1 x NVIDIA GeForce RTX 4070 Laptop GPU,9.1922,45.4722,31.70067596435547,machine,10.0,63.0,33.45,10.600421905517578,N,1.0,0.0
2026-05-04T18:47:29,Q238_phi3:mini_HumanEval,3584114a-9641-4c39-8c86-5fbadf355057,5b0fa12a-3dd7-45bb-9766-cc326314d9f1,9.283457699999415,8.17013933631077e-05,8.800750324215171e-06,12.828410912000002,64.75127596973756,20.0,3.129349622558847e-05,0.0001669623557919,4.878662333333826e-05,0.0002470424753509,0.0,Italy,ITA,lombardy,,,Windows-11-10.0.26200-SP0,3.13.13,3.2.6,32,13th Gen Intel(R) Core(TM) i9-13900HX,1,1 x NVIDIA GeForce RTX 4070 Laptop GPU,9.1922,45.4722,31.70067596435547,machine,0.0,78.57142857142857,33.22857142857143,10.536251613071986,N,1.0,0.0
2026-05-04T18:47:59,Q238_qwen2.5:7b_HumanEval,b2e30423-9813-48ea-abfd-83e01565f160,5b0fa12a-3dd7-45bb-9766-cc326314d9f1,15.344129400000384,0.0001355085790408,8.831297984288964e-06,12.8359557632,64.37770341503888,20.0,5.291798651629368e-05,0.000274371330608,8.245124444444324e-05,0.0004097405615687,0.0,Italy,ITA,lombardy,,,Windows-11-10.0.26200-SP0,3.13.13,3.2.6,32,13th Gen Intel(R) Core(TM) i9-13900HX,1,1 x NVIDIA GeForce RTX 4070 Laptop GPU,9.1922,45.4722,31.70067596435547,machine,0.0,78.53846153846153,34.11538461538461,10.81133270263672,N,1.0,0.0
2026-05-04T18:48:25,Q238_mistral:latest _HumanEval,37640850-4d2a-4e8e-86ae-f15e106f91c7,5b0fa12a-3dd7-45bb-9766-cc326314d9f1,10.439296900000045,9.251664058025643e-05,8.86234403202538e-06,12.8456978688,65.20926640423775,20.0,3.5458589284252856e-05,0.000189080151264,5.520605888889097e-05,0.0002797447994371,0.0,Italy,ITA,lombardy,,,Windows-11-10.0.26200-SP0,3.13.13,3.2.6,32,13th Gen Intel(R) Core(TM) i9-13900HX,1,1 x NVIDIA GeForce RTX 4070 Laptop GPU,9.1922,45.4722,31.70067596435547,machine,0.0,80.125,33.6875,10.682451248168944,N,1.0,0.0
2026-05-04T18:48:49,Q239_phi3:mini_GSM8K,df61058b-e561-42c2-b813-0c3e435e4931,5b0fa12a-3dd7-45bb-9766-cc326314d9f1,9.1567083000009,8.098835230100607e-05,8.844701572616232e-06,12.830400761600002,65.2542981735202,20.0,3.0844475886896165e-05,0.000165962354992,4.80796050000006e-05,0.0002448864358789,0.0,Italy,ITA,lombardy,,,Windows-11-10.0.26200-SP0,3.13.13,3.2.6,32,13th Gen Intel(R) Core(TM) i9-13900HX,1,1 x NVIDIA GeForce RTX 4070 Laptop GPU,9.1922,45.4722,31.70067596435547,machine,0.0,70.42857142857143,33.471428571428575,10.613429478236608,N,1.0,0.0
2026-05-04T18:49:13,Q239_qwen2.5:7b_GSM8K,3166fb1b-b0cd-427c-a0a4-6736f2dd0d31,5b0fa12a-3dd7-45bb-9766-cc326314d9f1,8.434430500001326,6.142500954460999e-05,7.28265050552024e-06,12.849643234742858,48.38765377435527,20.0,2.831245345205509e-05,0.0001133539795719,4.406585111110972e-05,0.0001857322841351,0.0,Italy,ITA,lombardy,,,Windows-11-10.0.26200-SP0,3.13.13,3.2.6,32,13th Gen Intel(R) Core(TM) i9-13900HX,1,1 x NVIDIA GeForce RTX 4070 Laptop GPU,9.1922,45.4722,31.70067596435547,machine,0.0,56.16666666666666,34.083333333333336,10.800083796183268,N,1.0,0.0
2026-05-04T18:49:36,Q239_mistral:latest _GSM8K,25763778-237d-4302-a2c1-cb77b8b97aec,5b0fa12a-3dd7-45bb-9766-cc326314d9f1,8.078830700000253,6.772552759615457e-05,8.383085388353595e-06,12.84576974994286,60.45208204924607,20.0,2.703791747315026e-05,0.0001356498307419,4.209556444444994e-05,0.0002047833126595,0.0,Italy,ITA,lombardy,,,Windows-11-10.0.26200-SP0,3.13.13,3.2.6,32,13th Gen Intel(R) Core(TM) i9-13900HX,1,1 x NVIDIA GeForce RTX 4070 Laptop GPU,9.1922,45.4722,31.70067596435547,machine,0.0,66.16666666666667,33.35,10.5599365234375,N,1.0,0.0
2026-05-04T18:49:56,Q240_phi3:mini_SQuAD,74d3a0c4-1beb-4222-82a7-6bc200e66cc8,5b0fa12a-3dd7-45bb-9766-cc326314d9f1,4.780938800002332,3.216505154971042e-05,6.727768937283768e-06,12.851920841600002,43.839963529276645,20.0,1.5275778475420074e-05,5.8211435458005445e-05,2.377102888888961e-05,9.725824282231512e-05,0.0,Italy,ITA,lombardy,,,Windows-11-10.0.26200-SP0,3.13.13,3.2.6,32,13th Gen Intel(R) Core(TM) i9-13900HX,1,1 x NVIDIA GeForce RTX 4070 Laptop GPU,9.1922,45.4722,31.70067596435547,machine,0.0,53.66666666666666,33.333333333333336,10.571762084960938,N,1.0,0.0
2026-05-04T18:50:06,Q240_qwen2.5:7b_SQuAD,35dd7b82-a4c8-4ed5-b579-fd212967b169,5b0fa12a-3dd7-45bb-9766-cc326314d9f1,5.753295700000308,3.203410870886575e-05,5.5679579808255e-06,12.840628736,30.640084459549133,20.0,1.873004195864317e-05,4.896031694601177e-05,2.917194888889045e-05,9.68623077935454e-05,0.0,Italy,ITA,lombardy,,,Windows-11-10.0.26200-SP0,3.13.13,3.2.6,32,13th Gen Intel(R) Core(TM) i9-13900HX,1,1 x NVIDIA GeForce RTX 4070 Laptop GPU,9.1922,45.4722,31.70067596435547,machine,8.325,11.75,33.775,10.714046478271484,N,1.0,0.0
2026-05-04T18:50:26,Q240_mistral:latest _SQuAD,73360458-e3a4-4ba3-9527-232c92a45308,5b0fa12a-3dd7-45bb-9766-cc326314d9f1,4.436105200002203,2.685801132801719e-05,6.054412624841236e-06,12.863238195200005,36.76259596382985,20.0,1.4058983736407638e-05,4.529448067996933e-05,2.1857752777779955e-05,8.121121719415693e-05,0.0,Italy,ITA,lombardy,,,Windows-11-10.0.26200-SP0,3.13.13,3.2.6,32,13th Gen Intel(R) Core(TM) i9-13900HX,1,1 x NVIDIA GeForce RTX 4070 Laptop GPU,9.1922,45.4722,31.70067596435547,machine,0.0,38.5,33.3,10.5604248046875,N,1.0,0.0
2026-05-04T18:50:40,Q241_phi3:mini_HumanEval,1e19e5b5-6635-477f-b537-6e96728379c9,5b0fa12a-3dd7-45bb-9766-cc326314d9f1,9.298137800000404,8.209085810524681e-05,8.828741826696013e-06,12.8303986016,65.05210676448928,20.0,3.1350224335909166e-05,0.000168002356624,4.8867528333337554e-05,0.0002482201092932,0.0,Italy,ITA,lombardy,,,Windows-11-10.0.26200-SP0,3.13.13,3.2.6,32,13th Gen Intel(R) Core(TM) i9-13900HX,1,1 x NVIDIA GeForce RTX 4070 Laptop GPU,9.1922,45.4722,31.70067596435547,machine,0.0,72.42857142857143,33.271428571428565,10.544512612479071,N,1.0,0.0
2026-05-04T18:51:05,Q241_qwen2.5:7b_HumanEval,816f5f84-f8df-443a-9b3a-01b6eb9e4827,5b0fa12a-3dd7-45bb-9766-cc326314d9f1,9.322353999999905,7.080189418846304e-05,7.594851492280143e-06,12.837961064000002,51.606801409992514,20.0,3.145576690809155e-05,0.00013362649579,4.900313388890127e-05,0.000214085396587,0.0,Italy,ITA,lombardy,,,Windows-11-10.0.26200-SP0,3.13.13,3.2.6,32,13th Gen Intel(R) Core(TM) i9-13900HX,1,1 x NVIDIA GeForce RTX 4070 Laptop GPU,9.1922,45.4722,31.70067596435547,machine,0.0,61.285714285714285,34.1,10.814876556396484,N,1.0,0.0
2026-05-04T18:51:31,Q241_mistral:latest _HumanEval,42603c12-9f9f-4bbc-bfc0-b152964ad06b,5b0fa12a-3dd7-45bb-9766-cc326314d9f1,10.702031499997249,9.63165856369724e-05,8.999841351335694e-06,12.833767838720002,66.67680225657357,20.0,3.636394536119869e-05,0.0001982026585619,5.6668181111106405e-05,0.0002912347850342,0.0,Italy,ITA,lombardy,,,Windows-11-10.0.26200-SP0,3.13.13,3.2.6,32,13th Gen Intel(R) Core(TM) i9-13900HX,1,1 x NVIDIA GeForce RTX 4070 Laptop GPU,9.1922,45.4722,31.70067596435547,machine,0.0,81.66666666666667,33.388888888888886,10.592317369249132,N,1.0,0.0
2026-05-04T18:51:53,Q242_phi3:mini_MMLU,4a5ad367-8db2-44e1-ae17-71d0bee2d1e5,5b0fa12a-3dd7-45bb-9766-cc326314d9f1,7.1713559000018,5.798709179453515e-05,8.08593139193114e-06,12.847842944000002,57.48203392089691,20.0,2.3799823208510856e-05,0.0001144892582579,3.704788777779161e-05,0.0001753369692442,0.0,Italy,ITA,lombardy,,,Windows-11-10.0.26200-SP0,3.13.13,3.2.6,32,13th Gen Intel(R) Core(TM) i9-13900HX,1,1 x NVIDIA GeForce RTX 4070 Laptop GPU,9.1922,45.4722,31.70067596435547,machine,0.0,87.4,33.279999999999994,10.541159057617188,N,1.0,0.0
2026-05-04T18:52:16,Q242_qwen2.5:7b_MMLU,10f33a1c-1f5d-4829-a226-771fea5988b3,5b0fa12a-3dd7-45bb-9766-cc326314d9f1,7.778254400000151,5.645141171752783e-05,7.257593904041855e-06,12.824689581714289,48.30074379597804,20.0,2.5921237289415006e-05,0.000104349805702,4.0422453333323775e-05,0.0001706934963247,0.0,Italy,ITA,lombardy,,,Windows-11-10.0.26200-SP0,3.13.13,3.2.6,32,13th Gen Intel(R) Core(TM) i9-13900HX,1,1 x NVIDIA GeForce RTX 4070 Laptop GPU,9.1922,45.4722,31.70067596435547,machine,0.0,55.66666666666666,34.300000000000004,10.869195302327476,N,1.0,0.0
2026-05-04T18:52:37,Q242_mistral:latest _MMLU,c8ae4d28-07e1-4977-98a2-41a1c460918e,5b0fa12a-3dd7-45bb-9766-cc326314d9f1,6.111562900001445,4.546000460667298e-05,7.438359933538806e-06,12.8590656896,50.86498611816495,20.0,2.002473039485012e-05,8.62897912539684e-05,3.114399166667378e-05,0.0001374585133154,0.0,Italy,ITA,lombardy,,,Windows-11-10.0.26200-SP0,3.13.13,3.2.6,32,13th Gen Intel(R) Core(TM) i9-13900HX,1,1 x NVIDIA GeForce RTX 4070 Laptop GPU,9.1922,45.4722,31.70067596435547,machine,25.0,51.5,33.725,10.684670448303224,N,1.0,0.0
2026-05-04T18:52:57,Q243_phi3:mini_GSM8K,7f9388df-e399-4bf8-b506-02ef5e6522e4,5b0fa12a-3dd7-45bb-9766-cc326314d9f1,4.804038500002207,3.196857154078067e-05,6.6545202626427705e-06,12.8796848192,43.003279725912805,20.0,1.5390040574554093e-05,5.737726812402033e-05,2.3896832777791133e-05,9.666414147636556e-05,0.0,Italy,ITA,lombardy,,,Windows-11-10.0.26200-SP0,3.13.13,3.2.6,32,13th Gen Intel(R) Core(TM) i9-13900HX,1,1 x NVIDIA GeForce RTX 4070 Laptop GPU,9.1922,45.4722,31.70067596435547,machine,0.0,49.333333333333336,33.36666666666667,10.579806009928385,N,1.0,0.0
2026-05-04T18:53:12,Q243_qwen2.5:7b_GSM8K,8a5a3fa9-c702-4ca4-9fe1-aa39f99f5ebe,5b0fa12a-3dd7-45bb-9766-cc326314d9f1,10.008885100000043,8.19954058922615e-05,8.19226168279833e-06,12.8335285888,58.00005982999182,20.0,3.388854748089521e-05,0.000161231517874,5.281142277777285e-05,0.0002479314881326,0.0,Italy,ITA,lombardy,,,Windows-11-10.0.26200-SP0,3.13.13,3.2.6,32,13th Gen Intel(R) Core(TM) i9-13900HX,1,1 x NVIDIA GeForce RTX 4070 Laptop GPU,9.1922,45.4722,31.70067596435547,machine,0.0,64.625,34.1125,10.816876888275146,N,1.0,0.0
2026-05-04T18:53:36,Q243_mistral:latest _GSM8K,a3e5a4e7-75f9-4529-a5f9-31bf57666ec1,5b0fa12a-3dd7-45bb-9766-cc326314d9f1,8.898153999998613,7.348407231254217e-05,8.258350250237704e-06,12.837787832,58.9218667577844,20.0,2.993900072374095e-05,0.0001456159498259,4.66406127777696e-05,0.0002221955633274,0.0,Italy,ITA,lombardy,,,Windows-11-10.0.26200-SP0,3.13.13,3.2.6,32,13th Gen Intel(R) Core(TM) i9-13900HX,1,1 x NVIDIA GeForce RTX 4070 Laptop GPU,9.1922,45.4722,31.70067596435547,machine,0.0,72.71428571428571,33.4,10.581772940499445,N,1.0,0.0
2026-05-04T18:53:55,Q244_phi3:mini_SQuAD,9a1d54f4-bf40-482b-9bcf-9c26eb17f1d4,5b0fa12a-3dd7-45bb-9766-cc326314d9f1,4.526727299999038,2.602544935175032e-05,5.749285880719134e-06,12.8680980608,33.365937228472696,20.0,1.4386809223730326e-05,4.194808911398007e-05,2.23588811110959e-05,7.86937794488063e-05,0.0,Italy,ITA,lombardy,,,Windows-11-10.0.26200-SP0,3.13.13,3.2.6,32,13th Gen Intel(R) Core(TM) i9-13900HX,1,1 x NVIDIA GeForce RTX 4070 Laptop GPU,9.1922,45.4722,31.70067596435547,machine,0.0,53.5,33.3,10.549272537231444,N,1.0,0.0
2026-05-04T18:54:07,Q244_qwen2.5:7b_SQuAD,b97034ca-bd01-4189-8fea-d2940b3b41d0,5b0fa12a-3dd7-45bb-9766-cc326314d9f1,6.212750599999708,3.651302030336143e-05,5.877110261494023e-06,12.84066285824,33.791339823447245,20.0,2.03699103649474e-05,5.830893553601668e-05,3.1726454999989075e-05,0.0001104053009009,0.0,Italy,ITA,lombardy,,,Windows-11-10.0.26200-SP0,3.13.13,3.2.6,32,13th Gen Intel(R) Core(TM) i9-13900HX,1,1 x NVIDIA GeForce RTX 4070 Laptop GPU,9.1922,45.4722,31.70067596435547,machine,0.0,31.25,33.9,10.747398376464844,N,1.0,0.0
2026-05-04T18:54:26,Q244_mistral:latest _SQuAD,4931eda2-2793-4837-9c0f-1c71be8ad263,5b0fa12a-3dd7-45bb-9766-cc326314d9f1,4.449350400002004,2.7820794835319325e-05,6.252776772831107e-06,12.8488957952,38.94318293478096,20.0,1.4085034879503076e-05,4.81142051579897e-05,2.192316888890168e-05,8.412240892639446e-05,0.0,Italy,ITA,lombardy,,,Windows-11-10.0.26200-SP0,3.13.13,3.2.6,32,13th Gen Intel(R) Core(TM) i9-13900HX,1,1 x NVIDIA GeForce RTX 4070 Laptop GPU,9.1922,45.4722,31.70067596435547,machine,0.0,18.0,33.3,10.568010330200195,N,1.0,0.0
2026-05-04T18:54:37,Q245_phi3:mini_SQuAD,92be5a9f-d22d-43f8-b3c6-e07c5a82409a,5b0fa12a-3dd7-45bb-9766-cc326314d9f1,5.530589699999837,4.1206250078205605e-05,7.4506069539396175e-06,12.85647578624,51.267564503174015,20.0,1.7950553974977716e-05,7.872228519997804e-05,2.7923493888879924e-05,0.0001245963330638,0.0,Italy,ITA,lombardy,,,Windows-11-10.0.26200-SP0,3.13.13,3.2.6,32,13th Gen Intel(R) Core(TM) i9-13900HX,1,1 x NVIDIA GeForce RTX 4070 Laptop GPU,9.1922,45.4722,31.70067596435547,machine,0.0,52.25,33.25,10.541340827941896,N,1.0,0.0
2026-05-04T18:54:58,Q245_qwen2.5:7b_SQuAD,591f7904-6027-4e67-b446-477ff7067f92,5b0fa12a-3dd7-45bb-9766-cc326314d9f1,5.861706399999093,3.630098563086944e-05,6.192904105684149e-06,12.86057727488,37.3714355917274,20.0,1.914707286952661e-05,6.084227089600547e-05,2.9774822777775022e-05,0.0001097641665433,0.0,Italy,ITA,lombardy,,,Windows-11-10.0.26200-SP0,3.13.13,3.2.6,32,13th Gen Intel(R) Core(TM) i9-13900HX,1,1 x NVIDIA GeForce RTX 4070 Laptop GPU,9.1922,45.4722,31.70067596435547,machine,9.375,37.5,33.75,10.706079483032228,N,1.0,0.0
2026-05-04T18:55:07,Q245_mistral:latest _SQuAD,b175e33f-ef0e-4590-9bed-f73028f7f44a,5b0fa12a-3dd7-45bb-9766-cc326314d9f1,4.810325599999487,3.317382576432779e-05,6.896378441478333e-06,12.875990268800004,45.66985136898329,20.0,1.54005867538027e-05,6.0988104345988114e-05,2.3919806666668188e-05,0.0001003084977664,0.0,Italy,ITA,lombardy,,,Windows-11-10.0.26200-SP0,3.13.13,3.2.6,32,13th Gen Intel(R) Core(TM) i9-13900HX,1,1 x NVIDIA GeForce RTX 4070 Laptop GPU,9.1922,45.4722,31.70067596435547,machine,0.0,53.66666666666666,33.5,10.61264673868815,N,1.0,0.0
2026-05-04T18:55:17,Q246_phi3:mini_SQuAD,565e8eea-8677-4165-b9a6-7de0e93adabd,5b0fa12a-3dd7-45bb-9766-cc326314d9f1,4.663683000002493,3.3055274277103675e-05,7.087804697936374e-06,12.854382780800002,47.94701240684284,20.0,1.4838527819197694e-05,6.202532739799094e-05,2.3086175555565408e-05,9.995003077275405e-05,0.0,Italy,ITA,lombardy,,,Windows-11-10.0.26200-SP0,3.13.13,3.2.6,32,13th Gen Intel(R) Core(TM) i9-13900HX,1,1 x NVIDIA GeForce RTX 4070 Laptop GPU,9.1922,45.4722,31.70067596435547,machine,0.0,48.66666666666666,33.333333333333336,10.568365732828775,N,1.0,0.0
2026-05-04T18:55:38,Q246_qwen2.5:7b_SQuAD,e8a1a3a2-ab69-4b2f-b8a0-1a8bb6f1f773,5b0fa12a-3dd7-45bb-9766-cc326314d9f1,5.629465000001801,3.0796406204385484e-05,5.470574238293627e-06,12.838888340480002,29.640290843241687,20.0,1.828779422177772e-05,4.634475929798931e-05,2.8487283333338887e-05,9.311983685310592e-05,0.0,Italy,ITA,lombardy,,,Windows-11-10.0.26200-SP0,3.13.13,3.2.6,32,13th Gen Intel(R) Core(TM) i9-13900HX,1,1 x NVIDIA GeForce RTX 4070 Laptop GPU,9.1922,45.4722,31.70067596435547,machine,0.0,37.25,33.9,10.742335319519045,N,1.0,0.0
2026-05-04T18:55:47,Q246_mistral:latest _SQuAD,f9365fb3-184c-4b6f-9db9-92c79c677cf2,5b0fa12a-3dd7-45bb-9766-cc326314d9f1,4.701143800000864,2.7677363531613e-05,5.887367991510474e-06,12.8530631072,34.74733670034705,20.0,1.499196204657357e-05,4.536948073999292e-05,2.3327269444436955e-05,8.368871223100345e-05,0.0,Italy,ITA,lombardy,,,Windows-11-10.0.26200-SP0,3.13.13,3.2.6,32,13th Gen Intel(R) Core(TM) i9-13900HX,1,1 x NVIDIA GeForce RTX 4070 Laptop GPU,9.1922,45.4722,31.70067596435547,machine,0.0,59.66666666666666,33.43333333333334,10.607710520426432,N,1.0,0.0
2026-05-04T18:56:12,Q247_phi3:mini_MMLU,0a09a1ef-9b61-46a9-ad75-e9123df2831a,5b0fa12a-3dd7-45bb-9766-cc326314d9f1,9.159307800000532,7.823009133185916e-05,8.541048411087856e-06,12.84216212,61.93853331232563,20.0,3.088304621566284e-05,0.0001575679038319,4.8095265555558506e-05,0.0002365462156032,0.0,Italy,ITA,lombardy,,,Windows-11-10.0.26200-SP0,3.13.13,3.2.6,32,13th Gen Intel(R) Core(TM) i9-13900HX,1,1 x NVIDIA GeForce RTX 4070 Laptop GPU,9.1922,45.4722,31.70067596435547,machine,3.571428571428572,76.14285714285714,33.68571428571429,10.674015590122767,N,1.0,0.0
2026-05-04T18:56:34,Q247_qwen2.5:7b_MMLU,2221d627-2ec9-4ae7-bee9-d86499612634,5b0fa12a-3dd7-45bb-9766-cc326314d9f1,6.884596500000043,4.646106007291691e-05,6.748552376732118e-06,12.8488740416,43.012215720284594,20.0,2.2780597540732794e-05,8.22470102420092e-05,3.54578211111099e-05,0.0001404854288938,0.0,Italy,ITA,lombardy,,,Windows-11-10.0.26200-SP0,3.13.13,3.2.6,32,13th Gen Intel(R) Core(TM) i9-13900HX,1,1 x NVIDIA GeForce RTX 4070 Laptop GPU,9.1922,45.4722,31.70067596435547,machine,0.0,24.2,34.14,10.818846130371094,N,1.0,0.0
2026-05-04T18:56:55,Q247_mistral:latest _MMLU,f92de617-36ff-4f2f-a445-aba4c18772d4,5b0fa12a-3dd7-45bb-9766-cc326314d9f1,5.967898000002606,4.382952499558377e-05,7.344214830006249e-06,12.842574095360002,49.874886884741045,20.0,1.9497739400327017e-05,8.266728835598647e-05,3.03633650000039e-05,0.0001325283927563,0.0,Italy,ITA,lombardy,,,Windows-11-10.0.26200-SP0,3.13.13,3.2.6,32,13th Gen Intel(R) Core(TM) i9-13900HX,1,1 x NVIDIA GeForce RTX 4070 Laptop GPU,9.1922,45.4722,31.70067596435547,machine,0.0,69.5,33.7,10.678732872009276,N,1.0,0.0
2026-05-04T18:57:19,Q248_phi3:mini_HumanEval,1336dc74-cbc9-4529-8487-90c3f203c5fa,5b0fa12a-3dd7-45bb-9766-cc326314d9f1,9.294847799999843,7.748792572103612e-05,8.336653529822987e-06,12.863506563200003,59.66560878116964,20.0,3.141716274349467e-05,0.00015403901212,4.884593666665751e-05,0.0002343021115301,0.0,Italy,ITA,lombardy,,,Windows-11-10.0.26200-SP0,3.13.13,3.2.6,32,13th Gen Intel(R) Core(TM) i9-13900HX,1,1 x NVIDIA GeForce RTX 4070 Laptop GPU,9.1922,45.4722,31.70067596435547,machine,0.0,77.85714285714286,33.42857142857143,10.598572867257255,N,1.0,0.0
2026-05-04T18:57:47,Q248_qwen2.5:7b_HumanEval,e657460e-113e-4daa-bcc8-5d5d4100846d,5b0fa12a-3dd7-45bb-9766-cc326314d9f1,13.00682880000022,0.0001131078722394,8.696037595224027e-06,12.820252928,63.1273135581132,20.0,4.452295569156075e-05,0.0002280276824219,6.945636555556121e-05,0.0003420070036691,0.0,Italy,ITA,lombardy,,,Windows-11-10.0.26200-SP0,3.13.13,3.2.6,32,13th Gen Intel(R) Core(TM) i9-13900HX,1,1 x NVIDIA GeForce RTX 4070 Laptop GPU,9.1922,45.4722,31.70067596435547,machine,0.0,75.18181818181819,34.28181818181818,10.85833046653054,N,1.0,0.0
2026-05-04T18:58:11,Q248_mistral:latest _HumanEval,a166876d-62ed-43d3-9a9c-bad0f2e72c97,5b0fa12a-3dd7-45bb-9766-cc326314d9f1,9.28205270000035,7.924352004150193e-05,8.537284004162025e-06,12.840403736,61.8749485087248,20.0,3.131562461877331e-05,0.0001595192942819,4.877562555555212e-05,0.0002396105444563,0.0,Italy,ITA,lombardy,,,Windows-11-10.0.26200-SP0,3.13.13,3.2.6,32,13th Gen Intel(R) Core(TM) i9-13900HX,1,1 x NVIDIA GeForce RTX 4070 Laptop GPU,9.1922,45.4722,31.70067596435547,machine,0.0,77.0,33.65714285714286,10.674957275390623,N,1.0,0.0
2026-05-04T18:58:34,Q249_phi3:mini_GSM8K,2625fd3c-ebf3-47b5-84e8-0da4c1c3aba9,5b0fa12a-3dd7-45bb-9766-cc326314d9f1,7.599696199999016,5.944145224415301e-05,7.821556372761414e-06,12.840675819885716,54.47255844593349,20.0,2.5318489835264226e-05,0.000114982591986,3.943347222221848e-05,0.0001797345540434,0.0,Italy,ITA,lombardy,,,Windows-11-10.0.26200-SP0,3.13.13,3.2.6,32,13th Gen Intel(R) Core(TM) i9-13900HX,1,1 x NVIDIA GeForce RTX 4070 Laptop GPU,9.1922,45.4722,31.70067596435547,machine,2.216666666666667,72.16666666666667,33.5,10.621896743774414,N,1.0,0.0
2026-05-04T18:58:58,Q249_qwen2.5:7b_GSM8K,5e66afeb-74db-473e-9373-8b5c671b0000,5b0fa12a-3dd7-45bb-9766-cc326314d9f1,8.349504899997555,6.344515371842255e-05,7.598672553439801e-06,12.845593000228575,51.85215720422579,20.0,2.7999232195654133e-05,0.00012024870731,4.359270333332258e-05,0.0001918406428389,0.0,Italy,ITA,lombardy,,,Windows-11-10.0.26200-SP0,3.13.13,3.2.6,32,13th Gen Intel(R) Core(TM) i9-13900HX,1,1 x NVIDIA GeForce RTX 4070 Laptop GPU,9.1922,45.4722,31.70067596435547,machine,0.0,57.16666666666666,34.35,10.884672164916992,N,1.0,0.0
2026-05-04T18:59:22,Q249_mistral:latest _GSM8K,30264427-19ff-4258-ac3c-e9a4ff1c46f6,5b0fa12a-3dd7-45bb-9766-cc326314d9f1,9.120434500000556,8.076134779733291e-05,8.8549890684844e-06,12.8279798768,65.38035090247607,20.0,3.070806827738023e-05,0.000165616243604,4.787572499998432e-05,0.0002442000368813,0.0,Italy,ITA,lombardy,,,Windows-11-10.0.26200-SP0,3.13.13,3.2.6,32,13th Gen Intel(R) Core(TM) i9-13900HX,1,1 x NVIDIA GeForce RTX 4070 Laptop GPU,9.1922,45.4722,31.70067596435547,machine,0.0,78.42857142857143,33.7,10.676132202148438,N,1.0,0.0
2026-05-04T18:59:46,Q250_phi3:mini_GSM8K,3b052763-266e-4e67-b0bf-e60dd70902dd,5b0fa12a-3dd7-45bb-9766-cc326314d9f1,9.127995799997734,8.092147915197657e-05,8.865196799498599e-06,12.8286348464,65.48381544645785,20.0,3.073892821615214e-05,0.0001660237439299,4.792155777777225e-05,0.0002446842299239,0.0,Italy,ITA,lombardy,,,Windows-11-10.0.26200-SP0,3.13.13,3.2.6,32,13th Gen Intel(R) Core(TM) i9-13900HX,1,1 x NVIDIA GeForce RTX 4070 Laptop GPU,9.1922,45.4722,31.70067596435547,machine,0.0,88.42857142857143,33.371428571428574,10.569030216761998,N,1.0,0.0
2026-05-04T19:00:12,Q250_qwen2.5:7b_GSM8K,2ccb6fef-d026-45b7-aaae-ac62e41b916f,5b0fa12a-3dd7-45bb-9766-cc326314d9f1,10.717997299998387,8.978811420339238e-05,8.377321965121776e-06,12.826105287680004,59.90764729609975,20.0,3.639652068965051e-05,0.000178345420454,5.6752547222216286e-05,0.0002714944883658,0.0,Italy,ITA,lombardy,,,Windows-11-10.0.26200-SP0,3.13.13,3.2.6,32,13th Gen Intel(R) Core(TM) i9-13900HX,1,1 x NVIDIA GeForce RTX 4070 Laptop GPU,9.1922,45.4722,31.70067596435547,machine,0.0,69.88888888888889,34.45555555555556,10.92616441514757,N,1.0,0.0
2026-05-04T19:00:35,Q250_mistral:latest _GSM8K,9d04304d-6548-4938-9239-0b420ceb144b,5b0fa12a-3dd7-45bb-9766-cc326314d9f1,7.879462200002308,6.047477335771882e-05,7.674987432226162e-06,12.844541191314288,52.80657785916798,20.0,2.631583569477844e-05,0.0001155687035659,4.097449277778651e-05,0.0001828590320385,0.0,Italy,ITA,lombardy,,,Windows-11-10.0.26200-SP0,3.13.13,3.2.6,32,13th Gen Intel(R) Core(TM) i9-13900HX,1,1 x NVIDIA GeForce RTX 4070 Laptop GPU,9.1922,45.4722,31.70067596435547,machine,0.0,63.5,33.75,10.700133641560871,N,1.0,0.0
2026-05-04T19:00:56,Q251_phi3:mini_SQuAD,4ac8fc53-57dd-4e42-b82e-10b0b7619bf7,5b0fa12a-3dd7-45bb-9766-cc326314d9f1,5.794610499997361,4.15011340859832e-05,7.162023070576028e-06,12.834158574080002,47.98375150750429,20.0,1.8867628069881508e-05,7.721950621999984e-05,2.94008466666532e-05,0.0001254879809565,0.0,Italy,ITA,lombardy,,,Windows-11-10.0.26200-SP0,3.13.13,3.2.6,32,13th Gen Intel(R) Core(TM) i9-13900HX,1,1 x NVIDIA GeForce RTX 4070 Laptop GPU,9.1922,45.4722,31.70067596435547,machine,0.0,59.75,33.775,10.697086334228516,N,1.0,0.0
2026-05-04T19:01:21,Q251_qwen2.5:7b_SQuAD,19ce0e8a-f979-4ce6-83d9-a5861775462c,5b0fa12a-3dd7-45bb-9766-cc326314d9f1,10.454360399999132,8.651213593019362e-05,8.275220350180466e-06,12.8271036032,58.83286460770268,20.0,3.5461632110875895e-05,0.0001708370811139,5.529012055556248e-05,0.0002615888337804,0.0,Italy,ITA,lombardy,,,Windows-11-10.0.26200-SP0,3.13.13,3.2.6,32,13th Gen Intel(R) Core(TM) i9-13900HX,1,1 x NVIDIA GeForce RTX 4070 Laptop GPU,9.1922,45.4722,31.70067596435547,machine,0.0,50.5,34.35,10.891613006591797,N,1.0,0.0
2026-05-04T19:01:43,Q251_mistral:latest _SQuAD,eea19913-1e0a-4ec8-a6e7-3804e4589596,5b0fa12a-3dd7-45bb-9766-cc326314d9f1,6.924317000000883,5.488333116875542e-05,7.9261725262937e-06,12.8280031808,55.89187306414697,20.0,2.2870056264142288e-05,0.0001074267526079,3.5655244444448424e-05,0.0001659520533165,0.0,Italy,ITA,lombardy,,,Windows-11-10.0.26200-SP0,3.13.13,3.2.6,32,13th Gen Intel(R) Core(TM) i9-13900HX,1,1 x NVIDIA GeForce RTX 4070 Laptop GPU,9.1922,45.4722,31.70067596435547,machine,0.0,69.8,33.52,10.61924057006836,N,1.0,0.0
2026-05-04T19:02:03,Q252_phi3:mini_HumanEval,e7996dfe-9bee-41e8-86a9-05b8a92cec85,5b0fa12a-3dd7-45bb-9766-cc326314d9f1,4.733685600000172,3.118281810943701e-05,6.587429065723308e-06,12.8352128384,42.41880306310635,20.0,1.5074503611325592e-05,5.572532235800787e-05,2.348841388890529e-05,9.428823985823876e-05,0.0,Italy,ITA,lombardy,,,Windows-11-10.0.26200-SP0,3.13.13,3.2.6,32,13th Gen Intel(R) Core(TM) i9-13900HX,1,1 x NVIDIA GeForce RTX 4070 Laptop GPU,9.1922,45.4722,31.70067596435547,machine,0.0,35.0,33.46666666666667,10.611226399739584,N,1.0,0.0
2026-05-04T19:02:24,Q252_qwen2.5:7b_HumanEval,e6a56512-9229-4c8d-b065-330da8004aa4,5b0fa12a-3dd7-45bb-9766-cc326314d9f1,15.375126899998577,0.0001355092443029,8.813536641638235e-06,12.8575453376,64.16019175827407,20.0,5.311905671733905e-05,0.0002739979969759,8.262551944442546e-05,0.0004097425731377,0.0,Italy,ITA,lombardy,,,Windows-11-10.0.26200-SP0,3.13.13,3.2.6,32,13th Gen Intel(R) Core(TM) i9-13900HX,1,1 x NVIDIA GeForce RTX 4070 Laptop GPU,9.1922,45.4722,31.70067596435547,machine,7.6923076923076925,78.6923076923077,34.4,10.90666521512545,N,1.0,0.0
2026-05-04T19:02:49,Q252_mistral:latest _HumanEval,ada41062-a371-4a45-b1d3-adf3092c782a,5b0fa12a-3dd7-45bb-9766-cc326314d9f1,10.149381100003666,9.413741316180666e-05,9.275187544368854e-06,12.8343642624,69.75812767296671,20.0,3.4394960738526294e-05,0.000196653490656,5.3597117222226285e-05,0.0002846455686167,0.0,Italy,ITA,lombardy,,,Windows-11-10.0.26200-SP0,3.13.13,3.2.6,32,13th Gen Intel(R) Core(TM) i9-13900HX,1,1 x NVIDIA GeForce RTX 4070 Laptop GPU,9.1922,45.4722,31.70067596435547,machine,0.0,80.75,33.8625,10.72863483428955,N,1.0,0.0
2026-05-04T19:03:12,Q253_phi3:mini_HumanEval,e9478a71-4c4f-44ef-871d-d166d5fdcd79,5b0fa12a-3dd7-45bb-9766-cc326314d9f1,8.650510399995255,7.611535690670814e-05,8.79894403765469e-06,12.836588384000002,64.89541615528876,20.0,2.904373683149158e-05,0.0001558576246859,4.525048055555898e-05,0.000230151842073,0.0,Italy,ITA,lombardy,,,Windows-11-10.0.26200-SP0,3.13.13,3.2.6,32,13th Gen Intel(R) Core(TM) i9-13900HX,1,1 x NVIDIA GeForce RTX 4070 Laptop GPU,9.1922,45.4722,31.70067596435547,machine,0.0,78.28571428571429,33.68571428571428,10.672703879220146,N,1.0,0.0
2026-05-04T19:03:38,Q253_qwen2.5:7b_HumanEval,94af5514-c63e-4ef6-9c53-7e8f5477e121,5b0fa12a-3dd7-45bb-9766-cc326314d9f1,10.21380820000195,8.281491236462002e-05,8.108132710442342e-06,12.828334745600005,57.05833292757801,20.0,3.460454237345788e-05,0.0001618556850399,5.394922222225837e-05,0.0002504094496357,0.0,Italy,ITA,lombardy,,,Windows-11-10.0.26200-SP0,3.13.13,3.2.6,32,13th Gen Intel(R) Core(TM) i9-13900HX,1,1 x NVIDIA GeForce RTX 4070 Laptop GPU,9.1922,45.4722,31.70067596435547,machine,0.0,66.75,34.175,10.831701755523682,N,1.0,0.0
2026-05-04T19:04:02,Q253_mistral:latest _HumanEval,e62c99c4-0536-4118-b5ff-7eabe7f1c142,5b0fa12a-3dd7-45bb-9766-cc326314d9f1,9.16575759999978,7.789969208373566e-05,8.49899107998858e-06,12.8399407616,61.47898924684052,20.0,3.09006353200531e-05,0.000156515125212,4.813141888888721e-05,0.0002355471794209,0.0,Italy,ITA,lombardy,,,Windows-11-10.0.26200-SP0,3.13.13,3.2.6,32,13th Gen Intel(R) Core(TM) i9-13900HX,1,1 x NVIDIA GeForce RTX 4070 Laptop GPU,9.1922,45.4722,31.70067596435547,machine,0.0,77.71428571428571,33.58571428571428,10.64839826311384,N,1.0,0.0
2026-05-04T19:04:26,Q254_phi3:mini_HumanEval,c4308582-9c6a-473b-ae9a-a24e8f975fa4,5b0fa12a-3dd7-45bb-9766-cc326314d9f1,9.20572600000014,7.719729074465792e-05,8.385790620387435e-06,12.8436296528,60.27493399063528,20.0,3.1037636070024255e-05,0.000154055123244,4.833055222225085e-05,0.0002334233115362,0.0,Italy,ITA,lombardy,,,Windows-11-10.0.26200-SP0,3.13.13,3.2.6,32,13th Gen Intel(R) Core(TM) i9-13900HX,1,1 x NVIDIA GeForce RTX 4070 Laptop GPU,9.1922,45.4722,31.70067596435547,machine,0.0,85.57142857142857,33.42857142857143,10.597288949148997,N,1.0,0.0
2026-05-04T19:04:52,Q254_qwen2.5:7b_HumanEval,b38f1af9-b0dd-4972-8a30-f83f0b2f38cd,5b0fa12a-3dd7-45bb-9766-cc326314d9f1,11.12998720000178,9.069407505127822e-05,8.148623481908741e-06,12.8299371968,57.35519535388725,20.0,3.787782109142543e-05,0.0001773109751819,5.904506777777796e-05,0.0002742338640511,0.0,Italy,ITA,lombardy,,,Windows-11-10.0.26200-SP0,3.13.13,3.2.6,32,13th Gen Intel(R) Core(TM) i9-13900HX,1,1 x NVIDIA GeForce RTX 4070 Laptop GPU,9.1922,45.4722,31.70067596435547,machine,0.0,69.55555555555556,34.06666666666666,10.80126444498698,N,1.0,0.0
2026-05-04T19:05:19,Q254_mistral:latest _HumanEval,7469f736-5053-499f-99c8-6caf0e5788b9,5b0fa12a-3dd7-45bb-9766-cc326314d9f1,11.896034799996414,0.0001094229999161,9.198275034988212e-06,12.83094184029091,68.72582513064677,20.0,4.059402412077313e-05,0.0002269971260419,6.327381611109659e-05,0.0003308649662738,0.0,Italy,ITA,lombardy,,,Windows-11-10.0.26200-SP0,3.13.13,3.2.6,32,13th Gen Intel(R) Core(TM) i9-13900HX,1,1 x NVIDIA GeForce RTX 4070 Laptop GPU,9.1922,45.4722,31.70067596435547,machine,0.0,83.8,33.59,10.643699264526369,N,1.0,0.0
2026-05-04T19:05:44,Q255_phi3:mini_HumanEval,52c0aebb-2d68-4326-aeb7-18e97323f131,5b0fa12a-3dd7-45bb-9766-cc326314d9f1,9.200189199997112,7.731233064528152e-05,8.40334138403434e-06,12.8215938368,60.48727345368263,20.0,3.0965922413517705e-05,0.0001545037347139,4.830150333331808e-05,0.0002337711604608,0.0,Italy,ITA,lombardy,,,Windows-11-10.0.26200-SP0,3.13.13,3.2.6,32,13th Gen Intel(R) Core(TM) i9-13900HX,1,1 x NVIDIA GeForce RTX 4070 Laptop GPU,9.1922,45.4722,31.70067596435547,machine,0.0,69.42857142857143,33.371428571428574,10.577942439488002,N,1.0,0.0
2026-05-04T19:06:14,Q255_qwen2.5:7b_HumanEval,5aa40499-343b-4fce-9bb0-dc3317cbf85a,5b0fa12a-3dd7-45bb-9766-cc326314d9f1,15.288477599999169,0.0001381687546883,9.037443642414377e-06,12.825668205714289,66.63580341680037,20.0,5.267716085118657e-05,0.000282964670816,8.214236722221055e-05,0.0004177841988894,0.0,Italy,ITA,lombardy,,,Windows-11-10.0.26200-SP0,3.13.13,3.2.6,32,13th Gen Intel(R) Core(TM) i9-13900HX,1,1 x NVIDIA GeForce RTX 4070 Laptop GPU,9.1922,45.4722,31.70067596435547,machine,0.0,72.61538461538461,34.246153846153845,10.853778545673077,N,1.0,0.0
2026-05-04T19:06:37,Q255_mistral:latest _HumanEval,a4ce1ed2-9724-4b30-a401-2cce642e2d0b,5b0fa12a-3dd7-45bb-9766-cc326314d9f1,7.716016599995783,6.565319193716365e-05,8.508689825421e-06,12.835997136457143,61.92698868097188,20.0,2.572220512815778e-05,0.000132717606174,4.007732999998553e-05,0.0001985171413021,0.0,Italy,ITA,lombardy,,,Windows-11-10.0.26200-SP0,3.13.13,3.2.6,32,13th Gen Intel(R) Core(TM) i9-13900HX,1,1 x NVIDIA GeForce RTX 4070 Laptop GPU,9.1922,45.4722,31.70067596435547,machine,0.0,54.0,33.88333333333333,10.739786148071287,N,1.0,0.0
2026-05-04T19:07:01,Q256_phi3:mini_GSM8K,0d789d4e-6d7d-497d-925d-3400368fb01e,5b0fa12a-3dd7-45bb-9766-cc326314d9f1,9.211533500005316,7.84916193222648e-05,8.52101545548518e-06,12.8373547088,61.71331724766737,20.0,3.105642056136535e-05,0.000157896792984,4.838379055557501e-05,0.0002373370041009,0.0,Italy,ITA,lombardy,,,Windows-11-10.0.26200-SP0,3.13.13,3.2.6,32,13th Gen Intel(R) Core(TM) i9-13900HX,1,1 x NVIDIA GeForce RTX 4070 Laptop GPU,9.1922,45.4722,31.70067596435547,machine,0.0,78.28571428571429,33.728571428571435,10.69546890258789,N,1.0,0.0
2026-05-04T19:07:28,Q256_qwen2.5:7b_GSM8K,a8cd50c2-1a00-4d0b-98ac-b940c1e8d060,5b0fa12a-3dd7-45bb-9766-cc326314d9f1,11.530851800001985,9.351060430583603e-05,8.109600741362398e-06,12.8330017472,56.87734046556994,20.0,3.931411081472354e-05,0.0001821668124,6.126934833333104e-05,0.000282750271548,0.0,Italy,ITA,lombardy,,,Windows-11-10.0.26200-SP0,3.13.13,3.2.6,32,13th Gen Intel(R) Core(TM) i9-13900HX,1,1 x NVIDIA GeForce RTX 4070 Laptop GPU,9.1922,45.4722,31.70067596435547,machine,0.0,70.66666666666667,34.099999999999994,10.806370629204643,N,1.0,0.0
2026-05-04T19:07:55,Q256_mistral:latest _GSM8K,7fe2a6f7-ef02-47e4-8678-0b93c57ca0fc,5b0fa12a-3dd7-45bb-9766-cc326314d9f1,11.78678519999812,0.0001091283365829,9.258532732312782e-06,12.818991400727272,69.36726386568859,20.0,4.0182322848285285e-05,0.000227101015014,6.269064777778921e-05,0.00032997398564,0.0,Italy,ITA,lombardy,,,Windows-11-10.0.26200-SP0,3.13.13,3.2.6,32,13th Gen Intel(R) Core(TM) i9-13900HX,1,1 x NVIDIA GeForce RTX 4070 Laptop GPU,9.1922,45.4722,31.70067596435547,machine,0.0,77.8,33.510000000000005,10.623375701904298,N,1.0,0.0
2026-05-04T19:08:15,Q257_phi3:mini_SQuAD,41e10075-e75d-4663-97f4-ef89a198d2ef,5b0fa12a-3dd7-45bb-9766-cc326314d9f1,5.006540299997141,3.226364343272869e-05,6.444299156594647e-06,12.8847308672,40.57066752334471,20.0,1.612129401563467e-05,5.641254513000238e-05,2.5022518333328968e-05,9.755635747896602e-05,0.0,Italy,ITA,lombardy,,,Windows-11-10.0.26200-SP0,3.13.13,3.2.6,32,13th Gen Intel(R) Core(TM) i9-13900HX,1,1 x NVIDIA GeForce RTX 4070 Laptop GPU,9.1922,45.4722,31.70067596435547,machine,0.0,48.0,33.4,10.58917236328125,N,1.0,0.0
2026-05-04T19:08:36,Q257_qwen2.5:7b_SQuAD,9ffe72ec-2ac2-466a-b30a-f9946b358bd4,5b0fa12a-3dd7-45bb-9766-cc326314d9f1,5.55255169999873,3.137347044439947e-05,5.650279752353615e-06,12.85857687296,31.650669248522423,20.0,1.803171700682176e-05,4.878753903000965e-05,2.8045463888904327e-05,9.486471992573574e-05,0.0,Italy,ITA,lombardy,,,Windows-11-10.0.26200-SP0,3.13.13,3.2.6,32,13th Gen Intel(R) Core(TM) i9-13900HX,1,1 x NVIDIA GeForce RTX 4070 Laptop GPU,9.1922,45.4722,31.70067596435547,machine,0.0,12.75,33.825,10.719963073730469,N,1.0,0.0
2026-05-04T19:08:45,Q257_mistral:latest _SQuAD,1e1dc32f-3fdd-4f93-bfa2-a41103d858c2,5b0fa12a-3dd7-45bb-9766-cc326314d9f1,4.144035400000576,2.0860376389605552e-05,5.033831610029841e-06,12.8830922624,25.92746634289249,20.0,1.3026825344128604e-05,2.982724608402432e-05,2.02219522222246e-05,6.307602365037752e-05,0.0,Italy,ITA,lombardy,,,Windows-11-10.0.26200-SP0,3.13.13,3.2.6,32,13th Gen Intel(R) Core(TM) i9-13900HX,1,1 x NVIDIA GeForce RTX 4070 Laptop GPU,9.1922,45.4722,31.70067596435547,machine,0.0,27.5,33.5,10.61996078491211,N,1.0,0.0
2026-05-04T19:08:59,Q258_phi3:mini_HumanEval,a2ea5d33-5f62-448c-a252-ccbb3055050f,5b0fa12a-3dd7-45bb-9766-cc326314d9f1,9.283158500002171,7.812510537740133e-05,8.415789235676956e-06,12.838234836800002,60.55238991577805,20.0,3.1314943244800435e-05,0.000156130958238,4.878286555556568e-05,0.0002362287670383,0.0,Italy,ITA,lombardy,,,Windows-11-10.0.26200-SP0,3.13.13,3.2.6,32,13th Gen Intel(R) Core(TM) i9-13900HX,1,1 x NVIDIA GeForce RTX 4070 Laptop GPU,9.1922,45.4722,31.70067596435547,machine,0.0,73.0,33.471428571428575,10.616939544677734,N,1.0,0.0
2026-05-04T19:09:28,Q258_qwen2.5:7b_HumanEval,a71e8056-d150-4923-8dfd-9238cbd2fa67,5b0fa12a-3dd7-45bb-9766-cc326314d9f1,14.28877790000115,0.0001260958063064,8.824813933628986e-06,12.832130237046156,64.40803933721098,20.0,4.913152230619093e-05,0.0002555729822359,7.657442888889314e-05,0.000381278933431,0.0,Italy,ITA,lombardy,,,Windows-11-10.0.26200-SP0,3.13.13,3.2.6,32,13th Gen Intel(R) Core(TM) i9-13900HX,1,1 x NVIDIA GeForce RTX 4070 Laptop GPU,9.1922,45.4722,31.70067596435547,machine,0.0,68.91666666666667,34.225,10.854907671610514,N,1.0,0.0
2026-05-04T19:09:54,Q258_mistral:latest _HumanEval,6373272d-eb3b-46e6-a70b-ec5edc0dc7e0,5b0fa12a-3dd7-45bb-9766-cc326314d9f1,10.005122499998834,8.920930263721755e-05,8.916362856849374e-06,12.8343042304,65.87710621172324,20.0,3.388032429518191e-05,0.000183068479788,5.279551777776861e-05,0.0002697443218609,0.0,Italy,ITA,lombardy,,,Windows-11-10.0.26200-SP0,3.13.13,3.2.6,32,13th Gen Intel(R) Core(TM) i9-13900HX,1,1 x NVIDIA GeForce RTX 4070 Laptop GPU,9.1922,45.4722,31.70067596435547,machine,0.0,80.375,33.4875,10.61332082748413,N,1.0,0.0
2026-05-04T19:10:18,Q259_phi3:mini_GSM8K,4c60b1ef-1bf0-4968-ad15-cf970f011cb0,5b0fa12a-3dd7-45bb-9766-cc326314d9f1,9.212748099998862,7.820644327638134e-05,8.488937549089288e-06,12.834562073600004,61.36525359396499,20.0,3.105551034123982e-05,0.0001570267922879,4.839240777776771e-05,0.0002364747104069,0.0,Italy,ITA,lombardy,,,Windows-11-10.0.26200-SP0,3.13.13,3.2.6,32,13th Gen Intel(R) Core(TM) i9-13900HX,1,1 x NVIDIA GeForce RTX 4070 Laptop GPU,9.1922,45.4722,31.70067596435547,machine,0.0,71.0,33.471428571428575,10.604909079415458,N,1.0,0.0
2026-05-04T19:10:41,Q259_qwen2.5:7b_GSM8K,1b38d546-587a-4b6e-afe0-af79028ad913,5b0fa12a-3dd7-45bb-9766-cc326314d9f1,7.994894600000407,5.967544084847068e-05,7.464193567788578e-06,12.857602221714286,50.46180661004417,20.0,2.6760427500484022e-05,0.000112056756312,4.1624887222254384e-05,0.0001804420710347,0.0,Italy,ITA,lombardy,,,Windows-11-10.0.26200-SP0,3.13.13,3.2.6,32,13th Gen Intel(R) Core(TM) i9-13900HX,1,1 x NVIDIA GeForce RTX 4070 Laptop GPU,9.1922,45.4722,31.70067596435547,machine,0.0,50.5,34.38333333333333,10.90317408243815,N,1.0,0.0
2026-05-04T19:11:04,Q259_mistral:latest _GSM8K,d6a4129e-9541-4680-8455-88d5c380bf8b,5b0fa12a-3dd7-45bb-9766-cc326314d9f1,7.51565280000068,5.964596645451906e-05,7.936232293023656e-06,12.8383413632,55.7542956910163,20.0,2.501116771694175e-05,0.0001163795375479,3.896224333333925e-05,0.0001803529485982,0.0,Italy,ITA,lombardy,,,Windows-11-10.0.26200-SP0,3.13.13,3.2.6,32,13th Gen Intel(R) Core(TM) i9-13900HX,1,1 x NVIDIA GeForce RTX 4070 Laptop GPU,9.1922,45.4722,31.70067596435547,machine,10.0,70.4,33.8,10.721852111816409,N,1.0,0.0
2026-05-04T19:11:24,Q260_phi3:mini_SQuAD,60ec962f-52e6-4198-9f39-4d2873e48b9c,5b0fa12a-3dd7-45bb-9766-cc326314d9f1,5.5697338999962085,4.179367621525515e-05,7.503711481671252e-06,12.83937181184,51.80582524918282,20.0,1.8075359652196648e-05,8.014200855802067e-05,2.815517944444663e-05,0.0001263725476546,0.0,Italy,ITA,lombardy,,,Windows-11-10.0.26200-SP0,3.13.13,3.2.6,32,13th Gen Intel(R) Core(TM) i9-13900HX,1,1 x NVIDIA GeForce RTX 4070 Laptop GPU,9.1922,45.4722,31.70067596435547,machine,0.0,51.5,33.45,10.602262496948242,N,1.0,0.0
2026-05-04T19:11:35,Q260_qwen2.5:7b_SQuAD,e8fd168d-e057-4cdb-95f6-d2fcd3586853,5b0fa12a-3dd7-45bb-9766-cc326314d9f1,5.990314599999692,3.436272194109084e-05,5.73638017961404e-06,12.83922401024,32.36160901606854,20.0,1.957384209672485e-05,5.384032085001267e-05,3.0489228888877228e-05,0.0001039033918356,0.0,Italy,ITA,lombardy,,,Windows-11-10.0.26200-SP0,3.13.13,3.2.6,32,13th Gen Intel(R) Core(TM) i9-13900HX,1,1 x NVIDIA GeForce RTX 4070 Laptop GPU,9.1922,45.4722,31.70067596435547,machine,18.75,17.75,33.875,10.745036125183104,N,1.0,0.0
2026-05-04T19:11:45,Q260_mistral:latest _SQuAD,6a500f0d-78d5-4df1-ae9c-8c196f7bece7,5b0fa12a-3dd7-45bb-9766-cc326314d9f1,4.662909600003331,2.776153649786265e-05,5.953693912024976e-06,12.8482876352,35.57882055430136,20.0,1.4831346240263015e-05,4.6025870154009496e-05,2.308601166668167e-05,8.394322806095419e-05,0.0,Italy,ITA,lombardy,,,Windows-11-10.0.26200-SP0,3.13.13,3.2.6,32,13th Gen Intel(R) Core(TM) i9-13900HX,1,1 x NVIDIA GeForce RTX 4070 Laptop GPU,9.1922,45.4722,31.70067596435547,machine,0.0,62.333333333333336,33.5,10.617950439453123,N,1.0,0.0
2026-05-04T19:12:09,Q261_phi3:mini_GSM8K,2d90657c-90b0-4d70-8da0-16a0fad9588a,5b0fa12a-3dd7-45bb-9766-cc326314d9f1,9.164037599999574,8.02084483599894e-05,8.752522835566838e-06,12.8580974912,64.2688153970563,20.0,3.092214292034514e-05,0.0001635098530299,4.809622555557225e-05,0.0002425282215059,0.0,Italy,ITA,lombardy,,,Windows-11-10.0.26200-SP0,3.13.13,3.2.6,32,13th Gen Intel(R) Core(TM) i9-13900HX,1,1 x NVIDIA GeForce RTX 4070 Laptop GPU,9.1922,45.4722,31.70067596435547,machine,0.0,75.85714285714286,33.57142857142857,10.635821751185826,N,1.0,0.0
2026-05-04T19:12:34,Q261_qwen2.5:7b_GSM8K,b2546921-9f0e-440d-950e-5559f6c20d58,5b0fa12a-3dd7-45bb-9766-cc326314d9f1,9.4951579999979,7.402603723075124e-05,7.796188039289878e-06,12.832831481600005,53.78649653494738,20.0,3.205200282459776e-05,0.00014183066902,4.995164388888548e-05,0.0002238343157334,0.0,Italy,ITA,lombardy,,,Windows-11-10.0.26200-SP0,3.13.13,3.2.6,32,13th Gen Intel(R) Core(TM) i9-13900HX,1,1 x NVIDIA GeForce RTX 4070 Laptop GPU,9.1922,45.4722,31.70067596435547,machine,0.0,48.0,34.17142857142857,10.833180563790458,N,1.0,0.0
2026-05-04T19:12:56,Q261_mistral:latest _GSM8K,ee9b4534-7ba9-45d7-ba90-3109d065a87e,5b0fa12a-3dd7-45bb-9766-cc326314d9f1,6.9094839000026695,5.6228167004104215e-05,8.137824447942123e-06,12.847015097600002,58.17841833437298,20.0,2.2852048844611712e-05,0.0001115917559399,3.557466111111959e-05,0.0001700184658957,0.0,Italy,ITA,lombardy,,,Windows-11-10.0.26200-SP0,3.13.13,3.2.6,32,13th Gen Intel(R) Core(TM) i9-13900HX,1,1 x NVIDIA GeForce RTX 4070 Laptop GPU,9.1922,45.4722,31.70067596435547,machine,0.0,69.0,33.6,10.64169692993164,N,1.0,0.0
2026-05-04T19:13:20,Q262_phi3:mini_HellaSwag,8b031157-a43b-4ab6-a7d8-6abc5b7bd533,5b0fa12a-3dd7-45bb-9766-cc326314d9f1,9.124898599999142,7.994556294986039e-05,8.76125494149249e-06,12.8318621168,64.35007689927396,20.0,3.073486473604848e-05,0.0001630951304759,4.790333333330636e-05,0.0002417333285453,0.0,Italy,ITA,lombardy,,,Windows-11-10.0.26200-SP0,3.13.13,3.2.6,32,13th Gen Intel(R) Core(TM) i9-13900HX,1,1 x NVIDIA GeForce RTX 4070 Laptop GPU,9.1922,45.4722,31.70067596435547,machine,0.0,72.0,33.471428571428575,10.609295981270929,N,1.0,0.0
2026-05-04T19:13:43,Q262_qwen2.5:7b_HellaSwag,2c943e31-b857-425b-b84e-0c46b1dd0557,5b0fa12a-3dd7-45bb-9766-cc326314d9f1,8.095316499995533,5.961381001050174e-05,7.363987561268869e-06,12.838026565485716,49.36190733819651,20.0,2.7079662034475925e-05,0.00011099036657,4.218568777776252e-05,0.0001802557163822,0.0,Italy,ITA,lombardy,,,Windows-11-10.0.26200-SP0,3.13.13,3.2.6,32,13th Gen Intel(R) Core(TM) i9-13900HX,1,1 x NVIDIA GeForce RTX 4070 Laptop GPU,9.1922,45.4722,31.70067596435547,machine,0.0,44.0,34.016666666666666,10.77951176961263,N,1.0,0.0
2026-05-04T19:14:04,Q262_mistral:latest _HellaSwag,0adc194b-f7fe-46a9-9f80-842abf8e820a,5b0fa12a-3dd7-45bb-9766-cc326314d9f1,5.65914409999823,4.0016440437911177e-05,7.071111767223545e-06,12.83933497088,47.058397492585705,20.0,1.83912727647672e-05,7.396033694598292e-05,2.864706722219934e-05,0.0001209986769329,0.0,Italy,ITA,lombardy,,,Windows-11-10.0.26200-SP0,3.13.13,3.2.6,32,13th Gen Intel(R) Core(TM) i9-13900HX,1,1 x NVIDIA GeForce RTX 4070 Laptop GPU,9.1922,45.4722,31.70067596435547,machine,0.0,65.5,33.6,10.65355396270752,N,1.0,0.0
2026-05-04T19:14:13,Q263_phi3:mini_MMLU,f081fd20-b2a5-4d02-b062-d9f6c6a3d9d5,5b0fa12a-3dd7-45bb-9766-cc326314d9f1,4.2365880999932415,2.33960296101489e-05,5.52237533079655e-06,12.8689582592,31.1479843122804,20.0,1.3348991850528257e-05,3.664891820803762e-05,2.074522944442126e-05,7.074313950298713e-05,0.0,Italy,ITA,lombardy,,,Windows-11-10.0.26200-SP0,3.13.13,3.2.6,32,13th Gen Intel(R) Core(TM) i9-13900HX,1,1 x NVIDIA GeForce RTX 4070 Laptop GPU,9.1922,45.4722,31.70067596435547,machine,0.0,3.5,33.45,10.607189178466797,N,1.0,0.0
2026-05-04T19:14:25,Q263_qwen2.5:7b_MMLU,53750c0b-dbec-4c6c-ac24-2d2f03197872,5b0fa12a-3dd7-45bb-9766-cc326314d9f1,7.178329199996369,5.139965330636318e-05,7.16039232449651e-06,12.9651931904,47.29086276617358,20.0,2.404361259614016e-05,9.42861865400324e-05,3.708857333331253e-05,0.0001554183724694,0.0,Italy,ITA,lombardy,,,Windows-11-10.0.26200-SP0,3.13.13,3.2.6,32,13th Gen Intel(R) Core(TM) i9-13900HX,1,1 x NVIDIA GeForce RTX 4070 Laptop GPU,9.1922,45.4722,31.70067596435547,machine,0.0,47.0,34.2,10.840801239013672,N,1.0,0.0
2026-05-04T19:14:47,Q263_mistral:latest _MMLU,e9c39966-605d-47dc-8d1b-4868b2788a35,5b0fa12a-3dd7-45bb-9766-cc326314d9f1,6.457950299998629,4.5120032054591466e-05,6.986741916332346e-06,12.839826851840002,45.77493383187995,20.0,2.1242564422243566e-05,8.21008990140315e-05,3.3087066666687155e-05,0.0001364305301029,0.0,Italy,ITA,lombardy,,,Windows-11-10.0.26200-SP0,3.13.13,3.2.6,32,13th Gen Intel(R) Core(TM) i9-13900HX,1,1 x NVIDIA GeForce RTX 4070 Laptop GPU,9.1922,45.4722,31.70067596435547,machine,0.0,58.25,33.75,10.701253890991213,N,1.0,0.0
2026-05-04T19:14:57,Q264_phi3:mini_SQuAD,68940f69-5547-4e88-93f8-4536f3de432f,5b0fa12a-3dd7-45bb-9766-cc326314d9f1,5.041253400006099,3.2428109629823084e-05,6.432549022388729e-06,12.8668731392,40.43310559333488,20.0,1.622415093325659e-05,5.661171195600612e-05,2.5217795000005737e-05,9.805365788926844e-05,0.0,Italy,ITA,lombardy,,,Windows-11-10.0.26200-SP0,3.13.13,3.2.6,32,13th Gen Intel(R) Core(TM) i9-13900HX,1,1 x NVIDIA GeForce RTX 4070 Laptop GPU,9.1922,45.4722,31.70067596435547,machine,0.0,36.0,33.666666666666664,10.676219940185549,N,1.0,0.0
2026-05-04T19:15:19,Q264_qwen2.5:7b_SQuAD,bbd0dfa9-cc43-43fd-8fa0-71d9601c2588,5b0fa12a-3dd7-45bb-9766-cc326314d9f1,6.647209199996723,4.2865042504086775e-05,6.448577322360774e-06,12.8442201728,39.834475467105726,20.0,2.1926757151422885e-05,7.354422550204243e-05,3.414108111109171e-05,0.0001296120637645,0.0,Italy,ITA,lombardy,,,Windows-11-10.0.26200-SP0,3.13.13,3.2.6,32,13th Gen Intel(R) Core(TM) i9-13900HX,1,1 x NVIDIA GeForce RTX 4070 Laptop GPU,9.1922,45.4722,31.70067596435547,machine,0.0,47.6,34.12,10.813612365722657,N,1.0,0.0
2026-05-04T19:15:43,Q264_mistral:latest _SQuAD,66abad85-b55a-4ef2-9af0-5edfe307e63e,5b0fa12a-3dd7-45bb-9766-cc326314d9f1,9.500129900006868,8.07183184321889e-05,8.496548918992206e-06,12.831622155200002,61.3966294657145,20.0,3.207268056683389e-05,0.0001620084629399,4.998878444445533e-05,0.0002440699279512,0.0,Italy,ITA,lombardy,,,Windows-11-10.0.26200-SP0,3.13.13,3.2.6,32,13th Gen Intel(R) Core(TM) i9-13900HX,1,1 x NVIDIA GeForce RTX 4070 Laptop GPU,9.1922,45.4722,31.70067596435547,machine,0.0,76.85714285714286,33.57142857142857,10.641950334821429,N,1.0,0.0
2026-05-04T19:16:08,Q265_phi3:mini_MMLU,3a21a2a6-cac6-42f2-97df-9d6b718c4584,5b0fa12a-3dd7-45bb-9766-cc326314d9f1,9.326549399993382,8.058847616955663e-05,8.640760126099136e-06,12.8376217424,62.99394508096831,20.0,3.1468087997221215e-05,0.0001631851305479,4.9024102222190575e-05,0.0002436773207674,0.0,Italy,ITA,lombardy,,,Windows-11-10.0.26200-SP0,3.13.13,3.2.6,32,13th Gen Intel(R) Core(TM) i9-13900HX,1,1 x NVIDIA GeForce RTX 4070 Laptop GPU,9.1922,45.4722,31.70067596435547,machine,0.0,78.14285714285714,33.48571428571429,10.6160888671875,N,1.0,0.0
2026-05-04T19:16:32,Q265_qwen2.5:7b_MMLU,d7393a01-bc7a-4e5b-a417-fb105d0711a0,5b0fa12a-3dd7-45bb-9766-cc326314d9f1,9.572913700001664,7.414068202122994e-05,7.744839695067663e-06,12.832909747200002,53.20385538927326,20.0,3.233245123058791e-05,0.00014145983539,5.038868333334297e-05,0.0002241809699539,0.0,Italy,ITA,lombardy,,,Windows-11-10.0.26200-SP0,3.13.13,3.2.6,32,13th Gen Intel(R) Core(TM) i9-13900HX,1,1 x NVIDIA GeForce RTX 4070 Laptop GPU,9.1922,45.4722,31.70067596435547,machine,0.0,54.75,34.1,10.81263303756714,N,1.0,0.0
2026-05-04T19:16:54,Q265_mistral:latest _MMLU,9e6e5c6f-08fe-4ca2-9f41-494f2469e746,5b0fa12a-3dd7-45bb-9766-cc326314d9f1,6.848915800001123,5.089969511498958e-05,7.431788709532863e-06,12.832200358400003,50.47625633486908,20.0,2.262493722390828e-05,9.601979903797742e-05,3.526190055555263e-05,0.0001539066368174,0.0,Italy,ITA,lombardy,,,Windows-11-10.0.26200-SP0,3.13.13,3.2.6,32,13th Gen Intel(R) Core(TM) i9-13900HX,1,1 x NVIDIA GeForce RTX 4070 Laptop GPU,9.1922,45.4722,31.70067596435547,machine,0.0,72.2,33.56,10.641280364990234,N,1.0,0.0
2026-05-04T19:17:18,Q266_phi3:mini_HumanEval,d6961372-ce0e-48bb-bd0f-722eef7199ee,5b0fa12a-3dd7-45bb-9766-cc326314d9f1,9.2275226999991,7.811791242474794e-05,8.465751314245541e-06,12.8294922944,61.11539203694674,20.0,3.109542777958861e-05,0.0001566373475319,4.847424222223506e-05,0.0002362070175338,0.0,Italy,ITA,lombardy,,,Windows-11-10.0.26200-SP0,3.13.13,3.2.6,32,13th Gen Intel(R) Core(TM) i9-13900HX,1,1 x NVIDIA GeForce RTX 4070 Laptop GPU,9.1922,45.4722,31.70067596435547,machine,0.0,76.0,33.58571428571429,10.652798788888116,N,1.0,0.0
2026-05-04T19:17:45,Q266_qwen2.5:7b_HumanEval,8e4b2d98-13e8-4bb7-95ce-87d524604808,5b0fa12a-3dd7-45bb-9766-cc326314d9f1,11.248762800001714,9.135611145574612e-05,8.121436381939907e-06,12.84089764736,57.03284960140404,20.0,3.8334051951744e-05,0.000178196253668,5.970537388889676e-05,0.0002762356795086,0.0,Italy,ITA,lombardy,,,Windows-11-10.0.26200-SP0,3.13.13,3.2.6,32,13th Gen Intel(R) Core(TM) i9-13900HX,1,1 x NVIDIA GeForce RTX 4070 Laptop GPU,9.1922,45.4722,31.70067596435547,machine,0.0,69.55555555555556,34.166666666666664,10.833629608154297,N,1.0,0.0
2026-05-04T19:18:07,Q266_mistral:latest _HumanEval,90fd59e5-0b4b-4be0-b8fd-8ee9f5f24140,5b0fa12a-3dd7-45bb-9766-cc326314d9f1,6.964261400004034,5.358762325848865e-05,7.694659947493874e-06,12.842818553600004,53.28663939539141,20.0,2.305555201466499e-05,0.0001030753602379,3.590327777779344e-05,0.0001620341900304,0.0,Italy,ITA,lombardy,,,Windows-11-10.0.26200-SP0,3.13.13,3.2.6,32,13th Gen Intel(R) Core(TM) i9-13900HX,1,1 x NVIDIA GeForce RTX 4070 Laptop GPU,9.1922,45.4722,31.70067596435547,machine,0.0,68.6,33.62,10.659912109375,N,1.0,0.0
2026-05-04T19:18:28,Q267_phi3:mini_HumanEval,a4ed99aa-0521-41a1-873e-342408cdf7fe,5b0fa12a-3dd7-45bb-9766-cc326314d9f1,5.971901999997499,4.333351145174676e-05,7.256232847050221e-06,12.9655979264,48.94530926819668,20.0,1.966069090802272e-05,8.104173150000338e-05,3.03261622222231e-05,0.0001310285846302,0.0,Italy,ITA,lombardy,,,Windows-11-10.0.26200-SP0,3.13.13,3.2.6,32,13th Gen Intel(R) Core(TM) i9-13900HX,1,1 x NVIDIA GeForce RTX 4070 Laptop GPU,9.1922,45.4722,31.70067596435547,machine,0.0,51.25,33.675,10.687173843383787,N,1.0,0.0
2026-05-04T19:18:48,Q267_qwen2.5:7b_HumanEval,bb9a97f2-88ad-496c-8910-1a32b21bd3cb,5b0fa12a-3dd7-45bb-9766-cc326314d9f1,15.380236199998762,0.0001335745448724,8.684817523966643e-06,12.831297248,62.78078557452972,20.0,5.303118231539861e-05,0.000268203547896,8.265784555555406e-05,0.0004038925757669,0.0,Italy,ITA,lombardy,,,Windows-11-10.0.26200-SP0,3.13.13,3.2.6,32,13th Gen Intel(R) Core(TM) i9-13900HX,1,1 x NVIDIA GeForce RTX 4070 Laptop GPU,9.1922,45.4722,31.70067596435547,machine,0.0,77.76923076923077,34.58461538461539,10.96615688617413,N,1.0,0.0
2026-05-04T19:19:15,Q267_mistral:latest _HumanEval,face3709-efc2-40c2-b9c1-9aff21b92fae,5b0fa12a-3dd7-45bb-9766-cc326314d9f1,11.67217890000029,0.000105787002649,9.063175226780644e-06,12.822114284218184,67.25773886766281,20.0,3.978298913750698e-05,0.000218035452206,6.205227222223281e-05,0.0003198707135657,0.0,Italy,ITA,lombardy,,,Windows-11-10.0.26200-SP0,3.13.13,3.2.6,32,13th Gen Intel(R) Core(TM) i9-13900HX,1,1 x NVIDIA GeForce RTX 4070 Laptop GPU,9.1922,45.4722,31.70067596435547,machine,0.0,83.8,33.9,10.75158233642578,N,1.0,0.0
2026-05-04T19:19:38,Q268_phi3:mini_HellaSwag,21658da6-47d9-46ad-b8fd-d49641efeeb0,5b0fa12a-3dd7-45bb-9766-cc326314d9f1,7.549900400001206,6.207288777771575e-05,8.221683000971221e-06,12.82837691977143,58.85537790653494,20.0,2.511570100746854e-05,0.0001234203765139,3.915521166664904e-05,0.0001876912891881,0.0,Italy,ITA,lombardy,,,Windows-11-10.0.26200-SP0,3.13.13,3.2.6,32,13th Gen Intel(R) Core(TM) i9-13900HX,1,1 x NVIDIA GeForce RTX 4070 Laptop GPU,9.1922,45.4722,31.70067596435547,machine,0.0,65.16666666666667,33.46666666666667,10.600751876831056,N,1.0,0.0
2026-05-04T19:20:01,Q268_qwen2.5:7b_HellaSwag,3e901059-6293-4259-bbfd-46a90a39383d,5b0fa12a-3dd7-45bb-9766-cc326314d9f1,8.384283299994422,6.250680797761026e-05,7.455235676214787e-06,12.8326168064,50.28984422419687,20.0,2.8098887703203714e-05,0.000117112871468,4.379158499998286e-05,0.0001890033441711,0.0,Italy,ITA,lombardy,,,Windows-11-10.0.26200-SP0,3.13.13,3.2.6,32,13th Gen Intel(R) Core(TM) i9-13900HX,1,1 x NVIDIA GeForce RTX 4070 Laptop GPU,9.1922,45.4722,31.70067596435547,machine,0.0,57.0,34.13333333333333,10.811916987101236,N,1.0,0.0
2026-05-04T19:20:24,Q268_mistral:latest _HellaSwag,b2113eb7-3fe1-4fc2-88bc-3c90638b3d8d,5b0fa12a-3dd7-45bb-9766-cc326314d9f1,7.946241900004679,6.56998598066343e-05,8.268041752742969e-06,12.8305081856,59.33003410930067,20.0,2.650665128672623e-05,0.0001308348268899,4.1316773888886224e-05,0.0001986582520656,0.0,Italy,ITA,lombardy,,,Windows-11-10.0.26200-SP0,3.13.13,3.2.6,32,13th Gen Intel(R) Core(TM) i9-13900HX,1,1 x NVIDIA GeForce RTX 4070 Laptop GPU,9.1922,45.4722,31.70067596435547,machine,0.0,74.0,33.9,10.750470479329428,N,1.0,0.0
2026-05-04T19:20:48,Q269_phi3:mini_HellaSwag,28e83284-38f5-4db1-967a-a5cad45d88aa,5b0fa12a-3dd7-45bb-9766-cc326314d9f1,9.200157399995078,7.821672990818311e-05,8.501673015749161e-06,12.8298545264,61.52084654452781,20.0,3.099567192280662e-05,0.0001571931813099,4.831696111109017e-05,0.0002365058143438,0.0,Italy,ITA,lombardy,,,Windows-11-10.0.26200-SP0,3.13.13,3.2.6,32,13th Gen Intel(R) Core(TM) i9-13900HX,1,1 x NVIDIA GeForce RTX 4070 Laptop GPU,9.1922,45.4722,31.70067596435547,machine,0.0,76.28571428571429,33.714285714285715,10.686366489955358,N,1.0,0.0
2026-05-04T19:21:12,Q269_qwen2.5:7b_HellaSwag,6520d4c3-6e9a-4d62-bfe9-1128456e6373,5b0fa12a-3dd7-45bb-9766-cc326314d9f1,8.889324399999168,6.524442139690567e-05,7.339637801598485e-06,12.8242939232,48.9274296208789,20.0,2.9879678642044392e-05,0.0001208042633099,4.659718999998101e-05,0.000197281131952,0.0,Italy,ITA,lombardy,,,Windows-11-10.0.26200-SP0,3.13.13,3.2.6,32,13th Gen Intel(R) Core(TM) i9-13900HX,1,1 x NVIDIA GeForce RTX 4070 Laptop GPU,9.1922,45.4722,31.70067596435547,machine,0.0,48.42857142857143,34.24285714285714,10.847111293247767,N,1.0,0.0
2026-05-04T19:21:41,Q269_mistral:latest _HellaSwag,2093585b-1617-48d8-8e61-f7409c0ac5f4,5b0fa12a-3dd7-45bb-9766-cc326314d9f1,13.63159469999664,0.000129867263111,9.526931072204682e-06,12.822884435692307,72.13337425919492,20.0,4.674797055010744e-05,0.0002730229961959,7.2911811666644e-05,0.0003926827784127,0.0,Italy,ITA,lombardy,,,Windows-11-10.0.26200-SP0,3.13.13,3.2.6,32,13th Gen Intel(R) Core(TM) i9-13900HX,1,1 x NVIDIA GeForce RTX 4070 Laptop GPU,9.1922,45.4722,31.70067596435547,machine,3.333333333333333,80.83333333333333,33.516666666666666,10.633576075236002,N,1.0,0.0
2026-05-04T19:22:02,Q270_phi3:mini_MMLU,6c11b9c0-d4b8-4fe5-b899-f33f0f3bf887,5b0fa12a-3dd7-45bb-9766-cc326314d9f1,5.283356799998728,3.708179094820324e-05,7.0186043365861964e-06,12.8369667584,46.69122730448873,20.0,1.7049586063640782e-05,6.851311036601415e-05,2.656241000000188e-05,0.0001121251064296,0.0,Italy,ITA,lombardy,,,Windows-11-10.0.26200-SP0,3.13.13,3.2.6,32,13th Gen Intel(R) Core(TM) i9-13900HX,1,1 x NVIDIA GeForce RTX 4070 Laptop GPU,9.1922,45.4722,31.70067596435547,machine,0.0,48.66666666666666,33.5,10.61927286783854,N,1.0,0.0
2026-05-04T19:22:25,Q270_qwen2.5:7b_MMLU,d394d6e6-661f-4789-b1f2-740088cacf7d,5b0fa12a-3dd7-45bb-9766-cc326314d9f1,8.133543800002371,5.774361732204703e-05,7.099441367984051e-06,12.837320850285716,46.47253919447432,20.0,2.721423728021995e-05,0.000104988695102,4.239783722223365e-05,0.0001746007696044,0.0,Italy,ITA,lombardy,,,Windows-11-10.0.26200-SP0,3.13.13,3.2.6,32,13th Gen Intel(R) Core(TM) i9-13900HX,1,1 x NVIDIA GeForce RTX 4070 Laptop GPU,9.1922,45.4722,31.70067596435547,machine,0.0,56.16666666666666,34.18333333333333,10.830692927042644,N,1.0,0.0
2026-05-04T19:22:46,Q270_mistral:latest _MMLU,fea8ad90-393e-4ed6-b0e3-a0feac8001ae,5b0fa12a-3dd7-45bb-9766-cc326314d9f1,5.710766099997272,3.800891689059731e-05,6.65565989309481e-06,12.83902450688,42.50243171227424,20.0,1.857706559099525e-05,6.74139428200049e-05,2.893747111112236e-05,0.0001149284795221,0.0,Italy,ITA,lombardy,,,Windows-11-10.0.26200-SP0,3.13.13,3.2.6,32,13th Gen Intel(R) Core(TM) i9-13900HX,1,1 x NVIDIA GeForce RTX 4070 Laptop GPU,9.1922,45.4722,31.70067596435547,machine,0.0,34.0,33.525000000000006,10.629096031188965,N,1.0,0.0
2026-05-04T19:23:00,Q271_phi3:mini_GSM8K,197da1fa-919e-4b02-9160-a901eaff9a85,5b0fa12a-3dd7-45bb-9766-cc326314d9f1,9.153177000000142,7.799689760101251e-05,8.521292399459915e-06,12.848422664,61.76371601195937,20.0,3.086053931292451e-05,0.0001569437366659,4.803682611111274e-05,0.00023584110209,0.0,Italy,ITA,lombardy,,,Windows-11-10.0.26200-SP0,3.13.13,3.2.6,32,13th Gen Intel(R) Core(TM) i9-13900HX,1,1 x NVIDIA GeForce RTX 4070 Laptop GPU,9.1922,45.4722,31.70067596435547,machine,0.0,79.0,33.5,10.625199454171318,N,1.0,0.0
2026-05-04T19:23:25,Q271_qwen2.5:7b_GSM8K,d5e1b73f-0056-4b85-9f08-d544296e05a0,5b0fa12a-3dd7-45bb-9766-cc326314d9f1,10.035617800000182,7.80074242754412e-05,7.773056510326627e-06,12.8467887232,53.418157595738926,20.0,3.4019766068923474e-05,0.000148892619114,5.296054666667058e-05,0.0002358729318496,0.0,Italy,ITA,lombardy,,,Windows-11-10.0.26200-SP0,3.13.13,3.2.6,32,13th Gen Intel(R) Core(TM) i9-13900HX,1,1 x NVIDIA GeForce RTX 4070 Laptop GPU,9.1922,45.4722,31.70067596435547,machine,0.0,66.5,34.2125,10.839694023132324,N,1.0,0.0
2026-05-04T19:23:48,Q271_mistral:latest _GSM8K,d4c96bfe-60f5-4e85-a5de-a5cc9e2b10d4,5b0fa12a-3dd7-45bb-9766-cc326314d9f1,7.701699700002791,6.258025099736632e-05,8.125511696767876e-06,12.828538002285717,57.77124987254286,20.0,2.565548063333333e-05,0.000123573154414,3.99967805555611e-05,0.0001892254156029,0.0,Italy,ITA,lombardy,,,Windows-11-10.0.26200-SP0,3.13.13,3.2.6,32,13th Gen Intel(R) Core(TM) i9-13900HX,1,1 x NVIDIA GeForce RTX 4070 Laptop GPU,9.1922,45.4722,31.70067596435547,machine,0.0,73.33333333333333,33.53333333333333,10.632843653361002,N,1.0,0.0
2026-05-04T19:24:12,Q272_phi3:mini_HellaSwag,aeabca9a-cb31-4825-a7fd-5dbfe1e6031a,5b0fa12a-3dd7-45bb-9766-cc326314d9f1,9.170608899999934,7.711696995991818e-05,8.409143907545631e-06,12.866505003200002,60.475800575826206,20.0,3.09813581848197e-05,0.0001540420676779,4.815701777774343e-05,0.0002331804436405,0.0,Italy,ITA,lombardy,,,Windows-11-10.0.26200-SP0,3.13.13,3.2.6,32,13th Gen Intel(R) Core(TM) i9-13900HX,1,1 x NVIDIA GeForce RTX 4070 Laptop GPU,9.1922,45.4722,31.70067596435547,machine,0.0,86.42857142857143,33.57142857142857,10.634161812918526,N,1.0,0.0
2026-05-04T19:24:36,Q272_qwen2.5:7b_HellaSwag,62ca7bc2-1243-4764-8dbd-71b2b97c42de,5b0fa12a-3dd7-45bb-9766-cc326314d9f1,9.018768000001728,6.558504839297754e-05,7.272062924000813e-06,12.8518664096,48.139868213549896,20.0,3.040529755016189e-05,0.000120590652028,4.731514444445364e-05,0.0001983110940226,0.0,Italy,ITA,lombardy,,,Windows-11-10.0.26200-SP0,3.13.13,3.2.6,32,13th Gen Intel(R) Core(TM) i9-13900HX,1,1 x NVIDIA GeForce RTX 4070 Laptop GPU,9.1922,45.4722,31.70067596435547,machine,0.0,62.85714285714285,34.51428571428571,10.942670004708429,N,1.0,0.0
2026-05-04T19:25:01,Q272_mistral:latest _HellaSwag,cddccce6-0299-4419-bbc8-ec9ad5227752,5b0fa12a-3dd7-45bb-9766-cc326314d9f1,9.890562699998554,8.59869241441037e-05,8.69383540171241e-06,12.840150348800002,63.47541571968544,20.0,3.348309706599076e-05,0.0001743648617139,5.215277944444097e-05,0.0002600007382244,0.0,Italy,ITA,lombardy,,,Windows-11-10.0.26200-SP0,3.13.13,3.2.6,32,13th Gen Intel(R) Core(TM) i9-13900HX,1,1 x NVIDIA GeForce RTX 4070 Laptop GPU,9.1922,45.4722,31.70067596435547,machine,0.0,81.25,33.7625,10.702536582946776,N,1.0,0.0
2026-05-04T19:25:25,Q273_phi3:mini_GSM8K,e20fc182-c3bd-4b0d-ac15-9730e68ce6e7,5b0fa12a-3dd7-45bb-9766-cc326314d9f1,9.13370460000442,7.684542810117676e-05,8.413391002500733e-06,12.829063952000002,60.564216597356655,20.0,3.076003638360475e-05,0.0001536465118059,4.795282777777175e-05,0.0002323593759673,0.0,Italy,ITA,lombardy,,,Windows-11-10.0.26200-SP0,3.13.13,3.2.6,32,13th Gen Intel(R) Core(TM) i9-13900HX,1,1 x NVIDIA GeForce RTX 4070 Laptop GPU,9.1922,45.4722,31.70067596435547,machine,0.0,70.0,33.44285714285714,10.608166830880302,N,1.0,0.0
2026-05-04T19:25:49,Q273_qwen2.5:7b_GSM8K,000c5803-ac3b-48c7-9ea6-56b12807bc53,5b0fa12a-3dd7-45bb-9766-cc326314d9f1,8.165512899999158,6.0334167339062646e-05,7.388901111045807e-06,12.838464967314287,49.61781185335122,20.0,2.732999820198785e-05,0.0001125298122459,4.257406777776649e-05,0.0001824338782257,0.0,Italy,ITA,lombardy,,,Windows-11-10.0.26200-SP0,3.13.13,3.2.6,32,13th Gen Intel(R) Core(TM) i9-13900HX,1,1 x NVIDIA GeForce RTX 4070 Laptop GPU,9.1922,45.4722,31.70067596435547,machine,0.0,55.16666666666666,34.11666666666667,10.816338221232096,N,1.0,0.0
2026-05-04T19:26:10,Q273_mistral:latest _GSM8K,7e18ece4-bee3-4f23-8d3d-52a48d97de3b,5b0fa12a-3dd7-45bb-9766-cc326314d9f1,6.617337299998326,5.137543875691021e-05,7.763763040599911e-06,12.8281866368,54.17701294868856,20.0,2.179289191263791e-05,9.957674632801727e-05,3.397551611111946e-05,0.0001553451543517,0.0,Italy,ITA,lombardy,,,Windows-11-10.0.26200-SP0,3.13.13,3.2.6,32,13th Gen Intel(R) Core(TM) i9-13900HX,1,1 x NVIDIA GeForce RTX 4070 Laptop GPU,9.1922,45.4722,31.70067596435547,machine,0.0,39.8,33.779999999999994,10.710519409179687,N,1.0,0.0
2026-05-04T19:26:35,Q274_phi3:mini_HellaSwag,e73aa0e3-cbd3-4034-8606-9a4dbcc01861,5b0fa12a-3dd7-45bb-9766-cc326314d9f1,9.14912159999949,7.808018300160535e-05,8.53417261408021e-06,12.827625651200002,61.88022443855359,20.0,3.081124559360553e-05,0.000157243736906,4.8037951666669366e-05,0.0002360929341662,0.0,Italy,ITA,lombardy,,,Windows-11-10.0.26200-SP0,3.13.13,3.2.6,32,13th Gen Intel(R) Core(TM) i9-13900HX,1,1 x NVIDIA GeForce RTX 4070 Laptop GPU,9.1922,45.4722,31.70067596435547,machine,0.0,76.14285714285714,33.58571428571429,10.65157972063337,N,1.0,0.0
2026-05-04T19:26:58,Q274_qwen2.5:7b_HellaSwag,4f2cd0a6-c057-4f7a-9f9b-2f7b95abb364,5b0fa12a-3dd7-45bb-9766-cc326314d9f1,8.618528200000583,6.355247904475393e-05,7.373936427422681e-06,12.833209193600002,49.3571903368151,20.0,2.8931885502994834e-05,0.000118145094516,4.5088184999985965e-05,0.000192165165019,0.0,Italy,ITA,lombardy,,,Windows-11-10.0.26200-SP0,3.13.13,3.2.6,32,13th Gen Intel(R) Core(TM) i9-13900HX,1,1 x NVIDIA GeForce RTX 4070 Laptop GPU,9.1922,45.4722,31.70067596435547,machine,0.0,44.142857142857146,34.34285714285714,10.889571598597936,N,1.0,0.0
2026-05-04T19:27:19,Q274_mistral:latest _HellaSwag,6faa432d-a72d-4d59-b68b-7238f4f3b211,5b0fa12a-3dd7-45bb-9766-cc326314d9f1,5.855067299999064,4.033631841203498e-05,6.889129764920282e-06,12.864074862080004,44.95237655653992,20.0,1.912773620392484e-05,7.310144736999424e-05,2.9736716111114626e-05,0.000121965899685,0.0,Italy,ITA,lombardy,,,Windows-11-10.0.26200-SP0,3.13.13,3.2.6,32,13th Gen Intel(R) Core(TM) i9-13900HX,1,1 x NVIDIA GeForce RTX 4070 Laptop GPU,9.1922,45.4722,31.70067596435547,machine,0.0,62.75,33.85,10.731143951416016,N,1.0,0.0
2026-05-04T19:27:29,Q275_phi3:mini_MMLU,18895fde-b7cd-4c32-804d-e257ca17e4a9,5b0fa12a-3dd7-45bb-9766-cc326314d9f1,4.535217000004195,3.152713814248879e-05,6.951627263361297e-06,12.864273267200002,46.46090397427931,20.0,1.4410829063669409e-05,5.8515602368025554e-05,2.240293722223012e-05,9.532936865392508e-05,0.0,Italy,ITA,lombardy,,,Windows-11-10.0.26200-SP0,3.13.13,3.2.6,32,13th Gen Intel(R) Core(TM) i9-13900HX,1,1 x NVIDIA GeForce RTX 4070 Laptop GPU,9.1922,45.4722,31.70067596435547,machine,25.0,5.5,33.65,10.664192199707031,N,1.0,0.0
2026-05-04T19:27:40,Q275_qwen2.5:7b_MMLU,5a70d381-8384-4def-b6b1-a83f1e940f5d,5b0fa12a-3dd7-45bb-9766-cc326314d9f1,5.93255450000288,3.257653632907673e-05,5.491148261522236e-06,12.852607854080002,29.707247676283217,20.0,1.9386627345443643e-05,4.894948360398277e-05,3.016634833333633e-05,9.850245928276274e-05,0.0,Italy,ITA,lombardy,,,Windows-11-10.0.26200-SP0,3.13.13,3.2.6,32,13th Gen Intel(R) Core(TM) i9-13900HX,1,1 x NVIDIA GeForce RTX 4070 Laptop GPU,9.1922,45.4722,31.70067596435547,machine,0.0,16.25,34.25,10.8529691696167,N,1.0,0.0
2026-05-04T19:28:00,Q275_mistral:latest _MMLU,e02690cf-30b9-4653-ac5e-9e22bb8f504d,5b0fa12a-3dd7-45bb-9766-cc326314d9f1,4.766652400001476,2.8680622484184783e-05,6.016931816588074e-06,12.85227632,36.1131546328108,20.0,1.5224137853306934e-05,4.780809380197648e-05,2.3690058888880434e-05,8.672229054416386e-05,0.0,Italy,ITA,lombardy,,,Windows-11-10.0.26200-SP0,3.13.13,3.2.6,32,13th Gen Intel(R) Core(TM) i9-13900HX,1,1 x NVIDIA GeForce RTX 4070 Laptop GPU,9.1922,45.4722,31.70067596435547,machine,0.0,52.333333333333336,33.833333333333336,10.73728052775065,N,1.0,0.0
2026-05-04T19:28:09,Q276_phi3:mini_SQuAD,ab17c361-473c-4334-b003-f504cb80b7f5,5b0fa12a-3dd7-45bb-9766-cc326314d9f1,4.305056100005459,2.778402701699853e-05,6.4538129983865484e-06,12.8879409536,41.20608613725744,20.0,1.3614858771233625e-05,4.926920608200325e-05,2.1127168333340603e-05,8.401123318657748e-05,0.0,Italy,ITA,lombardy,,,Windows-11-10.0.26200-SP0,3.13.13,3.2.6,32,13th Gen Intel(R) Core(TM) i9-13900HX,1,1 x NVIDIA GeForce RTX 4070 Laptop GPU,9.1922,45.4722,31.70067596435547,machine,0.0,24.5,33.65,10.66987419128418,N,1.0,0.0
2026-05-04T19:28:20,Q276_qwen2.5:7b_SQuAD,22a1eda0-c976-44d7-9394-8a1df3898150,5b0fa12a-3dd7-45bb-9766-cc326314d9f1,6.254324200002884,3.959150807254304e-05,6.330261560877318e-06,12.93569184512,38.61843603112171,20.0,2.067130779278943e-05,6.708394255597327e-05,3.1958548333326086e-05,0.000119713798682,0.0,Italy,ITA,lombardy,,,Windows-11-10.0.26200-SP0,3.13.13,3.2.6,32,13th Gen Intel(R) Core(TM) i9-13900HX,1,1 x NVIDIA GeForce RTX 4070 Laptop GPU,9.1922,45.4722,31.70067596435547,machine,0.0,17.5,34.4,10.90190601348877,N,1.0,0.0
2026-05-04T19:28:41,Q276_mistral:latest _SQuAD,720909b4-eb12-4025-afe6-b91000c56cb0,5b0fa12a-3dd7-45bb-9766-cc326314d9f1,5.431603699995321,3.834086034858078e-05,7.058847159378326e-06,12.842669244800003,47.04389401042194,20.0,1.7584999309690447e-05,7.096311232598906e-05,2.738407333332968e-05,0.000115932184969,0.0,Italy,ITA,lombardy,,,Windows-11-10.0.26200-SP0,3.13.13,3.2.6,32,13th Gen Intel(R) Core(TM) i9-13900HX,1,1 x NVIDIA GeForce RTX 4070 Laptop GPU,9.1922,45.4722,31.70067596435547,machine,0.0,53.66666666666666,34.06666666666667,10.806880950927734,N,1.0,0.0
2026-05-04T19:29:01,Q277_phi3:mini_SQuAD,b7714ad6-308e-48d3-b96d-f2ef2b4a6bee,5b0fa12a-3dd7-45bb-9766-cc326314d9f1,4.962619599995378,3.5044425520071665e-05,7.061678779510786e-06,12.843876022400003,47.35418618953378,20.0,1.5915018744576606e-05,6.526810776999459e-05,2.478154888885911e-05,0.0001059646754034,0.0,Italy,ITA,lombardy,,,Windows-11-10.0.26200-SP0,3.13.13,3.2.6,32,13th Gen Intel(R) Core(TM) i9-13900HX,1,1 x NVIDIA GeForce RTX 4070 Laptop GPU,9.1922,45.4722,31.70067596435547,machine,0.0,49.333333333333336,33.96666666666667,10.769007364908854,N,1.0,0.0
2026-05-04T19:29:22,Q277_qwen2.5:7b_SQuAD,a3187b63-8379-4d91-8bf7-13c7c9de6500,5b0fa12a-3dd7-45bb-9766-cc326314d9f1,5.869375299997046,3.2554654959811524e-05,5.546528087891723e-06,12.83969520128,30.352698709970124,20.0,1.914248258744537e-05,4.947753958198242e-05,2.981627388888025e-05,9.843629605830804e-05,0.0,Italy,ITA,lombardy,,,Windows-11-10.0.26200-SP0,3.13.13,3.2.6,32,13th Gen Intel(R) Core(TM) i9-13900HX,1,1 x NVIDIA GeForce RTX 4070 Laptop GPU,9.1922,45.4722,31.70067596435547,machine,0.0,9.25,34.325,10.891140937805176,N,1.0,0.0
2026-05-04T19:29:32,Q277_mistral:latest _SQuAD,5917958b-50ff-480d-8247-b4489e0865cc,5b0fa12a-3dd7-45bb-9766-cc326314d9f1,5.1818356000003405,3.5131245049734817e-05,6.779691167688243e-06,12.839617654400003,44.15208961190363,20.0,1.6691408436875792e-05,6.353727305197232e-05,2.5998512222213325e-05,0.000106227193711,0.0,Italy,ITA,lombardy,,,Windows-11-10.0.26200-SP0,3.13.13,3.2.6,32,13th Gen Intel(R) Core(TM) i9-13900HX,1,1 x NVIDIA GeForce RTX 4070 Laptop GPU,9.1922,45.4722,31.70067596435547,machine,0.0,50.0,33.7,10.685096740722656,N,1.0,0.0
2026-05-04T19:29:42,Q278_phi3:mini_SQuAD,61b3e25d-8c78-43af-95e9-1275beea56c5,5b0fa12a-3dd7-45bb-9766-cc326314d9f1,4.74970239999675,3.1437379676046344e-05,6.618810407167375e-06,12.8653158368,42.6715607991764,20.0,1.5177799894010947e-05,5.6286711695996416e-05,2.359345222220226e-05,9.505796381220964e-05,0.0,Italy,ITA,lombardy,,,Windows-11-10.0.26200-SP0,3.13.13,3.2.6,32,13th Gen Intel(R) Core(TM) i9-13900HX,1,1 x NVIDIA GeForce RTX 4070 Laptop GPU,9.1922,45.4722,31.70067596435547,machine,0.0,54.66666666666666,33.63333333333333,10.659435272216797,N,1.0,0.0
2026-05-04T19:30:03,Q278_qwen2.5:7b_SQuAD,811b933f-0331-4330-a70a-277141463b88,5b0fa12a-3dd7-45bb-9766-cc326314d9f1,6.864702300001227,4.640981835108416e-05,6.7606454472287695e-06,12.8457171392,43.63250528062196,20.0,2.25489069225704e-05,8.267506614001441e-05,3.510651500000677e-05,0.0001403304880625,0.0,Italy,ITA,lombardy,,,Windows-11-10.0.26200-SP0,3.13.13,3.2.6,32,13th Gen Intel(R) Core(TM) i9-13900HX,1,1 x NVIDIA GeForce RTX 4070 Laptop GPU,9.1922,45.4722,31.70067596435547,machine,0.0,39.4,34.3,10.872535705566406,N,1.0,0.0
2026-05-04T19:30:12,Q278_mistral:latest _SQuAD,eb7c1052-f933-4a8b-8d21-4784d0cefc52,5b0fa12a-3dd7-45bb-9766-cc326314d9f1,4.02173749999929,2.114156002006989e-05,5.256822460459845e-06,12.8337610496,28.540563362262294,20.0,1.2536691565693366e-05,3.185308103800799e-05,1.953647277777135e-05,6.392624538147271e-05,0.0,Italy,ITA,lombardy,,,Windows-11-10.0.26200-SP0,3.13.13,3.2.6,32,13th Gen Intel(R) Core(TM) i9-13900HX,1,1 x NVIDIA GeForce RTX 4070 Laptop GPU,9.1922,45.4722,31.70067596435547,machine,0.0,27.0,33.75,10.696598052978516,N,1.0,0.0
2026-05-04T19:30:27,Q279_phi3:mini_HellaSwag,bd39cc9c-90cb-471f-a9e7-6437f59b1b3f,5b0fa12a-3dd7-45bb-9766-cc326314d9f1,9.21618270000181,8.07736865807131e-05,8.764332176346421e-06,12.8250103808,64.37216966786781,20.0,3.104406302139469e-05,0.000164782631826,4.8410651111124834e-05,0.0002442373459585,0.0,Italy,ITA,lombardy,,,Windows-11-10.0.26200-SP0,3.13.13,3.2.6,32,13th Gen Intel(R) Core(TM) i9-13900HX,1,1 x NVIDIA GeForce RTX 4070 Laptop GPU,9.1922,45.4722,31.70067596435547,machine,0.0,75.14285714285714,33.628571428571426,10.66865485055106,N,1.0,0.0
2026-05-04T19:30:51,Q279_qwen2.5:7b_HellaSwag,f14dcb18-0090-430f-b295-1d4b9e7e03cb,5b0fa12a-3dd7-45bb-9766-cc326314d9f1,9.213862000004156,6.923937579101688e-05,7.514696420565628e-06,12.8468222336,50.74736586431871,20.0,3.108961420363302e-05,0.000129872048342,4.8399109444451625e-05,0.00020936077199,0.0,Italy,ITA,lombardy,,,Windows-11-10.0.26200-SP0,3.13.13,3.2.6,32,13th Gen Intel(R) Core(TM) i9-13900HX,1,1 x NVIDIA GeForce RTX 4070 Laptop GPU,9.1922,45.4722,31.70067596435547,machine,0.0,54.71428571428572,34.25714285714286,10.860055650983538,N,1.0,0.0
2026-05-04T19:31:13,Q279_mistral:latest _HellaSwag,a6647a71-b49b-405e-ac15-0a8d1acb7bca,5b0fa12a-3dd7-45bb-9766-cc326314d9f1,7.491886699994211,5.702670577504799e-05,7.611795006869505e-06,12.8451913472,52.22195896055522,20.0,2.493990881251603e-05,0.000108662864708,3.883025333331413e-05,0.0001724330268538,0.0,Italy,ITA,lombardy,,,Windows-11-10.0.26200-SP0,3.13.13,3.2.6,32,13th Gen Intel(R) Core(TM) i9-13900HX,1,1 x NVIDIA GeForce RTX 4070 Laptop GPU,9.1922,45.4722,31.70067596435547,machine,6.0,65.2,33.739999999999995,10.697391510009766,N,1.0,0.0
2026-05-04T19:31:38,Q280_phi3:mini_HellaSwag,deacb1b8-e763-47a6-b928-920dd77c6efd,5b0fa12a-3dd7-45bb-9766-cc326314d9f1,9.184477900002094,7.899078965099744e-05,8.600465972157158e-06,12.8346809888,62.59302659855155,20.0,3.0951904187304425e-05,0.0001596637388419,4.823071444443486e-05,0.0002388463574737,0.0,Italy,ITA,lombardy,,,Windows-11-10.0.26200-SP0,3.13.13,3.2.6,32,13th Gen Intel(R) Core(TM) i9-13900HX,1,1 x NVIDIA GeForce RTX 4070 Laptop GPU,9.1922,45.4722,31.70067596435547,machine,10.714285714285714,76.28571428571429,33.542857142857144,10.629343850272042,N,1.0,0.0
2026-05-04T19:32:00,Q280_qwen2.5:7b_HellaSwag,356bd387-54ec-4632-8888-9ef5a99f4c92,5b0fa12a-3dd7-45bb-9766-cc326314d9f1,6.758056899998337,4.453597856522362e-05,6.590056761024693e-06,12.8379839936,41.345800198038575,20.0,2.230866249699654e-05,7.76031176379921e-05,3.475273333335483e-05,0.0001346645134683,0.0,Italy,ITA,lombardy,,,Windows-11-10.0.26200-SP0,3.13.13,3.2.6,32,13th Gen Intel(R) Core(TM) i9-13900HX,1,1 x NVIDIA GeForce RTX 4070 Laptop GPU,9.1922,45.4722,31.70067596435547,machine,0.0,26.6,34.18,10.832529449462893,N,1.0,0.0
2026-05-04T19:32:20,Q280_mistral:latest _HellaSwag,773af381-2b91-45cd-bdf3-ec0cbc1c4c22,5b0fa12a-3dd7-45bb-9766-cc326314d9f1,5.2550826000006055,3.330693848608397e-05,6.338042809466045e-06,12.975217587200005,39.180162364297374,20.0,1.7128822615848594e-05,5.718143463401271e-05,2.6400736666659617e-05,0.0001007109939165,0.0,Italy,ITA,lombardy,,,Windows-11-10.0.26200-SP0,3.13.13,3.2.6,32,13th Gen Intel(R) Core(TM) i9-13900HX,1,1 x NVIDIA GeForce RTX 4070 Laptop GPU,9.1922,45.4722,31.70067596435547,machine,0.0,49.66666666666666,33.9,10.743250528971354,N,1.0,0.0
2026-05-04T19:32:34,Q281_phi3:mini_GSM8K,05c617d1-06ae-4cd3-98b1-5ca9864a0bd3,5b0fa12a-3dd7-45bb-9766-cc326314d9f1,9.123931399997671,8.442519494100483e-05,9.25315976630714e-06,12.840739256,69.70116493836744,20.0,3.075175640701683e-05,0.000176630419082,4.789632444444578e-05,0.0002552784999334,0.0,Italy,ITA,lombardy,,,Windows-11-10.0.26200-SP0,3.13.13,3.2.6,32,13th Gen Intel(R) Core(TM) i9-13900HX,1,1 x NVIDIA GeForce RTX 4070 Laptop GPU,9.1922,45.4722,31.70067596435547,machine,0.0,78.85714285714286,33.871428571428574,10.733627319335938,N,1.0,0.0
2026-05-04T19:32:57,Q281_qwen2.5:7b_GSM8K,2f9fa947-034b-449f-a8f2-831c136e2304,5b0fa12a-3dd7-45bb-9766-cc326314d9f1,8.052646299998742,5.6508031548457696e-05,7.017324422713876e-06,12.853954709942858,45.62176197727104,20.0,2.6946385813854462e-05,0.000101992303816,4.1926009444432566e-05,0.0001708646990743,0.0,Italy,ITA,lombardy,,,Windows-11-10.0.26200-SP0,3.13.13,3.2.6,32,13th Gen Intel(R) Core(TM) i9-13900HX,1,1 x NVIDIA GeForce RTX 4070 Laptop GPU,9.1922,45.4722,31.70067596435547,machine,0.0,56.0,34.5,10.942517598470053,N,1.0,0.0
2026-05-04T19:33:19,Q281_mistral:latest _GSM8K,9a57ec31-4dbd-4b6f-9210-fb7061c447e1,5b0fa12a-3dd7-45bb-9766-cc326314d9f1,6.979723299999023,5.358925212112759e-05,7.677847647790721e-06,12.847288006400005,53.09737163335173,20.0,2.3117696247740067e-05,0.000102934249014,3.5987169999983355e-05,0.0001620391152617,0.0,Italy,ITA,lombardy,,,Windows-11-10.0.26200-SP0,3.13.13,3.2.6,32,13th Gen Intel(R) Core(TM) i9-13900HX,1,1 x NVIDIA GeForce RTX 4070 Laptop GPU,9.1922,45.4722,31.70067596435547,machine,0.0,64.2,33.739999999999995,10.701760864257812,N,1.0,0.0
2026-05-04T19:33:40,Q282_phi3:mini_GSM8K,9c3642d7-8de2-47bf-ba9d-196b3d2b1e66,5b0fa12a-3dd7-45bb-9766-cc326314d9f1,5.606066099993768,3.816579515059716e-05,6.8079459767054094e-06,12.82798129664,44.229678700549925,20.0,1.8186288235474342e-05,6.8863388423962e-05,2.835315944442604e-05,0.0001154028361038,0.0,Italy,ITA,lombardy,,,Windows-11-10.0.26200-SP0,3.13.13,3.2.6,32,13th Gen Intel(R) Core(TM) i9-13900HX,1,1 x NVIDIA GeForce RTX 4070 Laptop GPU,9.1922,45.4722,31.70067596435547,machine,0.0,47.75,33.875,10.744854927062988,N,1.0,0.0
2026-05-04T19:33:54,Q282_qwen2.5:7b_GSM8K,b679db80-73d9-48f8-9f6d-623273a34b97,5b0fa12a-3dd7-45bb-9766-cc326314d9f1,9.432067399997322,7.05649543279456e-05,7.481387837407273e-06,12.8444370176,50.34774676027529,20.0,3.185988140158215e-05,0.000131900938854,4.960813555553614e-05,0.0002133689558111,0.0,Italy,ITA,lombardy,,,Windows-11-10.0.26200-SP0,3.13.13,3.2.6,32,13th Gen Intel(R) Core(TM) i9-13900HX,1,1 x NVIDIA GeForce RTX 4070 Laptop GPU,9.1922,45.4722,31.70067596435547,machine,0.0,43.42857142857143,34.65714285714286,10.98250252859933,N,1.0,0.0
2026-05-04T19:34:16,Q282_mistral:latest _GSM8K,29d13930-46c4-4f22-b74c-3c29011e6d7d,5b0fa12a-3dd7-45bb-9766-cc326314d9f1,6.951128000000608,5.458065230470255e-05,7.852056861087548e-06,12.839998016,55.04615778043882,20.0,2.2992622610575536e-05,0.0001062311960959,3.581301722224452e-05,0.0001650368359288,0.0,Italy,ITA,lombardy,,,Windows-11-10.0.26200-SP0,3.13.13,3.2.6,32,13th Gen Intel(R) Core(TM) i9-13900HX,1,1 x NVIDIA GeForce RTX 4070 Laptop GPU,9.1922,45.4722,31.70067596435547,machine,0.0,70.4,33.980000000000004,10.7718017578125,N,1.0,0.0
2026-05-04T19:34:36,Q283_phi3:mini_HellaSwag,75603a6a-77f5-4325-831e-5259c3783623,5b0fa12a-3dd7-45bb-9766-cc326314d9f1,4.931008100000327,3.535841272112597e-05,7.170625560546864e-06,12.8513930816,48.54918061516247,20.0,1.581317011104108e-05,6.649255319399194e-05,2.46083627777504e-05,0.0001069140860827,0.0,Italy,ITA,lombardy,,,Windows-11-10.0.26200-SP0,3.13.13,3.2.6,32,13th Gen Intel(R) Core(TM) i9-13900HX,1,1 x NVIDIA GeForce RTX 4070 Laptop GPU,9.1922,45.4722,31.70067596435547,machine,0.0,34.333333333333336,33.63333333333333,10.661178588867188,N,1.0,0.0
2026-05-04T19:34:58,Q283_qwen2.5:7b_HellaSwag,d3b7d6fc-d100-47a1-a3d7-4d5b2f1e2d10,5b0fa12a-3dd7-45bb-9766-cc326314d9f1,6.704182800000126,4.3405241646188006e-05,6.47435234704328e-06,12.847071891200002,40.09894623496454,20.0,2.213113722095856e-05,7.466228195199265e-05,3.4452057777768153e-05,0.0001312454769507,0.0,Italy,ITA,lombardy,,,Windows-11-10.0.26200-SP0,3.13.13,3.2.6,32,13th Gen Intel(R) Core(TM) i9-13900HX,1,1 x NVIDIA GeForce RTX 4070 Laptop GPU,9.1922,45.4722,31.70067596435547,machine,0.0,50.0,34.22,10.845795440673829,N,1.0,0.0
2026-05-04T19:35:09,Q283_mistral:latest _HellaSwag,938c1a8d-3d6a-4209-b402-4cdee48428eb,5b0fa12a-3dd7-45bb-9766-cc326314d9f1,5.546277599998575,3.921670951765672e-05,7.0708162025043245e-06,12.83525232896,47.11191045375734,20.0,1.7985241520247166e-05,7.257172472396878e-05,2.802354499997616e-05,0.0001185805112441,0.0,Italy,ITA,lombardy,,,Windows-11-10.0.26200-SP0,3.13.13,3.2.6,32,13th Gen Intel(R) Core(TM) i9-13900HX,1,1 x NVIDIA GeForce RTX 4070 Laptop GPU,9.1922,45.4722,31.70067596435547,machine,0.0,24.75,33.725,10.692442893981934,N,1.0,0.0
2026-05-04T19:35:33,Q284_phi3:mini_HellaSwag,f8c14b04-cd4e-48c4-8d42-50984ae881b4,5b0fa12a-3dd7-45bb-9766-cc326314d9f1,9.168670099999872,8.114708386259474e-05,8.850474821053478e-06,12.8246133584,65.37469736485164,20.0,3.085553988605206e-05,0.000166392633114,4.811822333334324e-05,0.0002453663963334,0.0,Italy,ITA,lombardy,,,Windows-11-10.0.26200-SP0,3.13.13,3.2.6,32,13th Gen Intel(R) Core(TM) i9-13900HX,1,1 x NVIDIA GeForce RTX 4070 Laptop GPU,9.1922,45.4722,31.70067596435547,machine,0.0,76.0,33.5,10.627542223249163,N,1.0,0.0
2026-05-04T19:35:55,Q284_qwen2.5:7b_HellaSwag,7dd331f3-2ca9-42a4-841d-49de41cb831a,5b0fa12a-3dd7-45bb-9766-cc326314d9f1,7.312009400004172,5.010764955711252e-05,6.852787902198803e-06,12.833399878400003,44.02041346330127,20.0,2.427724413486123e-05,8.940090485398677e-05,3.783356055557509e-05,0.0001515117095444,0.0,Italy,ITA,lombardy,,,Windows-11-10.0.26200-SP0,3.13.13,3.2.6,32,13th Gen Intel(R) Core(TM) i9-13900HX,1,1 x NVIDIA GeForce RTX 4070 Laptop GPU,9.1922,45.4722,31.70067596435547,machine,0.0,50.8,34.08,10.801300048828123,N,1.0,0.0
2026-05-04T19:36:21,Q284_mistral:latest _HellaSwag,f9f8fd78-ffe9-4deb-82d8-edd19005786f,5b0fa12a-3dd7-45bb-9766-cc326314d9f1,10.038574599995629,8.770439063677504e-05,8.736737448443452e-06,12.852192806400003,63.90778811942639,20.0,3.4042763353704585e-05,0.000178176809208,5.2974310555550295e-05,0.0002651938831172,0.0,Italy,ITA,lombardy,,,Windows-11-10.0.26200-SP0,3.13.13,3.2.6,32,13th Gen Intel(R) Core(TM) i9-13900HX,1,1 x NVIDIA GeForce RTX 4070 Laptop GPU,9.1922,45.4722,31.70067596435547,machine,0.0,80.375,33.75,10.696113109588625,N,1.0,0.0
2026-05-04T19:36:45,Q285_phi3:mini_HellaSwag,38cd7590-b17a-44b6-b977-bcff389c1546,5b0fa12a-3dd7-45bb-9766-cc326314d9f1,9.20164809999551,8.15177688437723e-05,8.859040028254512e-06,12.826468208,65.40372238515576,20.0,3.099668784320373e-05,0.0001671590226159,4.833153499999349e-05,0.0002464872454591,0.0,Italy,ITA,lombardy,,,Windows-11-10.0.26200-SP0,3.13.13,3.2.6,32,13th Gen Intel(R) Core(TM) i9-13900HX,1,1 x NVIDIA GeForce RTX 4070 Laptop GPU,9.1922,45.4722,31.70067596435547,machine,7.142857142857143,74.14285714285714,33.8,10.719334738595146,N,1.0,0.0
2026-05-04T19:37:11,Q285_qwen2.5:7b_HellaSwag,b4fbdefe-9786-446c-ac25-7a23c64e6ab6,5b0fa12a-3dd7-45bb-9766-cc326314d9f1,11.485972800001036,9.374195491504344e-05,8.161429297049613e-06,12.821146250240002,57.45762360040859,20.0,3.911890810005714e-05,0.000183309591092,6.102131277778729e-05,0.0002834498119698,0.0,Italy,ITA,lombardy,,,Windows-11-10.0.26200-SP0,3.13.13,3.2.6,32,13th Gen Intel(R) Core(TM) i9-13900HX,1,1 x NVIDIA GeForce RTX 4070 Laptop GPU,9.1922,45.4722,31.70067596435547,machine,0.0,66.33333333333333,34.388888888888886,10.899767557779947,N,1.0,0.0
2026-05-04T19:37:35,Q285_mistral:latest _HellaSwag,530f8b1d-b848-4970-afb4-4bdd5b6e38ee,5b0fa12a-3dd7-45bb-9766-cc326314d9f1,8.633656999998493,7.353551970689897e-05,8.517308448425945e-06,12.8256045248,61.80258151613738,20.0,2.897082749218845e-05,0.0001482045630079,4.517573555555525e-05,0.0002223511260557,0.0,Italy,ITA,lombardy,,,Windows-11-10.0.26200-SP0,3.13.13,3.2.6,32,13th Gen Intel(R) Core(TM) i9-13900HX,1,1 x NVIDIA GeForce RTX 4070 Laptop GPU,9.1922,45.4722,31.70067596435547,machine,0.0,73.71428571428571,33.7,10.675630841936384,N,1.0,0.0
2026-05-04T19:37:59,Q286_phi3:mini_HellaSwag,8a7f5f06-07b0-475c-b1e7-5ffe4ceee742,5b0fa12a-3dd7-45bb-9766-cc326314d9f1,9.107304099998146,7.777478948131973e-05,8.539825685774077e-06,12.834255684800002,61.93867247801915,20.0,3.06801730627167e-05,0.000156680403122,4.780893222220281e-05,0.0002351695084069,0.0,Italy,ITA,lombardy,,,Windows-11-10.0.26200-SP0,3.13.13,3.2.6,32,13th Gen Intel(R) Core(TM) i9-13900HX,1,1 x NVIDIA GeForce RTX 4070 Laptop GPU,9.1922,45.4722,31.70067596435547,machine,0.0,88.28571428571429,33.9,10.75457981654576,N,1.0,0.0
2026-05-04T19:38:22,Q286_qwen2.5:7b_HellaSwag,4ea45f4d-2eac-497c-b807-ce790f9d5e26,5b0fa12a-3dd7-45bb-9766-cc326314d9f1,7.829435200001171,5.41364794763109e-05,6.914480814184758e-06,12.836883584000002,44.54138558590025,20.0,2.6127234003004503e-05,9.686146637799542e-05,4.0705079444443175e-05,0.0001636937798254,0.0,Italy,ITA,lombardy,,,Windows-11-10.0.26200-SP0,3.13.13,3.2.6,32,13th Gen Intel(R) Core(TM) i9-13900HX,1,1 x NVIDIA GeForce RTX 4070 Laptop GPU,9.1922,45.4722,31.70067596435547,machine,0.0,56.16666666666666,34.516666666666666,10.947620391845703,N,1.0,0.0
2026-05-04T19:38:43,Q286_mistral:latest _HellaSwag,da2899f8-3640-456c-91a6-719ef7a66f8a,5b0fa12a-3dd7-45bb-9766-cc326314d9f1,5.775428799999645,4.065843206267795e-05,7.039898416318534e-06,12.83892220928,46.81373739046124,20.0,1.876517255087312e-05,7.49442266219924e-05,2.9230483333311792e-05,0.0001229398825061,0.0,Italy,ITA,lombardy,,,Windows-11-10.0.26200-SP0,3.13.13,3.2.6,32,13th Gen Intel(R) Core(TM) i9-13900HX,1,1 x NVIDIA GeForce RTX 4070 Laptop GPU,9.1922,45.4722,31.70067596435547,machine,0.0,55.0,33.675,10.675132751464844,N,1.0,0.0
2026-05-04T19:38:57,Q287_phi3:mini_HellaSwag,6cb3657e-5a59-4094-9d62-7ff846c75da5,5b0fa12a-3dd7-45bb-9766-cc326314d9f1,9.133357899998373,7.714644987976092e-05,8.446668872986425e-06,12.8356491872,60.9581518231228,20.0,3.0761218012262166e-05,0.000154578179218,4.793018555554024e-05,0.0002332695827858,0.0,Italy,ITA,lombardy,,,Windows-11-10.0.26200-SP0,3.13.13,3.2.6,32,13th Gen Intel(R) Core(TM) i9-13900HX,1,1 x NVIDIA GeForce RTX 4070 Laptop GPU,9.1922,45.4722,31.70067596435547,machine,0.0,78.28571428571429,33.628571428571426,10.65473883492606,N,1.0,0.0
2026-05-04T19:39:19,Q287_qwen2.5:7b_HellaSwag,54948301-ec2f-4966-8a5c-9bffe9580614,5b0fa12a-3dd7-45bb-9766-cc326314d9f1,6.867837700003292,4.7158058224860254e-05,6.866507376089806e-06,12.849001203200002,44.30271217533474,20.0,2.272048586867745e-05,8.450867871800938e-05,3.536379444445225e-05,0.0001425929590311,0.0,Italy,ITA,lombardy,,,Windows-11-10.0.26200-SP0,3.13.13,3.2.6,32,13th Gen Intel(R) Core(TM) i9-13900HX,1,1 x NVIDIA GeForce RTX 4070 Laptop GPU,9.1922,45.4722,31.70067596435547,machine,0.0,38.8,34.260000000000005,10.857828521728516,N,1.0,0.0
2026-05-04T19:39:40,Q287_mistral:latest _HellaSwag,6861a528-8ba6-4067-82f4-6719dad39660,5b0fa12a-3dd7-45bb-9766-cc326314d9f1,6.147255899995798,4.650295433991334e-05,7.564831381095608e-06,12.925474112,52.12758702732343,20.0,2.026655996605516e-05,8.898729341200173e-05,3.13582522222229e-05,0.0001406121056002,0.0,Italy,ITA,lombardy,,,Windows-11-10.0.26200-SP0,3.13.13,3.2.6,32,13th Gen Intel(R) Core(TM) i9-13900HX,1,1 x NVIDIA GeForce RTX 4070 Laptop GPU,9.1922,45.4722,31.70067596435547,machine,0.0,56.5,34.025000000000006,10.78805160522461,N,1.0,0.0
2026-05-04T19:39:55,Q288_phi3:mini_MMLU,a107eddf-6a4f-42aa-9753-89d3198cdd16,5b0fa12a-3dd7-45bb-9766-cc326314d9f1,9.159776199994669,7.664664118535772e-05,8.367741690610558e-06,12.823081904,60.06719740467718,20.0,3.083883413674376e-05,0.0001528212333679,4.809823166663894e-05,0.0002317582991713,0.0,Italy,ITA,lombardy,,,Windows-11-10.0.26200-SP0,3.13.13,3.2.6,32,13th Gen Intel(R) Core(TM) i9-13900HX,1,1 x NVIDIA GeForce RTX 4070 Laptop GPU,9.1922,45.4722,31.70067596435547,machine,0.0,84.42857142857143,33.91428571428572,10.75172369820731,N,1.0,0.0
2026-05-04T19:40:18,Q288_qwen2.5:7b_MMLU,0487b407-2a92-4702-8d05-925faa3a5a91,5b0fa12a-3dd7-45bb-9766-cc326314d9f1,8.404222199998912,6.034208808441192e-05,7.179972952692722e-06,12.843170294857146,47.28081031327431,20.0,2.819114730311864e-05,0.000110367310516,4.38993705555428e-05,0.0001824578283746,0.0,Italy,ITA,lombardy,,,Windows-11-10.0.26200-SP0,3.13.13,3.2.6,32,13th Gen Intel(R) Core(TM) i9-13900HX,1,1 x NVIDIA GeForce RTX 4070 Laptop GPU,9.1922,45.4722,31.70067596435547,machine,0.0,56.0,34.516666666666666,10.943800608317057,N,1.0,0.0
2026-05-04T19:40:40,Q288_mistral:latest _MMLU,cd800521-213a-4e4d-a3c4-b811f53923e0,5b0fa12a-3dd7-45bb-9766-cc326314d9f1,6.841418900003191,5.137670850008211e-05,7.50965687834992e-06,12.8344801664,51.32783378644538,20.0,2.260006178999108e-05,9.75325780259717e-05,3.521635388889182e-05,0.0001553489937048,0.0,Italy,ITA,lombardy,,,Windows-11-10.0.26200-SP0,3.13.13,3.2.6,32,13th Gen Intel(R) Core(TM) i9-13900HX,1,1 x NVIDIA GeForce RTX 4070 Laptop GPU,9.1922,45.4722,31.70067596435547,machine,0.0,69.4,33.6,10.653115844726562,N,1.0,0.0
2026-05-04T19:41:03,Q289_phi3:mini_SQuAD,b7ecbece-6bfb-49e5-9b19-dc69ebf49443,5b0fa12a-3dd7-45bb-9766-cc326314d9f1,7.987696500000311,6.629113261613726e-05,8.299155158954108e-06,12.826697583542858,59.64717142371041,20.0,2.665128658568052e-05,0.000132239550236,4.155526111111007e-05,0.0002004460979327,0.0,Italy,ITA,lombardy,,,Windows-11-10.0.26200-SP0,3.13.13,3.2.6,32,13th Gen Intel(R) Core(TM) i9-13900HX,1,1 x NVIDIA GeForce RTX 4070 Laptop GPU,9.1922,45.4722,31.70067596435547,machine,0.0,74.5,33.65,10.663479487101236,N,1.0,0.0
2026-05-04T19:41:25,Q289_qwen2.5:7b_SQuAD,b2e69d93-43d8-4bf5-974b-bce7c98bdba8,5b0fa12a-3dd7-45bb-9766-cc326314d9f1,6.543784900000901,4.019097103357774e-05,6.14185393434497e-06,12.8211704384,36.57918026472643,20.0,2.150839557816615e-05,6.646810873001119e-05,3.354990499998773e-05,0.0001215264093081,0.0,Italy,ITA,lombardy,,,Windows-11-10.0.26200-SP0,3.13.13,3.2.6,32,13th Gen Intel(R) Core(TM) i9-13900HX,1,1 x NVIDIA GeForce RTX 4070 Laptop GPU,9.1922,45.4722,31.70067596435547,machine,0.0,26.8,34.239999999999995,10.854532623291016,N,1.0,0.0
2026-05-04T19:41:35,Q289_mistral:latest _SQuAD,073aacb2-3514-4ee0-8c18-5eb9d3ccd65f,5b0fa12a-3dd7-45bb-9766-cc326314d9f1,5.521380600002885,3.950505243961376e-05,7.154922890045493e-06,12.8528744384,48.02451965294551,20.0,1.7920459001798315e-05,7.364783669597252e-05,2.7884085000025355e-05,0.0001194523806977,0.0,Italy,ITA,lombardy,,,Windows-11-10.0.26200-SP0,3.13.13,3.2.6,32,13th Gen Intel(R) Core(TM) i9-13900HX,1,1 x NVIDIA GeForce RTX 4070 Laptop GPU,9.1922,45.4722,31.70067596435547,machine,0.0,49.66666666666666,33.7,10.682908376057943,N,1.0,0.0
2026-05-04T19:41:46,Q290_phi3:mini_SQuAD,58ae9f4e-1a2c-4bb4-b235-fdd7b5dce2e5,5b0fa12a-3dd7-45bb-9766-cc326314d9f1,5.902394099997764,4.1783295112571393e-05,7.079041894641909e-06,12.82635508736,47.03532055512622,20.0,1.923957360409892e-05,7.710256168200202e-05,2.999902277778246e-05,0.0001263411580638,0.0,Italy,ITA,lombardy,,,Windows-11-10.0.26200-SP0,3.13.13,3.2.6,32,13th Gen Intel(R) Core(TM) i9-13900HX,1,1 x NVIDIA GeForce RTX 4070 Laptop GPU,9.1922,45.4722,31.70067596435547,machine,0.0,73.0,33.575,10.645922660827637,N,1.0,0.0
2026-05-04T19:42:08,Q290_qwen2.5:7b_SQuAD,a4e4964b-3507-4945-b137-86e4b3b326f6,5b0fa12a-3dd7-45bb-9766-cc326314d9f1,6.509032899994054,3.908664716467054e-05,6.004985343476486e-06,12.860797306880002,35.04359244968047,20.0,2.14607506627012e-05,6.335366179402446e-05,3.3372826111089026e-05,0.0001181872385678,0.0,Italy,ITA,lombardy,,,Windows-11-10.0.26200-SP0,3.13.13,3.2.6,32,13th Gen Intel(R) Core(TM) i9-13900HX,1,1 x NVIDIA GeForce RTX 4070 Laptop GPU,9.1922,45.4722,31.70067596435547,machine,0.0,36.0,34.175,10.84247875213623,N,1.0,0.0
2026-05-04T19:42:18,Q290_mistral:latest _SQuAD,2bb3448f-1dd1-4b97-bd83-b5896236e0ce,5b0fa12a-3dd7-45bb-9766-cc326314d9f1,4.863960500006215,3.040446978548657e-05,6.250969716026213e-06,12.832835484800002,38.60792273105108,20.0,1.5548663073629363e-05,5.215504172401131e-05,2.4231024444452487e-05,9.193472924209316e-05,0.0,Italy,ITA,lombardy,,,Windows-11-10.0.26200-SP0,3.13.13,3.2.6,32,13th Gen Intel(R) Core(TM) i9-13900HX,1,1 x NVIDIA GeForce RTX 4070 Laptop GPU,9.1922,45.4722,31.70067596435547,machine,0.0,50.66666666666666,33.833333333333336,10.728136698404947,N,1.0,0.0
2026-05-04T19:42:40,Q291_phi3:mini_MMLU,f4e49bd9-cabb-40c1-a539-1a726b63b367,5b0fa12a-3dd7-45bb-9766-cc326314d9f1,6.767807000003813,5.346446109010008e-05,7.899820590343365e-06,12.845114816,55.877919456645934,20.0,2.227827062881433e-05,0.0001046973059799,3.468620500001028e-05,0.0001616617816088,0.0,Italy,ITA,lombardy,,,Windows-11-10.0.26200-SP0,3.13.13,3.2.6,32,13th Gen Intel(R) Core(TM) i9-13900HX,1,1 x NVIDIA GeForce RTX 4070 Laptop GPU,9.1922,45.4722,31.70067596435547,machine,0.0,58.8,33.72,10.692147827148435,N,1.0,0.0
2026-05-04T19:43:03,Q291_qwen2.5:7b_MMLU,f146de8c-1e29-4b1a-9e59-a5ac6452776f,5b0fa12a-3dd7-45bb-9766-cc326314d9f1,8.778896700001496,6.435930976822076e-05,7.331138748700596e-06,12.825318353600002,48.93601182599086,20.0,2.945801985259848e-05,0.0001192103731459,4.59364055555246e-05,0.0001946047985541,0.0,Italy,ITA,lombardy,,,Windows-11-10.0.26200-SP0,3.13.13,3.2.6,32,13th Gen Intel(R) Core(TM) i9-13900HX,1,1 x NVIDIA GeForce RTX 4070 Laptop GPU,9.1922,45.4722,31.70067596435547,machine,0.0,62.57142857142857,34.357142857142854,10.895665849958148,N,1.0,0.0
2026-05-04T19:43:28,Q291_mistral:latest _MMLU,b2aead3e-fcd4-434a-b60d-602eea4636d5,5b0fa12a-3dd7-45bb-9766-cc326314d9f1,9.98361229999864,8.787336002902057e-05,8.801760063242094e-06,12.825942668800002,64.63805765106208,20.0,3.37825254405712e-05,0.0001792448656179,5.267740888888916e-05,0.0002657047999474,0.0,Italy,ITA,lombardy,,,Windows-11-10.0.26200-SP0,3.13.13,3.2.6,32,13th Gen Intel(R) Core(TM) i9-13900HX,1,1 x NVIDIA GeForce RTX 4070 Laptop GPU,9.1922,45.4722,31.70067596435547,machine,0.0,75.625,33.675,10.682338237762451,N,1.0,0.0
2026-05-04T19:43:48,Q292_phi3:mini_MMLU,14e03297-d8c9-4cd5-8f8f-07b5411fb55c,5b0fa12a-3dd7-45bb-9766-cc326314d9f1,4.5436616000006325,2.6405534543416623e-05,5.811509938022882e-06,12.8380204352,34.124221889418216,20.0,1.4397261137303909e-05,4.301753441399159e-05,2.2428256666656427e-05,7.984305221795193e-05,0.0,Italy,ITA,lombardy,,,Windows-11-10.0.26200-SP0,3.13.13,3.2.6,32,13th Gen Intel(R) Core(TM) i9-13900HX,1,1 x NVIDIA GeForce RTX 4070 Laptop GPU,9.1922,45.4722,31.70067596435547,machine,0.0,34.333333333333336,33.86666666666667,10.737508138020834,N,1.0,0.0
2026-05-04T19:44:00,Q292_qwen2.5:7b_MMLU,573ed214-55ed-4cd7-9a40-b9a823b05954,5b0fa12a-3dd7-45bb-9766-cc326314d9f1,6.854135200002929,4.660710697236759e-05,6.799852295348313e-06,12.8349982208,43.60003166388804,20.0,2.264456025279442e-05,8.29983997319983e-05,3.528407444444181e-05,0.0001409270344292,0.0,Italy,ITA,lombardy,,,Windows-11-10.0.26200-SP0,3.13.13,3.2.6,32,13th Gen Intel(R) Core(TM) i9-13900HX,1,1 x NVIDIA GeForce RTX 4070 Laptop GPU,9.1922,45.4722,31.70067596435547,machine,0.0,44.2,34.46,10.91776123046875,N,1.0,0.0
2026-05-04T19:44:21,Q292_mistral:latest _MMLU,3cae936f-43f0-49df-baa5-195689de3dd7,5b0fa12a-3dd7-45bb-9766-cc326314d9f1,5.797674599998572,4.063941829174703e-05,7.009606626035382e-06,12.8239069952,46.32723887263791,20.0,1.8864202651116588e-05,7.459894856801097e-05,2.941923888890112e-05,0.000122882390108,0.0,Italy,ITA,lombardy,,,Windows-11-10.0.26200-SP0,3.13.13,3.2.6,32,13th Gen Intel(R) Core(TM) i9-13900HX,1,1 x NVIDIA GeForce RTX 4070 Laptop GPU,9.1922,45.4722,31.70067596435547,machine,0.0,62.0,34.075,10.809597969055176,N,1.0,0.0
2026-05-04T19:44:30,Q293_phi3:mini_SQuAD,f46642f1-03ac-4a80-97f8-25eeb2854aab,5b0fa12a-3dd7-45bb-9766-cc326314d9f1,4.746049699999276,3.204261949703316e-05,6.751429403918388e-06,12.845088128000002,44.12887484919788,20.0,1.5143887202733696e-05,5.81664354220024e-05,2.357771944443812e-05,9.68880420691742e-05,0.0,Italy,ITA,lombardy,,,Windows-11-10.0.26200-SP0,3.13.13,3.2.6,32,13th Gen Intel(R) Core(TM) i9-13900HX,1,1 x NVIDIA GeForce RTX 4070 Laptop GPU,9.1922,45.4722,31.70067596435547,machine,0.0,34.333333333333336,33.86666666666667,10.730225880940756,N,1.0,0.0
2026-05-04T19:44:52,Q293_qwen2.5:7b_SQuAD,46128254-7076-466e-a7ce-b6b4180fa843,5b0fa12a-3dd7-45bb-9766-cc326314d9f1,6.101780099997995,3.542748938656439e-05,5.80609081382268e-06,12.84080386304,33.07230447269127,20.0,1.997248502889809e-05,5.604337816800253e-05,3.110709166665199e-05,0.0001071229548635,0.0,Italy,ITA,lombardy,,,Windows-11-10.0.26200-SP0,3.13.13,3.2.6,32,13th Gen Intel(R) Core(TM) i9-13900HX,1,1 x NVIDIA GeForce RTX 4070 Laptop GPU,9.1922,45.4722,31.70067596435547,machine,0.0,36.0,34.05,10.789922714233398,N,1.0,0.0
2026-05-04T19:45:11,Q293_mistral:latest _SQuAD,6aaa13a3-f920-46b8-89f5-df51677fda69,5b0fa12a-3dd7-45bb-9766-cc326314d9f1,4.392953299997316,2.6819797009667182e-05,6.105186005433649e-06,12.882403942400002,37.342492746189386,20.0,1.3922695634413382e-05,4.5559203113998414e-05,2.161376888887187e-05,8.109566763728367e-05,0.0,Italy,ITA,lombardy,,,Windows-11-10.0.26200-SP0,3.13.13,3.2.6,32,13th Gen Intel(R) Core(TM) i9-13900HX,1,1 x NVIDIA GeForce RTX 4070 Laptop GPU,9.1922,45.4722,31.70067596435547,machine,0.0,23.5,33.8,10.715705871582031,N,1.0,0.0
2026-05-04T19:45:25,Q294_phi3:mini_HumanEval,db0563a1-0e8c-4b49-b812-ffafac4e19c4,5b0fa12a-3dd7-45bb-9766-cc326314d9f1,9.25898139999481,7.745360994164982e-05,8.365240904544126e-06,12.8254235168,60.02126346525088,20.0,3.119729548654464e-05,0.000154352623482,4.864843111111744e-05,0.0002341983500796,0.0,Italy,ITA,lombardy,,,Windows-11-10.0.26200-SP0,3.13.13,3.2.6,32,13th Gen Intel(R) Core(TM) i9-13900HX,1,1 x NVIDIA GeForce RTX 4070 Laptop GPU,9.1922,45.4722,31.70067596435547,machine,0.0,76.14285714285714,33.68571428571429,10.68476322719029,N,1.0,0.0
2026-05-04T19:45:51,Q294_qwen2.5:7b_HumanEval,23c5b7d5-06bb-4d45-96ba-2332bc57dbc0,5b0fa12a-3dd7-45bb-9766-cc326314d9f1,10.45240719999856,8.19479219747408e-05,7.840100410052153e-06,12.824637452800005,54.100528527075255,20.0,3.544716254835166e-05,0.0001570626256499,5.527812166668203e-05,0.000247787909865,0.0,Italy,ITA,lombardy,,,Windows-11-10.0.26200-SP0,3.13.13,3.2.6,32,13th Gen Intel(R) Core(TM) i9-13900HX,1,1 x NVIDIA GeForce RTX 4070 Laptop GPU,9.1922,45.4722,31.70067596435547,machine,0.0,67.625,34.25,10.857254981994627,N,1.0,0.0
2026-05-04T19:46:16,Q294_mistral:latest _HumanEval,7cae1371-86fe-40e6-8be8-e1c06e260665,5b0fa12a-3dd7-45bb-9766-cc326314d9f1,9.44597359999898,8.323770804117982e-05,8.811977628350435e-06,12.8267531408,64.84941103118402,20.0,3.186447490595283e-05,0.0001701401361119,4.968325611108513e-05,0.000251687867129,0.0,Italy,ITA,lombardy,,,Windows-11-10.0.26200-SP0,3.13.13,3.2.6,32,13th Gen Intel(R) Core(TM) i9-13900HX,1,1 x NVIDIA GeForce RTX 4070 Laptop GPU,9.1922,45.4722,31.70067596435547,machine,0.0,77.71428571428571,33.771428571428565,10.70194571358817,N,1.0,0.0
2026-05-04T19:46:35,Q295_phi3:mini_SQuAD,6f298ba3-603c-4cea-9e13-d6b49674fb56,5b0fa12a-3dd7-45bb-9766-cc326314d9f1,4.685120299996925,3.14298813336546e-05,6.708447024012432e-06,12.860593731200002,43.69643570189464,20.0,1.4942147630218124e-05,5.685671215199806e-05,2.323643111109656e-05,9.503529089331272e-05,0.0,Italy,ITA,lombardy,,,Windows-11-10.0.26200-SP0,3.13.13,3.2.6,32,13th Gen Intel(R) Core(TM) i9-13900HX,1,1 x NVIDIA GeForce RTX 4070 Laptop GPU,9.1922,45.4722,31.70067596435547,machine,0.0,45.66666666666666,33.56666666666667,10.634900410970053,N,1.0,0.0
2026-05-04T19:46:46,Q295_qwen2.5:7b_SQuAD,23c247ec-0827-4896-b220-068dbd2ebf38,5b0fa12a-3dd7-45bb-9766-cc326314d9f1,5.760232600005111,3.325762192455426e-05,5.77365954363106e-06,12.853228828160002,32.86453657398583,20.0,1.877303828734125e-05,5.25783753960174e-05,2.9210460555582864e-05,0.0001005618742389,0.0,Italy,ITA,lombardy,,,Windows-11-10.0.26200-SP0,3.13.13,3.2.6,32,13th Gen Intel(R) Core(TM) i9-13900HX,1,1 x NVIDIA GeForce RTX 4070 Laptop GPU,9.1922,45.4722,31.70067596435547,machine,0.0,21.25,34.075,10.799287796020508,N,1.0,0.0
2026-05-04T19:47:06,Q295_mistral:latest _SQuAD,53c504d2-c4e7-4213-bf10-ba453bf6f870,5b0fa12a-3dd7-45bb-9766-cc326314d9f1,4.500832300000184,2.636728817269912e-05,5.858313844019037e-06,12.8456916992,34.59974780646655,20.0,1.4266302810248398e-05,4.325003459998422e-05,2.221106833332872e-05,7.972740574356134e-05,0.0,Italy,ITA,lombardy,,,Windows-11-10.0.26200-SP0,3.13.13,3.2.6,32,13th Gen Intel(R) Core(TM) i9-13900HX,1,1 x NVIDIA GeForce RTX 4070 Laptop GPU,9.1922,45.4722,31.70067596435547,machine,0.0,45.0,33.8,10.719823837280272,N,1.0,0.0
2026-05-04T19:47:28,Q296_phi3:mini_MMLU,e39d1c3a-a1f4-4a07-95bd-286a90dc8be8,5b0fa12a-3dd7-45bb-9766-cc326314d9f1,7.118092800003069,5.374470865997803e-05,7.550436636616322e-06,12.832141126400002,51.67785837707652,20.0,2.358366677133309e-05,0.0001021689706239,3.675653555559014e-05,0.0001625091729509,0.0,Italy,ITA,lombardy,,,Windows-11-10.0.26200-SP0,3.13.13,3.2.6,32,13th Gen Intel(R) Core(TM) i9-13900HX,1,1 x NVIDIA GeForce RTX 4070 Laptop GPU,9.1922,45.4722,31.70067596435547,machine,0.0,60.2,33.58,10.657492065429688,N,1.0,0.0
2026-05-04T19:47:54,Q296_qwen2.5:7b_MMLU,c722ad73-d78e-4c0b-aa2c-201715bc7482,5b0fa12a-3dd7-45bb-9766-cc326314d9f1,10.667997100004868,8.424784519692418e-05,7.897250477963265e-06,12.85916736512,54.69032280009277,20.0,3.6298920862520606e-05,0.0001619887407019,5.6454581666669886e-05,0.0002547422432311,0.0,Italy,ITA,lombardy,,,Windows-11-10.0.26200-SP0,3.13.13,3.2.6,32,13th Gen Intel(R) Core(TM) i9-13900HX,1,1 x NVIDIA GeForce RTX 4070 Laptop GPU,9.1922,45.4722,31.70067596435547,machine,0.0,67.22222222222223,34.666666666666664,10.99366929796007,N,1.0,0.0
2026-05-04T19:48:16,Q296_mistral:latest _MMLU,3419cbfe-cb03-47bf-b882-747ffa947ab6,5b0fa12a-3dd7-45bb-9766-cc326314d9f1,7.039543600003526,5.22935659324026e-05,7.428544931858424e-06,12.8311532672,50.37903960907368,20.0,2.330114052110383e-05,9.850146768997092e-05,3.631870944445837e-05,0.0001581213176555,0.0,Italy,ITA,lombardy,,,Windows-11-10.0.26200-SP0,3.13.13,3.2.6,32,13th Gen Intel(R) Core(TM) i9-13900HX,1,1 x NVIDIA GeForce RTX 4070 Laptop GPU,9.1922,45.4722,31.70067596435547,machine,0.0,68.6,34.04,10.784458923339844,N,1.0,0.0
2026-05-04T19:48:39,Q297_phi3:mini_HumanEval,0894b34b-8546-491c-b5bb-e682d39e99e1,5b0fa12a-3dd7-45bb-9766-cc326314d9f1,7.681854500006011,6.001201436438327e-05,7.812177953166948e-06,12.824706516114288,54.36267004876897,20.0,2.5579248706649988e-05,0.0001159912039039,3.988932388892863e-05,0.0001814597764995,0.0,Italy,ITA,lombardy,,,Windows-11-10.0.26200-SP0,3.13.13,3.2.6,32,13th Gen Intel(R) Core(TM) i9-13900HX,1,1 x NVIDIA GeForce RTX 4070 Laptop GPU,9.1922,45.4722,31.70067596435547,machine,0.0,72.66666666666667,33.65,10.65671157836914,N,1.0,0.0
2026-05-04T19:49:04,Q297_qwen2.5:7b_HumanEval,b0a8bb4e-596a-4598-b647-b854183ae2d9,5b0fa12a-3dd7-45bb-9766-cc326314d9f1,10.50838990000193,8.257824247624349e-05,7.858315428154062e-06,12.827764288,54.28533826307422,20.0,3.5656067868006854e-05,0.0001584470712019,5.5590686111099794e-05,0.0002496938251811,0.0,Italy,ITA,lombardy,,,Windows-11-10.0.26200-SP0,3.13.13,3.2.6,32,13th Gen Intel(R) Core(TM) i9-13900HX,1,1 x NVIDIA GeForce RTX 4070 Laptop GPU,9.1922,45.4722,31.70067596435547,machine,0.0,66.0,34.4125,10.90420389175415,N,1.0,0.0
2026-05-04T19:49:27,Q297_mistral:latest _HumanEval,69f6d693-565d-4076-8e69-858aec71f30f,5b0fa12a-3dd7-45bb-9766-cc326314d9f1,7.854353000002447,6.457252203968797e-05,8.221240125019572e-06,12.825826095542856,58.76608948581361,20.0,2.619661441644236e-05,0.0001282039914519,4.084888777777249e-05,0.0001952494936462,0.0,Italy,ITA,lombardy,,,Windows-11-10.0.26200-SP0,3.13.13,3.2.6,32,13th Gen Intel(R) Core(TM) i9-13900HX,1,1 x NVIDIA GeForce RTX 4070 Laptop GPU,9.1922,45.4722,31.70067596435547,machine,11.116666666666667,79.0,33.7,10.687974294026692,N,1.0,0.0
2026-05-04T19:49:47,Q298_phi3:mini_HellaSwag,b4cc0fc1-76dd-453b-a3f8-a7420b80b7f3,5b0fa12a-3dd7-45bb-9766-cc326314d9f1,4.2393969999975525,2.5145635326313413e-05,5.931417917767062e-06,12.8594584064,35.60750175681319,20.0,1.334901155819391e-05,4.192392242799437e-05,2.076053055554641e-05,7.603346454173469e-05,0.0,Italy,ITA,lombardy,,,Windows-11-10.0.26200-SP0,3.13.13,3.2.6,32,13th Gen Intel(R) Core(TM) i9-13900HX,1,1 x NVIDIA GeForce RTX 4070 Laptop GPU,9.1922,45.4722,31.70067596435547,machine,0.0,33.5,33.55,10.640420913696287,N,1.0,0.0
2026-05-04T19:50:00,Q298_qwen2.5:7b_HellaSwag,f8df6f78-ef99-4741-8d4f-51f6cc1f0683,5b0fa12a-3dd7-45bb-9766-cc326314d9f1,8.598118399997475,6.275396548509964e-05,7.298569589960295e-06,12.8431240544,48.52565877389908,20.0,2.888440647197454e-05,0.000115887314932,4.497895888889616e-05,0.0001897506802928,0.0,Italy,ITA,lombardy,,,Windows-11-10.0.26200-SP0,3.13.13,3.2.6,32,13th Gen Intel(R) Core(TM) i9-13900HX,1,1 x NVIDIA GeForce RTX 4070 Laptop GPU,9.1922,45.4722,31.70067596435547,machine,3.571428571428572,48.85714285714285,34.5,10.928275517054969,N,1.0,0.0
2026-05-04T19:50:22,Q298_mistral:latest _HellaSwag,17815a8a-c764-4826-beea-610f761768e3,5b0fa12a-3dd7-45bb-9766-cc326314d9f1,6.462670400003844,4.838517021195222e-05,7.4868695472886e-06,12.83626332416,51.23717151538173,20.0,2.1247730830033764e-05,9.195090689401164e-05,3.310476944445529e-05,0.0001463034071685,0.0,Italy,ITA,lombardy,,,Windows-11-10.0.26200-SP0,3.13.13,3.2.6,32,13th Gen Intel(R) Core(TM) i9-13900HX,1,1 x NVIDIA GeForce RTX 4070 Laptop GPU,9.1922,45.4722,31.70067596435547,machine,25.0,69.75,33.75,10.699411392211914,N,1.0,0.0
2026-05-04T19:50:46,Q299_phi3:mini_GSM8K,101d9a26-4d98-4b0a-9869-e008153253ef,5b0fa12a-3dd7-45bb-9766-cc326314d9f1,9.160713400000532,7.732059832625911e-05,8.440455993990013e-06,12.836617702400003,60.85302756094571,20.0,3.0870643562290536e-05,0.0001548287349739,4.8096781111113766e-05,0.0002337961596473,0.0,Italy,ITA,lombardy,,,Windows-11-10.0.26200-SP0,3.13.13,3.2.6,32,13th Gen Intel(R) Core(TM) i9-13900HX,1,1 x NVIDIA GeForce RTX 4070 Laptop GPU,9.1922,45.4722,31.70067596435547,machine,0.0,69.57142857142857,33.6,10.656298501150948,N,1.0,0.0
2026-05-04T19:51:13,Q299_qwen2.5:7b_GSM8K,8419522b-637d-42ae-a950-8bd2e4068b01,5b0fa12a-3dd7-45bb-9766-cc326314d9f1,12.068870800001603,0.0001020768940717,8.457866171851658e-06,12.820915345454546,60.61725063848682,20.0,4.11933705846151e-05,0.00020320016256,6.425883555554417e-05,0.0003086523687001,0.0,Italy,ITA,lombardy,,,Windows-11-10.0.26200-SP0,3.13.13,3.2.6,32,13th Gen Intel(R) Core(TM) i9-13900HX,1,1 x NVIDIA GeForce RTX 4070 Laptop GPU,9.1922,45.4722,31.70067596435547,machine,0.0,67.1,34.39,10.903844833374023,N,1.0,0.0
2026-05-04T19:51:36,Q299_mistral:latest _GSM8K,ebb2b106-17f4-4286-b7af-b3692a6f676f,5b0fa12a-3dd7-45bb-9766-cc326314d9f1,7.17391299999872,5.498221087627768e-05,7.664187017083633e-06,12.835931705600002,52.907677816155285,20.0,2.3784190614458707e-05,0.000105409250994,3.705759666667695e-05,0.0001662510382751,0.0,Italy,ITA,lombardy,,,Windows-11-10.0.26200-SP0,3.13.13,3.2.6,32,13th Gen Intel(R) Core(TM) i9-13900HX,1,1 x NVIDIA GeForce RTX 4070 Laptop GPU,9.1922,45.4722,31.70067596435547,machine,0.0,69.0,33.739999999999995,10.688594818115234,N,1.0,0.0
2026-05-04T19:51:58,Q300_phi3:mini_MMLU,909dcae8-b44b-47e9-8aea-f46dd39db23a,5b0fa12a-3dd7-45bb-9766-cc326314d9f1,7.377717800001847,6.0877591294538045e-05,8.251547828858784e-06,12.8304139328,59.2908442904553,20.0,2.4488161890178045e-05,0.0001214181526899,3.817072777779281e-05,0.0001840770423579,0.0,Italy,ITA,lombardy,,,Windows-11-10.0.26200-SP0,3.13.13,3.2.6,32,13th Gen Intel(R) Core(TM) i9-13900HX,1,1 x NVIDIA GeForce RTX 4070 Laptop GPU,9.1922,45.4722,31.70067596435547,machine,0.0,77.6,33.94,10.763382720947266,N,1.0,0.0
2026-05-04T19:52:29,Q300_qwen2.5:7b_MMLU,f15e96d2-fb05-4a51-b16b-49bbd1e172b3,5b0fa12a-3dd7-45bb-9766-cc326314d9f1,15.337916000004045,0.0001343466977323,8.759123321074327e-06,12.81892285897143,63.60699343310935,20.0,5.282638122265134e-05,0.0002709827167859,8.241825500000333e-05,0.0004062273530086,0.0,Italy,ITA,lombardy,,,Windows-11-10.0.26200-SP0,3.13.13,3.2.6,32,13th Gen Intel(R) Core(TM) i9-13900HX,1,1 x NVIDIA GeForce RTX 4070 Laptop GPU,9.1922,45.4722,31.70067596435547,machine,3.8461538461538463,77.53846153846153,34.7,10.996255434476412,N,1.0,0.0
2026-05-04T19:52:54,Q300_mistral:latest _MMLU,9698f3f8-152b-4ce6-add7-f3a48ae82bd2,5b0fa12a-3dd7-45bb-9766-cc326314d9f1,10.123618500001612,8.934438862566849e-05,8.825341317005798e-06,12.841324505600005,64.8610716874594,20.0,3.43189159403227e-05,0.0001823840347959,5.34498338888726e-05,0.0002701527846251,0.0,Italy,ITA,lombardy,,,Windows-11-10.0.26200-SP0,3.13.13,3.2.6,32,13th Gen Intel(R) Core(TM) i9-13900HX,1,1 x NVIDIA GeForce RTX 4070 Laptop GPU,9.1922,45.4722,31.70067596435547,machine,0.0,85.125,33.75,10.69537115097046,N,1.0,0.0
2026-05-04T19:53:15,Q301_phi3:mini_GSM8K,a49fc84b-ae7c-43f6-adf0-f6a5e652bfca,5b0fa12a-3dd7-45bb-9766-cc326314d9f1,6.305612999996811,4.867613561773581e-05,7.719493032280988e-06,12.85240109312,53.8015100006911,20.0,2.0718848132381373e-05,9.422451982404878e-05,3.223983833332669e-05,0.0001471832062897,0.0,Italy,ITA,lombardy,,,Windows-11-10.0.26200-SP0,3.13.13,3.2.6,32,13th Gen Intel(R) Core(TM) i9-13900HX,1,1 x NVIDIA GeForce RTX 4070 Laptop GPU,9.1922,45.4722,31.70067596435547,machine,0.0,74.5,33.7,10.690531730651855,N,1.0,0.0
2026-05-04T19:53:42,Q301_qwen2.5:7b_GSM8K,a1292f99-aece-45c3-b8df-fc00fb90cd6c,5b0fa12a-3dd7-45bb-9766-cc326314d9f1,11.959428200003458,9.963387745895794e-05,8.330990060120862e-06,12.828056478254547,59.2443287160257,20.0,4.082565462899686e-05,0.0001967904352099,6.364927055555099e-05,0.0003012653603945,0.0,Italy,ITA,lombardy,,,Windows-11-10.0.26200-SP0,3.13.13,3.2.6,32,13th Gen Intel(R) Core(TM) i9-13900HX,1,1 x NVIDIA GeForce RTX 4070 Laptop GPU,9.1922,45.4722,31.70067596435547,machine,10.0,72.7,34.29,10.868272399902343,N,1.0,0.0
2026-05-04T19:54:04,Q301_mistral:latest _GSM8K,7a3d329b-533c-468e-84dd-4431d159e4a1,5b0fa12a-3dd7-45bb-9766-cc326314d9f1,7.174726800003555,5.415236789411858e-05,7.547655737092561e-06,12.8605107776,51.60873260677066,20.0,2.3836068636579835e-05,0.0001028378600479,3.706789333332886e-05,0.0001637418220179,0.0,Italy,ITA,lombardy,,,Windows-11-10.0.26200-SP0,3.13.13,3.2.6,32,13th Gen Intel(R) Core(TM) i9-13900HX,1,1 x NVIDIA GeForce RTX 4070 Laptop GPU,9.1922,45.4722,31.70067596435547,machine,0.0,69.0,33.9,10.749797058105468,N,1.0,0.0
2026-05-04T19:54:25,Q302_phi3:mini_GSM8K,7492c779-3678-437b-8508-f0ae7a0a6ba9,5b0fa12a-3dd7-45bb-9766-cc326314d9f1,5.641232100002526,3.9021297181863365e-05,6.9171586082845084e-06,12.84200097536,45.3820462620235,20.0,1.833342858505696e-05,7.110561244000335e-05,2.855059722221793e-05,0.0001179896382472,0.0,Italy,ITA,lombardy,,,Windows-11-10.0.26200-SP0,3.13.13,3.2.6,32,13th Gen Intel(R) Core(TM) i9-13900HX,1,1 x NVIDIA GeForce RTX 4070 Laptop GPU,9.1922,45.4722,31.70067596435547,machine,0.0,63.75,33.8,10.71060848236084,N,1.0,0.0
2026-05-04T19:54:40,Q302_qwen2.5:7b_GSM8K,2dcd937d-6895-491d-9fb3-193deb42f057,5b0fa12a-3dd7-45bb-9766-cc326314d9f1,10.184578000000329,8.297359344516393e-05,8.146983944269587e-06,12.8403417984,57.466514014599234,20.0,3.453522351006342e-05,0.000162563185606,5.379084833334168e-05,0.0002508892574494,0.0,Italy,ITA,lombardy,,,Windows-11-10.0.26200-SP0,3.13.13,3.2.6,32,13th Gen Intel(R) Core(TM) i9-13900HX,1,1 x NVIDIA GeForce RTX 4070 Laptop GPU,9.1922,45.4722,31.70067596435547,machine,0.0,66.375,34.4125,10.907240390777588,N,1.0,0.0
2026-05-04T19:55:03,Q302_mistral:latest _GSM8K,74b991a2-0c6e-4201-8901-b10354431e92,5b0fa12a-3dd7-45bb-9766-cc326314d9f1,7.181560700002592,5.432696264586702e-05,7.564784998036348e-06,12.858334380800002,51.79607739927271,20.0,2.3856323514686343e-05,0.000103308138202,3.710528666670143e-05,0.0001642697483834,0.0,Italy,ITA,lombardy,,,Windows-11-10.0.26200-SP0,3.13.13,3.2.6,32,13th Gen Intel(R) Core(TM) i9-13900HX,1,1 x NVIDIA GeForce RTX 4070 Laptop GPU,9.1922,45.4722,31.70067596435547,machine,0.0,76.2,33.88,10.735779571533204,N,1.0,0.0
2026-05-04T19:55:27,Q303_phi3:mini_HellaSwag,1dd432e5-51bb-4394-becf-03daae2cbb52,5b0fa12a-3dd7-45bb-9766-cc326314d9f1,9.18839100000332,7.645387382318668e-05,8.320703137596021e-06,12.8223692192,59.59226830585533,20.0,3.092478278791103e-05,0.0001520159549459,4.8234686111148527e-05,0.000231175423845,0.0,Italy,ITA,lombardy,,,Windows-11-10.0.26200-SP0,3.13.13,3.2.6,32,13th Gen Intel(R) Core(TM) i9-13900HX,1,1 x NVIDIA GeForce RTX 4070 Laptop GPU,9.1922,45.4722,31.70067596435547,machine,0.0,84.0,33.8,10.711923326764788,N,1.0,0.0
2026-05-04T19:55:53,Q303_qwen2.5:7b_HellaSwag,2b10bfde-08b5-4c20-a601-3957ce8977ed,5b0fa12a-3dd7-45bb-9766-cc326314d9f1,10.53613050000422,8.545186185101845e-05,8.110364791987365e-06,12.8750812416,56.97992868184023,20.0,3.588664849637757e-05,0.000166750966734,5.574524222223166e-05,0.0002583828574526,0.0,Italy,ITA,lombardy,,,Windows-11-10.0.26200-SP0,3.13.13,3.2.6,32,13th Gen Intel(R) Core(TM) i9-13900HX,1,1 x NVIDIA GeForce RTX 4070 Laptop GPU,9.1922,45.4722,31.70067596435547,machine,0.0,66.0,34.8375,11.04804515838623,N,1.0,0.0
2026-05-04T19:56:14,Q303_mistral:latest _HellaSwag,870f4bb7-0c8a-41ee-bdba-5db6e444df3b,5b0fa12a-3dd7-45bb-9766-cc326314d9f1,6.3708476000028895,4.844614888254728e-05,7.604349048080401e-06,12.85722781184,52.55820763206718,20.0,2.09489727069882e-05,9.29525743619819e-05,3.258624277780958e-05,0.0001464877898467,0.0,Italy,ITA,lombardy,,,Windows-11-10.0.26200-SP0,3.13.13,3.2.6,32,13th Gen Intel(R) Core(TM) i9-13900HX,1,1 x NVIDIA GeForce RTX 4070 Laptop GPU,9.1922,45.4722,31.70067596435547,machine,0.0,69.25,34.2,10.838427543640137,N,1.0,0.0
2026-05-04T19:56:38,Q304_phi3:mini_HellaSwag,1ce58cb8-2a13-40ad-9e0d-a3d83c9dfb04,5b0fa12a-3dd7-45bb-9766-cc326314d9f1,9.22986469999887,7.8386731734948e-05,8.492728147462182e-06,12.829613168000002,61.4265352765064,20.0,3.109803257148045e-05,0.0001574442926219,4.847752777778724e-05,0.0002370198529712,0.0,Italy,ITA,lombardy,,,Windows-11-10.0.26200-SP0,3.13.13,3.2.6,32,13th Gen Intel(R) Core(TM) i9-13900HX,1,1 x NVIDIA GeForce RTX 4070 Laptop GPU,9.1922,45.4722,31.70067596435547,machine,0.0,70.71428571428571,33.800000000000004,10.719100952148438,N,1.0,0.0
2026-05-04T19:57:00,Q304_qwen2.5:7b_HellaSwag,7161f949-b7b9-44a2-9b79-0a8ec54badf4,5b0fa12a-3dd7-45bb-9766-cc326314d9f1,6.291624799996498,3.79824463617137e-05,6.036985289036124e-06,12.84538543616,35.52074531774303,20.0,2.06503397516446e-05,6.204727185998848e-05,3.215082833331609e-05,0.0001148484399449,0.0,Italy,ITA,lombardy,,,Windows-11-10.0.26200-SP0,3.13.13,3.2.6,32,13th Gen Intel(R) Core(TM) i9-13900HX,1,1 x NVIDIA GeForce RTX 4070 Laptop GPU,9.1922,45.4722,31.70067596435547,machine,0.0,23.25,34.35,10.890438079833984,N,1.0,0.0
2026-05-04T19:57:10,Q304_mistral:latest _HellaSwag,40edc2e3-2be3-43c3-9072-89d417f766c6,5b0fa12a-3dd7-45bb-9766-cc326314d9f1,5.525675600001705,3.805583323293466e-05,6.887091459535359e-06,12.841976432,45.11714050761093,20.0,1.7920810094999628e-05,6.924116650397494e-05,2.7908365000015087e-05,0.0001150703415989,0.0,Italy,ITA,lombardy,,,Windows-11-10.0.26200-SP0,3.13.13,3.2.6,32,13th Gen Intel(R) Core(TM) i9-13900HX,1,1 x NVIDIA GeForce RTX 4070 Laptop GPU,9.1922,45.4722,31.70067596435547,machine,0.0,46.0,33.93333333333334,10.757789611816406,N,1.0,0.0
2026-05-04T19:57:31,Q305_phi3:mini_MMLU,c493f1b5-5de7-4050-aa9f-d5db5d98b2f9,5b0fa12a-3dd7-45bb-9766-cc326314d9f1,5.831636899994919,4.439002122158296e-05,7.611931603907239e-06,12.85500041984,52.83930817436874,20.0,1.9031626369478147e-05,8.558340180001012e-05,2.9608150555537176e-05,0.000134223178725,0.0,Italy,ITA,lombardy,,,Windows-11-10.0.26200-SP0,3.13.13,3.2.6,32,13th Gen Intel(R) Core(TM) i9-13900HX,1,1 x NVIDIA GeForce RTX 4070 Laptop GPU,9.1922,45.4722,31.70067596435547,machine,0.0,61.25,33.825,10.719768524169922,N,1.0,0.0
2026-05-04T19:57:44,Q305_qwen2.5:7b_MMLU,2bec87a5-e43f-4f31-980d-8c8d6b9c52bf,5b0fa12a-3dd7-45bb-9766-cc326314d9f1,7.419736800002283,5.0207945762495055e-05,6.766809539993333e-06,12.8376072128,43.04716209580897,20.0,2.4669804409514944e-05,8.871257097001206e-05,3.843260222222145e-05,0.0001518149776017,0.0,Italy,ITA,lombardy,,,Windows-11-10.0.26200-SP0,3.13.13,3.2.6,32,13th Gen Intel(R) Core(TM) i9-13900HX,1,1 x NVIDIA GeForce RTX 4070 Laptop GPU,9.1922,45.4722,31.70067596435547,machine,4.0,47.6,34.42,10.9136962890625,N,1.0,0.0
2026-05-04T19:58:05,Q305_mistral:latest _MMLU,7afe2798-383c-4d52-9775-95ea63e3faff,5b0fa12a-3dd7-45bb-9766-cc326314d9f1,6.090477400000964,4.345989114624652e-05,7.135711749991823e-06,12.8617522688,47.529366044186354,20.0,1.996538986548868e-05,8.040006431997426e-05,3.104526777780039e-05,0.0001314107219632,0.0,Italy,ITA,lombardy,,,Windows-11-10.0.26200-SP0,3.13.13,3.2.6,32,13th Gen Intel(R) Core(TM) i9-13900HX,1,1 x NVIDIA GeForce RTX 4070 Laptop GPU,9.1922,45.4722,31.70067596435547,machine,0.0,77.5,34.3,10.867260932922363,N,1.0,0.0
2026-05-04T19:58:25,Q306_phi3:mini_SQuAD,cc54fe1b-8053-4e03-812b-74143c4d6e38,5b0fa12a-3dd7-45bb-9766-cc326314d9f1,4.844580799996038,3.277768851013254e-05,6.765846182224755e-06,12.8369041184,44.23877583430436,20.0,1.5480900934568e-05,5.951171427601154e-05,2.4118072777774714e-05,9.911068798835424e-05,0.0,Italy,ITA,lombardy,,,Windows-11-10.0.26200-SP0,3.13.13,3.2.6,32,13th Gen Intel(R) Core(TM) i9-13900HX,1,1 x NVIDIA GeForce RTX 4070 Laptop GPU,9.1922,45.4722,31.70067596435547,machine,33.333333333333336,64.66666666666667,34.23333333333333,10.850364685058594,N,1.0,0.0
2026-05-04T19:58:37,Q306_qwen2.5:7b_SQuAD,dc86a8b5-1760-4fd6-829f-c714f6f5a0a4,5b0fa12a-3dd7-45bb-9766-cc326314d9f1,7.065021800000977,4.448933881094137e-05,6.297126897886602e-06,12.827542784000002,38.05683625748401,20.0,2.3385341308839725e-05,7.467755974197021e-05,3.646058666664532e-05,0.0001345234877174,0.0,Italy,ITA,lombardy,,,Windows-11-10.0.26200-SP0,3.13.13,3.2.6,32,13th Gen Intel(R) Core(TM) i9-13900HX,1,1 x NVIDIA GeForce RTX 4070 Laptop GPU,9.1922,45.4722,31.70067596435547,machine,0.0,31.4,34.62,10.978023529052734,N,1.0,0.0
2026-05-04T19:58:58,Q306_mistral:latest _SQuAD,9f4696b8-858c-46e0-9c27-4a7a01731cbb,5b0fa12a-3dd7-45bb-9766-cc326314d9f1,5.913832999998704,4.30148278459654e-05,7.273595288533652e-06,12.858347555840002,49.15122253614776,20.0,1.932065265211115e-05,8.069423122200603e-05,3.0050089444436404e-05,0.0001300649733185,0.0,Italy,ITA,lombardy,,,Windows-11-10.0.26200-SP0,3.13.13,3.2.6,32,13th Gen Intel(R) Core(TM) i9-13900HX,1,1 x NVIDIA GeForce RTX 4070 Laptop GPU,9.1922,45.4722,31.70067596435547,machine,0.0,49.5,34.075,10.801196098327637,N,1.0,0.0
2026-05-04T19:59:10,Q307_phi3:mini_GSM8K,90a7bcbc-acfd-41a1-9a75-9c011815c0f0,5b0fa12a-3dd7-45bb-9766-cc326314d9f1,7.315626700001303,5.848829163151199e-05,7.994980338663477e-06,12.8554256192,56.43458580646131,20.0,2.433062810969351e-05,0.0001146700917359,3.785173944444169e-05,0.0001768524592901,0.0,Italy,ITA,lombardy,,,Windows-11-10.0.26200-SP0,3.13.13,3.2.6,32,13th Gen Intel(R) Core(TM) i9-13900HX,1,1 x NVIDIA GeForce RTX 4070 Laptop GPU,9.1922,45.4722,31.70067596435547,machine,0.0,68.4,33.92,10.757459259033205,N,1.0,0.0
2026-05-04T19:59:33,Q307_qwen2.5:7b_GSM8K,1a4e829c-1541-456a-96be-3868a2d49571,5b0fa12a-3dd7-45bb-9766-cc326314d9f1,7.808066199999303,5.632626798141904e-05,7.213856355549863e-06,12.840068403200002,47.83451050439401,20.0,2.604790489895806e-05,0.0001036959162899,4.057127500002227e-05,0.0001703150961889,0.0,Italy,ITA,lombardy,,,Windows-11-10.0.26200-SP0,3.13.13,3.2.6,32,13th Gen Intel(R) Core(TM) i9-13900HX,1,1 x NVIDIA GeForce RTX 4070 Laptop GPU,9.1922,45.4722,31.70067596435547,machine,0.0,57.0,34.483333333333334,10.930797576904297,N,1.0,0.0
2026-05-04T19:59:55,Q307_mistral:latest _GSM8K,10d679cb-6898-442f-a102-ba237ba5fb44,5b0fa12a-3dd7-45bb-9766-cc326314d9f1,6.8244075999973575,5.147598619470125e-05,7.542923754249553e-06,12.830500044800004,51.70224964490748,20.0,2.253324422837029e-05,9.799230061602326e-05,3.5123637222204706e-05,0.0001556491820665,0.0,Italy,ITA,lombardy,,,Windows-11-10.0.26200-SP0,3.13.13,3.2.6,32,13th Gen Intel(R) Core(TM) i9-13900HX,1,1 x NVIDIA GeForce RTX 4070 Laptop GPU,9.1922,45.4722,31.70067596435547,machine,0.0,69.4,33.96,10.76841049194336,N,1.0,0.0
2026-05-04T20:00:19,Q308_phi3:mini_HellaSwag,3bdb34e2-2073-4ab2-98b8-96ce7f93c9f4,5b0fa12a-3dd7-45bb-9766-cc326314d9f1,9.150698100005684,7.540357412644607e-05,8.24019908671222e-06,12.8288879408,58.67520118374804,20.0,3.082018132621684e-05,0.0001491317859719,4.804764000000432e-05,0.0002279996072981,0.0,Italy,ITA,lombardy,,,Windows-11-10.0.26200-SP0,3.13.13,3.2.6,32,13th Gen Intel(R) Core(TM) i9-13900HX,1,1 x NVIDIA GeForce RTX 4070 Laptop GPU,9.1922,45.4722,31.70067596435547,machine,0.0,83.28571428571429,33.871428571428574,10.744015284946986,N,1.0,0.0
2026-05-04T20:00:43,Q308_qwen2.5:7b_HellaSwag,473fd1a9-1ef4-4ae1-bc14-bb21de14400e,5b0fa12a-3dd7-45bb-9766-cc326314d9f1,9.103891500002646,6.746848012920501e-05,7.410949496617507e-06,12.8445975488,49.643189581792896,20.0,3.0689882715655985e-05,0.0001255303782019,4.778581111111432e-05,0.0002040060720287,0.0,Italy,ITA,lombardy,,,Windows-11-10.0.26200-SP0,3.13.13,3.2.6,32,13th Gen Intel(R) Core(TM) i9-13900HX,1,1 x NVIDIA GeForce RTX 4070 Laptop GPU,9.1922,45.4722,31.70067596435547,machine,7.142857142857143,62.57142857142857,34.41428571428572,10.915509905133929,N,1.0,0.0
2026-05-04T20:01:08,Q308_mistral:latest _HellaSwag,34782c9a-72c5-4d18-b0fa-0dd34560ceee,5b0fa12a-3dd7-45bb-9766-cc326314d9f1,9.66397429999779,8.410322763532257e-05,8.702757791413188e-06,12.8282846976,63.61393192140516,20.0,3.2649180792936305e-05,0.000170755136604,5.090064222220261e-05,0.0002543049596191,0.0,Italy,ITA,lombardy,,,Windows-11-10.0.26200-SP0,3.13.13,3.2.6,32,13th Gen Intel(R) Core(TM) i9-13900HX,1,1 x NVIDIA GeForce RTX 4070 Laptop GPU,9.1922,45.4722,31.70067596435547,machine,0.0,80.5,34.025,10.79309368133545,N,1.0,0.0
2026-05-04T20:01:31,Q309_phi3:mini_MMLU,25ff4116-33e3-4cac-9ec9-9286e5a5c875,5b0fa12a-3dd7-45bb-9766-cc326314d9f1,7.393261099998199,6.186032204790696e-05,8.367122601408197e-06,12.8343166592,60.539763809396256,20.0,2.4551336890519343e-05,0.000124239266058,3.825794611111633e-05,0.0001870485490596,0.0,Italy,ITA,lombardy,,,Windows-11-10.0.26200-SP0,3.13.13,3.2.6,32,13th Gen Intel(R) Core(TM) i9-13900HX,1,1 x NVIDIA GeForce RTX 4070 Laptop GPU,9.1922,45.4722,31.70067596435547,machine,0.0,59.6,33.76,10.709553527832032,N,1.0,0.0
2026-05-04T20:02:01,Q309_qwen2.5:7b_MMLU,4f0884a2-49c0-401d-ad53-80e46026553a,5b0fa12a-3dd7-45bb-9766-cc326314d9f1,14.776591499998176,0.0001277645305972,8.64641420163134e-06,12.870199103085714,62.38849275206233,20.0,5.1023284429604987e-05,0.0002560138159219,7.928759499999513e-05,0.0003863246953515,0.0,Italy,ITA,lombardy,,,Windows-11-10.0.26200-SP0,3.13.13,3.2.6,32,13th Gen Intel(R) Core(TM) i9-13900HX,1,1 x NVIDIA GeForce RTX 4070 Laptop GPU,9.1922,45.4722,31.70067596435547,machine,5.130769230769231,68.0,34.746153846153845,11.013922471266527,N,1.0,0.0
2026-05-04T20:02:24,Q309_mistral:latest _MMLU,3ad5b889-0af1-4672-9edf-457f313c0714,5b0fa12a-3dd7-45bb-9766-cc326314d9f1,7.904548300000897,6.318189258192863e-05,7.993106017445863e-06,12.825525127314288,56.36220271158557,20.0,2.634397988840774e-05,0.0001236214877859,4.107914611114312e-05,0.0001910446137855,0.0,Italy,ITA,lombardy,,,Windows-11-10.0.26200-SP0,3.13.13,3.2.6,32,13th Gen Intel(R) Core(TM) i9-13900HX,1,1 x NVIDIA GeForce RTX 4070 Laptop GPU,9.1922,45.4722,31.70067596435547,machine,0.0,74.66666666666667,34.266666666666666,10.859312057495115,N,1.0,0.0
2026-05-04T20:02:45,Q310_phi3:mini_SQuAD,cff88ca9-c7f4-48c1-ac01-687c0bff1da6,5b0fa12a-3dd7-45bb-9766-cc326314d9f1,6.1542133999973885,4.690316341483128e-05,7.621309234231491e-06,12.82975314176,52.82740569198998,20.0,2.013932965431535e-05,9.028896112001084e-05,3.139393666666971e-05,0.0001418222274409,0.0,Italy,ITA,lombardy,,,Windows-11-10.0.26200-SP0,3.13.13,3.2.6,32,13th Gen Intel(R) Core(TM) i9-13900HX,1,1 x NVIDIA GeForce RTX 4070 Laptop GPU,9.1922,45.4722,31.70067596435547,machine,0.0,60.75,33.849999999999994,10.735535621643066,N,1.0,0.0
2026-05-04T20:03:07,Q310_qwen2.5:7b_SQuAD,cc894a8b-3acc-4c12-ab8b-3fb22f851e68,5b0fa12a-3dd7-45bb-9766-cc326314d9f1,6.548654900005204,4.047911985852737e-05,6.181287680695344e-06,12.841383449600002,36.970728624448384,20.0,2.1566776405046608e-05,6.724283157200084e-05,3.3588083888915004e-05,0.0001223976918659,0.0,Italy,ITA,lombardy,,,Windows-11-10.0.26200-SP0,3.13.13,3.2.6,32,13th Gen Intel(R) Core(TM) i9-13900HX,1,1 x NVIDIA GeForce RTX 4070 Laptop GPU,9.1922,45.4722,31.70067596435547,machine,10.0,35.75,34.44,10.917407989501951,N,1.0,0.0
2026-05-04T20:03:17,Q310_mistral:latest _SQuAD,88543ad1-99a5-42ce-9811-64a4bcc45e2a,5b0fa12a-3dd7-45bb-9766-cc326314d9f1,5.106077799995546,3.2995754483375825e-05,6.462054785652621e-06,12.8394152768,40.74024650457689,20.0,1.6419353115230313e-05,5.777560177602781e-05,2.557510444441707e-05,9.977005933567518e-05,0.0,Italy,ITA,lombardy,,,Windows-11-10.0.26200-SP0,3.13.13,3.2.6,32,13th Gen Intel(R) Core(TM) i9-13900HX,1,1 x NVIDIA GeForce RTX 4070 Laptop GPU,9.1922,45.4722,31.70067596435547,machine,0.0,50.66666666666666,33.96666666666667,10.766340891520182,N,1.0,0.0
2026-05-04T20:03:40,Q311_phi3:mini_SQuAD,ce35b83f-912a-43dc-b10e-b557ccf78167,5b0fa12a-3dd7-45bb-9766-cc326314d9f1,8.144788199999311,6.961513129789773e-05,8.547199704702402e-06,12.8268898688,62.24262666017204,20.0,2.7232556455260745e-05,0.000140803445976,4.246095055556604e-05,0.0002104969529868,0.0,Italy,ITA,lombardy,,,Windows-11-10.0.26200-SP0,3.13.13,3.2.6,32,13th Gen Intel(R) Core(TM) i9-13900HX,1,1 x NVIDIA GeForce RTX 4070 Laptop GPU,9.1922,45.4722,31.70067596435547,machine,0.0,74.33333333333333,33.78333333333333,10.71433130900065,N,1.0,0.0
2026-05-04T20:04:03,Q311_qwen2.5:7b_SQuAD,42690ffd-0487-494f-b02d-76ead8973961,5b0fa12a-3dd7-45bb-9766-cc326314d9f1,8.450750999996671,6.0856163637761925e-05,7.201272838092839e-06,12.830226291200002,47.58842640116335,20.0,2.8300065645387845e-05,0.0001115981448339,4.411404055552137e-05,0.0001840122510349,0.0,Italy,ITA,lombardy,,,Windows-11-10.0.26200-SP0,3.13.13,3.2.6,32,13th Gen Intel(R) Core(TM) i9-13900HX,1,1 x NVIDIA GeForce RTX 4070 Laptop GPU,9.1922,45.4722,31.70067596435547,machine,0.0,56.0,34.43333333333333,10.913747151692707,N,1.0,0.0
2026-05-04T20:04:27,Q311_mistral:latest _SQuAD,1b74f73e-681e-4271-b242-c161daf2be8d,5b0fa12a-3dd7-45bb-9766-cc326314d9f1,8.51448619999428,6.883464312712371e-05,8.084415372846567e-06,12.828394677028571,57.11551912364759,20.0,2.855267900801199e-05,0.0001350703858339,4.4513907222183966e-05,0.0002081369720641,0.0,Italy,ITA,lombardy,,,Windows-11-10.0.26200-SP0,3.13.13,3.2.6,32,13th Gen Intel(R) Core(TM) i9-13900HX,1,1 x NVIDIA GeForce RTX 4070 Laptop GPU,9.1922,45.4722,31.70067596435547,machine,0.0,74.33333333333333,33.95,10.76092274983724,N,1.0,0.0
2026-05-04T20:04:49,Q312_phi3:mini_MMLU,1aa48c0a-4d5c-430d-9a4a-f43fb8ee71c0,5b0fa12a-3dd7-45bb-9766-cc326314d9f1,6.691838500002632,5.207800207714073e-05,7.782316037232555e-06,12.8391210752,54.43596662896777,20.0,2.2051186166958527e-05,0.000101069803078,3.4348522777792014e-05,0.0001574695120227,0.0,Italy,ITA,lombardy,,,Windows-11-10.0.26200-SP0,3.13.13,3.2.6,32,13th Gen Intel(R) Core(TM) i9-13900HX,1,1 x NVIDIA GeForce RTX 4070 Laptop GPU,9.1922,45.4722,31.70067596435547,machine,0.0,58.4,33.779999999999994,10.709888458251951,N,1.0,0.0
2026-05-04T20:05:10,Q312_qwen2.5:7b_MMLU,e7a799a0-c893-47b0-80bf-8feb0eee78c8,5b0fa12a-3dd7-45bb-9766-cc326314d9f1,5.974973299998965,3.6938859888783785e-05,6.182263590833148e-06,12.85225243904,37.20904932381704,20.0,1.9539847381228107e-05,6.174782717599525e-05,3.040524777776833e-05,0.0001116929223349,0.0,Italy,ITA,lombardy,,,Windows-11-10.0.26200-SP0,3.13.13,3.2.6,32,13th Gen Intel(R) Core(TM) i9-13900HX,1,1 x NVIDIA GeForce RTX 4070 Laptop GPU,9.1922,45.4722,31.70067596435547,machine,0.0,6.0,34.425,10.921377182006836,N,1.0,0.0
2026-05-04T20:05:21,Q312_mistral:latest _MMLU,0f378915-9890-4ed3-92d0-3a18880c5aff,5b0fa12a-3dd7-45bb-9766-cc326314d9f1,5.736534100004064,4.173727760769489e-05,7.27569589583113e-06,12.851727196160004,49.38535191399048,20.0,1.8647405994201894e-05,7.853672949600932e-05,2.9017878333333003e-05,0.0001262020138235,0.0,Italy,ITA,lombardy,,,Windows-11-10.0.26200-SP0,3.13.13,3.2.6,32,13th Gen Intel(R) Core(TM) i9-13900HX,1,1 x NVIDIA GeForce RTX 4070 Laptop GPU,9.1922,45.4722,31.70067596435547,machine,0.0,67.0,33.925,10.758462905883787,N,1.0,0.0
2026-05-04T20:05:32,Q313_phi3:mini_GSM8K,3ce4978c-a20f-40cb-9e3b-7fd7cd450623,5b0fa12a-3dd7-45bb-9766-cc326314d9f1,6.1482514000017545,4.544020538853141e-05,7.390752659938148e-06,12.82246989824,50.32001261607857,20.0,2.0110123870517554e-05,8.592229096002213e-05,3.1366231111112735e-05,0.0001373986459416,0.0,Italy,ITA,lombardy,,,Windows-11-10.0.26200-SP0,3.13.13,3.2.6,32,13th Gen Intel(R) Core(TM) i9-13900HX,1,1 x NVIDIA GeForce RTX 4070 Laptop GPU,9.1922,45.4722,31.70067596435547,machine,0.0,57.25,33.9,10.75043487548828,N,1.0,0.0
2026-05-04T20:05:56,Q313_qwen2.5:7b_GSM8K,33f15d37-9a1a-4a20-8e9f-53e6c8170325,5b0fa12a-3dd7-45bb-9766-cc326314d9f1,9.56716890000098,7.216173712944795e-05,7.542642748727951e-06,12.8505950976,50.98783728838491,20.0,3.2356264237492164e-05,0.0001354842750539,5.03566472222398e-05,0.0002181971865137,0.0,Italy,ITA,lombardy,,,Windows-11-10.0.26200-SP0,3.13.13,3.2.6,32,13th Gen Intel(R) Core(TM) i9-13900HX,1,1 x NVIDIA GeForce RTX 4070 Laptop GPU,9.1922,45.4722,31.70067596435547,machine,0.0,52.5,34.575,10.958394050598145,N,1.0,0.0
2026-05-04T20:06:18,Q313_mistral:latest _GSM8K,3fa6f90b-ff1f-4b8f-be18-94fa4f13edab,5b0fa12a-3dd7-45bb-9766-cc326314d9f1,6.402222400000028,4.753659850905847e-05,7.425015180518918e-06,12.84318601472,50.56119403647863,20.0,2.1050570167406547e-05,8.990701636998888e-05,3.277997388888455e-05,0.0001437375604262,0.0,Italy,ITA,lombardy,,,Windows-11-10.0.26200-SP0,3.13.13,3.2.6,32,13th Gen Intel(R) Core(TM) i9-13900HX,1,1 x NVIDIA GeForce RTX 4070 Laptop GPU,9.1922,45.4722,31.70067596435547,machine,0.0,63.75,34.25,10.85721492767334,N,1.0,0.0
2026-05-04T20:06:42,Q314_phi3:mini_HellaSwag,d64a6c82-f0af-423a-b722-164b7bbb3f60,5b0fa12a-3dd7-45bb-9766-cc326314d9f1,9.228123299995788,7.997865632270023e-05,8.66683871928074e-06,12.83231396,63.30102440175813,20.0,3.110470064187615e-05,0.000162250685356,4.847800777776381e-05,0.0002418333937756,0.0,Italy,ITA,lombardy,,,Windows-11-10.0.26200-SP0,3.13.13,3.2.6,32,13th Gen Intel(R) Core(TM) i9-13900HX,1,1 x NVIDIA GeForce RTX 4070 Laptop GPU,9.1922,45.4722,31.70067596435547,machine,0.0,76.71428571428571,34.08571428571429,10.808463505336215,N,1.0,0.0
2026-05-04T20:07:06,Q314_qwen2.5:7b_HellaSwag,26507122-ae32-42f9-85a8-76bf8c3b6185,5b0fa12a-3dd7-45bb-9766-cc326314d9f1,9.112198100003296,6.728563932930004e-05,7.384128241162326e-06,12.8309907296,49.3623591267198,20.0,3.0688743055692485e-05,0.0001249298221659,4.783464666668604e-05,0.0002034532118883,0.0,Italy,ITA,lombardy,,,Windows-11-10.0.26200-SP0,3.13.13,3.2.6,32,13th Gen Intel(R) Core(TM) i9-13900HX,1,1 x NVIDIA GeForce RTX 4070 Laptop GPU,9.1922,45.4722,31.70067596435547,machine,0.0,61.285714285714285,34.48571428571428,10.93283190046038,N,1.0,0.0
2026-05-04T20:07:30,Q314_mistral:latest _HellaSwag,e7f05477-6fb7-45eb-a5e8-c469d389a9d0,5b0fa12a-3dd7-45bb-9766-cc326314d9f1,8.696335499997076,7.126055915286627e-05,8.194320372401712e-06,12.8292467168,58.27112657479099,20.0,2.9201708646800183e-05,0.0001407481681539,4.55223961110783e-05,0.0002154722729118,0.0,Italy,ITA,lombardy,,,Windows-11-10.0.26200-SP0,3.13.13,3.2.6,32,13th Gen Intel(R) Core(TM) i9-13900HX,1,1 x NVIDIA GeForce RTX 4070 Laptop GPU,9.1922,45.4722,31.70067596435547,machine,0.0,77.0,33.871428571428574,10.736007145472936,N,1.0,0.0
2026-05-04T20:07:55,Q315_phi3:mini_HumanEval,f9120041-204a-4547-8fa9-a926b9ca8a57,5b0fa12a-3dd7-45bb-9766-cc326314d9f1,9.264436799996474,7.730019646505757e-05,8.343755603695952e-06,12.8200744208,59.79832602773141,20.0,3.1199743624056365e-05,0.000153862345312,4.867238111110055e-05,0.0002337344700471,0.0,Italy,ITA,lombardy,,,Windows-11-10.0.26200-SP0,3.13.13,3.2.6,32,13th Gen Intel(R) Core(TM) i9-13900HX,1,1 x NVIDIA GeForce RTX 4070 Laptop GPU,9.1922,45.4722,31.70067596435547,machine,0.0,76.0,33.871428571428574,10.74832534790039,N,1.0,0.0
2026-05-04T20:08:21,Q315_qwen2.5:7b_HumanEval,8954e694-8d64-49e4-b6b9-30060cc0d3d8,5b0fa12a-3dd7-45bb-9766-cc326314d9f1,11.513555000005,9.373441635887016e-05,8.141222789905418e-06,12.82464919424,57.23053026404373,20.0,3.9228414926264826e-05,0.0001830229241959,6.11756783333274e-05,0.0002834270174555,0.0,Italy,ITA,lombardy,,,Windows-11-10.0.26200-SP0,3.13.13,3.2.6,32,13th Gen Intel(R) Core(TM) i9-13900HX,1,1 x NVIDIA GeForce RTX 4070 Laptop GPU,9.1922,45.4722,31.70067596435547,machine,0.0,69.55555555555556,34.599999999999994,10.973221672905815,N,1.0,0.0
2026-05-04T20:08:48,Q315_mistral:latest _HumanEval,43e0b5b5-2839-468b-af42-9e68923a6471,5b0fa12a-3dd7-45bb-9766-cc326314d9f1,11.69029660000524,0.0001063141796353,9.09422431893714e-06,12.825599712581818,67.58210956691362,20.0,3.986092467686646e-05,0.000219446564446,6.215726222225284e-05,0.0003214647513451,0.0,Italy,ITA,lombardy,,,Windows-11-10.0.26200-SP0,3.13.13,3.2.6,32,13th Gen Intel(R) Core(TM) i9-13900HX,1,1 x NVIDIA GeForce RTX 4070 Laptop GPU,9.1922,45.4722,31.70067596435547,machine,0.0,75.8,33.92,10.762516403198244,N,1.0,0.0
2026-05-04T20:09:10,Q316_phi3:mini_HellaSwag,bf5b46cf-034c-400a-bc28-ce87ab97bb46,5b0fa12a-3dd7-45bb-9766-cc326314d9f1,6.810262899998634,5.2377491871984674e-05,7.69096474557468e-06,12.825768953600004,53.37227092384232,20.0,2.24602297198925e-05,0.0001008925807139,3.5022276111097505e-05,0.0001583750865449,0.0,Italy,ITA,lombardy,,,Windows-11-10.0.26200-SP0,3.13.13,3.2.6,32,13th Gen Intel(R) Core(TM) i9-13900HX,1,1 x NVIDIA GeForce RTX 4070 Laptop GPU,9.1922,45.4722,31.70067596435547,machine,0.0,71.2,33.88,10.740978240966797,N,1.0,0.0
2026-05-04T20:09:31,Q316_qwen2.5:7b_HellaSwag,55a6c0aa-e830-43d8-98b3-79dd7d8cfbab,5b0fa12a-3dd7-45bb-9766-cc326314d9f1,5.93126630000188,3.519157625730293e-05,5.933231535615215e-06,12.845092759040003,34.52999500268842,20.0,1.93704409135738e-05,5.6880045503970855e-05,3.015913222221166e-05,0.0001064096186397,0.0,Italy,ITA,lombardy,,,Windows-11-10.0.26200-SP0,3.13.13,3.2.6,32,13th Gen Intel(R) Core(TM) i9-13900HX,1,1 x NVIDIA GeForce RTX 4070 Laptop GPU,9.1922,45.4722,31.70067596435547,machine,0.0,19.0,34.2,10.840072631835938,N,1.0,0.0
2026-05-04T20:09:41,Q316_mistral:latest _HellaSwag,c49be75e-99b4-436e-85ea-d1734dee1823,5b0fa12a-3dd7-45bb-9766-cc326314d9f1,5.348901200006367,3.761971369143279e-05,7.033166679427171e-06,12.853590550400002,46.796071956616046,20.0,1.7305741908941926e-05,6.951977783797858e-05,2.692611666667896e-05,0.0001137516364135,0.0,Italy,ITA,lombardy,,,Windows-11-10.0.26200-SP0,3.13.13,3.2.6,32,13th Gen Intel(R) Core(TM) i9-13900HX,1,1 x NVIDIA GeForce RTX 4070 Laptop GPU,9.1922,45.4722,31.70067596435547,machine,0.0,62.66666666666666,33.96666666666667,10.758866628011068,N,1.0,0.0
2026-05-04T20:10:02,Q317_phi3:mini_HellaSwag,aab89ce2-a8bc-4034-8d2b-90afd1c4ea9a,5b0fa12a-3dd7-45bb-9766-cc326314d9f1,5.8665456000017,4.137780953156041e-05,7.053181267618276e-06,12.866416785920002,46.73443477825722,20.0,1.9171615053866456e-05,7.614367202599115e-05,2.9799794444463465e-05,0.0001251150815243,0.0,Italy,ITA,lombardy,,,Windows-11-10.0.26200-SP0,3.13.13,3.2.6,32,13th Gen Intel(R) Core(TM) i9-13900HX,1,1 x NVIDIA GeForce RTX 4070 Laptop GPU,9.1922,45.4722,31.70067596435547,machine,0.0,50.25,34.25,10.857084274291992,N,1.0,0.0
2026-05-04T20:10:18,Q317_qwen2.5:7b_HellaSwag,af165d93-eeb1-44c7-92be-da456aa53e6d,5b0fa12a-3dd7-45bb-9766-cc326314d9f1,10.872787299995252,8.82270042368434e-05,8.114479001799466e-06,12.83701994624,57.01297107383722,20.0,3.698027195391669e-05,0.000172179859966,5.761399055554648e-05,0.0002667741224754,0.0,Italy,ITA,lombardy,,,Windows-11-10.0.26200-SP0,3.13.13,3.2.6,32,13th Gen Intel(R) Core(TM) i9-13900HX,1,1 x NVIDIA GeForce RTX 4070 Laptop GPU,9.1922,45.4722,31.70067596435547,machine,0.0,69.88888888888889,34.95555555555556,11.08298789130317,N,1.0,0.0
2026-05-04T20:10:41,Q317_mistral:latest _HellaSwag,7e3cc246-572e-41c2-827d-a23b6112471f,5b0fa12a-3dd7-45bb-9766-cc326314d9f1,8.098495500002173,6.44218832254005e-05,7.954796446498391e-06,12.836239616,55.79730189176812,20.0,2.708499579777654e-05,0.0001255089892959,4.2200018333339054e-05,0.000194794003427,0.0,Italy,ITA,lombardy,,,Windows-11-10.0.26200-SP0,3.13.13,3.2.6,32,13th Gen Intel(R) Core(TM) i9-13900HX,1,1 x NVIDIA GeForce RTX 4070 Laptop GPU,9.1922,45.4722,31.70067596435547,machine,0.0,65.66666666666667,34.18333333333333,10.841898600260416,N,1.0,0.0
2026-05-04T20:11:06,Q318_phi3:mini_GSM8K,7be14741-93e8-4629-8a10-bc2ea2252bdf,5b0fa12a-3dd7-45bb-9766-cc326314d9f1,9.17968269999983,7.928168361368885e-05,8.636647496943474e-06,12.8291744432,63.05171186849794,20.0,3.090152093877636e-05,0.000160651239632,4.817317999998826e-05,0.0002397259405707,0.0,Italy,ITA,lombardy,,,Windows-11-10.0.26200-SP0,3.13.13,3.2.6,32,13th Gen Intel(R) Core(TM) i9-13900HX,1,1 x NVIDIA GeForce RTX 4070 Laptop GPU,9.1922,45.4722,31.70067596435547,machine,0.0,69.57142857142857,34.15714285714286,10.818012237548828,N,1.0,0.0
2026-05-04T20:11:32,Q318_qwen2.5:7b_GSM8K,47a13559-44a9-4bbc-8f67-13cdd16f0199,5b0fa12a-3dd7-45bb-9766-cc326314d9f1,10.833431799997925,8.546251149209906e-05,7.888775511755695e-06,12.83254401152,54.57084644371219,20.0,3.682428433613793e-05,0.0001642001313599,5.7390643333322566e-05,0.0002584150590294,0.0,Italy,ITA,lombardy,,,Windows-11-10.0.26200-SP0,3.13.13,3.2.6,32,13th Gen Intel(R) Core(TM) i9-13900HX,1,1 x NVIDIA GeForce RTX 4070 Laptop GPU,9.1922,45.4722,31.70067596435547,machine,0.0,69.55555555555556,34.52222222222222,10.951577504475912,N,1.0,0.0
2026-05-04T20:11:53,Q318_mistral:latest _GSM8K,09305606-1d93-479c-ba28-4dc46933d6b6,5b0fa12a-3dd7-45bb-9766-cc326314d9f1,6.681239400000777,5.119331503052487e-05,7.662248269463134e-06,12.8312580032,53.05830872289276,20.0,2.202123701700745e-05,9.845035653802126e-05,3.43228688888808e-05,0.0001547944624439,0.0,Italy,ITA,lombardy,,,Windows-11-10.0.26200-SP0,3.13.13,3.2.6,32,13th Gen Intel(R) Core(TM) i9-13900HX,1,1 x NVIDIA GeForce RTX 4070 Laptop GPU,9.1922,45.4722,31.70067596435547,machine,0.0,68.6,33.94,10.76552963256836,N,1.0,0.0
2026-05-04T20:12:15,Q319_phi3:mini_MMLU,97fb6d32-23e9-408f-8835-d5748fbe5b2f,5b0fa12a-3dd7-45bb-9766-cc326314d9f1,6.344920100003947,4.672511633958629e-05,7.364177263565103e-06,12.84502739456,49.92183713979719,20.0,2.0848679044223653e-05,8.797451482400742e-05,3.2460668333361456e-05,0.0001412838622015,0.0,Italy,ITA,lombardy,,,Windows-11-10.0.26200-SP0,3.13.13,3.2.6,32,13th Gen Intel(R) Core(TM) i9-13900HX,1,1 x NVIDIA GeForce RTX 4070 Laptop GPU,9.1922,45.4722,31.70067596435547,machine,0.0,74.5,33.95,10.76878261566162,N,1.0,0.0
2026-05-04T20:12:37,Q319_qwen2.5:7b_MMLU,939cc8a4-fc73-4cc0-baa3-653c643b3442,5b0fa12a-3dd7-45bb-9766-cc326314d9f1,6.861440100001346,4.623655471077652e-05,6.738607936075613e-06,12.8514392576,42.90870530322949,20.0,2.2703019526015807e-05,8.177284319599298e-05,3.533072388886972e-05,0.0001398065866108,0.0,Italy,ITA,lombardy,,,Windows-11-10.0.26200-SP0,3.13.13,3.2.6,32,13th Gen Intel(R) Core(TM) i9-13900HX,1,1 x NVIDIA GeForce RTX 4070 Laptop GPU,9.1922,45.4722,31.70067596435547,machine,0.0,47.4,34.5,10.938858032226562,N,1.0,0.0
2026-05-04T20:12:48,Q319_mistral:latest _MMLU,80042d60-280f-42fc-8943-30fc463541ea,5b0fa12a-3dd7-45bb-9766-cc326314d9f1,5.952058100003342,4.379579226620368e-05,7.35809219775242e-06,12.862669237760002,50.0208772711233,20.0,1.946809258155263e-05,8.268895503996121e-05,3.0269346666682395e-05,0.0001324263942881,0.0,Italy,ITA,lombardy,,,Windows-11-10.0.26200-SP0,3.13.13,3.2.6,32,13th Gen Intel(R) Core(TM) i9-13900HX,1,1 x NVIDIA GeForce RTX 4070 Laptop GPU,9.1922,45.4722,31.70067596435547,machine,0.0,61.25,34.0,10.78261947631836,N,1.0,0.0
2026-05-04T20:12:58,Q320_phi3:mini_SQuAD,1a6a36d4-6cc3-45a0-8ed8-d5f6d52f6af7,5b0fa12a-3dd7-45bb-9766-cc326314d9f1,5.15062449999823,3.5112163476023034e-05,6.817069168221271e-06,12.8573495552,44.56104332338125,20.0,1.660131974421853e-05,6.374532877401196e-05,2.582284777777709e-05,0.000106169496296,0.0,Italy,ITA,lombardy,,,Windows-11-10.0.26200-SP0,3.13.13,3.2.6,32,13th Gen Intel(R) Core(TM) i9-13900HX,1,1 x NVIDIA GeForce RTX 4070 Laptop GPU,9.1922,45.4722,31.70067596435547,machine,0.0,32.666666666666664,33.93333333333333,10.75827153523763,N,1.0,0.0
2026-05-04T20:13:20,Q320_qwen2.5:7b_SQuAD,8b44e3d4-c9c5-4a57-98f1-37d75c69b05b,5b0fa12a-3dd7-45bb-9766-cc326314d9f1,6.955580399997416,4.769398720877221e-05,6.856938525042416e-06,12.845683846400002,44.18982584006595,20.0,2.3021869379763284e-05,8.534923494601943e-05,3.584235611112187e-05,0.0001442134604369,0.0,Italy,ITA,lombardy,,,Windows-11-10.0.26200-SP0,3.13.13,3.2.6,32,13th Gen Intel(R) Core(TM) i9-13900HX,1,1 x NVIDIA GeForce RTX 4070 Laptop GPU,9.1922,45.4722,31.70067596435547,machine,8.0,39.8,34.46,10.924600219726562,N,1.0,0.0
2026-05-04T20:13:29,Q320_mistral:latest _SQuAD,6ccafcd6-f59f-41fa-b1cb-24002db0966e,5b0fa12a-3dd7-45bb-9766-cc326314d9f1,4.418852299997525,2.539539945337964e-05,5.747057771854892e-06,12.856648947200002,33.44026221678729,20.0,1.3989075085987456e-05,4.103947727598922e-05,2.17601299999741e-05,7.678868236195078e-05,0.0,Italy,ITA,lombardy,,,Windows-11-10.0.26200-SP0,3.13.13,3.2.6,32,13th Gen Intel(R) Core(TM) i9-13900HX,1,1 x NVIDIA GeForce RTX 4070 Laptop GPU,9.1922,45.4722,31.70067596435547,machine,0.0,27.0,34.0,10.774816513061523,N,1.0,0.0
2026-05-04T20:13:44,Q321_phi3:mini_MMLU,23736fa0-c7f2-4bff-88b1-d98cf5804de6,5b0fa12a-3dd7-45bb-9766-cc326314d9f1,9.22533910000493,7.863414324898363e-05,8.523713046921127e-06,12.8370121616,61.74935792294496,20.0,3.11032539066292e-05,0.000158206793232,4.84579100000297e-05,0.0002377679571386,0.0,Italy,ITA,lombardy,,,Windows-11-10.0.26200-SP0,3.13.13,3.2.6,32,13th Gen Intel(R) Core(TM) i9-13900HX,1,1 x NVIDIA GeForce RTX 4070 Laptop GPU,9.1922,45.4722,31.70067596435547,machine,0.0,83.0,33.8,10.715328761509486,N,1.0,0.0
2026-05-04T20:14:05,Q321_qwen2.5:7b_MMLU,a972bfdb-7170-4c1c-ae22-c9c819616c3f,5b0fa12a-3dd7-45bb-9766-cc326314d9f1,6.0877015000005485,3.6394860640970346e-05,5.978423981689488e-06,12.91352837888,34.88688546087251,20.0,2.003600038075305e-05,5.898199163001383e-05,3.1030026666687467e-05,0.0001100480186774,0.0,Italy,ITA,lombardy,,,Windows-11-10.0.26200-SP0,3.13.13,3.2.6,32,13th Gen Intel(R) Core(TM) i9-13900HX,1,1 x NVIDIA GeForce RTX 4070 Laptop GPU,9.1922,45.4722,31.70067596435547,machine,0.0,36.0,35.25,11.176671981811523,N,1.0,0.0
2026-05-04T20:14:26,Q321_mistral:latest _MMLU,7995403e-00b1-4d09-ba0a-d5e9aa2c429e,5b0fa12a-3dd7-45bb-9766-cc326314d9f1,5.748209500001394,3.850016445130196e-05,6.69776640035347e-06,12.840772275200004,43.02190642516214,20.0,1.8691614519053903e-05,6.861088822199268e-05,2.911137388889781e-05,0.0001164138766299,0.0,Italy,ITA,lombardy,,,Windows-11-10.0.26200-SP0,3.13.13,3.2.6,32,13th Gen Intel(R) Core(TM) i9-13900HX,1,1 x NVIDIA GeForce RTX 4070 Laptop GPU,9.1922,45.4722,31.70067596435547,machine,0.0,62.5,34.3,10.875638961791992,N,1.0,0.0
2026-05-04T20:14:45,Q322_phi3:mini_SQuAD,6caa144a-acf7-4e47-80f2-47c915992e53,5b0fa12a-3dd7-45bb-9766-cc326314d9f1,4.638443100004224,3.016621312363774e-05,6.503521218921553e-06,12.8388639584,41.51599197335592,20.0,1.4751477368247392e-05,5.348420945397448e-05,2.297862000001866e-05,9.121430682224052e-05,0.0,Italy,ITA,lombardy,,,Windows-11-10.0.26200-SP0,3.13.13,3.2.6,32,13th Gen Intel(R) Core(TM) i9-13900HX,1,1 x NVIDIA GeForce RTX 4070 Laptop GPU,9.1922,45.4722,31.70067596435547,machine,0.0,34.666666666666664,34.166666666666664,10.829511006673178,N,1.0,0.0
2026-05-04T20:14:57,Q322_qwen2.5:7b_SQuAD,8e502d15-346c-4ccf-b92d-1006f26e4d41,5b0fa12a-3dd7-45bb-9766-cc326314d9f1,6.509443900002225,4.041878702510812e-05,6.209253454829576e-06,12.8471497472,37.28124098779146,20.0,2.1438663654237373e-05,6.740310947800365e-05,3.33734888889012e-05,0.0001222152620211,0.0,Italy,ITA,lombardy,,,Windows-11-10.0.26200-SP0,3.13.13,3.2.6,32,13th Gen Intel(R) Core(TM) i9-13900HX,1,1 x NVIDIA GeForce RTX 4070 Laptop GPU,9.1922,45.4722,31.70067596435547,machine,0.0,26.75,34.6,10.97740077972412,N,1.0,0.0
2026-05-04T20:15:06,Q322_mistral:latest _SQuAD,9f59c688-fe44-4d56-9d7d-8471c2dfb876,5b0fa12a-3dd7-45bb-9766-cc326314d9f1,4.424031900001864,2.5458432690198967e-05,5.754577106505095e-06,12.8471671808,33.532510099470315,20.0,1.3994273965683866e-05,4.12005885160327e-05,2.17844150000019e-05,7.697927748171847e-05,0.0,Italy,ITA,lombardy,,,Windows-11-10.0.26200-SP0,3.13.13,3.2.6,32,13th Gen Intel(R) Core(TM) i9-13900HX,1,1 x NVIDIA GeForce RTX 4070 Laptop GPU,9.1922,45.4722,31.70067596435547,machine,0.0,24.5,34.25,10.85345458984375,N,1.0,0.0
2026-05-04T20:15:21,Q323_phi3:mini_HumanEval,b1c10bc1-2817-447a-bb81-9d8179840b5c,5b0fa12a-3dd7-45bb-9766-cc326314d9f1,9.333368400002657,8.021304971727484e-05,8.594223037124733e-06,12.831994985600002,62.5195033054682,20.0,3.146955734343976e-05,0.0001620248518419,4.904772555556621e-05,0.000242542134741,0.0,Italy,ITA,lombardy,,,Windows-11-10.0.26200-SP0,3.13.13,3.2.6,32,13th Gen Intel(R) Core(TM) i9-13900HX,1,1 x NVIDIA GeForce RTX 4070 Laptop GPU,9.1922,45.4722,31.70067596435547,machine,0.0,78.28571428571429,33.9,10.751287187848773,N,1.0,0.0
2026-05-04T20:15:51,Q323_qwen2.5:7b_HumanEval,e6f53ab0-ec1f-4e7d-9e43-035686cbcb4c,5b0fa12a-3dd7-45bb-9766-cc326314d9f1,15.240633200002776,0.000136026822576,8.925273693751002e-06,12.828630466742856,65.41172035339272,20.0,5.252110053163167e-05,0.000276906054858,8.188043166669053e-05,0.0004113075870563,0.0,Italy,ITA,lombardy,,,Windows-11-10.0.26200-SP0,3.13.13,3.2.6,32,13th Gen Intel(R) Core(TM) i9-13900HX,1,1 x NVIDIA GeForce RTX 4070 Laptop GPU,9.1922,45.4722,31.70067596435547,machine,0.0,77.76923076923077,34.638461538461534,10.976547534649187,N,1.0,0.0
2026-05-04T20:16:18,Q323_mistral:latest _HumanEval,0809aa20-f7f9-46fe-8cf6-e1256a136ce6,5b0fa12a-3dd7-45bb-9766-cc326314d9f1,12.268884700002673,0.0001162307282201,9.473618104840876e-06,12.825670969018182,71.64898628918895,20.0,4.192099057714861e-05,0.0002441596397719,6.536902833334655e-05,0.0003514496586824,0.0,Italy,ITA,lombardy,,,Windows-11-10.0.26200-SP0,3.13.13,3.2.6,32,13th Gen Intel(R) Core(TM) i9-13900HX,1,1 x NVIDIA GeForce RTX 4070 Laptop GPU,9.1922,45.4722,31.70067596435547,machine,0.0,83.7,34.02,10.78544692993164,N,1.0,0.0
2026-05-04T20:16:40,Q324_phi3:mini_MMLU,0b153aa9-a433-4b5c-8886-e195418c701a,5b0fa12a-3dd7-45bb-9766-cc326314d9f1,6.2666881999975885,4.607611341395069e-05,7.352546024863407e-06,12.83517028352,49.83795226664376,20.0,2.0552559215122308e-05,8.674479161799309e-05,3.2024105555562226e-05,0.0001393214563886,0.0,Italy,ITA,lombardy,,,Windows-11-10.0.26200-SP0,3.13.13,3.2.6,32,13th Gen Intel(R) Core(TM) i9-13900HX,1,1 x NVIDIA GeForce RTX 4070 Laptop GPU,9.1922,45.4722,31.70067596435547,machine,0.0,88.5,33.825,10.714381217956545,N,1.0,0.0
2026-05-04T20:17:02,Q324_qwen2.5:7b_MMLU,b54c78fe-694e-454d-a57e-9637d2313f31,5b0fa12a-3dd7-45bb-9766-cc326314d9f1,6.979737000001478,4.850764957923374e-05,6.949781858431552e-06,12.831835462400004,45.23604118236772,20.0,2.3073209209723463e-05,8.763951455600938e-05,3.596102722221986e-05,0.0001466737509879,0.0,Italy,ITA,lombardy,,,Windows-11-10.0.26200-SP0,3.13.13,3.2.6,32,13th Gen Intel(R) Core(TM) i9-13900HX,1,1 x NVIDIA GeForce RTX 4070 Laptop GPU,9.1922,45.4722,31.70067596435547,machine,6.659999999999999,49.8,34.42,10.915234375,N,1.0,0.0
2026-05-04T20:17:21,Q324_mistral:latest _MMLU,99dea57f-9496-4f89-bd41-b7673cb6d7a1,5b0fa12a-3dd7-45bb-9766-cc326314d9f1,4.560946399993554,2.9814794524238145e-05,6.5369754234078e-06,12.8396301248,42.09755768948147,20.0,1.4442925794828543e-05,5.3212264791990815e-05,2.249652333331243e-05,9.01517139201318e-05,0.0,Italy,ITA,lombardy,,,Windows-11-10.0.26200-SP0,3.13.13,3.2.6,32,13th Gen Intel(R) Core(TM) i9-13900HX,1,1 x NVIDIA GeForce RTX 4070 Laptop GPU,9.1922,45.4722,31.70067596435547,machine,16.666666666666668,49.0,34.03333333333333,10.789015452067057,N,1.0,0.0
2026-05-04T20:17:36,Q325_phi3:mini_HumanEval,f45a0f0e-e7af-49bf-85be-a507729e2ed5,5b0fa12a-3dd7-45bb-9766-cc326314d9f1,9.288207999998122,8.156623966595203e-05,8.781698220579096e-06,12.840621104000002,64.53131383067434,20.0,3.1340268003144696e-05,0.00016648068874,4.881285111110224e-05,0.0002466338078542,0.0,Italy,ITA,lombardy,,,Windows-11-10.0.26200-SP0,3.13.13,3.2.6,32,13th Gen Intel(R) Core(TM) i9-13900HX,1,1 x NVIDIA GeForce RTX 4070 Laptop GPU,9.1922,45.4722,31.70067596435547,machine,0.0,78.85714285714286,33.9,10.739471980503629,N,1.0,0.0
2026-05-04T20:18:03,Q325_qwen2.5:7b_HumanEval,2ff2b97f-9bf6-48da-8fc4-d019c830c418,5b0fa12a-3dd7-45bb-9766-cc326314d9f1,12.751876499998616,0.0001096550638834,8.599131577490762e-06,12.837139664,62.06469854611144,20.0,4.368091338286213e-05,0.000219832953644,6.805279666667855e-05,0.0003315666636935,0.0,Italy,ITA,lombardy,,,Windows-11-10.0.26200-SP0,3.13.13,3.2.6,32,13th Gen Intel(R) Core(TM) i9-13900HX,1,1 x NVIDIA GeForce RTX 4070 Laptop GPU,9.1922,45.4722,31.70067596435547,machine,0.0,74.36363636363636,34.95454545454545,11.077742143110797,N,1.0,0.0
2026-05-04T20:18:30,Q325_mistral:latest _HumanEval,dfd6796f-70f8-412f-8e77-e589e80235db,5b0fa12a-3dd7-45bb-9766-cc326314d9f1,11.23337910000555,0.0001024720409422,9.122102978100826e-06,12.829140416,67.94329778182477,20.0,3.82423247967468e-05,0.00021198766959,5.9617189444462486e-05,0.0003098471838312,0.0,Italy,ITA,lombardy,,,Windows-11-10.0.26200-SP0,3.13.13,3.2.6,32,13th Gen Intel(R) Core(TM) i9-13900HX,1,1 x NVIDIA GeForce RTX 4070 Laptop GPU,9.1922,45.4722,31.70067596435547,machine,0.0,81.44444444444444,34.26666666666667,10.867286682128906,N,1.0,0.0
2026-05-04T20:18:51,Q326_phi3:mini_MMLU,4b683e64-227a-4618-9f9e-694be9bd11e5,5b0fa12a-3dd7-45bb-9766-cc326314d9f1,5.562830800001393,3.9543902914057016e-05,7.108593508550919e-06,12.838806364160002,47.50618506450476,20.0,1.805038064922847e-05,7.340200316599543e-05,2.811746999998124e-05,0.0001195698538152,0.0,Italy,ITA,lombardy,,,Windows-11-10.0.26200-SP0,3.13.13,3.2.6,32,13th Gen Intel(R) Core(TM) i9-13900HX,1,1 x NVIDIA GeForce RTX 4070 Laptop GPU,9.1922,45.4722,31.70067596435547,machine,0.0,49.25,33.9,10.74379062652588,N,1.0,0.0
2026-05-04T20:19:17,Q326_qwen2.5:7b_MMLU,891cda74-e23a-46e1-b104-4f4cdda21f5e,5b0fa12a-3dd7-45bb-9766-cc326314d9f1,11.61299549999967,9.618066014390662e-05,8.28215770374744e-06,12.824626220218182,58.78760493876698,20.0,3.956621441775726e-05,0.000189555429422,6.170213999996324e-05,0.0002908237838397,0.0,Italy,ITA,lombardy,,,Windows-11-10.0.26200-SP0,3.13.13,3.2.6,32,13th Gen Intel(R) Core(TM) i9-13900HX,1,1 x NVIDIA GeForce RTX 4070 Laptop GPU,9.1922,45.4722,31.70067596435547,machine,0.0,62.8,34.78,11.027352905273435,N,1.0,0.0
2026-05-04T20:19:40,Q326_mistral:latest _MMLU,0ea69922-6a2e-4992-ac8b-62019d2206c4,5b0fa12a-3dd7-45bb-9766-cc326314d9f1,7.989947899994149,6.719535019523044e-05,8.409986026977678e-06,12.84688131474286,60.776459287481536,20.0,2.6717792891942222e-05,0.00013486955234,4.159285722218757e-05,0.0002031802024541,0.0,Italy,ITA,lombardy,,,Windows-11-10.0.26200-SP0,3.13.13,3.2.6,32,13th Gen Intel(R) Core(TM) i9-13900HX,1,1 x NVIDIA GeForce RTX 4070 Laptop GPU,9.1922,45.4722,31.70067596435547,machine,0.0,76.33333333333333,33.95,10.752047220865885,N,1.0,0.0
2026-05-04T20:20:01,Q327_phi3:mini_SQuAD,eacd0337-255b-4739-95e7-762c43a973ab,5b0fa12a-3dd7-45bb-9766-cc326314d9f1,6.047040999997989,4.687110760903601e-05,7.751081497388821e-06,12.84246603776,54.265556316257374,20.0,1.9780914393431128e-05,9.113951735598148e-05,3.080486777778585e-05,0.0001417252995271,0.0,Italy,ITA,lombardy,,,Windows-11-10.0.26200-SP0,3.13.13,3.2.6,32,13th Gen Intel(R) Core(TM) i9-13900HX,1,1 x NVIDIA GeForce RTX 4070 Laptop GPU,9.1922,45.4722,31.70067596435547,machine,0.0,62.5,33.95,10.756068229675291,N,1.0,0.0
2026-05-04T20:20:13,Q327_qwen2.5:7b_SQuAD,cf00f38e-1f33-41f7-a9d1-251859b6b3ca,5b0fa12a-3dd7-45bb-9766-cc326314d9f1,6.967100200003188,4.737586030646268e-05,6.799939565450918e-06,12.8523719168,43.544741297158566,20.0,2.3079349479997883e-05,8.425923407404112e-05,3.59129488888963e-05,0.0001432515324429,0.0,Italy,ITA,lombardy,,,Windows-11-10.0.26200-SP0,3.13.13,3.2.6,32,13th Gen Intel(R) Core(TM) i9-13900HX,1,1 x NVIDIA GeForce RTX 4070 Laptop GPU,9.1922,45.4722,31.70067596435547,machine,0.0,46.0,34.6,10.96381378173828,N,1.0,0.0
2026-05-04T20:20:35,Q327_mistral:latest _SQuAD,818e7006-53a6-4b82-8194-14a1929ae43d,5b0fa12a-3dd7-45bb-9766-cc326314d9f1,6.595694299998286,5.052428296507529e-05,7.660191735248922e-06,12.831858080000002,53.056946379816765,20.0,2.1720834057939568e-05,9.719674442396076e-05,3.385391555554331e-05,0.0001527714940374,0.0,Italy,ITA,lombardy,,,Windows-11-10.0.26200-SP0,3.13.13,3.2.6,32,13th Gen Intel(R) Core(TM) i9-13900HX,1,1 x NVIDIA GeForce RTX 4070 Laptop GPU,9.1922,45.4722,31.70067596435547,machine,0.0,42.0,33.9,10.747811126708983,N,1.0,0.0
2026-05-04T20:20:59,Q328_phi3:mini_HumanEval,4ee6db12-52f2-4b71-969c-caa315599b20,5b0fa12a-3dd7-45bb-9766-cc326314d9f1,8.563559499998519,7.00191253829621e-05,8.176404377522479e-06,12.8349594704,58.139532486135565,20.0,2.872889907519749e-05,0.00013822372169,4.476589888888864e-05,0.000211718519654,0.0,Italy,ITA,lombardy,,,Windows-11-10.0.26200-SP0,3.13.13,3.2.6,32,13th Gen Intel(R) Core(TM) i9-13900HX,1,1 x NVIDIA GeForce RTX 4070 Laptop GPU,9.1922,45.4722,31.70067596435547,machine,0.0,76.28571428571429,33.94285714285714,10.748759133475168,N,1.0,0.0
2026-05-04T20:21:26,Q328_qwen2.5:7b_HumanEval,ba2140e2-ecee-4f13-8718-abfb6179f24e,5b0fa12a-3dd7-45bb-9766-cc326314d9f1,12.05831080000644,9.94137539627959e-05,8.244417946396175e-06,12.831729022836363,58.28232415812289,20.0,4.119155927833299e-05,0.000195206267276,6.42019411111202e-05,0.0003005997676654,0.0,Italy,ITA,lombardy,,,Windows-11-10.0.26200-SP0,3.13.13,3.2.6,32,13th Gen Intel(R) Core(TM) i9-13900HX,1,1 x NVIDIA GeForce RTX 4070 Laptop GPU,9.1922,45.4722,31.70067596435547,machine,0.0,73.3,34.7,10.990949630737305,N,1.0,0.0
2026-05-04T20:21:51,Q328_mistral:latest _HumanEval,38e4fced-f139-417b-854e-d09fc52b6705,5b0fa12a-3dd7-45bb-9766-cc326314d9f1,10.239338400002453,9.03820309357869e-05,8.826940511680446e-06,12.861049177600002,64.84153340329074,20.0,3.478547119740012e-05,0.000184411536418,5.409332111113245e-05,0.0002732903287265,0.0,Italy,ITA,lombardy,,,Windows-11-10.0.26200-SP0,3.13.13,3.2.6,32,13th Gen Intel(R) Core(TM) i9-13900HX,1,1 x NVIDIA GeForce RTX 4070 Laptop GPU,9.1922,45.4722,31.70067596435547,machine,0.0,79.5,34.225,10.855733394622805,N,1.0,0.0
2026-05-04T20:22:16,Q329_phi3:mini_HumanEval,830d2e91-bba8-43c4-8bb9-d78fe60d55bc,5b0fa12a-3dd7-45bb-9766-cc326314d9f1,9.355223500002468,7.871455066703386e-05,8.413967947106032e-06,12.8273974688,60.5612931107334,20.0,3.153385558446214e-05,0.000157312070294,4.916516111111883e-05,0.0002380110869896,0.0,Italy,ITA,lombardy,,,Windows-11-10.0.26200-SP0,3.13.13,3.2.6,32,13th Gen Intel(R) Core(TM) i9-13900HX,1,1 x NVIDIA GeForce RTX 4070 Laptop GPU,9.1922,45.4722,31.70067596435547,machine,0.0,76.0,34.2,10.83842032296317,N,1.0,0.0
2026-05-04T20:22:46,Q329_qwen2.5:7b_HumanEval,e4903b18-8c09-480f-82eb-2babb93b2376,5b0fa12a-3dd7-45bb-9766-cc326314d9f1,15.256692700000713,0.0001329273038057,8.712720798637242e-06,12.822045807542858,63.104639576801375,20.0,5.255097950760234e-05,0.0002674160472659,8.196847055559273e-05,0.0004019354973291,0.0,Italy,ITA,lombardy,,,Windows-11-10.0.26200-SP0,3.13.13,3.2.6,32,13th Gen Intel(R) Core(TM) i9-13900HX,1,1 x NVIDIA GeForce RTX 4070 Laptop GPU,9.1922,45.4722,31.70067596435547,machine,0.0,78.6923076923077,34.57692307692308,10.970203106219952,N,1.0,0.0
2026-05-04T20:23:11,Q329_mistral:latest _HumanEval,2b72987e-2edb-41d5-8e12-62c8228d3fe1,5b0fa12a-3dd7-45bb-9766-cc326314d9f1,9.373105699996811,7.988828137982853e-05,8.523138854590714e-06,12.8353799216,61.706131036211794,20.0,3.1628976360876814e-05,0.0001606481840739,4.928296444442013e-05,0.0002415601248792,0.0,Italy,ITA,lombardy,,,Windows-11-10.0.26200-SP0,3.13.13,3.2.6,32,13th Gen Intel(R) Core(TM) i9-13900HX,1,1 x NVIDIA GeForce RTX 4070 Laptop GPU,9.1922,45.4722,31.70067596435547,machine,0.0,77.42857142857143,34.114285714285714,10.807017190115792,N,1.0,0.0
2026-05-04T20:23:32,Q330_phi3:mini_HumanEval,e0ff8312-02a9-4399-a8f4-5d2ab43aa919,5b0fa12a-3dd7-45bb-9766-cc326314d9f1,6.2013111999986,4.73366256220898e-05,7.633325291286864e-06,12.83765595392,52.932439498642765,20.0,2.032090854604961e-05,9.115451736799174e-05,3.1657471666646114e-05,0.0001431328975806,0.0,Italy,ITA,lombardy,,,Windows-11-10.0.26200-SP0,3.13.13,3.2.6,32,13th Gen Intel(R) Core(TM) i9-13900HX,1,1 x NVIDIA GeForce RTX 4070 Laptop GPU,9.1922,45.4722,31.70067596435547,machine,5.0,89.75,33.825,10.72520923614502,N,1.0,0.0
2026-05-04T20:24:02,Q330_qwen2.5:7b_HumanEval,31048170-87cf-418f-979d-32a557947b38,5b0fa12a-3dd7-45bb-9766-cc326314d9f1,14.919462899997598,0.0001294129525366,8.67410264056458e-06,12.817692498285716,62.713347982164,20.0,5.1332299545734526e-05,0.0002598815967939,8.009517222223319e-05,0.0003913090685619,0.0,Italy,ITA,lombardy,,,Windows-11-10.0.26200-SP0,3.13.13,3.2.6,32,13th Gen Intel(R) Core(TM) i9-13900HX,1,1 x NVIDIA GeForce RTX 4070 Laptop GPU,9.1922,45.4722,31.70067596435547,machine,3.076923076923077,78.46153846153847,34.7,10.999369401198168,N,1.0,0.0
2026-05-04T20:24:25,Q330_mistral:latest _HumanEval,3ff7ac0c-36fb-4dbe-9b9d-203de0a1c9e2,5b0fa12a-3dd7-45bb-9766-cc326314d9f1,8.386594100004004,7.008034491845344e-05,8.356234257053167e-06,12.840591427657143,60.093823767749136,20.0,2.8122789213816623e-05,0.0001399790008719,4.380184055557442e-05,0.0002119036306413,0.0,Italy,ITA,lombardy,,,Windows-11-10.0.26200-SP0,3.13.13,3.2.6,32,13th Gen Intel(R) Core(TM) i9-13900HX,1,1 x NVIDIA GeForce RTX 4070 Laptop GPU,9.1922,45.4722,31.70067596435547,machine,0.0,74.5,34.050000000000004,10.788066864013672,N,1.0,0.0
2026-05-04T20:24:50,Q331_phi3:mini_HellaSwag,e2e3727d-19ca-42e5-b7b7-b4b3e6b60aeb,5b0fa12a-3dd7-45bb-9766-cc326314d9f1,9.184843300005014,7.705870400751799e-05,8.389767956898723e-06,12.8281048688,60.29871269303686,20.0,3.094047707909437e-05,0.000153826789728,4.82369966666738e-05,0.0002330042634737,0.0,Italy,ITA,lombardy,,,Windows-11-10.0.26200-SP0,3.13.13,3.2.6,32,13th Gen Intel(R) Core(TM) i9-13900HX,1,1 x NVIDIA GeForce RTX 4070 Laptop GPU,9.1922,45.4722,31.70067596435547,machine,0.0,79.85714285714286,33.84285714285714,10.726976667131696,N,1.0,0.0
2026-05-04T20:25:16,Q331_qwen2.5:7b_HellaSwag,8753ee9f-1a10-404d-83d8-647911aaf9b6,5b0fa12a-3dd7-45bb-9766-cc326314d9f1,11.05542360000254,9.02767385247833e-05,8.165832607695153e-06,12.836569986560002,57.551621007696056,20.0,3.7628442703241625e-05,0.0001767176413739,5.862586944446472e-05,0.0002729719535216,0.0,Italy,ITA,lombardy,,,Windows-11-10.0.26200-SP0,3.13.13,3.2.6,32,13th Gen Intel(R) Core(TM) i9-13900HX,1,1 x NVIDIA GeForce RTX 4070 Laptop GPU,9.1922,45.4722,31.70067596435547,machine,0.0,69.22222222222223,34.666666666666664,10.993901146782768,N,1.0,0.0
2026-05-04T20:25:38,Q331_mistral:latest _HellaSwag,a8e73b18-fc98-48cb-b1c6-e194886c07c3,5b0fa12a-3dd7-45bb-9766-cc326314d9f1,7.301758100002189,5.567157807724748e-05,7.624407343380875e-06,12.8380884416,52.41976415619411,20.0,2.424932391795262e-05,0.000106310362826,3.777580777778995e-05,0.0001683354945217,0.0,Italy,ITA,lombardy,,,Windows-11-10.0.26200-SP0,3.13.13,3.2.6,32,13th Gen Intel(R) Core(TM) i9-13900HX,1,1 x NVIDIA GeForce RTX 4070 Laptop GPU,9.1922,45.4722,31.70067596435547,machine,0.0,68.2,33.980000000000004,10.774639129638672,N,1.0,0.0
2026-05-04T20:26:03,Q332_phi3:mini_HumanEval,d7fab111-1008-4b27-a5ac-292601796be1,5b0fa12a-3dd7-45bb-9766-cc326314d9f1,9.343218299996806,8.11991686783745e-05,8.690706571460742e-06,12.830529094400005,63.53917120914961,20.0,3.151153175533423e-05,0.0001648940208039,4.9118333888893374e-05,0.0002455238864481,0.0,Italy,ITA,lombardy,,,Windows-11-10.0.26200-SP0,3.13.13,3.2.6,32,13th Gen Intel(R) Core(TM) i9-13900HX,1,1 x NVIDIA GeForce RTX 4070 Laptop GPU,9.1922,45.4722,31.70067596435547,machine,0.0,76.28571428571429,34.285714285714285,10.862180437360491,N,1.0,0.0
2026-05-04T20:26:33,Q332_qwen2.5:7b_HumanEval,e58ca2a8-8e9b-41dc-bc01-d64edc915c4d,5b0fa12a-3dd7-45bb-9766-cc326314d9f1,15.32043639999756,0.0001356453914218,8.853885612678716e-06,12.831520991085714,64.62953170495854,20.0,5.281572945357212e-05,0.000275017997792,8.232051722221109e-05,0.0004101542444677,0.0,Italy,ITA,lombardy,,,Windows-11-10.0.26200-SP0,3.13.13,3.2.6,32,13th Gen Intel(R) Core(TM) i9-13900HX,1,1 x NVIDIA GeForce RTX 4070 Laptop GPU,9.1922,45.4722,31.70067596435547,machine,0.0,78.53846153846153,35.06923076923077,11.117066310002254,N,1.0,0.0
2026-05-04T20:26:57,Q332_mistral:latest _HumanEval,da3d7dd7-f6a9-419e-95a0-f5c33f8ec1ea,5b0fa12a-3dd7-45bb-9766-cc326314d9f1,8.556444000001648,6.883857068671304e-05,8.045231253392154e-06,12.927394107200003,56.63669903340771,20.0,2.890673697025501e-05,0.0001345217742839,4.472033666667509e-05,0.0002081488479209,0.0,Italy,ITA,lombardy,,,Windows-11-10.0.26200-SP0,3.13.13,3.2.6,32,13th Gen Intel(R) Core(TM) i9-13900HX,1,1 x NVIDIA GeForce RTX 4070 Laptop GPU,9.1922,45.4722,31.70067596435547,machine,6.128571428571428,77.42857142857143,34.32857142857143,10.882238115583148,N,1.0,0.0
2026-05-04T20:27:21,Q333_phi3:mini_HumanEval,653cc055-b67a-42d0-a319-cece1b8993ed,5b0fa12a-3dd7-45bb-9766-cc326314d9f1,9.403167099997518,8.176816073468032e-05,8.69581066305861e-06,12.8288383472,63.586728900463015,20.0,3.1719951382506866e-05,0.000166074299526,4.9450110555577946e-05,0.000247244361464,0.0,Italy,ITA,lombardy,,,Windows-11-10.0.26200-SP0,3.13.13,3.2.6,32,13th Gen Intel(R) Core(TM) i9-13900HX,1,1 x NVIDIA GeForce RTX 4070 Laptop GPU,9.1922,45.4722,31.70067596435547,machine,0.0,73.14285714285714,34.6,10.962512969970703,N,1.0,0.0
2026-05-04T20:27:51,Q333_qwen2.5:7b_HumanEval,f5889852-7c77-463e-a709-635b069a9b52,5b0fa12a-3dd7-45bb-9766-cc326314d9f1,14.52133060000051,0.0001274046732666,8.773622526479897e-06,12.820814336000002,63.82114555395371,20.0,4.992866067227213e-05,0.0002574218726039,7.788605277779021e-05,0.000385236586054,0.0,Italy,ITA,lombardy,,,Windows-11-10.0.26200-SP0,3.13.13,3.2.6,32,13th Gen Intel(R) Core(TM) i9-13900HX,1,1 x NVIDIA GeForce RTX 4070 Laptop GPU,9.1922,45.4722,31.70067596435547,machine,0.0,75.5,35.166666666666664,11.139318466186523,N,1.0,0.0
2026-05-04T20:28:16,Q333_mistral:latest _HumanEval,24b4226d-9cfc-4229-8f27-6100e3be04f5,5b0fa12a-3dd7-45bb-9766-cc326314d9f1,10.295012199996563,9.207573347798025e-05,8.9437226191933e-06,12.8285478912,66.13230592970824,20.0,3.489870114843529e-05,0.000189105984618,5.440693222222358e-05,0.0002784116179886,0.0,Italy,ITA,lombardy,,,Windows-11-10.0.26200-SP0,3.13.13,3.2.6,32,13th Gen Intel(R) Core(TM) i9-13900HX,1,1 x NVIDIA GeForce RTX 4070 Laptop GPU,9.1922,45.4722,31.70067596435547,machine,0.0,79.625,34.575,10.950912952423096,N,1.0,0.0
2026-05-04T20:28:36,Q334_phi3:mini_MMLU,33b893fb-7a09-489a-8d82-f64c078d44c2,5b0fa12a-3dd7-45bb-9766-cc326314d9f1,4.71624729999894,3.367286456818334e-05,7.139758037749824e-06,12.8639632736,48.35929538429877,20.0,1.5059338323167283e-05,6.334588400999652e-05,2.341223111110998e-05,0.0001018174534442,0.0,Italy,ITA,lombardy,,,Windows-11-10.0.26200-SP0,3.13.13,3.2.6,32,13th Gen Intel(R) Core(TM) i9-13900HX,1,1 x NVIDIA GeForce RTX 4070 Laptop GPU,9.1922,45.4722,31.70067596435547,machine,33.333333333333336,49.0,34.36666666666667,10.899336496988932,N,1.0,0.0
2026-05-04T20:28:59,Q334_qwen2.5:7b_MMLU,9eae9446-eb8a-4921-97e5-584672ea1c65,5b0fa12a-3dd7-45bb-9766-cc326314d9f1,7.394091900001513,5.199454435323973e-05,7.031903992595642e-06,12.870707456,45.91127382268555,20.0,2.4640692346786616e-05,9.428813098602552e-05,3.828833555554512e-05,0.0001572171588883,0.0,Italy,ITA,lombardy,,,Windows-11-10.0.26200-SP0,3.13.13,3.2.6,32,13th Gen Intel(R) Core(TM) i9-13900HX,1,1 x NVIDIA GeForce RTX 4070 Laptop GPU,9.1922,45.4722,31.70067596435547,machine,20.0,50.2,35.06,11.11028594970703,N,1.0,0.0
2026-05-04T20:29:19,Q334_mistral:latest _MMLU,f0c559cc-af22-42fe-bb68-81c91b425533,5b0fa12a-3dd7-45bb-9766-cc326314d9f1,5.75532380000368,4.073101555106057e-05,7.07710234323124e-06,12.86266709504,47.10207622254034,20.0,1.8755205313022937e-05,7.524339352801834e-05,2.9160756111094897e-05,0.0001231593549521,0.0,Italy,ITA,lombardy,,,Windows-11-10.0.26200-SP0,3.13.13,3.2.6,32,13th Gen Intel(R) Core(TM) i9-13900HX,1,1 x NVIDIA GeForce RTX 4070 Laptop GPU,9.1922,45.4722,31.70067596435547,machine,0.0,66.75,34.65,10.978760719299316,N,1.0,0.0
2026-05-04T20:29:32,Q335_phi3:mini_MMLU,31865d94-d877-4f31-b254-2d60a691ddf8,5b0fa12a-3dd7-45bb-9766-cc326314d9f1,7.597862299997359,6.233276795901777e-05,8.203987582012304e-06,12.829241100800004,58.6523815492739,20.0,2.5287129483277504e-05,0.0001237698212379,3.942014444445603e-05,0.0001884770951657,0.0,Italy,ITA,lombardy,,,Windows-11-10.0.26200-SP0,3.13.13,3.2.6,32,13th Gen Intel(R) Core(TM) i9-13900HX,1,1 x NVIDIA GeForce RTX 4070 Laptop GPU,9.1922,45.4722,31.70067596435547,machine,0.0,72.66666666666667,34.36666666666667,10.900772094726562,N,1.0,0.0
2026-05-04T20:29:58,Q335_qwen2.5:7b_MMLU,f69aefd8-90c6-4687-ae5d-3bbdaaa310b9,5b0fa12a-3dd7-45bb-9766-cc326314d9f1,10.686128800000006,8.597138440336903e-05,8.045138329548206e-06,12.830374496,56.28953028339605,20.0,3.629724278415983e-05,0.0001670779114399,5.657859611108304e-05,0.0002599537503352,0.0,Italy,ITA,lombardy,,,Windows-11-10.0.26200-SP0,3.13.13,3.2.6,32,13th Gen Intel(R) Core(TM) i9-13900HX,1,1 x NVIDIA GeForce RTX 4070 Laptop GPU,9.1922,45.4722,31.70067596435547,machine,0.0,70.55555555555556,35.54444444444445,11.267460717095268,N,1.0,0.0
2026-05-04T20:30:22,Q335_mistral:latest _MMLU,ce521a32-487c-4ead-ad11-5ce0c556435a,5b0fa12a-3dd7-45bb-9766-cc326314d9f1,9.306198600002972,7.852611718441155e-05,8.438044421745573e-06,12.863989136,60.76646517774029,20.0,3.146036157485506e-05,0.0001570698478779,4.891110666665352e-05,0.0002374413161195,0.0,Italy,ITA,lombardy,,,Windows-11-10.0.26200-SP0,3.13.13,3.2.6,32,13th Gen Intel(R) Core(TM) i9-13900HX,1,1 x NVIDIA GeForce RTX 4070 Laptop GPU,9.1922,45.4722,31.70067596435547,machine,0.0,77.0,34.82857142857143,11.046783447265623,N,1.0,0.0
2026-05-04T20:30:42,Q336_phi3:mini_SQuAD,d31bc3b3-b418-4195-9ad4-d80b3c8c7e15,5b0fa12a-3dd7-45bb-9766-cc326314d9f1,4.6027186999999685,3.209977264412525e-05,6.974089605807427e-06,12.839996432,46.666044853601655,20.0,1.4626070252350915e-05,5.965365883400797e-05,2.278112833333176e-05,9.706085741969064e-05,0.0,Italy,ITA,lombardy,,,Windows-11-10.0.26200-SP0,3.13.13,3.2.6,32,13th Gen Intel(R) Core(TM) i9-13900HX,1,1 x NVIDIA GeForce RTX 4070 Laptop GPU,9.1922,45.4722,31.70067596435547,machine,0.0,49.0,34.36666666666667,10.891958872477211,N,1.0,0.0
2026-05-04T20:31:03,Q336_qwen2.5:7b_SQuAD,4eea1747-3c11-44d5-a2d8-48fc3d04cedb,5b0fa12a-3dd7-45bb-9766-cc326314d9f1,5.89292579999892,3.833460154297631e-05,6.505189925008615e-06,12.85360166144,40.76098726273849,20.0,1.924901114055011e-05,6.671422003798333e-05,2.995002888888444e-05,0.0001159132600674,0.0,Italy,ITA,lombardy,,,Windows-11-10.0.26200-SP0,3.13.13,3.2.6,32,13th Gen Intel(R) Core(TM) i9-13900HX,1,1 x NVIDIA GeForce RTX 4070 Laptop GPU,9.1922,45.4722,31.70067596435547,machine,0.0,37.0,34.9,11.062368392944336,N,1.0,0.0
2026-05-04T20:31:13,Q336_mistral:latest _SQuAD,e52c67f8-a523-485c-8003-53c227c970d6,5b0fa12a-3dd7-45bb-9766-cc326314d9f1,4.966757000001962,3.121606053322532e-05,6.284998547988755e-06,12.8467456256,38.89663146457246,20.0,1.5931995075273045e-05,5.365559847997359e-05,2.480116222225964e-05,9.438875577750628e-05,0.0,Italy,ITA,lombardy,,,Windows-11-10.0.26200-SP0,3.13.13,3.2.6,32,13th Gen Intel(R) Core(TM) i9-13900HX,1,1 x NVIDIA GeForce RTX 4070 Laptop GPU,9.1922,45.4722,31.70067596435547,machine,0.0,48.66666666666666,34.56666666666666,10.960028330485024,N,1.0,0.0
2026-05-04T20:31:27,Q337_phi3:mini_GSM8K,c301059b-faba-432a-bd46-818dc02104d5,5b0fa12a-3dd7-45bb-9766-cc326314d9f1,8.758560500005842,7.12687360313192e-05,8.137037590968477e-06,12.8377296416,57.62518986351466,20.0,2.944289038794604e-05,0.0001401859454819,4.5868161666698544e-05,0.0002154969975366,0.0,Italy,ITA,lombardy,,,Windows-11-10.0.26200-SP0,3.13.13,3.2.6,32,13th Gen Intel(R) Core(TM) i9-13900HX,1,1 x NVIDIA GeForce RTX 4070 Laptop GPU,9.1922,45.4722,31.70067596435547,machine,0.0,83.14285714285714,34.4,10.908356257847377,N,1.0,0.0
2026-05-04T20:31:54,Q337_qwen2.5:7b_GSM8K,05fdd96d-b34f-459b-a49f-ec2ea60f2c56,5b0fa12a-3dd7-45bb-9766-cc326314d9f1,12.028790399999709,9.934446401543586e-05,8.258890604282064e-06,12.823982325527272,58.45218569487454,20.0,4.106155107926612e-05,0.000195291545122,6.403715777774373e-05,0.000300390253979,0.0,Italy,ITA,lombardy,,,Windows-11-10.0.26200-SP0,3.13.13,3.2.6,32,13th Gen Intel(R) Core(TM) i9-13900HX,1,1 x NVIDIA GeForce RTX 4070 Laptop GPU,9.1922,45.4722,31.70067596435547,machine,5.0,72.7,35.040000000000006,11.113945388793946,N,1.0,0.0
2026-05-04T20:32:18,Q337_mistral:latest _GSM8K,337182be-664e-4e36-86fe-133f7ca3762f,5b0fa12a-3dd7-45bb-9766-cc326314d9f1,9.237202999996953,7.850138686475731e-05,8.498393600831682e-06,12.8341354448,61.5233752738926,20.0,3.1120481143396873e-05,0.000157750681756,4.849537555556809e-05,0.0002373665384549,0.0,Italy,ITA,lombardy,,,Windows-11-10.0.26200-SP0,3.13.13,3.2.6,32,13th Gen Intel(R) Core(TM) i9-13900HX,1,1 x NVIDIA GeForce RTX 4070 Laptop GPU,9.1922,45.4722,31.70067596435547,machine,0.0,75.71428571428571,34.4,10.910021645682198,N,1.0,0.0
2026-05-04T20:32:40,Q338_phi3:mini_SQuAD,c3287112-9d4a-4825-b739-3f8c15ed9443,5b0fa12a-3dd7-45bb-9766-cc326314d9f1,6.477257999998983,4.93810428434993e-05,7.623757281786067e-06,12.846415577600002,52.69310305202407,20.0,2.132277711378806e-05,9.479674250401082e-05,3.3195131666676995e-05,0.0001493146512844,0.0,Italy,ITA,lombardy,,,Windows-11-10.0.26200-SP0,3.13.13,3.2.6,32,13th Gen Intel(R) Core(TM) i9-13900HX,1,1 x NVIDIA GeForce RTX 4070 Laptop GPU,9.1922,45.4722,31.70067596435547,machine,0.0,49.75,34.175000000000004,10.842260360717772,N,1.0,0.0
2026-05-04T20:33:01,Q338_qwen2.5:7b_SQuAD,ad6ac601-279e-4a96-af64-986d8fe4701c,5b0fa12a-3dd7-45bb-9766-cc326314d9f1,5.817188299995905,3.5105799439983976e-05,6.03483979365232e-06,12.84915920384,35.68218532168445,20.0,1.897198986484415e-05,5.764949056399904e-05,2.95287727777678e-05,0.0001061502532066,0.0,Italy,ITA,lombardy,,,Windows-11-10.0.26200-SP0,3.13.13,3.2.6,32,13th Gen Intel(R) Core(TM) i9-13900HX,1,1 x NVIDIA GeForce RTX 4070 Laptop GPU,9.1922,45.4722,31.70067596435547,machine,0.0,35.75,34.825,11.044562339782717,N,1.0,0.0
2026-05-04T20:33:11,Q338_mistral:latest _SQuAD,57a44f3a-2355-49af-addb-4c869bf3f0b6,5b0fa12a-3dd7-45bb-9766-cc326314d9f1,5.470659399994474,3.837650620460163e-05,7.014969019025457e-06,12.8578935296,46.554367713972326,20.0,1.7739739971217182e-05,7.070811212200878e-05,2.7592116111110143e-05,0.0001160399682043,0.0,Italy,ITA,lombardy,,,Windows-11-10.0.26200-SP0,3.13.13,3.2.6,32,13th Gen Intel(R) Core(TM) i9-13900HX,1,1 x NVIDIA GeForce RTX 4070 Laptop GPU,9.1922,45.4722,31.70067596435547,machine,0.0,62.333333333333336,34.43333333333334,10.915904998779297,N,1.0,0.0
2026-05-04T20:33:31,Q339_phi3:mini_SQuAD,a78f78f4-478b-42ee-b125-f10260db5618,5b0fa12a-3dd7-45bb-9766-cc326314d9f1,4.389369200005604,2.728582902487213e-05,6.216344030672404e-06,12.8520418304,38.58115513271016,20.0,1.387774115482648e-05,4.7031982069983824e-05,2.1595096666674688e-05,8.2504819891485e-05,0.0,Italy,ITA,lombardy,,,Windows-11-10.0.26200-SP0,3.13.13,3.2.6,32,13th Gen Intel(R) Core(TM) i9-13900HX,1,1 x NVIDIA GeForce RTX 4070 Laptop GPU,9.1922,45.4722,31.70067596435547,machine,0.0,0.0,34.2,10.834035873413086,N,1.0,0.0
2026-05-04T20:33:41,Q339_qwen2.5:7b_SQuAD,979431a4-60d7-44fd-8c06-d87bd4abbc87,5b0fa12a-3dd7-45bb-9766-cc326314d9f1,5.595371199997317,3.3210548165062464e-05,5.935361029323379e-06,12.83232970496,34.74906089139254,20.0,1.814989243382429e-05,5.39833765199893e-05,2.828626722221088e-05,0.000100419536176,0.0,Italy,ITA,lombardy,,,Windows-11-10.0.26200-SP0,3.13.13,3.2.6,32,13th Gen Intel(R) Core(TM) i9-13900HX,1,1 x NVIDIA GeForce RTX 4070 Laptop GPU,9.1922,45.4722,31.70067596435547,machine,0.0,5.75,34.65,10.982062339782717,N,1.0,0.0
2026-05-04T20:33:51,Q339_mistral:latest _SQuAD,5dbac81b-cb57-4440-982d-938a5e4efed8,5b0fa12a-3dd7-45bb-9766-cc326314d9f1,4.287609200000588,2.3817564713688062e-05,5.55497565255826e-06,12.8853306752,31.441369263176902,20.0,1.3549440976148992e-05,3.7438363283986975e-05,2.102994111111103e-05,7.2017745371247e-05,0.0,Italy,ITA,lombardy,,,Windows-11-10.0.26200-SP0,3.13.13,3.2.6,32,13th Gen Intel(R) Core(TM) i9-13900HX,1,1 x NVIDIA GeForce RTX 4070 Laptop GPU,9.1922,45.4722,31.70067596435547,machine,0.0,26.5,34.5,10.945592880249023,N,1.0,0.0
2026-05-04T20:34:05,Q340_phi3:mini_HumanEval,37869b8b-9136-4e2c-b484-d3ad728512d6,5b0fa12a-3dd7-45bb-9766-cc326314d9f1,9.2271477999966,7.949481570092398e-05,8.615318343654717e-06,12.8364151088,62.73755546127356,20.0,3.110989957613973e-05,0.0001607898508539,4.8470642777748354e-05,0.0002403703932078,0.0,Italy,ITA,lombardy,,,Windows-11-10.0.26200-SP0,3.13.13,3.2.6,32,13th Gen Intel(R) Core(TM) i9-13900HX,1,1 x NVIDIA GeForce RTX 4070 Laptop GPU,9.1922,45.4722,31.70067596435547,machine,0.0,73.57142857142857,34.57142857142857,10.96507808140346,N,1.0,0.0
2026-05-04T20:34:31,Q340_qwen2.5:7b_HumanEval,3035551c-56fa-4ea8-8b8c-0cf627e0ec91,5b0fa12a-3dd7-45bb-9766-cc326314d9f1,11.29664749999938,8.898064524412146e-05,7.876730263923553e-06,12.89304581888,54.31284582548474,20.0,3.866126697886604e-05,0.0001704204141139,5.997124388890775e-05,0.0002690529249817,0.0,Italy,ITA,lombardy,,,Windows-11-10.0.26200-SP0,3.13.13,3.2.6,32,13th Gen Intel(R) Core(TM) i9-13900HX,1,1 x NVIDIA GeForce RTX 4070 Laptop GPU,9.1922,45.4722,31.70067596435547,machine,0.0,61.22222222222222,35.75555555555556,11.328843858506945,N,1.0,0.0
2026-05-04T20:34:53,Q340_mistral:latest _HumanEval,5fda6fee-54a9-4fe5-8ea0-c7ed87623311,5b0fa12a-3dd7-45bb-9766-cc326314d9f1,7.075608400002238,5.202774674857631e-05,7.353112807735353e-06,12.837914067200002,49.54044901509148,20.0,2.344105255237592e-05,9.735868899801714e-05,3.651781222223589e-05,0.0001573175537726,0.0,Italy,ITA,lombardy,,,Windows-11-10.0.26200-SP0,3.13.13,3.2.6,32,13th Gen Intel(R) Core(TM) i9-13900HX,1,1 x NVIDIA GeForce RTX 4070 Laptop GPU,9.1922,45.4722,31.70067596435547,machine,0.0,70.2,34.82,11.03208236694336,N,1.0,0.0
2026-05-04T20:35:13,Q341_phi3:mini_GSM8K,c298b8b0-b59e-4093-9392-514a313b704b,5b0fa12a-3dd7-45bb-9766-cc326314d9f1,4.769935099997383,2.88628962504912e-05,6.051003974982182e-06,12.863469785600005,36.469706535599705,20.0,1.5250211924721834e-05,4.831392753998354e-05,2.370929666665486e-05,8.727343613136024e-05,0.0,Italy,ITA,lombardy,,,Windows-11-10.0.26200-SP0,3.13.13,3.2.6,32,13th Gen Intel(R) Core(TM) i9-13900HX,1,1 x NVIDIA GeForce RTX 4070 Laptop GPU,9.1922,45.4722,31.70067596435547,machine,22.23333333333333,39.66666666666666,34.7,10.999839782714844,N,1.0,0.0
2026-05-04T20:35:40,Q341_qwen2.5:7b_GSM8K,c35e0324-2fb6-426b-9824-4352fcd0d408,5b0fa12a-3dd7-45bb-9766-cc326314d9f1,11.629904200002784,9.788059117323728e-05,8.41628524964237e-06,12.821850853236365,60.259925207830186,20.0,3.9612169010518233e-05,0.000194564600096,6.178713722224024e-05,0.0002959639063287,0.0,Italy,ITA,lombardy,,,Windows-11-10.0.26200-SP0,3.13.13,3.2.6,32,13th Gen Intel(R) Core(TM) i9-13900HX,1,1 x NVIDIA GeForce RTX 4070 Laptop GPU,9.1922,45.4722,31.70067596435547,machine,0.0,72.7,35.19,11.157504653930664,N,1.0,0.0
2026-05-04T20:36:03,Q341_mistral:latest _GSM8K,8837dffb-0c3f-42c0-916a-f505957cfc1c,5b0fa12a-3dd7-45bb-9766-cc326314d9f1,7.768497299999581,6.428497464573412e-05,8.275084892639094e-06,12.834610704457145,59.3737885524161,20.0,2.5906197165342696e-05,0.00012810565804,4.036817444446368e-05,0.0001943800296498,0.0,Italy,ITA,lombardy,,,Windows-11-10.0.26200-SP0,3.13.13,3.2.6,32,13th Gen Intel(R) Core(TM) i9-13900HX,1,1 x NVIDIA GeForce RTX 4070 Laptop GPU,9.1922,45.4722,31.70067596435547,machine,0.0,49.16666666666666,34.666666666666664,10.982047398885092,N,1.0,0.0
2026-05-04T20:36:27,Q342_phi3:mini_GSM8K,3660454e-5e06-4608-b2ba-19365e64d7f3,5b0fa12a-3dd7-45bb-9766-cc326314d9f1,8.462177399997017,7.204423168906082e-05,8.513675415158067e-06,12.8427811328,61.78725446064284,20.0,2.839632018623769e-05,0.0001452248384019,4.422072388887399e-05,0.000217841882477,0.0,Italy,ITA,lombardy,,,Windows-11-10.0.26200-SP0,3.13.13,3.2.6,32,13th Gen Intel(R) Core(TM) i9-13900HX,1,1 x NVIDIA GeForce RTX 4070 Laptop GPU,9.1922,45.4722,31.70067596435547,machine,0.0,81.66666666666667,34.483333333333334,10.933477401733398,N,1.0,0.0
2026-05-04T20:36:55,Q342_qwen2.5:7b_GSM8K,22e2a722-62a4-4f85-bebe-51f76d38bcef,5b0fa12a-3dd7-45bb-9766-cc326314d9f1,13.344541099999333,0.0001148590517228,8.607193822715042e-06,12.8341667648,62.127542980282094,20.0,4.577015595798889e-05,0.0002302074063879,7.132452500001011e-05,0.0003473020873459,0.0,Italy,ITA,lombardy,,,Windows-11-10.0.26200-SP0,3.13.13,3.2.6,32,13th Gen Intel(R) Core(TM) i9-13900HX,1,1 x NVIDIA GeForce RTX 4070 Laptop GPU,9.1922,45.4722,31.70067596435547,machine,0.0,71.0,35.26363636363636,11.18364888971502,N,1.0,0.0
2026-05-04T20:37:23,Q342_mistral:latest _GSM8K,5d32c131-e8cc-4ec9-b933-70cbed188d70,5b0fa12a-3dd7-45bb-9766-cc326314d9f1,12.810512799995196,0.0001209755766032,9.44346088965757e-06,12.8210955968,71.26419160049218,20.0,4.383733341532305e-05,0.000253577425084,6.838201277775322e-05,0.000365796771277,0.0,Italy,ITA,lombardy,,,Windows-11-10.0.26200-SP0,3.13.13,3.2.6,32,13th Gen Intel(R) Core(TM) i9-13900HX,1,1 x NVIDIA GeForce RTX 4070 Laptop GPU,9.1922,45.4722,31.70067596435547,machine,9.090909090909092,82.36363636363636,34.79090909090909,11.033350511030717,N,1.0,0.0
2026-05-04T20:37:43,Q343_phi3:mini_MMLU,fcb4b68e-0a0f-4035-9669-3f23fe4bf9d5,5b0fa12a-3dd7-45bb-9766-cc326314d9f1,5.40566929999477,3.706963984562729e-05,6.857548582497111e-06,12.843861104000004,44.86671608484719,20.0,1.7491504292152737e-05,6.736088722200662e-05,2.72359733333158e-05,0.0001120883648474,0.0,Italy,ITA,lombardy,,,Windows-11-10.0.26200-SP0,3.13.13,3.2.6,32,13th Gen Intel(R) Core(TM) i9-13900HX,1,1 x NVIDIA GeForce RTX 4070 Laptop GPU,9.1922,45.4722,31.70067596435547,machine,0.0,68.0,34.53333333333333,10.9456787109375,N,1.0,0.0
2026-05-04T20:38:06,Q343_qwen2.5:7b_MMLU,f7344d7e-8a69-4225-bbdd-141c670994cd,5b0fa12a-3dd7-45bb-9766-cc326314d9f1,7.658532899993588,5.26979105555028e-05,6.880940676711974e-06,12.830589434514286,44.22723729436273,20.0,2.55066501011125e-05,9.407896415200569e-05,3.9758330000000167e-05,0.0001593439442531,0.0,Italy,ITA,lombardy,,,Windows-11-10.0.26200-SP0,3.13.13,3.2.6,32,13th Gen Intel(R) Core(TM) i9-13900HX,1,1 x NVIDIA GeForce RTX 4070 Laptop GPU,9.1922,45.4722,31.70067596435547,machine,0.0,56.16666666666666,35.06666666666667,11.117884953816732,N,1.0,0.0
2026-05-04T20:38:30,Q343_mistral:latest _MMLU,93d4ccb4-5484-43ad-8194-9020756ac124,5b0fa12a-3dd7-45bb-9766-cc326314d9f1,8.572341500002949,7.0565276392346e-05,8.231738830320948e-06,12.830977784000002,58.7039299792242,20.0,2.876286893656692e-05,0.0001397745562639,4.483250444447752e-05,0.000213369929645,0.0,Italy,ITA,lombardy,,,Windows-11-10.0.26200-SP0,3.13.13,3.2.6,32,13th Gen Intel(R) Core(TM) i9-13900HX,1,1 x NVIDIA GeForce RTX 4070 Laptop GPU,9.1922,45.4722,31.70067596435547,machine,2.042857142857143,62.57142857142857,34.5,10.937037331717354,N,1.0,0.0
2026-05-04T20:38:54,Q344_phi3:mini_HellaSwag,272922e5-11f4-4bfb-a63e-ea122476d717,5b0fa12a-3dd7-45bb-9766-cc326314d9f1,9.133609999997134,7.769267916500675e-05,8.50624004802385e-06,12.831756766400002,61.57044163194768,20.0,3.076758894644486e-05,0.000156199291626,4.795434888890466e-05,0.0002349212294613,0.0,Italy,ITA,lombardy,,,Windows-11-10.0.26200-SP0,3.13.13,3.2.6,32,13th Gen Intel(R) Core(TM) i9-13900HX,1,1 x NVIDIA GeForce RTX 4070 Laptop GPU,9.1922,45.4722,31.70067596435547,machine,0.0,90.14285714285714,34.528571428571425,10.949594225202288,N,1.0,0.0
2026-05-04T20:39:19,Q344_qwen2.5:7b_HellaSwag,c2635ede-e9d6-44fb-be55-2ddc8fde67fc,5b0fa12a-3dd7-45bb-9766-cc326314d9f1,10.067300399998205,8.00950731806454e-05,7.955963366371753e-06,12.8308660864,55.41799749369948,20.0,3.4090462829061325e-05,0.000154957346188,5.313759722222232e-05,0.0002421854062392,0.0,Italy,ITA,lombardy,,,Windows-11-10.0.26200-SP0,3.13.13,3.2.6,32,13th Gen Intel(R) Core(TM) i9-13900HX,1,1 x NVIDIA GeForce RTX 4070 Laptop GPU,9.1922,45.4722,31.70067596435547,machine,0.0,66.125,35.275,11.185224056243896,N,1.0,0.0
2026-05-04T20:39:40,Q344_mistral:latest _HellaSwag,10f16730-958c-4dc1-97eb-ceeb965ac671,5b0fa12a-3dd7-45bb-9766-cc326314d9f1,5.616128400004527,3.986437012334449e-05,7.098194215665076e-06,12.8339351552,47.371902448657416,20.0,1.8233060804074605e-05,7.389311467001503e-05,2.841268277778808e-05,0.0001205388582518,0.0,Italy,ITA,lombardy,,,Windows-11-10.0.26200-SP0,3.13.13,3.2.6,32,13th Gen Intel(R) Core(TM) i9-13900HX,1,1 x NVIDIA GeForce RTX 4070 Laptop GPU,9.1922,45.4722,31.70067596435547,machine,0.0,63.5,34.55,10.948744773864746,N,1.0,0.0
2026-05-04T20:39:52,Q345_phi3:mini_HumanEval,de0a1ced-aea1-4d5c-bf71-468309157944,5b0fa12a-3dd7-45bb-9766-cc326314d9f1,6.721592900001269,5.182715648637318e-05,7.710546779226006e-06,12.847553561600002,53.57415835059642,20.0,2.218915750310423e-05,9.998119109597135e-05,3.45406755555612e-05,0.0001567110241546,0.0,Italy,ITA,lombardy,,,Windows-11-10.0.26200-SP0,3.13.13,3.2.6,32,13th Gen Intel(R) Core(TM) i9-13900HX,1,1 x NVIDIA GeForce RTX 4070 Laptop GPU,9.1922,45.4722,31.70067596435547,machine,0.0,58.0,34.44,10.91592483520508,N,1.0,0.0
2026-05-04T20:40:21,Q345_qwen2.5:7b_HumanEval,43e32415-bd12-4636-b41e-cfcccd6b2cdd,5b0fa12a-3dd7-45bb-9766-cc326314d9f1,14.439693899999838,0.0001285495585975,8.90251271860737e-06,12.82228683126154,65.23056891859042,20.0,4.964157749733184e-05,0.0002616279870799,7.742883888891407e-05,0.0003886984034662,0.0,Italy,ITA,lombardy,,,Windows-11-10.0.26200-SP0,3.13.13,3.2.6,32,13th Gen Intel(R) Core(TM) i9-13900HX,1,1 x NVIDIA GeForce RTX 4070 Laptop GPU,9.1922,45.4722,31.70067596435547,machine,0.0,69.91666666666667,35.325,11.19472885131836,N,1.0,0.0
2026-05-04T20:40:48,Q345_mistral:latest _HumanEval,065f64e4-6174-46a4-b899-98ffc4dbb22a,5b0fa12a-3dd7-45bb-9766-cc326314d9f1,12.097481099997822,0.0001145306786451,9.467316187430706e-06,12.823071627636365,71.60017591727136,20.0,4.130164582710669e-05,0.000240590748028,6.441678388889866e-05,0.000346309177744,0.0,Italy,ITA,lombardy,,,Windows-11-10.0.26200-SP0,3.13.13,3.2.6,32,13th Gen Intel(R) Core(TM) i9-13900HX,1,1 x NVIDIA GeForce RTX 4070 Laptop GPU,9.1922,45.4722,31.70067596435547,machine,0.0,83.7,34.5,10.935894012451172,N,1.0,0.0
2026-05-04T20:41:13,Q346_phi3:mini_HumanEval,d0bf7b56-367d-47a6-910c-22d2dfd8735b,5b0fa12a-3dd7-45bb-9766-cc326314d9f1,9.562271700000563,8.081472832349569e-05,8.451415192844909e-06,12.823419392000002,60.89840709488902,20.0,3.227553213469373e-05,0.00016174874051,5.033717222221538e-05,0.0002443614448669,0.0,Italy,ITA,lombardy,,,Windows-11-10.0.26200-SP0,3.13.13,3.2.6,32,13th Gen Intel(R) Core(TM) i9-13900HX,1,1 x NVIDIA GeForce RTX 4070 Laptop GPU,9.1922,45.4722,31.70067596435547,machine,0.0,78.625,34.825,11.03455114364624,N,1.0,0.0
2026-05-04T20:41:43,Q346_qwen2.5:7b_HumanEval,abcf0740-0549-4629-98ba-9f610c3f7578,5b0fa12a-3dd7-45bb-9766-cc326314d9f1,14.87173040000198,0.0001337877941941,8.996114816208997e-06,12.838775126857144,66.20500117861639,20.0,5.124440244849362e-05,0.00027346688544,7.982609499999347e-05,0.0004045373828885,0.0,Italy,ITA,lombardy,,,Windows-11-10.0.26200-SP0,3.13.13,3.2.6,32,13th Gen Intel(R) Core(TM) i9-13900HX,1,1 x NVIDIA GeForce RTX 4070 Laptop GPU,9.1922,45.4722,31.70067596435547,machine,3.5923076923076924,77.76923076923077,35.46153846153846,11.24164287860577,N,1.0,0.0
2026-05-04T20:42:07,Q346_mistral:latest _HumanEval,b7e2c7c8-a3b8-4998-86f7-1add195a81b7,5b0fa12a-3dd7-45bb-9766-cc326314d9f1,8.831213100005698,7.422130555404617e-05,8.404429234529318e-06,12.8201334896,60.58573152364277,20.0,2.964510111675183e-05,0.000148532896604,4.624675555557284e-05,0.0002244247532763,0.0,Italy,ITA,lombardy,,,Windows-11-10.0.26200-SP0,3.13.13,3.2.6,32,13th Gen Intel(R) Core(TM) i9-13900HX,1,1 x NVIDIA GeForce RTX 4070 Laptop GPU,9.1922,45.4722,31.70067596435547,machine,0.0,76.85714285714286,34.58571428571428,10.963898250034877,N,1.0,0.0
2026-05-04T20:42:31,Q347_phi3:mini_HumanEval,713a19cc-30d1-48a3-ac72-d577987904f6,5b0fa12a-3dd7-45bb-9766-cc326314d9f1,9.222407400004158,7.929376530646339e-05,8.597946486990765e-06,12.8311939856,62.55809264638679,20.0,3.107980575175062e-05,0.0001602398504139,4.84428161111282e-05,0.0002397624722768,0.0,Italy,ITA,lombardy,,,Windows-11-10.0.26200-SP0,3.13.13,3.2.6,32,13th Gen Intel(R) Core(TM) i9-13900HX,1,1 x NVIDIA GeForce RTX 4070 Laptop GPU,9.1922,45.4722,31.70067596435547,machine,0.0,91.57142857142856,34.5,10.92907224382673,N,1.0,0.0
2026-05-04T20:42:58,Q347_qwen2.5:7b_HumanEval,b1bb3ebc-8909-4177-8b6c-0e1a1929b5d6,5b0fa12a-3dd7-45bb-9766-cc326314d9f1,11.635649399999238,9.6801234296294e-05,8.31936671246732e-06,12.836247355345456,59.144062124037184,20.0,3.969883263271024e-05,0.0001911484862519,6.185291000001599e-05,0.0002927002288847,0.0,Italy,ITA,lombardy,,,Windows-11-10.0.26200-SP0,3.13.13,3.2.6,32,13th Gen Intel(R) Core(TM) i9-13900HX,1,1 x NVIDIA GeForce RTX 4070 Laptop GPU,9.1922,45.4722,31.70067596435547,machine,0.0,73.0,35.2,11.161326599121091,N,1.0,0.0
2026-05-04T20:43:24,Q347_mistral:latest _HumanEval,ddff350d-f198-44b6-b338-661faf7c17c2,5b0fa12a-3dd7-45bb-9766-cc326314d9f1,10.995334899998852,0.0001019117554649,9.268635870742538e-06,12.82630882304,69.56846305309328,20.0,3.738799902362554e-05,0.000212467114418,5.829792166667984e-05,0.0003081530351083,0.0,Italy,ITA,lombardy,,,Windows-11-10.0.26200-SP0,3.13.13,3.2.6,32,13th Gen Intel(R) Core(TM) i9-13900HX,1,1 x NVIDIA GeForce RTX 4070 Laptop GPU,9.1922,45.4722,31.70067596435547,machine,0.0,77.22222222222223,34.46666666666667,10.925621880425346,N,1.0,0.0
2026-05-04T20:43:44,Q348_phi3:mini_MMLU,b61a83be-e436-43cb-8165-6bd719644ccd,5b0fa12a-3dd7-45bb-9766-cc326314d9f1,4.812286699998367,3.153106660649374e-05,6.552200351343247e-06,12.845244684800004,41.91141167910291,20.0,1.537980521023224e-05,5.6016155924015765e-05,2.394528611112037e-05,9.534124724536838e-05,0.0,Italy,ITA,lombardy,,,Windows-11-10.0.26200-SP0,3.13.13,3.2.6,32,13th Gen Intel(R) Core(TM) i9-13900HX,1,1 x NVIDIA GeForce RTX 4070 Laptop GPU,9.1922,45.4722,31.70067596435547,machine,0.0,67.0,34.300000000000004,10.86828358968099,N,1.0,0.0
2026-05-04T20:44:08,Q348_qwen2.5:7b_MMLU,e1ff7238-ba06-4b4e-8020-312f0a9a66bb,5b0fa12a-3dd7-45bb-9766-cc326314d9f1,9.042133800001466,6.847641431643172e-05,7.573037054198492e-06,12.8432903888,51.42109272293436,20.0,3.046697475805339e-05,0.0001291437144259,4.7443097777755205e-05,0.0002070537869617,0.0,Italy,ITA,lombardy,,,Windows-11-10.0.26200-SP0,3.13.13,3.2.6,32,13th Gen Intel(R) Core(TM) i9-13900HX,1,1 x NVIDIA GeForce RTX 4070 Laptop GPU,9.1922,45.4722,31.70067596435547,machine,0.0,61.42857142857143,35.04285714285714,11.110184805733818,N,1.0,0.0
2026-05-04T20:44:29,Q348_mistral:latest _MMLU,081e6cd0-e715-4bcb-bfe6-9d636bedf41b,5b0fa12a-3dd7-45bb-9766-cc326314d9f1,5.319598999994923,3.832014034453565e-05,7.203576875732969e-06,12.8431067744,48.67690772622105,20.0,1.7188372526615328e-05,7.191589086599781e-05,2.676526999999219e-05,0.0001158695333926,0.0,Italy,ITA,lombardy,,,Windows-11-10.0.26200-SP0,3.13.13,3.2.6,32,13th Gen Intel(R) Core(TM) i9-13900HX,1,1 x NVIDIA GeForce RTX 4070 Laptop GPU,9.1922,45.4722,31.70067596435547,machine,0.0,46.66666666666666,34.46666666666667,10.926980336507162,N,1.0,0.0
2026-05-04T20:44:43,Q349_phi3:mini_MMLU,559dfaa2-dffa-4eba-a5bc-989c4545e50d,5b0fa12a-3dd7-45bb-9766-cc326314d9f1,9.209920399996918,7.906207212280234e-05,8.584446845254906e-06,12.828451347200003,62.48267995039349,20.0,3.100595211957894e-05,0.000159717349996,4.8338593888871e-05,0.0002390618960044,0.0,Italy,ITA,lombardy,,,Windows-11-10.0.26200-SP0,3.13.13,3.2.6,32,13th Gen Intel(R) Core(TM) i9-13900HX,1,1 x NVIDIA GeForce RTX 4070 Laptop GPU,9.1922,45.4722,31.70067596435547,machine,0.0,70.28571428571429,34.371428571428574,10.900645664760043,N,1.0,0.0
2026-05-04T20:45:07,Q349_qwen2.5:7b_MMLU,d3c9ebb2-acd0-4887-a362-73bb319c3d88,5b0fa12a-3dd7-45bb-9766-cc326314d9f1,8.95122270000138,6.652523447559155e-05,7.43197177694856e-06,12.9154362896,49.83663546230748,20.0,3.0311692697202724e-05,0.000123904543568,4.6937721111114826e-05,0.0002011539573763,0.0,Italy,ITA,lombardy,,,Windows-11-10.0.26200-SP0,3.13.13,3.2.6,32,13th Gen Intel(R) Core(TM) i9-13900HX,1,1 x NVIDIA GeForce RTX 4070 Laptop GPU,9.1922,45.4722,31.70067596435547,machine,0.0,58.42857142857143,35.385714285714286,11.221632276262556,N,1.0,0.0
2026-05-04T20:45:28,Q349_mistral:latest _MMLU,a9c90896-32e4-4631-a0a2-014abc4e0dee,5b0fa12a-3dd7-45bb-9766-cc326314d9f1,5.640778199995111,3.804580901039338e-05,6.744780181292424e-06,12.8289367424,43.58880143598919,20.0,1.829413542287118e-05,6.822672124801032e-05,2.851917444442936e-05,0.0001150400311153,0.0,Italy,ITA,lombardy,,,Windows-11-10.0.26200-SP0,3.13.13,3.2.6,32,13th Gen Intel(R) Core(TM) i9-13900HX,1,1 x NVIDIA GeForce RTX 4070 Laptop GPU,9.1922,45.4722,31.70067596435547,machine,0.0,62.25,34.724999999999994,11.01197910308838,N,1.0,0.0
2026-05-04T20:45:37,Q350_phi3:mini_MMLU,b8e56887-a1a3-4960-bb80-1f5ccda58213,5b0fa12a-3dd7-45bb-9766-cc326314d9f1,4.534559799998533,2.94592676205297e-05,6.49661023778741e-06,12.8458456544,41.57404955528662,20.0,1.4377723453569224e-05,5.231531962998637e-05,2.2383655555555985e-05,8.907669863911157e-05,0.0,Italy,ITA,lombardy,,,Windows-11-10.0.26200-SP0,3.13.13,3.2.6,32,13th Gen Intel(R) Core(TM) i9-13900HX,1,1 x NVIDIA GeForce RTX 4070 Laptop GPU,9.1922,45.4722,31.70067596435547,machine,0.0,3.0,34.6,10.96666463216146,N,1.0,0.0
2026-05-04T20:45:49,Q350_qwen2.5:7b_MMLU,f31477fd-932e-4d6e-a6e9-11dcd6612b35,5b0fa12a-3dd7-45bb-9766-cc326314d9f1,6.806720599997789,4.5116453494576e-05,6.628221745224955e-06,12.830083654400005,41.74720017485856,20.0,2.2469321940041308e-05,7.892534091796799e-05,3.502504666664916e-05,0.0001364197095246,0.0,Italy,ITA,lombardy,,,Windows-11-10.0.26200-SP0,3.13.13,3.2.6,32,13th Gen Intel(R) Core(TM) i9-13900HX,1,1 x NVIDIA GeForce RTX 4070 Laptop GPU,9.1922,45.4722,31.70067596435547,machine,0.0,28.6,35.08,11.118914031982422,N,1.0,0.0
2026-05-04T20:46:09,Q350_mistral:latest _MMLU,2b0c3f65-a045-4284-84a0-51f19b8c5afe,5b0fa12a-3dd7-45bb-9766-cc326314d9f1,4.748231400000805,3.131730388762488e-05,6.595572382512692e-06,12.8350912736,42.44390954049086,20.0,1.513824964374636e-05,5.59689336639968e-05,2.358770444443508e-05,9.469488775217825e-05,0.0,Italy,ITA,lombardy,,,Windows-11-10.0.26200-SP0,3.13.13,3.2.6,32,13th Gen Intel(R) Core(TM) i9-13900HX,1,1 x NVIDIA GeForce RTX 4070 Laptop GPU,9.1922,45.4722,31.70067596435547,machine,0.0,59.0,34.6,10.978858947753906,N,1.0,0.0
2026-05-04T20:46:19,Q351_phi3:mini_MMLU,d9605fce-adbd-4ce2-9df9-bc797f5c212e,5b0fa12a-3dd7-45bb-9766-cc326314d9f1,5.220045000001846,3.467647167418313e-05,6.64294496966422e-06,12.8626921856,42.61698737466983,20.0,1.6858023384246413e-05,6.178310498200501e-05,2.6210956111107307e-05,0.0001048520844773,0.0,Italy,ITA,lombardy,,,Windows-11-10.0.26200-SP0,3.13.13,3.2.6,32,13th Gen Intel(R) Core(TM) i9-13900HX,1,1 x NVIDIA GeForce RTX 4070 Laptop GPU,9.1922,45.4722,31.70067596435547,machine,0.0,47.66666666666666,34.6,10.965647379557293,N,1.0,0.0
2026-05-04T20:46:42,Q351_qwen2.5:7b_MMLU,6c732be4-8ee4-45f1-a1f8-071da96c5b34,5b0fa12a-3dd7-45bb-9766-cc326314d9f1,7.1882115000044,4.773840832320953e-05,6.641208083983104e-06,12.8410168448,41.75101055276965,20.0,2.3847910947148603e-05,8.335728890798699e-05,3.714257777780101e-05,0.0001443477776329,0.0,Italy,ITA,lombardy,,,Windows-11-10.0.26200-SP0,3.13.13,3.2.6,32,13th Gen Intel(R) Core(TM) i9-13900HX,1,1 x NVIDIA GeForce RTX 4070 Laptop GPU,9.1922,45.4722,31.70067596435547,machine,0.0,48.0,34.84,11.051235961914063,N,1.0,0.0
2026-05-04T20:47:03,Q351_mistral:latest _MMLU,e36dfca4-bae1-45a7-9a4a-dc9b2a005d8a,5b0fa12a-3dd7-45bb-9766-cc326314d9f1,6.207548300000781,4.2889304059861255e-05,6.909217937113089e-06,12.848813557760002,45.05141898978885,20.0,2.0355346343734983e-05,7.76464510059971e-05,3.168362666668448e-05,0.0001296854240164,0.0,Italy,ITA,lombardy,,,Windows-11-10.0.26200-SP0,3.13.13,3.2.6,32,13th Gen Intel(R) Core(TM) i9-13900HX,1,1 x NVIDIA GeForce RTX 4070 Laptop GPU,9.1922,45.4722,31.70067596435547,machine,0.0,63.75,34.525000000000006,10.947149276733398,N,1.0,0.0
2026-05-04T20:47:12,Q352_phi3:mini_SQuAD,10b35007-1229-4917-8387-9e8671a93231,5b0fa12a-3dd7-45bb-9766-cc326314d9f1,4.290846900003089,2.354713811349874e-05,5.487760030189329e-06,12.8543465984,30.72764833522226,20.0,1.3530434526232318e-05,3.661864040602203e-05,2.1050975000010416e-05,7.120004993226477e-05,0.0,Italy,ITA,lombardy,,,Windows-11-10.0.26200-SP0,3.13.13,3.2.6,32,13th Gen Intel(R) Core(TM) i9-13900HX,1,1 x NVIDIA GeForce RTX 4070 Laptop GPU,9.1922,45.4722,31.70067596435547,machine,0.0,25.0,34.599999999999994,10.96766471862793,N,1.0,0.0
2026-05-04T20:47:23,Q352_qwen2.5:7b_SQuAD,c38b8c0a-f902-49cb-8ebb-420de138be6a,5b0fa12a-3dd7-45bb-9766-cc326314d9f1,5.505391599996074,3.173600854021746e-05,5.764532452194698e-06,12.844785814400002,32.9029716353101,20.0,1.785317153601264e-05,5.031031802602004e-05,2.7797445555552256e-05,9.596093511758494e-05,0.0,Italy,ITA,lombardy,,,Windows-11-10.0.26200-SP0,3.13.13,3.2.6,32,13th Gen Intel(R) Core(TM) i9-13900HX,1,1 x NVIDIA GeForce RTX 4070 Laptop GPU,9.1922,45.4722,31.70067596435547,machine,0.0,4.0,34.833333333333336,11.02927271525065,N,1.0,0.0
2026-05-04T20:47:32,Q352_mistral:latest _SQuAD,620b31fe-59d0-4716-9d4f-8aa8d9e8fbdb,5b0fa12a-3dd7-45bb-9766-cc326314d9f1,4.687149400000635,2.9386136242618444e-05,6.269511324434092e-06,12.866710592,38.92037414909896,20.0,1.495590233719892e-05,5.065309607801827e-05,2.324657111114195e-05,8.885556952635914e-05,0.0,Italy,ITA,lombardy,,,Windows-11-10.0.26200-SP0,3.13.13,3.2.6,32,13th Gen Intel(R) Core(TM) i9-13900HX,1,1 x NVIDIA GeForce RTX 4070 Laptop GPU,9.1922,45.4722,31.70067596435547,machine,0.0,50.0,34.6,10.960323333740234,N,1.0,0.0
2026-05-04T20:47:52,Q353_phi3:mini_SQuAD,7330f7e1-a120-4a5e-8a19-9e587b17895a,5b0fa12a-3dd7-45bb-9766-cc326314d9f1,4.471209700001054,2.784828668965234e-05,6.228356207414242e-06,12.8557618688,38.65184560250975,20.0,1.4170667762180493e-05,4.79903161700046e-05,2.2044552777798444e-05,8.420553670998354e-05,0.0,Italy,ITA,lombardy,,,Windows-11-10.0.26200-SP0,3.13.13,3.2.6,32,13th Gen Intel(R) Core(TM) i9-13900HX,1,1 x NVIDIA GeForce RTX 4070 Laptop GPU,9.1922,45.4722,31.70067596435547,machine,0.0,53.0,34.35,10.891712188720703,N,1.0,0.0
2026-05-04T20:48:03,Q353_qwen2.5:7b_SQuAD,db2dd918-8558-45bf-b536-a9d758b38268,5b0fa12a-3dd7-45bb-9766-cc326314d9f1,5.774351300002309,3.3330198856437306e-05,5.772111380965682e-06,12.84446733824,32.84814644756856,20.0,1.881116804850144e-05,5.26808754780228e-05,2.928928333333008e-05,0.0001007813268598,0.0,Italy,ITA,lombardy,,,Windows-11-10.0.26200-SP0,3.13.13,3.2.6,32,13th Gen Intel(R) Core(TM) i9-13900HX,1,1 x NVIDIA GeForce RTX 4070 Laptop GPU,9.1922,45.4722,31.70067596435547,machine,0.0,35.5,35.025,11.098382949829102,N,1.0,0.0
2026-05-04T20:48:12,Q353_mistral:latest _SQuAD,b47f4cdc-c3c2-40d5-92d3-6373415c3e9b,5b0fa12a-3dd7-45bb-9766-cc326314d9f1,4.510868400000618,2.80747899925452e-05,6.223810473509125e-06,12.9028681856,38.51133986004463,20.0,1.4370321061512249e-05,4.824698304201069e-05,2.2273116111116705e-05,8.489042021463965e-05,0.0,Italy,ITA,lombardy,,,Windows-11-10.0.26200-SP0,3.13.13,3.2.6,32,13th Gen Intel(R) Core(TM) i9-13900HX,1,1 x NVIDIA GeForce RTX 4070 Laptop GPU,9.1922,45.4722,31.70067596435547,machine,0.0,27.0,34.5,10.94107437133789,N,1.0,0.0
2026-05-04T20:48:32,Q354_phi3:mini_MMLU,9e077d98-4aeb-4a65-a333-e8826d181023,5b0fa12a-3dd7-45bb-9766-cc326314d9f1,4.449277400002757,2.7221759939712723e-05,6.118242917309641e-06,12.864604390400002,37.45468363267804,20.0,1.4105167851841694e-05,4.627809257801152e-05,2.1927832222233217e-05,8.231109265208643e-05,0.0,Italy,ITA,lombardy,,,Windows-11-10.0.26200-SP0,3.13.13,3.2.6,32,13th Gen Intel(R) Core(TM) i9-13900HX,1,1 x NVIDIA GeForce RTX 4070 Laptop GPU,9.1922,45.4722,31.70067596435547,machine,0.0,34.0,34.35,10.884746551513672,N,1.0,0.0
2026-05-04T20:48:53,Q354_qwen2.5:7b_MMLU,7aba32e7-cabc-4010-965d-4f8a7be2ad78,5b0fa12a-3dd7-45bb-9766-cc326314d9f1,6.503589799998736,4.080823489053768e-05,6.274724597566964e-06,12.88211700224,37.96356831702127,20.0,2.147647396227109e-05,6.857449930400272e-05,3.3341871666683194e-05,0.0001233928449329,0.0,Italy,ITA,lombardy,,,Windows-11-10.0.26200-SP0,3.13.13,3.2.6,32,13th Gen Intel(R) Core(TM) i9-13900HX,1,1 x NVIDIA GeForce RTX 4070 Laptop GPU,9.1922,45.4722,31.70067596435547,machine,0.0,36.0,34.775,11.02451229095459,N,1.0,0.0
2026-05-04T20:49:04,Q354_mistral:latest _MMLU,b49092e9-dbff-4a7f-b235-1185e88177b6,5b0fa12a-3dd7-45bb-9766-cc326314d9f1,5.349270099999558,3.450187552669614e-05,6.44982864609865e-06,12.969437168000002,40.34940761951375,20.0,1.745979316065082e-05,5.994143684198705e-05,2.692292388888341e-05,0.0001043241538915,0.0,Italy,ITA,lombardy,,,Windows-11-10.0.26200-SP0,3.13.13,3.2.6,32,13th Gen Intel(R) Core(TM) i9-13900HX,1,1 x NVIDIA GeForce RTX 4070 Laptop GPU,9.1922,45.4722,31.70067596435547,machine,11.1,88.0,34.7,11.001176198323568,N,1.0,0.0
2026-05-04T20:49:28,Q355_phi3:mini_HellaSwag,4e1dce3f-77df-4bd9-846a-87f9ad3222f3,5b0fa12a-3dd7-45bb-9766-cc326314d9f1,9.17671379999956,8.027603065305909e-05,8.747797131154175e-06,12.8208844064,64.25430970124135,20.0,3.087671576445117e-05,0.0001636906865079,4.816516944443315e-05,0.0002427325717168,0.0,Italy,ITA,lombardy,,,Windows-11-10.0.26200-SP0,3.13.13,3.2.6,32,13th Gen Intel(R) Core(TM) i9-13900HX,1,1 x NVIDIA GeForce RTX 4070 Laptop GPU,9.1922,45.4722,31.70067596435547,machine,0.0,69.57142857142857,34.72857142857143,11.0072877066476,N,1.0,0.0
2026-05-04T20:49:50,Q355_qwen2.5:7b_HellaSwag,490d9b7a-dbc3-4083-a0f2-0e6f2447dc9c,5b0fa12a-3dd7-45bb-9766-cc326314d9f1,7.201631100004306,4.546746663921491e-05,6.313495652281846e-06,12.837324512,38.17990286176425,20.0,2.389106645895549e-05,7.636950554001931e-05,3.7220504444445e-05,0.0001374810764434,0.0,Italy,ITA,lombardy,,,Windows-11-10.0.26200-SP0,3.13.13,3.2.6,32,13th Gen Intel(R) Core(TM) i9-13900HX,1,1 x NVIDIA GeForce RTX 4070 Laptop GPU,9.1922,45.4722,31.70067596435547,machine,0.0,38.2,35.18,11.145833587646484,N,1.0,0.0
2026-05-04T20:50:09,Q355_mistral:latest _HellaSwag,3b374e3c-cdca-4425-b2ce-0218a0fc9e47,5b0fa12a-3dd7-45bb-9766-cc326314d9f1,13.629354500000773,0.000131578938198,9.654084366065557e-06,12.81976959606154,73.4806656140092,20.0,4.674850414911673e-05,0.0002781791114319,7.293079611109634e-05,0.0003978584116922,0.0,Italy,ITA,lombardy,,,Windows-11-10.0.26200-SP0,3.13.13,3.2.6,32,13th Gen Intel(R) Core(TM) i9-13900HX,1,1 x NVIDIA GeForce RTX 4070 Laptop GPU,9.1922,45.4722,31.70067596435547,machine,0.0,73.91666666666667,34.61666666666667,10.9721466700236,N,1.0,0.0
2026-05-04T20:50:32,Q356_phi3:mini_HumanEval,3791f543-3e9a-4b77-b9c4-ccf3741951bc,5b0fa12a-3dd7-45bb-9766-cc326314d9f1,7.460622300000978,6.2391505164488e-05,8.36277493426786e-06,12.9064076864,60.35337203903387,20.0,2.4946621897578253e-05,0.0001250512111519,3.865686722221856e-05,0.0001886547002717,0.0,Italy,ITA,lombardy,,,Windows-11-10.0.26200-SP0,3.13.13,3.2.6,32,13th Gen Intel(R) Core(TM) i9-13900HX,1,1 x NVIDIA GeForce RTX 4070 Laptop GPU,9.1922,45.4722,31.70067596435547,machine,0.0,70.0,34.76,11.013207244873048,N,1.0,0.0
2026-05-04T20:51:00,Q356_qwen2.5:7b_HumanEval,4ffdb0b4-2661-4f82-a4eb-e94dffbc661a,5b0fa12a-3dd7-45bb-9766-cc326314d9f1,13.127214399995864,0.0001124999829829,8.569981380286007e-06,12.8325596576,61.74643187487577,20.0,4.498832419772738e-05,0.000225065735608,7.011485444442466e-05,0.0003401689142501,0.0,Italy,ITA,lombardy,,,Windows-11-10.0.26200-SP0,3.13.13,3.2.6,32,13th Gen Intel(R) Core(TM) i9-13900HX,1,1 x NVIDIA GeForce RTX 4070 Laptop GPU,9.1922,45.4722,31.70067596435547,machine,4.545454545454546,74.45454545454545,35.445454545454545,11.234087510542436,N,1.0,0.0
2026-05-04T20:51:24,Q356_mistral:latest _HumanEval,afd2256e-9c46-4974-bb65-9be5f56f3490,5b0fa12a-3dd7-45bb-9766-cc326314d9f1,9.19979030000104,7.770607841252474e-05,8.446505396162774e-06,12.8334358352,60.90813686313106,20.0,3.100641835952528e-05,0.00015563484673,4.832048000001426e-05,0.0002349617450895,0.0,Italy,ITA,lombardy,,,Windows-11-10.0.26200-SP0,3.13.13,3.2.6,32,13th Gen Intel(R) Core(TM) i9-13900HX,1,1 x NVIDIA GeForce RTX 4070 Laptop GPU,9.1922,45.4722,31.70067596435547,machine,0.0,77.28571428571429,34.528571428571425,10.95843778337751,N,1.0,0.0
2026-05-04T20:51:44,Q357_phi3:mini_SQuAD,2d52b95f-f885-4893-bdfe-f210293ca116,5b0fa12a-3dd7-45bb-9766-cc326314d9f1,5.209758699995291,3.605222634292983e-05,6.920133622112368e-06,12.841542416,45.65697378603899,20.0,1.679405645142555e-05,6.606283062798868e-05,2.6155100000000352e-05,0.0001090119870794,0.0,Italy,ITA,lombardy,,,Windows-11-10.0.26200-SP0,3.13.13,3.2.6,32,13th Gen Intel(R) Core(TM) i9-13900HX,1,1 x NVIDIA GeForce RTX 4070 Laptop GPU,9.1922,45.4722,31.70067596435547,machine,0.0,48.66666666666666,34.300000000000004,10.876412709554035,N,1.0,0.0
2026-05-04T20:52:05,Q357_qwen2.5:7b_SQuAD,bac2140e-d302-41a4-ada2-790aa1136ed0,5b0fa12a-3dd7-45bb-9766-cc326314d9f1,5.715588799997931,3.260835655445611e-05,5.705161392028047e-06,12.84448120832,32.156182480624466,20.0,1.859956625725624e-05,5.103920749802149e-05,2.8959901111092125e-05,9.859867486636984e-05,0.0,Italy,ITA,lombardy,,,Windows-11-10.0.26200-SP0,3.13.13,3.2.6,32,13th Gen Intel(R) Core(TM) i9-13900HX,1,1 x NVIDIA GeForce RTX 4070 Laptop GPU,9.1922,45.4722,31.70067596435547,machine,0.0,12.25,34.9,11.067206382751465,N,1.0,0.0
2026-05-04T20:52:14,Q357_mistral:latest _SQuAD,6134fbcc-139b-4849-bcad-2e16f5f4ed0a,5b0fa12a-3dd7-45bb-9766-cc326314d9f1,4.241090299998177,2.732793035553381e-05,6.44360964338476e-06,12.840537459200002,41.20162083027223,20.0,1.3334551100179814e-05,4.8529205490033256e-05,2.0768366111102906e-05,8.263212270131598e-05,0.0,Italy,ITA,lombardy,,,Windows-11-10.0.26200-SP0,3.13.13,3.2.6,32,13th Gen Intel(R) Core(TM) i9-13900HX,1,1 x NVIDIA GeForce RTX 4070 Laptop GPU,9.1922,45.4722,31.70067596435547,machine,0.0,33.5,34.5,10.930492401123049,N,1.0,0.0
2026-05-04T20:52:24,Q358_phi3:mini_SQuAD,eb848a30-1ed6-4618-8200-738a8cbc3d67,5b0fa12a-3dd7-45bb-9766-cc326314d9f1,5.124432500000694,3.636183247049019e-05,7.095777429107568e-06,12.836126,47.63218783448416,20.0,1.6480743591506557e-05,6.778977645399697e-05,2.567763055558317e-05,0.000109948150601,0.0,Italy,ITA,lombardy,,,Windows-11-10.0.26200-SP0,3.13.13,3.2.6,32,13th Gen Intel(R) Core(TM) i9-13900HX,1,1 x NVIDIA GeForce RTX 4070 Laptop GPU,9.1922,45.4722,31.70067596435547,machine,0.0,64.66666666666667,34.43333333333333,10.913204193115234,N,1.0,0.0
2026-05-04T20:52:45,Q358_qwen2.5:7b_SQuAD,cce31f46-ed5f-4a32-aa27-e1d1bb72cdf1,5b0fa12a-3dd7-45bb-9766-cc326314d9f1,5.734250699999393,3.297517790132179e-05,5.75056439393647e-06,12.835821002240005,32.64242446692163,20.0,1.8655835395568954e-05,5.198476381002015e-05,2.906724222221884e-05,9.970784142780796e-05,0.0,Italy,ITA,lombardy,,,Windows-11-10.0.26200-SP0,3.13.13,3.2.6,32,13th Gen Intel(R) Core(TM) i9-13900HX,1,1 x NVIDIA GeForce RTX 4070 Laptop GPU,9.1922,45.4722,31.70067596435547,machine,6.25,29.0,34.9,11.062551498413086,N,1.0,0.0
2026-05-04T20:52:56,Q358_mistral:latest _SQuAD,98821fea-3c4c-4cec-89aa-7c4ec04f1717,5b0fa12a-3dd7-45bb-9766-cc326314d9f1,5.220604599999206,3.418882554089765e-05,6.5488249274620135e-06,12.849971456000004,41.602601044221785,20.0,1.6842709946548336e-05,6.03214371460159e-05,2.621342999999696e-05,0.0001033775770925,0.0,Italy,ITA,lombardy,,,Windows-11-10.0.26200-SP0,3.13.13,3.2.6,32,13th Gen Intel(R) Core(TM) i9-13900HX,1,1 x NVIDIA GeForce RTX 4070 Laptop GPU,9.1922,45.4722,31.70067596435547,machine,0.0,62.66666666666666,34.5,10.945733388264976,N,1.0,0.0
2026-05-04T20:53:05,Q359_phi3:mini_SQuAD,6c14bde8-9679-4ddd-b1ca-ae6e8ada77b2,5b0fa12a-3dd7-45bb-9766-cc326314d9f1,4.935335400004988,3.4677670808626244e-05,7.0264061098241065e-06,12.931892134400002,46.91484424252697,20.0,1.5924264441080726e-05,6.430449588801235e-05,2.462695000002795e-05,0.0001048557103291,0.0,Italy,ITA,lombardy,,,Windows-11-10.0.26200-SP0,3.13.13,3.2.6,32,13th Gen Intel(R) Core(TM) i9-13900HX,1,1 x NVIDIA GeForce RTX 4070 Laptop GPU,9.1922,45.4722,31.70067596435547,machine,0.0,64.66666666666667,34.666666666666664,10.981674194335938,N,1.0,0.0
2026-05-04T20:53:26,Q359_qwen2.5:7b_SQuAD,83de81b1-0ff6-4d56-9d6d-75883eed091f,5b0fa12a-3dd7-45bb-9766-cc326314d9f1,5.565477099997224,3.094182408226418e-05,5.559599568252579e-06,12.841278302720005,30.640961032564828,20.0,1.8063206953452462e-05,4.7364760114021465e-05,2.8131573333303097e-05,9.355954040077704e-05,0.0,Italy,ITA,lombardy,,,Windows-11-10.0.26200-SP0,3.13.13,3.2.6,32,13th Gen Intel(R) Core(TM) i9-13900HX,1,1 x NVIDIA GeForce RTX 4070 Laptop GPU,9.1922,45.4722,31.70067596435547,machine,0.0,13.75,35.1,11.12877082824707,N,1.0,0.0
2026-05-04T20:53:36,Q359_mistral:latest _SQuAD,74096d1d-f8ed-42e2-83f8-0dbe2b1c6610,5b0fa12a-3dd7-45bb-9766-cc326314d9f1,4.561182299999928,2.9489913684899145e-05,6.465410006721199e-06,12.8772025184,41.159662939190696,20.0,1.451293274529098e-05,5.211754169398564e-05,2.2538889444452555e-05,8.916936388372916e-05,0.0,Italy,ITA,lombardy,,,Windows-11-10.0.26200-SP0,3.13.13,3.2.6,32,13th Gen Intel(R) Core(TM) i9-13900HX,1,1 x NVIDIA GeForce RTX 4070 Laptop GPU,9.1922,45.4722,31.70067596435547,machine,20.0,50.333333333333336,34.73333333333333,11.002254486083984,N,1.0,0.0
2026-05-04T20:53:45,Q360_phi3:mini_SQuAD,8ebb2b9f-50b0-48eb-b917-976f89c1de79,5b0fa12a-3dd7-45bb-9766-cc326314d9f1,4.770316400004958,3.0326728642487866e-05,6.357383053764807e-06,12.863849772800004,39.80013064843729,20.0,1.5253792619805191e-05,5.273115329598732e-05,2.371471555557541e-05,9.169966147136792e-05,0.0,Italy,ITA,lombardy,,,Windows-11-10.0.26200-SP0,3.13.13,3.2.6,32,13th Gen Intel(R) Core(TM) i9-13900HX,1,1 x NVIDIA GeForce RTX 4070 Laptop GPU,9.1922,45.4722,31.70067596435547,machine,16.666666666666668,53.66666666666666,34.333333333333336,10.887645721435549,N,1.0,0.0
2026-05-04T20:53:56,Q360_qwen2.5:7b_SQuAD,7605a536-a3c1-4012-846e-5d1b071103ad,5b0fa12a-3dd7-45bb-9766-cc326314d9f1,5.4932551000019885,3.281114212348654e-05,5.97298714990947e-06,12.8422465472,35.185403360533584,20.0,1.78043878750649e-05,5.3681154055990055e-05,2.7726300555554594e-05,9.921184248660957e-05,0.0,Italy,ITA,lombardy,,,Windows-11-10.0.26200-SP0,3.13.13,3.2.6,32,13th Gen Intel(R) Core(TM) i9-13900HX,1,1 x NVIDIA GeForce RTX 4070 Laptop GPU,9.1922,45.4722,31.70067596435547,machine,0.0,16.0,34.766666666666666,11.021963755289711,N,1.0,0.0
2026-05-04T20:54:07,Q360_mistral:latest _SQuAD,319d3c69-0242-4700-90ea-a2c81274e505,5b0fa12a-3dd7-45bb-9766-cc326314d9f1,6.102025899999717,4.182331674044503e-05,6.854005116636259e-06,12.863787069440002,44.4619471701109,20.0,2.00087260386693e-05,7.534561583197319e-05,3.110783055554849e-05,0.0001264621724261,0.0,Italy,ITA,lombardy,,,Windows-11-10.0.26200-SP0,3.13.13,3.2.6,32,13th Gen Intel(R) Core(TM) i9-13900HX,1,1 x NVIDIA GeForce RTX 4070 Laptop GPU,9.1922,45.4722,31.70067596435547,machine,0.0,62.25,34.55,10.955853462219238,N,1.0,0.0
2026-05-04T20:54:29,Q361_phi3:mini_GSM8K,a33671b1-8f3a-402c-a74f-2e57bf9d3829,5b0fa12a-3dd7-45bb-9766-cc326314d9f1,6.614061799999035,5.151255830219231e-05,7.788339428911872e-06,12.837806720000003,54.44302106305648,20.0,2.1795898801328185e-05,0.0001000092466739,3.3954620555555774e-05,0.0001557597660308,0.0,Italy,ITA,lombardy,,,Windows-11-10.0.26200-SP0,3.13.13,3.2.6,32,13th Gen Intel(R) Core(TM) i9-13900HX,1,1 x NVIDIA GeForce RTX 4070 Laptop GPU,9.1922,45.4722,31.70067596435547,machine,13.34,68.0,34.36,10.89349365234375,N,1.0,0.0
2026-05-04T20:54:56,Q361_qwen2.5:7b_GSM8K,a4690535-2371-4c64-902d-d4b2ac0c4f99,5b0fa12a-3dd7-45bb-9766-cc326314d9f1,11.976551600004314,0.0001026163139226,8.568101850173743e-06,12.834405851927274,61.81484098774735,20.0,4.090678768541831e-05,0.0002056326645059,6.374397333335462e-05,0.0003102834255247,0.0,Italy,ITA,lombardy,,,Windows-11-10.0.26200-SP0,3.13.13,3.2.6,32,13th Gen Intel(R) Core(TM) i9-13900HX,1,1 x NVIDIA GeForce RTX 4070 Laptop GPU,9.1922,45.4722,31.70067596435547,machine,0.0,73.0,35.480000000000004,11.236290740966798,N,1.0,0.0
2026-05-04T20:55:23,Q361_mistral:latest _GSM8K,141ddfc1-a07d-4444-949c-60890d652998,5b0fa12a-3dd7-45bb-9766-cc326314d9f1,11.76554120000219,0.0001108760370522,9.423794041214434e-06,12.82394286429091,71.2654273438874,20.0,4.008052026863583e-05,0.0002326701861359,6.250784333335306e-05,0.0003352585497379,0.0,Italy,ITA,lombardy,,,Windows-11-10.0.26200-SP0,3.13.13,3.2.6,32,13th Gen Intel(R) Core(TM) i9-13900HX,1,1 x NVIDIA GeForce RTX 4070 Laptop GPU,9.1922,45.4722,31.70067596435547,machine,0.0,83.8,34.809999999999995,11.035562133789062,N,1.0,0.0
2026-05-04T20:55:43,Q362_phi3:mini_SQuAD,fcf05f42-20d1-4182-a333-4225b2226b0d,5b0fa12a-3dd7-45bb-9766-cc326314d9f1,5.187454499995511,3.519811632751853e-05,6.7852385649934845e-06,12.846428883200002,44.196406097346255,20.0,1.6721289733486024e-05,6.367643983001825e-05,2.6031664444437613e-05,0.0001064293940079,0.0,Italy,ITA,lombardy,,,Windows-11-10.0.26200-SP0,3.13.13,3.2.6,32,13th Gen Intel(R) Core(TM) i9-13900HX,1,1 x NVIDIA GeForce RTX 4070 Laptop GPU,9.1922,45.4722,31.70067596435547,machine,0.0,47.0,34.666666666666664,10.985759735107422,N,1.0,0.0
2026-05-04T20:56:04,Q362_qwen2.5:7b_SQuAD,17375fae-4510-40f3-b7ac-6b3bb0db2788,5b0fa12a-3dd7-45bb-9766-cc326314d9f1,5.836671099998057,3.622989812363945e-05,6.207287939121927e-06,12.833242042880002,37.56446248697297,20.0,1.901736214879423e-05,6.0895326493976e-05,2.963652888890162e-05,0.0001095492175316,0.0,Italy,ITA,lombardy,,,Windows-11-10.0.26200-SP0,3.13.13,3.2.6,32,13th Gen Intel(R) Core(TM) i9-13900HX,1,1 x NVIDIA GeForce RTX 4070 Laptop GPU,9.1922,45.4722,31.70067596435547,machine,0.0,34.75,34.85,11.045540809631348,N,1.0,0.0
2026-05-04T20:56:15,Q362_mistral:latest _SQuAD,ecdd4eb0-608f-4cdd-b240-4c5d4433b07c,5b0fa12a-3dd7-45bb-9766-cc326314d9f1,6.250647399996524,4.809807631448181e-05,7.694895142302949e-06,12.8518116608,53.55276743998945,20.0,2.0523592819289256e-05,9.29736854899943e-05,3.193803611110424e-05,0.0001454353144203,0.0,Italy,ITA,lombardy,,,Windows-11-10.0.26200-SP0,3.13.13,3.2.6,32,13th Gen Intel(R) Core(TM) i9-13900HX,1,1 x NVIDIA GeForce RTX 4070 Laptop GPU,9.1922,45.4722,31.70067596435547,machine,0.0,63.75,34.575,10.961090087890623,N,1.0,0.0
2026-05-04T20:56:37,Q363_phi3:mini_HumanEval,7c4147f7-139d-4160-b618-eb7bd114374c,5b0fa12a-3dd7-45bb-9766-cc326314d9f1,6.548647199997504,4.86183652032565e-05,7.424184525206218e-06,12.8301813824,50.50465357986174,20.0,2.155171600295064e-05,9.186257348997584e-05,3.359423500001463e-05,0.0001470085244929,0.0,Italy,ITA,lombardy,,,Windows-11-10.0.26200-SP0,3.13.13,3.2.6,32,13th Gen Intel(R) Core(TM) i9-13900HX,1,1 x NVIDIA GeForce RTX 4070 Laptop GPU,9.1922,45.4722,31.70067596435547,machine,0.0,68.2,34.32,10.881226348876954,N,1.0,0.0
2026-05-04T20:57:04,Q363_qwen2.5:7b_HumanEval,39e529ff-e34b-4bfb-9258-59afcbd36a83,5b0fa12a-3dd7-45bb-9766-cc326314d9f1,12.503612900000007,0.0001052120763604,8.414534039230224e-06,12.824958802618182,60.097442288708486,20.0,4.275372476922591e-05,0.000208707389188,6.667118111108721e-05,0.0003181322950683,0.0,Italy,ITA,lombardy,,,Windows-11-10.0.26200-SP0,3.13.13,3.2.6,32,13th Gen Intel(R) Core(TM) i9-13900HX,1,1 x NVIDIA GeForce RTX 4070 Laptop GPU,9.1922,45.4722,31.70067596435547,machine,0.0,72.4,35.17,11.144303131103516,N,1.0,0.0
2026-05-04T20:57:30,Q363_mistral:latest _HumanEval,ada3205d-16b2-448f-b8a9-86bf43f7af24,5b0fa12a-3dd7-45bb-9766-cc326314d9f1,10.90325650000159,9.719545792947369e-05,8.914351224284187e-06,12.84247572608,65.71406452636704,20.0,3.710365930608699e-05,0.000199007381428,5.778121166666905e-05,0.0002938922524007,0.0,Italy,ITA,lombardy,,,Windows-11-10.0.26200-SP0,3.13.13,3.2.6,32,13th Gen Intel(R) Core(TM) i9-13900HX,1,1 x NVIDIA GeForce RTX 4070 Laptop GPU,9.1922,45.4722,31.70067596435547,machine,0.0,83.33333333333333,34.666666666666664,10.989793565538196,N,1.0,0.0
2026-05-04T20:57:55,Q364_phi3:mini_GSM8K,10050c6e-5d79-48ad-89e2-8209656444df,5b0fa12a-3dd7-45bb-9766-cc326314d9f1,9.205961300001944,8.065347039930505e-05,8.761004719766529e-06,12.8218029824,64.3412876780379,20.0,3.099930654968832e-05,0.000164521242728,4.835329611111472e-05,0.0002438738453888,0.0,Italy,ITA,lombardy,,,Windows-11-10.0.26200-SP0,3.13.13,3.2.6,32,13th Gen Intel(R) Core(TM) i9-13900HX,1,1 x NVIDIA GeForce RTX 4070 Laptop GPU,9.1922,45.4722,31.70067596435547,machine,0.0,77.71428571428571,34.5,10.93470219203404,N,1.0,0.0
2026-05-04T20:58:25,Q364_qwen2.5:7b_GSM8K,3f082770-e49a-42d7-bae9-cf29317b1027,5b0fa12a-3dd7-45bb-9766-cc326314d9f1,15.197994800000744,0.0001350042707699,8.883031777980358e-06,12.825281290057148,64.9640568091631,20.0,5.23519880957525e-05,0.0002742257749359,8.163790944446293e-05,0.0004082156724762,0.0,Italy,ITA,lombardy,,,Windows-11-10.0.26200-SP0,3.13.13,3.2.6,32,13th Gen Intel(R) Core(TM) i9-13900HX,1,1 x NVIDIA GeForce RTX 4070 Laptop GPU,9.1922,45.4722,31.70067596435547,machine,0.0,78.0,35.36153846153846,11.212657048152042,N,1.0,0.0
2026-05-04T20:58:53,Q364_mistral:latest _GSM8K,c19a98fb-c26c-4e88-89f5-0e2bbcca96c4,5b0fa12a-3dd7-45bb-9766-cc326314d9f1,12.896322699998564,0.0001262951077238,9.793110071898098e-06,12.8278736192,75.06208964645498,20.0,4.4160392507118805e-05,0.0002688718817639,6.884929166666957e-05,0.0003818815659377,0.0,Italy,ITA,lombardy,,,Windows-11-10.0.26200-SP0,3.13.13,3.2.6,32,13th Gen Intel(R) Core(TM) i9-13900HX,1,1 x NVIDIA GeForce RTX 4070 Laptop GPU,9.1922,45.4722,31.70067596435547,machine,0.0,88.18181818181819,34.60909090909091,10.981508428400211,N,1.0,0.0
2026-05-04T20:59:14,Q365_phi3:mini_HumanEval,fc3c09ce-0eab-4026-aa1b-500c0ace6087,5b0fa12a-3dd7-45bb-9766-cc326314d9f1,5.290205399993283,3.915658149118021e-05,7.401712888355889e-06,12.8489209184,50.90961185907353,20.0,1.7076118105985936e-05,7.474422646197576e-05,2.657835611110689e-05,0.000118398700679,0.0,Italy,ITA,lombardy,,,Windows-11-10.0.26200-SP0,3.13.13,3.2.6,32,13th Gen Intel(R) Core(TM) i9-13900HX,1,1 x NVIDIA GeForce RTX 4070 Laptop GPU,9.1922,45.4722,31.70067596435547,machine,0.0,52.333333333333336,34.6,10.96762466430664,N,1.0,0.0
2026-05-04T20:59:41,Q365_qwen2.5:7b_HumanEval,d652428a-9c18-41bf-b871-01b65dedf841,5b0fa12a-3dd7-45bb-9766-cc326314d9f1,12.653584599996975,0.0001075719588857,8.501303171102632e-06,12.825556745600002,61.02633954622677,20.0,4.328794057710236e-05,0.000214479060472,6.750092777777658e-05,0.0003252679288268,0.0,Italy,ITA,lombardy,,,Windows-11-10.0.26200-SP0,3.13.13,3.2.6,32,13th Gen Intel(R) Core(TM) i9-13900HX,1,1 x NVIDIA GeForce RTX 4070 Laptop GPU,9.1922,45.4722,31.70067596435547,machine,0.0,66.9090909090909,35.50909090909091,11.25299141623757,N,1.0,0.0
2026-05-04T21:00:09,Q365_mistral:latest _HumanEval,f3a4ce0c-f475-4132-aae0-d3be0f63485c,5b0fa12a-3dd7-45bb-9766-cc326314d9f1,12.91195369999332,0.0001274946935433,9.874159751938256e-06,12.8275493504,75.93700209300104,20.0,4.421918299410117e-05,0.000272346606766,6.894299277777868e-05,0.0003855087825378,0.0,Italy,ITA,lombardy,,,Windows-11-10.0.26200-SP0,3.13.13,3.2.6,32,13th Gen Intel(R) Core(TM) i9-13900HX,1,1 x NVIDIA GeForce RTX 4070 Laptop GPU,9.1922,45.4722,31.70067596435547,machine,0.0,76.0,34.8,11.030036579478873,N,1.0,0.0
2026-05-04T21:00:30,Q366_phi3:mini_HumanEval,46ca5fe5-36bb-4d8f-a115-c12200493f0b,5b0fa12a-3dd7-45bb-9766-cc326314d9f1,5.553083200000401,3.7723905216416274e-05,6.7933261321230605e-06,12.83910496256,44.08777219740564,20.0,1.801406955966442e-05,6.799283217204244e-05,2.8059781111126843e-05,0.0001140666828428,0.0,Italy,ITA,lombardy,,,Windows-11-10.0.26200-SP0,3.13.13,3.2.6,32,13th Gen Intel(R) Core(TM) i9-13900HX,1,1 x NVIDIA GeForce RTX 4070 Laptop GPU,9.1922,45.4722,31.70067596435547,machine,0.0,63.0,34.575,10.956555366516112,N,1.0,0.0
2026-05-04T21:00:59,Q366_qwen2.5:7b_HumanEval,ab0afb1c-8f3c-4e3c-ba3b-e5f0e7f7b7b0,5b0fa12a-3dd7-45bb-9766-cc326314d9f1,13.514449800000875,0.0001182710773483,8.751453377577675e-06,12.8297610944,63.65650448206601,20.0,4.637431154254598e-05,0.0002389540800519,7.229072000001097e-05,0.0003576191115945,0.0,Italy,ITA,lombardy,,,Windows-11-10.0.26200-SP0,3.13.13,3.2.6,32,13th Gen Intel(R) Core(TM) i9-13900HX,1,1 x NVIDIA GeForce RTX 4070 Laptop GPU,9.1922,45.4722,31.70067596435547,machine,0.0,74.36363636363636,35.300000000000004,11.197892275723545,N,1.0,0.0
2026-05-04T21:01:22,Q366_mistral:latest _HumanEval,8c69dbe5-324f-41a3-a143-08d78e30c2cd,5b0fa12a-3dd7-45bb-9766-cc326314d9f1,8.05203430000256,6.843360859238108e-05,8.498921644230864e-06,12.82351253394286,61.74086774691055,20.0,2.689531101645312e-05,0.0001380831660219,4.194587722223434e-05,0.0002069243542606,0.0,Italy,ITA,lombardy,,,Windows-11-10.0.26200-SP0,3.13.13,3.2.6,32,13th Gen Intel(R) Core(TM) i9-13900HX,1,1 x NVIDIA GeForce RTX 4070 Laptop GPU,9.1922,45.4722,31.70067596435547,machine,0.0,73.33333333333333,34.733333333333334,11.01554807027181,N,1.0,0.0
2026-05-04T21:01:42,Q367_phi3:mini_MMLU,5efb683c-133e-49e8-8232-1aaacc03863f,5b0fa12a-3dd7-45bb-9766-cc326314d9f1,4.548103799999808,3.0891442635599695e-05,6.792158665244403e-06,12.8365980608,44.76476423484229,20.0,1.442106892297518e-05,5.65183785480039e-05,2.246775333333062e-05,9.34072008043097e-05,0.0,Italy,ITA,lombardy,,,Windows-11-10.0.26200-SP0,3.13.13,3.2.6,32,13th Gen Intel(R) Core(TM) i9-13900HX,1,1 x NVIDIA GeForce RTX 4070 Laptop GPU,9.1922,45.4722,31.70067596435547,machine,0.0,1.5,34.46666666666667,10.93175760904948,N,1.0,0.0
2026-05-04T21:02:04,Q367_qwen2.5:7b_MMLU,153d66cf-a716-4962-b90c-a82a39a8d22d,5b0fa12a-3dd7-45bb-9766-cc326314d9f1,7.437851499998942,4.926948034556493e-05,6.6241548847233546e-06,12.8456865728,41.51644848411721,20.0,2.473741570777277e-05,8.572617969196394e-05,3.851372166666099e-05,0.0001489773170663,0.0,Italy,ITA,lombardy,,,Windows-11-10.0.26200-SP0,3.13.13,3.2.6,32,13th Gen Intel(R) Core(TM) i9-13900HX,1,1 x NVIDIA GeForce RTX 4070 Laptop GPU,9.1922,45.4722,31.70067596435547,machine,0.0,46.4,35.18,11.153572082519531,N,1.0,0.0
2026-05-04T21:02:15,Q367_mistral:latest _MMLU,ae9ae899-e013-42cf-8bcf-0a3da084986e,5b0fa12a-3dd7-45bb-9766-cc326314d9f1,5.830606700001226,3.8857589701422815e-05,6.664416192128796e-06,12.830590784,42.54489644581936,20.0,1.899272186879532e-05,6.889755511801932e-05,2.960435500002253e-05,0.0001174946319868,0.0,Italy,ITA,lombardy,,,Windows-11-10.0.26200-SP0,3.13.13,3.2.6,32,13th Gen Intel(R) Core(TM) i9-13900HX,1,1 x NVIDIA GeForce RTX 4070 Laptop GPU,9.1922,45.4722,31.70067596435547,machine,0.0,61.5,34.7,11.000182151794434,N,1.0,0.0
2026-05-04T21:02:35,Q368_phi3:mini_SQuAD,162948f0-991c-43e1-a099-8ea734841006,5b0fa12a-3dd7-45bb-9766-cc326314d9f1,4.4736237000033725,3.0500457897536195e-05,6.817841629709088e-06,12.8561679488,45.078184461277615,20.0,1.4178826577582266e-05,5.5989489236019097e-05,2.205665500001083e-05,9.22249708136122e-05,0.0,Italy,ITA,lombardy,,,Windows-11-10.0.26200-SP0,3.13.13,3.2.6,32,13th Gen Intel(R) Core(TM) i9-13900HX,1,1 x NVIDIA GeForce RTX 4070 Laptop GPU,9.1922,45.4722,31.70067596435547,machine,0.0,0.5,34.4,10.900571823120115,N,1.0,0.0
2026-05-04T21:02:45,Q368_qwen2.5:7b_SQuAD,ed3b0a67-be9f-4c0e-bf78-9d1b2c4ac0b5,5b0fa12a-3dd7-45bb-9766-cc326314d9f1,5.703400400001556,3.230105453571156e-05,5.663473063490817e-06,12.845624936960002,31.706488949448456,20.0,1.855661315658571e-05,5.0221984622012e-05,2.889088055554668e-05,9.766947833414438e-05,0.0,Italy,ITA,lombardy,,,Windows-11-10.0.26200-SP0,3.13.13,3.2.6,32,13th Gen Intel(R) Core(TM) i9-13900HX,1,1 x NVIDIA GeForce RTX 4070 Laptop GPU,9.1922,45.4722,31.70067596435547,machine,14.275,6.75,34.9,11.072091102600098,N,1.0,0.0
2026-05-04T21:02:55,Q368_mistral:latest _SQuAD,8e1937dc-f2ce-4f00-baca-d9b34a4c2140,5b0fa12a-3dd7-45bb-9766-cc326314d9f1,4.389565599994967,2.5250666587819485e-05,5.752429485926452e-06,12.8530212608,33.530828513619724,20.0,1.3878805178361542e-05,4.087753270198835e-05,2.159471222221328e-05,7.635105010256316e-05,0.0,Italy,ITA,lombardy,,,Windows-11-10.0.26200-SP0,3.13.13,3.2.6,32,13th Gen Intel(R) Core(TM) i9-13900HX,1,1 x NVIDIA GeForce RTX 4070 Laptop GPU,9.1922,45.4722,31.70067596435547,machine,0.0,27.0,34.599999999999994,10.964910507202148,N,1.0,0.0
2026-05-04T21:03:09,Q369_phi3:mini_HellaSwag,f0525b83-23ed-4dc0-b2c4-6535d29a6dc7,5b0fa12a-3dd7-45bb-9766-cc326314d9f1,9.173920200002613,8.068576811439173e-05,8.795124260440892e-06,12.8288904464,64.71119521025686,20.0,3.090410396893225e-05,0.0001648898541339,4.8177546666678006e-05,0.0002439715047695,0.0,Italy,ITA,lombardy,,,Windows-11-10.0.26200-SP0,3.13.13,3.2.6,32,13th Gen Intel(R) Core(TM) i9-13900HX,1,1 x NVIDIA GeForce RTX 4070 Laptop GPU,9.1922,45.4722,31.70067596435547,machine,0.0,79.28571428571429,34.58571428571429,10.96318817138672,N,1.0,0.0
2026-05-04T21:03:31,Q369_qwen2.5:7b_HellaSwag,3d0a5a95-8601-4580-8bc5-dbbb53b7fa88,5b0fa12a-3dd7-45bb-9766-cc326314d9f1,7.147332999993523,5.1546738197664425e-05,7.212024149107245e-06,12.8577996032,47.96152544618424,20.0,2.373449765924881e-05,9.5211187279981e-05,3.691743166665321e-05,0.0001558631166058,0.0,Italy,ITA,lombardy,,,Windows-11-10.0.26200-SP0,3.13.13,3.2.6,32,13th Gen Intel(R) Core(TM) i9-13900HX,1,1 x NVIDIA GeForce RTX 4070 Laptop GPU,9.1922,45.4722,31.70067596435547,machine,0.0,47.8,35.5,11.25772171020508,N,1.0,0.0
2026-05-04T21:03:51,Q369_mistral:latest _HellaSwag,497fa4f1-5baa-4bee-9ae3-9a91d8656181,5b0fa12a-3dd7-45bb-9766-cc326314d9f1,5.024430400000711,3.033327140278366e-05,6.03715625213544e-06,12.861672176,36.144427838495325,20.0,1.6157428511637067e-05,5.0438651461981454e-05,2.5123364999995428e-05,9.171944497361397e-05,0.0,Italy,ITA,lombardy,,,Windows-11-10.0.26200-SP0,3.13.13,3.2.6,32,13th Gen Intel(R) Core(TM) i9-13900HX,1,1 x NVIDIA GeForce RTX 4070 Laptop GPU,9.1922,45.4722,31.70067596435547,machine,0.0,50.333333333333336,35.0,11.090225219726562,N,1.0,0.0
2026-05-04T21:04:02,Q370_phi3:mini_SQuAD,44ffedd4-237c-4c9a-b351-b5f8e77bcb70,5b0fa12a-3dd7-45bb-9766-cc326314d9f1,5.688294699997641,4.149453864452365e-05,7.294723785063536e-06,12.82905344,49.487861740144105,20.0,1.8480518395911524e-05,7.817867365397801e-05,2.880884611109246e-05,0.0001254680381609,0.0,Italy,ITA,lombardy,,,Windows-11-10.0.26200-SP0,3.13.13,3.2.6,32,13th Gen Intel(R) Core(TM) i9-13900HX,1,1 x NVIDIA GeForce RTX 4070 Laptop GPU,9.1922,45.4722,31.70067596435547,machine,0.0,50.25,34.85,11.051326751708984,N,1.0,0.0
2026-05-04T21:04:23,Q370_qwen2.5:7b_SQuAD,bc072a26-f45f-4b14-8668-04a42724fc45,5b0fa12a-3dd7-45bb-9766-cc326314d9f1,5.822890000003099,3.555016654545815e-05,6.105244396758179e-06,12.850598374400002,36.44480015380189,20.0,1.89937262642625e-05,5.8940880485996994e-05,2.9559290000017628e-05,0.0001074938967502,0.0,Italy,ITA,lombardy,,,Windows-11-10.0.26200-SP0,3.13.13,3.2.6,32,13th Gen Intel(R) Core(TM) i9-13900HX,1,1 x NVIDIA GeForce RTX 4070 Laptop GPU,9.1922,45.4722,31.70067596435547,machine,0.0,37.0,35.05,11.099154472351074,N,1.0,0.0
2026-05-04T21:04:32,Q370_mistral:latest _SQuAD,86ae1fdb-1ecf-47b0-896b-ea3a1b69371a,5b0fa12a-3dd7-45bb-9766-cc326314d9f1,4.622372899997572,2.6616749268443145e-05,5.75824362168122e-06,12.833111763200003,33.41717520819498,20.0,1.468931907132176e-05,4.290058987602152e-05,2.289179833331016e-05,8.048170728065344e-05,0.0,Italy,ITA,lombardy,,,Windows-11-10.0.26200-SP0,3.13.13,3.2.6,32,13th Gen Intel(R) Core(TM) i9-13900HX,1,1 x NVIDIA GeForce RTX 4070 Laptop GPU,9.1922,45.4722,31.70067596435547,machine,0.0,0.3333333333333333,34.63333333333333,10.986044565836588,N,1.0,0.0
2026-05-04T21:04:44,Q371_phi3:mini_SQuAD,ea903f61-e2b6-4422-b55d-d36b01bf4713,5b0fa12a-3dd7-45bb-9766-cc326314d9f1,6.191454399995564,4.492924553607596e-05,7.256654516604071e-06,12.833731712,48.82846015241214,20.0,2.028115157186399e-05,8.396756717399256e-05,3.160492555556024e-05,0.0001358536443014,0.0,Italy,ITA,lombardy,,,Windows-11-10.0.26200-SP0,3.13.13,3.2.6,32,13th Gen Intel(R) Core(TM) i9-13900HX,1,1 x NVIDIA GeForce RTX 4070 Laptop GPU,9.1922,45.4722,31.70067596435547,machine,0.0,60.5,34.5,10.938434600830078,N,1.0,0.0
2026-05-04T21:05:05,Q371_qwen2.5:7b_SQuAD,81b15b12-3b99-4c38-8c4e-123150f88d9c,5b0fa12a-3dd7-45bb-9766-cc326314d9f1,5.998202400005539,3.508117287115062e-05,5.848614390057632e-06,12.842592204800004,33.5725589035384,20.0,1.9608726177466093e-05,5.593143363402664e-05,3.053562944446134e-05,0.0001060757892559,0.0,Italy,ITA,lombardy,,,Windows-11-10.0.26200-SP0,3.13.13,3.2.6,32,13th Gen Intel(R) Core(TM) i9-13900HX,1,1 x NVIDIA GeForce RTX 4070 Laptop GPU,9.1922,45.4722,31.70067596435547,machine,0.0,12.0,34.95,11.087553977966309,N,1.0,0.0
2026-05-04T21:05:14,Q371_mistral:latest _SQuAD,09fcbc58-036e-49e4-95c3-19d4c376d779,5b0fa12a-3dd7-45bb-9766-cc326314d9f1,4.651674599997932,3.0225084908043185e-05,6.497678257214428e-06,12.856548944000002,41.43366069940588,20.0,1.4817056591910292e-05,5.352698726598937e-05,2.304827499998889e-05,9.139231885788856e-05,0.0,Italy,ITA,lombardy,,,Windows-11-10.0.26200-SP0,3.13.13,3.2.6,32,13th Gen Intel(R) Core(TM) i9-13900HX,1,1 x NVIDIA GeForce RTX 4070 Laptop GPU,9.1922,45.4722,31.70067596435547,machine,0.0,3.333333333333333,34.7,11.000855763753256,N,1.0,0.0
2026-05-04T21:05:39,Q372_phi3:mini_HellaSwag,9da89e0a-f47a-4748-ae96-7defbf3f397f,5b0fa12a-3dd7-45bb-9766-cc326314d9f1,9.177684299997054,7.786611149259634e-05,8.484287424510923e-06,12.8274952592,61.32872327662808,20.0,3.0913082019828294e-05,0.0001563354028459,4.819715611107919e-05,0.0002354456409768,0.0,Italy,ITA,lombardy,,,Windows-11-10.0.26200-SP0,3.13.13,3.2.6,32,13th Gen Intel(R) Core(TM) i9-13900HX,1,1 x NVIDIA GeForce RTX 4070 Laptop GPU,9.1922,45.4722,31.70067596435547,machine,0.0,76.14285714285714,34.48571428571429,10.930186135428292,N,1.0,0.0
2026-05-04T21:06:01,Q372_qwen2.5:7b_HellaSwag,1bbc6c51-b48b-43ff-bff7-fb847518b1de,5b0fa12a-3dd7-45bb-9766-cc326314d9f1,7.579475099999399,5.249612235443402e-05,6.926089427279493e-06,12.833136374857144,44.73792170518919,20.0,2.523088649667545e-05,9.418285312398632e-05,3.932005277779859e-05,0.0001587337923984,0.0,Italy,ITA,lombardy,,,Windows-11-10.0.26200-SP0,3.13.13,3.2.6,32,13th Gen Intel(R) Core(TM) i9-13900HX,1,1 x NVIDIA GeForce RTX 4070 Laptop GPU,9.1922,45.4722,31.70067596435547,machine,0.0,40.333333333333336,35.21666666666667,11.164495468139648,N,1.0,0.0
2026-05-04T21:06:21,Q372_mistral:latest _HellaSwag,84c763ad-dc20-44f6-b376-bac781bc71cb,5b0fa12a-3dd7-45bb-9766-cc326314d9f1,4.72084100000211,2.948083834737461e-05,6.2448276371437695e-06,12.8497161152,38.654202392675394,20.0,1.5052404814379496e-05,5.066254052998875e-05,2.342697722221298e-05,8.914192256658123e-05,0.0,Italy,ITA,lombardy,,,Windows-11-10.0.26200-SP0,3.13.13,3.2.6,32,13th Gen Intel(R) Core(TM) i9-13900HX,1,1 x NVIDIA GeForce RTX 4070 Laptop GPU,9.1922,45.4722,31.70067596435547,machine,0.0,51.0,34.666666666666664,10.990206400553385,N,1.0,0.0
2026-05-04T21:06:32,Q373_phi3:mini_HellaSwag,6f6179ee-3f9d-43b6-ad2f-6f81668e239e,5b0fa12a-3dd7-45bb-9766-cc326314d9f1,5.740525599998364,4.255324856124098e-05,7.412779164551257e-06,12.84760220672,50.7751671643784,20.0,1.868301239300139e-05,8.090284249998025e-05,2.9083430000011705e-05,0.0001286692848929,0.0,Italy,ITA,lombardy,,,Windows-11-10.0.26200-SP0,3.13.13,3.2.6,32,13th Gen Intel(R) Core(TM) i9-13900HX,1,1 x NVIDIA GeForce RTX 4070 Laptop GPU,9.1922,45.4722,31.70067596435547,machine,0.0,50.0,34.475,10.935662269592283,N,1.0,0.0
2026-05-04T21:06:54,Q373_qwen2.5:7b_HellaSwag,29856ad8-d91e-4486-b031-aaef1b1635e9,5b0fa12a-3dd7-45bb-9766-cc326314d9f1,6.545227900001919,4.21262351461114e-05,6.436175453279335e-06,12.850247313920002,39.74009162745382,20.0,2.156924577400557e-05,7.22403355699619e-05,3.356853277776584e-05,0.0001273781141217,0.0,Italy,ITA,lombardy,,,Windows-11-10.0.26200-SP0,3.13.13,3.2.6,32,13th Gen Intel(R) Core(TM) i9-13900HX,1,1 x NVIDIA GeForce RTX 4070 Laptop GPU,9.1922,45.4722,31.70067596435547,machine,0.0,36.0,35.025,11.106657028198242,N,1.0,0.0
2026-05-04T21:07:14,Q373_mistral:latest _HellaSwag,c7b19dee-e538-4173-a7bf-0d1df65370e0,5b0fa12a-3dd7-45bb-9766-cc326314d9f1,5.015510899997025,3.112846588957741e-05,6.206439684857603e-06,12.8447346944,38.00897107386521,20.0,1.610406471520892e-05,5.294643124600929e-05,2.507339777779028e-05,9.41238937390085e-05,0.0,Italy,ITA,lombardy,,,Windows-11-10.0.26200-SP0,3.13.13,3.2.6,32,13th Gen Intel(R) Core(TM) i9-13900HX,1,1 x NVIDIA GeForce RTX 4070 Laptop GPU,9.1922,45.4722,31.70067596435547,machine,0.0,55.333333333333336,34.6,10.971822102864584,N,1.0,0.0
2026-05-04T21:07:28,Q374_phi3:mini_HellaSwag,eed6b62e-332d-4ff4-afd9-cb43d9a27905,5b0fa12a-3dd7-45bb-9766-cc326314d9f1,9.180455100002291,7.853648761453272e-05,8.554748839685857e-06,12.8560198448,62.09154706567812,20.0,3.0984197364928986e-05,0.00015828762663,4.820084944444211e-05,0.0002374726734394,0.0,Italy,ITA,lombardy,,,Windows-11-10.0.26200-SP0,3.13.13,3.2.6,32,13th Gen Intel(R) Core(TM) i9-13900HX,1,1 x NVIDIA GeForce RTX 4070 Laptop GPU,9.1922,45.4722,31.70067596435547,machine,0.0,71.14285714285714,34.65714285714286,10.990510668073382,N,1.0,0.0
2026-05-04T21:07:51,Q374_qwen2.5:7b_HellaSwag,30bdcd5c-5c3a-4aa7-8dad-2872b62c26fb,5b0fa12a-3dd7-45bb-9766-cc326314d9f1,7.527140900005179,5.111574753786158e-05,6.790858337436783e-06,12.833406694400002,43.28736978536691,20.0,2.5042065683237995e-05,9.049257239399088e-05,3.902528166666647e-05,0.0001545599197438,0.0,Italy,ITA,lombardy,,,Windows-11-10.0.26200-SP0,3.13.13,3.2.6,32,13th Gen Intel(R) Core(TM) i9-13900HX,1,1 x NVIDIA GeForce RTX 4070 Laptop GPU,9.1922,45.4722,31.70067596435547,machine,0.0,49.6,35.4,11.219261932373048,N,1.0,0.0
2026-05-04T21:08:11,Q374_mistral:latest _HellaSwag,674d02a2-8973-45a5-a4c4-30af5191cafc,5b0fa12a-3dd7-45bb-9766-cc326314d9f1,5.2822364999956335,3.46409696180154e-05,6.558011860704086e-06,12.8411977952,41.6747084076022,20.0,1.7050521030451627e-05,6.113949335601054e-05,2.6554721666656813e-05,0.0001047447360531,0.0,Italy,ITA,lombardy,,,Windows-11-10.0.26200-SP0,3.13.13,3.2.6,32,13th Gen Intel(R) Core(TM) i9-13900HX,1,1 x NVIDIA GeForce RTX 4070 Laptop GPU,9.1922,45.4722,31.70067596435547,machine,0.0,50.0,34.93333333333334,11.075515747070312,N,1.0,0.0
2026-05-04T21:08:22,Q375_phi3:mini_HellaSwag,8456ed0d-839c-4e0e-a76c-09ef54beca14,5b0fa12a-3dd7-45bb-9766-cc326314d9f1,5.762238800001796,3.861465613990621e-05,6.701328681465644e-06,12.84871241216,43.0298550721002,20.0,1.875705397742464e-05,6.880783282400826e-05,2.919518111112767e-05,0.0001167600679125,0.0,Italy,ITA,lombardy,,,Windows-11-10.0.26200-SP0,3.13.13,3.2.6,32,13th Gen Intel(R) Core(TM) i9-13900HX,1,1 x NVIDIA GeForce RTX 4070 Laptop GPU,9.1922,45.4722,31.70067596435547,machine,0.0,48.5,34.525,10.946662902832031,N,1.0,0.0
2026-05-04T21:08:43,Q375_qwen2.5:7b_HellaSwag,e265d576-c7a5-4c79-b67b-82f9aec044a3,5b0fa12a-3dd7-45bb-9766-cc326314d9f1,6.370018499997968,3.918838398944399e-05,6.152004737420541e-06,12.836556692480002,36.723551278513895,20.0,2.092401957279549e-05,6.497116308801232e-05,3.2599679999960546e-05,0.0001184948626607,0.0,Italy,ITA,lombardy,,,Windows-11-10.0.26200-SP0,3.13.13,3.2.6,32,13th Gen Intel(R) Core(TM) i9-13900HX,1,1 x NVIDIA GeForce RTX 4070 Laptop GPU,9.1922,45.4722,31.70067596435547,machine,0.0,2.75,35.0,11.094056129455566,N,1.0,0.0
2026-05-04T21:09:06,Q375_mistral:latest _HellaSwag,b5e03e4b-fdd1-4e11-ad7e-684ed4f899f4,5b0fa12a-3dd7-45bb-9766-cc326314d9f1,7.738983400005964,6.353193709679918e-05,8.209338851502152e-06,12.8348694272,58.66779939306105,20.0,2.580056040019409e-05,0.0001260992675459,4.02032238889256e-05,0.000192103051835,0.0,Italy,ITA,lombardy,,,Windows-11-10.0.26200-SP0,3.13.13,3.2.6,32,13th Gen Intel(R) Core(TM) i9-13900HX,1,1 x NVIDIA GeForce RTX 4070 Laptop GPU,9.1922,45.4722,31.70067596435547,machine,0.0,75.0,34.65,10.981852849324545,N,1.0,0.0
2026-05-04T21:09:25,Q376_phi3:mini_SQuAD,03776e2d-bda7-4e45-af0e-ba2f389ff297,5b0fa12a-3dd7-45bb-9766-cc326314d9f1,4.266466599998239,2.7323554436855828e-05,6.404258370818397e-06,12.855737331200002,40.731246287561326,20.0,1.3443448076416452e-05,4.826198305396545e-05,2.0913459999994507e-05,8.261889113037641e-05,0.0,Italy,ITA,lombardy,,,Windows-11-10.0.26200-SP0,3.13.13,3.2.6,32,13th Gen Intel(R) Core(TM) i9-13900HX,1,1 x NVIDIA GeForce RTX 4070 Laptop GPU,9.1922,45.4722,31.70067596435547,machine,0.0,48.5,34.45,10.921571731567385,N,1.0,0.0
2026-05-04T21:09:36,Q376_qwen2.5:7b_SQuAD,4a607149-6a44-4c6d-8406-c6f6ad906e3d,5b0fa12a-3dd7-45bb-9766-cc326314d9f1,5.492764800001169,2.898176424088213e-05,5.276352674135249e-06,12.873671177600002,27.568069404994468,20.0,1.7848465386889354e-05,4.205670031201536e-05,2.772769444442626e-05,8.763286014333097e-05,0.0,Italy,ITA,lombardy,,,Windows-11-10.0.26200-SP0,3.13.13,3.2.6,32,13th Gen Intel(R) Core(TM) i9-13900HX,1,1 x NVIDIA GeForce RTX 4070 Laptop GPU,9.1922,45.4722,31.70067596435547,machine,0.0,15.666666666666666,34.833333333333336,11.037311553955078,N,1.0,0.0
2026-05-04T21:09:45,Q376_mistral:latest _SQuAD,990f861a-a88f-497f-948e-473bc67c884a,5b0fa12a-3dd7-45bb-9766-cc326314d9f1,4.186192600005597,2.406503463230757e-05,5.748668762224508e-06,12.863011136000004,33.674824134656845,20.0,1.3161443713530062e-05,3.914169797999967e-05,2.046288444447176e-05,7.276602613800149e-05,0.0,Italy,ITA,lombardy,,,Windows-11-10.0.26200-SP0,3.13.13,3.2.6,32,13th Gen Intel(R) Core(TM) i9-13900HX,1,1 x NVIDIA GeForce RTX 4070 Laptop GPU,9.1922,45.4722,31.70067596435547,machine,25.0,48.5,34.5,10.926908493041992,N,1.0,0.0
2026-05-04T21:09:56,Q377_phi3:mini_GSM8K,b3312ccb-fe20-4c05-8b5a-55c5ca443735,5b0fa12a-3dd7-45bb-9766-cc326314d9f1,5.890724700002465,4.310539743476062e-05,7.317503300526432e-06,12.831563694080002,49.637740863457694,20.0,1.9203060250501662e-05,8.120562051999736e-05,2.9930150000008223e-05,0.0001303388307705,0.0,Italy,ITA,lombardy,,,Windows-11-10.0.26200-SP0,3.13.13,3.2.6,32,13th Gen Intel(R) Core(TM) i9-13900HX,1,1 x NVIDIA GeForce RTX 4070 Laptop GPU,9.1922,45.4722,31.70067596435547,machine,0.0,73.0,34.425,10.910629272460938,N,1.0,0.0
2026-05-04T21:10:21,Q377_qwen2.5:7b_GSM8K,a932bb22-8389-40fb-8a87-ae4220c550ef,5b0fa12a-3dd7-45bb-9766-cc326314d9f1,10.423482400001376,8.286448332661542e-05,7.949788769884092e-06,12.8280978688,55.2925027829124,20.0,3.535514103831735e-05,0.000160084294734,5.511990277777335e-05,0.0002505593385501,0.0,Italy,ITA,lombardy,,,Windows-11-10.0.26200-SP0,3.13.13,3.2.6,32,13th Gen Intel(R) Core(TM) i9-13900HX,1,1 x NVIDIA GeForce RTX 4070 Laptop GPU,9.1922,45.4722,31.70067596435547,machine,1.25,66.375,35.15,11.148469924926758,N,1.0,0.0
2026-05-04T21:10:44,Q377_mistral:latest _GSM8K,c245679c-c460-4215-a7c1-b9cb7b6a3291,5b0fa12a-3dd7-45bb-9766-cc326314d9f1,7.135348099996918,5.39764908281682e-05,7.564661187054283e-06,12.828859865600002,51.864437657226674,20.0,2.36291983151008e-05,0.000102743971084,3.683684888888416e-05,0.0001632100182879,0.0,Italy,ITA,lombardy,,,Windows-11-10.0.26200-SP0,3.13.13,3.2.6,32,13th Gen Intel(R) Core(TM) i9-13900HX,1,1 x NVIDIA GeForce RTX 4070 Laptop GPU,9.1922,45.4722,31.70067596435547,machine,0.0,70.0,34.54,10.945908355712891,N,1.0,0.0
2026-05-04T21:11:07,Q378_phi3:mini_MMLU,bb380cf3-a04e-4e8d-9fb6-6ab651ff54c5,5b0fa12a-3dd7-45bb-9766-cc326314d9f1,8.746127200000046,7.535225453769732e-05,8.615499502190743e-06,12.8283515984,62.84517737375296,20.0,2.93769811062095e-05,0.0001526687332459,4.5798716666670064e-05,0.0002278444310188,0.0,Italy,ITA,lombardy,,,Windows-11-10.0.26200-SP0,3.13.13,3.2.6,32,13th Gen Intel(R) Core(TM) i9-13900HX,1,1 x NVIDIA GeForce RTX 4070 Laptop GPU,9.1922,45.4722,31.70067596435547,machine,0.0,75.85714285714286,34.471428571428575,10.930921282087054,N,1.0,0.0
2026-05-04T21:11:33,Q378_qwen2.5:7b_MMLU,71873d72-737a-4611-8caf-a9e02f8ae2bc,5b0fa12a-3dd7-45bb-9766-cc326314d9f1,10.148945200002345,8.004304321840948e-05,7.886833719270745e-06,12.880386099200004,54.603463770858575,20.0,3.451519996114972e-05,0.0001539206786919,5.359220333335139e-05,0.0002420280819864,0.0,Italy,ITA,lombardy,,,Windows-11-10.0.26200-SP0,3.13.13,3.2.6,32,13th Gen Intel(R) Core(TM) i9-13900HX,1,1 x NVIDIA GeForce RTX 4070 Laptop GPU,9.1922,45.4722,31.70067596435547,machine,0.0,66.0,35.3125,11.199262142181396,N,1.0,0.0
2026-05-04T21:11:57,Q378_mistral:latest _MMLU,2654288a-168f-4a6d-8ee9-3f4907ef2882,5b0fa12a-3dd7-45bb-9766-cc326314d9f1,9.38545200000226,8.092575245876579e-05,8.622467245983071e-06,12.845297576,62.7758153066359,20.0,3.1697915863035874e-05,0.000163646797584,4.9352437777755166e-05,0.0002446971512248,0.0,Italy,ITA,lombardy,,,Windows-11-10.0.26200-SP0,3.13.13,3.2.6,32,13th Gen Intel(R) Core(TM) i9-13900HX,1,1 x NVIDIA GeForce RTX 4070 Laptop GPU,9.1922,45.4722,31.70067596435547,machine,0.0,77.57142857142857,34.81428571428571,11.029671805245536,N,1.0,0.0
2026-05-04T21:12:21,Q379_phi3:mini_GSM8K,70b1218d-6d5e-418d-8050-9a64e82b422d,5b0fa12a-3dd7-45bb-9766-cc326314d9f1,9.226955899997847,7.955748277773505e-05,8.622289262025585e-06,12.8338546448,62.823305298431386,20.0,3.1102364036126515e-05,0.0001609892954579,4.846822166667456e-05,0.0002405598811607,0.0,Italy,ITA,lombardy,,,Windows-11-10.0.26200-SP0,3.13.13,3.2.6,32,13th Gen Intel(R) Core(TM) i9-13900HX,1,1 x NVIDIA GeForce RTX 4070 Laptop GPU,9.1922,45.4722,31.70067596435547,machine,0.0,83.42857142857143,34.68571428571429,10.998399462018694,N,1.0,0.0
2026-05-04T21:12:52,Q379_qwen2.5:7b_GSM8K,9b58c0ab-52a5-41fb-99db-5a07170000f8,5b0fa12a-3dd7-45bb-9766-cc326314d9f1,15.28485350000119,0.0001340272081696,8.768628902436279e-06,12.83141888274286,63.70777636893113,20.0,5.268644500848631e-05,0.0002704549385859,8.211992111108784e-05,0.0004052613047055,0.0,Italy,ITA,lombardy,,,Windows-11-10.0.26200-SP0,3.13.13,3.2.6,32,13th Gen Intel(R) Core(TM) i9-13900HX,1,1 x NVIDIA GeForce RTX 4070 Laptop GPU,9.1922,45.4722,31.70067596435547,machine,0.0,76.0,35.238461538461536,11.168741372915417,N,1.0,0.0
2026-05-04T21:13:15,Q379_mistral:latest _GSM8K,8ca274ad-c72f-4b39-93bc-9a63362a7275,5b0fa12a-3dd7-45bb-9766-cc326314d9f1,8.19142660000216,6.573400671868018e-05,8.024732434111398e-06,12.84057245257143,56.59072063730152,20.0,2.7406558306745434e-05,0.0001286681584899,4.268678611111278e-05,0.0001987615029078,0.0,Italy,ITA,lombardy,,,Windows-11-10.0.26200-SP0,3.13.13,3.2.6,32,13th Gen Intel(R) Core(TM) i9-13900HX,1,1 x NVIDIA GeForce RTX 4070 Laptop GPU,9.1922,45.4722,31.70067596435547,machine,0.0,67.16666666666667,34.63333333333333,10.986425399780272,N,1.0,0.0
2026-05-04T21:13:35,Q380_phi3:mini_SQuAD,d405c2ac-2d20-4ff7-86eb-e309956f35d3,5b0fa12a-3dd7-45bb-9766-cc326314d9f1,4.856399299998884,3.299206904586215e-05,6.793524792302341e-06,12.835350387200002,44.52241806061415,20.0,1.55243858859293e-05,6.004588137001332e-05,2.418864833335748e-05,9.97589155893001e-05,0.0,Italy,ITA,lombardy,,,Windows-11-10.0.26200-SP0,3.13.13,3.2.6,32,13th Gen Intel(R) Core(TM) i9-13900HX,1,1 x NVIDIA GeForce RTX 4070 Laptop GPU,9.1922,45.4722,31.70067596435547,machine,0.0,34.0,34.333333333333336,10.88501230875651,N,1.0,0.0
2026-05-04T21:13:57,Q380_qwen2.5:7b_SQuAD,baa27510-614d-46b6-90f5-f58a503ffe52,5b0fa12a-3dd7-45bb-9766-cc326314d9f1,6.549016099997971,4.162396451241071e-05,6.355758464607166e-06,12.835002944,38.9168473327406,20.0,2.1544873020688706e-05,7.074338992799079e-05,3.357112333332124e-05,0.000125859386282,0.0,Italy,ITA,lombardy,,,Windows-11-10.0.26200-SP0,3.13.13,3.2.6,32,13th Gen Intel(R) Core(TM) i9-13900HX,1,1 x NVIDIA GeForce RTX 4070 Laptop GPU,9.1922,45.4722,31.70067596435547,machine,0.0,29.4,34.92,11.072815704345704,N,1.0,0.0
2026-05-04T21:14:18,Q380_mistral:latest _SQuAD,b34bb6b8-b0ab-4833-9c74-7ed9046d4f93,5b0fa12a-3dd7-45bb-9766-cc326314d9f1,5.841172100001131,4.145478019390209e-05,7.096996884220218e-06,12.84233717504,47.24723201239837,20.0,1.904449325785174e-05,7.664533909398918e-05,2.965798722224361e-05,0.000125347819574,0.0,Italy,ITA,lombardy,,,Windows-11-10.0.26200-SP0,3.13.13,3.2.6,32,13th Gen Intel(R) Core(TM) i9-13900HX,1,1 x NVIDIA GeForce RTX 4070 Laptop GPU,9.1922,45.4722,31.70067596435547,machine,0.0,72.25,34.375,10.893614768981934,N,1.0,0.0
2026-05-04T21:14:30,Q381_phi3:mini_GSM8K,9d77b3fb-e977-4cc2-9e7f-06ddaede870a,5b0fa12a-3dd7-45bb-9766-cc326314d9f1,7.378553500006092,5.736554640630024e-05,7.77463311830061e-06,12.8407568,54.02996712243166,20.0,2.452779942318092e-05,0.0001107281441379,3.82016438888968e-05,0.00017345758745,0.0,Italy,ITA,lombardy,,,Windows-11-10.0.26200-SP0,3.13.13,3.2.6,32,13th Gen Intel(R) Core(TM) i9-13900HX,1,1 x NVIDIA GeForce RTX 4070 Laptop GPU,9.1922,45.4722,31.70067596435547,machine,0.0,67.4,34.160000000000004,10.83896026611328,N,1.0,0.0
2026-05-04T21:14:54,Q381_qwen2.5:7b_GSM8K,3ecd6e3e-315c-4341-910e-0b55a5de64ca,5b0fa12a-3dd7-45bb-9766-cc326314d9f1,8.51746550000098,6.061683190379085e-05,7.116768703528517e-06,12.832590639542858,46.59347639077204,20.0,2.8565517508393667e-05,0.000110203699274,4.45193611111285e-05,0.0001832885778935,0.0,Italy,ITA,lombardy,,,Windows-11-10.0.26200-SP0,3.13.13,3.2.6,32,13th Gen Intel(R) Core(TM) i9-13900HX,1,1 x NVIDIA GeForce RTX 4070 Laptop GPU,9.1922,45.4722,31.70067596435547,machine,0.0,56.5,34.766666666666666,11.028021494547524,N,1.0,0.0
2026-05-04T21:15:17,Q381_mistral:latest _GSM8K,2247391d-a7cb-4e2e-8e25-e7abe84f0c73,5b0fa12a-3dd7-45bb-9766-cc326314d9f1,7.607518100005109,6.26635838567526e-05,8.237060107252393e-06,12.860027214628571,59.00625789500782,20.0,2.537440869058579e-05,0.0001246414886019,3.9461493888908687e-05,0.0001894773911814,0.0,Italy,ITA,lombardy,,,Windows-11-10.0.26200-SP0,3.13.13,3.2.6,32,13th Gen Intel(R) Core(TM) i9-13900HX,1,1 x NVIDIA GeForce RTX 4070 Laptop GPU,9.1922,45.4722,31.70067596435547,machine,0.0,80.83333333333333,34.666666666666664,10.994240442911783,N,1.0,0.0
2026-05-04T21:15:41,Q382_phi3:mini_HumanEval,79a3e748-cc5f-4782-9a45-691b00d74396,5b0fa12a-3dd7-45bb-9766-cc326314d9f1,9.46838900000148,8.235222113601349e-05,8.697595877820463e-06,12.8329554224,63.588055767572456,20.0,3.196444799213223e-05,0.0001672304115619,4.981553944445397e-05,0.0002490103989985,0.0,Italy,ITA,lombardy,,,Windows-11-10.0.26200-SP0,3.13.13,3.2.6,32,13th Gen Intel(R) Core(TM) i9-13900HX,1,1 x NVIDIA GeForce RTX 4070 Laptop GPU,9.1922,45.4722,31.70067596435547,machine,0.0,73.28571428571429,34.58571428571429,10.960959298270089,N,1.0,0.0
2026-05-04T21:16:12,Q382_qwen2.5:7b_HumanEval,6efdb8fd-6812-4425-9126-756add6bee96,5b0fa12a-3dd7-45bb-9766-cc326314d9f1,15.369686600002751,0.0001348772947565,8.775539688395522e-06,12.825660372114289,63.79176445957804,20.0,5.295948309649183e-05,0.0002722896622759,8.258258666666936e-05,0.0004078317320391,0.0,Italy,ITA,lombardy,,,Windows-11-10.0.26200-SP0,3.13.13,3.2.6,32,13th Gen Intel(R) Core(TM) i9-13900HX,1,1 x NVIDIA GeForce RTX 4070 Laptop GPU,9.1922,45.4722,31.70067596435547,machine,7.6923076923076925,77.76923076923077,35.06153846153846,11.119524735670824,N,1.0,0.0
2026-05-04T21:16:39,Q382_mistral:latest _HumanEval,a0858dc0-a585-44ef-b5df-41ed7c59e086,5b0fa12a-3dd7-45bb-9766-cc326314d9f1,11.93811149999965,0.0001110683855267,9.303681367585845e-06,12.823827852800004,69.87913414944565,20.0,4.071848927968736e-05,0.0002316187964059,6.350287277778585e-05,0.0003358401584634,0.0,Italy,ITA,lombardy,,,Windows-11-10.0.26200-SP0,3.13.13,3.2.6,32,13th Gen Intel(R) Core(TM) i9-13900HX,1,1 x NVIDIA GeForce RTX 4070 Laptop GPU,9.1922,45.4722,31.70067596435547,machine,0.0,84.0,34.38,10.88942985534668,N,1.0,0.0
2026-05-04T21:16:58,Q383_phi3:mini_GSM8K,b4b80fc4-c40f-471f-a66d-2d13e62b0c6c,5b0fa12a-3dd7-45bb-9766-cc326314d9f1,4.263803899993945,2.573814866409643e-05,6.036428801083694e-06,12.8926954496,36.70601264865581,20.0,1.3470057211597942e-05,4.346031254598426e-05,2.0894691666641544e-05,7.782506142422375e-05,0.0,Italy,ITA,lombardy,,,Windows-11-10.0.26200-SP0,3.13.13,3.2.6,32,13th Gen Intel(R) Core(TM) i9-13900HX,1,1 x NVIDIA GeForce RTX 4070 Laptop GPU,9.1922,45.4722,31.70067596435547,machine,0.0,23.0,34.35,10.893426895141602,N,1.0,0.0
2026-05-04T21:17:21,Q383_qwen2.5:7b_GSM8K,076a5c89-bab5-40db-a415-ddace8abca4c,5b0fa12a-3dd7-45bb-9766-cc326314d9f1,8.250002800006769,6.109515289997118e-05,7.405470565406481e-06,12.846939441371427,49.76885920368901,20.0,2.764901962410869e-05,0.000114042869012,4.304300000003422e-05,0.0001847348886361,0.0,Italy,ITA,lombardy,,,Windows-11-10.0.26200-SP0,3.13.13,3.2.6,32,13th Gen Intel(R) Core(TM) i9-13900HX,1,1 x NVIDIA GeForce RTX 4070 Laptop GPU,9.1922,45.4722,31.70067596435547,machine,0.0,43.333333333333336,35.166666666666664,11.146366119384766,N,1.0,0.0
2026-05-04T21:17:43,Q383_mistral:latest _GSM8K,a7fd9535-b7c4-415a-95f4-56370932cda8,5b0fa12a-3dd7-45bb-9766-cc326314d9f1,6.542525700002443,5.0127426111136864e-05,7.661785128504447e-06,12.826840352,53.09993868220088,20.0,2.152270341775894e-05,9.649091052599255e-05,3.3557894444473075e-05,0.0001515715083882,0.0,Italy,ITA,lombardy,,,Windows-11-10.0.26200-SP0,3.13.13,3.2.6,32,13th Gen Intel(R) Core(TM) i9-13900HX,1,1 x NVIDIA GeForce RTX 4070 Laptop GPU,9.1922,45.4722,31.70067596435547,machine,0.0,50.6,34.4,10.901331329345703,N,1.0,0.0
2026-05-04T21:18:06,Q384_phi3:mini_MMLU,de33d417-15d2-4de4-9114-d15922f30880,5b0fa12a-3dd7-45bb-9766-cc326314d9f1,7.826834500003315,6.541526626918282e-05,8.357819022384479e-06,12.8274856832,60.30113105187679,20.0,2.608770766486832e-05,0.000131036771496,4.067324055556835e-05,0.0001977977197164,0.0,Italy,ITA,lombardy,,,Windows-11-10.0.26200-SP0,3.13.13,3.2.6,32,13th Gen Intel(R) Core(TM) i9-13900HX,1,1 x NVIDIA GeForce RTX 4070 Laptop GPU,9.1922,45.4722,31.70067596435547,machine,0.0,74.83333333333333,34.38333333333333,10.896334966023764,N,1.0,0.0
2026-05-04T21:18:28,Q384_qwen2.5:7b_MMLU,8a4b25d8-87e1-405a-87b9-6c1c466d6939,5b0fa12a-3dd7-45bb-9766-cc326314d9f1,6.841217100001813,4.721881188119282e-05,6.902106919129976e-06,12.8492703296,44.70275883792778,20.0,2.2625692269269755e-05,8.493506794798877e-05,3.521590111110224e-05,0.0001427766613283,0.0,Italy,ITA,lombardy,,,Windows-11-10.0.26200-SP0,3.13.13,3.2.6,32,13th Gen Intel(R) Core(TM) i9-13900HX,1,1 x NVIDIA GeForce RTX 4070 Laptop GPU,9.1922,45.4722,31.70067596435547,machine,0.0,23.2,34.86,11.046728515625,N,1.0,0.0
2026-05-04T21:18:49,Q384_mistral:latest _MMLU,0d786fd5-87dc-4600-be61-8e67e66488d3,5b0fa12a-3dd7-45bb-9766-cc326314d9f1,6.439526299996942,4.939830000169994e-05,7.671107733766596e-06,12.847715264,53.22219229817247,20.0,2.1190565462525666e-05,9.519035393001918e-05,3.298591277776319e-05,0.0001493668321703,0.0,Italy,ITA,lombardy,,,Windows-11-10.0.26200-SP0,3.13.13,3.2.6,32,13th Gen Intel(R) Core(TM) i9-13900HX,1,1 x NVIDIA GeForce RTX 4070 Laptop GPU,9.1922,45.4722,31.70067596435547,machine,0.0,62.0,34.4,10.907090187072754,N,1.0,0.0
2026-05-04T21:19:00,Q385_phi3:mini_GSM8K,260b4fa1-af07-4b7a-af7e-308c294e9075,5b0fa12a-3dd7-45bb-9766-cc326314d9f1,5.299843900000269,3.611693253596673e-05,6.814716285505107e-06,12.848759609600002,44.45109819700205,20.0,1.7123158967296173e-05,6.543199678998857e-05,2.665248499999709e-05,0.0001092076407572,0.0,Italy,ITA,lombardy,,,Windows-11-10.0.26200-SP0,3.13.13,3.2.6,32,13th Gen Intel(R) Core(TM) i9-13900HX,1,1 x NVIDIA GeForce RTX 4070 Laptop GPU,9.1922,45.4722,31.70067596435547,machine,0.0,66.66666666666667,34.46666666666667,10.924627939860024,N,1.0,0.0
2026-05-04T21:19:25,Q385_qwen2.5:7b_GSM8K,bd82c992-1eab-46ba-b466-bf33bc9030ca,5b0fa12a-3dd7-45bb-9766-cc326314d9f1,10.483637099998305,8.270902762725474e-05,7.889344779710861e-06,12.838036608,54.61894000910998,20.0,3.559485227553807e-05,0.000159043738346,5.545069277775636e-05,0.0002500892833993,0.0,Italy,ITA,lombardy,,,Windows-11-10.0.26200-SP0,3.13.13,3.2.6,32,13th Gen Intel(R) Core(TM) i9-13900HX,1,1 x NVIDIA GeForce RTX 4070 Laptop GPU,9.1922,45.4722,31.70067596435547,machine,0.0,66.125,35.4,11.22132396697998,N,1.0,0.0
2026-05-04T21:19:47,Q385_mistral:latest _GSM8K,0056ae7c-fad9-4e20-b982-e8069d839dd0,5b0fa12a-3dd7-45bb-9766-cc326314d9f1,7.178753099993628,5.519015115544889e-05,7.687985697056203e-06,12.8332285376,53.152453254133285,20.0,2.3802220307740506e-05,0.000105983695898,3.709387611108671e-05,0.0001668797923168,0.0,Italy,ITA,lombardy,,,Windows-11-10.0.26200-SP0,3.13.13,3.2.6,32,13th Gen Intel(R) Core(TM) i9-13900HX,1,1 x NVIDIA GeForce RTX 4070 Laptop GPU,9.1922,45.4722,31.70067596435547,machine,0.0,66.8,34.64,10.987130737304687,N,1.0,0.0
2026-05-04T21:20:12,Q386_phi3:mini_HellaSwag,12215349-443c-463f-82a8-b4aed6360f5c,5b0fa12a-3dd7-45bb-9766-cc326314d9f1,9.170966500001668,8.04093205035737e-05,8.767813131097913e-06,12.8246458448,64.4182415269989,20.0,3.088303607120033e-05,0.000164091520162,4.816104722223018e-05,0.0002431356034554,0.0,Italy,ITA,lombardy,,,Windows-11-10.0.26200-SP0,3.13.13,3.2.6,32,13th Gen Intel(R) Core(TM) i9-13900HX,1,1 x NVIDIA GeForce RTX 4070 Laptop GPU,9.1922,45.4722,31.70067596435547,machine,0.0,69.42857142857143,34.385714285714286,10.89464351109096,N,1.0,0.0
2026-05-04T21:20:34,Q386_qwen2.5:7b_HellaSwag,dda1ee88-9c50-4597-b8ba-057beffe65f8,5b0fa12a-3dd7-45bb-9766-cc326314d9f1,7.340498400000797,5.012790007317766e-05,6.8289504801434485e-06,12.841428358400002,43.74778438685216,20.0,2.4393285167116536e-05,8.918951579600654e-05,3.799014055556553e-05,0.0001515729415186,0.0,Italy,ITA,lombardy,,,Windows-11-10.0.26200-SP0,3.13.13,3.2.6,32,13th Gen Intel(R) Core(TM) i9-13900HX,1,1 x NVIDIA GeForce RTX 4070 Laptop GPU,9.1922,45.4722,31.70067596435547,machine,0.0,48.0,34.739999999999995,11.010330963134766,N,1.0,0.0
2026-05-04T21:20:55,Q386_mistral:latest _HellaSwag,a22e4f63-9458-4db2-80a3-a433bad3a9cf,5b0fa12a-3dd7-45bb-9766-cc326314d9f1,5.5987199999945005,3.839852264303473e-05,6.858446688363133e-06,12.842812213760004,44.76519077389308,20.0,1.818243970827245e-05,6.961005568800749e-05,2.831404444441432e-05,0.0001161065398406,0.0,Italy,ITA,lombardy,,,Windows-11-10.0.26200-SP0,3.13.13,3.2.6,32,13th Gen Intel(R) Core(TM) i9-13900HX,1,1 x NVIDIA GeForce RTX 4070 Laptop GPU,9.1922,45.4722,31.70067596435547,machine,0.0,30.0,34.35,10.893854141235352,N,1.0,0.0
2026-05-04T21:21:08,Q387_phi3:mini_HumanEval,00332848-b965-4e40-8b2c-258a999c7d8b,5b0fa12a-3dd7-45bb-9766-cc326314d9f1,8.5174984999976,7.222596509692301e-05,8.479715622719906e-06,12.848631252114288,61.39622681196452,20.0,2.8609796303879e-05,0.0001452487273099,4.453287055556656e-05,0.0002183913941694,0.0,Italy,ITA,lombardy,,,Windows-11-10.0.26200-SP0,3.13.13,3.2.6,32,13th Gen Intel(R) Core(TM) i9-13900HX,1,1 x NVIDIA GeForce RTX 4070 Laptop GPU,9.1922,45.4722,31.70067596435547,machine,16.666666666666668,72.66666666666667,34.36666666666667,10.88859748840332,N,1.0,0.0
2026-05-04T21:21:35,Q387_qwen2.5:7b_HumanEval,15cbe47f-b190-49a6-bc63-96b4a2f23408,5b0fa12a-3dd7-45bb-9766-cc326314d9f1,11.97868279999966,9.846528173409414e-05,8.220042502010066e-06,12.827988416,58.0292510083053,20.0,4.089657705403119e-05,0.0001930751544599,6.376011777780757e-05,0.0002977318492918,0.0,Italy,ITA,lombardy,,,Windows-11-10.0.26200-SP0,3.13.13,3.2.6,32,13th Gen Intel(R) Core(TM) i9-13900HX,1,1 x NVIDIA GeForce RTX 4070 Laptop GPU,9.1922,45.4722,31.70067596435547,machine,0.0,72.1,35.010000000000005,11.09949188232422,N,1.0,0.0
2026-05-04T21:22:00,Q387_mistral:latest _HumanEval,87cc2a5b-be1c-40ee-bdbe-c4b534c7e120,5b0fa12a-3dd7-45bb-9766-cc326314d9f1,8.991081100000883,7.46400128501991e-05,8.301561516355554e-06,12.837298260800004,59.37143875969158,20.0,3.0269520580062813e-05,0.0001482634519439,4.715783611112177e-05,0.0002256908086351,0.0,Italy,ITA,lombardy,,,Windows-11-10.0.26200-SP0,3.13.13,3.2.6,32,13th Gen Intel(R) Core(TM) i9-13900HX,1,1 x NVIDIA GeForce RTX 4070 Laptop GPU,9.1922,45.4722,31.70067596435547,machine,0.0,77.71428571428571,34.457142857142856,10.915819985525948,N,1.0,0.0
2026-05-04T21:22:19,Q388_phi3:mini_SQuAD,aec858ec-afc0-464f-8a3f-2322fbfbde48,5b0fa12a-3dd7-45bb-9766-cc326314d9f1,4.818434299995715,3.200276243705426e-05,6.64173473052911e-06,12.8403232544,42.91137232615869,20.0,1.5390773835174582e-05,5.740504592405271e-05,2.397170555555527e-05,9.676752531478256e-05,0.0,Italy,ITA,lombardy,,,Windows-11-10.0.26200-SP0,3.13.13,3.2.6,32,13th Gen Intel(R) Core(TM) i9-13900HX,1,1 x NVIDIA GeForce RTX 4070 Laptop GPU,9.1922,45.4722,31.70067596435547,machine,0.0,34.333333333333336,34.333333333333336,10.885009765625,N,1.0,0.0
2026-05-04T21:22:40,Q388_qwen2.5:7b_SQuAD,89238aaa-83ed-4484-a2b3-bb36328dd59d,5b0fa12a-3dd7-45bb-9766-cc326314d9f1,5.8806342000025325,3.477691247708843e-05,5.913803051560911e-06,12.86780047616,34.315653489432684,20.0,1.922647769729025e-05,5.604782261597885e-05,2.988148944443512e-05,0.0001051557897577,0.0,Italy,ITA,lombardy,,,Windows-11-10.0.26200-SP0,3.13.13,3.2.6,32,13th Gen Intel(R) Core(TM) i9-13900HX,1,1 x NVIDIA GeForce RTX 4070 Laptop GPU,9.1922,45.4722,31.70067596435547,machine,0.0,36.0,34.9,11.063215255737305,N,1.0,0.0
2026-05-04T21:22:50,Q388_mistral:latest _SQuAD,14544d28-3efe-4660-bda2-124ab34f9ff0,5b0fa12a-3dd7-45bb-9766-cc326314d9f1,4.889727400004631,3.241876780852034e-05,6.629974466161374e-06,12.8552157632,42.70087311753792,20.0,1.5667283855824206e-05,5.798421305397428e-05,2.437391388888904e-05,9.802541079868752e-05,0.0,Italy,ITA,lombardy,,,Windows-11-10.0.26200-SP0,3.13.13,3.2.6,32,13th Gen Intel(R) Core(TM) i9-13900HX,1,1 x NVIDIA GeForce RTX 4070 Laptop GPU,9.1922,45.4722,31.70067596435547,machine,0.0,50.333333333333336,34.333333333333336,10.89003880818685,N,1.0,0.0
2026-05-04T21:23:05,Q389_phi3:mini_HellaSwag,c8a057d1-fd8c-4230-a96b-5449fcc26d74,5b0fa12a-3dd7-45bb-9766-cc326314d9f1,9.19519940000464,7.55838745717029e-05,8.219927734428985e-06,12.8921995712,58.38698122162141,20.0,3.113098625511077e-05,0.0001491203970739,4.829340277780527e-05,0.0002285447861069,0.0,Italy,ITA,lombardy,,,Windows-11-10.0.26200-SP0,3.13.13,3.2.6,32,13th Gen Intel(R) Core(TM) i9-13900HX,1,1 x NVIDIA GeForce RTX 4070 Laptop GPU,9.1922,45.4722,31.70067596435547,machine,0.0,83.57142857142857,34.457142857142856,10.928444453648158,N,1.0,0.0
2026-05-04T21:23:30,Q389_qwen2.5:7b_HellaSwag,78bbe7cf-c1a9-4fe9-b43b-3d80f36895a6,5b0fa12a-3dd7-45bb-9766-cc326314d9f1,10.06740620000346,8.23047207963124e-05,8.175365050461965e-06,12.8518440192,57.7808513006362,20.0,3.414986459348735e-05,0.0001615740181479,5.314288833332183e-05,0.0002488667710747,0.0,Italy,ITA,lombardy,,,Windows-11-10.0.26200-SP0,3.13.13,3.2.6,32,13th Gen Intel(R) Core(TM) i9-13900HX,1,1 x NVIDIA GeForce RTX 4070 Laptop GPU,9.1922,45.4722,31.70067596435547,machine,0.0,67.0,35.45,11.235386371612549,N,1.0,0.0
2026-05-04T21:23:54,Q389_mistral:latest _HellaSwag,6f61a52f-2fb0-45d1-be47-66d22e5f1001,5b0fa12a-3dd7-45bb-9766-cc326314d9f1,9.437947099999292,8.09181481059596e-05,8.573702230855444e-06,12.8304539264,62.25149832952695,20.0,3.184611720964204e-05,0.00016318763055,4.964041000000887e-05,0.0002446741577596,0.0,Italy,ITA,lombardy,,,Windows-11-10.0.26200-SP0,3.13.13,3.2.6,32,13th Gen Intel(R) Core(TM) i9-13900HX,1,1 x NVIDIA GeForce RTX 4070 Laptop GPU,9.1922,45.4722,31.70067596435547,machine,0.0,77.71428571428571,34.75714285714285,11.010671888078962,N,1.0,0.0
2026-05-04T21:24:19,Q390_phi3:mini_HumanEval,4b96dfac-af31-42f7-805a-0c7e53801798,5b0fa12a-3dd7-45bb-9766-cc326314d9f1,9.288606599999184,8.226707474636446e-05,8.856772419059247e-06,12.835380008,65.35494895224048,20.0,3.132724602592979e-05,0.0001686126348899,4.8813058888885686e-05,0.0002487529398048,0.0,Italy,ITA,lombardy,,,Windows-11-10.0.26200-SP0,3.13.13,3.2.6,32,13th Gen Intel(R) Core(TM) i9-13900HX,1,1 x NVIDIA GeForce RTX 4070 Laptop GPU,9.1922,45.4722,31.70067596435547,machine,0.0,83.14285714285714,34.6,10.96406010219029,N,1.0,0.0
2026-05-04T21:24:49,Q390_qwen2.5:7b_HumanEval,b65b574b-94b7-4776-b9ca-617ca4aca7d5,5b0fa12a-3dd7-45bb-9766-cc326314d9f1,15.31917500000418,0.0001343675960685,8.771203153468636e-06,12.831114409142858,63.72615017666156,20.0,5.281135354936977e-05,0.0002711624391519,8.231675111112256e-05,0.0004062905438124,0.0,Italy,ITA,lombardy,,,Windows-11-10.0.26200-SP0,3.13.13,3.2.6,32,13th Gen Intel(R) Core(TM) i9-13900HX,1,1 x NVIDIA GeForce RTX 4070 Laptop GPU,9.1922,45.4722,31.70067596435547,machine,0.0,77.76923076923077,35.253846153846155,11.176261901855469,N,1.0,0.0
2026-05-04T21:25:14,Q390_mistral:latest _HumanEval,e78f14fa-55f2-41f4-a6f7-bddcb3aa74a4,5b0fa12a-3dd7-45bb-9766-cc326314d9f1,9.51082370000222,8.128451002147295e-05,8.546526839883908e-06,12.8613632528,61.90979786809008,20.0,3.2186082068089656e-05,0.0001635465197259,5.004933333334015e-05,0.0002457819351274,0.0,Italy,ITA,lombardy,,,Windows-11-10.0.26200-SP0,3.13.13,3.2.6,32,13th Gen Intel(R) Core(TM) i9-13900HX,1,1 x NVIDIA GeForce RTX 4070 Laptop GPU,9.1922,45.4722,31.70067596435547,machine,0.0,86.28571428571429,34.77142857142857,11.027110508510043,N,1.0,0.0
2026-05-04T21:25:38,Q391_phi3:mini_GSM8K,d8c19ad2-232b-4631-bcf1-dc681247a655,5b0fa12a-3dd7-45bb-9766-cc326314d9f1,9.19095070000185,8.052426872759686e-05,8.761255647642703e-06,12.828662969600002,64.34086816273421,20.0,3.0962718219700794e-05,0.0001642501313999,4.8270325555535645e-05,0.0002434831751752,0.0,Italy,ITA,lombardy,,,Windows-11-10.0.26200-SP0,3.13.13,3.2.6,32,13th Gen Intel(R) Core(TM) i9-13900HX,1,1 x NVIDIA GeForce RTX 4070 Laptop GPU,9.1922,45.4722,31.70067596435547,machine,14.285714285714286,76.14285714285714,34.7,10.997574942452568,N,1.0,0.0
2026-05-04T21:26:01,Q391_qwen2.5:7b_GSM8K,d7dd5863-2120-4873-9ee2-2eedba81a813,5b0fa12a-3dd7-45bb-9766-cc326314d9f1,7.823189500006265,5.941623313077384e-05,7.5948860922678994e-06,12.835421202285715,51.949917403570495,20.0,2.610268587244623e-05,0.0001128837014179,4.067191111114678e-05,0.0001796582984015,0.0,Italy,ITA,lombardy,,,Windows-11-10.0.26200-SP0,3.13.13,3.2.6,32,13th Gen Intel(R) Core(TM) i9-13900HX,1,1 x NVIDIA GeForce RTX 4070 Laptop GPU,9.1922,45.4722,31.70067596435547,machine,0.0,42.66666666666666,35.45,11.243863423665363,N,1.0,0.0
2026-05-04T21:26:22,Q391_mistral:latest _GSM8K,5554461e-eb56-4856-89a4-88b9b615efbe,5b0fa12a-3dd7-45bb-9766-cc326314d9f1,6.294061399996281,4.584211393914509e-05,7.283391601354919e-06,12.86732847872,49.0513129872224,20.0,2.069990293561263e-05,8.574062414801187e-05,3.217337944442989e-05,0.000138613906528,0.0,Italy,ITA,lombardy,,,Windows-11-10.0.26200-SP0,3.13.13,3.2.6,32,13th Gen Intel(R) Core(TM) i9-13900HX,1,1 x NVIDIA GeForce RTX 4070 Laptop GPU,9.1922,45.4722,31.70067596435547,machine,0.0,62.5,34.875,11.05072021484375,N,1.0,0.0
2026-05-04T21:26:47,Q392_phi3:mini_HumanEval,7afa2dd0-794b-4473-8b66-a53ed26766b3,5b0fa12a-3dd7-45bb-9766-cc326314d9f1,9.30682859999797,7.870829166960197e-05,8.457047513437512e-06,12.8278973072,61.00693242416437,20.0,3.1373990900445755e-05,0.0001577040150519,4.891415555555594e-05,0.0002379921615079,0.0,Italy,ITA,lombardy,,,Windows-11-10.0.26200-SP0,3.13.13,3.2.6,32,13th Gen Intel(R) Core(TM) i9-13900HX,1,1 x NVIDIA GeForce RTX 4070 Laptop GPU,9.1922,45.4722,31.70067596435547,machine,0.0,84.14285714285714,34.72857142857143,11.005497523716516,N,1.0,0.0
2026-05-04T21:27:16,Q392_qwen2.5:7b_HumanEval,2e5200d4-534c-4ada-a2c6-c04fd2cd7ca6,5b0fa12a-3dd7-45bb-9766-cc326314d9f1,13.736937600006058,0.0001176392416332,8.563716678251034e-06,12.859586872123078,61.56632944529688,20.0,4.727425787264799e-05,0.0002349115768179,7.35227800000252e-05,0.0003557086146906,0.0,Italy,ITA,lombardy,,,Windows-11-10.0.26200-SP0,3.13.13,3.2.6,32,13th Gen Intel(R) Core(TM) i9-13900HX,1,1 x NVIDIA GeForce RTX 4070 Laptop GPU,9.1922,45.4722,31.70067596435547,machine,4.166666666666667,76.08333333333333,35.85,11.366856257120768,N,1.0,0.0
2026-05-04T21:27:38,Q392_mistral:latest _HumanEval,5eba01dd-9e0b-4218-92df-7c42c204ff3f,5b0fa12a-3dd7-45bb-9766-cc326314d9f1,7.214738999995461,5.6356990628575786e-05,7.811369285654165e-06,12.855168396800003,54.46916107988751,20.0,2.396899567949296e-05,0.0001091492539859,3.7289743333328967e-05,0.0001704079929987,0.0,Italy,ITA,lombardy,,,Windows-11-10.0.26200-SP0,3.13.13,3.2.6,32,13th Gen Intel(R) Core(TM) i9-13900HX,1,1 x NVIDIA GeForce RTX 4070 Laptop GPU,9.1922,45.4722,31.70067596435547,machine,0.0,69.4,35.04,11.10798110961914,N,1.0,0.0
2026-05-04T21:27:58,Q393_phi3:mini_SQuAD,b9ee5872-c719-47f8-ac6c-72c9658cff0b,5b0fa12a-3dd7-45bb-9766-cc326314d9f1,4.636926699997275,3.137250132292971e-05,6.765796259610519e-06,12.857094963200002,44.35409160574184,20.0,1.4768869984486224e-05,5.7120601251958725e-05,2.297231833330848e-05,9.486178956975342e-05,0.0,Italy,ITA,lombardy,,,Windows-11-10.0.26200-SP0,3.13.13,3.2.6,32,13th Gen Intel(R) Core(TM) i9-13900HX,1,1 x NVIDIA GeForce RTX 4070 Laptop GPU,9.1922,45.4722,31.70067596435547,machine,0.0,48.333333333333336,35.03333333333333,11.106900533040363,N,1.0,0.0
2026-05-04T21:28:19,Q393_qwen2.5:7b_SQuAD,9ab38300-1dd0-4eee-add0-53b5bd2cf494,5b0fa12a-3dd7-45bb-9766-cc326314d9f1,5.844636199995875,3.3591148573547234e-05,5.747346357258462e-06,12.84638530304,32.54410532601866,20.0,1.906361400004727e-05,5.282893115199361e-05,2.9677821666660344e-05,0.0001015703668187,0.0,Italy,ITA,lombardy,,,Windows-11-10.0.26200-SP0,3.13.13,3.2.6,32,13th Gen Intel(R) Core(TM) i9-13900HX,1,1 x NVIDIA GeForce RTX 4070 Laptop GPU,9.1922,45.4722,31.70067596435547,machine,0.0,38.25,35.225,11.16422176361084,N,1.0,0.0
2026-05-04T21:28:39,Q393_mistral:latest _SQuAD,667ac0db-b369-4c92-a7da-bf8dd3065d3b,5b0fa12a-3dd7-45bb-9766-cc326314d9f1,5.246749000005366,3.255141696409575e-05,6.204111720240946e-06,12.846960329600002,37.85196465459772,20.0,1.6927088911197268e-05,5.514893300795354e-05,2.635048333334756e-05,9.842650525249836e-05,0.0,Italy,ITA,lombardy,,,Windows-11-10.0.26200-SP0,3.13.13,3.2.6,32,13th Gen Intel(R) Core(TM) i9-13900HX,1,1 x NVIDIA GeForce RTX 4070 Laptop GPU,9.1922,45.4722,31.70067596435547,machine,0.0,52.0,34.666666666666664,10.987995147705078,N,1.0,0.0
2026-05-04T21:28:50,Q394_phi3:mini_HumanEval,9c1f4978-a4b8-4d26-98a5-26851b605e8f,5b0fa12a-3dd7-45bb-9766-cc326314d9f1,6.362509099999443,4.894484233779919e-05,7.69269506236203e-06,12.83856686336,53.50310736498759,20.0,2.089812342882848e-05,9.454340896797309e-05,3.25541688888835e-05,0.0001479957012856,0.0,Italy,ITA,lombardy,,,Windows-11-10.0.26200-SP0,3.13.13,3.2.6,32,13th Gen Intel(R) Core(TM) i9-13900HX,1,1 x NVIDIA GeForce RTX 4070 Laptop GPU,9.1922,45.4722,31.70067596435547,machine,0.0,59.5,34.575,10.963258743286133,N,1.0,0.0
2026-05-04T21:29:20,Q394_qwen2.5:7b_HumanEval,b02edcd7-a65e-465c-9f44-23ab5708a8c3,5b0fa12a-3dd7-45bb-9766-cc326314d9f1,14.809685599997463,0.0001279133531401,8.63714170543494e-06,12.826293396114286,62.30821032917871,20.0,5.097716250799801e-05,0.0002563099272699,7.948760388887118e-05,0.0003867746936668,0.0,Italy,ITA,lombardy,,,Windows-11-10.0.26200-SP0,3.13.13,3.2.6,32,13th Gen Intel(R) Core(TM) i9-13900HX,1,1 x NVIDIA GeForce RTX 4070 Laptop GPU,9.1922,45.4722,31.70067596435547,machine,0.0,73.0,35.53846153846154,11.26436526958759,N,1.0,0.0
2026-05-04T21:29:47,Q394_mistral:latest _HumanEval,aa65f5a4-47e9-44ef-a92d-d69af3ff653f,5b0fa12a-3dd7-45bb-9766-cc326314d9f1,11.862198799994076,0.0001091353514057,9.200263226562336e-06,12.829625627927271,68.72182691656363,20.0,4.048231595993309e-05,0.0002264062922359,6.310658833333744e-05,0.0003299951965292,0.0,Italy,ITA,lombardy,,,Windows-11-10.0.26200-SP0,3.13.13,3.2.6,32,13th Gen Intel(R) Core(TM) i9-13900HX,1,1 x NVIDIA GeForce RTX 4070 Laptop GPU,9.1922,45.4722,31.70067596435547,machine,0.0,77.8,34.75,11.01454277038574,N,1.0,0.0
2026-05-04T21:30:11,Q395_phi3:mini_HumanEval,d7e670df-5a2f-484f-8d8e-54469aeff6cd,5b0fa12a-3dd7-45bb-9766-cc326314d9f1,8.547129500002484,7.317153450586915e-05,8.560948386923105e-06,12.822021646400003,62.30004477593251,20.0,2.865392133931794e-05,0.000147902618322,4.469399555556366e-05,0.0002212505352169,0.0,Italy,ITA,lombardy,,,Windows-11-10.0.26200-SP0,3.13.13,3.2.6,32,13th Gen Intel(R) Core(TM) i9-13900HX,1,1 x NVIDIA GeForce RTX 4070 Laptop GPU,9.1922,45.4722,31.70067596435547,machine,0.0,62.71428571428572,34.75714285714285,11.009724753243583,N,1.0,0.0
2026-05-04T21:30:41,Q395_qwen2.5:7b_HumanEval,d2d772f9-f1bc-4d1a-a9cc-eb154f779aa7,5b0fa12a-3dd7-45bb-9766-cc326314d9f1,15.327923500000908,0.0001331622395137,8.687558984343408e-06,12.819623661714289,62.88709997359132,20.0,5.276062404129704e-05,0.000267574658504,8.231059555554465e-05,0.0004026458781008,0.0,Italy,ITA,lombardy,,,Windows-11-10.0.26200-SP0,3.13.13,3.2.6,32,13th Gen Intel(R) Core(TM) i9-13900HX,1,1 x NVIDIA GeForce RTX 4070 Laptop GPU,9.1922,45.4722,31.70067596435547,machine,11.538461538461538,77.6923076923077,35.45384615384616,11.228780599740835,N,1.0,0.0
2026-05-04T21:31:15,Q395_mistral:latest _HumanEval,59add5a3-a748-47e0-a8f0-e6d1ad0a2703,5b0fa12a-3dd7-45bb-9766-cc326314d9f1,8.947433300003468,7.381900001495529e-05,8.250299000823697e-06,12.8467561376,58.80811372651639,20.0,3.0138672608242145e-05,0.000146150394698,4.69192249999954e-05,0.0002232082923063,0.0,Italy,ITA,lombardy,,,Windows-11-10.0.26200-SP0,3.13.13,3.2.6,32,13th Gen Intel(R) Core(TM) i9-13900HX,1,1 x NVIDIA GeForce RTX 4070 Laptop GPU,9.1922,45.4722,31.70067596435547,machine,0.0,70.71428571428571,35.142857142857146,11.138920375279016,N,1.0,0.0
2026-05-04T21:31:40,Q396_phi3:mini_HumanEval,b8cf483d-e7d9-4aeb-a8f6-fa63e83bf96e,5b0fa12a-3dd7-45bb-9766-cc326314d9f1,9.432391200003622,7.986332677664996e-05,8.466922658659376e-06,12.8266401152,61.09159547727014,20.0,3.181846822239298e-05,0.0001600540169319,4.961218388889393e-05,0.0002414846690432,0.0,Italy,ITA,lombardy,,,Windows-11-10.0.26200-SP0,3.13.13,3.2.6,32,13th Gen Intel(R) Core(TM) i9-13900HX,1,1 x NVIDIA GeForce RTX 4070 Laptop GPU,9.1922,45.4722,31.70067596435547,machine,0.0,84.28571428571429,34.92857142857143,11.072012765066964,N,1.0,0.0
2026-05-04T21:32:11,Q396_qwen2.5:7b_HumanEval,78af65a8-3b67-4cbc-af5c-ab3c3257a54c,5b0fa12a-3dd7-45bb-9766-cc326314d9f1,15.417101699997149,0.0001372425322146,8.901967106739184e-06,12.8199102464,65.18287241048705,20.0,5.309730661824959e-05,0.0002790516121299,8.283463888886522e-05,0.0004149835576371,0.0,Italy,ITA,lombardy,,,Windows-11-10.0.26200-SP0,3.13.13,3.2.6,32,13th Gen Intel(R) Core(TM) i9-13900HX,1,1 x NVIDIA GeForce RTX 4070 Laptop GPU,9.1922,45.4722,31.70067596435547,machine,0.0,73.76923076923077,35.52307692307692,11.251752119797926,N,1.0,0.0
2026-05-04T21:32:40,Q396_mistral:latest _HumanEval,757a1e85-3649-432b-89fc-3711fd838410,5b0fa12a-3dd7-45bb-9766-cc326314d9f1,13.859123200003523,0.0001348339988885,9.728898209698468e-06,12.824132928984618,74.27137156492199,20.0,4.75826724378248e-05,0.00028591133984,7.420680500003477e-05,0.0004077008172778,0.0,Italy,ITA,lombardy,,,Windows-11-10.0.26200-SP0,3.13.13,3.2.6,32,13th Gen Intel(R) Core(TM) i9-13900HX,1,1 x NVIDIA GeForce RTX 4070 Laptop GPU,9.1922,45.4722,31.70067596435547,machine,0.0,84.16666666666667,35.09166666666667,11.11926301320394,N,1.0,0.0
2026-05-04T21:33:10,Q397_phi3:mini_SQuAD,45fedf04-954e-484f-ac8a-5cb6f9dc8d48,5b0fa12a-3dd7-45bb-9766-cc326314d9f1,4.930688699998427,3.2726147652973105e-05,6.637236630449524e-06,12.830943296,42.76929989828479,20.0,1.578383413198655e-05,5.8569769077976286e-05,2.46012394444228e-05,9.895484265438564e-05,0.0,Italy,ITA,lombardy,,,Windows-11-10.0.26200-SP0,3.13.13,3.2.6,32,13th Gen Intel(R) Core(TM) i9-13900HX,1,1 x NVIDIA GeForce RTX 4070 Laptop GPU,9.1922,45.4722,31.70067596435547,machine,27.766666666666666,66.0,34.833333333333336,11.05316162109375,N,1.0,0.0
2026-05-04T21:33:31,Q397_qwen2.5:7b_SQuAD,8e2803f2-08c3-4d33-a449-cdb058bcf65c,5b0fa12a-3dd7-45bb-9766-cc326314d9f1,5.740941900003236,3.142371185564054e-05,5.473616072586073e-06,12.8454830336,29.695570870459445,20.0,1.866738493153771e-05,4.72861489399512e-05,2.9063102222223985e-05,9.50166360937129e-05,0.0,Italy,ITA,lombardy,,,Windows-11-10.0.26200-SP0,3.13.13,3.2.6,32,13th Gen Intel(R) Core(TM) i9-13900HX,1,1 x NVIDIA GeForce RTX 4070 Laptop GPU,9.1922,45.4722,31.70067596435547,machine,0.0,36.25,35.125,11.125765800476074,N,1.0,0.0
2026-05-04T21:33:41,Q397_mistral:latest _SQuAD,a1cd7c35-9680-46d9-aea7-0858fd52c9ee,5b0fa12a-3dd7-45bb-9766-cc326314d9f1,5.458045499995933,3.8556070437100734e-05,7.0640800698948855e-06,12.843107753600002,47.135504996620455,20.0,1.766741711851774e-05,7.140450156800648e-05,2.7511002222228045e-05,0.0001165829209087,0.0,Italy,ITA,lombardy,,,Windows-11-10.0.26200-SP0,3.13.13,3.2.6,32,13th Gen Intel(R) Core(TM) i9-13900HX,1,1 x NVIDIA GeForce RTX 4070 Laptop GPU,9.1922,45.4722,31.70067596435547,machine,0.0,56.66666666666666,34.7,11.002302805582682,N,1.0,0.0
2026-05-04T21:34:01,Q398_phi3:mini_MMLU,3169d9c9-404d-496e-9644-9bdc5cc53bf9,5b0fa12a-3dd7-45bb-9766-cc326314d9f1,5.045401700001094,3.596285338352478e-05,7.12784739885369e-06,12.86059376,48.00864664196136,20.0,1.6229471307505505e-05,6.727422048602438e-05,2.523805611110422e-05,0.0001087417479046,0.0,Italy,ITA,lombardy,,,Windows-11-10.0.26200-SP0,3.13.13,3.2.6,32,13th Gen Intel(R) Core(TM) i9-13900HX,1,1 x NVIDIA GeForce RTX 4070 Laptop GPU,9.1922,45.4722,31.70067596435547,machine,0.0,36.333333333333336,34.666666666666664,10.989505767822266,N,1.0,0.0
2026-05-04T21:34:16,Q398_qwen2.5:7b_MMLU,b391e8f3-a7b2-4715-add8-7c7f7f0dc883,5b0fa12a-3dd7-45bb-9766-cc326314d9f1,10.32561749999877,8.145161714878942e-05,7.88830470902095e-06,12.8444174336,54.64581753911827,20.0,3.504121841217225e-05,0.00015668484757,5.456115499999012e-05,0.0002462872209821,0.0,Italy,ITA,lombardy,,,Windows-11-10.0.26200-SP0,3.13.13,3.2.6,32,13th Gen Intel(R) Core(TM) i9-13900HX,1,1 x NVIDIA GeForce RTX 4070 Laptop GPU,9.1922,45.4722,31.70067596435547,machine,0.0,65.75,35.35,11.210365772247314,N,1.0,0.0
2026-05-04T21:34:40,Q398_mistral:latest _MMLU,0454469d-4319-4d24-87eb-a073170d577f,5b0fa12a-3dd7-45bb-9766-cc326314d9f1,8.611802699997497,7.128181250468537e-05,8.277223130611908e-06,12.8289097712,59.22312852750859,20.0,2.8889818897241508e-05,0.000141609557732,4.503716055555237e-05,0.0002155365371848,0.0,Italy,ITA,lombardy,,,Windows-11-10.0.26200-SP0,3.13.13,3.2.6,32,13th Gen Intel(R) Core(TM) i9-13900HX,1,1 x NVIDIA GeForce RTX 4070 Laptop GPU,9.1922,45.4722,31.70067596435547,machine,0.0,60.71428571428572,34.728571428571435,11.010211399623326,N,1.0,0.0
2026-05-04T21:35:05,Q399_phi3:mini_HumanEval,6276d6cd-7218-4720-8ac0-c052c024a5ec,5b0fa12a-3dd7-45bb-9766-cc326314d9f1,9.285389900003793,8.036980376970871e-05,8.655512007059164e-06,12.832072212800002,63.16788650472192,20.0,3.1308621535811044e-05,0.0001629109636619,4.879653055557153e-05,0.0002430161157533,0.0,Italy,ITA,lombardy,,,Windows-11-10.0.26200-SP0,3.13.13,3.2.6,32,13th Gen Intel(R) Core(TM) i9-13900HX,1,1 x NVIDIA GeForce RTX 4070 Laptop GPU,9.1922,45.4722,31.70067596435547,machine,0.0,76.28571428571429,34.65714285714286,10.993056161063055,N,1.0,0.0
2026-05-04T21:35:35,Q399_qwen2.5:7b_HumanEval,1053bf13-e6c8-40c8-89ca-76315c78832d,5b0fa12a-3dd7-45bb-9766-cc326314d9f1,15.345961599996372,0.0001353932821649,8.822730415599067e-06,12.820591605028572,64.32152615532613,20.0,5.284788245070434e-05,0.000274102719282,8.244133388887147e-05,0.0004093919356215,0.0,Italy,ITA,lombardy,,,Windows-11-10.0.26200-SP0,3.13.13,3.2.6,32,13th Gen Intel(R) Core(TM) i9-13900HX,1,1 x NVIDIA GeForce RTX 4070 Laptop GPU,9.1922,45.4722,31.70067596435547,machine,0.0,78.53846153846153,35.3,11.19308559711163,N,1.0,0.0
2026-05-04T21:35:59,Q399_mistral:latest _HumanEval,cd56e65c-6f90-4346-bc13-b4d18d0af29e,5b0fa12a-3dd7-45bb-9766-cc326314d9f1,8.655318099998112,7.306621105866045e-05,8.441770737308474e-06,12.8345634416,60.99053312062812,20.0,2.906065278580086e-05,0.000146587895048,4.528351833331625e-05,0.0002209320661671,0.0,Italy,ITA,lombardy,,,Windows-11-10.0.26200-SP0,3.13.13,3.2.6,32,13th Gen Intel(R) Core(TM) i9-13900HX,1,1 x NVIDIA GeForce RTX 4070 Laptop GPU,9.1922,45.4722,31.70067596435547,machine,0.0,77.42857142857143,34.642857142857146,10.98439189365932,N,1.0,0.0
2026-05-04T21:36:20,Q400_phi3:mini_HellaSwag,2b9532fc-8fc4-49e4-b950-44dbf7529d27,5b0fa12a-3dd7-45bb-9766-cc326314d9f1,6.444155600001977,4.94507821849284e-05,7.673741177961815e-06,12.84637161728,53.25748850623628,20.0,2.1202630896163733e-05,9.531479847402212e-05,3.3008094444448945e-05,0.0001495255238146,0.0,Italy,ITA,lombardy,,,Windows-11-10.0.26200-SP0,3.13.13,3.2.6,32,13th Gen Intel(R) Core(TM) i9-13900HX,1,1 x NVIDIA GeForce RTX 4070 Laptop GPU,9.1922,45.4722,31.70067596435547,machine,25.0,51.75,34.55,10.948684692382812,N,1.0,0.0
2026-05-04T21:36:44,Q400_qwen2.5:7b_HellaSwag,588486c2-5a20-455b-9294-5ca516dd0b6a,5b0fa12a-3dd7-45bb-9766-cc326314d9f1,8.104163900003186,5.907572017624167e-05,7.289551507740168e-06,12.833641839542858,48.55364365102793,20.0,2.71017803942382e-05,0.0001092920318779,4.223486888889359e-05,0.0001786286811611,0.0,Italy,ITA,lombardy,,,Windows-11-10.0.26200-SP0,3.13.13,3.2.6,32,13th Gen Intel(R) Core(TM) i9-13900HX,1,1 x NVIDIA GeForce RTX 4070 Laptop GPU,9.1922,45.4722,31.70067596435547,machine,0.0,40.5,35.083333333333336,11.111200332641602,N,1.0,0.0
2026-05-04T21:37:04,Q400_mistral:latest _HellaSwag,562025f4-2145-4c87-86b4-4028f916be15,5b0fa12a-3dd7-45bb-9766-cc326314d9f1,5.63089459999901,3.900347514188864e-05,6.926692455208716e-06,12.88185572864,45.45544809910288,20.0,1.8353445776972585e-05,7.108894576002278e-05,2.84933577777944e-05,0.0001179357493147,0.0,Italy,ITA,lombardy,,,Windows-11-10.0.26200-SP0,3.13.13,3.2.6,32,13th Gen Intel(R) Core(TM) i9-13900HX,1,1 x NVIDIA GeForce RTX 4070 Laptop GPU,9.1922,45.4722,31.70067596435547,machine,0.0,25.25,34.95,11.069226264953612,N,1.0,0.0
2026-05-04T21:37:24,Q401_phi3:mini_MMLU,32219e04-7f92-4e36-85a2-4f1157cc9b9e,5b0fa12a-3dd7-45bb-9766-cc326314d9f1,4.895861299999524,3.210911455306573e-05,6.558419976699269e-06,12.8429359616,41.95098484946867,20.0,1.566871971371957e-05,5.702143450597719e-05,2.439895055556716e-05,9.708910477526392e-05,0.0,Italy,ITA,lombardy,,,Windows-11-10.0.26200-SP0,3.13.13,3.2.6,32,13th Gen Intel(R) Core(TM) i9-13900HX,1,1 x NVIDIA GeForce RTX 4070 Laptop GPU,9.1922,45.4722,31.70067596435547,machine,0.0,54.66666666666666,34.9,11.062005360921225,N,1.0,0.0
2026-05-04T21:37:50,Q401_qwen2.5:7b_MMLU,91313c4b-6e01-4a25-9dbf-5da1f8160f5c,5b0fa12a-3dd7-45bb-9766-cc326314d9f1,9.990515500001491,7.674683519363973e-05,7.68196948331928e-06,12.823828403200002,52.45014194595105,20.0,3.3800989554137974e-05,0.000145545671992,5.2714596666677e-05,0.0002320612582128,0.0,Italy,ITA,lombardy,,,Windows-11-10.0.26200-SP0,3.13.13,3.2.6,32,13th Gen Intel(R) Core(TM) i9-13900HX,1,1 x NVIDIA GeForce RTX 4070 Laptop GPU,9.1922,45.4722,31.70067596435547,machine,3.75,51.25,35.125,11.137279510498049,N,1.0,0.0
2026-05-04T21:38:15,Q401_mistral:latest _MMLU,90a57260-c9c5-433c-b94c-ab69f4bd459c,5b0fa12a-3dd7-45bb-9766-cc326314d9f1,10.5213836000039,9.20780284400196e-05,8.751513293364332e-06,12.8394555648,64.03882573389461,20.0,3.571813600341592e-05,0.000187063482984,5.563693833335289e-05,0.0002784185573207,0.0,Italy,ITA,lombardy,,,Windows-11-10.0.26200-SP0,3.13.13,3.2.6,32,13th Gen Intel(R) Core(TM) i9-13900HX,1,1 x NVIDIA GeForce RTX 4070 Laptop GPU,9.1922,45.4722,31.70067596435547,machine,12.5,72.25,34.6875,10.998308181762695,N,1.0,0.0
2026-05-04T21:38:39,Q402_phi3:mini_HellaSwag,842ae5ad-7895-4536-bc01-c98a260cb0fd,5b0fa12a-3dd7-45bb-9766-cc326314d9f1,9.18854210000427,7.844909380851976e-05,8.537708480269499e-06,12.826188344000002,61.90873787139407,20.0,3.0949213388951906e-05,0.000158000959734,4.8258245555553e-05,0.0002372084186785,0.0,Italy,ITA,lombardy,,,Windows-11-10.0.26200-SP0,3.13.13,3.2.6,32,13th Gen Intel(R) Core(TM) i9-13900HX,1,1 x NVIDIA GeForce RTX 4070 Laptop GPU,9.1922,45.4722,31.70067596435547,machine,0.0,76.42857142857143,34.57142857142857,10.958749498639788,N,1.0,0.0
2026-05-04T21:39:01,Q402_qwen2.5:7b_HellaSwag,743ac115-89af-4c3d-acc7-1f780910b296,5b0fa12a-3dd7-45bb-9766-cc326314d9f1,6.550421899999492,3.990218660067637e-05,6.091544515732561e-06,12.841937715200002,35.98907084885234,20.0,2.157586191043605e-05,6.547671904794106e-05,3.36006238888836e-05,0.0001206532048472,0.0,Italy,ITA,lombardy,,,Windows-11-10.0.26200-SP0,3.13.13,3.2.6,32,13th Gen Intel(R) Core(TM) i9-13900HX,1,1 x NVIDIA GeForce RTX 4070 Laptop GPU,9.1922,45.4722,31.70067596435547,machine,0.0,22.4,35.18,11.15239028930664,N,1.0,0.0
2026-05-04T21:39:21,Q402_mistral:latest _HellaSwag,5ece44e1-829c-4f44-bcce-b685aa5aa3e4,5b0fa12a-3dd7-45bb-9766-cc326314d9f1,5.1223641999968095,3.529115514600743e-05,6.889622402489344e-06,12.8630239616,45.376122237487024,20.0,1.650543609492499e-05,6.45431071899516e-05,2.566217444445e-05,0.0001067107177293,0.0,Italy,ITA,lombardy,,,Windows-11-10.0.26200-SP0,3.13.13,3.2.6,32,13th Gen Intel(R) Core(TM) i9-13900HX,1,1 x NVIDIA GeForce RTX 4070 Laptop GPU,9.1922,45.4722,31.70067596435547,machine,0.0,51.0,34.73333333333333,11.004465738932293,N,1.0,0.0
2026-05-04T21:39:33,Q403_phi3:mini_HellaSwag,e39d0e52-66f8-4dd7-9190-e0f7d7bf7bfb,5b0fa12a-3dd7-45bb-9766-cc326314d9f1,7.240994300002058,5.8099998599901975e-05,8.023759748006633e-06,12.8364796928,56.78515046239252,20.0,2.4030591355918327e-05,0.0001142073135879,3.7440463333324365e-05,0.0001756783682772,0.0,Italy,ITA,lombardy,,,Windows-11-10.0.26200-SP0,3.13.13,3.2.6,32,13th Gen Intel(R) Core(TM) i9-13900HX,1,1 x NVIDIA GeForce RTX 4070 Laptop GPU,9.1922,45.4722,31.70067596435547,machine,0.0,62.8,34.480000000000004,10.933026123046876,N,1.0,0.0
2026-05-04T21:39:56,Q403_qwen2.5:7b_HellaSwag,3293f3a7-92a6-428e-80c8-758b4c87ff48,5b0fa12a-3dd7-45bb-9766-cc326314d9f1,7.003983199996583,4.641711763087082e-05,6.627245712253203e-06,12.8394179264,41.659674020407245,20.0,2.318952201557812e-05,8.104173149997562e-05,3.612130555553045e-05,0.000140352559071,0.0,Italy,ITA,lombardy,,,Windows-11-10.0.26200-SP0,3.13.13,3.2.6,32,13th Gen Intel(R) Core(TM) i9-13900HX,1,1 x NVIDIA GeForce RTX 4070 Laptop GPU,9.1922,45.4722,31.70067596435547,machine,0.0,24.8,35.04,11.103770446777345,N,1.0,0.0
2026-05-04T21:40:16,Q403_mistral:latest _HellaSwag,c3ed08f4-7543-4c24-9afc-d3dcaea5c4c7,5b0fa12a-3dd7-45bb-9766-cc326314d9f1,4.8453832999948645,2.8612061800029825e-05,5.905015151238943e-06,12.859823849600003,34.828132817388095,20.0,1.551592223095145e-05,4.6869204161970046e-05,2.4129855555535565e-05,8.651498194845705e-05,0.0,Italy,ITA,lombardy,,,Windows-11-10.0.26200-SP0,3.13.13,3.2.6,32,13th Gen Intel(R) Core(TM) i9-13900HX,1,1 x NVIDIA GeForce RTX 4070 Laptop GPU,9.1922,45.4722,31.70067596435547,machine,0.0,63.0,34.666666666666664,10.991044362386068,N,1.0,0.0
2026-05-04T21:40:30,Q404_phi3:mini_HumanEval,6d600ff4-19dd-4cd0-ae5f-1b393ee06d0b,5b0fa12a-3dd7-45bb-9766-cc326314d9f1,9.350922000005085,8.051789205714305e-05,8.610690160510297e-06,12.8280573632,62.726188474265946,20.0,3.151287584839706e-05,0.0001628209635899,4.913005444444328e-05,0.0002434638938828,0.0,Italy,ITA,lombardy,,,Windows-11-10.0.26200-SP0,3.13.13,3.2.6,32,13th Gen Intel(R) Core(TM) i9-13900HX,1,1 x NVIDIA GeForce RTX 4070 Laptop GPU,9.1922,45.4722,31.70067596435547,machine,0.0,78.42857142857143,34.528571428571425,10.93800299508231,N,1.0,0.0
2026-05-04T21:41:00,Q404_qwen2.5:7b_HumanEval,fffec8ef-2dca-4e80-bf81-26acbd459567,5b0fa12a-3dd7-45bb-9766-cc326314d9f1,14.82624560000113,0.0001284151985219,8.661342998523639e-06,12.832678734628573,62.563927315366,20.0,5.106115454071888e-05,0.000257652150566,7.957883055557129e-05,0.0003882921356622,0.0,Italy,ITA,lombardy,,,Windows-11-10.0.26200-SP0,3.13.13,3.2.6,32,13th Gen Intel(R) Core(TM) i9-13900HX,1,1 x NVIDIA GeForce RTX 4070 Laptop GPU,9.1922,45.4722,31.70067596435547,machine,1.9230769230769231,78.23076923076923,35.3,11.182486020601711,N,1.0,0.0
2026-05-04T21:41:23,Q404_mistral:latest _HumanEval,d7c5565e-afdb-4bf6-b549-d120b8aa16f1,5b0fa12a-3dd7-45bb-9766-cc326314d9f1,8.102028499997687,6.87342582702546e-05,8.483586335233729e-06,12.834565184,61.55255919885389,20.0,2.709639569367148e-05,0.0001385139996999,4.222304055555368e-05,0.0002078334359492,0.0,Italy,ITA,lombardy,,,Windows-11-10.0.26200-SP0,3.13.13,3.2.6,32,13th Gen Intel(R) Core(TM) i9-13900HX,1,1 x NVIDIA GeForce RTX 4070 Laptop GPU,9.1922,45.4722,31.70067596435547,machine,0.0,73.83333333333333,34.88333333333333,11.06044832865397,N,1.0,0.0
2026-05-04T21:41:44,Q405_phi3:mini_GSM8K,4b1ec583-ed38-4d97-bffa-19bd8825a8f4,5b0fa12a-3dd7-45bb-9766-cc326314d9f1,5.725009699999646,4.2656153080792576e-05,7.450843809189566e-06,12.827517777920002,51.168244710639485,20.0,1.8608621352138648e-05,8.135923175406345e-05,2.9012586666633272e-05,0.0001289804397728,0.0,Italy,ITA,lombardy,,,Windows-11-10.0.26200-SP0,3.13.13,3.2.6,32,13th Gen Intel(R) Core(TM) i9-13900HX,1,1 x NVIDIA GeForce RTX 4070 Laptop GPU,9.1922,45.4722,31.70067596435547,machine,0.0,50.5,34.625,10.985682487487791,N,1.0,0.0
2026-05-04T21:42:11,Q405_qwen2.5:7b_GSM8K,a654ecc8-ef15-423b-ac73-e19483c4e96d,5b0fa12a-3dd7-45bb-9766-cc326314d9f1,12.328663100000997,0.0001033176872644,8.380283119623785e-06,12.819834560000002,59.7438845569462,20.0,4.211580524985067e-05,0.0002045854414459,6.570293833331865e-05,0.0003124041850291,0.0,Italy,ITA,lombardy,,,Windows-11-10.0.26200-SP0,3.13.13,3.2.6,32,13th Gen Intel(R) Core(TM) i9-13900HX,1,1 x NVIDIA GeForce RTX 4070 Laptop GPU,9.1922,45.4722,31.70067596435547,machine,0.0,72.4,35.3,11.189955902099609,N,1.0,0.0
2026-05-04T21:42:35,Q405_mistral:latest _GSM8K,c3c9147f-0118-427b-a049-65fac788e43c,5b0fa12a-3dd7-45bb-9766-cc326314d9f1,8.552820999997493,7.029013556784098e-05,8.21835691029446e-06,12.845779459657145,58.601271862814365,20.0,2.870854116330865e-05,0.00013913344464,4.46959938888742e-05,0.0002125379796921,0.0,Italy,ITA,lombardy,,,Windows-11-10.0.26200-SP0,3.13.13,3.2.6,32,13th Gen Intel(R) Core(TM) i9-13900HX,1,1 x NVIDIA GeForce RTX 4070 Laptop GPU,9.1922,45.4722,31.70067596435547,machine,0.0,74.5,34.63333333333333,10.976183573404947,N,1.0,0.0
2026-05-04T21:42:55,Q406_phi3:mini_HellaSwag,59fbb866-d1f8-4462-9cfa-0b010077f29f,5b0fa12a-3dd7-45bb-9766-cc326314d9f1,5.002159299998311,3.169958973710294e-05,6.337181172361632e-06,12.8475039008,39.43658289409102,20.0,1.6060538649471837e-05,5.4789766053997546e-05,2.500051000000288e-05,9.585081470347226e-05,0.0,Italy,ITA,lombardy,,,Windows-11-10.0.26200-SP0,3.13.13,3.2.6,32,13th Gen Intel(R) Core(TM) i9-13900HX,1,1 x NVIDIA GeForce RTX 4070 Laptop GPU,9.1922,45.4722,31.70067596435547,machine,0.0,33.666666666666664,34.43333333333333,10.912794748942057,N,1.0,0.0
2026-05-04T21:43:17,Q406_qwen2.5:7b_HellaSwag,7d62c9e8-cf2d-4dd3-86ed-55a1572672f7,5b0fa12a-3dd7-45bb-9766-cc326314d9f1,7.11881789999461,4.677331260610658e-05,6.5703763269660255e-06,12.847645472000002,40.992648349297895,20.0,2.361529568500723e-05,8.105284261999968e-05,3.676145611110163e-05,0.0001414295944161,0.0,Italy,ITA,lombardy,,,Windows-11-10.0.26200-SP0,3.13.13,3.2.6,32,13th Gen Intel(R) Core(TM) i9-13900HX,1,1 x NVIDIA GeForce RTX 4070 Laptop GPU,9.1922,45.4722,31.70067596435547,machine,0.0,49.2,35.22,11.170034790039065,N,1.0,0.0
2026-05-04T21:43:38,Q406_mistral:latest _HellaSwag,7d90d11c-00ae-4733-8210-1afdac530ded,5b0fa12a-3dd7-45bb-9766-cc326314d9f1,5.636305499996524,3.802381749633393e-05,6.746230752814477e-06,12.85423251968,43.54267650082026,20.0,1.83252331115862e-05,6.813699895402703e-05,2.851130277776974e-05,0.0001149735348433,0.0,Italy,ITA,lombardy,,,Windows-11-10.0.26200-SP0,3.13.13,3.2.6,32,13th Gen Intel(R) Core(TM) i9-13900HX,1,1 x NVIDIA GeForce RTX 4070 Laptop GPU,9.1922,45.4722,31.70067596435547,machine,0.0,62.5,34.65,10.98896598815918,N,1.0,0.0
2026-05-04T21:43:51,Q407_phi3:mini_GSM8K,ceb072fa-f19e-417b-ba8e-181e8c756af1,5b0fa12a-3dd7-45bb-9766-cc326314d9f1,7.424347499996656,6.0128380554940375e-05,8.098810104856684e-06,12.834197273600005,57.55233136036792,20.0,2.4677623038114147e-05,0.0001186789838319,3.845502888887293e-05,0.0001818116357589,0.0,Italy,ITA,lombardy,,,Windows-11-10.0.26200-SP0,3.13.13,3.2.6,32,13th Gen Intel(R) Core(TM) i9-13900HX,1,1 x NVIDIA GeForce RTX 4070 Laptop GPU,9.1922,45.4722,31.70067596435547,machine,0.0,59.4,34.5,10.944596099853516,N,1.0,0.0
2026-05-04T21:44:16,Q407_qwen2.5:7b_GSM8K,14dbb55d-74d1-4173-b945-1f756193e621,5b0fa12a-3dd7-45bb-9766-cc326314d9f1,9.84745860000112,7.812057642401952e-05,7.93306979975632e-06,12.829157004800004,55.20395096862604,20.0,3.3303874715826155e-05,0.000150993454128,5.1917743888892194e-05,0.0002362150727327,0.0,Italy,ITA,lombardy,,,Windows-11-10.0.26200-SP0,3.13.13,3.2.6,32,13th Gen Intel(R) Core(TM) i9-13900HX,1,1 x NVIDIA GeForce RTX 4070 Laptop GPU,9.1922,45.4722,31.70067596435547,machine,0.0,52.625,35.425000000000004,11.220372200012209,N,1.0,0.0
2026-05-04T21:44:39,Q407_mistral:latest _GSM8K,b2bcfc5f-3c2a-47c7-93ed-3d7e1a8e1f8b,5b0fa12a-3dd7-45bb-9766-cc326314d9f1,8.366428000001179,6.916928430573168e-05,8.26748097344792e-06,12.841530933028574,59.12983758740181,20.0,2.8053246416464403e-05,0.000137405387702,4.369020055556676e-05,0.000209148834674,0.0,Italy,ITA,lombardy,,,Windows-11-10.0.26200-SP0,3.13.13,3.2.6,32,13th Gen Intel(R) Core(TM) i9-13900HX,1,1 x NVIDIA GeForce RTX 4070 Laptop GPU,9.1922,45.4722,31.70067596435547,machine,0.0,75.66666666666667,34.63333333333333,10.981361389160156,N,1.0,0.0
2026-05-04T21:45:01,Q408_phi3:mini_GSM8K,d57193a1-eb3f-42eb-bc2b-9cb1f86f31c7,5b0fa12a-3dd7-45bb-9766-cc326314d9f1,6.69859500000166,5.207522492074403e-05,7.774051860238023e-06,12.837945152,54.25266779980982,20.0,2.209808836213028e-05,0.0001009378585279,3.442516777779221e-05,0.0001574611146679,0.0,Italy,ITA,lombardy,,,Windows-11-10.0.26200-SP0,3.13.13,3.2.6,32,13th Gen Intel(R) Core(TM) i9-13900HX,1,1 x NVIDIA GeForce RTX 4070 Laptop GPU,9.1922,45.4722,31.70067596435547,machine,0.0,66.8,34.64,10.98321533203125,N,1.0,0.0
2026-05-04T21:45:26,Q408_qwen2.5:7b_GSM8K,d97aef9f-dde0-46e2-a480-29bac78a6404,5b0fa12a-3dd7-45bb-9766-cc326314d9f1,10.162502200000745,8.08769695523428e-05,7.958371664838299e-06,12.844304051200002,55.4370744611033,20.0,3.445786224488401e-05,0.0001564381807059,5.365360222224101e-05,0.000244549645173,0.0,Italy,ITA,lombardy,,,Windows-11-10.0.26200-SP0,3.13.13,3.2.6,32,13th Gen Intel(R) Core(TM) i9-13900HX,1,1 x NVIDIA GeForce RTX 4070 Laptop GPU,9.1922,45.4722,31.70067596435547,machine,0.0,66.5,35.6,11.282329082489014,N,1.0,0.0
2026-05-04T21:45:51,Q408_mistral:latest _GSM8K,edcc5fde-cf83-4c44-b448-3a58dcdbb21a,5b0fa12a-3dd7-45bb-9766-cc326314d9f1,9.525068399998418,8.260873309812275e-05,8.672770591142052e-06,12.8250082064,63.35726179249435,20.0,3.213005914672372e-05,0.000167552078486,5.0103882777774645e-05,0.0002497860204105,0.0,Italy,ITA,lombardy,,,Windows-11-10.0.26200-SP0,3.13.13,3.2.6,32,13th Gen Intel(R) Core(TM) i9-13900HX,1,1 x NVIDIA GeForce RTX 4070 Laptop GPU,9.1922,45.4722,31.70067596435547,machine,0.0,76.85714285714286,34.92857142857143,11.067344120570592,N,1.0,0.0
2026-05-04T21:46:16,Q409_phi3:mini_GSM8K,d9b1461c-352b-4872-8b66-f130fe6851d4,5b0fa12a-3dd7-45bb-9766-cc326314d9f1,9.21120879999944,7.921648880469138e-05,8.600010109932172e-06,12.8349390224,62.57657522520534,20.0,3.1048595262406646e-05,0.0001600995725239,4.838064166663874e-05,0.000239528809453,0.0,Italy,ITA,lombardy,,,Windows-11-10.0.26200-SP0,3.13.13,3.2.6,32,13th Gen Intel(R) Core(TM) i9-13900HX,1,1 x NVIDIA GeForce RTX 4070 Laptop GPU,9.1922,45.4722,31.70067596435547,machine,0.0,76.14285714285714,34.67142857142857,10.985303061349052,N,1.0,0.0
2026-05-04T21:46:42,Q409_qwen2.5:7b_GSM8K,69905a9f-95d2-4fdd-bd3b-828e07f0661f,5b0fa12a-3dd7-45bb-9766-cc326314d9f1,10.92883310000616,8.889567910386939e-05,8.134050386753486e-06,12.86925522176,57.21150585524759,20.0,3.726428691599703e-05,0.0001736206944519,5.7911029444464175e-05,0.0002687960108124,0.0,Italy,ITA,lombardy,,,Windows-11-10.0.26200-SP0,3.13.13,3.2.6,32,13th Gen Intel(R) Core(TM) i9-13900HX,1,1 x NVIDIA GeForce RTX 4070 Laptop GPU,9.1922,45.4722,31.70067596435547,machine,0.0,56.44444444444444,32.25555555555556,10.227230072021484,N,1.0,0.0
2026-05-04T21:47:05,Q409_mistral:latest _GSM8K,a16a3b0b-a55d-46b4-a33c-9395f0edc6fd,5b0fa12a-3dd7-45bb-9766-cc326314d9f1,8.321445900000981,6.680235506767104e-05,8.027734106600773e-06,12.83290831177143,56.53784544152398,20.0,2.7874535170606e-05,0.000130675937874,4.344142055556909e-05,0.0002019918936002,0.0,Italy,ITA,lombardy,,,Windows-11-10.0.26200-SP0,3.13.13,3.2.6,32,13th Gen Intel(R) Core(TM) i9-13900HX,1,1 x NVIDIA GeForce RTX 4070 Laptop GPU,9.1922,45.4722,31.70067596435547,machine,0.0,78.33333333333333,31.3,9.916733423868816,N,1.0,0.0
2026-05-04T21:47:30,Q410_phi3:mini_MMLU,25793481-2c46-4bd5-ac27-7e15d44735a2,5b0fa12a-3dd7-45bb-9766-cc326314d9f1,9.364913800003706,8.100396884902139e-05,8.649729253139451e-06,12.839751516800002,63.126684565392665,20.0,3.159432359949707e-05,0.0001641270757459,4.921225666665931e-05,0.0002449336560121,0.0,Italy,ITA,lombardy,,,Windows-11-10.0.26200-SP0,3.13.13,3.2.6,32,13th Gen Intel(R) Core(TM) i9-13900HX,1,1 x NVIDIA GeForce RTX 4070 Laptop GPU,9.1922,45.4722,31.70067596435547,machine,0.0,77.0,31.0,9.83568355015346,N,1.0,0.0
2026-05-04T21:47:53,Q410_qwen2.5:7b_MMLU,a86c9642-99a5-4c1c-b3cd-9f90172a9af6,5b0fa12a-3dd7-45bb-9766-cc326314d9f1,8.319731399999,5.988586827739323e-05,7.198053085872511e-06,12.842772344685716,47.4985990583506,20.0,2.788847327802441e-05,0.000109760921142,4.342895111112739e-05,0.0001810783455312,0.0,Italy,ITA,lombardy,,,Windows-11-10.0.26200-SP0,3.13.13,3.2.6,32,13th Gen Intel(R) Core(TM) i9-13900HX,1,1 x NVIDIA GeForce RTX 4070 Laptop GPU,9.1922,45.4722,31.70067596435547,machine,0.0,36.333333333333336,31.6,10.017985661824545,N,1.0,0.0
2026-05-04T21:48:18,Q410_mistral:latest _MMLU,067e1d2a-0b11-4a09-a580-19a234b22482,5b0fa12a-3dd7-45bb-9766-cc326314d9f1,9.383644600005937,8.198942754331894e-05,8.737482187173527e-06,12.8557465616,64.01850202379963,20.0,3.171684943751474e-05,0.000166854855706,4.9341706111145975e-05,0.0002479134112546,0.0,Italy,ITA,lombardy,,,Windows-11-10.0.26200-SP0,3.13.13,3.2.6,32,13th Gen Intel(R) Core(TM) i9-13900HX,1,1 x NVIDIA GeForce RTX 4070 Laptop GPU,9.1922,45.4722,31.70067596435547,machine,0.0,77.0,31.071428571428573,9.848205021449498,N,1.0,0.0
2026-05-04T21:48:42,Q411_phi3:mini_GSM8K,3837283b-4e23-4e0e-9d26-0caf5db1cccd,5b0fa12a-3dd7-45bb-9766-cc326314d9f1,9.189559200000076,7.777105465286428e-05,8.4629798840475e-06,12.8331121808,61.092713379264495,20.0,3.0968329462855386e-05,0.0001559276247419,4.826226111112596e-05,0.0002351582153159,0.0,Italy,ITA,lombardy,,,Windows-11-10.0.26200-SP0,3.13.13,3.2.6,32,13th Gen Intel(R) Core(TM) i9-13900HX,1,1 x NVIDIA GeForce RTX 4070 Laptop GPU,9.1922,45.4722,31.70067596435547,machine,0.0,77.0,30.97142857142857,9.809132712227958,N,1.0,0.0
2026-05-04T21:49:12,Q411_qwen2.5:7b_GSM8K,4622261b-65f0-479e-801d-7d731923f897,5b0fa12a-3dd7-45bb-9766-cc326314d9f1,14.9730109000011,0.0001313359926066,8.771515193822133e-06,12.821645997714288,63.891516364616514,20.0,5.146885116799317e-05,0.000265371601186,8.028335888888655e-05,0.0003971238112428,0.0,Italy,ITA,lombardy,,,Windows-11-10.0.26200-SP0,3.13.13,3.2.6,32,13th Gen Intel(R) Core(TM) i9-13900HX,1,1 x NVIDIA GeForce RTX 4070 Laptop GPU,9.1922,45.4722,31.70067596435547,machine,0.0,78.07692307692308,31.738461538461536,10.05796168400691,N,1.0,0.0
2026-05-04T21:49:37,Q411_mistral:latest _GSM8K,0d4d3d7d-a4d4-4f35-8c3a-255d7c1410bf,5b0fa12a-3dd7-45bb-9766-cc326314d9f1,9.77073759999621,8.43157857794254e-05,8.629418702172302e-06,12.8344687488,62.79340266859328,20.0,3.30437704805324e-05,0.0001704126363299,5.1491270000001854e-05,0.0002549476768105,0.0,Italy,ITA,lombardy,,,Windows-11-10.0.26200-SP0,3.13.13,3.2.6,32,13th Gen Intel(R) Core(TM) i9-13900HX,1,1 x NVIDIA GeForce RTX 4070 Laptop GPU,9.1922,45.4722,31.70067596435547,machine,0.0,63.25,31.1,9.850529193878174,N,1.0,0.0
2026-05-04T21:50:01,Q412_phi3:mini_HellaSwag,c39a3fdc-e6cb-4b17-8f3a-1ce4cb5f57c5,5b0fa12a-3dd7-45bb-9766-cc326314d9f1,9.178714100002251,7.899582820999956e-05,8.606415599106651e-06,12.8296265312,62.670428402647886,20.0,3.091748155466216e-05,0.0001597479055759,4.81962055555616e-05,0.0002388615926862,0.0,Italy,ITA,lombardy,,,Windows-11-10.0.26200-SP0,3.13.13,3.2.6,32,13th Gen Intel(R) Core(TM) i9-13900HX,1,1 x NVIDIA GeForce RTX 4070 Laptop GPU,9.1922,45.4722,31.70067596435547,machine,0.0,76.57142857142857,30.97142857142857,9.812072208949498,N,1.0,0.0
2026-05-04T21:50:26,Q412_qwen2.5:7b_HellaSwag,77bff062-2141-4f45-9697-a2c9baa8b126,5b0fa12a-3dd7-45bb-9766-cc326314d9f1,10.035820699995384,8.041705552677235e-05,8.013002417112667e-06,12.82394464,56.04713777265,20.0,3.39609437109528e-05,0.0001562345694319,5.296347888886683e-05,0.0002431589920317,0.0,Italy,ITA,lombardy,,,Windows-11-10.0.26200-SP0,3.13.13,3.2.6,32,13th Gen Intel(R) Core(TM) i9-13900HX,1,1 x NVIDIA GeForce RTX 4070 Laptop GPU,9.1922,45.4722,31.70067596435547,machine,0.0,66.5,31.725,10.052802085876465,N,1.0,0.0
2026-05-04T21:50:48,Q412_mistral:latest _HellaSwag,9fc38727-00e7-4e98-a173-df64fb73249a,5b0fa12a-3dd7-45bb-9766-cc326314d9f1,7.03607319999719,5.709485190643271e-05,8.11459038067647e-06,12.855438656,57.87308687743966,20.0,2.3318224854819605e-05,0.0001130437015459,3.627715555554056e-05,0.0001726390819563,0.0,Italy,ITA,lombardy,,,Windows-11-10.0.26200-SP0,3.13.13,3.2.6,32,13th Gen Intel(R) Core(TM) i9-13900HX,1,1 x NVIDIA GeForce RTX 4070 Laptop GPU,9.1922,45.4722,31.70067596435547,machine,0.0,71.0,31.12,9.870033264160156,N,1.0,0.0
2026-05-04T21:51:08,Q413_phi3:mini_SQuAD,9f45d8ff-c076-44a4-96ad-5f760fb94f5d,5b0fa12a-3dd7-45bb-9766-cc326314d9f1,4.95218030000251,3.1264577551479715e-05,6.313295489557169e-06,12.8331281216,39.22820268129813,20.0,1.5862953028822998e-05,5.395170982797071e-05,2.472079499998977e-05,9.453545785678348e-05,0.0,Italy,ITA,lombardy,,,Windows-11-10.0.26200-SP0,3.13.13,3.2.6,32,13th Gen Intel(R) Core(TM) i9-13900HX,1,1 x NVIDIA GeForce RTX 4070 Laptop GPU,9.1922,45.4722,31.70067596435547,machine,19.03333333333333,42.333333333333336,31.066666666666663,9.850616455078123,N,1.0,0.0
2026-05-04T21:51:29,Q413_qwen2.5:7b_SQuAD,00ef31bf-1f18-4b48-a8e0-fc70c5f0825f,5b0fa12a-3dd7-45bb-9766-cc326314d9f1,5.883313699996506,3.371350602882228e-05,5.730360090919901e-06,12.87498870272,32.31480408911074,20.0,1.9245325324797933e-05,5.280087557396618e-05,2.9894141111112225e-05,0.0001019403420098,0.0,Italy,ITA,lombardy,,,Windows-11-10.0.26200-SP0,3.13.13,3.2.6,32,13th Gen Intel(R) Core(TM) i9-13900HX,1,1 x NVIDIA GeForce RTX 4070 Laptop GPU,9.1922,45.4722,31.70067596435547,machine,15.0,36.0,31.475,9.983588218688965,N,1.0,0.0
2026-05-04T21:51:39,Q413_mistral:latest _SQuAD,e9d38a3d-8599-4e07-84b0-b7ca3ef7fcbb,5b0fa12a-3dd7-45bb-9766-cc326314d9f1,4.586228000000119,2.960707477674305e-05,6.455648253148836e-06,12.850029776,41.02427141127603,20.0,1.4579200457833467e-05,5.225393069197004e-05,2.269049555555588e-05,8.952362670535939e-05,0.0,Italy,ITA,lombardy,,,Windows-11-10.0.26200-SP0,3.13.13,3.2.6,32,13th Gen Intel(R) Core(TM) i9-13900HX,1,1 x NVIDIA GeForce RTX 4070 Laptop GPU,9.1922,45.4722,31.70067596435547,machine,0.0,50.0,31.166666666666668,9.886068979899088,N,1.0,0.0
2026-05-04T21:52:03,Q414_phi3:mini_HumanEval,8ead167e-605d-4d14-8d0b-1698922d14dc,5b0fa12a-3dd7-45bb-9766-cc326314d9f1,9.266136500002176,7.984368539763891e-05,8.616718024563977e-06,12.8397506672,62.77631124616616,20.0,3.1246728058783074e-05,0.0001615076292059,4.8670921666659225e-05,0.0002414252789314,0.0,Italy,ITA,lombardy,,,Windows-11-10.0.26200-SP0,3.13.13,3.2.6,32,13th Gen Intel(R) Core(TM) i9-13900HX,1,1 x NVIDIA GeForce RTX 4070 Laptop GPU,9.1922,45.4722,31.70067596435547,machine,0.0,83.28571428571429,30.97142857142857,9.812882014683314,N,1.0,0.0
2026-05-04T21:52:33,Q414_qwen2.5:7b_HumanEval,1384c937-504e-43bd-88d2-da231b61362c,5b0fa12a-3dd7-45bb-9766-cc326314d9f1,14.12724519999756,0.000123746086962,8.759392592834043e-06,12.832990329107693,63.68695994788872,20.0,4.8570874291566855e-05,0.0002499068665919,7.569628944442634e-05,0.0003741740303279,0.0,Italy,ITA,lombardy,,,Windows-11-10.0.26200-SP0,3.13.13,3.2.6,32,13th Gen Intel(R) Core(TM) i9-13900HX,1,1 x NVIDIA GeForce RTX 4070 Laptop GPU,9.1922,45.4722,31.70067596435547,machine,0.0,76.91666666666667,31.725,10.053248723347982,N,1.0,0.0
2026-05-04T21:53:01,Q414_mistral:latest _HumanEval,e4fed546-b7cc-4ad0-b2b7-90e799191c63,5b0fa12a-3dd7-45bb-9766-cc326314d9f1,13.750796699998318,0.0001319732129405,9.59749575387185e-06,12.822471222153847,72.85182214904978,20.0,4.719032214452089e-05,0.0002782557781599,7.360448944443002e-05,0.0003990505897489,0.0,Italy,ITA,lombardy,,,Windows-11-10.0.26200-SP0,3.13.13,3.2.6,32,13th Gen Intel(R) Core(TM) i9-13900HX,1,1 x NVIDIA GeForce RTX 4070 Laptop GPU,9.1922,45.4722,31.70067596435547,machine,0.0,86.25,31.08333333333333,9.845903396606444,N,1.0,0.0
2026-05-04T21:53:24,Q415_phi3:mini_HumanEval,5eb216d0-a4f4-41cb-b135-562fc9972c25,5b0fa12a-3dd7-45bb-9766-cc326314d9f1,7.237621100000979,5.70523974575486e-05,7.88275548958219e-06,12.821756729600002,55.26762452819815,20.0,2.399019031194275e-05,0.000111100366658,3.742015444444809e-05,0.0001725107114144,0.0,Italy,ITA,lombardy,,,Windows-11-10.0.26200-SP0,3.13.13,3.2.6,32,13th Gen Intel(R) Core(TM) i9-13900HX,1,1 x NVIDIA GeForce RTX 4070 Laptop GPU,9.1922,45.4722,31.70067596435547,machine,0.0,63.4,30.94,9.802294158935547,N,1.0,0.0
2026-05-04T21:53:54,Q415_qwen2.5:7b_HumanEval,f863cec0-9f08-4a7c-bcbc-59d35f77dbbc,5b0fa12a-3dd7-45bb-9766-cc326314d9f1,14.88286070000322,0.0001302729191865,8.753217665102323e-06,12.821678944914286,63.57643658490496,20.0,5.121573745812358e-05,0.0002628057658,7.988786722222963e-05,0.0003939093704803,0.0,Italy,ITA,lombardy,,,Windows-11-10.0.26200-SP0,3.13.13,3.2.6,32,13th Gen Intel(R) Core(TM) i9-13900HX,1,1 x NVIDIA GeForce RTX 4070 Laptop GPU,9.1922,45.4722,31.70067596435547,machine,0.0,68.3076923076923,31.72307692307692,10.054086538461538,N,1.0,0.0
2026-05-04T21:54:17,Q415_mistral:latest _HumanEval,3b0c2efe-d7cd-42b5-a330-f6268dbf160f,5b0fa12a-3dd7-45bb-9766-cc326314d9f1,8.125275600003079,6.665925957506377e-05,8.20393828549502e-06,13.0281353984,58.32384894970518,20.0,2.758594144888616e-05,0.000131625660856,4.2347609999989e-05,0.0002015592123049,0.0,Italy,ITA,lombardy,,,Windows-11-10.0.26200-SP0,3.13.13,3.2.6,32,13th Gen Intel(R) Core(TM) i9-13900HX,1,1 x NVIDIA GeForce RTX 4070 Laptop GPU,9.1922,45.4722,31.70067596435547,machine,0.0,76.66666666666667,31.133333333333336,9.87391153971354,N,1.0,0.0
2026-05-04T21:54:37,Q416_phi3:mini_MMLU,4538b920-4755-46f9-9064-61ea336b433b,5b0fa12a-3dd7-45bb-9766-cc326314d9f1,4.635370199997851,3.005184910509481e-05,6.483160526231269e-06,12.8586774656,41.28030089261086,20.0,1.4763695175550448e-05,5.314282029200701e-05,2.296198611111322e-05,9.086850157867069e-05,0.0,Italy,ITA,lombardy,,,Windows-11-10.0.26200-SP0,3.13.13,3.2.6,32,13th Gen Intel(R) Core(TM) i9-13900HX,1,1 x NVIDIA GeForce RTX 4070 Laptop GPU,9.1922,45.4722,31.70067596435547,machine,0.0,32.333333333333336,30.96666666666667,9.81881332397461,N,1.0,0.0
2026-05-04T21:54:59,Q416_qwen2.5:7b_MMLU,8b28d4c9-bc4f-4888-b1b7-b6ea346dd0d6,5b0fa12a-3dd7-45bb-9766-cc326314d9f1,6.926762700000836,4.52726858139265e-05,6.53590829868057e-06,12.8549219648,40.67595780529188,20.0,2.2942562021610666e-05,7.825645149400762e-05,3.569309944444588e-05,0.00013689211296,0.0,Italy,ITA,lombardy,,,Windows-11-10.0.26200-SP0,3.13.13,3.2.6,32,13th Gen Intel(R) Core(TM) i9-13900HX,1,1 x NVIDIA GeForce RTX 4070 Laptop GPU,9.1922,45.4722,31.70067596435547,machine,0.0,30.2,31.5,9.98166732788086,N,1.0,0.0
2026-05-04T21:55:20,Q416_mistral:latest _MMLU,bad042f4-dff4-45e7-bee9-e35a0f8d28e9,5b0fa12a-3dd7-45bb-9766-cc326314d9f1,5.8571176000041305,4.141380004838968e-05,7.070679278893166e-06,12.84085816832,46.95967525215736,20.0,1.909739581278672e-05,7.638256110603647e-05,2.974395000003117e-05,0.0001252239069188,0.0,Italy,ITA,lombardy,,,Windows-11-10.0.26200-SP0,3.13.13,3.2.6,32,13th Gen Intel(R) Core(TM) i9-13900HX,1,1 x NVIDIA GeForce RTX 4070 Laptop GPU,9.1922,45.4722,31.70067596435547,machine,0.0,64.0,31.05,9.845030784606934,N,1.0,0.0
2026-05-04T21:55:41,Q417_phi3:mini_HumanEval,17a01cbb-8ba6-476f-9a30-03137f006add,5b0fa12a-3dd7-45bb-9766-cc326314d9f1,6.606302499996673,5.494608480959344e-05,8.317222048130724e-06,12.8492355392,60.25298720166646,20.0,2.177249851942273e-05,0.000110480921718,3.3888382777756e-05,0.0001661418030152,0.0,Italy,ITA,lombardy,,,Windows-11-10.0.26200-SP0,3.13.13,3.2.6,32,13th Gen Intel(R) Core(TM) i9-13900HX,1,1 x NVIDIA GeForce RTX 4070 Laptop GPU,9.1922,45.4722,31.70067596435547,machine,0.0,67.8,30.96,9.815984344482422,N,1.0,0.0
2026-05-04T21:56:08,Q417_qwen2.5:7b_HumanEval,f8b18371-75af-452c-bd4d-cc3ce3028f9d,5b0fa12a-3dd7-45bb-9766-cc326314d9f1,11.701957000004768,9.75520747171781e-05,8.33638977797802e-06,12.82952795927273,59.32677737958062,20.0,3.991549003585273e-05,0.00019283209871,6.222297444445656e-05,0.0002949705631903,0.0,Italy,ITA,lombardy,,,Windows-11-10.0.26200-SP0,3.13.13,3.2.6,32,13th Gen Intel(R) Core(TM) i9-13900HX,1,1 x NVIDIA GeForce RTX 4070 Laptop GPU,9.1922,45.4722,31.70067596435547,machine,0.0,72.2,31.7,10.047278213500975,N,1.0,0.0
2026-05-04T21:56:32,Q417_mistral:latest _HumanEval,35df7923-bb28-4258-acf3-50d5a49a883c,5b0fa12a-3dd7-45bb-9766-cc326314d9f1,8.535708099996555,7.164830100390931e-05,8.39394929682966e-06,12.84542075977143,60.48107268932005,20.0,2.8658123724150488e-05,0.000143367336916,4.461923666664613e-05,0.0002166446973067,0.0,Italy,ITA,lombardy,,,Windows-11-10.0.26200-SP0,3.13.13,3.2.6,32,13th Gen Intel(R) Core(TM) i9-13900HX,1,1 x NVIDIA GeForce RTX 4070 Laptop GPU,9.1922,45.4722,31.70067596435547,machine,0.0,66.16666666666667,31.1,9.859577178955078,N,1.0,0.0
2026-05-04T21:56:56,Q418_phi3:mini_HumanEval,38a44499-22b0-4d8c-a40a-4fb2a2b5f5f2,5b0fa12a-3dd7-45bb-9766-cc326314d9f1,9.408129200004623,7.884886526047686e-05,8.38092925641775e-06,12.8399077136,60.14757827950751,20.0,3.1764451527435697e-05,0.0001571759590739,4.947680666668425e-05,0.0002384172172681,0.0,Italy,ITA,lombardy,,,Windows-11-10.0.26200-SP0,3.13.13,3.2.6,32,13th Gen Intel(R) Core(TM) i9-13900HX,1,1 x NVIDIA GeForce RTX 4070 Laptop GPU,9.1922,45.4722,31.70067596435547,machine,0.0,76.14285714285714,31.0,9.826012747628347,N,1.0,0.0
2026-05-04T21:57:27,Q418_qwen2.5:7b_HumanEval,db6bbb7c-2cfe-4ffb-a2b5-1ebc815c3f54,5b0fa12a-3dd7-45bb-9766-cc326314d9f1,15.314566499997454,0.0001371665131658,8.956604365256988e-06,12.831646016000002,65.74445948739007,20.0,5.279677382705759e-05,0.0002796663348439,8.229058833332803e-05,0.0004147536970043,0.0,Italy,ITA,lombardy,,,Windows-11-10.0.26200-SP0,3.13.13,3.2.6,32,13th Gen Intel(R) Core(TM) i9-13900HX,1,1 x NVIDIA GeForce RTX 4070 Laptop GPU,9.1922,45.4722,31.70067596435547,machine,0.0,78.61538461538461,31.85384615384616,10.096753927377554,N,1.0,0.0
2026-05-04T21:57:54,Q418_mistral:latest _HumanEval,a8b7f07a-f1e6-4633-8471-a4fff9511c31,5b0fa12a-3dd7-45bb-9766-cc326314d9f1,12.450989899996785,0.0001161460715476,9.328260040407963e-06,12.832232111709091,70.04440039804548,20.0,4.258882814277662e-05,0.0002422279715599,6.637688055553654e-05,0.0003511936802582,0.0,Italy,ITA,lombardy,,,Windows-11-10.0.26200-SP0,3.13.13,3.2.6,32,13th Gen Intel(R) Core(TM) i9-13900HX,1,1 x NVIDIA GeForce RTX 4070 Laptop GPU,9.1922,45.4722,31.70067596435547,machine,0.0,83.7,31.18,9.878410720825196,N,1.0,0.0
2026-05-04T21:58:15,Q419_phi3:mini_GSM8K,157e7968-ac7a-424e-854b-e47f765bd5b0,5b0fa12a-3dd7-45bb-9766-cc326314d9f1,5.754426200001035,4.2256696324227774e-05,7.34333795508928e-06,12.848829708800002,49.99505487432194,20.0,1.8738000507090784e-05,7.98686750059785e-05,2.9165917222215083e-05,0.0001277725927352,0.0,Italy,ITA,lombardy,,,Windows-11-10.0.26200-SP0,3.13.13,3.2.6,32,13th Gen Intel(R) Core(TM) i9-13900HX,1,1 x NVIDIA GeForce RTX 4070 Laptop GPU,9.1922,45.4722,31.70067596435547,machine,0.0,55.25,31.05,9.846930503845217,N,1.0,0.0
2026-05-04T21:58:44,Q419_qwen2.5:7b_GSM8K,bf7d45f8-e68d-4540-8661-20d228b582ee,5b0fa12a-3dd7-45bb-9766-cc326314d9f1,13.28050240000448,0.0001141093638401,8.592247522210072e-06,12.822226448000002,61.95598285839321,20.0,4.55116290577635e-05,0.0002285362939399,7.098731500001223e-05,0.0003450352379977,0.0,Italy,ITA,lombardy,,,Windows-11-10.0.26200-SP0,3.13.13,3.2.6,32,13th Gen Intel(R) Core(TM) i9-13900HX,1,1 x NVIDIA GeForce RTX 4070 Laptop GPU,9.1922,45.4722,31.70067596435547,machine,0.0,74.9090909090909,31.818181818181817,10.086067546497691,N,1.0,0.0
2026-05-04T21:59:07,Q419_mistral:latest _GSM8K,ebdda98a-4d36-4196-be12-8d1e6751f666,5b0fa12a-3dd7-45bb-9766-cc326314d9f1,8.278350200002023,6.918381767927137e-05,8.357198718079655e-06,12.834517869714286,60.13439506685843,20.0,2.7723540082707227e-05,0.0001382687217259,4.320051777778847e-05,0.0002091927795864,0.0,Italy,ITA,lombardy,,,Windows-11-10.0.26200-SP0,3.13.13,3.2.6,32,13th Gen Intel(R) Core(TM) i9-13900HX,1,1 x NVIDIA GeForce RTX 4070 Laptop GPU,9.1922,45.4722,31.70067596435547,machine,0.0,74.5,31.166666666666668,9.880355834960938,N,1.0,0.0
2026-05-04T21:59:31,Q420_phi3:mini_HellaSwag,69c2ed6a-8f89-4c89-b2ba-b6ca1469ba9c,5b0fa12a-3dd7-45bb-9766-cc326314d9f1,9.214745699995548,7.875114264050792e-05,8.546209000704814e-06,12.822732214400002,62.04675558579564,20.0,3.101803571001667e-05,0.000158724849202,4.8378846111073576e-05,0.0002381217310231,0.0,Italy,ITA,lombardy,,,Windows-11-10.0.26200-SP0,3.13.13,3.2.6,32,13th Gen Intel(R) Core(TM) i9-13900HX,1,1 x NVIDIA GeForce RTX 4070 Laptop GPU,9.1922,45.4722,31.70067596435547,machine,0.0,78.57142857142857,31.12857142857143,9.871229444231306,N,1.0,0.0
2026-05-04T21:59:57,Q420_qwen2.5:7b_HellaSwag,03b9d0a4-40fe-4b40-82e5-385c3014a7dc,5b0fa12a-3dd7-45bb-9766-cc326314d9f1,10.277222199998503,8.065221883984424e-05,7.847667129339284e-06,12.827635904000005,54.20476097657679,20.0,3.4831672232962945e-05,0.000154731790452,5.430659833331852e-05,0.0002438700610182,0.0,Italy,ITA,lombardy,,,Windows-11-10.0.26200-SP0,3.13.13,3.2.6,32,13th Gen Intel(R) Core(TM) i9-13900HX,1,1 x NVIDIA GeForce RTX 4070 Laptop GPU,9.1922,45.4722,31.70067596435547,machine,0.0,66.625,31.7625,10.072402477264404,N,1.0,0.0
2026-05-04T22:00:19,Q420_mistral:latest _HellaSwag,b7e71952-e704-4ce0-aa32-9b4a87cbe864,5b0fa12a-3dd7-45bb-9766-cc326314d9f1,6.791611900000135,5.425238747532716e-05,7.988146006300224e-06,12.8388749888,56.54952656218807,20.0,2.243104385808982e-05,0.0001066720297819,3.494117999996686e-05,0.00016404425364,0.0,Italy,ITA,lombardy,,,Windows-11-10.0.26200-SP0,3.13.13,3.2.6,32,13th Gen Intel(R) Core(TM) i9-13900HX,1,1 x NVIDIA GeForce RTX 4070 Laptop GPU,9.1922,45.4722,31.70067596435547,machine,10.0,69.6,31.160000000000004,9.881866455078123,N,1.0,0.0
2026-05-04T22:00:39,Q421_phi3:mini_GSM8K,6bfca7f6-0f35-40b8-8a2f-d77478fe9c83,5b0fa12a-3dd7-45bb-9766-cc326314d9f1,5.104178699999466,3.6793189147737225e-05,7.208444553036726e-06,12.850488358400002,48.85531143874073,20.0,1.6427546014349843e-05,6.925838874005663e-05,2.5566519444449418e-05,0.0001112524541988,0.0,Italy,ITA,lombardy,,,Windows-11-10.0.26200-SP0,3.13.13,3.2.6,32,13th Gen Intel(R) Core(TM) i9-13900HX,1,1 x NVIDIA GeForce RTX 4070 Laptop GPU,9.1922,45.4722,31.70067596435547,machine,0.0,34.333333333333336,31.03333333333333,9.830155690511068,N,1.0,0.0
2026-05-04T22:01:06,Q421_qwen2.5:7b_GSM8K,965ae07a-ed9f-474a-a046-4c24ff99fb19,5b0fa12a-3dd7-45bb-9766-cc326314d9f1,11.78175149999879,9.952298547080935e-05,8.447214785579171e-06,12.824876507927272,60.529684093959496,20.0,4.0183719591785015e-05,0.0001980823806879,6.266395333332184e-05,0.000300930053613,0.0,Italy,ITA,lombardy,,,Windows-11-10.0.26200-SP0,3.13.13,3.2.6,32,13th Gen Intel(R) Core(TM) i9-13900HX,1,1 x NVIDIA GeForce RTX 4070 Laptop GPU,9.1922,45.4722,31.70067596435547,machine,10.0,64.5,31.77,10.069436264038083,N,1.0,0.0
2026-05-04T22:01:30,Q421_mistral:latest _GSM8K,1203bce9-8d20-4d96-b2db-24a5ce44a4a2,5b0fa12a-3dd7-45bb-9766-cc326314d9f1,9.3418015999996,8.250442719477907e-05,8.831746886465949e-06,12.8380483424,65.07460356190737,20.0,3.152156250244166e-05,0.000168843468408,4.91055972222158e-05,0.0002494706281326,0.0,Italy,ITA,lombardy,,,Windows-11-10.0.26200-SP0,3.13.13,3.2.6,32,13th Gen Intel(R) Core(TM) i9-13900HX,1,1 x NVIDIA GeForce RTX 4070 Laptop GPU,9.1922,45.4722,31.70067596435547,machine,0.0,77.71428571428571,31.17142857142857,9.88072041102818,N,1.0,0.0
2026-05-04T22:01:55,Q422_phi3:mini_HellaSwag,a7214ee2-a9f3-41c1-82d1-96f8fb4c675d,5b0fa12a-3dd7-45bb-9766-cc326314d9f1,9.24865249999857,7.911251881349887e-05,8.553950839163987e-06,12.841004964800002,62.0653238236302,20.0,3.119623922510127e-05,0.000159430960878,4.858723277777447e-05,0.0002392144328808,0.0,Italy,ITA,lombardy,,,Windows-11-10.0.26200-SP0,3.13.13,3.2.6,32,13th Gen Intel(R) Core(TM) i9-13900HX,1,1 x NVIDIA GeForce RTX 4070 Laptop GPU,9.1922,45.4722,31.70067596435547,machine,4.757142857142857,90.57142857142856,31.085714285714285,9.850060054234095,N,1.0,0.0
2026-05-04T22:02:21,Q422_qwen2.5:7b_HellaSwag,f99e41d1-8622-41d3-b6b2-410ed1f098d5,5b0fa12a-3dd7-45bb-9766-cc326314d9f1,10.8104383999962,8.5523621837032e-05,7.911207545205757e-06,12.83580152192,54.83298251450288,20.0,3.674214705600037e-05,0.0001646095761319,5.724811666663704e-05,0.0002585998398545,0.0,Italy,ITA,lombardy,,,Windows-11-10.0.26200-SP0,3.13.13,3.2.6,32,13th Gen Intel(R) Core(TM) i9-13900HX,1,1 x NVIDIA GeForce RTX 4070 Laptop GPU,9.1922,45.4722,31.70067596435547,machine,0.0,69.66666666666667,31.84444444444445,10.100093417697485,N,1.0,0.0
2026-05-04T22:02:43,Q422_mistral:latest _HellaSwag,d230edd6-9ea3-44a5-9754-08f7b0a58ad8,5b0fa12a-3dd7-45bb-9766-cc326314d9f1,6.87458560000232,5.429298187920416e-05,7.897637041451028e-06,12.836267993600003,55.58760816535784,20.0,2.2708120055823508e-05,0.000106078973752,3.537990611112036e-05,0.0001641669999189,0.0,Italy,ITA,lombardy,,,Windows-11-10.0.26200-SP0,3.13.13,3.2.6,32,13th Gen Intel(R) Core(TM) i9-13900HX,1,1 x NVIDIA GeForce RTX 4070 Laptop GPU,9.1922,45.4722,31.70067596435547,machine,0.0,71.0,31.22,9.89847183227539,N,1.0,0.0
2026-05-04T22:03:03,Q423_phi3:mini_MMLU,c2f631b7-b504-4f47-a1ed-6f3e1ef3586a,5b0fa12a-3dd7-45bb-9766-cc326314d9f1,4.737544900002831,3.2135401847497806e-05,6.783133991506572e-06,12.853085168,44.477221693076935,20.0,1.5121226263982534e-05,5.8519769038034575e-05,2.3527594999985825e-05,9.716859030200292e-05,0.0,Italy,ITA,lombardy,,,Windows-11-10.0.26200-SP0,3.13.13,3.2.6,32,13th Gen Intel(R) Core(TM) i9-13900HX,1,1 x NVIDIA GeForce RTX 4070 Laptop GPU,9.1922,45.4722,31.70067596435547,machine,0.0,32.666666666666664,31.133333333333336,9.861520131429035,N,1.0,0.0
2026-05-04T22:03:25,Q423_qwen2.5:7b_MMLU,7c664238-6405-4394-885f-710150aa2392,5b0fa12a-3dd7-45bb-9766-cc326314d9f1,7.753722100002051,5.760940718242514e-05,7.429903527547099e-06,12.834292587885717,50.1809577715692,20.0,2.585156760678657e-05,0.000108059530892,4.0283856666671154e-05,0.0001741949551655,0.0,Italy,ITA,lombardy,,,Windows-11-10.0.26200-SP0,3.13.13,3.2.6,32,13th Gen Intel(R) Core(TM) i9-13900HX,1,1 x NVIDIA GeForce RTX 4070 Laptop GPU,9.1922,45.4722,31.70067596435547,machine,0.0,57.0,31.58333333333333,10.017363866170248,N,1.0,0.0
2026-05-04T22:03:51,Q423_mistral:latest _MMLU,18dd06e3-d0ba-418e-b1f7-fa0385ea79fd,5b0fa12a-3dd7-45bb-9766-cc326314d9f1,10.806974599996463,9.657147441543792e-05,8.936032330035225e-06,12.83518591616,65.97209225856531,20.0,3.673865108087381e-05,0.000198021269528,5.724557777777792e-05,0.0002920054983866,0.0,Italy,ITA,lombardy,,,Windows-11-10.0.26200-SP0,3.13.13,3.2.6,32,13th Gen Intel(R) Core(TM) i9-13900HX,1,1 x NVIDIA GeForce RTX 4070 Laptop GPU,9.1922,45.4722,31.70067596435547,machine,0.0,75.33333333333333,31.077777777777776,9.855280558268229,N,1.0,0.0
2026-05-04T22:04:12,Q424_phi3:mini_MMLU,da7d4621-46cd-4de6-9afe-c59bb8ee71bc,5b0fa12a-3dd7-45bb-9766-cc326314d9f1,5.484987900003034,4.001296297619264e-05,7.294995669210228e-06,12.846557216,49.57794143512133,20.0,1.7780921626919542e-05,7.552644930997054e-05,2.768079111111648e-05,0.000120988162048,0.0,Italy,ITA,lombardy,,,Windows-11-10.0.26200-SP0,3.13.13,3.2.6,32,13th Gen Intel(R) Core(TM) i9-13900HX,1,1 x NVIDIA GeForce RTX 4070 Laptop GPU,9.1922,45.4722,31.70067596435547,machine,0.0,49.0,30.96666666666667,9.814102172851562,N,1.0,0.0
2026-05-04T22:04:33,Q424_qwen2.5:7b_MMLU,5c0d402d-9e2c-47d9-ab08-2e0a6233b847,5b0fa12a-3dd7-45bb-9766-cc326314d9f1,6.271597300001304,3.952334873285032e-05,6.301958949571285e-06,12.83876678144,38.3987876594015,20.0,2.0575025690616184e-05,6.688283128403194e-05,3.204984666667264e-05,0.0001195077036413,0.0,Italy,ITA,lombardy,,,Windows-11-10.0.26200-SP0,3.13.13,3.2.6,32,13th Gen Intel(R) Core(TM) i9-13900HX,1,1 x NVIDIA GeForce RTX 4070 Laptop GPU,9.1922,45.4722,31.70067596435547,machine,0.0,35.5,31.35,9.9364013671875,N,1.0,0.0
2026-05-04T22:04:43,Q424_mistral:latest _MMLU,356f378d-343b-443b-8652-b9a3f09abc9f,5b0fa12a-3dd7-45bb-9766-cc326314d9f1,4.956629400003294,3.091097765765351e-05,6.236289858110628e-06,12.852484659200003,38.367248525051465,20.0,1.5903195401603403e-05,5.281726447597945e-05,2.474580944447856e-05,9.34662693220614e-05,0.0,Italy,ITA,lombardy,,,Windows-11-10.0.26200-SP0,3.13.13,3.2.6,32,13th Gen Intel(R) Core(TM) i9-13900HX,1,1 x NVIDIA GeForce RTX 4070 Laptop GPU,9.1922,45.4722,31.70067596435547,machine,0.0,56.0,31.066666666666663,9.848182678222656,N,1.0,0.0
2026-05-04T22:05:07,Q425_phi3:mini_HellaSwag,568b59e9-4cb5-41fa-89e0-dd362b684ee3,5b0fa12a-3dd7-45bb-9766-cc326314d9f1,8.182328900002176,6.976275602439157e-05,8.526026865575278e-06,12.831203549257143,62.03642510359881,20.0,2.736357947059438e-05,0.0001409290016319,4.2650748333350446e-05,0.0002109433294359,0.0,Italy,ITA,lombardy,,,Windows-11-10.0.26200-SP0,3.13.13,3.2.6,32,13th Gen Intel(R) Core(TM) i9-13900HX,1,1 x NVIDIA GeForce RTX 4070 Laptop GPU,9.1922,45.4722,31.70067596435547,machine,0.0,74.83333333333333,30.98333333333333,9.81892204284668,N,1.0,0.0
2026-05-04T22:05:32,Q425_qwen2.5:7b_HellaSwag,0a04f5d1-25de-49b9-a7c0-30b6eaa32776,5b0fa12a-3dd7-45bb-9766-cc326314d9f1,10.448627099998705,8.274635104197099e-05,7.919351532985731e-06,12.824464102400002,54.96317194930822,20.0,3.543257649918265e-05,0.0001595129053879,5.525665722222281e-05,0.0002502021391093,0.0,Italy,ITA,lombardy,,,Windows-11-10.0.26200-SP0,3.13.13,3.2.6,32,13th Gen Intel(R) Core(TM) i9-13900HX,1,1 x NVIDIA GeForce RTX 4070 Laptop GPU,9.1922,45.4722,31.70067596435547,machine,0.0,67.25,31.6625,10.035363674163818,N,1.0,0.0
2026-05-04T22:05:59,Q425_mistral:latest _HellaSwag,714a3609-2710-467c-b4bb-d2039799b7a2,5b0fa12a-3dd7-45bb-9766-cc326314d9f1,11.582502199999,0.0001082869856207,9.349187571986495e-06,12.822266212072726,70.37865033339732,20.0,3.946485463189498e-05,0.0002264093477939,6.155577000002571e-05,0.0003274299724258,0.0,Italy,ITA,lombardy,,,Windows-11-10.0.26200-SP0,3.13.13,3.2.6,32,13th Gen Intel(R) Core(TM) i9-13900HX,1,1 x NVIDIA GeForce RTX 4070 Laptop GPU,9.1922,45.4722,31.70067596435547,machine,0.0,83.8,31.090000000000003,9.85052261352539,N,1.0,0.0
2026-05-04T22:06:21,Q426_phi3:mini_MMLU,4b518d46-ee79-4aaa-8cf9-be3ac038947d,5b0fa12a-3dd7-45bb-9766-cc326314d9f1,7.1230249000000185,5.713997427279631e-05,8.021869230415881e-06,12.842290534400002,56.79843356223061,20.0,2.3620082980927377e-05,0.000112371478786,3.678395777779871e-05,0.0001727755195447,0.0,Italy,ITA,lombardy,,,Windows-11-10.0.26200-SP0,3.13.13,3.2.6,32,13th Gen Intel(R) Core(TM) i9-13900HX,1,1 x NVIDIA GeForce RTX 4070 Laptop GPU,9.1922,45.4722,31.70067596435547,machine,0.0,60.4,31.0,9.829615020751952,N,1.0,0.0
2026-05-04T22:06:43,Q426_qwen2.5:7b_MMLU,884bfccb-44cc-45eb-aeb2-feb42bbdf837,5b0fa12a-3dd7-45bb-9766-cc326314d9f1,7.289597400005732,4.875901658771038e-05,6.688849042290324e-06,12.8460591872,42.23138773295487,20.0,2.4220764297583283e-05,8.550506840399041e-05,3.770798277780866e-05,0.0001474338154793,0.0,Italy,ITA,lombardy,,,Windows-11-10.0.26200-SP0,3.13.13,3.2.6,32,13th Gen Intel(R) Core(TM) i9-13900HX,1,1 x NVIDIA GeForce RTX 4070 Laptop GPU,9.1922,45.4722,31.70067596435547,machine,0.0,41.8,31.52,9.993256378173829,N,1.0,0.0
2026-05-04T22:07:05,Q426_mistral:latest _MMLU,b904892b-fa77-4cef-ad93-8ad3e9899e4a,5b0fa12a-3dd7-45bb-9766-cc326314d9f1,6.190497700001288,4.590656447059986e-05,7.415650032563667e-06,12.86139302912,50.5311914437092,20.0,2.0323635428014383e-05,8.688201395001816e-05,3.1603137777791646e-05,0.0001388087871558,0.0,Italy,ITA,lombardy,,,Windows-11-10.0.26200-SP0,3.13.13,3.2.6,32,13th Gen Intel(R) Core(TM) i9-13900HX,1,1 x NVIDIA GeForce RTX 4070 Laptop GPU,9.1922,45.4722,31.70067596435547,machine,0.0,55.75,31.1,9.862513542175291,N,1.0,0.0
2026-05-04T22:07:25,Q427_phi3:mini_SQuAD,e72513b7-3430-4c84-be26-4b05e6ec7d23,5b0fa12a-3dd7-45bb-9766-cc326314d9f1,4.831248499998765,3.049532318816928e-05,6.312099902991344e-06,12.8494833248,39.291328888899024,20.0,1.5448525473394088e-05,5.271670883999491e-05,2.4044210555560616e-05,9.220944486894962e-05,0.0,Italy,ITA,lombardy,,,Windows-11-10.0.26200-SP0,3.13.13,3.2.6,32,13th Gen Intel(R) Core(TM) i9-13900HX,1,1 x NVIDIA GeForce RTX 4070 Laptop GPU,9.1922,45.4722,31.70067596435547,machine,0.0,34.666666666666664,31.03333333333333,9.832658131917318,N,1.0,0.0
2026-05-04T22:07:35,Q427_qwen2.5:7b_SQuAD,8272beff-dbe7-45f9-ba3f-06196472d18b,5b0fa12a-3dd7-45bb-9766-cc326314d9f1,5.781204099999741,3.420539606690418e-05,5.91665602446136e-06,12.84679057664,34.41573153022475,20.0,1.883947758383645e-05,5.526032198599484e-05,2.9327882222221687e-05,0.000103427681792,0.0,Italy,ITA,lombardy,,,Windows-11-10.0.26200-SP0,3.13.13,3.2.6,32,13th Gen Intel(R) Core(TM) i9-13900HX,1,1 x NVIDIA GeForce RTX 4070 Laptop GPU,9.1922,45.4722,31.70067596435547,machine,0.0,37.75,31.375,9.95387363433838,N,1.0,0.0
2026-05-04T22:07:46,Q427_mistral:latest _SQuAD,a2b38dbc-e9d2-4b79-8380-4ba6902f4cc6,5b0fa12a-3dd7-45bb-9766-cc326314d9f1,4.949940899998182,3.3450344972097966e-05,6.757726132065587e-06,12.8666955008,44.03925661413562,20.0,1.589531046936158e-05,6.054254843401719e-05,2.47067566666778e-05,0.00010114461557,0.0,Italy,ITA,lombardy,,,Windows-11-10.0.26200-SP0,3.13.13,3.2.6,32,13th Gen Intel(R) Core(TM) i9-13900HX,1,1 x NVIDIA GeForce RTX 4070 Laptop GPU,9.1922,45.4722,31.70067596435547,machine,0.0,65.0,31.1,9.85607401529948,N,1.0,0.0
2026-05-04T22:07:55,Q428_phi3:mini_GSM8K,64987a2d-2110-4b0f-9faf-524e2559c24d,5b0fa12a-3dd7-45bb-9766-cc326314d9f1,4.753024199999345,3.214442785770034e-05,6.76294218272753e-06,12.847980224000002,44.2488993547,20.0,1.51703179600469e-05,5.841143561802209e-05,2.3614128888867628e-05,9.71958824669366e-05,0.0,Italy,ITA,lombardy,,,Windows-11-10.0.26200-SP0,3.13.13,3.2.6,32,13th Gen Intel(R) Core(TM) i9-13900HX,1,1 x NVIDIA GeForce RTX 4070 Laptop GPU,9.1922,45.4722,31.70067596435547,machine,0.0,47.333333333333336,30.96666666666667,9.823040008544922,N,1.0,0.0
2026-05-04T22:08:19,Q428_qwen2.5:7b_GSM8K,9c2d370c-3009-43ec-ae3c-04fc04370fe6,5b0fa12a-3dd7-45bb-9766-cc326314d9f1,8.130722900001274,5.738125617542151e-05,7.057337567784104e-06,12.83073626514286,46.02337446684823,20.0,2.71890757541818e-05,0.0001039356387039,4.238037499999336e-05,0.0001735050894581,0.0,Italy,ITA,lombardy,,,Windows-11-10.0.26200-SP0,3.13.13,3.2.6,32,13th Gen Intel(R) Core(TM) i9-13900HX,1,1 x NVIDIA GeForce RTX 4070 Laptop GPU,9.1922,45.4722,31.70067596435547,machine,0.0,38.66666666666666,31.6,10.013747533162435,N,1.0,0.0
2026-05-04T22:08:42,Q428_mistral:latest _GSM8K,21f995f9-f737-4705-8116-bbb4ee710c4d,5b0fa12a-3dd7-45bb-9766-cc326314d9f1,7.942913799997768,6.635785587974508e-05,8.35434672346107e-06,12.841564110628571,60.17930516722196,20.0,2.654333501832051e-05,0.0001327662173239,4.1338298333317255e-05,0.0002006478506756,0.0,Italy,ITA,lombardy,,,Windows-11-10.0.26200-SP0,3.13.13,3.2.6,32,13th Gen Intel(R) Core(TM) i9-13900HX,1,1 x NVIDIA GeForce RTX 4070 Laptop GPU,9.1922,45.4722,31.70067596435547,machine,0.0,67.16666666666667,31.03333333333333,9.848838806152344,N,1.0,0.0
2026-05-04T22:09:06,Q429_phi3:mini_HellaSwag,6f2e12e5-f535-49df-bf91-5508dff0e3ec,5b0fa12a-3dd7-45bb-9766-cc326314d9f1,9.17447119999997,7.992193435567844e-05,8.711339608944294e-06,12.8363918384,63.80443486651657,20.0,3.091887047232559e-05,0.0001625698522779,4.817315944443787e-05,0.0002416618821947,0.0,Italy,ITA,lombardy,,,Windows-11-10.0.26200-SP0,3.13.13,3.2.6,32,13th Gen Intel(R) Core(TM) i9-13900HX,1,1 x NVIDIA GeForce RTX 4070 Laptop GPU,9.1922,45.4722,31.70067596435547,machine,0.0,84.0,30.97142857142857,9.815673828125,N,1.0,0.0
2026-05-04T22:09:29,Q429_qwen2.5:7b_HellaSwag,0466f470-f1e5-419b-b6ad-d7cb00afa123,5b0fa12a-3dd7-45bb-9766-cc326314d9f1,7.796376500002225,5.565084909627627e-05,7.138040228849953e-06,12.824254570057144,46.99375081038255,20.0,2.5985611058040216e-05,0.000101762859188,4.0524345555564245e-05,0.0001682728158016,0.0,Italy,ITA,lombardy,,,Windows-11-10.0.26200-SP0,3.13.13,3.2.6,32,13th Gen Intel(R) Core(TM) i9-13900HX,1,1 x NVIDIA GeForce RTX 4070 Laptop GPU,9.1922,45.4722,31.70067596435547,machine,0.0,56.833333333333336,31.55,10.006481806437174,N,1.0,0.0
2026-05-04T22:09:55,Q429_mistral:latest _HellaSwag,a32928c3-d2f0-43a3-aa10-f0a33506866a,5b0fa12a-3dd7-45bb-9766-cc326314d9f1,10.7027894999992,9.777254341433256e-05,9.135239314417971e-06,12.8330323904,68.15242022950447,20.0,3.6363604296186005e-05,0.0002026032176379,5.667037777776487e-05,0.0002956371997119,0.0,Italy,ITA,lombardy,,,Windows-11-10.0.26200-SP0,3.13.13,3.2.6,32,13th Gen Intel(R) Core(TM) i9-13900HX,1,1 x NVIDIA GeForce RTX 4070 Laptop GPU,9.1922,45.4722,31.70067596435547,machine,0.0,80.55555555555556,31.100000000000005,9.857994079589844,N,1.0,0.0
2026-05-04T22:10:19,Q430_phi3:mini_HellaSwag,2c7fa362-b414-43ff-bc53-e1eea23d55e0,5b0fa12a-3dd7-45bb-9766-cc326314d9f1,9.139884600001096,8.01730053079172e-05,8.771774351276556e-06,12.8325592352,64.46063975503226,20.0,3.079087002445077e-05,0.0001636423531359,4.798782833333664e-05,0.0002424210514937,0.0,Italy,ITA,lombardy,,,Windows-11-10.0.26200-SP0,3.13.13,3.2.6,32,13th Gen Intel(R) Core(TM) i9-13900HX,1,1 x NVIDIA GeForce RTX 4070 Laptop GPU,9.1922,45.4722,31.70067596435547,machine,0.0,88.85714285714286,31.0,9.817840031215123,N,1.0,0.0
2026-05-04T22:10:44,Q430_qwen2.5:7b_HellaSwag,55e2496a-9188-41d4-a24d-da9d7e444e9f,5b0fa12a-3dd7-45bb-9766-cc326314d9f1,10.423337100000936,8.457462903249701e-05,8.113968513259484e-06,12.832878656,57.10584106011304,20.0,3.5353511290744665e-05,0.000165279576668,5.5097259444462704e-05,0.0002557303474032,0.0,Italy,ITA,lombardy,,,Windows-11-10.0.26200-SP0,3.13.13,3.2.6,32,13th Gen Intel(R) Core(TM) i9-13900HX,1,1 x NVIDIA GeForce RTX 4070 Laptop GPU,9.1922,45.4722,31.70067596435547,machine,0.0,66.5,31.65,10.029489994049072,N,1.0,0.0
2026-05-04T22:11:11,Q430_mistral:latest _HellaSwag,92a02d2f-a1b4-4f26-8d01-ad428eec2a51,5b0fa12a-3dd7-45bb-9766-cc326314d9f1,11.258872700003849,0.0001019559003088,9.055604679571951e-06,12.845680175360002,67.24153050158691,20.0,3.83657765656286e-05,0.0002101885014839,5.9732238888884446e-05,0.0003082865169384,0.0,Italy,ITA,lombardy,,,Windows-11-10.0.26200-SP0,3.13.13,3.2.6,32,13th Gen Intel(R) Core(TM) i9-13900HX,1,1 x NVIDIA GeForce RTX 4070 Laptop GPU,9.1922,45.4722,31.70067596435547,machine,6.944444444444445,84.0,31.100000000000005,9.8580199347602,N,1.0,0.0
2026-05-04T22:11:35,Q431_phi3:mini_HumanEval,bf00eafe-d93e-48ef-8c68-b775386d3ec9,5b0fa12a-3dd7-45bb-9766-cc326314d9f1,9.351898200002324,7.974008925270734e-05,8.526620750928139e-06,12.8438747984,61.74202042535262,20.0,3.1572498354498546e-05,0.000160377072746,4.916246166669428e-05,0.0002411120327672,0.0,Italy,ITA,lombardy,,,Windows-11-10.0.26200-SP0,3.13.13,3.2.6,32,13th Gen Intel(R) Core(TM) i9-13900HX,1,1 x NVIDIA GeForce RTX 4070 Laptop GPU,9.1922,45.4722,31.70067596435547,machine,0.0,84.28571428571429,31.057142857142857,9.845361982073102,N,1.0,0.0
2026-05-04T22:12:04,Q431_qwen2.5:7b_HumanEval,eb6716ef-a9c1-4a86-86cf-01b67221abc6,5b0fa12a-3dd7-45bb-9766-cc326314d9f1,13.945048800000222,0.0001239150644961,8.885954167198647e-06,12.829944813292308,65.10852430329898,20.0,4.789649729834199e-05,0.000252126312812,7.466216166665416e-05,0.000374684971777,0.0,Italy,ITA,lombardy,,,Windows-11-10.0.26200-SP0,3.13.13,3.2.6,32,13th Gen Intel(R) Core(TM) i9-13900HX,1,1 x NVIDIA GeForce RTX 4070 Laptop GPU,9.1922,45.4722,31.70067596435547,machine,0.0,76.16666666666667,31.816666666666663,10.081742922465006,N,1.0,0.0
2026-05-04T22:12:32,Q431_mistral:latest _HumanEval,8d4e3f7f-4df0-4e34-a3b7-ad0d768deab2,5b0fa12a-3dd7-45bb-9766-cc326314d9f1,12.51226179999503,0.0001167038043901,9.327154934545346e-06,12.824506129454548,70.06961819759023,20.0,4.2765805780271454e-05,0.0002434218614039,6.669244333332042e-05,0.0003528801105175,0.0,Italy,ITA,lombardy,,,Windows-11-10.0.26200-SP0,3.13.13,3.2.6,32,13th Gen Intel(R) Core(TM) i9-13900HX,1,1 x NVIDIA GeForce RTX 4070 Laptop GPU,9.1922,45.4722,31.70067596435547,machine,5.0,83.7,31.1,9.857096099853516,N,1.0,0.0
2026-05-04T22:12:52,Q432_phi3:mini_GSM8K,cd94694a-ddce-4d28-b204-5cd65e4a9074,5b0fa12a-3dd7-45bb-9766-cc326314d9f1,4.897245100000873,3.1798262816411134e-05,6.493091966421175e-06,12.863559209600002,41.203679549874856,20.0,1.5702521714679904e-05,5.603421149397159e-05,2.4412441666653543e-05,9.614917487530504e-05,0.0,Italy,ITA,lombardy,,,Windows-11-10.0.26200-SP0,3.13.13,3.2.6,32,13th Gen Intel(R) Core(TM) i9-13900HX,1,1 x NVIDIA GeForce RTX 4070 Laptop GPU,9.1922,45.4722,31.70067596435547,machine,0.0,66.66666666666667,31.03333333333333,9.829490661621094,N,1.0,0.0
2026-05-04T22:13:16,Q432_qwen2.5:7b_GSM8K,707ebc50-a06f-45f9-b0ae-186fcc3f9ce7,5b0fa12a-3dd7-45bb-9766-cc326314d9f1,9.407611399998132,7.174527794857615e-05,7.62630118295388e-06,12.839436992,51.933601798553,20.0,3.1762018052095793e-05,0.0001357014974499,4.947441333331679e-05,0.0002169379288353,0.0,Italy,ITA,lombardy,,,Windows-11-10.0.26200-SP0,3.13.13,3.2.6,32,13th Gen Intel(R) Core(TM) i9-13900HX,1,1 x NVIDIA GeForce RTX 4070 Laptop GPU,9.1922,45.4722,31.70067596435547,machine,0.0,62.0,31.62857142857143,10.02531269618443,N,1.0,0.0
2026-05-04T22:13:38,Q432_mistral:latest _GSM8K,53791d8f-fca2-4e55-acec-ca14689e9861,5b0fa12a-3dd7-45bb-9766-cc326314d9f1,6.771668100001989,4.999043735017741e-05,7.382292902122998e-06,12.8353106624,49.96192039646179,20.0,2.235447976596892e-05,9.397090850998824e-05,3.483190388890055e-05,0.0001511572921648,0.0,Italy,ITA,lombardy,,,Windows-11-10.0.26200-SP0,3.13.13,3.2.6,32,13th Gen Intel(R) Core(TM) i9-13900HX,1,1 x NVIDIA GeForce RTX 4070 Laptop GPU,9.1922,45.4722,31.70067596435547,machine,0.0,71.8,31.1,9.850165557861327,N,1.0,0.0
2026-05-04T22:13:58,Q433_phi3:mini_SQuAD,0982b087-0900-40dc-b057-492c2bddba7b,5b0fa12a-3dd7-45bb-9766-cc326314d9f1,4.926501800000551,3.0144112452801938e-05,6.118766150212016e-06,12.8355256064,37.12706157462956,20.0,1.577368651966631e-05,5.079670730401276e-05,2.457708666665389e-05,9.114748049033296e-05,0.0,Italy,ITA,lombardy,,,Windows-11-10.0.26200-SP0,3.13.13,3.2.6,32,13th Gen Intel(R) Core(TM) i9-13900HX,1,1 x NVIDIA GeForce RTX 4070 Laptop GPU,9.1922,45.4722,31.70067596435547,machine,0.0,41.0,30.96666666666667,9.821290334065756,N,1.0,0.0
2026-05-04T22:14:09,Q433_qwen2.5:7b_SQuAD,f17fb8f6-4041-4bea-b498-740b303d653e,5b0fa12a-3dd7-45bb-9766-cc326314d9f1,5.750642199993308,3.489633513567549e-05,6.068250105304082e-06,12.850066795520002,36.07841238446902,20.0,1.8734918722875537e-05,5.762421276600538e-05,2.9157759444408133e-05,0.0001055168909332,0.0,Italy,ITA,lombardy,,,Windows-11-10.0.26200-SP0,3.13.13,3.2.6,32,13th Gen Intel(R) Core(TM) i9-13900HX,1,1 x NVIDIA GeForce RTX 4070 Laptop GPU,9.1922,45.4722,31.70067596435547,machine,25.0,37.0,31.45,9.965750694274902,N,1.0,0.0
2026-05-04T22:14:29,Q433_mistral:latest _SQuAD,90bf1e3a-f1b8-49b9-9159-3bb6c84a01e1,5b0fa12a-3dd7-45bb-9766-cc326314d9f1,5.185178599997016,3.285575346097402e-05,6.336474786228757e-06,12.884953865600002,39.31459872365988,20.0,1.6753070703367098e-05,5.659060082796597e-05,2.60030633333372e-05,9.934673486467026e-05,0.0,Italy,ITA,lombardy,,,Windows-11-10.0.26200-SP0,3.13.13,3.2.6,32,13th Gen Intel(R) Core(TM) i9-13900HX,1,1 x NVIDIA GeForce RTX 4070 Laptop GPU,9.1922,45.4722,31.70067596435547,machine,0.0,48.66666666666666,31.1,9.859251658121744,N,1.0,0.0
2026-05-04T22:14:39,Q434_phi3:mini_MMLU,7432566f-011f-47a8-90a3-b5a314c2bcf0,5b0fa12a-3dd7-45bb-9766-cc326314d9f1,5.102315000003728,3.5766272762619284e-05,7.009812754130851e-06,12.8523357632,46.69304723630154,20.0,1.6423769957783625e-05,6.616699737804765e-05,2.5556574999993448e-05,0.0001081473423358,0.0,Italy,ITA,lombardy,,,Windows-11-10.0.26200-SP0,3.13.13,3.2.6,32,13th Gen Intel(R) Core(TM) i9-13900HX,1,1 x NVIDIA GeForce RTX 4070 Laptop GPU,9.1922,45.4722,31.70067596435547,machine,0.0,33.0,31.166666666666668,9.887771606445312,N,1.0,0.0
2026-05-04T22:15:01,Q434_qwen2.5:7b_MMLU,02182422-19b6-490c-9d63-e658525b58e4,5b0fa12a-3dd7-45bb-9766-cc326314d9f1,7.127154299996619,4.8688269890528267e-05,6.83137586772204e-06,12.846794758400003,43.85034027262315,20.0,2.363686977687005e-05,8.678590276200993e-05,3.679712444443592e-05,0.0001472198969833,0.0,Italy,ITA,lombardy,,,Windows-11-10.0.26200-SP0,3.13.13,3.2.6,32,13th Gen Intel(R) Core(TM) i9-13900HX,1,1 x NVIDIA GeForce RTX 4070 Laptop GPU,9.1922,45.4722,31.70067596435547,machine,0.0,39.2,31.74,10.060293579101565,N,1.0,0.0
2026-05-04T22:15:25,Q434_mistral:latest _MMLU,cb38b0f4-b4f3-40b0-96f7-0ff2234b3a7c,5b0fa12a-3dd7-45bb-9766-cc326314d9f1,8.226123599997663,6.745320677793063e-05,8.199877616469291e-06,12.842114651428572,58.42531961976991,20.0,2.75551167231876e-05,0.0001334920512379,4.291272166665294e-05,0.0002039598896278,0.0,Italy,ITA,lombardy,,,Windows-11-10.0.26200-SP0,3.13.13,3.2.6,32,13th Gen Intel(R) Core(TM) i9-13900HX,1,1 x NVIDIA GeForce RTX 4070 Laptop GPU,9.1922,45.4722,31.70067596435547,machine,0.0,79.33333333333333,31.3,9.931578318277994,N,1.0,0.0
2026-05-04T22:15:49,Q435_phi3:mini_GSM8K,b25ddcf6-8621-4f36-90d9-0d1b69ba20a2,5b0fa12a-3dd7-45bb-9766-cc326314d9f1,9.297111899999436,8.027111959647894e-05,8.633984452363514e-06,12.842202440000005,62.98289259713432,20.0,3.1353769230324006e-05,0.0001625356855839,4.882826722221378e-05,0.0002427177220365,0.0,Italy,ITA,lombardy,,,Windows-11-10.0.26200-SP0,3.13.13,3.2.6,32,13th Gen Intel(R) Core(TM) i9-13900HX,1,1 x NVIDIA GeForce RTX 4070 Laptop GPU,9.1922,45.4722,31.70067596435547,machine,0.0,82.0,31.1,9.865270342145648,N,1.0,0.0
2026-05-04T22:16:20,Q435_qwen2.5:7b_GSM8K,2e2bfd6b-9fc5-4609-b0f5-afa921805371,5b0fa12a-3dd7-45bb-9766-cc326314d9f1,15.249062399998364,0.0001357235157761,8.90044989101329e-06,12.830163021714286,65.15201413865712,20.0,5.255052300263115e-05,0.000275923554072,8.19163938888879e-05,0.0004103904709635,0.0,Italy,ITA,lombardy,,,Windows-11-10.0.26200-SP0,3.13.13,3.2.6,32,13th Gen Intel(R) Core(TM) i9-13900HX,1,1 x NVIDIA GeForce RTX 4070 Laptop GPU,9.1922,45.4722,31.70067596435547,machine,3.8461538461538463,78.23076923076923,31.9,10.11836946927584,N,1.0,0.0
2026-05-04T22:16:44,Q435_mistral:latest _GSM8K,7d2c6b04-be78-4a64-bfbb-4d229715addb,5b0fa12a-3dd7-45bb-9766-cc326314d9f1,9.592431199998828,8.194923728782978e-05,8.543114417942324e-06,12.829949158400002,61.90005731520132,20.0,3.2393258419617234e-05,0.0001649034652559,5.0495163333350016e-05,0.0002477918870089,0.0,Italy,ITA,lombardy,,,Windows-11-10.0.26200-SP0,3.13.13,3.2.6,32,13th Gen Intel(R) Core(TM) i9-13900HX,1,1 x NVIDIA GeForce RTX 4070 Laptop GPU,9.1922,45.4722,31.70067596435547,machine,0.0,84.5,31.2,9.88265895843506,N,1.0,0.0
2026-05-04T22:17:04,Q436_phi3:mini_MMLU,b33d90a7-37b6-4dc1-a694-8211ae54ecc6,5b0fa12a-3dd7-45bb-9766-cc326314d9f1,4.685016099996574,3.208383185961471e-05,6.848179637982071e-06,12.845252172800002,45.229263618205934,20.0,1.4924947026095232e-05,5.885115819198594e-05,2.32365516666808e-05,9.701265688476196e-05,0.0,Italy,ITA,lombardy,,,Windows-11-10.0.26200-SP0,3.13.13,3.2.6,32,13th Gen Intel(R) Core(TM) i9-13900HX,1,1 x NVIDIA GeForce RTX 4070 Laptop GPU,9.1922,45.4722,31.70067596435547,machine,0.0,40.66666666666666,31.066666666666663,9.847492218017578,N,1.0,0.0
2026-05-04T22:17:26,Q436_qwen2.5:7b_MMLU,790482f6-3a6c-4c5b-856a-a1791b74e238,5b0fa12a-3dd7-45bb-9766-cc326314d9f1,6.502239600005851,3.965609656004047e-05,6.098836554716438e-06,12.833765027840002,36.095697417816005,20.0,2.138960374533477e-05,6.518755214995897e-05,3.333194055558124e-05,0.0001199090964508,0.0,Italy,ITA,lombardy,,,Windows-11-10.0.26200-SP0,3.13.13,3.2.6,32,13th Gen Intel(R) Core(TM) i9-13900HX,1,1 x NVIDIA GeForce RTX 4070 Laptop GPU,9.1922,45.4722,31.70067596435547,machine,0.0,35.5,31.5,9.988081932067873,N,1.0,0.0
2026-05-04T22:17:46,Q436_mistral:latest _MMLU,04356271-709f-4508-be4c-2de88ff351fb,5b0fa12a-3dd7-45bb-9766-cc326314d9f1,5.458139999995183,3.861902104809801e-05,7.075491110182606e-06,12.861679952000005,47.36128103196151,20.0,1.7663927210241515e-05,7.164255731395563e-05,2.746678166663009e-05,0.0001167732661908,0.0,Italy,ITA,lombardy,,,Windows-11-10.0.26200-SP0,3.13.13,3.2.6,32,13th Gen Intel(R) Core(TM) i9-13900HX,1,1 x NVIDIA GeForce RTX 4070 Laptop GPU,9.1922,45.4722,31.70067596435547,machine,0.0,54.0,31.2,9.890403747558594,N,1.0,0.0
2026-05-04T22:17:56,Q437_phi3:mini_SQuAD,25ab3f12-70e9-4038-9ef6-46a94d948285,5b0fa12a-3dd7-45bb-9766-cc326314d9f1,4.979647300002398,3.1464423091048025e-05,6.31860475159212e-06,12.865326118400002,39.2383397060029,20.0,1.6000264447589724e-05,5.426698785804263e-05,2.4872483333335064e-05,9.51397356389674e-05,0.0,Italy,ITA,lombardy,,,Windows-11-10.0.26200-SP0,3.13.13,3.2.6,32,13th Gen Intel(R) Core(TM) i9-13900HX,1,1 x NVIDIA GeForce RTX 4070 Laptop GPU,9.1922,45.4722,31.70067596435547,machine,0.0,66.0,31.1,9.859107971191406,N,1.0,0.0
2026-05-04T22:18:17,Q437_qwen2.5:7b_SQuAD,c86afe99-f58d-42cf-ae58-08e5b6e3a501,5b0fa12a-3dd7-45bb-9766-cc326314d9f1,6.045135300002585,3.621410995673036e-05,5.990620252406074e-06,12.83689183232,35.135557532788134,20.0,1.9756073519794987e-05,5.896588050602336e-05,3.0779524444450444e-05,0.0001095014784702,0.0,Italy,ITA,lombardy,,,Windows-11-10.0.26200-SP0,3.13.13,3.2.6,32,13th Gen Intel(R) Core(TM) i9-13900HX,1,1 x NVIDIA GeForce RTX 4070 Laptop GPU,9.1922,45.4722,31.70067596435547,machine,0.0,39.75,31.5,9.983086585998535,N,1.0,0.0
2026-05-04T22:18:27,Q437_mistral:latest _SQuAD,87c2fb20-bcab-403c-93b5-47007cacadd5,5b0fa12a-3dd7-45bb-9766-cc326314d9f1,4.964291999996931,3.407573467373106e-05,6.864168077492647e-06,12.8708785568,45.17943278167742,20.0,1.5954574452642664e-05,6.229088316600517e-05,2.4790163888893503e-05,0.0001030356215075,0.0,Italy,ITA,lombardy,,,Windows-11-10.0.26200-SP0,3.13.13,3.2.6,32,13th Gen Intel(R) Core(TM) i9-13900HX,1,1 x NVIDIA GeForce RTX 4070 Laptop GPU,9.1922,45.4722,31.70067596435547,machine,0.0,48.333333333333336,31.266666666666666,9.912239074707031,N,1.0,0.0
2026-05-04T22:18:48,Q438_phi3:mini_SQuAD,84f4688e-7e1d-4c29-9cde-dfc754fb3db1,5b0fa12a-3dd7-45bb-9766-cc326314d9f1,5.6905368000007,4.070888501939654e-05,7.15378644408231e-06,12.92994746624,47.86039835176793,20.0,1.863364504155958e-05,7.563756050998904e-05,2.882123277777282e-05,0.0001230924383293,0.0,Italy,ITA,lombardy,,,Windows-11-10.0.26200-SP0,3.13.13,3.2.6,32,13th Gen Intel(R) Core(TM) i9-13900HX,1,1 x NVIDIA GeForce RTX 4070 Laptop GPU,9.1922,45.4722,31.70067596435547,machine,0.0,51.75,31.4,9.949377059936523,N,1.0,0.0
2026-05-04T22:18:59,Q438_qwen2.5:7b_SQuAD,496447e2-afad-43d2-9fd7-2f525b4fddea,5b0fa12a-3dd7-45bb-9766-cc326314d9f1,5.659226800002216,2.983609577472549e-05,5.272115225124713e-06,12.830690754560004,27.47440847575865,20.0,1.838129070036793e-05,4.3184201213963824e-05,2.8650631111102284e-05,9.021612302543404e-05,0.0,Italy,ITA,lombardy,,,Windows-11-10.0.26200-SP0,3.13.13,3.2.6,32,13th Gen Intel(R) Core(TM) i9-13900HX,1,1 x NVIDIA GeForce RTX 4070 Laptop GPU,9.1922,45.4722,31.70067596435547,machine,0.0,12.25,31.8,10.085829734802246,N,1.0,0.0
2026-05-04T22:19:18,Q438_mistral:latest _SQuAD,47787a56-00cf-43ca-88f5-c59c26e174f1,5b0fa12a-3dd7-45bb-9766-cc326314d9f1,4.285720100000617,2.350586818284619e-05,5.484695135093588e-06,12.978218662400003,30.593476297525893,20.0,1.3640445247875383e-05,3.641530690995376e-05,2.1019508888881927e-05,7.107526104671107e-05,0.0,Italy,ITA,lombardy,,,Windows-11-10.0.26200-SP0,3.13.13,3.2.6,32,13th Gen Intel(R) Core(TM) i9-13900HX,1,1 x NVIDIA GeForce RTX 4070 Laptop GPU,9.1922,45.4722,31.70067596435547,machine,0.0,42.5,31.7,10.055099487304688,N,1.0,0.0
2026-05-04T22:19:30,Q439_phi3:mini_HellaSwag,1bfe5dc0-45bb-41cc-a57b-72340d12f9b7,5b0fa12a-3dd7-45bb-9766-cc326314d9f1,6.932365099994058,4.3833065579787056e-05,6.322959761571794e-06,13.0358934272,38.19440136314566,20.0,2.328102078495661e-05,7.3540614387968e-05,3.571746333331653e-05,0.0001325390985062,0.0,Italy,ITA,lombardy,,,Windows-11-10.0.26200-SP0,3.13.13,3.2.6,32,13th Gen Intel(R) Core(TM) i9-13900HX,1,1 x NVIDIA GeForce RTX 4070 Laptop GPU,9.1922,45.4722,31.70067596435547,machine,0.0,44.4,31.44,9.957327270507813,N,1.0,0.0
2026-05-04T22:19:59,Q439_qwen2.5:7b_HellaSwag,959baecb-6ac7-4109-804b-901b164cf0b9,5b0fa12a-3dd7-45bb-9766-cc326314d9f1,13.3364556000015,9.273969297146646e-05,6.95384859013485e-06,12.886003270400002,44.05038513472001,20.0,4.593981723861141e-05,0.000163178463876,7.130096722220414e-05,0.0002804192483368,0.0,Italy,ITA,lombardy,,,Windows-11-10.0.26200-SP0,3.13.13,3.2.6,32,13th Gen Intel(R) Core(TM) i9-13900HX,1,1 x NVIDIA GeForce RTX 4070 Laptop GPU,9.1922,45.4722,31.70067596435547,machine,0.0,42.45454545454545,31.88181818181818,10.108536460182885,N,1.0,0.0
2026-05-04T22:20:30,Q439_mistral:latest _HellaSwag,5f8d0deb-3df3-40de-90b4-3b476f03392e,5b0fa12a-3dd7-45bb-9766-cc326314d9f1,15.602042799997434,0.0001412937583112,9.05610631392964e-06,12.8329540352,66.8061952774801,20.0,5.382814616800528e-05,0.000289515787168,8.388941444443642e-05,0.0004272333477804,0.0,Italy,ITA,lombardy,,,Windows-11-10.0.26200-SP0,3.13.13,3.2.6,32,13th Gen Intel(R) Core(TM) i9-13900HX,1,1 x NVIDIA GeForce RTX 4070 Laptop GPU,9.1922,45.4722,31.70067596435547,machine,0.0,66.28571428571429,31.278571428571432,9.922572544642858,N,1.0,0.0
2026-05-04T22:20:51,Q440_phi3:mini_MMLU,b0b67856-a7e6-45b0-a0f6-e3259aa60087,5b0fa12a-3dd7-45bb-9766-cc326314d9f1,6.651949800005241,5.230555026962773e-05,7.863190769958384e-06,12.8617216832,55.22139642323808,20.0,2.1970811699750547e-05,0.0001020236927299,3.416305055555616e-05,0.0001581575549852,0.0,Italy,ITA,lombardy,,,Windows-11-10.0.26200-SP0,3.13.13,3.2.6,32,13th Gen Intel(R) Core(TM) i9-13900HX,1,1 x NVIDIA GeForce RTX 4070 Laptop GPU,9.1922,45.4722,31.70067596435547,machine,0.0,70.2,31.14,9.865478515625,N,1.0,0.0
2026-05-04T22:21:15,Q440_qwen2.5:7b_MMLU,89a52c65-c1a9-4564-93b7-7512cddb298a,5b0fa12a-3dd7-45bb-9766-cc326314d9f1,7.954399700000067,5.540301570119319e-05,6.96507816940513e-06,12.854276150857144,45.080095271444165,20.0,2.6596120788513605e-05,9.954785741600468e-05,4.137945777777835e-05,0.0001675234359822,0.0,Italy,ITA,lombardy,,,Windows-11-10.0.26200-SP0,3.13.13,3.2.6,32,13th Gen Intel(R) Core(TM) i9-13900HX,1,1 x NVIDIA GeForce RTX 4070 Laptop GPU,9.1922,45.4722,31.70067596435547,machine,8.333333333333334,50.333333333333336,31.65,10.037614186604818,N,1.0,0.0
2026-05-04T22:21:35,Q440_mistral:latest _MMLU,5e5a72b4-4ec0-4acf-b257-a501e1b9bbbf,5b0fa12a-3dd7-45bb-9766-cc326314d9f1,5.405565900000511,3.517605140506852e-05,6.507376296173763e-06,12.8597647232,41.03468943659163,20.0,1.7515907595277176e-05,6.160643817404443e-05,2.724032999996981e-05,0.0001063626757692,0.0,Italy,ITA,lombardy,,,Windows-11-10.0.26200-SP0,3.13.13,3.2.6,32,13th Gen Intel(R) Core(TM) i9-13900HX,1,1 x NVIDIA GeForce RTX 4070 Laptop GPU,9.1922,45.4722,31.70067596435547,machine,0.0,50.66666666666666,31.1,9.860210418701172,N,1.0,0.0
2026-05-04T22:21:59,Q441_phi3:mini_HumanEval,9a7abaa9-eebd-4533-a240-b3044d759730,5b0fa12a-3dd7-45bb-9766-cc326314d9f1,9.344992100006491,7.985013013379254e-05,8.544697446425562e-06,12.8335622672,61.98057374722351,20.0,3.151361460125958e-05,0.0001608209619899,4.911018944444044e-05,0.0002414447660356,0.0,Italy,ITA,lombardy,,,Windows-11-10.0.26200-SP0,3.13.13,3.2.6,32,13th Gen Intel(R) Core(TM) i9-13900HX,1,1 x NVIDIA GeForce RTX 4070 Laptop GPU,9.1922,45.4722,31.70067596435547,machine,0.0,83.57142857142857,31.02857142857143,9.838421412876674,N,1.0,0.0
2026-05-04T22:22:30,Q441_qwen2.5:7b_HumanEval,f8d33412-755f-4215-ab6c-8f45ab6d5803,5b0fa12a-3dd7-45bb-9766-cc326314d9f1,15.151758300002257,0.0001364090298137,9.00285149174769e-06,12.8335010816,66.2571089743549,20.0,5.222495267119031e-05,0.000278850778636,8.138754500000182e-05,0.0004124632763072,0.0,Italy,ITA,lombardy,,,Windows-11-10.0.26200-SP0,3.13.13,3.2.6,32,13th Gen Intel(R) Core(TM) i9-13900HX,1,1 x NVIDIA GeForce RTX 4070 Laptop GPU,9.1922,45.4722,31.70067596435547,machine,0.0,77.92307692307692,31.85384615384616,10.09412090594952,N,1.0,0.0
2026-05-04T22:22:52,Q441_mistral:latest _HumanEval,09f7546e-a231-4c30-8ae3-349a7048de98,5b0fa12a-3dd7-45bb-9766-cc326314d9f1,7.701934500000789,6.267549178607296e-05,8.1376298105452e-06,12.82417834057143,57.90088445301109,20.0,2.564953116213323e-05,0.000123863154646,4.000071166665294e-05,0.0001895133974748,0.0,Italy,ITA,lombardy,,,Windows-11-10.0.26200-SP0,3.13.13,3.2.6,32,13th Gen Intel(R) Core(TM) i9-13900HX,1,1 x NVIDIA GeForce RTX 4070 Laptop GPU,9.1922,45.4722,31.70067596435547,machine,0.0,77.33333333333333,31.116666666666664,9.863733927408854,N,1.0,0.0
2026-05-04T22:23:16,Q442_phi3:mini_GSM8K,7dc9c333-f280-43ba-b460-31a104102404,5b0fa12a-3dd7-45bb-9766-cc326314d9f1,8.43435870000394,6.899563040580492e-05,8.180305445839372e-06,12.825182785828572,58.17776644362525,20.0,2.8260898039749545e-05,0.000136292609034,4.407024611112623e-05,0.0002086237531849,0.0,Italy,ITA,lombardy,,,Windows-11-10.0.26200-SP0,3.13.13,3.2.6,32,13th Gen Intel(R) Core(TM) i9-13900HX,1,1 x NVIDIA GeForce RTX 4070 Laptop GPU,9.1922,45.4722,31.70067596435547,machine,0.0,73.0,31.03333333333333,9.842517217000326,N,1.0,0.0
2026-05-04T22:23:45,Q442_qwen2.5:7b_GSM8K,c11f496c-e51f-4a85-bece-4322256bb0f2,5b0fa12a-3dd7-45bb-9766-cc326314d9f1,14.168580700003076,0.0001254400326535,8.853394373761099e-06,12.821433447384615,64.71890739849215,20.0,4.867224271231789e-05,0.00025470159265,7.592221944444949e-05,0.0003792960548067,0.0,Italy,ITA,lombardy,,,Windows-11-10.0.26200-SP0,3.13.13,3.2.6,32,13th Gen Intel(R) Core(TM) i9-13900HX,1,1 x NVIDIA GeForce RTX 4070 Laptop GPU,9.1922,45.4722,31.70067596435547,machine,0.0,77.66666666666667,31.75,10.07217788696289,N,1.0,0.0
2026-05-04T22:24:10,Q442_mistral:latest _GSM8K,758dedd3-c693-4ced-aa37-63592253308d,5b0fa12a-3dd7-45bb-9766-cc326314d9f1,9.835575199998855,8.550805739242634e-05,8.693752592368597e-06,12.827233792,63.49391943590425,20.0,3.325439017481981e-05,0.000173449583204,5.184880388886895e-05,0.0002585527772677,0.0,Italy,ITA,lombardy,,,Windows-11-10.0.26200-SP0,3.13.13,3.2.6,32,13th Gen Intel(R) Core(TM) i9-13900HX,1,1 x NVIDIA GeForce RTX 4070 Laptop GPU,9.1922,45.4722,31.70067596435547,machine,0.0,80.75,31.1625,9.869876861572266,N,1.0,0.0
2026-05-04T22:24:34,Q443_phi3:mini_HellaSwag,2975a64d-a935-4e26-94e3-ab2560bf21af,5b0fa12a-3dd7-45bb-9766-cc326314d9f1,9.175906299999042,7.677404757289203e-05,8.366917126529512e-06,12.835384774400003,60.0439533534876,20.0,3.092549407157552e-05,0.0001530312335359,4.818681333332886e-05,0.0002321435409408,0.0,Italy,ITA,lombardy,,,Windows-11-10.0.26200-SP0,3.13.13,3.2.6,32,13th Gen Intel(R) Core(TM) i9-13900HX,1,1 x NVIDIA GeForce RTX 4070 Laptop GPU,9.1922,45.4722,31.70067596435547,machine,0.0,79.42857142857143,31.014285714285712,9.832974570138116,N,1.0,0.0
2026-05-04T22:24:57,Q443_qwen2.5:7b_HellaSwag,4c1be72c-65ee-47b6-9879-2e7b57e7f84b,5b0fa12a-3dd7-45bb-9766-cc326314d9f1,6.929431800002931,4.541171849843099e-05,6.553454858796905e-06,12.833009484800002,40.90412803961632,20.0,2.2906487033941985e-05,7.870756296601833e-05,3.569845944443336e-05,0.0001373125094443,0.0,Italy,ITA,lombardy,,,Windows-11-10.0.26200-SP0,3.13.13,3.2.6,32,13th Gen Intel(R) Core(TM) i9-13900HX,1,1 x NVIDIA GeForce RTX 4070 Laptop GPU,9.1922,45.4722,31.70067596435547,machine,0.0,47.8,31.7,10.057137298583983,N,1.0,0.0
2026-05-04T22:25:18,Q443_mistral:latest _HellaSwag,cc48ea59-2c17-4ce9-8b1d-eda699454786,5b0fa12a-3dd7-45bb-9766-cc326314d9f1,6.059028699994087,4.463974989028954e-05,7.367476224420772e-06,12.83216386304,50.10886510950152,20.0,1.9804194660084373e-05,8.430840077999768e-05,3.086569388886144e-05,0.0001349782893289,0.0,Italy,ITA,lombardy,,,Windows-11-10.0.26200-SP0,3.13.13,3.2.6,32,13th Gen Intel(R) Core(TM) i9-13900HX,1,1 x NVIDIA GeForce RTX 4070 Laptop GPU,9.1922,45.4722,31.70067596435547,machine,0.0,63.25,31.225,9.89850616455078,N,1.0,0.0
2026-05-04T22:25:39,Q444_phi3:mini_GSM8K,36075a42-3d91-4dbc-b3c0-b76faa410909,5b0fa12a-3dd7-45bb-9766-cc326314d9f1,5.954360600000655,4.3139306477920206e-05,7.244993942408436e-06,12.84656701952,48.79525374681904,20.0,1.945623280577152e-05,8.069645344599419e-05,3.028867611109389e-05,0.0001304413623628,0.0,Italy,ITA,lombardy,,,Windows-11-10.0.26200-SP0,3.13.13,3.2.6,32,13th Gen Intel(R) Core(TM) i9-13900HX,1,1 x NVIDIA GeForce RTX 4070 Laptop GPU,9.1922,45.4722,31.70067596435547,machine,0.0,60.75,31.075,9.856122970581056,N,1.0,0.0
2026-05-04T22:26:05,Q444_qwen2.5:7b_GSM8K,439a1bf9-1960-4d8a-8308-3f5f6bc51feb,5b0fa12a-3dd7-45bb-9766-cc326314d9f1,11.062561399994593,9.216165846408302e-05,8.330951136156231e-06,12.820683157760003,59.36429336312347,20.0,3.7606051633143e-05,0.0001824018125879,5.866356722221503e-05,0.0002786714314433,0.0,Italy,ITA,lombardy,,,Windows-11-10.0.26200-SP0,3.13.13,3.2.6,32,13th Gen Intel(R) Core(TM) i9-13900HX,1,1 x NVIDIA GeForce RTX 4070 Laptop GPU,9.1922,45.4722,31.70067596435547,machine,0.0,69.88888888888889,31.78888888888889,10.075714535183376,N,1.0,0.0
2026-05-04T22:26:29,Q444_mistral:latest _GSM8K,5e2a52d7-9847-484d-98be-11bfcb10a168,5b0fa12a-3dd7-45bb-9766-cc326314d9f1,8.759110300001339,7.316400647649941e-05,8.352903887565867e-06,12.8221235984,59.98798265189812,20.0,2.94099574432354e-05,0.0001459453945339,4.587242055555786e-05,0.0002212277725327,0.0,Italy,ITA,lombardy,,,Windows-11-10.0.26200-SP0,3.13.13,3.2.6,32,13th Gen Intel(R) Core(TM) i9-13900HX,1,1 x NVIDIA GeForce RTX 4070 Laptop GPU,9.1922,45.4722,31.70067596435547,machine,0.0,80.28571428571429,31.185714285714287,9.882098061697825,N,1.0,0.0
2026-05-04T22:26:53,Q445_phi3:mini_HumanEval,aec5dab3-5980-43f8-a890-50219ebc9a4e,5b0fa12a-3dd7-45bb-9766-cc326314d9f1,9.23169549999875,8.10101430783493e-05,8.775218276898351e-06,12.840079592,64.47722995792749,20.0,3.113472236529841e-05,0.000165322076702,4.849552611109781e-05,0.0002449523251783,0.0,Italy,ITA,lombardy,,,Windows-11-10.0.26200-SP0,3.13.13,3.2.6,32,13th Gen Intel(R) Core(TM) i9-13900HX,1,1 x NVIDIA GeForce RTX 4070 Laptop GPU,9.1922,45.4722,31.70067596435547,machine,0.0,76.14285714285714,31.057142857142857,9.834479195731026,N,1.0,0.0
2026-05-04T22:27:20,Q445_qwen2.5:7b_HumanEval,a452edef-3f36-4f2f-9863-84e404144be1,5b0fa12a-3dd7-45bb-9766-cc326314d9f1,11.87887590000173,0.0001013624586325,8.533000890471236e-06,12.830304323490909,61.46365447714304,20.0,4.053673635780942e-05,0.0002027676622139,6.318771444445399e-05,0.0003064921130162,0.0,Italy,ITA,lombardy,,,Windows-11-10.0.26200-SP0,3.13.13,3.2.6,32,13th Gen Intel(R) Core(TM) i9-13900HX,1,1 x NVIDIA GeForce RTX 4070 Laptop GPU,9.1922,45.4722,31.70067596435547,machine,0.0,73.2,31.71,10.058974838256836,N,1.0,0.0
2026-05-04T22:27:44,Q445_mistral:latest _HumanEval,9c389164-d603-4ec1-9636-8097ee1c5756,5b0fa12a-3dd7-45bb-9766-cc326314d9f1,8.433304999998654,6.711606851417827e-05,7.958453834432524e-06,12.82901736594286,55.76104454687933,20.0,2.826493703127176e-05,0.00013061260449,4.406293500000578e-05,0.0002029404765213,0.0,Italy,ITA,lombardy,,,Windows-11-10.0.26200-SP0,3.13.13,3.2.6,32,13th Gen Intel(R) Core(TM) i9-13900HX,1,1 x NVIDIA GeForce RTX 4070 Laptop GPU,9.1922,45.4722,31.70067596435547,machine,0.0,66.0,31.1,9.86547342936198,N,1.0,0.0
2026-05-04T22:28:08,Q446_phi3:mini_GSM8K,8a9a715f-eeac-4d78-b563-1fd2a2b56b47,5b0fa12a-3dd7-45bb-9766-cc326314d9f1,9.001087800003006,7.978684536559256e-05,8.864133662329782e-06,12.829377656000002,65.4963886169874,20.0,3.0289161023495364e-05,0.000163747075442,4.72171738888897e-05,0.0002412534103544,0.0,Italy,ITA,lombardy,,,Windows-11-10.0.26200-SP0,3.13.13,3.2.6,32,13th Gen Intel(R) Core(TM) i9-13900HX,1,1 x NVIDIA GeForce RTX 4070 Laptop GPU,9.1922,45.4722,31.70067596435547,machine,0.0,76.0,31.0,9.830467224121094,N,1.0,0.0
2026-05-04T22:28:33,Q446_qwen2.5:7b_GSM8K,2554e59e-72fa-428a-a5e3-62bdf7b7aee6,5b0fa12a-3dd7-45bb-9766-cc326314d9f1,10.274497200000042,8.41458436155797e-05,8.189777268670565e-06,12.832773760000002,57.93393202194149,20.0,3.4830606886680514e-05,0.000165320410034,5.4282801666664055e-05,0.0002544338185873,0.0,Italy,ITA,lombardy,,,Windows-11-10.0.26200-SP0,3.13.13,3.2.6,32,13th Gen Intel(R) Core(TM) i9-13900HX,1,1 x NVIDIA GeForce RTX 4070 Laptop GPU,9.1922,45.4722,31.70067596435547,machine,0.0,59.75,31.6875,10.042392253875732,N,1.0,0.0
2026-05-04T22:28:59,Q446_mistral:latest _GSM8K,d329fd63-805f-481a-9565-f0594546a0db,5b0fa12a-3dd7-45bb-9766-cc326314d9f1,10.62312219999876,9.61933712459069e-05,9.055094108389164e-06,12.82599864704,67.30223738661101,20.0,3.6057401508360295e-05,0.0001985801588639,5.622465833334395e-05,0.0002908622187056,0.0,Italy,ITA,lombardy,,,Windows-11-10.0.26200-SP0,3.13.13,3.2.6,32,13th Gen Intel(R) Core(TM) i9-13900HX,1,1 x NVIDIA GeForce RTX 4070 Laptop GPU,9.1922,45.4722,31.70067596435547,machine,0.0,69.55555555555556,31.200000000000003,9.886608547634548,N,1.0,0.0
2026-05-04T22:29:21,Q447_phi3:mini_MMLU,b2b90589-69e5-4951-b2a6-614b18f9926f,5b0fa12a-3dd7-45bb-9766-cc326314d9f1,7.262977300000784,5.619114882891496e-05,7.736654887921637e-06,12.848989164800004,53.64724503065211,20.0,2.4129902682420303e-05,0.00010821814213,3.755848833336333e-05,0.0001699065331458,0.0,Italy,ITA,lombardy,,,Windows-11-10.0.26200-SP0,3.13.13,3.2.6,32,13th Gen Intel(R) Core(TM) i9-13900HX,1,1 x NVIDIA GeForce RTX 4070 Laptop GPU,9.1922,45.4722,31.70067596435547,machine,0.0,72.0,31.02,9.831441497802734,N,1.0,0.0
2026-05-04T22:29:43,Q447_qwen2.5:7b_MMLU,9fb590cb-6b93-4f57-bb73-fb293a44a8a5,5b0fa12a-3dd7-45bb-9766-cc326314d9f1,6.168907799998124,3.86020475604364e-05,6.257517345363492e-06,12.85988333312,37.96248840152168,20.0,2.023523325445727e-05,6.501782979201343e-05,3.146887999998096e-05,0.0001167219430464,0.0,Italy,ITA,lombardy,,,Windows-11-10.0.26200-SP0,3.13.13,3.2.6,32,13th Gen Intel(R) Core(TM) i9-13900HX,1,1 x NVIDIA GeForce RTX 4070 Laptop GPU,9.1922,45.4722,31.70067596435547,machine,0.0,39.0,31.475,9.973453521728516,N,1.0,0.0
2026-05-04T22:30:03,Q447_mistral:latest _MMLU,f3425a75-5779-42bf-8802-ea0c7f999498,5b0fa12a-3dd7-45bb-9766-cc326314d9f1,4.733143100005691,3.1937243580595794e-05,6.747576167844449e-06,12.8524742912,44.08920234760163,20.0,1.5105607999965558e-05,5.795865747804108e-05,2.350514888890353e-05,9.656941436691016e-05,0.0,Italy,ITA,lombardy,,,Windows-11-10.0.26200-SP0,3.13.13,3.2.6,32,13th Gen Intel(R) Core(TM) i9-13900HX,1,1 x NVIDIA GeForce RTX 4070 Laptop GPU,9.1922,45.4722,31.70067596435547,machine,16.666666666666668,52.0,31.0,9.824976603190104,N,1.0,0.0
2026-05-04T22:30:15,Q448_phi3:mini_GSM8K,d8eb0d71-01ef-4323-9959-b5fb214573c3,5b0fa12a-3dd7-45bb-9766-cc326314d9f1,7.072902600004454,5.414516005543908e-05,7.65529558620035e-06,12.837121433600002,52.87438135431223,20.0,2.341888222739367e-05,0.000103815638608,3.6485506666698106e-05,0.000163720027502,0.0,Italy,ITA,lombardy,,,Windows-11-10.0.26200-SP0,3.13.13,3.2.6,32,13th Gen Intel(R) Core(TM) i9-13900HX,1,1 x NVIDIA GeForce RTX 4070 Laptop GPU,9.1922,45.4722,31.70067596435547,machine,0.0,63.6,30.880000000000003,9.796942901611327,N,1.0,0.0
2026-05-04T22:30:43,Q448_qwen2.5:7b_GSM8K,779f3102-86f6-4de1-a7bf-e632a6071012,5b0fa12a-3dd7-45bb-9766-cc326314d9f1,12.74214159999974,0.0001091353789439,8.564916508535017e-06,12.8363302496,61.692561190764856,20.0,4.364557345238644e-05,0.000218347674678,6.800203166664384e-05,0.000329995279797,0.0,Italy,ITA,lombardy,,,Windows-11-10.0.26200-SP0,3.13.13,3.2.6,32,13th Gen Intel(R) Core(TM) i9-13900HX,1,1 x NVIDIA GeForce RTX 4070 Laptop GPU,9.1922,45.4722,31.70067596435547,machine,0.0,71.81818181818181,31.63636363636364,10.031638405539772,N,1.0,0.0
2026-05-04T22:31:08,Q448_mistral:latest _GSM8K,5ca3a76f-4c0d-43a7-ace7-10883596386a,5b0fa12a-3dd7-45bb-9766-cc326314d9f1,10.64206479999848,9.251157837309e-05,8.693010248641148e-06,12.8252354816,63.35552432395099,20.0,3.612491345735329e-05,0.000187271816484,5.633276277775521e-05,0.0002797294927191,0.0,Italy,ITA,lombardy,,,Windows-11-10.0.26200-SP0,3.13.13,3.2.6,32,13th Gen Intel(R) Core(TM) i9-13900HX,1,1 x NVIDIA GeForce RTX 4070 Laptop GPU,9.1922,45.4722,31.70067596435547,machine,11.11111111111111,81.77777777777777,31.01111111111112,9.83564927842882,N,1.0,0.0
2026-05-04T22:31:33,Q449_phi3:mini_HumanEval,bafb4b98-7f6f-4eb7-b56d-58c823cb96f3,5b0fa12a-3dd7-45bb-9766-cc326314d9f1,9.500597199999902,8.319694286369815e-05,8.75702243893668e-06,12.8343858176,64.25174209565405,20.0,3.2073320534915324e-05,0.000169512080054,4.9979203888910384e-05,0.0002515646044778,0.0,Italy,ITA,lombardy,,,Windows-11-10.0.26200-SP0,3.13.13,3.2.6,32,13th Gen Intel(R) Core(TM) i9-13900HX,1,1 x NVIDIA GeForce RTX 4070 Laptop GPU,9.1922,45.4722,31.70067596435547,machine,0.0,70.71428571428571,30.885714285714283,9.796917506626674,N,1.0,0.0
2026-05-04T22:32:04,Q449_qwen2.5:7b_HumanEval,81754098-d4c8-4823-be7c-3f10335f7566,5b0fa12a-3dd7-45bb-9766-cc326314d9f1,15.448244999999588,0.0001358502505588,8.793895394517374e-06,12.832230795885716,63.96391664848616,20.0,5.327595185899985e-05,0.000274463830682,8.303389944444967e-05,0.0004107736819854,0.0,Italy,ITA,lombardy,,,Windows-11-10.0.26200-SP0,3.13.13,3.2.6,32,13th Gen Intel(R) Core(TM) i9-13900HX,1,1 x NVIDIA GeForce RTX 4070 Laptop GPU,9.1922,45.4722,31.70067596435547,machine,0.0,71.53846153846153,31.553846153846152,10.011834951547476,N,1.0,0.0
2026-05-04T22:32:31,Q449_mistral:latest _HumanEval,ce24d61c-a6b9-4626-8010-c200e39dc56f,5b0fa12a-3dd7-45bb-9766-cc326314d9f1,11.86035300000367,0.0001087454257264,9.16881864531786e-06,12.823511073745456,68.4248443967999,20.0,4.043862692641308e-05,0.0002253090691359,6.30684727777811e-05,0.0003288161688401,0.0,Italy,ITA,lombardy,,,Windows-11-10.0.26200-SP0,3.13.13,3.2.6,32,13th Gen Intel(R) Core(TM) i9-13900HX,1,1 x NVIDIA GeForce RTX 4070 Laptop GPU,9.1922,45.4722,31.70067596435547,machine,0.0,83.8,31.01,9.834552764892578,N,1.0,0.0
2026-05-04T22:33:05,Q450_phi3:mini_HumanEval,32b0c2e0-d8fc-4c66-81fd-cfdea50f248a,5b0fa12a-3dd7-45bb-9766-cc326314d9f1,9.273945700006152,7.995316067721055e-05,8.621266854857421e-06,12.840984632000003,62.82398977072943,20.0,3.1277143675582545e-05,0.000161765684968,4.871347333335305e-05,0.0002417563019769,0.0,Italy,ITA,lombardy,,,Windows-11-10.0.26200-SP0,3.13.13,3.2.6,32,13th Gen Intel(R) Core(TM) i9-13900HX,1,1 x NVIDIA GeForce RTX 4070 Laptop GPU,9.1922,45.4722,31.70067596435547,machine,0.0,69.71428571428571,30.9,9.793584551130024,N,1.0,0.0
2026-05-04T22:33:35,Q450_qwen2.5:7b_HumanEval,eeb2ba38-b946-4936-ba21-800fa59512c3,5b0fa12a-3dd7-45bb-9766-cc326314d9f1,14.544396199999028,0.0001259006028452,8.656296288549639e-06,12.859630275938462,62.505241299599,20.0,5.016169555789856e-05,0.000252513813122,7.80131833333548e-05,0.0003806886920132,0.0,Italy,ITA,lombardy,,,Windows-11-10.0.26200-SP0,3.13.13,3.2.6,32,13th Gen Intel(R) Core(TM) i9-13900HX,1,1 x NVIDIA GeForce RTX 4070 Laptop GPU,9.1922,45.4722,31.70067596435547,machine,0.0,66.25,31.73333333333333,10.067798932393393,N,1.0,0.0
2026-05-04T22:33:59,Q450_mistral:latest _HumanEval,f9cab61e-feb4-4a58-ad63-479784e8bb1d,5b0fa12a-3dd7-45bb-9766-cc326314d9f1,8.81822039999679,7.489153513974656e-05,8.49281734212198e-06,12.8314788608,61.527572925055765,20.0,2.962975380834506e-05,0.000150640120512,4.618146833333109e-05,0.0002264513426537,0.0,Italy,ITA,lombardy,,,Windows-11-10.0.26200-SP0,3.13.13,3.2.6,32,13th Gen Intel(R) Core(TM) i9-13900HX,1,1 x NVIDIA GeForce RTX 4070 Laptop GPU,9.1922,45.4722,31.70067596435547,machine,0.0,77.28571428571429,31.014285714285712,9.82749502999442,N,1.0,0.0
2026-05-04T22:34:20,Q451_phi3:mini_GSM8K,2426447e-fced-401c-91e9-1bc600b6f8bb,5b0fa12a-3dd7-45bb-9766-cc326314d9f1,5.970905299996957,4.26805536953092e-05,7.148087526246807e-06,12.83447489024,47.80334984496072,20.0,1.948093712644129e-05,7.92170078179888e-05,3.035627555554028e-05,0.0001290542204999,0.0,Italy,ITA,lombardy,,,Windows-11-10.0.26200-SP0,3.13.13,3.2.6,32,13th Gen Intel(R) Core(TM) i9-13900HX,1,1 x NVIDIA GeForce RTX 4070 Laptop GPU,9.1922,45.4722,31.70067596435547,machine,0.0,49.25,30.85,9.783038139343262,N,1.0,0.0
2026-05-04T22:34:47,Q451_qwen2.5:7b_GSM8K,0fedaa8c-cb20-491e-9aab-c8add1a16d13,5b0fa12a-3dd7-45bb-9766-cc326314d9f1,11.82822870000382,9.904736203410092e-05,8.373811882253253e-06,12.821650688000002,59.72701391808709,20.0,4.033977478566059e-05,0.000196228490316,6.292363444445072e-05,0.0002994918995461,0.0,Italy,ITA,lombardy,,,Windows-11-10.0.26200-SP0,3.13.13,3.2.6,32,13th Gen Intel(R) Core(TM) i9-13900HX,1,1 x NVIDIA GeForce RTX 4070 Laptop GPU,9.1922,45.4722,31.70067596435547,machine,2.5,72.6,31.74,10.061476135253908,N,1.0,0.0
2026-05-04T22:35:11,Q451_mistral:latest _GSM8K,af58ca6a-a01f-4fec-aed1-ff6b08629970,5b0fa12a-3dd7-45bb-9766-cc326314d9f1,8.96821330000239,7.638274629364178e-05,8.517052810688771e-06,12.836411912,61.73687930837893,20.0,3.0182740259801208e-05,0.000153752067446,4.702554611111636e-05,0.0002309603538169,0.0,Italy,ITA,lombardy,,,Windows-11-10.0.26200-SP0,3.13.13,3.2.6,32,13th Gen Intel(R) Core(TM) i9-13900HX,1,1 x NVIDIA GeForce RTX 4070 Laptop GPU,9.1922,45.4722,31.70067596435547,machine,0.0,78.0,31.085714285714285,9.851852416992188,N,1.0,0.0
2026-05-04T22:35:35,Q452_phi3:mini_HellaSwag,4d030c91-1569-4850-92fe-691d6a449c66,5b0fa12a-3dd7-45bb-9766-cc326314d9f1,9.181010100001004,7.856770145936258e-05,8.557631524591613e-06,12.8243837648,62.127860644812046,20.0,3.09179081939758e-05,0.0001584326267459,4.821652055555508e-05,0.0002375670554955,0.0,Italy,ITA,lombardy,,,Windows-11-10.0.26200-SP0,3.13.13,3.2.6,32,13th Gen Intel(R) Core(TM) i9-13900HX,1,1 x NVIDIA GeForce RTX 4070 Laptop GPU,9.1922,45.4722,31.70067596435547,machine,0.0,69.57142857142857,30.942857142857143,9.801494598388672,N,1.0,0.0
2026-05-04T22:35:58,Q452_qwen2.5:7b_HellaSwag,11705408-eae1-473f-ad1a-ab7d50e15be1,5b0fa12a-3dd7-45bb-9766-cc326314d9f1,8.374453399999766,5.8101001749792095e-05,6.937885850531298e-06,12.8324502272,44.66218160213007,20.0,2.8061780084174924e-05,0.000103885360886,4.373426055555885e-05,0.0001756814015257,0.0,Italy,ITA,lombardy,,,Windows-11-10.0.26200-SP0,3.13.13,3.2.6,32,13th Gen Intel(R) Core(TM) i9-13900HX,1,1 x NVIDIA GeForce RTX 4070 Laptop GPU,9.1922,45.4722,31.70067596435547,machine,0.0,42.333333333333336,31.55,10.00094223022461,N,1.0,0.0
2026-05-04T22:36:24,Q452_mistral:latest _HellaSwag,9e488770-3ef8-48e0-94fe-bd1279e520d7,5b0fa12a-3dd7-45bb-9766-cc326314d9f1,10.358056299999587,9.335647069765406e-05,9.012933314299302e-06,12.8304467328,66.87428241722567,20.0,3.512834289521127e-05,0.0001923987650299,5.475710611111329e-05,0.0002822842140362,0.0,Italy,ITA,lombardy,,,Windows-11-10.0.26200-SP0,3.13.13,3.2.6,32,13th Gen Intel(R) Core(TM) i9-13900HX,1,1 x NVIDIA GeForce RTX 4070 Laptop GPU,9.1922,45.4722,31.70067596435547,machine,0.0,78.125,30.7,9.728904724121094,N,1.0,0.0
2026-05-04T22:36:44,Q453_phi3:mini_GSM8K,2eb1ed4c-fab2-4272-bfaa-3a0ddc043970,5b0fa12a-3dd7-45bb-9766-cc326314d9f1,5.313445200001297,3.714255898577074e-05,6.9902968013600055e-06,12.854876528000002,46.34808332644716,20.0,1.7181139160182896e-05,6.839783249601439e-05,2.6729880555568448e-05,0.0001123088522117,0.0,Italy,ITA,lombardy,,,Windows-11-10.0.26200-SP0,3.13.13,3.2.6,32,13th Gen Intel(R) Core(TM) i9-13900HX,1,1 x NVIDIA GeForce RTX 4070 Laptop GPU,9.1922,45.4722,31.70067596435547,machine,0.0,47.333333333333336,30.566666666666663,9.69122314453125,N,1.0,0.0
2026-05-04T22:37:11,Q453_qwen2.5:7b_GSM8K,457212eb-432d-475d-a238-89df90232c77,5b0fa12a-3dd7-45bb-9766-cc326314d9f1,12.087511900004756,0.0001015648156368,8.402458378291599e-06,12.826662621090913,60.00422961605019,20.0,4.127974082986336e-05,0.000201459605612,6.43646383333463e-05,0.0003071039847752,0.0,Italy,ITA,lombardy,,,Windows-11-10.0.26200-SP0,3.13.13,3.2.6,32,13th Gen Intel(R) Core(TM) i9-13900HX,1,1 x NVIDIA GeForce RTX 4070 Laptop GPU,9.1922,45.4722,31.70067596435547,machine,0.0,72.4,31.33,9.937776565551758,N,1.0,0.0
2026-05-04T22:37:36,Q453_mistral:latest _GSM8K,e9329bed-04f6-464f-86b8-13bc817aaca8,5b0fa12a-3dd7-45bb-9766-cc326314d9f1,9.662423900001158,8.755917635672632e-05,9.061823126670712e-06,12.82818688,67.55017940667582,20.0,3.263251852923768e-05,0.000181246811664,5.087546499999008e-05,0.0002647547951932,0.0,Italy,ITA,lombardy,,,Windows-11-10.0.26200-SP0,3.13.13,3.2.6,32,13th Gen Intel(R) Core(TM) i9-13900HX,1,1 x NVIDIA GeForce RTX 4070 Laptop GPU,9.1922,45.4722,31.70067596435547,machine,0.0,72.875,30.725,9.7466459274292,N,1.0,0.0
2026-05-04T22:37:58,Q454_phi3:mini_MMLU,734dc346-66a9-4036-a3c6-6e051ca88b2a,5b0fa12a-3dd7-45bb-9766-cc326314d9f1,7.090894599998137,5.524552196103403e-05,7.791051070065058e-06,12.832401420800002,54.307306349899626,20.0,2.3486187237210388e-05,0.00010695703001,3.6604001111118126e-05,0.0001670472183583,0.0,Italy,ITA,lombardy,,,Windows-11-10.0.26200-SP0,3.13.13,3.2.6,32,13th Gen Intel(R) Core(TM) i9-13900HX,1,1 x NVIDIA GeForce RTX 4070 Laptop GPU,9.1922,45.4722,31.70067596435547,machine,0.0,77.4,30.58,9.698757934570311,N,1.0,0.0
2026-05-04T22:38:29,Q454_qwen2.5:7b_MMLU,35df0cbd-24b3-45f6-a88f-e5295c6184d5,5b0fa12a-3dd7-45bb-9766-cc326314d9f1,15.362568500000634,0.0001357173512359,8.834287784358673e-06,12.81772915657143,64.43391721049142,20.0,5.290527393881377e-05,0.0002749171643779,8.254939277774408e-05,0.0004103718310945,0.0,Italy,ITA,lombardy,,,Windows-11-10.0.26200-SP0,3.13.13,3.2.6,32,13th Gen Intel(R) Core(TM) i9-13900HX,1,1 x NVIDIA GeForce RTX 4070 Laptop GPU,9.1922,45.4722,31.70067596435547,machine,7.6923076923076925,77.84615384615384,31.407692307692308,9.947457533616284,N,1.0,0.0
2026-05-04T22:38:57,Q454_mistral:latest _MMLU,299c879e-02b6-4522-aa9a-7ee815eb3b54,5b0fa12a-3dd7-45bb-9766-cc326314d9f1,12.482069600002433,0.0001198167845394,9.599112036629446e-06,12.82540867956364,72.99008767304065,20.0,4.268030629477787e-05,0.000253057980224,6.655461722224976e-05,0.000362292903741,0.0,Italy,ITA,lombardy,,,Windows-11-10.0.26200-SP0,3.13.13,3.2.6,32,13th Gen Intel(R) Core(TM) i9-13900HX,1,1 x NVIDIA GeForce RTX 4070 Laptop GPU,9.1922,45.4722,31.70067596435547,machine,0.0,84.1,30.6,9.703968811035155,N,1.0,0.0
2026-05-04T22:39:19,Q455_phi3:mini_HumanEval,af575261-3b31-40a9-b476-d24b8583ea35,5b0fa12a-3dd7-45bb-9766-cc326314d9f1,6.813443799997913,5.395542627248583e-05,7.918965482991487e-06,12.8452905536,55.78158224589619,20.0,2.252073876649353e-05,0.0001055617511159,3.506383500001296e-05,0.0001631463248824,0.0,Italy,ITA,lombardy,,,Windows-11-10.0.26200-SP0,3.13.13,3.2.6,32,13th Gen Intel(R) Core(TM) i9-13900HX,1,1 x NVIDIA GeForce RTX 4070 Laptop GPU,9.1922,45.4722,31.70067596435547,machine,8.58,60.0,30.5,9.670820617675782,N,1.0,0.0
2026-05-04T22:39:43,Q455_qwen2.5:7b_HumanEval,dfb0dfda-ebf5-48b7-ad1d-36992a845521,5b0fa12a-3dd7-45bb-9766-cc326314d9f1,8.86959989999741,6.68720085768379e-05,7.539461681564398e-06,12.817438184,51.11644884243584,20.0,2.9790521965289365e-05,0.0001259289896319,4.648299500000172e-05,0.0002022025065972,0.0,Italy,ITA,lombardy,,,Windows-11-10.0.26200-SP0,3.13.13,3.2.6,32,13th Gen Intel(R) Core(TM) i9-13900HX,1,1 x NVIDIA GeForce RTX 4070 Laptop GPU,9.1922,45.4722,31.70067596435547,machine,0.0,61.85714285714285,31.12857142857143,9.87297821044922,N,1.0,0.0
2026-05-04T22:40:07,Q455_mistral:latest _HumanEval,6a6b5994-06bc-4503-8f18-2a304b801f34,5b0fa12a-3dd7-45bb-9766-cc326314d9f1,9.6959055000043,8.69605282478945e-05,8.968788758085145e-06,12.837974822400003,66.49647012395702,20.0,3.278654407904005e-05,0.0001790818099319,5.107629444444481e-05,0.0002629446484554,0.0,Italy,ITA,lombardy,,,Windows-11-10.0.26200-SP0,3.13.13,3.2.6,32,13th Gen Intel(R) Core(TM) i9-13900HX,1,1 x NVIDIA GeForce RTX 4070 Laptop GPU,9.1922,45.4722,31.70067596435547,machine,0.0,75.375,30.6,9.70275592803955,N,1.0,0.0
2026-05-04T22:40:27,Q456_phi3:mini_GSM8K,af3b8ec8-56b2-4586-bc9a-6378a8238d3f,5b0fa12a-3dd7-45bb-9766-cc326314d9f1,4.594152199999371,2.8848833162747583e-05,6.2794683125107465e-06,12.8486777888,39.10022353081909,20.0,1.460640332146986e-05,4.9890039912015016e-05,2.2734469999987696e-05,8.723091323347257e-05,0.0,Italy,ITA,lombardy,,,Windows-11-10.0.26200-SP0,3.13.13,3.2.6,32,13th Gen Intel(R) Core(TM) i9-13900HX,1,1 x NVIDIA GeForce RTX 4070 Laptop GPU,9.1922,45.4722,31.70067596435547,machine,0.0,46.0,30.5,9.665061950683594,N,1.0,0.0
2026-05-04T22:40:50,Q456_qwen2.5:7b_GSM8K,da6dab9a-988c-4887-bc82-518a09bfffb0,5b0fa12a-3dd7-45bb-9766-cc326314d9f1,7.816770099998394,5.642731567137803e-05,7.218750833082532e-06,12.836717827657145,47.855777671147,20.0,2.608308563012349e-05,0.0001039006386759,4.0636912222220825e-05,0.0001706206365283,0.0,Italy,ITA,lombardy,,,Windows-11-10.0.26200-SP0,3.13.13,3.2.6,32,13th Gen Intel(R) Core(TM) i9-13900HX,1,1 x NVIDIA GeForce RTX 4070 Laptop GPU,9.1922,45.4722,31.70067596435547,machine,5.55,53.333333333333336,31.066666666666663,9.857404073079428,N,1.0,0.0
2026-05-04T22:41:11,Q456_mistral:latest _GSM8K,ff522838-a928-4d74-8274-87fc0ce7e20f,5b0fa12a-3dd7-45bb-9766-cc326314d9f1,6.221000199999253,4.502779568245189e-05,7.23803154394004e-06,12.83383806464,48.60954824586158,20.0,2.038926612242735e-05,8.398895607997225e-05,3.1773410555575135e-05,0.0001361516327579,0.0,Italy,ITA,lombardy,,,Windows-11-10.0.26200-SP0,3.13.13,3.2.6,32,13th Gen Intel(R) Core(TM) i9-13900HX,1,1 x NVIDIA GeForce RTX 4070 Laptop GPU,9.1922,45.4722,31.70067596435547,machine,0.0,62.25,30.65,9.717010498046877,N,1.0,0.0
2026-05-04T22:41:36,Q457_phi3:mini_HumanEval,f7746fb0-e29f-4204-b534-c21591eaaeb7,5b0fa12a-3dd7-45bb-9766-cc326314d9f1,9.341829299999516,7.852130987453126e-05,8.405346249961484e-06,12.823216904,60.440862207409246,20.0,3.1488153566751784e-05,0.000156828458796,4.9110167777770486e-05,0.0002374267801405,0.0,Italy,ITA,lombardy,,,Windows-11-10.0.26200-SP0,3.13.13,3.2.6,32,13th Gen Intel(R) Core(TM) i9-13900HX,1,1 x NVIDIA GeForce RTX 4070 Laptop GPU,9.1922,45.4722,31.70067596435547,machine,0.0,78.85714285714286,30.5,9.671682630266462,N,1.0,0.0
2026-05-04T22:42:06,Q457_qwen2.5:7b_HumanEval,646f0b5b-4c20-4d4e-a683-2e4ccb585e0b,5b0fa12a-3dd7-45bb-9766-cc326314d9f1,14.920098299997337,0.0001312456817711,8.796569508604384e-06,12.823822175085716,64.03777101702313,20.0,5.136061610023288e-05,0.0002653896567559,8.01004633333327e-05,0.0003968507361895,0.0,Italy,ITA,lombardy,,,Windows-11-10.0.26200-SP0,3.13.13,3.2.6,32,13th Gen Intel(R) Core(TM) i9-13900HX,1,1 x NVIDIA GeForce RTX 4070 Laptop GPU,9.1922,45.4722,31.70067596435547,machine,0.0,77.92307692307692,31.25384615384615,9.914742102989784,N,1.0,0.0
2026-05-04T22:42:33,Q457_mistral:latest _HumanEval,0d4c1a1f-ef3d-428d-ab06-c15097dc1107,5b0fa12a-3dd7-45bb-9766-cc326314d9f1,12.442225799997686,0.000119167480247,9.577665778024894e-06,12.822393654690911,72.76769704915606,20.0,4.252747383566855e-05,0.000251470201176,6.6331911666647e-05,0.0003603295866783,0.0,Italy,ITA,lombardy,,,Windows-11-10.0.26200-SP0,3.13.13,3.2.6,32,13th Gen Intel(R) Core(TM) i9-13900HX,1,1 x NVIDIA GeForce RTX 4070 Laptop GPU,9.1922,45.4722,31.70067596435547,machine,0.0,83.8,30.68,9.722086334228516,N,1.0,0.0
2026-05-04T22:42:53,Q458_phi3:mini_HellaSwag,ff8ba6b5-61b3-4564-ad12-71ae665c76d7,5b0fa12a-3dd7-45bb-9766-cc326314d9f1,5.057203100004699,3.436575871312189e-05,6.795408061244359e-06,12.846934352000002,44.38885467057969,20.0,1.6257037096466707e-05,6.234727210002733e-05,2.5308265000017453e-05,0.0001039125741965,0.0,Italy,ITA,lombardy,,,Windows-11-10.0.26200-SP0,3.13.13,3.2.6,32,13th Gen Intel(R) Core(TM) i9-13900HX,1,1 x NVIDIA GeForce RTX 4070 Laptop GPU,9.1922,45.4722,31.70067596435547,machine,0.0,48.333333333333336,30.53333333333333,9.675079345703123,N,1.0,0.0
2026-05-04T22:43:19,Q458_qwen2.5:7b_HellaSwag,b28727b7-f0cb-4280-aa24-490a75e90483,5b0fa12a-3dd7-45bb-9766-cc326314d9f1,10.187809700000798,8.370582081487245e-05,8.21627251389137e-06,12.8214686208,58.23820475400639,20.0,3.4495732517364834e-05,0.00016479874295,5.3808835555537375e-05,0.0002531033110229,0.0,Italy,ITA,lombardy,,,Windows-11-10.0.26200-SP0,3.13.13,3.2.6,32,13th Gen Intel(R) Core(TM) i9-13900HX,1,1 x NVIDIA GeForce RTX 4070 Laptop GPU,9.1922,45.4722,31.70067596435547,machine,0.0,56.875,31.15,9.87823486328125,N,1.0,0.0
2026-05-04T22:43:43,Q458_mistral:latest _HellaSwag,94fc35b7-7464-451f-9391-304ea36deb6f,5b0fa12a-3dd7-45bb-9766-cc326314d9f1,9.410855800000718,8.387847441061501e-05,8.912948640718585e-06,12.829477376000003,65.94913268474178,20.0,3.1748134403963526e-05,0.0001723859712419,4.949126222220204e-05,0.0002536253678681,0.0,Italy,ITA,lombardy,,,Windows-11-10.0.26200-SP0,3.13.13,3.2.6,32,13th Gen Intel(R) Core(TM) i9-13900HX,1,1 x NVIDIA GeForce RTX 4070 Laptop GPU,9.1922,45.4722,31.70067596435547,machine,0.0,76.85714285714286,30.62857142857143,9.71682357788086,N,1.0,0.0
2026-05-04T22:44:03,Q459_phi3:mini_MMLU,cd14d135-c899-4662-bf2d-d45329467506,5b0fa12a-3dd7-45bb-9766-cc326314d9f1,4.749211099995591,3.317428496501574e-05,6.98522012741159e-06,12.885650710400002,46.63412485564732,20.0,1.5202542608657568e-05,6.15119936540065e-05,2.3595350000000004e-05,0.0001003098862626,0.0,Italy,ITA,lombardy,,,Windows-11-10.0.26200-SP0,3.13.13,3.2.6,32,13th Gen Intel(R) Core(TM) i9-13900HX,1,1 x NVIDIA GeForce RTX 4070 Laptop GPU,9.1922,45.4722,31.70067596435547,machine,0.0,48.333333333333336,30.53333333333333,9.670992533365885,N,1.0,0.0
2026-05-04T22:44:27,Q459_qwen2.5:7b_MMLU,99e176ed-c564-49b0-8ade-cc833f77d13c,5b0fa12a-3dd7-45bb-9766-cc326314d9f1,8.720519599999534,6.47381627719444e-05,7.423658880595586e-06,12.833905952,50.098584515926575,20.0,2.9213542050586768e-05,0.000121012041254,4.552476222221837e-05,0.0001957503455268,0.0,Italy,ITA,lombardy,,,Windows-11-10.0.26200-SP0,3.13.13,3.2.6,32,13th Gen Intel(R) Core(TM) i9-13900HX,1,1 x NVIDIA GeForce RTX 4070 Laptop GPU,9.1922,45.4722,31.70067596435547,machine,0.0,61.85714285714285,31.25714285714286,9.904002053397042,N,1.0,0.0
2026-05-04T22:44:48,Q459_mistral:latest _MMLU,a67c1882-87ae-49ea-ab53-c7d918f95c1f,5b0fa12a-3dd7-45bb-9766-cc326314d9f1,6.354889999995066,4.497500463198184e-05,7.077227872082248e-06,12.83411445248,46.810356068995546,20.0,2.0864112203146187e-05,8.261534387005165e-05,3.2512551111115805e-05,0.0001359920071843,0.0,Italy,ITA,lombardy,,,Windows-11-10.0.26200-SP0,3.13.13,3.2.6,32,13th Gen Intel(R) Core(TM) i9-13900HX,1,1 x NVIDIA GeForce RTX 4070 Laptop GPU,9.1922,45.4722,31.70067596435547,machine,0.0,62.5,30.65,9.72093391418457,N,1.0,0.0
2026-05-04T22:45:13,Q460_phi3:mini_HumanEval,b2be8322-493f-4ed3-8bc7-df6e8a6acec9,5b0fa12a-3dd7-45bb-9766-cc326314d9f1,9.434017500003392,8.326593258903755e-05,8.826137177401633e-06,12.834500124800002,65.00574686494463,20.0,3.18396585655121e-05,0.0001703184695879,4.96150822222262e-05,0.0002517732103757,0.0,Italy,ITA,lombardy,,,Windows-11-10.0.26200-SP0,3.13.13,3.2.6,32,13th Gen Intel(R) Core(TM) i9-13900HX,1,1 x NVIDIA GeForce RTX 4070 Laptop GPU,9.1922,45.4722,31.70067596435547,machine,0.0,78.14285714285714,30.47142857142857,9.660227639334542,N,1.0,0.0
2026-05-04T22:45:43,Q460_qwen2.5:7b_HumanEval,e226fe8c-3e3b-4743-b960-6dac4fdade12,5b0fa12a-3dd7-45bb-9766-cc326314d9f1,15.379470600004424,0.0001375191510415,8.941735032254529e-06,12.82276305097143,65.5867077121361,20.0,5.299150196429345e-05,0.0002801774463639,8.26510283333644e-05,0.0004158199766616,0.0,Italy,ITA,lombardy,,,Windows-11-10.0.26200-SP0,3.13.13,3.2.6,32,13th Gen Intel(R) Core(TM) i9-13900HX,1,1 x NVIDIA GeForce RTX 4070 Laptop GPU,9.1922,45.4722,31.70067596435547,machine,0.0,78.38461538461539,31.238461538461536,9.907874767596905,N,1.0,0.0
2026-05-04T22:46:10,Q460_mistral:latest _HumanEval,9776f1fc-e5e3-41d8-902f-bd5fb0eda08b,5b0fa12a-3dd7-45bb-9766-cc326314d9f1,11.508608100004494,0.0001036282017991,9.004407909168124e-06,12.82644743168,66.62637576932218,20.0,3.921635994058821e-05,0.000212978781494,6.114795388889939e-05,0.0003133430953234,0.0,Italy,ITA,lombardy,,,Windows-11-10.0.26200-SP0,3.13.13,3.2.6,32,13th Gen Intel(R) Core(TM) i9-13900HX,1,1 x NVIDIA GeForce RTX 4070 Laptop GPU,9.1922,45.4722,31.70067596435547,machine,0.0,85.44444444444444,30.61111111111111,9.697512732611765,N,1.0,0.0
2026-05-04T22:46:31,Q461_phi3:mini_HellaSwag,a4dadfc4-2621-4101-a86f-b11114c5b9ea,5b0fa12a-3dd7-45bb-9766-cc326314d9f1,6.255030899999838,4.851193807590417e-05,7.755667214354676e-06,12.830329510400004,54.23636632471847,20.0,2.0503126728181405e-05,9.422451982399328e-05,3.195907166668298e-05,0.0001466867182188,0.0,Italy,ITA,lombardy,,,Windows-11-10.0.26200-SP0,3.13.13,3.2.6,32,13th Gen Intel(R) Core(TM) i9-13900HX,1,1 x NVIDIA GeForce RTX 4070 Laptop GPU,9.1922,45.4722,31.70067596435547,machine,0.0,54.75,30.475,9.665282249450684,N,1.0,0.0
2026-05-04T22:46:53,Q461_qwen2.5:7b_HellaSwag,24498878-d51e-4f7b-88a7-c2b21a1512a9,5b0fa12a-3dd7-45bb-9766-cc326314d9f1,6.117365500002052,3.721314728150326e-05,6.083198278979862e-06,12.846003207680004,36.1235451372455,20.0,2.002089101376396e-05,6.13314379540042e-05,3.116996277777717e-05,0.0001125222917455,0.0,Italy,ITA,lombardy,,,Windows-11-10.0.26200-SP0,3.13.13,3.2.6,32,13th Gen Intel(R) Core(TM) i9-13900HX,1,1 x NVIDIA GeForce RTX 4070 Laptop GPU,9.1922,45.4722,31.70067596435547,machine,0.0,10.5,30.9,9.793911933898926,N,1.0,0.0
2026-05-04T22:47:13,Q461_mistral:latest _HellaSwag,fdeaad78-1708-4e37-b451-3026936a078b,5b0fa12a-3dd7-45bb-9766-cc326314d9f1,4.949104899998929,3.2839296452382094e-05,6.635401171712728e-06,12.8523032192,42.73560645793329,20.0,1.5871938651245652e-05,5.872699142595028e-05,2.469804333332933e-05,9.929697341052526e-05,0.0,Italy,ITA,lombardy,,,Windows-11-10.0.26200-SP0,3.13.13,3.2.6,32,13th Gen Intel(R) Core(TM) i9-13900HX,1,1 x NVIDIA GeForce RTX 4070 Laptop GPU,9.1922,45.4722,31.70067596435547,machine,12.5,40.333333333333336,30.633333333333336,9.711232503255207,N,1.0,0.0
2026-05-04T22:47:25,Q462_phi3:mini_MMLU,a1af86fd-92ed-4bc2-92fe-20cf78bdd7c1,5b0fa12a-3dd7-45bb-9766-cc326314d9f1,7.454773900004511,5.844832393245351e-05,7.840388550539158e-06,12.8270914112,54.75475626019818,20.0,2.476554508948277e-05,0.0001133525906819,3.861347222223736e-05,0.0001767316079936,0.0,Italy,ITA,lombardy,,,Windows-11-10.0.26200-SP0,3.13.13,3.2.6,32,13th Gen Intel(R) Core(TM) i9-13900HX,1,1 x NVIDIA GeForce RTX 4070 Laptop GPU,9.1922,45.4722,31.70067596435547,machine,0.0,70.0,30.5,9.673776245117187,N,1.0,0.0
2026-05-04T22:47:46,Q462_qwen2.5:7b_MMLU,d40a14d9-c4dd-4fae-a425-42f305ec10dd,5b0fa12a-3dd7-45bb-9766-cc326314d9f1,5.903048400003172,3.596017134826923e-05,6.091796799133462e-06,12.837228723200004,36.27185271102567,20.0,1.925998059494805e-05,5.946865868605711e-05,3.000499888888347e-05,0.0001087336381698,0.0,Italy,ITA,lombardy,,,Windows-11-10.0.26200-SP0,3.13.13,3.2.6,32,13th Gen Intel(R) Core(TM) i9-13900HX,1,1 x NVIDIA GeForce RTX 4070 Laptop GPU,9.1922,45.4722,31.70067596435547,machine,0.0,35.5,30.925,9.80392360687256,N,1.0,0.0
2026-05-04T22:47:56,Q462_mistral:latest _MMLU,799f5ae4-a33f-474a-ab4b-2cae1b6e1d55,5b0fa12a-3dd7-45bb-9766-cc326314d9f1,4.624184100001003,2.989528514808185e-05,6.46498593083164e-06,12.865934835200004,41.08042651925804,20.0,1.4732815931562814e-05,5.276087554201281e-05,2.290140388888378e-05,9.03950953624594e-05,0.0,Italy,ITA,lombardy,,,Windows-11-10.0.26200-SP0,3.13.13,3.2.6,32,13th Gen Intel(R) Core(TM) i9-13900HX,1,1 x NVIDIA GeForce RTX 4070 Laptop GPU,9.1922,45.4722,31.70067596435547,machine,0.0,49.0,30.633333333333336,9.709134419759115,N,1.0,0.0
2026-05-04T22:48:16,Q463_phi3:mini_HumanEval,50ba483b-025a-4338-8beb-c2aaeb748e21,5b0fa12a-3dd7-45bb-9766-cc326314d9f1,5.329382399999304,3.8088928472596047e-05,7.146968562924106e-06,12.8376615296,48.058370003123976,20.0,1.7215678899604527e-05,7.113477913001098e-05,2.681995444444409e-05,0.000115170412474,0.0,Italy,ITA,lombardy,,,Windows-11-10.0.26200-SP0,3.13.13,3.2.6,32,13th Gen Intel(R) Core(TM) i9-13900HX,1,1 x NVIDIA GeForce RTX 4070 Laptop GPU,9.1922,45.4722,31.70067596435547,machine,0.0,66.0,30.6,9.691842397054035,N,1.0,0.0
2026-05-04T22:48:30,Q463_qwen2.5:7b_HumanEval,f285e404-c071-48f7-9bd2-d1f4dba7b4ef,5b0fa12a-3dd7-45bb-9766-cc326314d9f1,8.640863600005105,6.738792663175364e-05,7.798749031487296e-06,12.8314708976,53.98126039286845,20.0,2.900688406060662e-05,0.00012954454808,4.52110683333659e-05,0.0002037625004739,0.0,Italy,ITA,lombardy,,,Windows-11-10.0.26200-SP0,3.13.13,3.2.6,32,13th Gen Intel(R) Core(TM) i9-13900HX,1,1 x NVIDIA GeForce RTX 4070 Laptop GPU,9.1922,45.4722,31.70067596435547,machine,0.0,62.71428571428572,31.214285714285715,9.892299107142858,N,1.0,0.0
2026-05-04T22:48:51,Q463_mistral:latest _HumanEval,4532de64-df51-4d9a-9524-2d70164017dc,5b0fa12a-3dd7-45bb-9766-cc326314d9f1,6.07122569999774,4.316349025534083e-05,7.109518306222234e-06,12.83083793408,47.27932455157351,20.0,1.984996921065852e-05,7.972423044599886e-05,3.094028777777567e-05,0.0001305144874344,0.0,Italy,ITA,lombardy,,,Windows-11-10.0.26200-SP0,3.13.13,3.2.6,32,13th Gen Intel(R) Core(TM) i9-13900HX,1,1 x NVIDIA GeForce RTX 4070 Laptop GPU,9.1922,45.4722,31.70067596435547,machine,0.0,57.0,30.65,9.721818923950195,N,1.0,0.0
2026-05-04T22:49:15,Q464_phi3:mini_HumanEval,4cc49e32-5bde-41f6-a8c4-8399f9612a4d,5b0fa12a-3dd7-45bb-9766-cc326314d9f1,9.336293599997587,8.024246936806485e-05,8.594681444902887e-06,12.8361076976,62.51666863808813,20.0,3.1489319763674215e-05,0.00016207929633,4.906247555554728e-05,0.0002426310916492,0.0,Italy,ITA,lombardy,,,Windows-11-10.0.26200-SP0,3.13.13,3.2.6,32,13th Gen Intel(R) Core(TM) i9-13900HX,1,1 x NVIDIA GeForce RTX 4070 Laptop GPU,9.1922,45.4722,31.70067596435547,machine,0.0,70.85714285714286,30.571428571428573,9.68002918788365,N,1.0,0.0
2026-05-04T22:49:44,Q464_qwen2.5:7b_HumanEval,e61e3e6f-1ca2-4c8e-b382-9624ab747a4b,5b0fa12a-3dd7-45bb-9766-cc326314d9f1,13.417434900002265,0.0001142951766259,8.518407391413246e-06,12.821237216,61.13723650968339,20.0,4.5997349546666473e-05,0.0002278493489459,7.17503861111052e-05,0.0003455970846037,0.0,Italy,ITA,lombardy,,,Windows-11-10.0.26200-SP0,3.13.13,3.2.6,32,13th Gen Intel(R) Core(TM) i9-13900HX,1,1 x NVIDIA GeForce RTX 4070 Laptop GPU,9.1922,45.4722,31.70067596435547,machine,0.0,65.9090909090909,31.29090909090909,9.91533799604936,N,1.0,0.0
2026-05-04T22:50:09,Q464_mistral:latest _HumanEval,6a456dd3-4cad-48b7-8ddb-42e3bcd52b1f,5b0fa12a-3dd7-45bb-9766-cc326314d9f1,9.93540270000085,8.683388277162266e-05,8.739845318158593e-06,12.824350912000002,63.98593960704485,20.0,3.360140955794668e-05,0.0001765590301359,5.240126777777429e-05,0.0002625617074716,0.0,Italy,ITA,lombardy,,,Windows-11-10.0.26200-SP0,3.13.13,3.2.6,32,13th Gen Intel(R) Core(TM) i9-13900HX,1,1 x NVIDIA GeForce RTX 4070 Laptop GPU,9.1922,45.4722,31.70067596435547,machine,0.0,81.0,30.6875,9.719359874725342,N,1.0,0.0
2026-05-04T22:50:29,Q465_phi3:mini_GSM8K,cd20c278-4cef-4f97-a4ad-3fd38e84549c,5b0fa12a-3dd7-45bb-9766-cc326314d9f1,4.775830099999439,3.170686580985429e-05,6.639027173487184e-06,12.863565660800004,42.87128938452682,20.0,1.527054782888863e-05,5.686143437805269e-05,2.3740833333350665e-05,9.5872815540292e-05,0.0,Italy,ITA,lombardy,,,Windows-11-10.0.26200-SP0,3.13.13,3.2.6,32,13th Gen Intel(R) Core(TM) i9-13900HX,1,1 x NVIDIA GeForce RTX 4070 Laptop GPU,9.1922,45.4722,31.70067596435547,machine,0.0,34.333333333333336,30.53333333333333,9.682698567708334,N,1.0,0.0
2026-05-04T22:50:52,Q465_qwen2.5:7b_GSM8K,4a53bcac-ac69-46b9-84a1-d1f909108102,5b0fa12a-3dd7-45bb-9766-cc326314d9f1,7.874227799999062,5.585767546886826e-05,7.093733746041093e-06,12.8371937024,46.47921645984672,20.0,2.628849592982283e-05,0.0001016536924339,4.095601333331918e-05,0.0001688982016971,0.0,Italy,ITA,lombardy,,,Windows-11-10.0.26200-SP0,3.13.13,3.2.6,32,13th Gen Intel(R) Core(TM) i9-13900HX,1,1 x NVIDIA GeForce RTX 4070 Laptop GPU,9.1922,45.4722,31.70067596435547,machine,0.0,58.16666666666666,31.166666666666668,9.872964223225912,N,1.0,0.0
2026-05-04T22:51:12,Q465_mistral:latest _GSM8K,e872b45c-31f8-4e20-8f70-9bba53cd65f7,5b0fa12a-3dd7-45bb-9766-cc326314d9f1,5.149102499999572,3.511763287883497e-05,6.820146400045035e-06,12.8617849856,44.59870226867172,20.0,1.6601318244805047e-05,6.377060657203337e-05,2.581410944448079e-05,0.0001061860342613,0.0,Italy,ITA,lombardy,,,Windows-11-10.0.26200-SP0,3.13.13,3.2.6,32,13th Gen Intel(R) Core(TM) i9-13900HX,1,1 x NVIDIA GeForce RTX 4070 Laptop GPU,9.1922,45.4722,31.70067596435547,machine,0.0,51.0,30.633333333333336,9.712472279866535,N,1.0,0.0
2026-05-04T22:51:23,Q466_phi3:mini_HellaSwag,9b705ac1-1483-4afd-a6f1-9861c0031f29,5b0fa12a-3dd7-45bb-9766-cc326314d9f1,6.157586699999229,4.547902117775245e-05,7.385851534621209e-06,12.8543109248,50.33609833966609,20.0,2.016459039761693e-05,8.597867989401653e-05,3.137274388888424e-05,0.0001375160141805,0.0,Italy,ITA,lombardy,,,Windows-11-10.0.26200-SP0,3.13.13,3.2.6,32,13th Gen Intel(R) Core(TM) i9-13900HX,1,1 x NVIDIA GeForce RTX 4070 Laptop GPU,9.1922,45.4722,31.70067596435547,machine,0.0,51.0,30.45,9.662546157836914,N,1.0,0.0
2026-05-04T22:51:47,Q466_qwen2.5:7b_HellaSwag,0ec98015-c39e-492b-a9dd-52383c397479,5b0fa12a-3dd7-45bb-9766-cc326314d9f1,8.134995000000345,5.795814047378207e-05,7.124545309957734e-06,12.84208622994286,46.74345393830366,20.0,2.7228247832239188e-05,0.0001056170289379,4.240415166665722e-05,0.0001752494284368,0.0,Italy,ITA,lombardy,,,Windows-11-10.0.26200-SP0,3.13.13,3.2.6,32,13th Gen Intel(R) Core(TM) i9-13900HX,1,1 x NVIDIA GeForce RTX 4070 Laptop GPU,9.1922,45.4722,31.70067596435547,machine,0.0,47.5,31.15,9.869647979736328,N,1.0,0.0
2026-05-04T22:52:08,Q466_mistral:latest _HellaSwag,6bb38f2a-ccc0-4a00-903f-7a25eecfed9f,5b0fa12a-3dd7-45bb-9766-cc326314d9f1,6.2134606000036,4.822833333093104e-05,7.76191182911872e-06,12.84814159616,54.30480191964388,20.0,2.0383855732491043e-05,9.3716186084003e-05,3.1729133888883454e-05,0.0001458291757053,0.0,Italy,ITA,lombardy,,,Windows-11-10.0.26200-SP0,3.13.13,3.2.6,32,13th Gen Intel(R) Core(TM) i9-13900HX,1,1 x NVIDIA GeForce RTX 4070 Laptop GPU,9.1922,45.4722,31.70067596435547,machine,0.0,65.5,30.65,9.717252731323242,N,1.0,0.0
2026-05-04T22:52:28,Q467_phi3:mini_SQuAD,85785bd8-a499-4c7a-b6dd-ac09594cc7dc,5b0fa12a-3dd7-45bb-9766-cc326314d9f1,4.85736629999883,3.381253768503456e-05,6.961084587144005e-06,12.849466304000003,46.324801280869735,20.0,1.5546836978442645e-05,6.249560555199318e-05,2.4197343888914072e-05,0.0001022397864193,0.0,Italy,ITA,lombardy,,,Windows-11-10.0.26200-SP0,3.13.13,3.2.6,32,13th Gen Intel(R) Core(TM) i9-13900HX,1,1 x NVIDIA GeForce RTX 4070 Laptop GPU,9.1922,45.4722,31.70067596435547,machine,0.0,35.0,30.46666666666667,9.659379323323568,N,1.0,0.0
2026-05-04T22:52:39,Q467_qwen2.5:7b_SQuAD,7fbbe6af-a834-4bb6-b919-3158f61e6322,5b0fa12a-3dd7-45bb-9766-cc326314d9f1,5.595599200001743,3.0708031570612543e-05,5.487889763549001e-06,12.852192465920002,29.839420608720715,20.0,1.8184208686683603e-05,4.637170376403654e-05,2.829670388891828e-05,9.285261633963842e-05,0.0,Italy,ITA,lombardy,,,Windows-11-10.0.26200-SP0,3.13.13,3.2.6,32,13th Gen Intel(R) Core(TM) i9-13900HX,1,1 x NVIDIA GeForce RTX 4070 Laptop GPU,9.1922,45.4722,31.70067596435547,machine,0.0,12.25,31.0,9.8305082321167,N,1.0,0.0
2026-05-04T22:52:50,Q467_mistral:latest _SQuAD,2049fbce-6bc0-4017-8b23-6406c60d8ccf,5b0fa12a-3dd7-45bb-9766-cc326314d9f1,5.826263499999186,4.041849703081323e-05,6.937293006198377e-06,12.83589380864,45.51421686111023,20.0,1.898404234788817e-05,7.365200336606481e-05,2.9578339444439432e-05,0.0001222143851583,0.0,Italy,ITA,lombardy,,,Windows-11-10.0.26200-SP0,3.13.13,3.2.6,32,13th Gen Intel(R) Core(TM) i9-13900HX,1,1 x NVIDIA GeForce RTX 4070 Laptop GPU,9.1922,45.4722,31.70067596435547,machine,0.0,71.75,30.675,9.725900650024414,N,1.0,0.0
2026-05-04T22:53:14,Q468_phi3:mini_GSM8K,1e82dad4-d145-461d-96a3-d1a958e30106,5b0fa12a-3dd7-45bb-9766-cc326314d9f1,9.142412900000636,8.11259038892889e-05,8.873576896672788e-06,12.8377116704,65.56263761719605,20.0,3.08129457477475e-05,0.000166486522078,4.800288611109459e-05,0.0002453023539368,0.0,Italy,ITA,lombardy,,,Windows-11-10.0.26200-SP0,3.13.13,3.2.6,32,13th Gen Intel(R) Core(TM) i9-13900HX,1,1 x NVIDIA GeForce RTX 4070 Laptop GPU,9.1922,45.4722,31.70067596435547,machine,0.0,75.85714285714286,30.6,9.708479745047432,N,1.0,0.0
2026-05-04T22:53:44,Q468_qwen2.5:7b_GSM8K,5d032043-ddda-4940-966a-c8701ae040e8,5b0fa12a-3dd7-45bb-9766-cc326314d9f1,15.312464299997371,0.0001359059709768,8.875512674783777e-06,12.825308995657142,64.86720767452907,20.0,5.2764576663383e-05,0.0002758966096059,8.228097888887633e-05,0.0004109421651582,0.0,Italy,ITA,lombardy,,,Windows-11-10.0.26200-SP0,3.13.13,3.2.6,32,13th Gen Intel(R) Core(TM) i9-13900HX,1,1 x NVIDIA GeForce RTX 4070 Laptop GPU,9.1922,45.4722,31.70067596435547,machine,0.0,78.07692307692308,31.361538461538466,9.94831789456881,N,1.0,0.0
2026-05-04T22:54:10,Q468_mistral:latest _GSM8K,5de87cae-ad2a-4ab3-913c-982539ee80cf,5b0fa12a-3dd7-45bb-9766-cc326314d9f1,10.483076299999084,9.448679808056728e-05,9.0132700913925e-06,12.8386147712,66.85270173345857,20.0,3.559506872547682e-05,0.0001946582112819,5.54487322222283e-05,0.0002857020122296,0.0,Italy,ITA,lombardy,,,Windows-11-10.0.26200-SP0,3.13.13,3.2.6,32,13th Gen Intel(R) Core(TM) i9-13900HX,1,1 x NVIDIA GeForce RTX 4070 Laptop GPU,9.1922,45.4722,31.70067596435547,machine,0.0,80.5,30.7,9.734207153320312,N,1.0,0.0
2026-05-04T22:54:29,Q469_phi3:mini_SQuAD,0c317c1d-628f-42f0-9a3d-acb80439c576,5b0fa12a-3dd7-45bb-9766-cc326314d9f1,4.392667000000074,2.594605640901977e-05,5.906675012929352e-06,12.845388684800003,35.21427339899407,20.0,1.388146883398981e-05,4.296058992403484e-05,2.161165833333345e-05,7.845371709135811e-05,0.0,Italy,ITA,lombardy,,,Windows-11-10.0.26200-SP0,3.13.13,3.2.6,32,13th Gen Intel(R) Core(TM) i9-13900HX,1,1 x NVIDIA GeForce RTX 4070 Laptop GPU,9.1922,45.4722,31.70067596435547,machine,0.0,23.0,30.5,9.675039291381836,N,1.0,0.0
2026-05-04T22:54:51,Q469_qwen2.5:7b_SQuAD,b29eaafd-6ef2-40fe-952d-6af6b168c50a,5b0fa12a-3dd7-45bb-9766-cc326314d9f1,5.934354299999541,3.5183046949620534e-05,5.928706843408938e-06,12.833103134720002,34.54212086471058,20.0,1.934685618995502e-05,5.68869899540414e-05,3.014998222222656e-05,0.0001063838283662,0.0,Italy,ITA,lombardy,,,Windows-11-10.0.26200-SP0,3.13.13,3.2.6,32,13th Gen Intel(R) Core(TM) i9-13900HX,1,1 x NVIDIA GeForce RTX 4070 Laptop GPU,9.1922,45.4722,31.70067596435547,machine,0.0,35.0,31.025,9.838748931884766,N,1.0,0.0
2026-05-04T22:55:10,Q469_mistral:latest _SQuAD,da2fbd93-37de-4b7c-9647-1df3b6797b34,5b0fa12a-3dd7-45bb-9766-cc326314d9f1,4.664044999997714,3.089790236224318e-05,6.624700739863858e-06,12.834880832,42.81742908409855,20.0,1.4839869975876003e-05,5.546365548203536e-05,2.312320777778546e-05,9.342673323569682e-05,0.0,Italy,ITA,lombardy,,,Windows-11-10.0.26200-SP0,3.13.13,3.2.6,32,13th Gen Intel(R) Core(TM) i9-13900HX,1,1 x NVIDIA GeForce RTX 4070 Laptop GPU,9.1922,45.4722,31.70067596435547,machine,0.0,50.0,30.6,9.702318827311196,N,1.0,0.0
2026-05-04T22:55:25,Q470_phi3:mini_HumanEval,47926b09-c161-4172-ba37-d790f98749fd,5b0fa12a-3dd7-45bb-9766-cc326314d9f1,9.284696099995926,8.296623168710118e-05,8.935804768789101e-06,12.837017921600005,66.21401711664764,20.0,3.131761147337438e-05,0.000170757636606,4.879174944443447e-05,0.0002508669975238,0.0,Italy,ITA,lombardy,,,Windows-11-10.0.26200-SP0,3.13.13,3.2.6,32,13th Gen Intel(R) Core(TM) i9-13900HX,1,1 x NVIDIA GeForce RTX 4070 Laptop GPU,9.1922,45.4722,31.70067596435547,machine,0.0,69.85714285714286,30.571428571428573,9.69789069039481,N,1.0,0.0
2026-05-04T22:55:52,Q470_qwen2.5:7b_HumanEval,c9658ec0-5ba1-4518-84c1-a6b9c308141f,5b0fa12a-3dd7-45bb-9766-cc326314d9f1,11.734858300005726,9.691302917731058e-05,8.258559813820955e-06,12.829739215127274,58.477434459481344,20.0,4.0030279946673205e-05,0.0001906065413739,6.240144444446843e-05,0.0002930382657651,0.0,Italy,ITA,lombardy,,,Windows-11-10.0.26200-SP0,3.13.13,3.2.6,32,13th Gen Intel(R) Core(TM) i9-13900HX,1,1 x NVIDIA GeForce RTX 4070 Laptop GPU,9.1922,45.4722,31.70067596435547,machine,0.0,61.5,31.27,9.908358001708985,N,1.0,0.0
2026-05-04T22:56:17,Q470_mistral:latest _HumanEval,93440610-5dc1-427a-b450-9a8738a19127,5b0fa12a-3dd7-45bb-9766-cc326314d9f1,9.985366599998088,8.886881888307283e-05,8.899905475988218e-06,12.8200761856,65.71716371659204,20.0,3.376839654530139e-05,0.000182267090258,5.2679306111086696e-05,0.0002687147929144,0.0,Italy,ITA,lombardy,,,Windows-11-10.0.26200-SP0,3.13.13,3.2.6,32,13th Gen Intel(R) Core(TM) i9-13900HX,1,1 x NVIDIA GeForce RTX 4070 Laptop GPU,9.1922,45.4722,31.70067596435547,machine,0.0,80.0,30.6,9.6967453956604,N,1.0,0.0
2026-05-04T22:56:41,Q471_phi3:mini_HellaSwag,1b2fdfae-02e5-4600-992d-b91b0421ba14,5b0fa12a-3dd7-45bb-9766-cc326314d9f1,9.171962799999164,7.732369054451773e-05,8.430440924217963e-06,12.8182040912,60.7619513898937,20.0,3.086559917019868e-05,0.0001547820682699,4.815784222220019e-05,0.0002338055096623,0.0,Italy,ITA,lombardy,,,Windows-11-10.0.26200-SP0,3.13.13,3.2.6,32,13th Gen Intel(R) Core(TM) i9-13900HX,1,1 x NVIDIA GeForce RTX 4070 Laptop GPU,9.1922,45.4722,31.70067596435547,machine,0.0,78.71428571428571,30.485714285714288,9.663983481270929,N,1.0,0.0
2026-05-04T22:57:08,Q471_qwen2.5:7b_HellaSwag,f8f637e5-4c2c-44fe-91bd-65c7ca30aed8,5b0fa12a-3dd7-45bb-9766-cc326314d9f1,12.352220199994916,0.0001056405979923,8.552357089001228e-06,12.826212817454548,61.60858092631453,20.0,4.221934605887848e-05,0.00021137655799,6.583212222220835e-05,0.0003194280262711,0.0,Italy,ITA,lombardy,,,Windows-11-10.0.26200-SP0,3.13.13,3.2.6,32,13th Gen Intel(R) Core(TM) i9-13900HX,1,1 x NVIDIA GeForce RTX 4070 Laptop GPU,9.1922,45.4722,31.70067596435547,machine,0.0,72.4,31.29,9.915495300292967,N,1.0,0.0
2026-05-04T22:57:35,Q471_mistral:latest _HellaSwag,e2db2fbd-89c1-4a54-8828-183ec5148617,5b0fa12a-3dd7-45bb-9766-cc326314d9f1,11.481804300005024,0.0001060707136448,9.238157250670332e-06,12.81976017536,69.18115882470082,20.0,3.909992418185175e-05,0.0002206301765039,6.099847666668615e-05,0.0003207285773525,0.0,Italy,ITA,lombardy,,,Windows-11-10.0.26200-SP0,3.13.13,3.2.6,32,13th Gen Intel(R) Core(TM) i9-13900HX,1,1 x NVIDIA GeForce RTX 4070 Laptop GPU,9.1922,45.4722,31.70067596435547,machine,0.0,82.0,30.8,9.769204881456163,N,1.0,0.0
2026-05-04T22:57:59,Q472_phi3:mini_HellaSwag,f6b5916a-9fce-4215-b15d-623d5bd63030,5b0fa12a-3dd7-45bb-9766-cc326314d9f1,9.206048899999589,8.001818467798365e-05,8.691913930414516e-06,12.816786872,63.59488152704813,20.0,3.098715986130534e-05,0.0001626123523119,4.835340444446451e-05,0.0002419529166177,0.0,Italy,ITA,lombardy,,,Windows-11-10.0.26200-SP0,3.13.13,3.2.6,32,13th Gen Intel(R) Core(TM) i9-13900HX,1,1 x NVIDIA GeForce RTX 4070 Laptop GPU,9.1922,45.4722,31.70067596435547,machine,0.0,82.85714285714286,30.685714285714287,9.733385903494698,N,1.0,0.0
2026-05-04T22:58:25,Q472_qwen2.5:7b_HellaSwag,d0e917df-4e66-4f91-8c04-c80f5818fec8,5b0fa12a-3dd7-45bb-9766-cc326314d9f1,11.086140100000192,9.05681821450478e-05,8.169496445841073e-06,12.822133399040002,57.596282277731255,20.0,3.769783119222435e-05,0.000177354864106,5.880050333329968e-05,0.0002738531986316,0.0,Italy,ITA,lombardy,,,Windows-11-10.0.26200-SP0,3.13.13,3.2.6,32,13th Gen Intel(R) Core(TM) i9-13900HX,1,1 x NVIDIA GeForce RTX 4070 Laptop GPU,9.1922,45.4722,31.70067596435547,machine,0.0,69.88888888888889,31.355555555555554,9.937888251410593,N,1.0,0.0
2026-05-04T22:58:53,Q472_mistral:latest _HellaSwag,ec789661-bba8-4639-abe6-808fd980baec,5b0fa12a-3dd7-45bb-9766-cc326314d9f1,12.087547600000107,0.0001144058789029,9.46477173772866e-06,12.823559572945454,71.57771448374504,20.0,4.126453161354685e-05,0.000240310747804,6.435653833331244e-05,0.0003459318177508,0.0,Italy,ITA,lombardy,,,Windows-11-10.0.26200-SP0,3.13.13,3.2.6,32,13th Gen Intel(R) Core(TM) i9-13900HX,1,1 x NVIDIA GeForce RTX 4070 Laptop GPU,9.1922,45.4722,31.70067596435547,machine,3.33,83.9,30.78,9.761894989013673,N,1.0,0.0
2026-05-04T22:59:13,Q473_phi3:mini_HellaSwag,b5add322-e6c6-402f-bc1e-8d308b837e3e,5b0fa12a-3dd7-45bb-9766-cc326314d9f1,4.9714476999943145,3.494661210203778e-05,7.029463892796809e-06,12.8482031648,46.99066757064132,20.0,1.5953066036601657e-05,6.488366301798942e-05,2.4832185555553428e-05,0.0001056689146101,0.0,Italy,ITA,lombardy,,,Windows-11-10.0.26200-SP0,3.13.13,3.2.6,32,13th Gen Intel(R) Core(TM) i9-13900HX,1,1 x NVIDIA GeForce RTX 4070 Laptop GPU,9.1922,45.4722,31.70067596435547,machine,16.666666666666668,48.66666666666666,30.633333333333336,9.720654805501304,N,1.0,0.0
2026-05-04T22:59:40,Q473_qwen2.5:7b_HellaSwag,eef28571-ae27-4cb6-a671-5b90aeeb8312,5b0fa12a-3dd7-45bb-9766-cc326314d9f1,12.455108900001504,0.0001050074445132,8.430873255005371e-06,12.829632875054546,60.30404387987759,20.0,4.2582000193075726e-05,0.0002085518335079,6.637971111114086e-05,0.0003175135448122,0.0,Italy,ITA,lombardy,,,Windows-11-10.0.26200-SP0,3.13.13,3.2.6,32,13th Gen Intel(R) Core(TM) i9-13900HX,1,1 x NVIDIA GeForce RTX 4070 Laptop GPU,9.1922,45.4722,31.70067596435547,machine,0.0,60.4,31.4,9.956642532348631,N,1.0,0.0
2026-05-04T23:00:05,Q473_mistral:latest _HellaSwag,11526b2e-6150-4a66-834a-99e14df51d4b,5b0fa12a-3dd7-45bb-9766-cc326314d9f1,9.356537200001185,7.815285765514048e-05,8.35275444158236e-06,12.8302874048,59.8585013237037,20.0,3.1558141154120895e-05,0.0001555623466719,4.919219444442812e-05,0.0002363126822705,0.0,Italy,ITA,lombardy,,,Windows-11-10.0.26200-SP0,3.13.13,3.2.6,32,13th Gen Intel(R) Core(TM) i9-13900HX,1,1 x NVIDIA GeForce RTX 4070 Laptop GPU,9.1922,45.4722,31.70067596435547,machine,14.285714285714286,78.42857142857143,30.82857142857143,9.782003130231583,N,1.0,0.0
2026-05-04T23:00:29,Q474_phi3:mini_GSM8K,ee00aef4-03fa-4438-9fe9-f2ac143620d4,5b0fa12a-3dd7-45bb-9766-cc326314d9f1,9.200486099995032,8.056802044525673e-05,8.756930837089165e-06,12.8265005936,64.30648891942634,20.0,3.098765074045545e-05,0.000164310687004,4.831713055553135e-05,0.0002436154683,0.0,Italy,ITA,lombardy,,,Windows-11-10.0.26200-SP0,3.13.13,3.2.6,32,13th Gen Intel(R) Core(TM) i9-13900HX,1,1 x NVIDIA GeForce RTX 4070 Laptop GPU,9.1922,45.4722,31.70067596435547,machine,0.0,78.14285714285714,30.7,9.733216421944755,N,1.0,0.0
2026-05-04T23:01:00,Q474_qwen2.5:7b_GSM8K,8326d8a7-e356-408d-9618-f164bb37ade6,5b0fa12a-3dd7-45bb-9766-cc326314d9f1,15.330052199999043,0.0001355433121988,8.841673233108053e-06,12.820971263085717,64.50208494873375,20.0,5.2808675329617626e-05,0.000274659386394,8.237752333334357e-05,0.0004098455850569,0.0,Italy,ITA,lombardy,,,Windows-11-10.0.26200-SP0,3.13.13,3.2.6,32,13th Gen Intel(R) Core(TM) i9-13900HX,1,1 x NVIDIA GeForce RTX 4070 Laptop GPU,9.1922,45.4722,31.70067596435547,machine,0.0,78.23076923076923,31.46153846153846,9.979308201716496,N,1.0,0.0
2026-05-04T23:01:38,Q474_mistral:latest _GSM8K,58c5dc2c-ee43-4dbf-86a9-93910d8b94c6,5b0fa12a-3dd7-45bb-9766-cc326314d9f1,13.686491899999965,0.0001334490885977,9.75042323283158e-06,12.816625938707697,74.58510237140177,20.0,4.691424388705666e-05,0.00028339189338,7.320709333333878e-05,0.0004035132306004,0.0,Italy,ITA,lombardy,,,Windows-11-10.0.26200-SP0,3.13.13,3.2.6,32,13th Gen Intel(R) Core(TM) i9-13900HX,1,1 x NVIDIA GeForce RTX 4070 Laptop GPU,9.1922,45.4722,31.70067596435547,machine,0.0,86.16666666666667,30.78333333333333,9.756520907084148,N,1.0,0.0
2026-05-04T23:01:58,Q475_phi3:mini_SQuAD,3eeb7fb7-cdfe-453e-b280-7fbc5d6a641c,5b0fa12a-3dd7-45bb-9766-cc326314d9f1,4.615449400000216,3.015213020719356e-05,6.532869845175237e-06,12.843834435200002,41.84409762265506,20.0,1.4677359944489687e-05,5.364032068999602e-05,2.285404333334656e-05,9.117172396783228e-05,0.0,Italy,ITA,lombardy,,,Windows-11-10.0.26200-SP0,3.13.13,3.2.6,32,13th Gen Intel(R) Core(TM) i9-13900HX,1,1 x NVIDIA GeForce RTX 4070 Laptop GPU,9.1922,45.4722,31.70067596435547,machine,0.0,34.333333333333336,30.6,9.708966573079428,N,1.0,0.0
2026-05-04T23:02:20,Q475_qwen2.5:7b_SQuAD,96c37b01-80f9-4b7a-aed7-c6d7f3e00fac,5b0fa12a-3dd7-45bb-9766-cc326314d9f1,6.501064700001734,4.192395930238129e-05,6.448783581921605e-06,12.874035768320002,39.86581871282838,20.0,2.145468073930464e-05,7.198311314199346e-05,3.3328693888890685e-05,0.0001267664877701,0.0,Italy,ITA,lombardy,,,Windows-11-10.0.26200-SP0,3.13.13,3.2.6,32,13th Gen Intel(R) Core(TM) i9-13900HX,1,1 x NVIDIA GeForce RTX 4070 Laptop GPU,9.1922,45.4722,31.70067596435547,machine,0.0,37.75,31.125,9.87165069580078,N,1.0,0.0
2026-05-04T23:02:41,Q475_mistral:latest _SQuAD,4aae2056-850d-483c-b453-8265f81e7b20,5b0fa12a-3dd7-45bb-9766-cc326314d9f1,5.864750199994887,4.067156790650657e-05,6.934919053592773e-06,12.842287086080002,45.5229949483743,20.0,1.9114840730037743e-05,7.409700372201788e-05,2.976775722220029e-05,0.0001229796016742,0.0,Italy,ITA,lombardy,,,Windows-11-10.0.26200-SP0,3.13.13,3.2.6,32,13th Gen Intel(R) Core(TM) i9-13900HX,1,1 x NVIDIA GeForce RTX 4070 Laptop GPU,9.1922,45.4722,31.70067596435547,machine,0.0,62.5,30.85,9.779603958129885,N,1.0,0.0
2026-05-04T23:03:01,Q476_phi3:mini_MMLU,56ed3943-d605-4f13-88f4-269346dfb973,5b0fa12a-3dd7-45bb-9766-cc326314d9f1,5.489690200003679,4.024537865545914e-05,7.331083756863396e-06,12.8460293696,49.99305379493183,20.0,1.7791291431343955e-05,7.620117207202126e-05,2.7698459444460848e-05,0.0001216909229478,0.0,Italy,ITA,lombardy,,,Windows-11-10.0.26200-SP0,3.13.13,3.2.6,32,13th Gen Intel(R) Core(TM) i9-13900HX,1,1 x NVIDIA GeForce RTX 4070 Laptop GPU,9.1922,45.4722,31.70067596435547,machine,20.83333333333333,40.0,30.6,9.701400756835938,N,1.0,0.0
2026-05-04T23:03:13,Q476_qwen2.5:7b_MMLU,9a7d0ba2-0639-4954-9e83-3a2a671dfda0,5b0fa12a-3dd7-45bb-9766-cc326314d9f1,6.957903300004546,4.8609852574033766e-05,6.986278836902205e-06,12.829417222400002,45.59454250493189,20.0,2.30060680486614e-05,8.811340382403055e-05,3.586331277777693e-05,0.0001469827846504,0.0,Italy,ITA,lombardy,,,Windows-11-10.0.26200-SP0,3.13.13,3.2.6,32,13th Gen Intel(R) Core(TM) i9-13900HX,1,1 x NVIDIA GeForce RTX 4070 Laptop GPU,9.1922,45.4722,31.70067596435547,machine,7.279999999999999,48.0,31.2,9.89125747680664,N,1.0,0.0
2026-05-04T23:03:37,Q476_mistral:latest _MMLU,b81143cc-de90-4d62-84e8-fd2f3f77278d,5b0fa12a-3dd7-45bb-9766-cc326314d9f1,9.03524109999853,7.610832028978245e-05,8.423496334790095e-06,12.8341937072,60.68917053404519,20.0,3.042088399658446e-05,0.000152304566288,4.7405114999977136e-05,0.0002301305652845,0.0,Italy,ITA,lombardy,,,Windows-11-10.0.26200-SP0,3.13.13,3.2.6,32,13th Gen Intel(R) Core(TM) i9-13900HX,1,1 x NVIDIA GeForce RTX 4070 Laptop GPU,9.1922,45.4722,31.70067596435547,machine,0.0,70.57142857142857,30.77142857142857,9.74480220249721,N,1.0,0.0
2026-05-04T23:04:02,Q477_phi3:mini_HellaSwag,d3668833-00f3-44e5-8980-48f3c4920519,5b0fa12a-3dd7-45bb-9766-cc326314d9f1,9.229166699995403,8.007173013406535e-05,8.675943640080229e-06,12.830438864,63.40052485021263,20.0,3.110436106295626e-05,0.000162525963354,4.848449888886535e-05,0.0002421148233058,0.0,Italy,ITA,lombardy,,,Windows-11-10.0.26200-SP0,3.13.13,3.2.6,32,13th Gen Intel(R) Core(TM) i9-13900HX,1,1 x NVIDIA GeForce RTX 4070 Laptop GPU,9.1922,45.4722,31.70067596435547,machine,0.0,84.0,30.67142857142857,9.7165892464774,N,1.0,0.0
2026-05-04T23:04:30,Q477_qwen2.5:7b_HellaSwag,528ecbd6-7b85-4c19-97ea-e7d0bc79c2ad,5b0fa12a-3dd7-45bb-9766-cc326314d9f1,13.15449990000343,0.0001150515381936,8.746173481940819e-06,12.8206287296,63.64656933058488,20.0,4.5055936189075794e-05,0.000232542408256,7.028576888891015e-05,0.000347884113334,0.0,Italy,ITA,lombardy,,,Windows-11-10.0.26200-SP0,3.13.13,3.2.6,32,13th Gen Intel(R) Core(TM) i9-13900HX,1,1 x NVIDIA GeForce RTX 4070 Laptop GPU,9.1922,45.4722,31.70067596435547,machine,0.0,74.0909090909091,31.35454545454545,9.946421189741654,N,1.0,0.0
2026-05-04T23:04:57,Q477_mistral:latest _HellaSwag,84a8e90a-edbc-40cd-a3fc-27804b46bcc4,5b0fa12a-3dd7-45bb-9766-cc326314d9f1,12.394155599999069,0.0001138017151912,9.181885306595229e-06,12.82047527098182,68.46459164173514,20.0,4.234885424195782e-05,0.0002356929663319,6.606317277777029e-05,0.0003441049933516,0.0,Italy,ITA,lombardy,,,Windows-11-10.0.26200-SP0,3.13.13,3.2.6,32,13th Gen Intel(R) Core(TM) i9-13900HX,1,1 x NVIDIA GeForce RTX 4070 Laptop GPU,9.1922,45.4722,31.70067596435547,machine,0.0,85.0,30.71,9.740850448608398,N,1.0,0.0
2026-05-04T23:05:17,Q478_phi3:mini_SQuAD,39c19c66-8003-48c2-90bd-3585d924f40c,5b0fa12a-3dd7-45bb-9766-cc326314d9f1,4.470998800003144,2.9178886442849463e-05,6.526256827183435e-06,12.851983001600004,41.90617105345038,20.0,1.41645927965161e-05,5.202309717400322e-05,2.2041213333351254e-05,8.822890330387057e-05,0.0,Italy,ITA,lombardy,,,Windows-11-10.0.26200-SP0,3.13.13,3.2.6,32,13th Gen Intel(R) Core(TM) i9-13900HX,1,1 x NVIDIA GeForce RTX 4070 Laptop GPU,9.1922,45.4722,31.70067596435547,machine,0.0,3.0,30.6,9.69935417175293,N,1.0,0.0
2026-05-04T23:05:38,Q478_qwen2.5:7b_SQuAD,8c0e4896-4dbb-463d-baab-50097e8538a8,5b0fa12a-3dd7-45bb-9766-cc326314d9f1,5.595652100004372,2.8440640297515247e-05,5.082631977333442e-06,12.85364513792,25.435600252136563,20.0,1.818304455070465e-05,3.952253161809693e-05,2.8291074444455768e-05,8.599665061325736e-05,0.0,Italy,ITA,lombardy,,,Windows-11-10.0.26200-SP0,3.13.13,3.2.6,32,13th Gen Intel(R) Core(TM) i9-13900HX,1,1 x NVIDIA GeForce RTX 4070 Laptop GPU,9.1922,45.4722,31.70067596435547,machine,0.0,16.5,31.075000000000003,9.855610847473145,N,1.0,0.0
2026-05-04T23:05:47,Q478_mistral:latest _SQuAD,9fbc65a0-307f-475f-823c-61063c507247,5b0fa12a-3dd7-45bb-9766-cc326314d9f1,4.286528399999952,2.643749269457433e-05,6.167576702530333e-06,12.883255385600002,38.11275661272252,20.0,1.3543531886554623e-05,4.537225852002669e-05,2.1023894444483125e-05,7.993968485106443e-05,0.0,Italy,ITA,lombardy,,,Windows-11-10.0.26200-SP0,3.13.13,3.2.6,32,13th Gen Intel(R) Core(TM) i9-13900HX,1,1 x NVIDIA GeForce RTX 4070 Laptop GPU,9.1922,45.4722,31.70067596435547,machine,0.0,27.5,30.7,9.726242065429688,N,1.0,0.0
2026-05-04T23:06:11,Q479_phi3:mini_GSM8K,92e8b9ae-dfdc-4b24-b39c-ced1e283c944,5b0fa12a-3dd7-45bb-9766-cc326314d9f1,9.16286879999825,8.252824895951336e-05,9.006813342075696e-06,12.8234236448,67.02659647280096,20.0,3.0850069337725846e-05,0.00017057791424,4.811467499999304e-05,0.0002495426585777,0.0,Italy,ITA,lombardy,,,Windows-11-10.0.26200-SP0,3.13.13,3.2.6,32,13th Gen Intel(R) Core(TM) i9-13900HX,1,1 x NVIDIA GeForce RTX 4070 Laptop GPU,9.1922,45.4722,31.70067596435547,machine,0.0,88.85714285714286,30.67142857142857,9.716756003243583,N,1.0,0.0
2026-05-04T23:06:36,Q479_qwen2.5:7b_GSM8K,e1a325a8-6689-46d5-a9fd-e364c12b9f6c,5b0fa12a-3dd7-45bb-9766-cc326314d9f1,9.513367200001085,7.586005417627125e-05,7.974048786455189e-06,12.826467848,55.71398650452467,20.0,3.2105954829230505e-05,0.0001472131733259,5.006074888887169e-05,0.0002293798770441,0.0,Italy,ITA,lombardy,,,Windows-11-10.0.26200-SP0,3.13.13,3.2.6,32,13th Gen Intel(R) Core(TM) i9-13900HX,1,1 x NVIDIA GeForce RTX 4070 Laptop GPU,9.1922,45.4722,31.70067596435547,machine,4.285714285714286,62.85714285714285,31.24285714285714,9.908978053501674,N,1.0,0.0
2026-05-04T23:06:59,Q479_mistral:latest _GSM8K,5f144022-136c-4e5b-a184-f1ae02a121af,5b0fa12a-3dd7-45bb-9766-cc326314d9f1,7.532769599994936,5.818540862304657e-05,7.724304832459723e-06,12.831958290285716,53.44751469511507,20.0,2.505782683330252e-05,0.0001118242561259,3.905454166666055e-05,0.0001759366246259,0.0,Italy,ITA,lombardy,,,Windows-11-10.0.26200-SP0,3.13.13,3.2.6,32,13th Gen Intel(R) Core(TM) i9-13900HX,1,1 x NVIDIA GeForce RTX 4070 Laptop GPU,9.1922,45.4722,31.70067596435547,machine,0.0,75.2,30.766666666666666,9.750347773234049,N,1.0,0.0
2026-05-04T23:07:19,Q480_phi3:mini_GSM8K,25d5c7d9-4d60-480e-8f2a-45922757b6c9,5b0fa12a-3dd7-45bb-9766-cc326314d9f1,5.145611899999494,3.717045981978146e-05,7.223720043827073e-06,12.8739948896,48.978061262764285,20.0,1.6604582864334172e-05,6.999366710608301e-05,2.579496666666172e-05,0.000112393216637,0.0,Italy,ITA,lombardy,,,Windows-11-10.0.26200-SP0,3.13.13,3.2.6,32,13th Gen Intel(R) Core(TM) i9-13900HX,1,1 x NVIDIA GeForce RTX 4070 Laptop GPU,9.1922,45.4722,31.70067596435547,machine,0.0,33.333333333333336,30.633333333333336,9.707471211751304,N,1.0,0.0
2026-05-04T23:07:42,Q480_qwen2.5:7b_GSM8K,e455e5ae-e888-4126-a632-b14700e85354,5b0fa12a-3dd7-45bb-9766-cc326314d9f1,8.164771499999915,6.189988787849153e-05,7.581337442020535e-06,12.836838869942856,51.78489659411505,20.0,2.729834301198741e-05,0.000117339260538,4.253058166666759e-05,0.0001871681852166,0.0,Italy,ITA,lombardy,,,Windows-11-10.0.26200-SP0,3.13.13,3.2.6,32,13th Gen Intel(R) Core(TM) i9-13900HX,1,1 x NVIDIA GeForce RTX 4070 Laptop GPU,9.1922,45.4722,31.70067596435547,machine,0.0,35.833333333333336,31.3,9.923046747843424,N,1.0,0.0
2026-05-04T23:08:02,Q480_mistral:latest _GSM8K,637fbaf4-75e7-4dd8-94b7-53e71e67097a,5b0fa12a-3dd7-45bb-9766-cc326314d9f1,5.149219299994002,3.358766843097666e-05,6.5228661810958e-06,12.8691312896,41.51433609412517,20.0,1.6571031993614942e-05,5.923699183402187e-05,2.575181999996453e-05,0.0001015598438276,0.0,Italy,ITA,lombardy,,,Windows-11-10.0.26200-SP0,3.13.13,3.2.6,32,13th Gen Intel(R) Core(TM) i9-13900HX,1,1 x NVIDIA GeForce RTX 4070 Laptop GPU,9.1922,45.4722,31.70067596435547,machine,0.0,33.666666666666664,30.766666666666666,9.752408345540363,N,1.0,0.0
2026-05-04T23:08:16,Q481_phi3:mini_MMLU,f0f89fae-98cc-457a-a5e4-d6a1c5f1528c,5b0fa12a-3dd7-45bb-9766-cc326314d9f1,8.038388099994336,6.753713914999962e-05,8.401826126067142e-06,12.835713629257144,60.67638438566465,20.0,2.6871916256035573e-05,0.0001354726083779,4.186915333331045e-05,0.0002042136779673,0.0,Italy,ITA,lombardy,,,Windows-11-10.0.26200-SP0,3.13.13,3.2.6,32,13th Gen Intel(R) Core(TM) i9-13900HX,1,1 x NVIDIA GeForce RTX 4070 Laptop GPU,9.1922,45.4722,31.70067596435547,machine,0.0,82.83333333333333,30.666666666666668,9.71890131632487,N,1.0,0.0
2026-05-04T23:08:41,Q481_qwen2.5:7b_MMLU,eeaaf6a7-b2b2-4902-8dff-908548105a62,5b0fa12a-3dd7-45bb-9766-cc326314d9f1,10.064547900001344,7.846097763693216e-05,7.795777656035765e-06,12.8244367616,53.696630052206906,20.0,3.405763370508459e-05,0.00015007373117,5.311298722222596e-05,0.0002372443520973,0.0,Italy,ITA,lombardy,,,Windows-11-10.0.26200-SP0,3.13.13,3.2.6,32,13th Gen Intel(R) Core(TM) i9-13900HX,1,1 x NVIDIA GeForce RTX 4070 Laptop GPU,9.1922,45.4722,31.70067596435547,machine,0.0,66.75,31.325000000000003,9.93085479736328,N,1.0,0.0
2026-05-04T23:09:05,Q481_mistral:latest _MMLU,525fcb4f-1225-44fa-90da-3f345928c0e8,5b0fa12a-3dd7-45bb-9766-cc326314d9f1,8.891983800000162,7.636997546896007e-05,8.588631871884278e-06,12.826822520000002,62.55698767450514,20.0,2.9882566475688293e-05,0.000154446512446,4.6592659444407525e-05,0.0002309217383661,0.0,Italy,ITA,lombardy,,,Windows-11-10.0.26200-SP0,3.13.13,3.2.6,32,13th Gen Intel(R) Core(TM) i9-13900HX,1,1 x NVIDIA GeForce RTX 4070 Laptop GPU,9.1922,45.4722,31.70067596435547,machine,0.0,78.28571428571429,30.785714285714285,9.75454602922712,N,1.0,0.0
2026-05-04T23:09:26,Q482_phi3:mini_MMLU,c6388c4d-b791-4720-96f6-93c03fab26c3,5b0fa12a-3dd7-45bb-9766-cc326314d9f1,6.49763470000471,4.975327733118762e-05,7.657136731794349e-06,12.83932381952,53.05437938683337,20.0,2.138452687141329e-05,9.574618770796794e-05,3.3309471111109205e-05,0.0001504401856904,0.0,Italy,ITA,lombardy,,,Windows-11-10.0.26200-SP0,3.13.13,3.2.6,32,13th Gen Intel(R) Core(TM) i9-13900HX,1,1 x NVIDIA GeForce RTX 4070 Laptop GPU,9.1922,45.4722,31.70067596435547,machine,0.0,50.25,30.65,9.718235969543455,N,1.0,0.0
2026-05-04T23:09:52,Q482_qwen2.5:7b_MMLU,8af1e499-0410-4758-8cc3-524c5e5bd3f1,5b0fa12a-3dd7-45bb-9766-cc326314d9f1,10.3793966000012,8.277865209896719e-05,7.97528558634686e-06,12.8253029888,55.58084315309331,20.0,3.518935596138768e-05,0.0001602367948559,5.487365777775672e-05,0.0002502998085951,0.0,Italy,ITA,lombardy,,,Windows-11-10.0.26200-SP0,3.13.13,3.2.6,32,13th Gen Intel(R) Core(TM) i9-13900HX,1,1 x NVIDIA GeForce RTX 4070 Laptop GPU,9.1922,45.4722,31.70067596435547,machine,0.0,66.125,31.3375,9.93165922164917,N,1.0,0.0
2026-05-04T23:10:16,Q482_mistral:latest _MMLU,f0a2ac7c-166f-4495-b676-97e8c02bb9b7,5b0fa12a-3dd7-45bb-9766-cc326314d9f1,9.118815499998163,7.708010261732965e-05,8.452863490586598e-06,12.8426833424,61.279014281280965,20.0,3.063768874662645e-05,0.0001547198459979,4.771143222222034e-05,0.0002330689669668,0.0,Italy,ITA,lombardy,,,Windows-11-10.0.26200-SP0,3.13.13,3.2.6,32,13th Gen Intel(R) Core(TM) i9-13900HX,1,1 x NVIDIA GeForce RTX 4070 Laptop GPU,9.1922,45.4722,31.70067596435547,machine,0.0,77.71428571428571,30.75714285714286,9.743170057024274,N,1.0,0.0
2026-05-04T23:10:40,Q483_phi3:mini_MMLU,97a2f77f-ff9c-4a45-8c5e-d4b5edb99dc1,5b0fa12a-3dd7-45bb-9766-cc326314d9f1,9.219367700003204,8.123261528727255e-05,8.811083138298554e-06,12.8352108512,64.90245183635145,20.0,3.1070077964464026e-05,0.0001661420773579,4.8412864444455616e-05,0.0002456250197669,0.0,Italy,ITA,lombardy,,,Windows-11-10.0.26200-SP0,3.13.13,3.2.6,32,13th Gen Intel(R) Core(TM) i9-13900HX,1,1 x NVIDIA GeForce RTX 4070 Laptop GPU,9.1922,45.4722,31.70067596435547,machine,0.0,78.14285714285714,30.685714285714287,9.735352652413503,N,1.0,0.0
2026-05-04T23:11:11,Q483_qwen2.5:7b_MMLU,884e2e02-d3d6-434a-bb89-53499aa87c04,5b0fa12a-3dd7-45bb-9766-cc326314d9f1,15.308740799999214,0.0001343819774146,8.778120889908003e-06,12.823878894628573,63.837805487660425,20.0,5.272826416043977e-05,0.000271372161542,8.223360333330574e-05,0.0004063340290357,0.0,Italy,ITA,lombardy,,,Windows-11-10.0.26200-SP0,3.13.13,3.2.6,32,13th Gen Intel(R) Core(TM) i9-13900HX,1,1 x NVIDIA GeForce RTX 4070 Laptop GPU,9.1922,45.4722,31.70067596435547,machine,0.0,78.3076923076923,31.446153846153848,9.972534766564005,N,1.0,0.0
2026-05-04T23:11:40,Q483_mistral:latest _MMLU,ab7623f0-b543-4515-bae2-f99c268c6f97,5b0fa12a-3dd7-45bb-9766-cc326314d9f1,13.683705100003865,0.0001340333964588,9.795109985149962e-06,12.835991679015388,74.9991133570884,20.0,4.699984390073099e-05,0.00028505022804,7.32299444444733e-05,0.0004052800163852,0.0,Italy,ITA,lombardy,,,Windows-11-10.0.26200-SP0,3.13.13,3.2.6,32,13th Gen Intel(R) Core(TM) i9-13900HX,1,1 x NVIDIA GeForce RTX 4070 Laptop GPU,9.1922,45.4722,31.70067596435547,machine,0.0,85.58333333333333,30.816666666666663,9.764703114827476,N,1.0,0.0
2026-05-04T23:12:11,Q484_phi3:mini_SQuAD,f5a9a1c8-c75a-43f0-a49d-258142fa7e22,5b0fa12a-3dd7-45bb-9766-cc326314d9f1,6.426094200003718,4.8958843681581447e-05,7.61875599046667e-06,12.88028916992,52.6321207326976,20.0,2.119392011573757e-05,9.393618626002408e-05,3.2907931111104616e-05,0.0001480380374868,0.0,Italy,ITA,lombardy,,,Windows-11-10.0.26200-SP0,3.13.13,3.2.6,32,13th Gen Intel(R) Core(TM) i9-13900HX,1,1 x NVIDIA GeForce RTX 4070 Laptop GPU,9.1922,45.4722,31.70067596435547,machine,25.0,49.25,30.725,9.740686416625977,N,1.0,0.0
2026-05-04T23:12:33,Q484_qwen2.5:7b_SQuAD,a825d935-3483-4020-8c8b-921f5ffa7b35,5b0fa12a-3dd7-45bb-9766-cc326314d9f1,6.688852899998892,4.190655166146125e-05,6.265132794513719e-06,12.8408134784,37.82394835665304,20.0,2.2070160650115468e-05,7.027005621601523e-05,3.437363499999467e-05,0.0001267138518661,0.0,Italy,ITA,lombardy,,,Windows-11-10.0.26200-SP0,3.13.13,3.2.6,32,13th Gen Intel(R) Core(TM) i9-13900HX,1,1 x NVIDIA GeForce RTX 4070 Laptop GPU,9.1922,45.4722,31.70067596435547,machine,0.0,22.8,31.360000000000003,9.938459777832032,N,1.0,0.0
2026-05-04T23:12:53,Q484_mistral:latest _SQuAD,7d66c4b4-3391-4cbb-86ac-101142cf6e3c,5b0fa12a-3dd7-45bb-9766-cc326314d9f1,4.765512199999648,3.0175714052312468e-05,6.332102990380488e-06,12.841051577600002,39.58234348858298,20.0,1.5201435893858267e-05,5.236698633798165e-05,2.367461277778299e-05,9.124303500962292e-05,0.0,Italy,ITA,lombardy,,,Windows-11-10.0.26200-SP0,3.13.13,3.2.6,32,13th Gen Intel(R) Core(TM) i9-13900HX,1,1 x NVIDIA GeForce RTX 4070 Laptop GPU,9.1922,45.4722,31.70067596435547,machine,0.0,50.66666666666666,30.96666666666667,9.82251485188802,N,1.0,0.0
2026-05-04T23:13:02,Q485_phi3:mini_HellaSwag,7d291f40-294e-414f-b70c-de9060f309b7,5b0fa12a-3dd7-45bb-9766-cc326314d9f1,4.4451458000039565,2.8104416360927507e-05,6.322495959728136e-06,12.849544908800002,39.740894680516114,20.0,1.4063720180081182e-05,4.902753922203518e-05,2.1888742777769543e-05,8.49800021798859e-05,0.0,Italy,ITA,lombardy,,,Windows-11-10.0.26200-SP0,3.13.13,3.2.6,32,13th Gen Intel(R) Core(TM) i9-13900HX,1,1 x NVIDIA GeForce RTX 4070 Laptop GPU,9.1922,45.4722,31.70067596435547,machine,0.0,5.0,30.75,9.74537467956543,N,1.0,0.0
2026-05-04T23:13:13,Q485_qwen2.5:7b_HellaSwag,65c63d6e-6601-4729-a87c-e20620f4e1a1,5b0fa12a-3dd7-45bb-9766-cc326314d9f1,5.991767700004857,3.440014091255242e-05,5.741234078972144e-06,12.84867013376,32.40260133688021,20.0,1.9593620564850107e-05,5.39253209180246e-05,3.0497595000027407e-05,0.0001040165364829,0.0,Italy,ITA,lombardy,,,Windows-11-10.0.26200-SP0,3.13.13,3.2.6,32,13th Gen Intel(R) Core(TM) i9-13900HX,1,1 x NVIDIA GeForce RTX 4070 Laptop GPU,9.1922,45.4722,31.70067596435547,machine,0.0,4.75,31.2,9.886748313903809,N,1.0,0.0
2026-05-04T23:13:34,Q485_mistral:latest _HellaSwag,2810c172-b286-475e-b9ea-0fdd935f5e42,5b0fa12a-3dd7-45bb-9766-cc326314d9f1,4.999093899998115,3.304489854451631e-05,6.610177605291384e-06,12.8515462688,42.41973350212847,20.0,1.6049468638323828e-05,5.8893380448010735e-05,2.497580833332904e-05,9.99186574196636e-05,0.0,Italy,ITA,lombardy,,,Windows-11-10.0.26200-SP0,3.13.13,3.2.6,32,13th Gen Intel(R) Core(TM) i9-13900HX,1,1 x NVIDIA GeForce RTX 4070 Laptop GPU,9.1922,45.4722,31.70067596435547,machine,0.0,33.333333333333336,30.83333333333333,9.768274943033854,N,1.0,0.0
2026-05-04T23:13:44,Q486_phi3:mini_MMLU,df7dd9e3-0a44-46a8-a473-60a380a2323c,5b0fa12a-3dd7-45bb-9766-cc326314d9f1,5.579370599996764,4.080849399721772e-05,7.314175186219281e-06,12.845777415680002,49.73993982054873,20.0,1.811619007496496e-05,7.707311721399934e-05,2.820432111111586e-05,0.0001233936284,0.0,Italy,ITA,lombardy,,,Windows-11-10.0.26200-SP0,3.13.13,3.2.6,32,13th Gen Intel(R) Core(TM) i9-13900HX,1,1 x NVIDIA GeForce RTX 4070 Laptop GPU,9.1922,45.4722,31.70067596435547,machine,0.0,49.25,30.775,9.752385139465332,N,1.0,0.0
2026-05-04T23:14:06,Q486_qwen2.5:7b_MMLU,a4de911a-4605-4b3f-b5ce-6b714cff8908,5b0fa12a-3dd7-45bb-9766-cc326314d9f1,6.449842800000624,3.778761681247399e-05,5.858688030733142e-06,12.847023280640002,33.49035966103199,20.0,2.122430558228626e-05,5.999504799597544e-05,3.303997555554411e-05,0.0001142593291338,0.0,Italy,ITA,lombardy,,,Windows-11-10.0.26200-SP0,3.13.13,3.2.6,32,13th Gen Intel(R) Core(TM) i9-13900HX,1,1 x NVIDIA GeForce RTX 4070 Laptop GPU,9.1922,45.4722,31.70067596435547,machine,0.0,21.5,31.275,9.908916473388672,N,1.0,0.0
2026-05-04T23:14:16,Q486_mistral:latest _MMLU,a3564d79-b6b9-4792-a797-73001cf689b2,5b0fa12a-3dd7-45bb-9766-cc326314d9f1,4.884780200001842,3.069010932375904e-05,6.282802514583453e-06,12.866550838400002,38.982695036283374,20.0,1.5646506032826247e-05,5.283170893194411e-05,2.432020944442128e-05,9.279842440919164e-05,0.0,Italy,ITA,lombardy,,,Windows-11-10.0.26200-SP0,3.13.13,3.2.6,32,13th Gen Intel(R) Core(TM) i9-13900HX,1,1 x NVIDIA GeForce RTX 4070 Laptop GPU,9.1922,45.4722,31.70067596435547,machine,0.0,48.333333333333336,30.866666666666664,9.790533701578775,N,1.0,0.0
2026-05-04T23:14:35,Q487_phi3:mini_SQuAD,c1b4f1dd-1470-4b64-ae85-52aff1f98113,5b0fa12a-3dd7-45bb-9766-cc326314d9f1,4.743826699996134,3.324579955146565e-05,7.0082238778859145e-06,12.86041232,46.91997084415673,20.0,1.5151801638534372e-05,6.181254944997994e-05,2.3561775555531817e-05,0.000100526126644,0.0,Italy,ITA,lombardy,,,Windows-11-10.0.26200-SP0,3.13.13,3.2.6,32,13th Gen Intel(R) Core(TM) i9-13900HX,1,1 x NVIDIA GeForce RTX 4070 Laptop GPU,9.1922,45.4722,31.70067596435547,machine,0.0,66.33333333333333,30.766666666666666,9.7559814453125,N,1.0,0.0
2026-05-04T23:14:46,Q487_qwen2.5:7b_SQuAD,ccf1412f-4406-4e3e-8211-d28f9e08e947,5b0fa12a-3dd7-45bb-9766-cc326314d9f1,5.827758599996741,3.175082776639582e-05,5.448205724652626e-06,12.85808782592,29.28656210114747,20.0,1.9021322561114883e-05,4.739948236398561e-05,2.9584939444410136e-05,9.600574436951064e-05,0.0,Italy,ITA,lombardy,,,Windows-11-10.0.26200-SP0,3.13.13,3.2.6,32,13th Gen Intel(R) Core(TM) i9-13900HX,1,1 x NVIDIA GeForce RTX 4070 Laptop GPU,9.1922,45.4722,31.70067596435547,machine,0.0,20.0,31.225,9.89783000946045,N,1.0,0.0
2026-05-04T23:14:56,Q487_mistral:latest _SQuAD,1985772d-50d0-4089-8de0-e817be794868,5b0fa12a-3dd7-45bb-9766-cc326314d9f1,4.496816700004274,2.424486966820908e-05,5.391562806681899e-06,12.9116173184,29.456624477945287,20.0,1.4328219357712523e-05,3.678836276393982e-05,2.219321555555022e-05,7.330979767720256e-05,0.0,Italy,ITA,lombardy,,,Windows-11-10.0.26200-SP0,3.13.13,3.2.6,32,13th Gen Intel(R) Core(TM) i9-13900HX,1,1 x NVIDIA GeForce RTX 4070 Laptop GPU,9.1922,45.4722,31.70067596435547,machine,0.0,40.5,30.85,9.781597137451172,N,1.0,0.0
2026-05-04T23:15:19,Q488_phi3:mini_HumanEval,bda53fe9-c0c2-41eb-893f-81509b2c5c60,5b0fa12a-3dd7-45bb-9766-cc326314d9f1,7.744341800003895,6.417067035333699e-05,8.286136124997054e-06,12.82283050057143,59.52223348729728,20.0,2.5791259254823306e-05,0.0001280170468579,4.022609888888837e-05,0.0001940344050016,0.0,Italy,ITA,lombardy,,,Windows-11-10.0.26200-SP0,3.13.13,3.2.6,32,13th Gen Intel(R) Core(TM) i9-13900HX,1,1 x NVIDIA GeForce RTX 4070 Laptop GPU,9.1922,45.4722,31.70067596435547,machine,0.0,66.66666666666667,30.766666666666666,9.747288386027018,N,1.0,0.0
2026-05-04T23:15:42,Q488_qwen2.5:7b_HumanEval,5b51e153-3f46-41f0-b2f7-313572d60812,5b0fa12a-3dd7-45bb-9766-cc326314d9f1,8.155271499999799,5.618739470040496e-05,6.889702531719066e-06,12.833477399771429,44.18861377013032,20.0,2.7283446066370323e-05,0.000100093691186,4.251804444441708e-05,0.0001698951816968,0.0,Italy,ITA,lombardy,,,Windows-11-10.0.26200-SP0,3.13.13,3.2.6,32,13th Gen Intel(R) Core(TM) i9-13900HX,1,1 x NVIDIA GeForce RTX 4070 Laptop GPU,9.1922,45.4722,31.70067596435547,machine,0.0,57.833333333333336,31.33333333333333,9.93159548441569,N,1.0,0.0
2026-05-04T23:16:05,Q488_mistral:latest _HumanEval,3d372730-8526-48d1-99d5-f960ce61cb87,5b0fa12a-3dd7-45bb-9766-cc326314d9f1,7.377636799996253,5.970944346242577e-05,8.093302107587634e-06,12.8424842432,57.503185506343165,20.0,2.452587185469118e-05,0.000117825372038,3.819364166665764e-05,0.0001805448855593,0.0,Italy,ITA,lombardy,,,Windows-11-10.0.26200-SP0,3.13.13,3.2.6,32,13th Gen Intel(R) Core(TM) i9-13900HX,1,1 x NVIDIA GeForce RTX 4070 Laptop GPU,9.1922,45.4722,31.70067596435547,machine,0.0,70.2,30.880000000000003,9.783233642578123,N,1.0,0.0
2026-05-04T23:16:29,Q489_phi3:mini_HumanEval,f6c5e6e3-ebad-48c1-ac4e-76dc5f783f48,5b0fa12a-3dd7-45bb-9766-cc326314d9f1,9.329855099997076,8.055945677981695e-05,8.634588202751636e-06,12.828911499200002,62.95630939016655,20.0,3.14513886528364e-05,0.0001631067971519,4.903138833332277e-05,0.0002435895741381,0.0,Italy,ITA,lombardy,,,Windows-11-10.0.26200-SP0,3.13.13,3.2.6,32,13th Gen Intel(R) Core(TM) i9-13900HX,1,1 x NVIDIA GeForce RTX 4070 Laptop GPU,9.1922,45.4722,31.70067596435547,machine,0.0,83.0,30.77142857142857,9.75016348702567,N,1.0,0.0
2026-05-04T23:16:57,Q489_qwen2.5:7b_HumanEval,5671a21d-7355-41aa-9b2c-44fc21174382,5b0fa12a-3dd7-45bb-9766-cc326314d9f1,13.255243300001894,0.0001162580498998,8.770721688661742e-06,12.8237630144,63.89806971960042,20.0,4.542654758604368e-05,0.000235259632652,7.084609166668088e-05,0.0003515322719048,0.0,Italy,ITA,lombardy,,,Windows-11-10.0.26200-SP0,3.13.13,3.2.6,32,13th Gen Intel(R) Core(TM) i9-13900HX,1,1 x NVIDIA GeForce RTX 4070 Laptop GPU,9.1922,45.4722,31.70067596435547,machine,0.0,72.63636363636364,31.509090909090904,9.98570494218306,N,1.0,0.0
2026-05-04T23:17:24,Q489_mistral:latest _HumanEval,6e1e51d0-246b-4158-a6a3-8052633b6d1a,5b0fa12a-3dd7-45bb-9766-cc326314d9f1,11.103704900000594,0.0001014029798576,9.132355440899556e-06,12.81908805248,68.08038004367451,20.0,3.774972171408047e-05,0.0002099696124199,5.889530388885761e-05,0.0003066146380229,0.0,Italy,ITA,lombardy,,,Windows-11-10.0.26200-SP0,3.13.13,3.2.6,32,13th Gen Intel(R) Core(TM) i9-13900HX,1,1 x NVIDIA GeForce RTX 4070 Laptop GPU,9.1922,45.4722,31.70067596435547,machine,0.0,86.0,30.88888888888889,9.789339701334637,N,1.0,0.0
2026-05-04T23:17:48,Q490_phi3:mini_HellaSwag,2ce75398-7880-45b3-a92a-45454cb7cf09,5b0fa12a-3dd7-45bb-9766-cc326314d9f1,9.156402100001287,7.918958937777028e-05,8.648548688983323e-06,12.837579968,63.16562506814344,20.0,3.0843015118973947e-05,0.000160554017332,4.805044055554188e-05,0.0002394474730065,0.0,Italy,ITA,lombardy,,,Windows-11-10.0.26200-SP0,3.13.13,3.2.6,32,13th Gen Intel(R) Core(TM) i9-13900HX,1,1 x NVIDIA GeForce RTX 4070 Laptop GPU,9.1922,45.4722,31.70067596435547,machine,0.0,83.14285714285714,30.75714285714286,9.743931906563896,N,1.0,0.0
2026-05-04T23:18:12,Q490_qwen2.5:7b_HellaSwag,b21045c6-c012-4821-a657-d8bab0e01ec2,5b0fa12a-3dd7-45bb-9766-cc326314d9f1,9.501895699999295,7.40995277287056e-05,7.798394138204557e-06,12.830033619200002,53.80245292903636,20.0,3.2072871579988514e-05,0.0001419884469239,4.999521222222635e-05,0.0002240565307261,0.0,Italy,ITA,lombardy,,,Windows-11-10.0.26200-SP0,3.13.13,3.2.6,32,13th Gen Intel(R) Core(TM) i9-13900HX,1,1 x NVIDIA GeForce RTX 4070 Laptop GPU,9.1922,45.4722,31.70067596435547,machine,0.0,62.71428571428572,31.385714285714283,9.941642216273715,N,1.0,0.0
2026-05-04T23:18:36,Q490_mistral:latest _HellaSwag,32873a25-fb44-4a41-8433-938e08641324,5b0fa12a-3dd7-45bb-9766-cc326314d9f1,8.80199200000061,7.160551439378995e-05,8.135148770163048e-06,12.844890848000002,57.58767112195006,20.0,2.9615360881246463e-05,0.0001407884459641,4.611151555557929e-05,0.0002165153224009,0.0,Italy,ITA,lombardy,,,Windows-11-10.0.26200-SP0,3.13.13,3.2.6,32,13th Gen Intel(R) Core(TM) i9-13900HX,1,1 x NVIDIA GeForce RTX 4070 Laptop GPU,9.1922,45.4722,31.70067596435547,machine,0.0,58.285714285714285,30.9,9.797876630510602,N,1.0,0.0
2026-05-04T23:18:57,Q491_phi3:mini_MMLU,ce74c72e-b5d5-472d-8bbd-6db08fd89875,5b0fa12a-3dd7-45bb-9766-cc326314d9f1,5.809577599997283,4.313217894022172e-05,7.424322715001154e-06,12.84192028928,50.83381794967187,20.0,1.8927507264606164e-05,8.201589894601957e-05,2.947640444443904e-05,0.000130419810655,0.0,Italy,ITA,lombardy,,,Windows-11-10.0.26200-SP0,3.13.13,3.2.6,32,13th Gen Intel(R) Core(TM) i9-13900HX,1,1 x NVIDIA GeForce RTX 4070 Laptop GPU,9.1922,45.4722,31.70067596435547,machine,0.0,63.0,30.775,9.759737014770508,N,1.0,0.0
2026-05-04T23:19:22,Q491_qwen2.5:7b_MMLU,be383dc1-e104-4113-b6b1-7117004f64a9,5b0fa12a-3dd7-45bb-9766-cc326314d9f1,9.395694200000436,7.071699962365506e-05,7.526532698738938e-06,12.8277561152,50.86777541857936,20.0,3.168691042881142e-05,0.0001327389950799,4.9402793333340216e-05,0.000213828698842,0.0,Italy,ITA,lombardy,,,Windows-11-10.0.26200-SP0,3.13.13,3.2.6,32,13th Gen Intel(R) Core(TM) i9-13900HX,1,1 x NVIDIA GeForce RTX 4070 Laptop GPU,9.1922,45.4722,31.70067596435547,machine,0.0,50.71428571428572,31.457142857142856,9.969839368547712,N,1.0,0.0
2026-05-04T23:19:44,Q491_mistral:latest _MMLU,d6ed5540-cf1d-4ae5-9356-b80150285b23,5b0fa12a-3dd7-45bb-9766-cc326314d9f1,6.923753600000055,5.524993076553032e-05,7.979765594998916e-06,12.8354863616,56.44017057700064,20.0,2.2888083114910382e-05,0.000108509531252,3.56629349999922e-05,0.0001670605493669,0.0,Italy,ITA,lombardy,,,Windows-11-10.0.26200-SP0,3.13.13,3.2.6,32,13th Gen Intel(R) Core(TM) i9-13900HX,1,1 x NVIDIA GeForce RTX 4070 Laptop GPU,9.1922,45.4722,31.70067596435547,machine,0.0,71.0,30.880000000000003,9.794020080566408,N,1.0,0.0
2026-05-04T23:20:08,Q492_phi3:mini_HellaSwag,9a9411f4-29d9-4812-9e31-cbbb48c94d78,5b0fa12a-3dd7-45bb-9766-cc326314d9f1,9.171999300000609,8.027184126890692e-05,8.751836828956322e-06,12.8279177408,64.24295583181085,20.0,3.089429991422472e-05,0.0001636592975939,4.816630666666444e-05,0.0002427199041748,0.0,Italy,ITA,lombardy,,,Windows-11-10.0.26200-SP0,3.13.13,3.2.6,32,13th Gen Intel(R) Core(TM) i9-13900HX,1,1 x NVIDIA GeForce RTX 4070 Laptop GPU,9.1922,45.4722,31.70067596435547,machine,0.0,70.28571428571429,30.77142857142857,9.76214872087751,N,1.0,0.0
2026-05-04T23:20:35,Q492_qwen2.5:7b_HellaSwag,dc1220d5-9207-4d15-a018-df710fd9b234,5b0fa12a-3dd7-45bb-9766-cc326314d9f1,11.547557499994582,9.873926816673168e-05,8.550662611273251e-06,12.8233549568,61.68986789160528,20.0,3.934196039432369e-05,0.00019785988051,6.135846777777058e-05,0.0002985603086821,0.0,Italy,ITA,lombardy,,,Windows-11-10.0.26200-SP0,3.13.13,3.2.6,32,13th Gen Intel(R) Core(TM) i9-13900HX,1,1 x NVIDIA GeForce RTX 4070 Laptop GPU,9.1922,45.4722,31.70067596435547,machine,0.0,61.11111111111112,31.47777777777777,9.986685011121962,N,1.0,0.0
2026-05-04T23:21:00,Q492_mistral:latest _HellaSwag,5dad3484-d770-4e98-b7f6-747ef5fabefd,5b0fa12a-3dd7-45bb-9766-cc326314d9f1,10.247836300004565,9.219475172007648e-05,8.99650902113214e-06,12.8276828032,66.7535444179091,20.0,3.4713375482611804e-05,0.0001899362630599,5.412185777778278e-05,0.0002787714963203,0.0,Italy,ITA,lombardy,,,Windows-11-10.0.26200-SP0,3.13.13,3.2.6,32,13th Gen Intel(R) Core(TM) i9-13900HX,1,1 x NVIDIA GeForce RTX 4070 Laptop GPU,9.1922,45.4722,31.70067596435547,machine,0.0,80.875,30.9,9.798795700073242,N,1.0,0.0
2026-05-04T23:21:20,Q493_phi3:mini_MMLU,85b66465-2969-4af5-ba03-58df98ad525a,5b0fa12a-3dd7-45bb-9766-cc326314d9f1,4.435954300002777,2.535241751101017e-05,5.715211608693602e-06,12.900101696,33.0544127479575,20.0,1.409323425189503e-05,4.071669923999544e-05,2.184878333335089e-05,7.665871682524136e-05,0.0,Italy,ITA,lombardy,,,Windows-11-10.0.26200-SP0,3.13.13,3.2.6,32,13th Gen Intel(R) Core(TM) i9-13900HX,1,1 x NVIDIA GeForce RTX 4070 Laptop GPU,9.1922,45.4722,31.70067596435547,machine,0.0,24.5,30.85,9.772605895996094,N,1.0,0.0
2026-05-04T23:21:41,Q493_qwen2.5:7b_MMLU,e7d47292-d1fb-4d99-93c1-6c3ec70d9b4f,5b0fa12a-3dd7-45bb-9766-cc326314d9f1,6.242254499993578,4.042625302415196e-05,6.47622634165165e-06,12.84027905792,40.30194668346421,20.0,2.047456791066716e-05,6.987338923203357e-05,3.188987999997658e-05,0.0001222378371426,0.0,Italy,ITA,lombardy,,,Windows-11-10.0.26200-SP0,3.13.13,3.2.6,32,13th Gen Intel(R) Core(TM) i9-13900HX,1,1 x NVIDIA GeForce RTX 4070 Laptop GPU,9.1922,45.4722,31.70067596435547,machine,0.0,36.5,31.475,9.97336483001709,N,1.0,0.0
2026-05-04T23:21:51,Q493_mistral:latest _MMLU,18f8967f-8a3f-40a2-b785-78974f2ffee8,5b0fa12a-3dd7-45bb-9766-cc326314d9f1,5.010310899997421,3.3784676480674206e-05,6.743029954626487e-06,12.8710871264,43.82882491519704,20.0,1.6119440253468534e-05,6.0990048791953466e-05,2.504605277774519e-05,0.0001021555418231,0.0,Italy,ITA,lombardy,,,Windows-11-10.0.26200-SP0,3.13.13,3.2.6,32,13th Gen Intel(R) Core(TM) i9-13900HX,1,1 x NVIDIA GeForce RTX 4070 Laptop GPU,9.1922,45.4722,31.70067596435547,machine,33.333333333333336,50.0,31.1,9.856736501057943,N,1.0,0.0
2026-05-04T23:22:13,Q494_phi3:mini_GSM8K,da48f968-eaa7-4486-8f4e-b67c42cfa26e,5b0fa12a-3dd7-45bb-9766-cc326314d9f1,6.490691400002106,4.822785155582459e-05,7.430310360435399e-06,12.83705110784,50.60161395313784,20.0,2.135144598108959e-05,9.121173963594352e-05,3.326453333332514e-05,0.0001458277189503,0.0,Italy,ITA,lombardy,,,Windows-11-10.0.26200-SP0,3.13.13,3.2.6,32,13th Gen Intel(R) Core(TM) i9-13900HX,1,1 x NVIDIA GeForce RTX 4070 Laptop GPU,9.1922,45.4722,31.70067596435547,machine,0.0,60.0,30.975,9.818683624267578,N,1.0,0.0
2026-05-04T23:22:41,Q494_qwen2.5:7b_GSM8K,57779b56-bed7-409c-86ae-a5be57463c4e,5b0fa12a-3dd7-45bb-9766-cc326314d9f1,12.7396785000019,0.0001106303709447,8.683921728849626e-06,12.818199824000002,63.09557623875646,20.0,4.35316480810352e-05,0.000223063511784,6.792056333332666e-05,0.0003345157231983,0.0,Italy,ITA,lombardy,,,Windows-11-10.0.26200-SP0,3.13.13,3.2.6,32,13th Gen Intel(R) Core(TM) i9-13900HX,1,1 x NVIDIA GeForce RTX 4070 Laptop GPU,9.1922,45.4722,31.70067596435547,machine,0.0,75.0909090909091,31.663636363636364,10.044138474897904,N,1.0,0.0
2026-05-04T23:23:05,Q494_mistral:latest _GSM8K,9a0ff3a2-ea61-45a0-9030-c990051b98d7,5b0fa12a-3dd7-45bb-9766-cc326314d9f1,9.17515600000479,7.960598518930971e-05,8.676254135544741e-06,12.8333096624,63.44018365821821,20.0,3.090911365970049e-05,0.000161628462636,4.81689627777895e-05,0.0002407065390734,0.0,Italy,ITA,lombardy,,,Windows-11-10.0.26200-SP0,3.13.13,3.2.6,32,13th Gen Intel(R) Core(TM) i9-13900HX,1,1 x NVIDIA GeForce RTX 4070 Laptop GPU,9.1922,45.4722,31.70067596435547,machine,0.0,75.85714285714286,31.02857142857143,9.846209934779576,N,1.0,0.0
2026-05-04T23:23:29,Q495_phi3:mini_GSM8K,f8272ab9-3f7b-453d-89dc-33aa5fa46d99,5b0fa12a-3dd7-45bb-9766-cc326314d9f1,9.138056000003417,7.95150316536685e-05,8.701525975944858e-06,12.8337316832,63.74600441198612,20.0,3.077009519290119e-05,0.0001617104071459,4.795101833333319e-05,0.0002404315206721,0.0,Italy,ITA,lombardy,,,Windows-11-10.0.26200-SP0,3.13.13,3.2.6,32,13th Gen Intel(R) Core(TM) i9-13900HX,1,1 x NVIDIA GeForce RTX 4070 Laptop GPU,9.1922,45.4722,31.70067596435547,machine,0.0,70.85714285714286,30.914285714285715,9.803873334612163,N,1.0,0.0
2026-05-04T23:23:55,Q495_qwen2.5:7b_GSM8K,c19e5d7b-4416-43e1-978f-d503ee8042aa,5b0fa12a-3dd7-45bb-9766-cc326314d9f1,10.977950599997712,9.189872921801736e-05,8.37120994314153e-06,12.82193681024,59.8063385903782,20.0,3.731320948969336e-05,0.0001823623681119,5.82008283333481e-05,0.000277876405935,0.0,Italy,ITA,lombardy,,,Windows-11-10.0.26200-SP0,3.13.13,3.2.6,32,13th Gen Intel(R) Core(TM) i9-13900HX,1,1 x NVIDIA GeForce RTX 4070 Laptop GPU,9.1922,45.4722,31.70067596435547,machine,11.11111111111111,65.44444444444444,31.56666666666667,10.012123531765408,N,1.0,0.0
2026-05-04T23:24:19,Q495_mistral:latest _GSM8K,9b0ddb10-cfa1-46c9-8178-b3a41460a215,5b0fa12a-3dd7-45bb-9766-cc326314d9f1,8.051321600003575,6.690199827416887e-05,8.309443045243548e-06,12.83283901074286,59.67862317190319,20.0,2.6909215411928484e-05,0.000133446495646,4.19374761111006e-05,0.000202293187169,0.0,Italy,ITA,lombardy,,,Windows-11-10.0.26200-SP0,3.13.13,3.2.6,32,13th Gen Intel(R) Core(TM) i9-13900HX,1,1 x NVIDIA GeForce RTX 4070 Laptop GPU,9.1922,45.4722,31.70067596435547,machine,0.0,76.66666666666667,30.96666666666667,9.813949584960938,N,1.0,0.0
2026-05-04T23:24:43,Q496_phi3:mini_GSM8K,d28c59d4-467c-40b4-94ab-9b67a3e56ed5,5b0fa12a-3dd7-45bb-9766-cc326314d9f1,9.240522399995823,7.988162725052804e-05,8.644709010235626e-06,12.8293355216,63.05924180646925,20.0,3.1142829593208766e-05,0.000161849018368,4.854815666666481e-05,0.0002415400046278,0.0,Italy,ITA,lombardy,,,Windows-11-10.0.26200-SP0,3.13.13,3.2.6,32,13th Gen Intel(R) Core(TM) i9-13900HX,1,1 x NVIDIA GeForce RTX 4070 Laptop GPU,9.1922,45.4722,31.70067596435547,machine,14.285714285714286,76.0,30.87142857142857,9.785142626081194,N,1.0,0.0
2026-05-04T23:25:11,Q496_qwen2.5:7b_GSM8K,eb2717c1-c102-412a-9da7-6cc613eabeb0,5b0fa12a-3dd7-45bb-9766-cc326314d9f1,12.652931899996474,0.000107961022385,8.53249059097794e-06,12.842398966400005,61.34184836370573,20.0,4.334850316157312e-05,0.000215588783582,6.750706277776368e-05,0.0003264443495213,0.0,Italy,ITA,lombardy,,,Windows-11-10.0.26200-SP0,3.13.13,3.2.6,32,13th Gen Intel(R) Core(TM) i9-13900HX,1,1 x NVIDIA GeForce RTX 4070 Laptop GPU,9.1922,45.4722,31.70067596435547,machine,9.090909090909092,75.54545454545455,31.60909090909091,10.025151686234908,N,1.0,0.0
2026-05-04T23:25:34,Q496_mistral:latest _GSM8K,9dc555b0-b38f-4e25-9029-b21cdceb135f,5b0fa12a-3dd7-45bb-9766-cc326314d9f1,7.761683400000038,6.08403354254299e-05,7.83854897063047e-06,12.829044767085716,54.64686595703193,20.0,2.586381110697769e-05,0.0001177809275579,4.031965222222627e-05,0.0001839643908871,0.0,Italy,ITA,lombardy,,,Windows-11-10.0.26200-SP0,3.13.13,3.2.6,32,13th Gen Intel(R) Core(TM) i9-13900HX,1,1 x NVIDIA GeForce RTX 4070 Laptop GPU,9.1922,45.4722,31.70067596435547,machine,0.0,49.5,31.05,9.842161814371744,N,1.0,0.0
2026-05-04T23:25:54,Q497_phi3:mini_HellaSwag,67cd7a28-962c-4e6d-a7a1-b960432f993e,5b0fa12a-3dd7-45bb-9766-cc326314d9f1,5.322041300001729,3.556589409226793e-05,6.682754245491552e-06,12.8747157536,42.97810777925049,20.0,1.723787502499385e-05,6.352699526601668e-05,2.6776582222212e-05,0.0001075414525132,0.0,Italy,ITA,lombardy,,,Windows-11-10.0.26200-SP0,3.13.13,3.2.6,32,13th Gen Intel(R) Core(TM) i9-13900HX,1,1 x NVIDIA GeForce RTX 4070 Laptop GPU,9.1922,45.4722,31.70067596435547,machine,0.0,80.66666666666667,30.96666666666667,9.81897481282552,N,1.0,0.0
2026-05-04T23:26:18,Q497_qwen2.5:7b_HellaSwag,6b0ffb8e-e9eb-41b5-a831-5a9bb6200899,5b0fa12a-3dd7-45bb-9766-cc326314d9f1,9.039278799995373,7.083266827945623e-05,7.836097308945985e-06,12.827579312,54.30396643799102,20.0,3.041778654680754e-05,0.000136335942402,4.742471999998088e-05,0.0002141784489488,0.0,Italy,ITA,lombardy,,,Windows-11-10.0.26200-SP0,3.13.13,3.2.6,32,13th Gen Intel(R) Core(TM) i9-13900HX,1,1 x NVIDIA GeForce RTX 4070 Laptop GPU,9.1922,45.4722,31.70067596435547,machine,0.0,61.71428571428572,31.685714285714287,10.04003197806222,N,1.0,0.0
2026-05-04T23:26:41,Q497_mistral:latest _HellaSwag,3044048a-ee2e-4a33-962d-e2a1175b5129,5b0fa12a-3dd7-45bb-9766-cc326314d9f1,7.092726000002585,5.328993776193806e-05,7.513322488690333e-06,12.8500795136,51.267930326479046,20.0,2.352434429982158e-05,0.000100997025242,3.661270166667237e-05,0.0001611340712085,0.0,Italy,ITA,lombardy,,,Windows-11-10.0.26200-SP0,3.13.13,3.2.6,32,13th Gen Intel(R) Core(TM) i9-13900HX,1,1 x NVIDIA GeForce RTX 4070 Laptop GPU,9.1922,45.4722,31.70067596435547,machine,0.0,69.8,31.1,9.85688018798828,N,1.0,0.0
2026-05-04T23:27:04,Q498_phi3:mini_MMLU,7bcfbac1-f98d-46d5-9dcd-ead2148c4a28,5b0fa12a-3dd7-45bb-9766-cc326314d9f1,8.449100999998336,7.137819761865367e-05,8.448022768181813e-06,12.839629458285716,61.07883578123958,20.0,2.834262284395873e-05,0.00014333761467,4.414774166665059e-05,0.0002158279791806,0.0,Italy,ITA,lombardy,,,Windows-11-10.0.26200-SP0,3.13.13,3.2.6,32,13th Gen Intel(R) Core(TM) i9-13900HX,1,1 x NVIDIA GeForce RTX 4070 Laptop GPU,9.1922,45.4722,31.70067596435547,machine,0.0,75.0,30.98333333333333,9.819296518961588,N,1.0,0.0
2026-05-04T23:27:25,Q498_qwen2.5:7b_MMLU,273ecf81-e95d-4006-9c31-637fcc5f0662,5b0fa12a-3dd7-45bb-9766-cc326314d9f1,5.909400500000629,3.301234831527062e-05,5.586412414468625e-06,12.87903775232,30.75890826559876,20.0,1.933553191573901e-05,5.045976258999385e-05,3.0024940000011056e-05,9.982023450574391e-05,0.0,Italy,ITA,lombardy,,,Windows-11-10.0.26200-SP0,3.13.13,3.2.6,32,13th Gen Intel(R) Core(TM) i9-13900HX,1,1 x NVIDIA GeForce RTX 4070 Laptop GPU,9.1922,45.4722,31.70067596435547,machine,0.0,36.25,31.425,9.971014022827148,N,1.0,0.0
2026-05-04T23:27:45,Q498_mistral:latest _MMLU,f1627b71-6f9f-47dc-8611-7686d0e3f784,5b0fa12a-3dd7-45bb-9766-cc326314d9f1,4.99720189999789,3.1364441089867844e-05,6.276400617289665e-06,12.8406236384,38.78745155210131,20.0,1.603320180428076e-05,5.383309862200258e-05,2.497111722219011e-05,9.483741764847344e-05,0.0,Italy,ITA,lombardy,,,Windows-11-10.0.26200-SP0,3.13.13,3.2.6,32,13th Gen Intel(R) Core(TM) i9-13900HX,1,1 x NVIDIA GeForce RTX 4070 Laptop GPU,9.1922,45.4722,31.70067596435547,machine,0.0,51.66666666666666,31.03333333333333,9.839412689208984,N,1.0,0.0
2026-05-04T23:27:55,Q499_phi3:mini_MMLU,65bef6d1-a214-48fd-b631-3f0012ebff6e,5b0fa12a-3dd7-45bb-9766-cc326314d9f1,4.696208100001968,2.974678602335146e-05,6.334213772030033e-06,12.8455761728,39.63266100964113,20.0,1.4963726403333228e-05,5.168587468207253e-05,2.3296473888897e-05,8.994607497430276e-05,0.0,Italy,ITA,lombardy,,,Windows-11-10.0.26200-SP0,3.13.13,3.2.6,32,13th Gen Intel(R) Core(TM) i9-13900HX,1,1 x NVIDIA GeForce RTX 4070 Laptop GPU,9.1922,45.4722,31.70067596435547,machine,0.0,33.333333333333336,30.933333333333334,9.806293487548828,N,1.0,0.0
2026-05-04T23:28:08,Q499_qwen2.5:7b_MMLU,6583bfef-fab7-4662-a65a-06134e4e570e,5b0fa12a-3dd7-45bb-9766-cc326314d9f1,7.536041899998963,5.391048393770198e-05,7.153686862822432e-06,12.8296080896,47.233300741451295,20.0,2.506776590060572e-05,9.886591242597163e-05,3.9076753333332215e-05,0.0001630104316599,0.0,Italy,ITA,lombardy,,,Windows-11-10.0.26200-SP0,3.13.13,3.2.6,32,13th Gen Intel(R) Core(TM) i9-13900HX,1,1 x NVIDIA GeForce RTX 4070 Laptop GPU,9.1922,45.4722,31.70067596435547,machine,0.0,48.4,31.48,9.978159332275393,N,1.0,0.0
2026-05-04T23:28:28,Q499_mistral:latest _MMLU,440ea78f-d356-435f-b5f4-0443ef6900cc,5b0fa12a-3dd7-45bb-9766-cc326314d9f1,5.25115519999963,3.682929499237169e-05,7.013560557565369e-06,12.8950732352,46.70461415238292,20.0,1.6987202223179027e-05,6.802894331192633e-05,2.63454827777524e-05,0.0001113616283128,0.0,Italy,ITA,lombardy,,,Windows-11-10.0.26200-SP0,3.13.13,3.2.6,32,13th Gen Intel(R) Core(TM) i9-13900HX,1,1 x NVIDIA GeForce RTX 4070 Laptop GPU,9.1922,45.4722,31.70067596435547,machine,0.0,49.0,31.0,9.813557942708334,N,1.0,0.0
2026-05-04T23:28:42,Q500_phi3:mini_HellaSwag,c16e6e0f-6400-4bea-b405-1c83c54151e7,5b0fa12a-3dd7-45bb-9766-cc326314d9f1,9.219544999999924,7.944645200326683e-05,8.617177095319506e-06,12.8373289184,62.79532753358659,20.0,3.10736411358637e-05,0.0001607401285919,4.84103849999681e-05,0.0002402241547277,0.0,Italy,ITA,lombardy,,,Windows-11-10.0.26200-SP0,3.13.13,3.2.6,32,13th Gen Intel(R) Core(TM) i9-13900HX,1,1 x NVIDIA GeForce RTX 4070 Laptop GPU,9.1922,45.4722,31.70067596435547,machine,0.0,83.85714285714286,30.87142857142857,9.797683715820312,N,1.0,0.0
2026-05-04T23:29:12,Q500_qwen2.5:7b_HellaSwag,d1fbe171-291c-4aaa-942e-5f74d8c5a41d,5b0fa12a-3dd7-45bb-9766-cc326314d9f1,14.483840300003068,0.0001265339989132,8.736218868222115e-06,12.82848217206154,63.41049021116552,20.0,4.982409291120661e-05,0.0002551035374159,7.767627666669593e-05,0.0003826039069938,0.0,Italy,ITA,lombardy,,,Windows-11-10.0.26200-SP0,3.13.13,3.2.6,32,13th Gen Intel(R) Core(TM) i9-13900HX,1,1 x NVIDIA GeForce RTX 4070 Laptop GPU,9.1922,45.4722,31.70067596435547,machine,0.0,75.91666666666667,31.666666666666668,10.044447580973308,N,1.0,0.0
2026-05-04T23:29:37,Q500_mistral:latest _HellaSwag,768a6f7d-6953-47a9-ba41-e35fb2888e10,5b0fa12a-3dd7-45bb-9766-cc326314d9f1,10.41169429999718,9.176135180324019e-05,8.813296775652071e-06,12.8208585856,64.70293715534629,20.0,3.529200983686191e-05,0.0001871162608039767,5.505274388888211e-05,0.00027746101452972075,0.0,Italy,ITA,lombardy,,,Windows-11-10.0.26200-SP0,3.13.13,3.2.6,32,13th Gen Intel(R) Core(TM) i9-13900HX,1,1 x NVIDIA GeForce RTX 4070 Laptop GPU,9.1922,45.4722,31.70067596435547,machine,0.0,92.375,30.975,9.824639320373535,N,1.0,0.0
