timestamp,project_name,run_id,experiment_id,duration,emissions,emissions_rate,cpu_power,gpu_power,ram_power,cpu_energy,gpu_energy,ram_energy,energy_consumed,water_consumed,country_name,country_iso_code,region,cloud_provider,cloud_region,os,python_version,codecarbon_version,cpu_count,cpu_model,gpu_count,gpu_model,longitude,latitude,ram_total_size,tracking_mode,cpu_utilization_percent,gpu_utilization_percent,ram_utilization_percent,ram_used_gb,on_cloud,pue,wue
2026-05-05T09:42:16,Q1_qwen2.5:14b_GSM8K,b90c66e5-c614-4303-81a7-7e2b58c4e4c0,5b0fa12a-3dd7-45bb-9766-cc326314d9f1,23.717828100008774,0.0001797960437149,7.58062850261235e-06,13.3237095936,52.545997366697975,20.0,8.413374923644744e-05,0.00033335304446,0.0001261668438889,0.0005436536375854,0.0,Italy,ITA,lombardy,,,Windows-11-10.0.26200-SP0,3.13.13,3.2.6,32,13th Gen Intel(R) Core(TM) i9-13900HX,1,1 x NVIDIA GeForce RTX 4070 Laptop GPU,9.1922,45.4722,31.70067596435547,machine,3.636363636363636,44.22727272727273,38.150000000000006,12.09111161665483,N,1.0,0.0
2026-05-05T09:42:48,Q2_qwen2.5:14b_HellaSwag,a8c04e53-e8c6-4112-a3b1-72687dbfd7f4,5b0fa12a-3dd7-45bb-9766-cc326314d9f1,7.180232999991858,5.081261591774479e-05,7.076736356299636e-06,13.371779552,46.04178167016501,20.0,2.47905349269794e-05,9.177479564198564e-05,3.70780027777073e-05,0.0001536433333466,0.0,Italy,ITA,lombardy,,,Windows-11-10.0.26200-SP0,3.13.13,3.2.6,32,13th Gen Intel(R) Core(TM) i9-13900HX,1,1 x NVIDIA GeForce RTX 4070 Laptop GPU,9.1922,45.4722,31.70067596435547,machine,0.0,50.8,38.4,12.163640594482422,N,1.0,0.0
2026-05-05T09:43:22,Q3_qwen2.5:14b_MMLU,c8f3e061-7f41-4884-9e78-8c2c9257f4bf,5b0fa12a-3dd7-45bb-9766-cc326314d9f1,8.92732299999625,6.355151085928219e-05,7.118764590382682e-06,13.5137318096,45.86817533242014,20.0,3.162616928644179e-05,0.0001137309243179,4.6805143888842495e-05,0.0001921622374932,0.0,Italy,ITA,lombardy,,,Windows-11-10.0.26200-SP0,3.13.13,3.2.6,32,13th Gen Intel(R) Core(TM) i9-13900HX,1,1 x NVIDIA GeForce RTX 4070 Laptop GPU,9.1922,45.4722,31.70067596435547,machine,9.528571428571428,46.57142857142857,38.4,12.161914825439451,N,1.0,0.0
2026-05-05T09:44:02,Q4_qwen2.5:14b_GSM8K,2bf648b2-3611-44c3-99df-12c773f8e35b,5b0fa12a-3dd7-45bb-9766-cc326314d9f1,14.576872699995874,0.0001075718923183,7.379627615078339e-06,13.18154568763077,48.29866025667077,20.0,5.153219944058075e-05,0.000195547934216,7.818759388885358e-05,0.0003252677275454,0.0,Italy,ITA,lombardy,,,Windows-11-10.0.26200-SP0,3.13.13,3.2.6,32,13th Gen Intel(R) Core(TM) i9-13900HX,1,1 x NVIDIA GeForce RTX 4070 Laptop GPU,9.1922,45.4722,31.70067596435547,machine,10.225,44.083333333333336,38.4,12.159289042154947,N,1.0,0.0
2026-05-05T09:44:43,Q5_qwen2.5:14b_MMLU,33855ee5-b3c0-4642-bc5d-596207648076,5b0fa12a-3dd7-45bb-9766-cc326314d9f1,6.628020899996045,4.643386751637489e-05,7.005691173424423e-06,13.1062279232,45.66981628701307,20.0,2.230172162604288e-05,8.407006725597022e-05,3.4031417222205264e-05,0.0001404032061042,0.0,Italy,ITA,lombardy,,,Windows-11-10.0.26200-SP0,3.13.13,3.2.6,32,13th Gen Intel(R) Core(TM) i9-13900HX,1,1 x NVIDIA GeForce RTX 4070 Laptop GPU,9.1922,45.4722,31.70067596435547,machine,0.0,40.6,38.3,12.145816802978516,N,1.0,0.0
2026-05-05T09:45:19,Q6_qwen2.5:14b_MMLU,11d804d9-3ffb-47d0-8c7d-9a60f0df9d13,5b0fa12a-3dd7-45bb-9766-cc326314d9f1,10.298266299985698,7.685516158095473e-05,7.462922334904222e-06,13.1414609792,49.718576012366576,20.0,3.575870855756529e-05,0.000142209558212,5.4420540555535504e-05,0.0002323888073251,0.0,Italy,ITA,lombardy,,,Windows-11-10.0.26200-SP0,3.13.13,3.2.6,32,13th Gen Intel(R) Core(TM) i9-13900HX,1,1 x NVIDIA GeForce RTX 4070 Laptop GPU,9.1922,45.4722,31.70067596435547,machine,11.8375,37.875,38.4,12.1714129447937,N,1.0,0.0
2026-05-05T09:45:57,Q7_qwen2.5:14b_HellaSwag,1ea4a5d8-4c4e-4360-9f0b-d844d37a3b94,5b0fa12a-3dd7-45bb-9766-cc326314d9f1,12.750551999997697,9.652989158845446e-05,7.570644124934504e-06,13.136128736000003,50.59023390240525,20.0,4.468831339960163e-05,0.0001791534766559,6.803797333333124e-05,0.0002918797633889,0.0,Italy,ITA,lombardy,,,Windows-11-10.0.26200-SP0,3.13.13,3.2.6,32,13th Gen Intel(R) Core(TM) i9-13900HX,1,1 x NVIDIA GeForce RTX 4070 Laptop GPU,9.1922,45.4722,31.70067596435547,machine,0.0,47.72727272727273,38.3,12.14628115567294,N,1.0,0.0
2026-05-05T09:46:35,Q8_qwen2.5:14b_SQuAD,37383ed3-4d15-4cac-bbe4-6d8c5d7d585d,5b0fa12a-3dd7-45bb-9766-cc326314d9f1,3.127917599995272,1.7154709357912157e-05,5.48438659571406e-06,13.2891627008,31.769374288066825,20.0,9.692568941724456e-06,2.7592244296048563e-05,1.4586295555555907e-05,5.187110879332893e-05,0.0,Italy,ITA,lombardy,,,Windows-11-10.0.26200-SP0,3.13.13,3.2.6,32,13th Gen Intel(R) Core(TM) i9-13900HX,1,1 x NVIDIA GeForce RTX 4070 Laptop GPU,9.1922,45.4722,31.70067596435547,machine,0.0,97.0,38.3,12.127777099609377,N,1.0,0.0
2026-05-05T09:46:56,Q9_qwen2.5:14b_MMLU,a17ba1f9-e2d0-4eae-9f57-ef6d3016fd4c,5b0fa12a-3dd7-45bb-9766-cc326314d9f1,6.479710899991915,4.3694426171072274e-05,6.743267847200837e-06,13.433011581440002,42.571789607058726,20.0,2.2302707112125507e-05,7.661200573400029e-05,3.3205178333284695e-05,0.0001321198911794,0.0,Italy,ITA,lombardy,,,Windows-11-10.0.26200-SP0,3.13.13,3.2.6,32,13th Gen Intel(R) Core(TM) i9-13900HX,1,1 x NVIDIA GeForce RTX 4070 Laptop GPU,9.1922,45.4722,31.70067596435547,machine,0.0,43.25,38.55,12.220545768737791,N,1.0,0.0
2026-05-05T09:47:29,Q10_qwen2.5:14b_HellaSwag,f2b19b52-fe03-43e1-85c6-8851478e8020,5b0fa12a-3dd7-45bb-9766-cc326314d9f1,7.497072300000582,5.385859733987048e-05,7.183950638953596e-06,13.5406904,46.91476708551968,20.0,2.630934442001428e-05,9.76853559259694e-05,3.8858840555541165e-05,0.0001628535409015,0.0,Italy,ITA,lombardy,,,Windows-11-10.0.26200-SP0,3.13.13,3.2.6,32,13th Gen Intel(R) Core(TM) i9-13900HX,1,1 x NVIDIA GeForce RTX 4070 Laptop GPU,9.1922,45.4722,31.70067596435547,machine,0.0,44.4,38.5,12.196178436279297,N,1.0,0.0
2026-05-05T09:48:31,Q11_qwen2.5:14b_HumanEval,9033dde1-f364-4050-8439-322a797a3791,5b0fa12a-3dd7-45bb-9766-cc326314d9f1,37.11586399999214,0.0002998837897176,8.079666142694828e-06,13.45874927513143,56.469160284731664,20.0,0.0001334030013927,0.000575536293762,0.0001978265588888,0.0009067658540436,0.0,Italy,ITA,lombardy,,,Windows-11-10.0.26200-SP0,3.13.13,3.2.6,32,13th Gen Intel(R) Core(TM) i9-13900HX,1,1 x NVIDIA GeForce RTX 4070 Laptop GPU,9.1922,45.4722,31.70067596435547,machine,0.0,41.71428571428572,38.4,12.169767434256418,N,1.0,0.0
2026-05-05T09:49:49,Q12_qwen2.5:14b_HumanEval,babe95ea-94e5-44a5-995f-9aea5e881d41,5b0fa12a-3dd7-45bb-9766-cc326314d9f1,22.32103360000474,0.0001737678687279,7.784938271312726e-06,13.594402739565716,54.01210827509348,20.0,8.06367432559736e-05,0.00032637942777,0.0001184099283333,0.0005254260993593,0.0,Italy,ITA,lombardy,,,Windows-11-10.0.26200-SP0,3.13.13,3.2.6,32,13th Gen Intel(R) Core(TM) i9-13900HX,1,1 x NVIDIA GeForce RTX 4070 Laptop GPU,9.1922,45.4722,31.70067596435547,machine,1.6649999999999998,39.5,38.4,12.165565490722656,N,1.0,0.0
2026-05-05T09:50:52,Q13_qwen2.5:14b_MMLU,d7852d81-521d-45e6-bc70-8ae359a27bb3,5b0fa12a-3dd7-45bb-9766-cc326314d9f1,8.191406099998858,6.13061892017828e-05,7.4842082608737155e-06,13.385138536228574,50.140018787534856,20.0,2.858634627054921e-05,0.000114073980148,4.271267777771249e-05,0.0001853730041962,0.0,Italy,ITA,lombardy,,,Windows-11-10.0.26200-SP0,3.13.13,3.2.6,32,13th Gen Intel(R) Core(TM) i9-13900HX,1,1 x NVIDIA GeForce RTX 4070 Laptop GPU,9.1922,45.4722,31.70067596435547,machine,0.0,57.333333333333336,38.5,12.21812375386556,N,1.0,0.0
2026-05-05T09:51:29,Q14_qwen2.5:14b_SQuAD,33d9fa65-5721-4b0a-a292-a31a8b71d735,5b0fa12a-3dd7-45bb-9766-cc326314d9f1,11.426983299999849,8.532117031526064e-05,7.4666399762098e-06,13.20018238208,49.56357388791795,20.0,4.0045774264444144e-05,0.00015726818137,6.067372666665405e-05,0.0002579876823011,0.0,Italy,ITA,lombardy,,,Windows-11-10.0.26200-SP0,3.13.13,3.2.6,32,13th Gen Intel(R) Core(TM) i9-13900HX,1,1 x NVIDIA GeForce RTX 4070 Laptop GPU,9.1922,45.4722,31.70067596435547,machine,0.0,38.333333333333336,38.5,12.202581617567274,N,1.0,0.0
2026-05-05T09:52:41,Q15_qwen2.5:14b_HumanEval,ae0e27fc-9cc3-405b-aec2-4f34ef085403,5b0fa12a-3dd7-45bb-9766-cc326314d9f1,37.558213900003466,0.0003029111166151,8.06510973662572e-06,13.186779963885714,55.832829264655,20.0,0.0001321546775604,0.000583488800124,0.0002002761777778,0.0009159196554623,0.0,Italy,ITA,lombardy,,,Windows-11-10.0.26200-SP0,3.13.13,3.2.6,32,13th Gen Intel(R) Core(TM) i9-13900HX,1,1 x NVIDIA GeForce RTX 4070 Laptop GPU,9.1922,45.4722,31.70067596435547,machine,6.182857142857143,40.08571428571429,38.457142857142856,12.188704463413783,N,1.0,0.0
2026-05-05T09:54:17,Q16_qwen2.5:14b_MMLU,e8ee29a5-9f0d-4f3f-9400-e0e7d10752ff,5b0fa12a-3dd7-45bb-9766-cc326314d9f1,29.336808099993505,0.0002337777541509,7.96875220215318e-06,13.637977812388574,54.53576592113595,20.0,0.0001073608531628,0.000442122853698,0.0001573957316667,0.0007068794385275,0.0,Italy,ITA,lombardy,,,Windows-11-10.0.26200-SP0,3.13.13,3.2.6,32,13th Gen Intel(R) Core(TM) i9-13900HX,1,1 x NVIDIA GeForce RTX 4070 Laptop GPU,9.1922,45.4722,31.70067596435547,machine,2.8481481481481485,41.629629629629626,38.42222222222222,12.182256486680773,N,1.0,0.0
2026-05-05T09:55:20,Q17_qwen2.5:14b_HellaSwag,7909569f-6d6d-4344-8a25-6a6da00074ba,5b0fa12a-3dd7-45bb-9766-cc326314d9f1,7.697033200005535,5.387425113236829e-05,6.999352832768026e-06,13.07291534994286,45.28333301732174,20.0,2.612660843046021e-05,9.680452188798316e-05,3.99697433333333e-05,0.0001629008736517,0.0,Italy,ITA,lombardy,,,Windows-11-10.0.26200-SP0,3.13.13,3.2.6,32,13th Gen Intel(R) Core(TM) i9-13900HX,1,1 x NVIDIA GeForce RTX 4070 Laptop GPU,9.1922,45.4722,31.70067596435547,machine,6.666666666666667,41.16666666666666,38.3,12.147725423177084,N,1.0,0.0
2026-05-05T09:56:11,Q18_qwen2.5:14b_GSM8K,62cec244-f591-4ea6-baac-c639b40ba1e6,5b0fa12a-3dd7-45bb-9766-cc326314d9f1,26.13677840000309,0.0002032150529539,7.775061250620044e-06,13.590519739345456,53.18984833428134,20.0,9.489619327421648e-05,0.000379979748428,0.0001395903194444,0.0006144662611466,0.0,Italy,ITA,lombardy,,,Windows-11-10.0.26200-SP0,3.13.13,3.2.6,32,13th Gen Intel(R) Core(TM) i9-13900HX,1,1 x NVIDIA GeForce RTX 4070 Laptop GPU,9.1922,45.4722,31.70067596435547,machine,0.0,35.708333333333336,38.30416666666667,12.155398845672607,N,1.0,0.0
2026-05-05T09:57:13,Q19_qwen2.5:14b_SQuAD,21f44100-1912-4d6e-94bf-64e210a7a67c,5b0fa12a-3dd7-45bb-9766-cc326314d9f1,6.995583900003112,5.071257445139772e-05,7.249226823135543e-06,13.0929279872,48.20364000692242,20.0,2.3614810071070866e-05,9.365424158996882e-05,3.60717838888781e-05,0.0001533408355499,0.0,Italy,ITA,lombardy,,,Windows-11-10.0.26200-SP0,3.13.13,3.2.6,32,13th Gen Intel(R) Core(TM) i9-13900HX,1,1 x NVIDIA GeForce RTX 4070 Laptop GPU,9.1922,45.4722,31.70067596435547,machine,0.0,52.4,38.4,12.170565795898437,N,1.0,0.0
2026-05-05T09:57:44,Q20_qwen2.5:14b_SQuAD,4fa764c2-f28f-4867-91d6-4cda2c5a401b,5b0fa12a-3dd7-45bb-9766-cc326314d9f1,5.472702799990657,3.915713553978588e-05,7.154990316640753e-06,13.435145984000002,47.58304017336758,20.0,1.853495759416801e-05,7.227450226393595e-05,2.759091611110812e-05,0.0001184003759692,0.0,Italy,ITA,lombardy,,,Windows-11-10.0.26200-SP0,3.13.13,3.2.6,32,13th Gen Intel(R) Core(TM) i9-13900HX,1,1 x NVIDIA GeForce RTX 4070 Laptop GPU,9.1922,45.4722,31.70067596435547,machine,33.333333333333336,56.333333333333336,38.3,12.137840270996094,N,1.0,0.0
2026-05-05T09:58:36,Q21_qwen2.5:14b_HumanEval,a8a60e1d-0582-45f5-8feb-35a5bcdfef15,5b0fa12a-3dd7-45bb-9766-cc326314d9f1,37.05543320000288,0.0002981007978592,8.044725755876548e-06,13.377249789211431,56.29070944295504,20.0,0.0001321008566429,0.0005717921240999,0.0001974815977778,0.0009013745785207,0.0,Italy,ITA,lombardy,,,Windows-11-10.0.26200-SP0,3.13.13,3.2.6,32,13th Gen Intel(R) Core(TM) i9-13900HX,1,1 x NVIDIA GeForce RTX 4070 Laptop GPU,9.1922,45.4722,31.70067596435547,machine,0.0,38.97142857142857,38.3,12.147294071742468,N,1.0,0.0
2026-05-05T09:59:50,Q22_qwen2.5:14b_HellaSwag,e52ef8b2-78d0-4d11-8cc2-608fc722bfc9,5b0fa12a-3dd7-45bb-9766-cc326314d9f1,7.737619799998356,5.687852308867287e-05,7.350906940230503e-06,13.3577969024,48.831122782722815,20.0,2.6847132112428943e-05,0.0001049417506199,4.019608055556698e-05,0.0001719849632879,0.0,Italy,ITA,lombardy,,,Windows-11-10.0.26200-SP0,3.13.13,3.2.6,32,13th Gen Intel(R) Core(TM) i9-13900HX,1,1 x NVIDIA GeForce RTX 4070 Laptop GPU,9.1922,45.4722,31.70067596435547,machine,0.0,39.16666666666666,38.4,12.17308235168457,N,1.0,0.0
2026-05-05T10:00:24,Q23_qwen2.5:14b_SQuAD,cac1172f-2bf2-4459-8379-ead98b2e6fd2,5b0fa12a-3dd7-45bb-9766-cc326314d9f1,8.951605800000834,6.64096079002711e-05,7.418736859510157e-06,13.093223340800002,49.52682656029904,20.0,3.072992211240773e-05,0.000123135098508,4.693931388893462e-05,0.0002008043345093,0.0,Italy,ITA,lombardy,,,Windows-11-10.0.26200-SP0,3.13.13,3.2.6,32,13th Gen Intel(R) Core(TM) i9-13900HX,1,1 x NVIDIA GeForce RTX 4070 Laptop GPU,9.1922,45.4722,31.70067596435547,machine,0.0,38.57142857142857,38.4,12.170264652797156,N,1.0,0.0
2026-05-05T10:00:56,Q24_qwen2.5:14b_HellaSwag,badb5a01-1efd-4c70-b165-b0761f5cb35b,5b0fa12a-3dd7-45bb-9766-cc326314d9f1,7.472030599994468,5.374670011050958e-05,7.193051392288111e-06,13.475871776,47.0813320448364,20.0,2.608975305023203e-05,9.770563371996888e-05,3.871980777775106e-05,0.0001625151945479,0.0,Italy,ITA,lombardy,,,Windows-11-10.0.26200-SP0,3.13.13,3.2.6,32,13th Gen Intel(R) Core(TM) i9-13900HX,1,1 x NVIDIA GeForce RTX 4070 Laptop GPU,9.1922,45.4722,31.70067596435547,machine,0.0,30.2,38.4,12.173790740966798,N,1.0,0.0
2026-05-05T10:01:29,Q25_qwen2.5:14b_MMLU,563bc4c3-4324-4284-8608-0e845c4e98bf,5b0fa12a-3dd7-45bb-9766-cc326314d9f1,8.112968500005081,6.084991414562841e-05,7.50032668629125e-06,13.11245804617143,50.590276742968506,20.0,2.771930032041405e-05,0.000113995646752,4.227840722224857e-05,0.0001839933542946,0.0,Italy,ITA,lombardy,,,Windows-11-10.0.26200-SP0,3.13.13,3.2.6,32,13th Gen Intel(R) Core(TM) i9-13900HX,1,1 x NVIDIA GeForce RTX 4070 Laptop GPU,9.1922,45.4722,31.70067596435547,machine,0.0,40.0,38.5,12.19799550374349,N,1.0,0.0
2026-05-05T10:02:14,Q26_qwen2.5:14b_HumanEval,c2353e69-22c3-4fda-b84e-673be0a432e8,5b0fa12a-3dd7-45bb-9766-cc326314d9f1,19.92083430000639,0.0001505488853845,7.557358447808782e-06,13.3901725184,50.63377015220452,20.0,7.074370707018774e-05,0.0002794046679679,0.0001050699238888,0.000455218298927,0.0,Italy,ITA,lombardy,,,Windows-11-10.0.26200-SP0,3.13.13,3.2.6,32,13th Gen Intel(R) Core(TM) i9-13900HX,1,1 x NVIDIA GeForce RTX 4070 Laptop GPU,9.1922,45.4722,31.70067596435547,machine,0.0,42.27777777777778,38.48888888888889,12.193982654147678,N,1.0,0.0
2026-05-05T10:03:05,Q27_qwen2.5:14b_SQuAD,d9df8ad1-2a79-4a6b-9431-e49fe8f3b29f,5b0fa12a-3dd7-45bb-9766-cc326314d9f1,5.417956699995557,3.666143555784112e-05,6.766653479875759e-06,13.156409043200002,43.58660450148759,20.0,1.796310966531374e-05,6.558477468998625e-05,2.7306183333308176e-05,0.0001108540676886,0.0,Italy,ITA,lombardy,,,Windows-11-10.0.26200-SP0,3.13.13,3.2.6,32,13th Gen Intel(R) Core(TM) i9-13900HX,1,1 x NVIDIA GeForce RTX 4070 Laptop GPU,9.1922,45.4722,31.70067596435547,machine,0.0,36.66666666666666,38.4,12.177291870117188,N,1.0,0.0
2026-05-05T10:03:25,Q28_qwen2.5:14b_SQuAD,a27ab000-bca5-4b42-863a-10f470312371,5b0fa12a-3dd7-45bb-9766-cc326314d9f1,4.678692300003604,3.1169319433085315e-05,6.661972498824363e-06,13.200202265600002,42.89237927803801,20.0,1.531314177532518e-05,5.573393347602096e-05,2.3200348333355376e-05,9.424742358470152e-05,0.0,Italy,ITA,lombardy,,,Windows-11-10.0.26200-SP0,3.13.13,3.2.6,32,13th Gen Intel(R) Core(TM) i9-13900HX,1,1 x NVIDIA GeForce RTX 4070 Laptop GPU,9.1922,45.4722,31.70067596435547,machine,0.0,52.0,38.4,12.17620086669922,N,1.0,0.0
2026-05-05T10:03:47,Q29_qwen2.5:14b_SQuAD,b3d50254-a7d0-4a59-95d3-a67a2a67e6cb,5b0fa12a-3dd7-45bb-9766-cc326314d9f1,6.62252149998676,4.6891906058807296e-05,7.080672529172014e-06,13.1182571264,46.4788705182727,20.0,2.2300764911023003e-05,8.548867950197714e-05,3.3998743888837955e-05,0.0001417881883018,0.0,Italy,ITA,lombardy,,,Windows-11-10.0.26200-SP0,3.13.13,3.2.6,32,13th Gen Intel(R) Core(TM) i9-13900HX,1,1 x NVIDIA GeForce RTX 4070 Laptop GPU,9.1922,45.4722,31.70067596435547,machine,0.0,28.6,38.4,12.176132965087891,N,1.0,0.0
2026-05-05T10:04:16,Q30_qwen2.5:14b_SQuAD,8ac10149-ebc6-46e2-9b53-c7cadcba1fd0,5b0fa12a-3dd7-45bb-9766-cc326314d9f1,4.078073799988488,2.3813471831194992e-05,5.839392075558372e-06,13.096977267200003,34.55244090387218,20.0,1.3008967762789264e-05,3.913169797203908e-05,1.98647038888238e-05,7.200536962365215e-05,0.0,Italy,ITA,lombardy,,,Windows-11-10.0.26200-SP0,3.13.13,3.2.6,32,13th Gen Intel(R) Core(TM) i9-13900HX,1,1 x NVIDIA GeForce RTX 4070 Laptop GPU,9.1922,45.4722,31.70067596435547,machine,0.0,69.0,38.35,12.15667724609375,N,1.0,0.0
2026-05-05T10:04:48,Q31_qwen2.5:14b_GSM8K,0a25b61d-0e0b-472f-8477-6ba12199757a,5b0fa12a-3dd7-45bb-9766-cc326314d9f1,16.897640200011665,0.0001771966353148,1.048647226579491e-05,13.05708672512,53.90290221338061,20.0,0.0001175374797693,0.0002381932461099,0.0001800630177778,0.0005357937436571,0.0,Italy,ITA,lombardy,,,Windows-11-10.0.26200-SP0,3.13.13,3.2.6,32,13th Gen Intel(R) Core(TM) i9-13900HX,1,1 x NVIDIA GeForce RTX 4070 Laptop GPU,9.1922,45.4722,31.70067596435547,machine,12.38,45.53333333333333,38.36666666666667,12.159433746337893,N,1.0,0.0
2026-05-05T10:05:44,Q32_qwen2.5:14b_GSM8K,77be740e-a302-403f-9486-b6a360d77060,5b0fa12a-3dd7-45bb-9766-cc326314d9f1,11.00241709999682,8.286369982274597e-05,7.531408695891917e-06,13.217024288,50.31507844826979,20.0,3.85360498168082e-05,0.0001537090118559,5.8311907777776165e-05,0.0002505569694505,0.0,Italy,ITA,lombardy,,,Windows-11-10.0.26200-SP0,3.13.13,3.2.6,32,13th Gen Intel(R) Core(TM) i9-13900HX,1,1 x NVIDIA GeForce RTX 4070 Laptop GPU,9.1922,45.4722,31.70067596435547,machine,11.11111111111111,40.66666666666666,38.44444444444444,12.18853759765625,N,1.0,0.0
2026-05-05T10:06:26,Q33_qwen2.5:14b_SQuAD,0b4408cf-bdc0-4a7b-88f3-94fb2159570a,5b0fa12a-3dd7-45bb-9766-cc326314d9f1,6.821886699995957,4.5746856201781165e-05,6.705895042467984e-06,13.12669328,42.318154395571945,20.0,2.304225426654618e-05,8.017700858603538e-05,3.510661055552191e-05,0.0001383258734081,0.0,Italy,ITA,lombardy,,,Windows-11-10.0.26200-SP0,3.13.13,3.2.6,32,13th Gen Intel(R) Core(TM) i9-13900HX,1,1 x NVIDIA GeForce RTX 4070 Laptop GPU,9.1922,45.4722,31.70067596435547,machine,0.0,32.4,38.4,12.180962371826173,N,1.0,0.0
2026-05-05T10:06:59,Q34_qwen2.5:14b_MMLU,9781e13e-50e8-486f-bf9f-73001b5c6e65,5b0fa12a-3dd7-45bb-9766-cc326314d9f1,7.784655299998121,5.522615320511979e-05,7.094232316893096e-06,13.287558639542858,46.098374688660094,20.0,2.687512340895391e-05,9.96628575079539e-05,4.045067166662193e-05,0.0001669886525835,0.0,Italy,ITA,lombardy,,,Windows-11-10.0.26200-SP0,3.13.13,3.2.6,32,13th Gen Intel(R) Core(TM) i9-13900HX,1,1 x NVIDIA GeForce RTX 4070 Laptop GPU,9.1922,45.4722,31.70067596435547,machine,0.0,27.666666666666668,38.4,12.182628631591797,N,1.0,0.0
2026-05-05T10:07:28,Q35_qwen2.5:14b_SQuAD,cc9ba832-d47e-4fe2-baae-de3c79e602d6,5b0fa12a-3dd7-45bb-9766-cc326314d9f1,4.715269799999078,3.168622204469147e-05,6.719917075518705e-06,13.0059110432,43.7774334679166,20.0,1.5196304803002231e-05,5.724671246398749e-05,2.336737722224724e-05,9.581039448923696e-05,0.0,Italy,ITA,lombardy,,,Windows-11-10.0.26200-SP0,3.13.13,3.2.6,32,13th Gen Intel(R) Core(TM) i9-13900HX,1,1 x NVIDIA GeForce RTX 4070 Laptop GPU,9.1922,45.4722,31.70067596435547,machine,0.0,53.66666666666666,38.4,12.175538380940756,N,1.0,0.0
2026-05-05T10:08:00,Q36_qwen2.5:14b_MMLU,c72340ae-4a88-496e-8ffd-b99bc96df8fa,5b0fa12a-3dd7-45bb-9766-cc326314d9f1,16.411726399994222,0.000127790585278,7.786541291482087e-06,13.45447798784,52.33632731113275,20.0,5.945662499959994e-05,0.000238565746408,8.838110611112724e-05,0.0003864034775187,0.0,Italy,ITA,lombardy,,,Windows-11-10.0.26200-SP0,3.13.13,3.2.6,32,13th Gen Intel(R) Core(TM) i9-13900HX,1,1 x NVIDIA GeForce RTX 4070 Laptop GPU,9.1922,45.4722,31.70067596435547,machine,5.357142857142857,42.71428571428572,38.4,12.176412309919083,N,1.0,0.0
2026-05-05T10:09:07,Q37_qwen2.5:14b_HumanEval,c8424cd5-bb62-4c70-94fc-a99379476a29,5b0fa12a-3dd7-45bb-9766-cc326314d9f1,22.24451260000933,0.0001725138953445,7.755346158695156e-06,13.249897526857144,53.93370443586124,20.0,7.82593789095502e-05,0.0003253808158599,0.000117994235,0.0005216344297695,0.0,Italy,ITA,lombardy,,,Windows-11-10.0.26200-SP0,3.13.13,3.2.6,32,13th Gen Intel(R) Core(TM) i9-13900HX,1,1 x NVIDIA GeForce RTX 4070 Laptop GPU,9.1922,45.4722,31.70067596435547,machine,0.0,40.15,38.42,12.181099128723144,N,1.0,0.0
2026-05-05T10:10:06,Q38_qwen2.5:14b_MMLU,19df0f12-a2f4-466d-95eb-f3bbad3124d3,5b0fa12a-3dd7-45bb-9766-cc326314d9f1,13.323475599987432,0.0001054788824723,7.916769290472304e-06,13.3249463552,54.1116422442988,20.0,4.745764183784002e-05,0.0002002509935339,7.12304077777339e-05,0.0003189390431495,0.0,Italy,ITA,lombardy,,,Windows-11-10.0.26200-SP0,3.13.13,3.2.6,32,13th Gen Intel(R) Core(TM) i9-13900HX,1,1 x NVIDIA GeForce RTX 4070 Laptop GPU,9.1922,45.4722,31.70067596435547,machine,9.090909090909092,37.18181818181818,38.4,12.167011607776988,N,1.0,0.0
2026-05-05T10:11:00,Q39_qwen2.5:14b_SQuAD,f831454e-1ec0-45f5-9963-18365a102e8a,5b0fa12a-3dd7-45bb-9766-cc326314d9f1,8.759260999999242,6.496173270495978e-05,7.4163485601085985e-06,13.3581430928,49.297772853215896,20.0,3.063469894502335e-05,0.000119925929274,4.586573111114881e-05,0.0001964263593301,0.0,Italy,ITA,lombardy,,,Windows-11-10.0.26200-SP0,3.13.13,3.2.6,32,13th Gen Intel(R) Core(TM) i9-13900HX,1,1 x NVIDIA GeForce RTX 4070 Laptop GPU,9.1922,45.4722,31.70067596435547,machine,0.0,43.0,38.785714285714285,12.296954563685826,N,1.0,0.0
2026-05-05T10:11:43,Q40_qwen2.5:14b_GSM8K,90038627-76d0-4297-8c32-781a907cabec,5b0fa12a-3dd7-45bb-9766-cc326314d9f1,17.90358089999063,0.0001395215515306,7.792941105468257e-06,13.13012628992,55.8914660759484,20.0,6.225769910043065e-05,0.0002657382681459,9.387871611106676e-05,0.0004218746833574,0.0,Italy,ITA,lombardy,,,Windows-11-10.0.26200-SP0,3.13.13,3.2.6,32,13th Gen Intel(R) Core(TM) i9-13900HX,1,1 x NVIDIA GeForce RTX 4070 Laptop GPU,9.1922,45.4722,31.70067596435547,machine,0.0,39.5625,38.5,12.207977771759031,N,1.0,0.0
2026-05-05T10:12:38,Q41_qwen2.5:14b_HellaSwag,03bf553c-d458-431c-8e4d-6990884ddfc3,5b0fa12a-3dd7-45bb-9766-cc326314d9f1,10.62969560000056,7.933232873440559e-05,7.463273805733573e-06,13.134314086400002,49.67820485523328,20.0,3.694809955354139e-05,0.0001466698395579,5.6261138333340777e-05,0.0002398790774448,0.0,Italy,ITA,lombardy,,,Windows-11-10.0.26200-SP0,3.13.13,3.2.6,32,13th Gen Intel(R) Core(TM) i9-13900HX,1,1 x NVIDIA GeForce RTX 4070 Laptop GPU,9.1922,45.4722,31.70067596435547,machine,1.3111111111111111,42.44444444444444,38.4,12.169377221001518,N,1.0,0.0
2026-05-05T10:13:17,Q42_qwen2.5:14b_SQuAD,21659bc1-0d78-4fdf-b03b-8844d0fcaac6,5b0fa12a-3dd7-45bb-9766-cc326314d9f1,3.701461999997264,2.2332102214554416e-05,6.033319324788671e-06,13.060010739200004,37.11289907285101,20.0,1.1605801035632764e-05,3.81480860740524e-05,1.7772229444461926e-05,6.752611655414709e-05,0.0,Italy,ITA,lombardy,,,Windows-11-10.0.26200-SP0,3.13.13,3.2.6,32,13th Gen Intel(R) Core(TM) i9-13900HX,1,1 x NVIDIA GeForce RTX 4070 Laptop GPU,9.1922,45.4722,31.70067596435547,machine,0.0,51.5,38.4,12.171388626098633,N,1.0,0.0
2026-05-05T10:13:44,Q43_qwen2.5:14b_GSM8K,3999812f-d8ca-4917-b361-e3598d596220,5b0fa12a-3dd7-45bb-9766-cc326314d9f1,11.711936100007732,8.722924980688171e-05,7.447893248565804e-06,13.217147557236364,49.318615963163865,20.0,4.1136885577100143e-05,0.0001603734616319,6.224684111115898e-05,0.0002637571883202,0.0,Italy,ITA,lombardy,,,Windows-11-10.0.26200-SP0,3.13.13,3.2.6,32,13th Gen Intel(R) Core(TM) i9-13900HX,1,1 x NVIDIA GeForce RTX 4070 Laptop GPU,9.1922,45.4722,31.70067596435547,machine,0.0,39.3,39.2,12.436605453491213,N,1.0,0.0
2026-05-05T10:14:57,Q44_qwen2.5:14b_GSM8K,3a0b1945-6dc6-4820-aa98-f65b079850e7,5b0fa12a-3dd7-45bb-9766-cc326314d9f1,27.808915999994497,0.0002192839973442,7.885384577533752e-06,13.348224121796925,54.25359137845814,20.0,9.955370839591322e-05,0.0004146136650239,0.0001488869427778,0.0006630543161977,0.0,Italy,ITA,lombardy,,,Windows-11-10.0.26200-SP0,3.13.13,3.2.6,32,13th Gen Intel(R) Core(TM) i9-13900HX,1,1 x NVIDIA GeForce RTX 4070 Laptop GPU,9.1922,45.4722,31.70067596435547,machine,3.8461538461538463,39.84615384615385,39.0,12.363424888023964,N,1.0,0.0
2026-05-05T10:16:04,Q45_qwen2.5:14b_HellaSwag,39af81d3-1d35-4753-8532-d205cfd79ce5,5b0fa12a-3dd7-45bb-9766-cc326314d9f1,12.050869000013336,9.066537879530112e-05,7.523555255243483e-06,13.513170137600005,49.78468630429957,20.0,4.334929562147748e-05,0.0001666404110899,6.415738777779755e-05,0.0002741470944892,0.0,Italy,ITA,lombardy,,,Windows-11-10.0.26200-SP0,3.13.13,3.2.6,32,13th Gen Intel(R) Core(TM) i9-13900HX,1,1 x NVIDIA GeForce RTX 4070 Laptop GPU,9.1922,45.4722,31.70067596435547,machine,4.29,40.0,38.8,12.295976257324218,N,1.0,0.0
2026-05-05T10:17:13,Q46_qwen2.5:14b_GSM8K,880458bb-1fd0-42d8-962f-f809654b0a69,5b0fa12a-3dd7-45bb-9766-cc326314d9f1,33.80643179999606,0.0002689829656206,7.956561852253907e-06,13.16592662672,55.507400275603686,20.0,0.0001187492991424,0.000515182634368,0.0001793983527777,0.0008133302862882,0.0,Italy,ITA,lombardy,,,Windows-11-10.0.26200-SP0,3.13.13,3.2.6,32,13th Gen Intel(R) Core(TM) i9-13900HX,1,1 x NVIDIA GeForce RTX 4070 Laptop GPU,9.1922,45.4722,31.70067596435547,machine,3.953125,38.3125,38.771875,12.289577841758728,N,1.0,0.0
2026-05-05T10:18:55,Q47_qwen2.5:14b_GSM8K,12f17832-ca0f-4205-b7d1-6c8437564723,5b0fa12a-3dd7-45bb-9766-cc326314d9f1,26.427802199992584,0.00020425395315,7.728752909693795e-06,13.237533986327277,52.79277740210014,20.0,9.359053249498068e-05,0.0003828169729199,0.0001412001033332,0.0006176076087482,0.0,Italy,ITA,lombardy,,,Windows-11-10.0.26200-SP0,3.13.13,3.2.6,32,13th Gen Intel(R) Core(TM) i9-13900HX,1,1 x NVIDIA GeForce RTX 4070 Laptop GPU,9.1922,45.4722,31.70067596435547,machine,4.166666666666667,41.333333333333336,38.895833333333336,12.334485371907553,N,1.0,0.0
2026-05-05T10:20:21,Q48_qwen2.5:14b_HellaSwag,6a54e913-ce32-481b-8525-c3197993b547,5b0fa12a-3dd7-45bb-9766-cc326314d9f1,20.44127660000231,0.0001600240079329,7.82847427116783e-06,13.710984177920002,54.26691687054992,20.0,7.438561505132934e-05,0.000301508296762,0.0001079745438889,0.0004838684557022,0.0,Italy,ITA,lombardy,,,Windows-11-10.0.26200-SP0,3.13.13,3.2.6,32,13th Gen Intel(R) Core(TM) i9-13900HX,1,1 x NVIDIA GeForce RTX 4070 Laptop GPU,9.1922,45.4722,31.70067596435547,machine,5.0,39.66666666666666,38.80555555555556,12.295641157362196,N,1.0,0.0
2026-05-05T10:21:49,Q49_qwen2.5:14b_GSM8K,039a4cb2-7df2-487a-bbae-7663069f8154,5b0fa12a-3dd7-45bb-9766-cc326314d9f1,22.95399670000188,0.0001799064625152,7.837696627151202e-06,13.501504142720002,53.61243710666881,20.0,8.246132022506329e-05,0.0003396072161299,0.0001219189772222,0.0005439875135772,0.0,Italy,ITA,lombardy,,,Windows-11-10.0.26200-SP0,3.13.13,3.2.6,32,13th Gen Intel(R) Core(TM) i9-13900HX,1,1 x NVIDIA GeForce RTX 4070 Laptop GPU,9.1922,45.4722,31.70067596435547,machine,0.0,40.0,39.1,12.398561023530506,N,1.0,0.0
2026-05-05T10:23:43,Q50_qwen2.5:14b_GSM8K,603f8494-c9ce-41ec-b914-d9da365aeecf,5b0fa12a-3dd7-45bb-9766-cc326314d9f1,37.50426489999518,0.0002928990833473,7.809754014065724e-06,13.599567698354289,54.10287862569029,20.0,0.0001354046652129,0.000550297384682,0.0001999439788887,0.0008856460287838,0.0,Italy,ITA,lombardy,,,Windows-11-10.0.26200-SP0,3.13.13,3.2.6,32,13th Gen Intel(R) Core(TM) i9-13900HX,1,1 x NVIDIA GeForce RTX 4070 Laptop GPU,9.1922,45.4722,31.70067596435547,machine,9.268571428571429,34.628571428571426,39.760000000000005,12.601434435163226,N,1.0,0.0
2026-05-05T10:25:27,Q51_qwen2.5:14b_MMLU,aafad9e1-975b-4cda-ad61-a56df2e939b2,5b0fa12a-3dd7-45bb-9766-cc326314d9f1,18.336283000011463,0.0001389439181939,7.57754001690788e-06,13.12178011136,51.28782809356966,20.0,6.354401957880055e-05,0.000260310208248,9.62738516666933e-05,0.0004201280794935,0.0,Italy,ITA,lombardy,,,Windows-11-10.0.26200-SP0,3.13.13,3.2.6,32,13th Gen Intel(R) Core(TM) i9-13900HX,1,1 x NVIDIA GeForce RTX 4070 Laptop GPU,9.1922,45.4722,31.70067596435547,machine,11.80625,37.75,39.49375,12.510210752487184,N,1.0,0.0
2026-05-05T10:26:35,Q52_qwen2.5:14b_MMLU,33544015-3792-4d04-88c2-f18ac0f2626d,5b0fa12a-3dd7-45bb-9766-cc326314d9f1,22.29270949999045,0.0001756178587363,7.877815782619072e-06,13.189593821805715,55.05982970804639,20.0,7.80566538040624e-05,0.000334724712224,0.0001182385927777,0.0005310199588058,0.0,Italy,ITA,lombardy,,,Windows-11-10.0.26200-SP0,3.13.13,3.2.6,32,13th Gen Intel(R) Core(TM) i9-13900HX,1,1 x NVIDIA GeForce RTX 4070 Laptop GPU,9.1922,45.4722,31.70067596435547,machine,0.0,38.7,39.5,12.527924919128418,N,1.0,0.0
2026-05-05T10:27:53,Q53_qwen2.5:14b_HumanEval,8e6609d6-c484-4083-9079-a20db4168c55,5b0fa12a-3dd7-45bb-9766-cc326314d9f1,22.725597900003777,0.000175496597076,7.72241935496049e-06,13.216312177760004,53.33954573442056,20.0,7.99489068545659e-05,0.000330038597364,0.0001206657927777,0.0005306532969963,0.0,Italy,ITA,lombardy,,,Windows-11-10.0.26200-SP0,3.13.13,3.2.6,32,13th Gen Intel(R) Core(TM) i9-13900HX,1,1 x NVIDIA GeForce RTX 4070 Laptop GPU,9.1922,45.4722,31.70067596435547,machine,0.0,41.19047619047619,39.4,12.488004048665363,N,1.0,0.0
2026-05-05T10:28:57,Q54_qwen2.5:14b_HellaSwag,af441125-6b6f-4ae2-85ad-8a7f549e39cc,5b0fa12a-3dd7-45bb-9766-cc326314d9f1,8.50527609999699,6.307525464020403e-05,7.416014941622688e-06,13.189979977142858,49.49717781059008,20.0,2.932531985477041e-05,0.00011693203799,4.446481222217295e-05,0.0001907221700669,0.0,Italy,ITA,lombardy,,,Windows-11-10.0.26200-SP0,3.13.13,3.2.6,32,13th Gen Intel(R) Core(TM) i9-13900HX,1,1 x NVIDIA GeForce RTX 4070 Laptop GPU,9.1922,45.4722,31.70067596435547,machine,0.0,46.66666666666666,39.4,12.48416837056478,N,1.0,0.0
2026-05-05T10:29:30,Q55_qwen2.5:14b_MMLU,9a773086-3844-45ac-a44b-eb1dcfe6eca6,5b0fa12a-3dd7-45bb-9766-cc326314d9f1,8.196883600001456,5.755876958275794e-05,7.022030858501847e-06,13.4746769792,45.023492024313775,20.0,2.8798498477871808e-05,0.000102499526444,4.274381611111393e-05,0.000174041841033,0.0,Italy,ITA,lombardy,,,Windows-11-10.0.26200-SP0,3.13.13,3.2.6,32,13th Gen Intel(R) Core(TM) i9-13900HX,1,1 x NVIDIA GeForce RTX 4070 Laptop GPU,9.1922,45.4722,31.70067596435547,machine,16.666666666666668,45.5,39.5,12.52465565999349,N,1.0,0.0
2026-05-05T10:30:08,Q56_qwen2.5:14b_GSM8K,e71a2fa2-6b18-40be-8b4a-1ac747c1d285,5b0fa12a-3dd7-45bb-9766-cc326314d9f1,12.291643800010206,9.209274290879362e-05,7.492304886732656e-06,13.46577771636364,49.46910109239087,20.0,4.4093352487822e-05,0.000168881523994,6.548817333338472e-05,0.0002784630498152,0.0,Italy,ITA,lombardy,,,Windows-11-10.0.26200-SP0,3.13.13,3.2.6,32,13th Gen Intel(R) Core(TM) i9-13900HX,1,1 x NVIDIA GeForce RTX 4070 Laptop GPU,9.1922,45.4722,31.70067596435547,machine,8.0,41.6,39.5,12.519974517822266,N,1.0,0.0
2026-05-05T10:30:46,Q57_qwen2.5:14b_SQuAD,4d9cd52b-3443-4e48-946c-af766e768149,5b0fa12a-3dd7-45bb-9766-cc326314d9f1,3.1818025000102352,1.7884151313987765e-05,5.620760972414295e-06,13.058845932800002,33.36490988750377,20.0,9.717169239155591e-06,2.9478634694046768e-05,1.4880936111148914e-05,5.407674004435128e-05,0.0,Italy,ITA,lombardy,,,Windows-11-10.0.26200-SP0,3.13.13,3.2.6,32,13th Gen Intel(R) Core(TM) i9-13900HX,1,1 x NVIDIA GeForce RTX 4070 Laptop GPU,9.1922,45.4722,31.70067596435547,machine,0.0,46.0,39.4,12.48685073852539,N,1.0,0.0
2026-05-05T10:31:13,Q58_qwen2.5:14b_GSM8K,e1220af4-00d5-466e-91c8-ae7a4ccdca73,5b0fa12a-3dd7-45bb-9766-cc326314d9f1,11.81751059999806,8.678607297365737e-05,7.343854040940875e-06,13.18870331578182,48.16762154167229,20.0,4.145342401603506e-05,0.0001581029042599,6.286081555550077e-05,0.0002624171438314,0.0,Italy,ITA,lombardy,,,Windows-11-10.0.26200-SP0,3.13.13,3.2.6,32,13th Gen Intel(R) Core(TM) i9-13900HX,1,1 x NVIDIA GeForce RTX 4070 Laptop GPU,9.1922,45.4722,31.70067596435547,machine,0.0,44.2,39.4,12.481546783447266,N,1.0,0.0
2026-05-05T10:32:22,Q59_qwen2.5:14b_GSM8K,a67ade84-e389-407d-a4f8-ed408f5072cc,5b0fa12a-3dd7-45bb-9766-cc326314d9f1,13.219812700001055,9.868692606483464e-05,7.465077479110332e-06,13.525803171200002,49.016478182441,20.0,4.777857717929269e-05,0.000179976810648,7.064665277777952e-05,0.000298402040605,0.0,Italy,ITA,lombardy,,,Windows-11-10.0.26200-SP0,3.13.13,3.2.6,32,13th Gen Intel(R) Core(TM) i9-13900HX,1,1 x NVIDIA GeForce RTX 4070 Laptop GPU,9.1922,45.4722,31.70067596435547,machine,6.490909090909091,42.63636363636363,39.4,12.4900859485973,N,1.0,0.0
2026-05-05T10:33:18,Q60_qwen2.5:14b_HellaSwag,5d5809d5-f3a1-4011-8cb4-a8091393856c,5b0fa12a-3dd7-45bb-9766-cc326314d9f1,11.246597200006365,8.509681725047869e-05,7.566450165960469e-06,13.698238016,50.17806804559108,20.0,4.088093401841085e-05,0.000156742347616,5.968601888889679e-05,0.0002573093005233,0.0,Italy,ITA,lombardy,,,Windows-11-10.0.26200-SP0,3.13.13,3.2.6,32,13th Gen Intel(R) Core(TM) i9-13900HX,1,1 x NVIDIA GeForce RTX 4070 Laptop GPU,9.1922,45.4722,31.70067596435547,machine,0.0,44.11111111111112,39.3,12.45555623372396,N,1.0,0.0
2026-05-05T10:34:07,Q61_qwen2.5:14b_GSM8K,1d105100-4ef3-42ae-8569-5bba2be08e6d,5b0fa12a-3dd7-45bb-9766-cc326314d9f1,13.823740799998632,0.00010746269108,7.773777925588066e-06,13.494747459938464,52.345377837478416,20.0,4.993838955650104e-05,0.0002009887719019,7.401037166669589e-05,0.0003249375331251,0.0,Italy,ITA,lombardy,,,Windows-11-10.0.26200-SP0,3.13.13,3.2.6,32,13th Gen Intel(R) Core(TM) i9-13900HX,1,1 x NVIDIA GeForce RTX 4070 Laptop GPU,9.1922,45.4722,31.70067596435547,machine,0.0,45.66666666666666,39.3,12.45900789896647,N,1.0,0.0
2026-05-05T10:34:53,Q62_qwen2.5:14b_HellaSwag,5d6b1dec-9749-465d-a844-ec7be968092d,5b0fa12a-3dd7-45bb-9766-cc326314d9f1,10.762933000005432,7.236843960138573e-05,6.723858598892068e-06,13.0633275008,41.680210190087166,20.0,3.722905475730302e-05,0.000124596488566,5.6996654444487326e-05,0.0002188221977678,0.0,Italy,ITA,lombardy,,,Windows-11-10.0.26200-SP0,3.13.13,3.2.6,32,13th Gen Intel(R) Core(TM) i9-13900HX,1,1 x NVIDIA GeForce RTX 4070 Laptop GPU,9.1922,45.4722,31.70067596435547,machine,5.555555555555555,20.11111111111111,39.51111111111111,12.525918748643663,N,1.0,0.0
2026-05-05T10:35:27,Q63_qwen2.5:14b_MMLU,efc6e0b2-65f8-4070-9a77-bd4afc076d76,5b0fa12a-3dd7-45bb-9766-cc326314d9f1,8.459494699985953,5.826085134179312e-05,6.887036803970083e-06,13.183243657142858,43.75946422726232,20.0,2.913989645198051e-05,0.000102818693366,4.4206152777769605e-05,0.0001761647425957,0.0,Italy,ITA,lombardy,,,Windows-11-10.0.26200-SP0,3.13.13,3.2.6,32,13th Gen Intel(R) Core(TM) i9-13900HX,1,1 x NVIDIA GeForce RTX 4070 Laptop GPU,9.1922,45.4722,31.70067596435547,machine,0.0,45.333333333333336,39.38333333333333,12.475770950317385,N,1.0,0.0
2026-05-05T10:36:14,Q64_qwen2.5:14b_GSM8K,9b17f294-3c4a-4e9c-bc46-0e170cc947cf,5b0fa12a-3dd7-45bb-9766-cc326314d9f1,22.003314599991427,0.0001730077625666,7.862804568850464e-06,13.449622237074289,55.05521092579775,20.0,7.868621577588055e-05,0.0003277941511239,0.000116647381111,0.0005231277480108,0.0,Italy,ITA,lombardy,,,Windows-11-10.0.26200-SP0,3.13.13,3.2.6,32,13th Gen Intel(R) Core(TM) i9-13900HX,1,1 x NVIDIA GeForce RTX 4070 Laptop GPU,9.1922,45.4722,31.70067596435547,machine,0.0,39.05,39.4,12.486636352539062,N,1.0,0.0
2026-05-05T10:37:17,Q65_qwen2.5:14b_MMLU,ef8cf552-c083-4cc3-b8b1-97d4805e3acc,5b0fa12a-3dd7-45bb-9766-cc326314d9f1,8.125132899993332,5.852566444393836e-05,7.203040881212711e-06,13.14661115977143,47.32698948493778,20.0,2.7833086710591604e-05,0.0001067906409879,4.234173666668034e-05,0.0001769654643652,0.0,Italy,ITA,lombardy,,,Windows-11-10.0.26200-SP0,3.13.13,3.2.6,32,13th Gen Intel(R) Core(TM) i9-13900HX,1,1 x NVIDIA GeForce RTX 4070 Laptop GPU,9.1922,45.4722,31.70067596435547,machine,0.0,48.0,39.333333333333336,12.473284403483072,N,1.0,0.0
2026-05-05T10:38:03,Q66_qwen2.5:14b_MMLU,9c5870d8-02e3-42e9-8edd-6d87a055174c,5b0fa12a-3dd7-45bb-9766-cc326314d9f1,20.645110500001465,0.0001586746595532,7.68582273043311e-06,13.34163834176,52.362861463187016,20.0,7.301142916837194e-05,0.0002976930159319,0.0001090839533334,0.0004797883984337,0.0,Italy,ITA,lombardy,,,Windows-11-10.0.26200-SP0,3.13.13,3.2.6,32,13th Gen Intel(R) Core(TM) i9-13900HX,1,1 x NVIDIA GeForce RTX 4070 Laptop GPU,9.1922,45.4722,31.70067596435547,machine,3.642105263157895,43.26315789473684,39.38947368421052,12.476729142038446,N,1.0,0.0
2026-05-05T10:39:23,Q67_qwen2.5:14b_HellaSwag,e6fdc5d4-6c57-42f5-8318-f73fc3070f43,5b0fa12a-3dd7-45bb-9766-cc326314d9f1,14.640940500001308,0.0001151275034461,7.863395349918577e-06,13.208093169371429,53.531774904423,20.0,5.187321159133413e-05,0.0002176940630439,7.85465366666257e-05,0.0003481138113019,0.0,Italy,ITA,lombardy,,,Windows-11-10.0.26200-SP0,3.13.13,3.2.6,32,13th Gen Intel(R) Core(TM) i9-13900HX,1,1 x NVIDIA GeForce RTX 4070 Laptop GPU,9.1922,45.4722,31.70067596435547,machine,0.0,43.46153846153846,39.3,12.45180892944336,N,1.0,0.0
2026-05-05T10:40:31,Q68_qwen2.5:14b_GSM8K,4609c082-1051-43f8-bbe9-b42a942147c5,5b0fa12a-3dd7-45bb-9766-cc326314d9f1,22.401140200003283,0.0001743145976947,7.781505590272333e-06,13.4456877824,53.16865086940611,20.0,7.994663987196199e-05,0.0003282727626179,0.0001188598544443,0.0005270792569343,0.0,Italy,ITA,lombardy,,,Windows-11-10.0.26200-SP0,3.13.13,3.2.6,32,13th Gen Intel(R) Core(TM) i9-13900HX,1,1 x NVIDIA GeForce RTX 4070 Laptop GPU,9.1922,45.4722,31.70067596435547,machine,0.0,39.65,39.3,12.455899429321288,N,1.0,0.0
2026-05-05T10:41:38,Q69_qwen2.5:14b_HellaSwag,79a94a68-7e51-4ab0-a64f-5903d9eddcef,5b0fa12a-3dd7-45bb-9766-cc326314d9f1,11.11262520001037,8.233240137534088e-05,7.408906526899156e-06,13.34960438528,48.81007324598307,20.0,3.934663953971956e-05,0.00015065706497,5.894676500004911e-05,0.0002489504695097,0.0,Italy,ITA,lombardy,,,Windows-11-10.0.26200-SP0,3.13.13,3.2.6,32,13th Gen Intel(R) Core(TM) i9-13900HX,1,1 x NVIDIA GeForce RTX 4070 Laptop GPU,9.1922,45.4722,31.70067596435547,machine,8.333333333333334,43.66666666666666,39.3,12.460707346598308,N,1.0,0.0
2026-05-05T10:42:46,Q70_qwen2.5:14b_HumanEval,829877bf-b251-4a11-b667-1c35c3d2057c,5b0fa12a-3dd7-45bb-9766-cc326314d9f1,33.271129699991434,0.0002639593128352,7.933584318157528e-06,13.195935124160002,54.39313684716868,20.0,0.0001166053425714,0.000505095404076,0.0001764393994444,0.0007981401460919,0.0,Italy,ITA,lombardy,,,Windows-11-10.0.26200-SP0,3.13.13,3.2.6,32,13th Gen Intel(R) Core(TM) i9-13900HX,1,1 x NVIDIA GeForce RTX 4070 Laptop GPU,9.1922,45.4722,31.70067596435547,machine,0.0,43.193548387096776,38.8,12.294423134096208,N,1.0,0.0
2026-05-05T10:44:00,Q71_qwen2.5:14b_MMLU,5866de55-c056-42d1-a87e-6dc4e04914ce,5b0fa12a-3dd7-45bb-9766-cc326314d9f1,8.407170900012716,6.200902582997136e-05,7.375730381533885e-06,13.5142234112,48.78395122003272,20.0,2.9673771591255222e-05,0.000113910368906,4.391404777779826e-05,0.0001874981882751,0.0,Italy,ITA,lombardy,,,Windows-11-10.0.26200-SP0,3.13.13,3.2.6,32,13th Gen Intel(R) Core(TM) i9-13900HX,1,1 x NVIDIA GeForce RTX 4070 Laptop GPU,9.1922,45.4722,31.70067596435547,machine,0.0,40.66666666666666,39.0,12.356767654418944,N,1.0,0.0
2026-05-05T10:45:02,Q72_qwen2.5:14b_HumanEval,4a08f19d-0bf7-449b-af11-b2eb5abea57f,5b0fa12a-3dd7-45bb-9766-cc326314d9f1,37.46141979999084,0.0003032778659869,8.095738698804413e-06,13.508735416937148,56.32247840280925,20.0,0.0001350594869304,0.0005822426880159,0.0001997264294444,0.0009170286043908,0.0,Italy,ITA,lombardy,,,Windows-11-10.0.26200-SP0,3.13.13,3.2.6,32,13th Gen Intel(R) Core(TM) i9-13900HX,1,1 x NVIDIA GeForce RTX 4070 Laptop GPU,9.1922,45.4722,31.70067596435547,machine,7.22,42.457142857142856,38.9,12.33513194492885,N,1.0,0.0
2026-05-05T10:46:14,Q73_qwen2.5:14b_SQuAD,94a17991-4536-40fc-b1e2-379ecfcb49f5,5b0fa12a-3dd7-45bb-9766-cc326314d9f1,6.871543000001111,4.71896680527693e-05,6.867404897671697e-06,13.1025999872,44.12912270412521,20.0,2.316579276703895e-05,8.416312288600514e-05,3.535962277779214e-05,0.0001426885384308,0.0,Italy,ITA,lombardy,,,Windows-11-10.0.26200-SP0,3.13.13,3.2.6,32,13th Gen Intel(R) Core(TM) i9-13900HX,1,1 x NVIDIA GeForce RTX 4070 Laptop GPU,9.1922,45.4722,31.70067596435547,machine,0.0,42.8,38.98,12.34988250732422,N,1.0,0.0
2026-05-05T10:46:50,Q74_qwen2.5:14b_HellaSwag,eafcfd6b-a2c2-48ba-9d86-9d79a15291b1,5b0fa12a-3dd7-45bb-9766-cc326314d9f1,10.35969730000943,7.588073018679678e-05,7.3246088171637715e-06,13.3438097408,48.01062274784413,20.0,3.653668508061868e-05,0.00013814455496,5.476115555559065e-05,0.0002294423955962,0.0,Italy,ITA,lombardy,,,Windows-11-10.0.26200-SP0,3.13.13,3.2.6,32,13th Gen Intel(R) Core(TM) i9-13900HX,1,1 x NVIDIA GeForce RTX 4070 Laptop GPU,9.1922,45.4722,31.70067596435547,machine,0.0,43.625,38.975,12.352505683898926,N,1.0,0.0
2026-05-05T10:48:01,Q75_qwen2.5:14b_HumanEval,bb7279a4-cb18-4d6f-b01a-b587fc0fd9d2,5b0fa12a-3dd7-45bb-9766-cc326314d9f1,35.647712299993145,0.0002838146287755,7.961650565037892e-06,13.45499769504,55.35391702683845,20.0,0.0001279452956239,0.000540581543576,0.000189650305,0.0008581771442,0.0,Italy,ITA,lombardy,,,Windows-11-10.0.26200-SP0,3.13.13,3.2.6,32,13th Gen Intel(R) Core(TM) i9-13900HX,1,1 x NVIDIA GeForce RTX 4070 Laptop GPU,9.1922,45.4722,31.70067596435547,machine,5.50909090909091,41.54545454545455,38.93939393939394,12.343326337409742,N,1.0,0.0
2026-05-05T10:49:41,Q76_qwen2.5:14b_HumanEval,6b773634-cd88-4f55-934c-87ade94f9405,5b0fa12a-3dd7-45bb-9766-cc326314d9f1,35.311084600005415,0.0002797476869843,7.92237593813059e-06,13.24247193632,55.360562144719786,20.0,0.0001244073755071,0.00053369764918,0.0001877748094444,0.0008458798341317,0.0,Italy,ITA,lombardy,,,Windows-11-10.0.26200-SP0,3.13.13,3.2.6,32,13th Gen Intel(R) Core(TM) i9-13900HX,1,1 x NVIDIA GeForce RTX 4070 Laptop GPU,9.1922,45.4722,31.70067596435547,machine,3.0303030303030303,42.21212121212121,38.8,12.30794721661192,N,1.0,0.0
2026-05-05T10:51:25,Q77_qwen2.5:14b_GSM8K,8e14e719-ea88-40e0-9b20-bce6015ad955,5b0fa12a-3dd7-45bb-9766-cc326314d9f1,37.3966064999986,0.0002987341743343,7.988269586289092e-06,13.295658397234286,55.50914355808502,20.0,0.0001328880413078,0.000571049345728,0.0001993523472221,0.000903289734258,0.0,Italy,ITA,lombardy,,,Windows-11-10.0.26200-SP0,3.13.13,3.2.6,32,13th Gen Intel(R) Core(TM) i9-13900HX,1,1 x NVIDIA GeForce RTX 4070 Laptop GPU,9.1922,45.4722,31.70067596435547,machine,0.7142857142857143,40.08571428571429,38.80571428571428,12.309769439697266,N,1.0,0.0
2026-05-05T10:52:40,Q78_qwen2.5:14b_HellaSwag,16581b6a-6f8c-4b24-86de-77156c68b229,5b0fa12a-3dd7-45bb-9766-cc326314d9f1,8.846968300000299,6.29147184538887e-05,7.111443866469666e-06,13.3614787808,45.94913249239533,20.0,3.0970926487512506e-05,0.000112908145882,4.6357680555552685e-05,0.0001902367529251,0.0,Italy,ITA,lombardy,,,Windows-11-10.0.26200-SP0,3.13.13,3.2.6,32,13th Gen Intel(R) Core(TM) i9-13900HX,1,1 x NVIDIA GeForce RTX 4070 Laptop GPU,9.1922,45.4722,31.70067596435547,machine,0.0,38.71428571428572,38.81428571428571,12.311735425676618,N,1.0,0.0
2026-05-05T10:53:09,Q79_qwen2.5:14b_SQuAD,6aa1ea19-31fe-429d-92a3-f483bbd60bee,5b0fa12a-3dd7-45bb-9766-cc326314d9f1,4.791837400000077,3.060181101833045e-05,6.386237358206261e-06,13.0322512352,39.9561600427644,20.0,1.5528320486289597e-05,5.3173375871962136e-05,2.382973833332977e-05,9.25314346915815e-05,0.0,Italy,ITA,lombardy,,,Windows-11-10.0.26200-SP0,3.13.13,3.2.6,32,13th Gen Intel(R) Core(TM) i9-13900HX,1,1 x NVIDIA GeForce RTX 4070 Laptop GPU,9.1922,45.4722,31.70067596435547,machine,0.0,43.66666666666666,38.8,12.296159108479818,N,1.0,0.0
2026-05-05T10:54:01,Q80_qwen2.5:14b_GSM8K,40b51616-7a1e-419f-b386-3d9e29cb9000,5b0fa12a-3dd7-45bb-9766-cc326314d9f1,37.05158379999921,0.0002932145838288,7.913685563660235e-06,13.309188522514283,54.91545468926085,20.0,0.0001319356827721,0.000557209056878,0.0001974552755555,0.0008866000152057,0.0,Italy,ITA,lombardy,,,Windows-11-10.0.26200-SP0,3.13.13,3.2.6,32,13th Gen Intel(R) Core(TM) i9-13900HX,1,1 x NVIDIA GeForce RTX 4070 Laptop GPU,9.1922,45.4722,31.70067596435547,machine,2.857142857142857,39.371428571428574,38.8,12.304787336077007,N,1.0,0.0
2026-05-05T10:55:14,Q81_qwen2.5:14b_MMLU,9b5ee844-61bd-41c5-bb3c-c4ad2364111d,5b0fa12a-3dd7-45bb-9766-cc326314d9f1,6.448004900012165,4.450934514417573e-05,6.90280882759437e-06,13.072195228160002,44.65739668292128,20.0,2.158616681659448e-05,7.997256397801467e-05,3.302525055559171e-05,0.0001345839813502,0.0,Italy,ITA,lombardy,,,Windows-11-10.0.26200-SP0,3.13.13,3.2.6,32,13th Gen Intel(R) Core(TM) i9-13900HX,1,1 x NVIDIA GeForce RTX 4070 Laptop GPU,9.1922,45.4722,31.70067596435547,machine,6.825,46.5,38.8,12.302528381347656,N,1.0,0.0
2026-05-05T10:55:47,Q82_qwen2.5:14b_MMLU,055d8369-38b5-4c49-9882-8a52a18f7b3d,5b0fa12a-3dd7-45bb-9766-cc326314d9f1,7.898485300000175,5.578737031075232e-05,7.0630466718411295e-06,13.289783414857144,45.72104773076829,20.0,2.7302313611859504e-05,0.0001002964691259,4.108683555556733e-05,0.0001686856182933,0.0,Italy,ITA,lombardy,,,Windows-11-10.0.26200-SP0,3.13.13,3.2.6,32,13th Gen Intel(R) Core(TM) i9-13900HX,1,1 x NVIDIA GeForce RTX 4070 Laptop GPU,9.1922,45.4722,31.70067596435547,machine,0.0,49.0,38.8,12.30309804280599,N,1.0,0.0
2026-05-05T10:56:27,Q83_qwen2.5:14b_HumanEval,defea46b-ad62-49fc-99d2-36c49082ee7f,5b0fa12a-3dd7-45bb-9766-cc326314d9f1,15.285893100008252,0.0001169964527826,7.653884010385075e-06,13.13430296137143,51.27475972040636,20.0,5.393552658776745e-05,0.000217701007494,8.212846444447577e-05,0.0003537649985262,0.0,Italy,ITA,lombardy,,,Windows-11-10.0.26200-SP0,3.13.13,3.2.6,32,13th Gen Intel(R) Core(TM) i9-13900HX,1,1 x NVIDIA GeForce RTX 4070 Laptop GPU,9.1922,45.4722,31.70067596435547,machine,6.923076923076923,45.53846153846154,38.8,12.308403895451471,N,1.0,0.0
2026-05-05T10:57:17,Q84_qwen2.5:14b_SQuAD,22c136db-12cc-4165-bf75-3889f7c78224,5b0fa12a-3dd7-45bb-9766-cc326314d9f1,4.517929399997229,2.6364441615145755e-05,5.835514298909126e-06,13.686401024,33.60405180182555,20.0,1.5262982038742996e-05,4.215281150005135e-05,2.2303004999978133e-05,7.971879853877247e-05,0.0,Italy,ITA,lombardy,,,Windows-11-10.0.26200-SP0,3.13.13,3.2.6,32,13th Gen Intel(R) Core(TM) i9-13900HX,1,1 x NVIDIA GeForce RTX 4070 Laptop GPU,9.1922,45.4722,31.70067596435547,machine,0.0,27.5,38.8,12.306427001953123,N,1.0,0.0
2026-05-05T10:57:41,Q85_qwen2.5:14b_HellaSwag,22ac74bf-bc68-42cc-9328-4c1950838f19,5b0fa12a-3dd7-45bb-9766-cc326314d9f1,8.9953591000085,6.556805099521773e-05,7.289097663166751e-06,13.120938992,48.07955936144807,20.0,3.095485803888588e-05,0.000120121762764,4.71830777777844e-05,0.0001982596985807,0.0,Italy,ITA,lombardy,,,Windows-11-10.0.26200-SP0,3.13.13,3.2.6,32,13th Gen Intel(R) Core(TM) i9-13900HX,1,1 x NVIDIA GeForce RTX 4070 Laptop GPU,9.1922,45.4722,31.70067596435547,machine,14.285714285714286,30.285714285714285,38.81428571428571,12.3118166242327,N,1.0,0.0
2026-05-05T10:58:25,Q86_qwen2.5:14b_HumanEval,7ffeae73-6c59-4d40-8182-236af8e9f7a0,5b0fa12a-3dd7-45bb-9766-cc326314d9f1,18.43305920000421,0.0001414728114938,7.67495020543606e-06,13.449868348160004,54.74043855133195,20.0,6.530481102871974e-05,0.00026564465696,9.682528722227694e-05,0.000427774755211,0.0,Italy,ITA,lombardy,,,Windows-11-10.0.26200-SP0,3.13.13,3.2.6,32,13th Gen Intel(R) Core(TM) i9-13900HX,1,1 x NVIDIA GeForce RTX 4070 Laptop GPU,9.1922,45.4722,31.70067596435547,machine,0.0,44.375,38.81875,12.31332302093506,N,1.0,0.0
2026-05-05T10:59:17,Q87_qwen2.5:14b_HellaSwag,33a1bd8f-0271-4356-834e-898dafe2c59a,5b0fa12a-3dd7-45bb-9766-cc326314d9f1,7.325396100000944,5.317313324859942e-05,7.258738302027458e-06,13.452965888000003,47.86487222677908,20.0,2.549615923235556e-05,9.738146679399984e-05,3.790326055556458e-05,0.0001607808865819,0.0,Italy,ITA,lombardy,,,Windows-11-10.0.26200-SP0,3.13.13,3.2.6,32,13th Gen Intel(R) Core(TM) i9-13900HX,1,1 x NVIDIA GeForce RTX 4070 Laptop GPU,9.1922,45.4722,31.70067596435547,machine,0.0,37.0,38.84,12.314752197265625,N,1.0,0.0
2026-05-05T10:59:55,Q88_qwen2.5:14b_MMLU,ebe08548-6f40-4721-9c47-45c03c1c0efa,5b0fa12a-3dd7-45bb-9766-cc326314d9f1,13.092995099999824,9.6911633148068e-05,7.401792516371545e-06,13.8568662272,48.045757293562325,20.0,4.844656816002948e-05,0.0001746640286199,6.992344777778878e-05,0.0002930340445578,0.0,Italy,ITA,lombardy,,,Windows-11-10.0.26200-SP0,3.13.13,3.2.6,32,13th Gen Intel(R) Core(TM) i9-13900HX,1,1 x NVIDIA GeForce RTX 4070 Laptop GPU,9.1922,45.4722,31.70067596435547,machine,0.0,45.36363636363637,39.16363636363637,12.41635443947532,N,1.0,0.0
2026-05-05T11:01:03,Q89_qwen2.5:14b_HumanEval,050bab9d-a123-4e0f-b488-51c466c84b40,5b0fa12a-3dd7-45bb-9766-cc326314d9f1,22.961780600002385,0.0001830914001859,7.973745737556474e-06,13.22564627504,56.31342132696005,20.0,8.074430467400237e-05,0.000350888058488,0.0001219855233333,0.0005536178864953,0.0,Italy,ITA,lombardy,,,Windows-11-10.0.26200-SP0,3.13.13,3.2.6,32,13th Gen Intel(R) Core(TM) i9-13900HX,1,1 x NVIDIA GeForce RTX 4070 Laptop GPU,9.1922,45.4722,31.70067596435547,machine,0.0,40.523809523809526,39.04285714285714,12.381127312069848,N,1.0,0.0
2026-05-05T11:02:04,Q90_qwen2.5:14b_MMLU,d64a7115-e8d4-4ac5-ade7-0f2a525ca5a3,5b0fa12a-3dd7-45bb-9766-cc326314d9f1,5.697893900010968,3.948236421723946e-05,6.929290876610297e-06,13.2882641408,45.08255974429952,20.0,1.9178462921627123e-05,7.1340890406002e-05,2.8864424444489287e-05,0.0001193837777721,0.0,Italy,ITA,lombardy,,,Windows-11-10.0.26200-SP0,3.13.13,3.2.6,32,13th Gen Intel(R) Core(TM) i9-13900HX,1,1 x NVIDIA GeForce RTX 4070 Laptop GPU,9.1922,45.4722,31.70067596435547,machine,0.0,37.25,39.0,12.363592147827148,N,1.0,0.0
2026-05-05T11:02:41,Q91_qwen2.5:14b_MMLU,539ba481-c7f6-48ff-b6a6-e381823f0519,5b0fa12a-3dd7-45bb-9766-cc326314d9f1,11.356731399995624,8.552723632990485e-05,7.530972893304301e-06,13.250073532160004,50.207051784067694,20.0,3.994897906064129e-05,0.00015836262669,6.0299163333305234e-05,0.0002586107690839,0.0,Italy,ITA,lombardy,,,Windows-11-10.0.26200-SP0,3.13.13,3.2.6,32,13th Gen Intel(R) Core(TM) i9-13900HX,1,1 x NVIDIA GeForce RTX 4070 Laptop GPU,9.1922,45.4722,31.70067596435547,machine,0.0,45.11111111111112,39.0,12.364345126681858,N,1.0,0.0
2026-05-05T11:03:32,Q92_qwen2.5:14b_GSM8K,ac7c0fd7-366b-42be-9db6-bfd1c81461f7,5b0fa12a-3dd7-45bb-9766-cc326314d9f1,15.048450300004331,0.0001133816577727,7.534440790407881e-06,13.42799625234286,49.70484277511024,20.0,5.425904605270254e-05,0.0002077618328759,8.081397666667019e-05,0.0003428348555953,0.0,Italy,ITA,campania,,,Windows-11-10.0.26200-SP0,3.13.13,3.2.6,32,13th Gen Intel(R) Core(TM) i9-13900HX,1,1 x NVIDIA GeForce RTX 4070 Laptop GPU,14.4869,40.7021,31.70067596435547,machine,0.0,38.53846153846154,39.0,12.363614595853363,N,1.0,0.0
2026-05-05T11:04:21,Q93_qwen2.5:14b_SQuAD,96601def-11a6-4c1e-b350-e077a684f41d,5b0fa12a-3dd7-45bb-9766-cc326314d9f1,3.9811499000061294,2.7540115674838778e-05,6.917628415548073e-06,13.0519337984,46.444097362074665,20.0,1.2610438723160853e-05,5.134059662798007e-05,1.9322677222226047e-05,8.327371257336697e-05,0.0,Italy,ITA,lombardy,,,Windows-11-10.0.26200-SP0,3.13.13,3.2.6,32,13th Gen Intel(R) Core(TM) i9-13900HX,1,1 x NVIDIA GeForce RTX 4070 Laptop GPU,9.1922,45.4722,31.70067596435547,machine,0.0,33.5,39.1,12.395540237426758,N,1.0,0.0
2026-05-05T11:04:39,Q94_qwen2.5:14b_SQuAD,978b5cb2-2309-409e-9cd9-35a27550963c,5b0fa12a-3dd7-45bb-9766-cc326314d9f1,3.1932593999954406,1.6039067953830412e-05,5.022788926528584e-06,13.031633043200005,26.859434741542657,20.0,9.738091229797007e-06,2.381529683004313e-05,1.4944328888830366e-05,4.84977169486705e-05,0.0,Italy,ITA,lombardy,,,Windows-11-10.0.26200-SP0,3.13.13,3.2.6,32,13th Gen Intel(R) Core(TM) i9-13900HX,1,1 x NVIDIA GeForce RTX 4070 Laptop GPU,9.1922,45.4722,31.70067596435547,machine,0.0,51.0,39.1,12.385387420654297,N,1.0,0.0
2026-05-05T11:05:11,Q95_qwen2.5:14b_GSM8K,f49af476-f22f-415b-a9a7-4b705651f440,5b0fa12a-3dd7-45bb-9766-cc326314d9f1,17.474526599995443,0.0001365897026803,7.816503748971288e-06,13.33167657152,48.28740675773801,20.0,6.190362241199933e-05,0.0002596154854699,9.149047333331613e-05,0.0004130095812153,0.0,Italy,ITA,lombardy,,,Windows-11-10.0.26200-SP0,3.13.13,3.2.6,32,13th Gen Intel(R) Core(TM) i9-13900HX,1,1 x NVIDIA GeForce RTX 4070 Laptop GPU,9.1922,45.4722,31.70067596435547,machine,8.693333333333333,41.13333333333333,39.04666666666667,12.374017333984376,N,1.0,0.0
2026-05-05T11:06:06,Q96_qwen2.5:14b_MMLU,785cf8eb-9e6a-4cdf-b9a8-7299411355be,5b0fa12a-3dd7-45bb-9766-cc326314d9f1,9.505566899999394,7.097421600769181e-05,7.466594760139591e-06,13.3754605472,49.675989481588296,20.0,3.34491953178559e-05,0.0001311423271359,5.001492777777862e-05,0.0002146064502315,0.0,Italy,ITA,lombardy,,,Windows-11-10.0.26200-SP0,3.13.13,3.2.6,32,13th Gen Intel(R) Core(TM) i9-13900HX,1,1 x NVIDIA GeForce RTX 4070 Laptop GPU,9.1922,45.4722,31.70067596435547,machine,7.142857142857143,49.0,38.92857142857143,12.34612328665597,N,1.0,0.0
2026-05-05T11:06:59,Q97_qwen2.5:14b_GSM8K,c7640578-2ac6-43be-be9c-4e71f4131d6d,5b0fa12a-3dd7-45bb-9766-cc326314d9f1,18.11558200001309,0.0001373551346447,7.5821541170805e-06,13.35674672384,51.36331569231552,20.0,6.366701937528223e-05,0.00025660159417,9.505542277782096e-05,0.0004153240363231,0.0,Italy,ITA,lombardy,,,Windows-11-10.0.26200-SP0,3.13.13,3.2.6,32,13th Gen Intel(R) Core(TM) i9-13900HX,1,1 x NVIDIA GeForce RTX 4070 Laptop GPU,9.1922,45.4722,31.70067596435547,machine,0.0,39.5625,39.15625,12.407224655151367,N,1.0,0.0
2026-05-05T11:08:16,Q98_qwen2.5:14b_HumanEval,a96cdcbf-4087-4c76-a35c-e0a8d6d3f4eb,5b0fa12a-3dd7-45bb-9766-cc326314d9f1,31.84673930000281,0.0003020985478317,9.486011895471004e-06,13.127094219200004,64.20674943024154,20.0,0.0001653868068392,0.0004962501192219,0.0002518257455555,0.0009134626716168,0.0,Italy,ITA,lombardy,,,Windows-11-10.0.26200-SP0,3.13.13,3.2.6,32,13th Gen Intel(R) Core(TM) i9-13900HX,1,1 x NVIDIA GeForce RTX 4070 Laptop GPU,9.1922,45.4722,31.70067596435547,machine,0.0,37.8,39.1,12.396311060587566,N,1.0,0.0
2026-05-05T11:09:19,Q99_qwen2.5:14b_HellaSwag,03f34c2b-34d0-400e-8282-e30e47598c16,5b0fa12a-3dd7-45bb-9766-cc326314d9f1,6.844250699999975,4.903300627119679e-05,7.16411604723903e-06,13.4414652416,47.07262248548703,20.0,2.3657749842584072e-05,8.94042381900384e-05,3.520029666671892e-05,0.0001482622846993,0.0,Italy,ITA,lombardy,,,Windows-11-10.0.26200-SP0,3.13.13,3.2.6,32,13th Gen Intel(R) Core(TM) i9-13900HX,1,1 x NVIDIA GeForce RTX 4070 Laptop GPU,9.1922,45.4722,31.70067596435547,machine,0.0,45.2,39.1,12.382916259765626,N,1.0,0.0
2026-05-05T11:09:58,Q100_qwen2.5:14b_GSM8K,16d63735-85f2-412f-86d6-a9f806542028,5b0fa12a-3dd7-45bb-9766-cc326314d9f1,14.097205099998972,0.0001096479658241,7.777993229605402e-06,13.258629437046157,52.597776426512034,20.0,5.006922969415656e-05,0.000205949609204,7.552636222228305e-05,0.0003315452011204,0.0,Italy,ITA,lombardy,,,Windows-11-10.0.26200-SP0,3.13.13,3.2.6,32,13th Gen Intel(R) Core(TM) i9-13900HX,1,1 x NVIDIA GeForce RTX 4070 Laptop GPU,9.1922,45.4722,31.70067596435547,machine,0.0,39.333333333333336,39.1,12.38611380259196,N,1.0,0.0
2026-05-05T11:10:50,Q101_qwen2.5:14b_SQuAD,5d072b8c-7a72-47e8-9620-628dfb1d2f2a,5b0fa12a-3dd7-45bb-9766-cc326314d9f1,7.418666099998518,5.3997081352799766e-05,7.278543153844133e-06,13.358619392000003,48.143889342809054,20.0,2.5662809558823227e-05,9.9188968240016e-05,3.842050055552843e-05,0.0001632722783543,0.0,Italy,ITA,lombardy,,,Windows-11-10.0.26200-SP0,3.13.13,3.2.6,32,13th Gen Intel(R) Core(TM) i9-13900HX,1,1 x NVIDIA GeForce RTX 4070 Laptop GPU,9.1922,45.4722,31.70067596435547,machine,0.0,39.4,39.1,12.407484436035157,N,1.0,0.0
2026-05-05T11:11:24,Q102_qwen2.5:14b_HellaSwag,7cf14549-b097-4a0b-81d6-8349be5427c5,5b0fa12a-3dd7-45bb-9766-cc326314d9f1,8.286723400000483,5.846839463414534e-05,7.055671079131461e-06,13.423496367542857,45.41311294930151,20.0,2.902631042095112e-05,0.0001045198058379,4.3246179999955024e-05,0.0001767922962588,0.0,Italy,ITA,lombardy,,,Windows-11-10.0.26200-SP0,3.13.13,3.2.6,32,13th Gen Intel(R) Core(TM) i9-13900HX,1,1 x NVIDIA GeForce RTX 4070 Laptop GPU,9.1922,45.4722,31.70067596435547,machine,0.0,52.16666666666666,39.1,12.401153564453123,N,1.0,0.0
2026-05-05T11:11:56,Q103_qwen2.5:14b_SQuAD,b8293e49-1b9e-4e85-9feb-086a5f244057,5b0fa12a-3dd7-45bb-9766-cc326314d9f1,7.43093869999575,5.417976120438787e-05,7.291105927763724e-06,13.404552396800002,48.23024284295243,20.0,2.5797166089936245e-05,9.953813518598364e-05,3.848935055551313e-05,0.0001638246518314,0.0,Italy,ITA,lombardy,,,Windows-11-10.0.26200-SP0,3.13.13,3.2.6,32,13th Gen Intel(R) Core(TM) i9-13900HX,1,1 x NVIDIA GeForce RTX 4070 Laptop GPU,9.1922,45.4722,31.70067596435547,machine,0.0,47.0,39.0,12.361910247802737,N,1.0,0.0
2026-05-05T11:12:28,Q104_qwen2.5:14b_HellaSwag,20141abe-6542-4a50-9b31-2b5539d91980,5b0fa12a-3dd7-45bb-9766-cc326314d9f1,6.754007700001239,4.86819558703458e-05,7.20786206245173e-06,13.5315592256,47.47564435601967,20.0,2.348471114554332e-05,8.900590453803092e-05,3.4710189444498e-05,0.000147200805128,0.0,Italy,ITA,lombardy,,,Windows-11-10.0.26200-SP0,3.13.13,3.2.6,32,13th Gen Intel(R) Core(TM) i9-13900HX,1,1 x NVIDIA GeForce RTX 4070 Laptop GPU,9.1922,45.4722,31.70067596435547,machine,18.0,34.6,39.0,12.364076232910156,N,1.0,0.0
2026-05-05T11:13:20,Q105_qwen2.5:14b_MMLU,8c26b0bb-24c8-4fe0-90aa-e2a4cdf33a39,5b0fa12a-3dd7-45bb-9766-cc326314d9f1,27.40229559999716,0.0002161930334318,7.88959569620435e-06,13.20378066848,54.3663179145123,20.0,9.683169302641884e-05,0.0004102464393079,0.0001466299616667,0.0006537080940011,0.0,Italy,ITA,lombardy,,,Windows-11-10.0.26200-SP0,3.13.13,3.2.6,32,13th Gen Intel(R) Core(TM) i9-13900HX,1,1 x NVIDIA GeForce RTX 4070 Laptop GPU,9.1922,45.4722,31.70067596435547,machine,4.0,41.36,38.996,12.353772735595705,N,1.0,0.0
2026-05-05T11:14:21,Q106_qwen2.5:14b_HellaSwag,2d4fe412-8872-45bc-a865-f3beb009a9d4,5b0fa12a-3dd7-45bb-9766-cc326314d9f1,5.549208500000532,3.79595807773004e-05,6.84053965124878e-06,13.422352378880005,44.07570335443327,20.0,1.881680027403209e-05,6.79253321180795e-05,2.803716833328104e-05,0.0001147793007253,0.0,Italy,ITA,lombardy,,,Windows-11-10.0.26200-SP0,3.13.13,3.2.6,32,13th Gen Intel(R) Core(TM) i9-13900HX,1,1 x NVIDIA GeForce RTX 4070 Laptop GPU,9.1922,45.4722,31.70067596435547,machine,0.0,55.0,39.0,12.35010051727295,N,1.0,0.0
2026-05-05T11:15:06,Q107_qwen2.5:14b_GSM8K,d5752f3b-1dbe-4d96-a127-b0f74a0f6918,5b0fa12a-3dd7-45bb-9766-cc326314d9f1,19.135432900002343,0.0001469043113182,7.677083245827613e-06,13.394797103360002,53.65609665324702,20.0,6.731991142004391e-05,0.000276155498702,0.0001007227022221,0.0004441981123442,0.0,Italy,ITA,lombardy,,,Windows-11-10.0.26200-SP0,3.13.13,3.2.6,32,13th Gen Intel(R) Core(TM) i9-13900HX,1,1 x NVIDIA GeForce RTX 4070 Laptop GPU,9.1922,45.4722,31.70067596435547,machine,10.588235294117649,39.05882352941177,39.16470588235295,12.406990948845358,N,1.0,0.0
2026-05-05T11:16:10,Q108_qwen2.5:14b_HellaSwag,e3766d6c-9c29-4636-9ca2-d3c097615266,5b0fa12a-3dd7-45bb-9766-cc326314d9f1,8.940156099997694,6.547693499907809e-05,7.323914064441781e-06,13.3099990832,48.2910886963116,20.0,3.119717079336057e-05,0.000119910095928,4.687692222222621e-05,0.0001979841889436,0.0,Italy,ITA,lombardy,,,Windows-11-10.0.26200-SP0,3.13.13,3.2.6,32,13th Gen Intel(R) Core(TM) i9-13900HX,1,1 x NVIDIA GeForce RTX 4070 Laptop GPU,9.1922,45.4722,31.70067596435547,machine,0.0,49.285714285714285,39.2,12.435636792864118,N,1.0,0.0
2026-05-05T11:16:48,Q109_qwen2.5:14b_GSM8K,9335082a-dcba-439d-a9fb-028d76bae0db,5b0fa12a-3dd7-45bb-9766-cc326314d9f1,12.885203199999523,9.83691764714637e-05,7.634274364525919e-06,13.1802840128,51.21901406892086,20.0,4.533733628667497e-05,0.0001833090355359,6.87948816666095e-05,0.0002974412534892,0.0,Italy,ITA,lombardy,,,Windows-11-10.0.26200-SP0,3.13.13,3.2.6,32,13th Gen Intel(R) Core(TM) i9-13900HX,1,1 x NVIDIA GeForce RTX 4070 Laptop GPU,9.1922,45.4722,31.70067596435547,machine,9.090909090909092,47.54545454545455,39.11818181818182,12.40757231278853,N,1.0,0.0
2026-05-05T11:17:52,Q110_qwen2.5:14b_HellaSwag,df833056-571f-43ca-af7e-53f380629ce0,5b0fa12a-3dd7-45bb-9766-cc326314d9f1,29.2273453999951,0.0002328931924251,7.968332027348365e-06,13.250681449417144,55.057015849952,20.0,0.0001039157480888,0.0004434947992399,0.0001567942205554,0.0007042047678842,0.0,Italy,ITA,lombardy,,,Windows-11-10.0.26200-SP0,3.13.13,3.2.6,32,13th Gen Intel(R) Core(TM) i9-13900HX,1,1 x NVIDIA GeForce RTX 4070 Laptop GPU,9.1922,45.4722,31.70067596435547,machine,0.3074074074074074,42.18518518518518,39.1,12.399797510217738,N,1.0,0.0
2026-05-05T11:19:14,Q111_qwen2.5:14b_MMLU,362c761c-3111-4b82-9364-0c411882c42f,5b0fa12a-3dd7-45bb-9766-cc326314d9f1,16.36890560000029,0.0001237170277534,7.558051269683123e-06,13.51506589952,49.78943316781967,20.0,5.956632997732237e-05,0.0002263726810979,8.814715222219497e-05,0.0003740861632974,0.0,Italy,ITA,lombardy,,,Windows-11-10.0.26200-SP0,3.13.13,3.2.6,32,13th Gen Intel(R) Core(TM) i9-13900HX,1,1 x NVIDIA GeForce RTX 4070 Laptop GPU,9.1922,45.4722,31.70067596435547,machine,0.0,37.85714285714285,39.10714285714285,12.39692497253418,N,1.0,0.0
2026-05-05T11:20:09,Q112_qwen2.5:14b_HellaSwag,d3a72bbb-af9d-451c-855f-8384daa7eeec,5b0fa12a-3dd7-45bb-9766-cc326314d9f1,9.977402400007122,7.546106027032787e-05,7.5631970371641025e-06,13.445991936,50.57477536396588,20.0,3.538867686578815e-05,0.00014014733434,5.26374183333246e-05,0.0002281734295391,0.0,Italy,ITA,lombardy,,,Windows-11-10.0.26200-SP0,3.13.13,3.2.6,32,13th Gen Intel(R) Core(TM) i9-13900HX,1,1 x NVIDIA GeForce RTX 4070 Laptop GPU,9.1922,45.4722,31.70067596435547,machine,0.0,54.625,39.1,12.397937774658203,N,1.0,0.0
2026-05-05T11:21:07,Q113_qwen2.5:14b_MMLU,7bff7e88-dd68-4744-ac90-9e4632c4f717,5b0fa12a-3dd7-45bb-9766-cc326314d9f1,23.38480010000057,0.0001814655141045,7.759977135938653e-06,13.15485491312,53.72095183397066,20.0,8.191227709409662e-05,0.000342455273964,0.0001243341044444,0.0005487016555025,0.0,Italy,ITA,lombardy,,,Windows-11-10.0.26200-SP0,3.13.13,3.2.6,32,13th Gen Intel(R) Core(TM) i9-13900HX,1,1 x NVIDIA GeForce RTX 4070 Laptop GPU,9.1922,45.4722,31.70067596435547,machine,0.0,42.80952380952381,39.3,12.456456320626396,N,1.0,0.0
2026-05-05T11:22:21,Q114_qwen2.5:14b_GSM8K,f3a9aff5-fe72-40bd-ab14-ec186a6be97c,5b0fa12a-3dd7-45bb-9766-cc326314d9f1,18.462852600001497,0.0001416297839594,7.671067252058663e-06,13.5588570752,51.483781077811656,20.0,6.6303184674888e-05,0.000264962156414,9.698405555552908e-05,0.0004282493966444,0.0,Italy,ITA,lombardy,,,Windows-11-10.0.26200-SP0,3.13.13,3.2.6,32,13th Gen Intel(R) Core(TM) i9-13900HX,1,1 x NVIDIA GeForce RTX 4070 Laptop GPU,9.1922,45.4722,31.70067596435547,machine,0.0,36.0,39.25625,12.440661191940308,N,1.0,0.0
2026-05-05T11:23:29,Q115_qwen2.5:14b_HellaSwag,3633a2e3-d977-423d-9c88-ada3460a05b6,5b0fa12a-3dd7-45bb-9766-cc326314d9f1,22.18456109998806,0.0001724236694107,7.772237126245937e-06,13.517863272594289,53.24666601347784,20.0,7.980857065951733e-05,0.000323887203554,0.0001176658372221,0.0005213616114357,0.0,Italy,ITA,lombardy,,,Windows-11-10.0.26200-SP0,3.13.13,3.2.6,32,13th Gen Intel(R) Core(TM) i9-13900HX,1,1 x NVIDIA GeForce RTX 4070 Laptop GPU,9.1922,45.4722,31.70067596435547,machine,3.335,39.7,39.2,12.425259399414063,N,1.0,0.0
2026-05-05T11:25:02,Q116_qwen2.5:14b_HumanEval,6373f92d-c003-46ab-ad0f-f5334bb404f5,5b0fa12a-3dd7-45bb-9766-cc326314d9f1,37.91697029999341,0.0003081549489022,8.127098406444577e-06,13.25002612304,57.25221288336672,20.0,0.0001342143170279,0.0005953260318159,0.0002022352088889,0.0009317755577328,0.0,Italy,ITA,lombardy,,,Windows-11-10.0.26200-SP0,3.13.13,3.2.6,32,13th Gen Intel(R) Core(TM) i9-13900HX,1,1 x NVIDIA GeForce RTX 4070 Laptop GPU,9.1922,45.4722,31.70067596435547,machine,0.0,41.22222222222222,39.19166666666667,12.421548207600912,N,1.0,0.0
2026-05-05T11:26:43,Q117_qwen2.5:14b_HumanEval,67d20acd-8b17-47a7-8e82-3b19d1867f0a,5b0fa12a-3dd7-45bb-9766-cc326314d9f1,35.24508629999764,0.0002835730129716,8.045746024225248e-06,13.30075108928,55.90117348104235,20.0,0.0001249066430074,0.000545123491654,0.0001874164299998,0.0008574465646613,0.0,Italy,ITA,lombardy,,,Windows-11-10.0.26200-SP0,3.13.13,3.2.6,32,13th Gen Intel(R) Core(TM) i9-13900HX,1,1 x NVIDIA GeForce RTX 4070 Laptop GPU,9.1922,45.4722,31.70067596435547,machine,1.818181818181818,39.66666666666666,39.2,12.430149887547348,N,1.0,0.0
2026-05-05T11:28:10,Q118_qwen2.5:14b_GSM8K,f2f94e08-a30d-4a1d-bcc6-6bcae46a93e1,5b0fa12a-3dd7-45bb-9766-cc326314d9f1,31.21726079999644,0.0002514658230362,8.05534555537659e-06,13.21851146696,55.61347079414287,20.0,0.0001109418269176,0.000481574274148,0.0001678471783333,0.000760363279399,0.0,Italy,ITA,lombardy,,,Windows-11-10.0.26200-SP0,3.13.13,3.2.6,32,13th Gen Intel(R) Core(TM) i9-13900HX,1,1 x NVIDIA GeForce RTX 4070 Laptop GPU,9.1922,45.4722,31.70067596435547,machine,5.641379310344828,40.793103448275865,39.15172413793104,12.410996667270002,N,1.0,0.0
2026-05-05T11:29:35,Q119_qwen2.5:14b_MMLU,9f6fd663-8e86-4ee6-80bb-0c47191478ee,5b0fa12a-3dd7-45bb-9766-cc326314d9f1,29.375216800006456,0.0002363729366594,8.046678881340862e-06,13.577914859702858,55.367504851075765,20.0,0.0001070965372846,0.0004500231377959,0.0001576068794444,0.000714726554525,0.0,Italy,ITA,lombardy,,,Windows-11-10.0.26200-SP0,3.13.13,3.2.6,32,13th Gen Intel(R) Core(TM) i9-13900HX,1,1 x NVIDIA GeForce RTX 4070 Laptop GPU,9.1922,45.4722,31.70067596435547,machine,3.703703703703704,39.48148148148148,39.129629629629626,12.408954761646411,N,1.0,0.0
2026-05-05T11:30:34,Q120_qwen2.5:14b_SQuAD,1ebabd5b-ed75-46fe-8c21-d8c423804558,5b0fa12a-3dd7-45bb-9766-cc326314d9f1,3.9651797999977134,2.7330104095438643e-05,6.892525805627882e-06,12.983847065600004,46.237977636270266,20.0,1.2488679204727976e-05,5.0913651842010577e-05,1.9236364444400856e-05,8.26386954911394e-05,0.0,Italy,ITA,lombardy,,,Windows-11-10.0.26200-SP0,3.13.13,3.2.6,32,13th Gen Intel(R) Core(TM) i9-13900HX,1,1 x NVIDIA GeForce RTX 4070 Laptop GPU,9.1922,45.4722,31.70067596435547,machine,0.0,75.5,39.2,12.415382385253906,N,1.0,0.0
2026-05-05T11:31:11,Q121_qwen2.5:14b_MMLU,7aa527c9-739c-414c-bbe4-03a8f3351fea,5b0fa12a-3dd7-45bb-9766-cc326314d9f1,22.09176209999714,0.0001727103046673,7.817860064107445e-06,13.243406945462858,53.51741500116245,20.0,7.757407814746566e-05,0.000327513317566,0.0001171409216666,0.0005222283173801,0.0,Italy,ITA,lombardy,,,Windows-11-10.0.26200-SP0,3.13.13,3.2.6,32,13th Gen Intel(R) Core(TM) i9-13900HX,1,1 x NVIDIA GeForce RTX 4070 Laptop GPU,9.1922,45.4722,31.70067596435547,machine,5.0,42.65,39.155,12.403930282592771,N,1.0,0.0
2026-05-05T11:32:01,Q122_qwen2.5:14b_SQuAD,994dada3-e75b-4269-a568-af097ebc98ec,5b0fa12a-3dd7-45bb-9766-cc326314d9f1,4.282674300004146,2.8287366342097983e-05,6.605070654583889e-06,13.2824406656,42.5331808772831,20.0,1.3947521986259725e-05,5.058504046800971e-05,2.100063000002087e-05,8.55331924542903e-05,0.0,Italy,ITA,lombardy,,,Windows-11-10.0.26200-SP0,3.13.13,3.2.6,32,13th Gen Intel(R) Core(TM) i9-13900HX,1,1 x NVIDIA GeForce RTX 4070 Laptop GPU,9.1922,45.4722,31.70067596435547,machine,0.0,69.5,39.1,12.3826904296875,N,1.0,0.0
2026-05-05T11:32:45,Q123_qwen2.5:14b_HumanEval,914cfc78-fcce-4c66-bc25-9e5fff0c7aba,5b0fa12a-3dd7-45bb-9766-cc326314d9f1,28.996697399998084,0.0002282718911314,7.872341045690636e-06,13.347974180205716,53.90264193915607,20.0,0.0001038954701397,0.0004308611780219,0.0001554745794444,0.0006902312276062,0.0,Italy,ITA,lombardy,,,Windows-11-10.0.26200-SP0,3.13.13,3.2.6,32,13th Gen Intel(R) Core(TM) i9-13900HX,1,1 x NVIDIA GeForce RTX 4070 Laptop GPU,9.1922,45.4722,31.70067596435547,machine,7.407407407407407,39.51851851851852,39.06296296296296,12.38132377907082,N,1.0,0.0
2026-05-05T11:33:44,Q124_qwen2.5:14b_SQuAD,bc9f14aa-a3fa-455d-95bc-c3bf0c88afe4,5b0fa12a-3dd7-45bb-9766-cc326314d9f1,3.645185899993521,2.2541973955599588e-05,6.184039600186003e-06,12.9329660672,38.926788926649806,20.0,1.1291870389000624e-05,3.940753152592569e-05,1.7461308888838784e-05,6.81607108037651e-05,0.0,Italy,ITA,lombardy,,,Windows-11-10.0.26200-SP0,3.13.13,3.2.6,32,13th Gen Intel(R) Core(TM) i9-13900HX,1,1 x NVIDIA GeForce RTX 4070 Laptop GPU,9.1922,45.4722,31.70067596435547,machine,0.0,34.0,39.05,12.379619598388672,N,1.0,0.0
2026-05-05T11:34:03,Q125_qwen2.5:14b_SQuAD,14699f5f-baae-469e-ac09-3a234799c3bc,5b0fa12a-3dd7-45bb-9766-cc326314d9f1,4.232802700003958,2.593688519968748e-05,6.127591347374452e-06,13.048914944000002,37.58463406190575,20.0,1.352121498334812e-05,4.418170201203608e-05,2.072306888892652e-05,7.842598588431072e-05,0.0,Italy,ITA,lombardy,,,Windows-11-10.0.26200-SP0,3.13.13,3.2.6,32,13th Gen Intel(R) Core(TM) i9-13900HX,1,1 x NVIDIA GeForce RTX 4070 Laptop GPU,9.1922,45.4722,31.70067596435547,machine,0.0,38.5,39.0,12.373964309692385,N,1.0,0.0
2026-05-05T11:34:55,Q126_qwen2.5:14b_HumanEval,4a8ef33d-9cfd-4b0a-83a8-fb17c15d410a,5b0fa12a-3dd7-45bb-9766-cc326314d9f1,37.26022389999707,0.0002951984507569,7.922616126763707e-06,13.244343535565712,55.05156363336855,20.0,0.0001316742700128,0.000562308505402,0.0001986159061111,0.000892598681526,0.0,Italy,ITA,lombardy,,,Windows-11-10.0.26200-SP0,3.13.13,3.2.6,32,13th Gen Intel(R) Core(TM) i9-13900HX,1,1 x NVIDIA GeForce RTX 4070 Laptop GPU,9.1922,45.4722,31.70067596435547,machine,6.531428571428571,38.885714285714286,39.30857142857143,12.464688328334264,N,1.0,0.0
2026-05-05T11:35:54,Q127_qwen2.5:14b_SQuAD,565470c1-0856-4303-acab-ff6017a135eb,5b0fa12a-3dd7-45bb-9766-cc326314d9f1,3.776766199996928,2.478138823694001e-05,6.561536225610199e-06,13.0313131136,42.81221174154003,20.0,1.1851005910140713e-05,4.489336924801135e-05,1.818770666666549e-05,7.493208182481756e-05,0.0,Italy,ITA,lombardy,,,Windows-11-10.0.26200-SP0,3.13.13,3.2.6,32,13th Gen Intel(R) Core(TM) i9-13900HX,1,1 x NVIDIA GeForce RTX 4070 Laptop GPU,9.1922,45.4722,31.70067596435547,machine,0.0,66.0,39.150000000000006,12.41086769104004,N,1.0,0.0
2026-05-05T11:36:27,Q128_qwen2.5:14b_GSM8K,01f47c9d-7850-413c-acf3-a45dcc848350,5b0fa12a-3dd7-45bb-9766-cc326314d9f1,17.710185600008117,0.0001342659910623,7.581286503417671e-06,13.073667722240003,53.26996462801362,20.0,6.13714140849369e-05,0.0002517999236619,9.281198055557778e-05,0.0004059833183024,0.0,Italy,ITA,lombardy,,,Windows-11-10.0.26200-SP0,3.13.13,3.2.6,32,13th Gen Intel(R) Core(TM) i9-13900HX,1,1 x NVIDIA GeForce RTX 4070 Laptop GPU,9.1922,45.4722,31.70067596435547,machine,0.0,42.8125,39.2,12.418947219848633,N,1.0,0.0
2026-05-05T11:37:32,Q129_qwen2.5:14b_GSM8K,ad8bf0d2-ecce-410b-88b2-58b5a75248db,5b0fa12a-3dd7-45bb-9766-cc326314d9f1,20.019063800005824,0.0001566113178318,7.82310898234061e-06,13.40412307328,55.04577353300756,20.0,7.14984856860837e-05,0.0002964155149099,0.0001056354216666,0.0004735494222626,0.0,Italy,ITA,lombardy,,,Windows-11-10.0.26200-SP0,3.13.13,3.2.6,32,13th Gen Intel(R) Core(TM) i9-13900HX,1,1 x NVIDIA GeForce RTX 4070 Laptop GPU,9.1922,45.4722,31.70067596435547,machine,0.0,39.77777777777778,39.17777777777778,12.41526985168457,N,1.0,0.0
2026-05-05T11:38:23,Q130_qwen2.5:14b_HellaSwag,77dcaba1-bb6e-453a-9c9d-a676fb4a98d2,5b0fa12a-3dd7-45bb-9766-cc326314d9f1,5.365278600002057,3.611727926573018e-05,6.731668932479357e-06,14.518665689600002,41.999341596180784,20.0,1.9612284663563305e-05,6.258060561997736e-05,2.7015798888896823e-05,0.0001092086891724,0.0,Italy,ITA,lombardy,,,Windows-11-10.0.26200-SP0,3.13.13,3.2.6,32,13th Gen Intel(R) Core(TM) i9-13900HX,1,1 x NVIDIA GeForce RTX 4070 Laptop GPU,9.1922,45.4722,31.70067596435547,machine,0.0,65.0,39.3,12.458160400390623,N,1.0,0.0
2026-05-05T11:38:59,Q131_qwen2.5:14b_HellaSwag,2e0dffa0-9b34-4d00-89cf-4120d51797fc,5b0fa12a-3dd7-45bb-9766-cc326314d9f1,11.176273899996886,8.603094084778449e-05,7.697640700073436e-06,13.40183046656,51.89612628953847,20.0,3.9736625382610586e-05,0.000161097628878,5.929957833327029e-05,0.0002601338325938,0.0,Italy,ITA,lombardy,,,Windows-11-10.0.26200-SP0,3.13.13,3.2.6,32,13th Gen Intel(R) Core(TM) i9-13900HX,1,1 x NVIDIA GeForce RTX 4070 Laptop GPU,9.1922,45.4722,31.70067596435547,machine,0.0,35.111111111111114,39.21111111111112,12.436035580105251,N,1.0,0.0
2026-05-05T11:40:07,Q132_qwen2.5:14b_MMLU,bcd86502-02ac-49a7-a91b-f5e3ad929458,5b0fa12a-3dd7-45bb-9766-cc326314d9f1,32.5686313000042,0.0002556862994307,7.850692191374727e-06,13.2421396184,52.095741625109866,20.0,0.0001152309030355,0.0004853420549399,0.0001725518777778,0.0007731248357534,0.0,Italy,ITA,lombardy,,,Windows-11-10.0.26200-SP0,3.13.13,3.2.6,32,13th Gen Intel(R) Core(TM) i9-13900HX,1,1 x NVIDIA GeForce RTX 4070 Laptop GPU,9.1922,45.4722,31.70067596435547,machine,0.0,41.7,39.2,12.41729113260905,N,1.0,0.0
2026-05-05T11:41:19,Q133_qwen2.5:14b_MMLU,8f41f232-c4a9-4990-a63e-5fb5d3d289a0,5b0fa12a-3dd7-45bb-9766-cc326314d9f1,17.33004090000759,0.0001344741817528,7.759599791411099e-06,13.076964076160005,54.09546941068047,20.0,5.988769524569925e-05,0.000256036038162,9.06890961111963e-05,0.0004066128295189,0.0,Italy,ITA,lombardy,,,Windows-11-10.0.26200-SP0,3.13.13,3.2.6,32,13th Gen Intel(R) Core(TM) i9-13900HX,1,1 x NVIDIA GeForce RTX 4070 Laptop GPU,9.1922,45.4722,31.70067596435547,machine,6.666666666666667,39.86666666666667,39.1,12.397069295247396,N,1.0,0.0
2026-05-05T11:42:33,Q134_qwen2.5:14b_HumanEval,9ceb37bb-bb86-4034-b4a3-d63f151c41f2,5b0fa12a-3dd7-45bb-9766-cc326314d9f1,28.477667500003008,0.0002243554228029,7.878293501494147e-06,13.58116307958154,53.82586112743111,20.0,0.0001035445183308,0.0004222278377819,0.0001526165516666,0.0006783889077793,0.0,Italy,ITA,lombardy,,,Windows-11-10.0.26200-SP0,3.13.13,3.2.6,32,13th Gen Intel(R) Core(TM) i9-13900HX,1,1 x NVIDIA GeForce RTX 4070 Laptop GPU,9.1922,45.4722,31.70067596435547,machine,0.0,40.69230769230769,39.17307692307693,12.415549498337963,N,1.0,0.0
2026-05-05T11:43:32,Q135_qwen2.5:14b_SQuAD,d5f1fc94-fbf0-4f55-b4ee-ae8bbf3a8a81,5b0fa12a-3dd7-45bb-9766-cc326314d9f1,3.5064273000025423,1.8550409517790152e-05,5.290401862253555e-06,13.2892876352,29.08250565130394,20.0,1.1087814515575312e-05,2.831752265397558e-05,1.668598388884372e-05,5.609132105839461e-05,0.0,Italy,ITA,lombardy,,,Windows-11-10.0.26200-SP0,3.13.13,3.2.6,32,13th Gen Intel(R) Core(TM) i9-13900HX,1,1 x NVIDIA GeForce RTX 4070 Laptop GPU,9.1922,45.4722,31.70067596435547,machine,0.0,45.0,39.1,12.400970458984377,N,1.0,0.0
2026-05-05T11:44:00,Q136_qwen2.5:14b_MMLU,fd7ec610-fe25-4602-a1b8-5893ac7e6ebe,5b0fa12a-3dd7-45bb-9766-cc326314d9f1,13.618638400002965,0.0001013497119738,7.441985681462091e-06,13.166611584984617,49.06698212168492,20.0,4.797412381718536e-05,0.0001856079262639,7.287152055553936e-05,0.0003064535706367,0.0,Italy,ITA,lombardy,,,Windows-11-10.0.26200-SP0,3.13.13,3.2.6,32,13th Gen Intel(R) Core(TM) i9-13900HX,1,1 x NVIDIA GeForce RTX 4070 Laptop GPU,9.1922,45.4722,31.70067596435547,machine,0.0,45.16666666666666,39.1,12.404919624328612,N,1.0,0.0
2026-05-05T11:44:43,Q137_qwen2.5:14b_SQuAD,997fe0c5-3012-40d9-bd0e-ce45e6184587,5b0fa12a-3dd7-45bb-9766-cc326314d9f1,7.125714299996616,5.247275829626825e-05,7.36385940933573e-06,13.151314822400002,49.3523115263778,20.0,2.419631835066285e-05,9.767091147000472e-05,3.679591611111795e-05,0.0001586631459317,0.0,Italy,ITA,lombardy,,,Windows-11-10.0.26200-SP0,3.13.13,3.2.6,32,13th Gen Intel(R) Core(TM) i9-13900HX,1,1 x NVIDIA GeForce RTX 4070 Laptop GPU,9.1922,45.4722,31.70067596435547,machine,0.0,48.6,39.1,12.394445037841797,N,1.0,0.0
2026-05-05T11:45:18,Q138_qwen2.5:14b_HellaSwag,695f4fb0-1c91-467f-816f-e2556f7bb735,5b0fa12a-3dd7-45bb-9766-cc326314d9f1,10.515731999999844,8.067338136912193e-05,7.671684802267985e-06,13.164976563200002,51.93240677747384,20.0,3.661973098923591e-05,0.0001516831769019,5.563114277772708e-05,0.0002439340506689,0.0,Italy,ITA,lombardy,,,Windows-11-10.0.26200-SP0,3.13.13,3.2.6,32,13th Gen Intel(R) Core(TM) i9-13900HX,1,1 x NVIDIA GeForce RTX 4070 Laptop GPU,9.1922,45.4722,31.70067596435547,machine,0.0,40.75,39.2,12.435580253601074,N,1.0,0.0
2026-05-05T11:46:06,Q139_qwen2.5:14b_HellaSwag,fd7056af-232f-4cfb-b50b-4227660c7982,5b0fa12a-3dd7-45bb-9766-cc326314d9f1,12.746478300003218,9.69776691603328e-05,7.608193171309782e-06,13.1118090656,51.03385007233953,20.0,4.458558639634633e-05,0.000180640700068,6.800743277781294e-05,0.0002932337192421,0.0,Italy,ITA,lombardy,,,Windows-11-10.0.26200-SP0,3.13.13,3.2.6,32,13th Gen Intel(R) Core(TM) i9-13900HX,1,1 x NVIDIA GeForce RTX 4070 Laptop GPU,9.1922,45.4722,31.70067596435547,machine,0.0,38.27272727272727,39.23636363636364,12.44231449473988,N,1.0,0.0
2026-05-05T11:47:19,Q140_qwen2.5:14b_HumanEval,b27a292d-b225-4e86-acdd-4e0cae27d4fc,5b0fa12a-3dd7-45bb-9766-cc326314d9f1,37.39168069999141,0.0003006480565776,8.040506630066564e-06,13.24980458566857,56.12641300741751,20.0,0.0001323699981998,0.000577358517442,0.0001993482705554,0.0009090767861973,0.0,Italy,ITA,lombardy,,,Windows-11-10.0.26200-SP0,3.13.13,3.2.6,32,13th Gen Intel(R) Core(TM) i9-13900HX,1,1 x NVIDIA GeForce RTX 4070 Laptop GPU,9.1922,45.4722,31.70067596435547,machine,2.857142857142857,40.48571428571429,39.26285714285714,12.443528420584542,N,1.0,0.0
2026-05-05T11:48:33,Q141_qwen2.5:14b_GSM8K,a34ba48c-1356-439a-838b-2b454b10d74e,5b0fa12a-3dd7-45bb-9766-cc326314d9f1,18.8781561999931,0.0001451620341065,7.689418000822439e-06,13.367100096320002,54.30457044400883,20.0,6.711195587184934e-05,0.000272539940254,9.92780505555048e-05,0.0004389299466813,0.0,Italy,ITA,lombardy,,,Windows-11-10.0.26200-SP0,3.13.13,3.2.6,32,13th Gen Intel(R) Core(TM) i9-13900HX,1,1 x NVIDIA GeForce RTX 4070 Laptop GPU,9.1922,45.4722,31.70067596435547,machine,0.0,39.64705882352941,39.2,12.417393403894762,N,1.0,0.0
2026-05-05T11:49:55,Q142_qwen2.5:14b_HumanEval,d4741c8b-e1c3-47fd-8eb5-fce532a3d81c,5b0fa12a-3dd7-45bb-9766-cc326314d9f1,37.22399480000604,0.0002966125234086,7.968315195677054e-06,13.165640014445716,55.59808003728116,20.0,0.0001306853101404,0.0005677754542199,0.0001984136827778,0.0008968744471383,0.0,Italy,ITA,lombardy,,,Windows-11-10.0.26200-SP0,3.13.13,3.2.6,32,13th Gen Intel(R) Core(TM) i9-13900HX,1,1 x NVIDIA GeForce RTX 4070 Laptop GPU,9.1922,45.4722,31.70067596435547,machine,4.571428571428571,39.42857142857143,39.14,12.409668949672154,N,1.0,0.0
2026-05-05T11:51:16,Q143_qwen2.5:14b_MMLU,cfeec3c1-433b-4ebd-8717-fadcfc3916c6,5b0fa12a-3dd7-45bb-9766-cc326314d9f1,15.56178020000516,0.000116330247383,7.475381729335156e-06,13.287499451428571,49.164025230841325,20.0,5.558281161674764e-05,0.000212506836672,8.366092888892228e-05,0.0003517505771776,0.0,Italy,ITA,lombardy,,,Windows-11-10.0.26200-SP0,3.13.13,3.2.6,32,13th Gen Intel(R) Core(TM) i9-13900HX,1,1 x NVIDIA GeForce RTX 4070 Laptop GPU,9.1922,45.4722,31.70067596435547,machine,0.0,40.61538461538461,39.2,12.41745846088116,N,1.0,0.0
2026-05-05T11:52:07,Q144_qwen2.5:14b_GSM8K,e6369dcf-c701-42ca-b9b3-e0d274bcefd3,5b0fa12a-3dd7-45bb-9766-cc326314d9f1,15.712838299994472,0.0001212341637993,7.715612003681235e-06,13.418465776640002,51.64385161578861,20.0,5.669353787182222e-05,0.0002253851803079,8.449994944441844e-05,0.0003665786676241,0.0,Italy,ITA,lombardy,,,Windows-11-10.0.26200-SP0,3.13.13,3.2.6,32,13th Gen Intel(R) Core(TM) i9-13900HX,1,1 x NVIDIA GeForce RTX 4070 Laptop GPU,9.1922,45.4722,31.70067596435547,machine,0.0,38.92857142857143,39.10714285714285,12.40712765284947,N,1.0,0.0
2026-05-05T11:53:21,Q145_qwen2.5:14b_GSM8K,4f21072d-fc3d-4a2d-aa8a-e4ca9c88cd31,5b0fa12a-3dd7-45bb-9766-cc326314d9f1,28.49914249998983,0.0002273055798917,7.975874358038033e-06,13.535373548406156,54.69495408087003,20.0,0.0001033562740006,0.000431229789428,0.0001527233055555,0.0006873093689842,0.0,Italy,ITA,lombardy,,,Windows-11-10.0.26200-SP0,3.13.13,3.2.6,32,13th Gen Intel(R) Core(TM) i9-13900HX,1,1 x NVIDIA GeForce RTX 4070 Laptop GPU,9.1922,45.4722,31.70067596435547,machine,7.3076923076923075,42.07692307692308,39.1,12.40199089050293,N,1.0,0.0
2026-05-05T11:54:38,Q146_qwen2.5:14b_GSM8K,32f1300d-26a2-401f-a03b-44fdb871a697,5b0fa12a-3dd7-45bb-9766-cc326314d9f1,22.41653149999911,0.0001710965306609,7.632605011215722e-06,13.301903823542858,52.74353421484669,20.0,7.94961281679936e-05,0.0003189085884599,0.0001189439933333,0.0005173487099612,0.0,Italy,ITA,lombardy,,,Windows-11-10.0.26200-SP0,3.13.13,3.2.6,32,13th Gen Intel(R) Core(TM) i9-13900HX,1,1 x NVIDIA GeForce RTX 4070 Laptop GPU,9.1922,45.4722,31.70067596435547,machine,1.0,41.95,39.1,12.403956604003906,N,1.0,0.0
2026-05-05T11:55:44,Q147_qwen2.5:14b_HumanEval,2ae4e883-5e23-4b9b-ae39-93a9b84ec0b4,5b0fa12a-3dd7-45bb-9766-cc326314d9f1,20.223969499988016,0.0001563781811168,7.732318876217872e-06,13.15420149248,53.83914517877882,20.0,7.048378689144053e-05,0.0002956007920359,0.000106759902222,0.0004728444811495,0.0,Italy,ITA,lombardy,,,Windows-11-10.0.26200-SP0,3.13.13,3.2.6,32,13th Gen Intel(R) Core(TM) i9-13900HX,1,1 x NVIDIA GeForce RTX 4070 Laptop GPU,9.1922,45.4722,31.70067596435547,machine,0.0,41.333333333333336,39.1,12.403104146321615,N,1.0,0.0
2026-05-05T11:56:36,Q148_qwen2.5:14b_SQuAD,346b3fee-0496-4729-b8b7-692e8bf0c3b6,5b0fa12a-3dd7-45bb-9766-cc326314d9f1,7.194237200004864,4.9322267910389965e-05,6.855802295531293e-06,13.3692801152,43.58985627334078,20.0,2.485450408579097e-05,8.710173634796092e-05,3.718069166667798e-05,0.0001491369321004,0.0,Italy,ITA,lombardy,,,Windows-11-10.0.26200-SP0,3.13.13,3.2.6,32,13th Gen Intel(R) Core(TM) i9-13900HX,1,1 x NVIDIA GeForce RTX 4070 Laptop GPU,9.1922,45.4722,31.70067596435547,machine,0.0,44.8,39.1,12.407671356201172,N,1.0,0.0
2026-05-05T11:57:14,Q149_qwen2.5:14b_SQuAD,6fd08a92-a4d9-44e1-83d2-821829152554,5b0fa12a-3dd7-45bb-9766-cc326314d9f1,12.774130000005243,9.608418166440578e-05,7.52177891287832e-06,13.547400329600002,49.65696805565559,20.0,4.6178126364565646e-05,0.0001761820853899,6.817184777780009e-05,0.0002905320595323,0.0,Italy,ITA,lombardy,,,Windows-11-10.0.26200-SP0,3.13.13,3.2.6,32,13th Gen Intel(R) Core(TM) i9-13900HX,1,1 x NVIDIA GeForce RTX 4070 Laptop GPU,9.1922,45.4722,31.70067596435547,machine,0.0,38.09090909090909,39.18181818181818,12.412992304021662,N,1.0,0.0
2026-05-05T11:58:14,Q150_qwen2.5:14b_HumanEval,4c3a3b8b-2e1a-4b25-9066-23e4ce48dba2,5b0fa12a-3dd7-45bb-9766-cc326314d9f1,24.857448899987503,0.0001917563356186,7.714240362724803e-06,13.17576661952,53.19889908708289,20.0,8.741865135263197e-05,0.000359890287912,0.0001325093216665,0.0005798182609312,0.0,Italy,ITA,lombardy,,,Windows-11-10.0.26200-SP0,3.13.13,3.2.6,32,13th Gen Intel(R) Core(TM) i9-13900HX,1,1 x NVIDIA GeForce RTX 4070 Laptop GPU,9.1922,45.4722,31.70067596435547,machine,4.3478260869565215,39.91304347826087,39.10869565217392,12.405216880466629,N,1.0,0.0
2026-05-05T11:59:09,Q151_qwen2.5:14b_SQuAD,0a940e8d-811a-4517-9e57-6d8ea0df96d9,5b0fa12a-3dd7-45bb-9766-cc326314d9f1,8.52685590001056,6.10713835216382e-05,7.16223942773122e-06,13.127333443657143,46.79135043367548,20.0,2.926233515997042e-05,0.000110819255322,4.458142611110816e-05,0.0001846630165931,0.0,Italy,ITA,lombardy,,,Windows-11-10.0.26200-SP0,3.13.13,3.2.6,32,13th Gen Intel(R) Core(TM) i9-13900HX,1,1 x NVIDIA GeForce RTX 4070 Laptop GPU,9.1922,45.4722,31.70067596435547,machine,0.0,52.66666666666666,39.11666666666667,12.407294591267904,N,1.0,0.0
2026-05-05T12:00:02,Q152_qwen2.5:14b_GSM8K,4e9c036f-460c-4e97-80f9-8fa17568ac49,5b0fa12a-3dd7-45bb-9766-cc326314d9f1,28.67012359999353,0.0002260143902181,7.883272265285313e-06,13.244316843062858,53.96875069219918,20.0,0.0001018098325015,0.0004279003423199,0.0001536949927777,0.0006834051675993,0.0,Italy,ITA,lombardy,,,Windows-11-10.0.26200-SP0,3.13.13,3.2.6,32,13th Gen Intel(R) Core(TM) i9-13900HX,1,1 x NVIDIA GeForce RTX 4070 Laptop GPU,9.1922,45.4722,31.70067596435547,machine,0.0,40.44444444444444,39.1962962962963,12.421127178050854,N,1.0,0.0
2026-05-05T12:01:26,Q153_qwen2.5:14b_HumanEval,bd6fff75-bd38-40dd-96aa-a904e43cc66e,5b0fa12a-3dd7-45bb-9766-cc326314d9f1,27.986327999999048,0.0002240079333133,8.004191665062747e-06,13.144858581366154,55.6349408069035,20.0,9.856739399008622e-05,0.0004288725653199,0.0001498982361111,0.0006773381954211,0.0,Italy,ITA,lombardy,,,Windows-11-10.0.26200-SP0,3.13.13,3.2.6,32,13th Gen Intel(R) Core(TM) i9-13900HX,1,1 x NVIDIA GeForce RTX 4070 Laptop GPU,9.1922,45.4722,31.70067596435547,machine,3.076923076923077,38.03846153846154,39.3,12.454515016995945,N,1.0,0.0
2026-05-05T12:02:24,Q154_qwen2.5:14b_SQuAD,574392d5-e4dc-430a-9941-5535008a8d6b,5b0fa12a-3dd7-45bb-9766-cc326314d9f1,3.2739136000018334,1.8929390354692e-05,5.7818845172583045e-06,13.2890622464,34.77256646275475,20.0,1.0230895386753984e-05,3.160974750998635e-05,1.539661166663993e-05,5.723725456338027e-05,0.0,Italy,ITA,lombardy,,,Windows-11-10.0.26200-SP0,3.13.13,3.2.6,32,13th Gen Intel(R) Core(TM) i9-13900HX,1,1 x NVIDIA GeForce RTX 4070 Laptop GPU,9.1922,45.4722,31.70067596435547,machine,0.0,50.0,39.3,12.454109191894531,N,1.0,0.0
2026-05-05T12:02:44,Q155_qwen2.5:14b_HellaSwag,87759f25-a7fe-44e2-be36-6f42e4375df3,5b0fa12a-3dd7-45bb-9766-cc326314d9f1,4.563447099993937,3.0030244934208504e-05,6.580605466917411e-06,13.109691872,42.18292672276968,20.0,1.4788555428923649e-05,5.34542094300372e-05,2.2560411666684862e-05,9.080317652564572e-05,0.0,Italy,ITA,lombardy,,,Windows-11-10.0.26200-SP0,3.13.13,3.2.6,32,13th Gen Intel(R) Core(TM) i9-13900HX,1,1 x NVIDIA GeForce RTX 4070 Laptop GPU,9.1922,45.4722,31.70067596435547,machine,0.0,51.333333333333336,39.3,12.458799997965494,N,1.0,0.0
2026-05-05T12:03:37,Q156_qwen2.5:14b_HumanEval,86b6bcd1-2f05-4cc4-811d-94459b5cd445,5b0fa12a-3dd7-45bb-9766-cc326314d9f1,38.12396900000749,0.0003126768229655,8.201581083163832e-06,13.502883582720004,57.46497283528478,20.0,0.000137579702257,0.0006044638169039,0.0002034049383332,0.0009454484574942,0.0,Italy,ITA,lombardy,,,Windows-11-10.0.26200-SP0,3.13.13,3.2.6,32,13th Gen Intel(R) Core(TM) i9-13900HX,1,1 x NVIDIA GeForce RTX 4070 Laptop GPU,9.1922,45.4722,31.70067596435547,machine,0.0,39.86111111111112,39.3,12.456897947523329,N,1.0,0.0
2026-05-05T12:04:42,Q157_qwen2.5:14b_HellaSwag,50ecbeb1-6291-422f-a97a-c18f0af46349,5b0fa12a-3dd7-45bb-9766-cc326314d9f1,9.496720100010862,6.636778683641556e-05,6.988495621381918e-06,13.1041799552,44.72323352956154,20.0,3.274163810970519e-05,0.000117965927706,4.997031333332416e-05,0.000200677879149,0.0,Italy,ITA,lombardy,,,Windows-11-10.0.26200-SP0,3.13.13,3.2.6,32,13th Gen Intel(R) Core(TM) i9-13900HX,1,1 x NVIDIA GeForce RTX 4070 Laptop GPU,9.1922,45.4722,31.70067596435547,machine,0.0,40.71428571428572,39.3,12.453151157924108,N,1.0,0.0
2026-05-05T12:05:24,Q158_qwen2.5:14b_MMLU,9156fc58-693f-4573-8531-f6b04e003937,5b0fa12a-3dd7-45bb-9766-cc326314d9f1,7.463341000009677,5.150052405738389e-05,6.900465094294514e-06,13.099654726400004,44.29459487262384,20.0,2.5312521048524704e-05,9.176562896801022e-05,3.8645227777791054e-05,0.0001557233777943,0.0,Italy,ITA,lombardy,,,Windows-11-10.0.26200-SP0,3.13.13,3.2.6,32,13th Gen Intel(R) Core(TM) i9-13900HX,1,1 x NVIDIA GeForce RTX 4070 Laptop GPU,9.1922,45.4722,31.70067596435547,machine,0.0,33.8,39.2,12.423761749267578,N,1.0,0.0
2026-05-05T12:06:27,Q159_qwen2.5:14b_HumanEval,b895d17d-bf00-4760-909b-f6cc88299edc,5b0fa12a-3dd7-45bb-9766-cc326314d9f1,37.26859680000052,0.0002982214287438,8.001949478920954e-06,13.26308399602286,55.8364900410985,20.0,0.0001322340724797,0.00057083795667,0.0001986673038888,0.0009017393330386,0.0,Italy,ITA,lombardy,,,Windows-11-10.0.26200-SP0,3.13.13,3.2.6,32,13th Gen Intel(R) Core(TM) i9-13900HX,1,1 x NVIDIA GeForce RTX 4070 Laptop GPU,9.1922,45.4722,31.70067596435547,machine,2.857142857142857,41.142857142857146,39.18857142857144,12.415499332972937,N,1.0,0.0
2026-05-05T12:07:36,Q160_qwen2.5:14b_MMLU,3173ac46-72ec-46c4-8c37-34149b2ee9dc,5b0fa12a-3dd7-45bb-9766-cc326314d9f1,13.670569499998235,0.000103599778841,7.578307461225392e-06,13.413448551384615,50.31050783883449,20.0,4.906451430999023e-05,0.0001910362639399,7.315637388884271e-05,0.0003132571521387,0.0,Italy,ITA,lombardy,,,Windows-11-10.0.26200-SP0,3.13.13,3.2.6,32,13th Gen Intel(R) Core(TM) i9-13900HX,1,1 x NVIDIA GeForce RTX 4070 Laptop GPU,9.1922,45.4722,31.70067596435547,machine,8.333333333333334,44.16666666666666,39.2,12.434870084126793,N,1.0,0.0
2026-05-05T12:08:36,Q161_qwen2.5:14b_GSM8K,a040f02e-28fc-4405-9db5-10eb06b7dc29,5b0fa12a-3dd7-45bb-9766-cc326314d9f1,15.770295900001656,0.0001231849355496,7.811200013670247e-06,13.24759629824,52.84100389247178,20.0,5.618686752870561e-05,0.00023146546295,8.482493277778203e-05,0.0003724772632565,0.0,Italy,ITA,lombardy,,,Windows-11-10.0.26200-SP0,3.13.13,3.2.6,32,13th Gen Intel(R) Core(TM) i9-13900HX,1,1 x NVIDIA GeForce RTX 4070 Laptop GPU,9.1922,45.4722,31.70067596435547,machine,0.0,38.285714285714285,39.20714285714286,12.436723164149694,N,1.0,0.0
2026-05-05T12:09:23,Q162_qwen2.5:14b_SQuAD,9ebfafc9-7b70-4013-bcc3-2786a363fcf8,5b0fa12a-3dd7-45bb-9766-cc326314d9f1,11.271589399999357,8.661383471975617e-05,7.684260989826432e-06,13.18619188352,51.94417871874347,20.0,3.944550332258917e-05,0.0001626231856539,5.982765388883611e-05,0.0002618963428653,0.0,Italy,ITA,lombardy,,,Windows-11-10.0.26200-SP0,3.13.13,3.2.6,32,13th Gen Intel(R) Core(TM) i9-13900HX,1,1 x NVIDIA GeForce RTX 4070 Laptop GPU,9.1922,45.4722,31.70067596435547,machine,0.0,45.333333333333336,39.2,12.42659674750434,N,1.0,0.0
2026-05-05T12:10:01,Q163_qwen2.5:14b_SQuAD,fc34cef3-07f3-42be-8b9c-1d3b4d13838c,5b0fa12a-3dd7-45bb-9766-cc326314d9f1,3.4136515999998664,2.0708849351045657e-05,6.066480056443507e-06,13.083008556800005,37.8357648293412,20.0,1.0580220661281877e-05,3.586447313597141e-05,1.617315388882869e-05,6.261784768608197e-05,0.0,Italy,ITA,lombardy,,,Windows-11-10.0.26200-SP0,3.13.13,3.2.6,32,13th Gen Intel(R) Core(TM) i9-13900HX,1,1 x NVIDIA GeForce RTX 4070 Laptop GPU,9.1922,45.4722,31.70067596435547,machine,0.0,35.0,39.2,12.430591583251951,N,1.0,0.0
2026-05-05T12:10:21,Q164_qwen2.5:14b_SQuAD,9e5da988-c0a7-4a71-b7d8-c7285dd1c32f,5b0fa12a-3dd7-45bb-9766-cc326314d9f1,4.373544800007949,2.885814929537762e-05,6.598343132400329e-06,13.40689376,42.31467378891033,20.0,1.4406880448358305e-05,5.1361429977969664e-05,2.149077222226576e-05,8.725908264859372e-05,0.0,Italy,ITA,lombardy,,,Windows-11-10.0.26200-SP0,3.13.13,3.2.6,32,13th Gen Intel(R) Core(TM) i9-13900HX,1,1 x NVIDIA GeForce RTX 4070 Laptop GPU,9.1922,45.4722,31.70067596435547,machine,0.0,75.5,39.4,12.48497200012207,N,1.0,0.0
2026-05-05T12:10:45,Q165_qwen2.5:14b_HellaSwag,545334c4-cf19-402f-b1ea-cb09fafa1985,5b0fa12a-3dd7-45bb-9766-cc326314d9f1,8.893778600002406,6.426891706649547e-05,7.226278048621323e-06,13.3135625792,47.242170144149206,20.0,3.103023760991373e-05,0.0001166875933499,4.661364499996934e-05,0.0001943314759598,0.0,Italy,ITA,lombardy,,,Windows-11-10.0.26200-SP0,3.13.13,3.2.6,32,13th Gen Intel(R) Core(TM) i9-13900HX,1,1 x NVIDIA GeForce RTX 4070 Laptop GPU,9.1922,45.4722,31.70067596435547,machine,0.0,42.142857142857146,39.4,12.485001155308314,N,1.0,0.0
2026-05-05T12:11:21,Q166_qwen2.5:14b_HellaSwag,ae7669a5-b7ca-40b1-9944-f59ec603ec70,5b0fa12a-3dd7-45bb-9766-cc326314d9f1,10.842509499998414,8.118366576536997e-05,7.487534667632234e-06,13.093316134400002,49.952609082453726,20.0,3.760603012865056e-05,0.0001504287314539,5.744224833332636e-05,0.0002454770099159,0.0,Italy,ITA,lombardy,,,Windows-11-10.0.26200-SP0,3.13.13,3.2.6,32,13th Gen Intel(R) Core(TM) i9-13900HX,1,1 x NVIDIA GeForce RTX 4070 Laptop GPU,9.1922,45.4722,31.70067596435547,machine,0.0,36.66666666666666,39.4,12.482520633273657,N,1.0,0.0
2026-05-05T12:12:04,Q167_qwen2.5:14b_GSM8K,6bfdc2a4-7d9c-4e03-a129-c6d3f8d6a494,5b0fa12a-3dd7-45bb-9766-cc326314d9f1,18.584667400005856,0.0001423489982697,7.65948591954599e-06,13.437084700160003,53.0754686446953,20.0,6.597476720886935e-05,0.000266801046774,9.76482883332614e-05,0.0004304241023161,0.0,Italy,ITA,lombardy,,,Windows-11-10.0.26200-SP0,3.13.13,3.2.6,32,13th Gen Intel(R) Core(TM) i9-13900HX,1,1 x NVIDIA GeForce RTX 4070 Laptop GPU,9.1922,45.4722,31.70067596435547,machine,6.25,35.6875,39.39375,12.481887340545654,N,1.0,0.0
2026-05-05T12:13:03,Q168_qwen2.5:14b_SQuAD,0c2ca5db-501f-44b5-acb2-dcd9bcc10def,5b0fa12a-3dd7-45bb-9766-cc326314d9f1,13.61349460000929,0.0001018139543239,7.478899233111293e-06,13.402607894646156,49.24287841263283,20.0,4.881381803144616e-05,0.000186202093406,7.28413999999854e-05,0.0003078573114374,0.0,Italy,ITA,lombardy,,,Windows-11-10.0.26200-SP0,3.13.13,3.2.6,32,13th Gen Intel(R) Core(TM) i9-13900HX,1,1 x NVIDIA GeForce RTX 4070 Laptop GPU,9.1922,45.4722,31.70067596435547,machine,6.25,43.5,39.3,12.467398961385092,N,1.0,0.0
2026-05-05T12:13:49,Q169_qwen2.5:14b_HellaSwag,6fce36b2-eff3-4cf0-9de0-c2dd1dedb522,5b0fa12a-3dd7-45bb-9766-cc326314d9f1,11.21524849999696,8.601715545621268e-05,7.669661127547553e-06,13.422514119680002,51.57169140435752,20.0,3.994046141641867e-05,0.0001606398507339,5.9511837222251216e-05,0.0002600921493726,0.0,Italy,ITA,lombardy,,,Windows-11-10.0.26200-SP0,3.13.13,3.2.6,32,13th Gen Intel(R) Core(TM) i9-13900HX,1,1 x NVIDIA GeForce RTX 4070 Laptop GPU,9.1922,45.4722,31.70067596435547,machine,5.088888888888889,35.55555555555556,39.32222222222222,12.472821129692925,N,1.0,0.0
2026-05-05T12:14:33,Q170_qwen2.5:14b_HellaSwag,cbf9fa60-5f86-4f72-ab79-ed3c7ead578f,5b0fa12a-3dd7-45bb-9766-cc326314d9f1,7.902501500007929,5.5722286661928827e-05,7.051221269856502e-06,13.347653279085716,45.5794187666612,20.0,2.7421043308465125e-05,9.998119109599912e-05,4.108658888888183e-05,0.0001684888232933,0.0,Italy,ITA,lombardy,,,Windows-11-10.0.26200-SP0,3.13.13,3.2.6,32,13th Gen Intel(R) Core(TM) i9-13900HX,1,1 x NVIDIA GeForce RTX 4070 Laptop GPU,9.1922,45.4722,31.70067596435547,machine,0.0,41.833333333333336,39.4,12.499255498250326,N,1.0,0.0
2026-05-05T12:15:19,Q171_qwen2.5:14b_GSM8K,80794987-08a6-43cf-b470-19c0e4beed3c,5b0fa12a-3dd7-45bb-9766-cc326314d9f1,21.327926600002684,0.0001633714760943,7.659979291860986e-06,13.14922712576,52.71697551280224,20.0,7.432789613804964e-05,0.000306757745406,0.0001129046344444,0.0004939902759884,0.0,Italy,ITA,lombardy,,,Windows-11-10.0.26200-SP0,3.13.13,3.2.6,32,13th Gen Intel(R) Core(TM) i9-13900HX,1,1 x NVIDIA GeForce RTX 4070 Laptop GPU,9.1922,45.4722,31.70067596435547,machine,0.0,41.26315789473684,39.38421052631579,12.484973305150085,N,1.0,0.0
2026-05-05T12:16:08,Q172_qwen2.5:14b_SQuAD,2d899d2b-1b2d-4b24-a1fd-bb993838970e,5b0fa12a-3dd7-45bb-9766-cc326314d9f1,3.4259546999965096,2.1761780649097e-05,6.352033974389437e-06,12.9830443904,41.04973957839407,20.0,1.0537761910679466e-05,3.9031697891989126e-05,1.623216166667084e-05,6.580162146933944e-05,0.0,Italy,ITA,lombardy,,,Windows-11-10.0.26200-SP0,3.13.13,3.2.6,32,13th Gen Intel(R) Core(TM) i9-13900HX,1,1 x NVIDIA GeForce RTX 4070 Laptop GPU,9.1922,45.4722,31.70067596435547,machine,0.0,30.0,39.3,12.459728240966797,N,1.0,0.0
2026-05-05T12:16:49,Q173_qwen2.5:14b_HumanEval,fb15af27-89db-44a6-b77c-95005e4455e2,5b0fa12a-3dd7-45bb-9766-cc326314d9f1,26.10158409998985,0.0002047390497107,7.843931959320381e-06,13.209124690269093,54.057033867601135,20.0,9.20685157508922e-05,0.000387584198956,0.0001394216922222,0.0006190744069291,0.0,Italy,ITA,lombardy,,,Windows-11-10.0.26200-SP0,3.13.13,3.2.6,32,13th Gen Intel(R) Core(TM) i9-13900HX,1,1 x NVIDIA GeForce RTX 4070 Laptop GPU,9.1922,45.4722,31.70067596435547,machine,8.333333333333334,40.66666666666666,39.29166666666666,12.449055989583334,N,1.0,0.0
2026-05-05T12:17:41,Q174_qwen2.5:14b_MMLU,50870690-1e7b-4b87-9bb8-c94ca3d7c0d4,5b0fa12a-3dd7-45bb-9766-cc326314d9f1,7.24714700000186,5.2954654008145154e-05,7.30696562497374e-06,13.307558009600005,48.54830519628337,20.0,2.4932892455417748e-05,9.771646706197012e-05,3.7470906111169216e-05,0.0001601202656285,0.0,Italy,ITA,lombardy,,,Windows-11-10.0.26200-SP0,3.13.13,3.2.6,32,13th Gen Intel(R) Core(TM) i9-13900HX,1,1 x NVIDIA GeForce RTX 4070 Laptop GPU,9.1922,45.4722,31.70067596435547,machine,0.0,39.2,39.3,12.456439971923828,N,1.0,0.0
2026-05-05T12:18:15,Q175_qwen2.5:14b_MMLU,97956da2-dda3-4408-a823-1a6e4ff04780,5b0fa12a-3dd7-45bb-9766-cc326314d9f1,8.25382160001027,5.75292301301406e-05,6.97001133754442e-06,13.408858166857144,44.51795553778106,20.0,2.886563969504203e-05,0.0001020331371819,4.305374500003786e-05,0.000173952521877,0.0,Italy,ITA,lombardy,,,Windows-11-10.0.26200-SP0,3.13.13,3.2.6,32,13th Gen Intel(R) Core(TM) i9-13900HX,1,1 x NVIDIA GeForce RTX 4070 Laptop GPU,9.1922,45.4722,31.70067596435547,machine,16.666666666666668,49.0,39.3,12.44820467631022,N,1.0,0.0
2026-05-05T12:18:47,Q176_qwen2.5:14b_MMLU,52363737-a49d-4292-ae0c-560817240c17,5b0fa12a-3dd7-45bb-9766-cc326314d9f1,7.646129200002178,5.6860310199850494e-05,7.436483050774801e-06,13.297492648228571,49.83993592053683,20.0,2.639059396947493e-05,0.000105847584678,3.969171388889663e-05,0.0001719298925363,0.0,Italy,ITA,lombardy,,,Windows-11-10.0.26200-SP0,3.13.13,3.2.6,32,13th Gen Intel(R) Core(TM) i9-13900HX,1,1 x NVIDIA GeForce RTX 4070 Laptop GPU,9.1922,45.4722,31.70067596435547,machine,0.0,49.0,39.3,12.469199498494469,N,1.0,0.0
2026-05-05T12:19:18,Q177_qwen2.5:14b_SQuAD,1a81ff43-68d8-4e94-b3bc-bd3eac411b61,5b0fa12a-3dd7-45bb-9766-cc326314d9f1,5.223308899992844,3.366803300350963e-05,6.445728875723922e-06,13.479221648000005,39.98353231984933,20.0,1.7655436097603975e-05,5.795171302797053e-05,2.619569499996336e-05,0.0001018028441255,0.0,Italy,ITA,lombardy,,,Windows-11-10.0.26200-SP0,3.13.13,3.2.6,32,13th Gen Intel(R) Core(TM) i9-13900HX,1,1 x NVIDIA GeForce RTX 4070 Laptop GPU,9.1922,45.4722,31.70067596435547,machine,0.0,32.666666666666664,39.3,12.45089848836263,N,1.0,0.0
2026-05-05T12:20:01,Q178_qwen2.5:14b_MMLU,4d21732f-b666-4dba-be5b-c0dae7a6c7b5,5b0fa12a-3dd7-45bb-9766-cc326314d9f1,28.38363690000552,0.0002232683805611,7.866094868242211e-06,13.445769581784615,53.62085408056394,20.0,0.0001022485136356,0.0004207625588319,0.0001520909194444,0.000675101991912,0.0,Italy,ITA,lombardy,,,Windows-11-10.0.26200-SP0,3.13.13,3.2.6,32,13th Gen Intel(R) Core(TM) i9-13900HX,1,1 x NVIDIA GeForce RTX 4070 Laptop GPU,9.1922,45.4722,31.70067596435547,machine,0.0,37.88461538461539,39.3,12.449144950279823,N,1.0,0.0
2026-05-05T12:21:04,Q179_qwen2.5:14b_HellaSwag,3f1c004a-5612-449d-b65d-4a216be2a56f,5b0fa12a-3dd7-45bb-9766-cc326314d9f1,7.265661000012187,5.227801344683403e-05,7.195217812494464e-06,13.4015202368,47.23958461934359,20.0,2.5177001636305782e-05,9.532479848201048e-05,3.757249111117239e-05,0.0001580742912294,0.0,Italy,ITA,lombardy,,,Windows-11-10.0.26200-SP0,3.13.13,3.2.6,32,13th Gen Intel(R) Core(TM) i9-13900HX,1,1 x NVIDIA GeForce RTX 4070 Laptop GPU,9.1922,45.4722,31.70067596435547,machine,0.0,40.0,39.3,12.451121520996091,N,1.0,0.0
2026-05-05T12:21:52,Q180_qwen2.5:14b_HumanEval,b14e20b6-c5c0-4c01-b301-769efd682579,5b0fa12a-3dd7-45bb-9766-cc326314d9f1,23.41562640000484,0.0001814322415801,7.748340295528107e-06,13.30684026944,53.4972153089178,20.0,8.311458576075906e-05,0.000341008883918,0.0001244775788888,0.0005486010485676,0.0,Italy,ITA,lombardy,,,Windows-11-10.0.26200-SP0,3.13.13,3.2.6,32,13th Gen Intel(R) Core(TM) i9-13900HX,1,1 x NVIDIA GeForce RTX 4070 Laptop GPU,9.1922,45.4722,31.70067596435547,machine,0.0,44.04761904761905,39.3,12.455194019135975,N,1.0,0.0
2026-05-05T12:22:42,Q181_qwen2.5:14b_SQuAD,7cac357c-b30c-42b5-94da-a7e4a189439c,5b0fa12a-3dd7-45bb-9766-cc326314d9f1,4.607537300005788,2.9844633347497468e-05,6.4773503510128885e-06,13.003650531200003,41.11580138662519,20.0,1.4828968982972512e-05,5.260643097398932e-05,2.280653833335641e-05,9.024193829031824e-05,0.0,Italy,ITA,lombardy,,,Windows-11-10.0.26200-SP0,3.13.13,3.2.6,32,13th Gen Intel(R) Core(TM) i9-13900HX,1,1 x NVIDIA GeForce RTX 4070 Laptop GPU,9.1922,45.4722,31.70067596435547,machine,33.333333333333336,41.66666666666666,39.3,12.451573689778646,N,1.0,0.0
2026-05-05T12:23:16,Q182_qwen2.5:14b_GSM8K,745fd224-f2ea-45ac-870a-8b66aaec28f1,5b0fa12a-3dd7-45bb-9766-cc326314d9f1,19.18280809999851,0.0001514279035892,7.893938301412647e-06,13.51660489568,54.4575790034322,20.0,6.87595147648168e-05,0.0002881310638379,0.0001009856288888,0.0004578762074916,0.0,Italy,ITA,lombardy,,,Windows-11-10.0.26200-SP0,3.13.13,3.2.6,32,13th Gen Intel(R) Core(TM) i9-13900HX,1,1 x NVIDIA GeForce RTX 4070 Laptop GPU,9.1922,45.4722,31.70067596435547,machine,0.0,37.588235294117645,39.3,12.454589394962088,N,1.0,0.0
2026-05-05T12:24:07,Q183_qwen2.5:14b_SQuAD,e58453c3-54ca-4cf4-b2ee-6469458067a1,5b0fa12a-3dd7-45bb-9766-cc326314d9f1,5.2602224000002025,3.586037151347736e-05,6.817272880605956e-06,13.154673008,44.26209203086918,20.0,1.7377122069370396e-05,6.463588504201923e-05,2.6418863888910792e-05,0.0001084318710003,0.0,Italy,ITA,lombardy,,,Windows-11-10.0.26200-SP0,3.13.13,3.2.6,32,13th Gen Intel(R) Core(TM) i9-13900HX,1,1 x NVIDIA GeForce RTX 4070 Laptop GPU,9.1922,45.4722,31.70067596435547,machine,0.0,41.333333333333336,39.3,12.450792948404947,N,1.0,0.0
2026-05-05T12:24:54,Q184_qwen2.5:14b_HumanEval,e85d90ef-a82e-4dac-8b58-3df4f0d057c7,5b0fa12a-3dd7-45bb-9766-cc326314d9f1,32.28143790000468,0.0002577334566063,7.983952183439254e-06,13.13286908688,50.226539621478274,20.0,0.0001128654540344,0.000495499840844,0.0001709495794443,0.0007793148743228,0.0,Italy,ITA,lombardy,,,Windows-11-10.0.26200-SP0,3.13.13,3.2.6,32,13th Gen Intel(R) Core(TM) i9-13900HX,1,1 x NVIDIA GeForce RTX 4070 Laptop GPU,9.1922,45.4722,31.70067596435547,machine,0.0,40.13333333333333,39.3,12.454862467447915,N,1.0,0.0
2026-05-05T12:26:13,Q185_qwen2.5:14b_HumanEval,17fa064a-3c78-44d0-9075-8f4bf95b1666,5b0fa12a-3dd7-45bb-9766-cc326314d9f1,23.23703539998678,0.0001836901602512,7.905060051306841e-06,13.499645866400002,54.90385217096101,20.0,8.359253754096029e-05,0.000348327778662,0.0001235080555555,0.0005554283717585,0.0,Italy,ITA,lombardy,,,Windows-11-10.0.26200-SP0,3.13.13,3.2.6,32,13th Gen Intel(R) Core(TM) i9-13900HX,1,1 x NVIDIA GeForce RTX 4070 Laptop GPU,9.1922,45.4722,31.70067596435547,machine,4.166666666666667,40.66666666666666,39.37142857142857,12.478468577067057,N,1.0,0.0
2026-05-05T12:27:16,Q186_qwen2.5:14b_MMLU,1fd36b4f-f07d-4e9b-aa31-c95c68fd3121,5b0fa12a-3dd7-45bb-9766-cc326314d9f1,7.455803099990589,5.493974073221081e-05,7.36872205386971e-06,13.2415183616,49.2206554956957,20.0,2.5574082626415658e-05,0.0001019223037599,3.862623388890319e-05,0.0001661226202753,0.0,Italy,ITA,lombardy,,,Windows-11-10.0.26200-SP0,3.13.13,3.2.6,32,13th Gen Intel(R) Core(TM) i9-13900HX,1,1 x NVIDIA GeForce RTX 4070 Laptop GPU,9.1922,45.4722,31.70067596435547,machine,0.0,46.8,39.4,12.497914123535155,N,1.0,0.0
2026-05-05T12:27:54,Q187_qwen2.5:14b_MMLU,9847b5ff-5dc5-4572-bf7e-377094d84b73,5b0fa12a-3dd7-45bb-9766-cc326314d9f1,13.146765199999209,9.87485809299704e-05,7.5112454986247375e-06,13.209293225600003,49.84554542458692,20.0,4.638456121844261e-05,0.000181974590024,7.022931666668026e-05,0.0002985884679091,0.0,Italy,ITA,lombardy,,,Windows-11-10.0.26200-SP0,3.13.13,3.2.6,32,13th Gen Intel(R) Core(TM) i9-13900HX,1,1 x NVIDIA GeForce RTX 4070 Laptop GPU,9.1922,45.4722,31.70067596435547,machine,0.0,47.27272727272727,39.4,12.49629696932706,N,1.0,0.0
2026-05-05T12:28:47,Q188_qwen2.5:14b_HumanEval,d1bdf8a2-6fa4-4a8f-b4ed-beb886385384,5b0fa12a-3dd7-45bb-9766-cc326314d9f1,17.28032939998957,0.000128701271709,7.447848286335093e-06,13.202952540800002,47.06163480952633,20.0,5.995832437149735e-05,0.0002387821354699,9.041668222222748e-05,0.0003891571420636,0.0,Italy,ITA,lombardy,,,Windows-11-10.0.26200-SP0,3.13.13,3.2.6,32,13th Gen Intel(R) Core(TM) i9-13900HX,1,1 x NVIDIA GeForce RTX 4070 Laptop GPU,9.1922,45.4722,31.70067596435547,machine,5.926666666666667,41.73333333333333,39.43333333333333,12.505334981282552,N,1.0,0.0
2026-05-05T12:30:04,Q189_qwen2.5:14b_MMLU,666c363e-fd61-4b2e-bb2d-02103250de3e,5b0fa12a-3dd7-45bb-9766-cc326314d9f1,31.53141670000332,0.0002793824853044,8.860448230492099e-06,8.997003967093335,36.65558978190239,20.0,0.0001143989813572,0.0004802437175279,0.0002501328661111,0.0008447755649963,0.0,Italy,ITA,lombardy,,,Windows-11-10.0.26200-SP0,3.13.13,3.2.6,32,13th Gen Intel(R) Core(TM) i9-13900HX,1,1 x NVIDIA GeForce RTX 4070 Laptop GPU,9.1922,45.4722,31.70067596435547,machine,3.641379310344828,41.241379310344826,39.43793103448276,12.50640053584658,N,1.0,0.0
2026-05-05T12:31:27,Q190_qwen2.5:14b_GSM8K,3bc16398-236f-4feb-81e9-1d3bc15e7b8c,5b0fa12a-3dd7-45bb-9766-cc326314d9f1,28.077477300001192,0.0002212799010535,7.88104638779434e-06,13.208729015433848,54.18696487528321,20.0,9.932934959965776e-05,0.0004193639466019,0.0001503960822221,0.0006690893784237,0.0,Italy,ITA,lombardy,,,Windows-11-10.0.26200-SP0,3.13.13,3.2.6,32,13th Gen Intel(R) Core(TM) i9-13900HX,1,1 x NVIDIA GeForce RTX 4070 Laptop GPU,9.1922,45.4722,31.70067596435547,machine,3.496153846153846,39.23076923076923,39.34230769230769,12.475710502037636,N,1.0,0.0
2026-05-05T12:32:34,Q191_qwen2.5:14b_HellaSwag,8d4f26bf-8f8f-4253-9725-044569aaf7ca,5b0fa12a-3dd7-45bb-9766-cc326314d9f1,11.681721000000834,8.665236550967406e-05,7.41777393156949e-06,13.540585339345457,48.652569325029184,20.0,4.204835861408038e-05,0.0001578581818419,6.210630888890591e-05,0.0002620128493449,0.0,Italy,ITA,lombardy,,,Windows-11-10.0.26200-SP0,3.13.13,3.2.6,32,13th Gen Intel(R) Core(TM) i9-13900HX,1,1 x NVIDIA GeForce RTX 4070 Laptop GPU,9.1922,45.4722,31.70067596435547,machine,0.0,42.3,39.3,12.461977767944337,N,1.0,0.0
2026-05-05T12:33:12,Q192_qwen2.5:14b_SQuAD,3a26b79a-7fdc-43ed-a1bf-17fe8b82c89e,5b0fa12a-3dd7-45bb-9766-cc326314d9f1,3.258480500007863,1.7021676100488283e-05,5.223807876231638e-06,12.998333734400005,28.961498086384275,20.0,9.952082513288229e-06,2.6204743185986867e-05,1.5312027222211734e-05,5.146885292148683e-05,0.0,Italy,ITA,lombardy,,,Windows-11-10.0.26200-SP0,3.13.13,3.2.6,32,13th Gen Intel(R) Core(TM) i9-13900HX,1,1 x NVIDIA GeForce RTX 4070 Laptop GPU,9.1922,45.4722,31.70067596435547,machine,0.0,97.0,39.3,12.457576751708984,N,1.0,0.0
2026-05-05T12:33:34,Q193_qwen2.5:14b_HellaSwag,90df2b63-04ab-43a9-9ec8-6f6c58662540,5b0fa12a-3dd7-45bb-9766-cc326314d9f1,6.824587799987057,4.35187353940957e-05,6.376756614396291e-06,13.1165429312,38.74363929101949,20.0,2.3033354765718506e-05,7.343505874801703e-05,3.512023722222593e-05,0.0001315886507359,0.0,Italy,ITA,lombardy,,,Windows-11-10.0.26200-SP0,3.13.13,3.2.6,32,13th Gen Intel(R) Core(TM) i9-13900HX,1,1 x NVIDIA GeForce RTX 4070 Laptop GPU,9.1922,45.4722,31.70067596435547,machine,0.0,30.4,39.3,12.463282775878906,N,1.0,0.0
2026-05-05T12:34:18,Q194_qwen2.5:14b_HumanEval,78ec7e9f-9dd0-4f96-b1cc-fc0d990a07bc,5b0fa12a-3dd7-45bb-9766-cc326314d9f1,28.39920990000246,0.0002301115107459,8.10274340575584e-06,13.494033759015387,56.2093715117724,20.0,0.0001026853676545,0.000440929241632,0.0001521791205555,0.0006957937298421,0.0,Italy,ITA,lombardy,,,Windows-11-10.0.26200-SP0,3.13.13,3.2.6,32,13th Gen Intel(R) Core(TM) i9-13900HX,1,1 x NVIDIA GeForce RTX 4070 Laptop GPU,9.1922,45.4722,31.70067596435547,machine,0.0,42.84615384615385,39.3,12.460154900184044,N,1.0,0.0
2026-05-05T12:35:37,Q195_qwen2.5:14b_GSM8K,7c02465e-873e-42f6-9f19-e71f9e5f86ce,5b0fa12a-3dd7-45bb-9766-cc326314d9f1,24.25116899999557,0.0001974602801576,8.142299456067918e-06,13.500902890240004,56.3704512288946,20.0,8.731698235521444e-05,0.000380601137814,0.0001291472955555,0.0005970654157248,0.0,Italy,ITA,lombardy,,,Windows-11-10.0.26200-SP0,3.13.13,3.2.6,32,13th Gen Intel(R) Core(TM) i9-13900HX,1,1 x NVIDIA GeForce RTX 4070 Laptop GPU,9.1922,45.4722,31.70067596435547,machine,0.0,44.13636363636363,39.3,12.456989808516068,N,1.0,0.0
2026-05-05T12:36:36,Q196_qwen2.5:14b_SQuAD,4f43cf4c-36fd-49ad-8df7-e1e9b6970c8c,5b0fa12a-3dd7-45bb-9766-cc326314d9f1,3.2452306999912253,2.011041282211491e-05,6.196913156950378e-06,12.998709056000004,39.5718971576451,20.0,9.905421066000762e-06,3.5663084086035024e-05,1.5239835555500272e-05,6.080834070753606e-05,0.0,Italy,ITA,lombardy,,,Windows-11-10.0.26200-SP0,3.13.13,3.2.6,32,13th Gen Intel(R) Core(TM) i9-13900HX,1,1 x NVIDIA GeForce RTX 4070 Laptop GPU,9.1922,45.4722,31.70067596435547,machine,0.0,99.0,39.3,12.462974548339844,N,1.0,0.0
2026-05-05T12:36:58,Q197_qwen2.5:14b_MMLU,fe9431fd-13ae-4fb7-99bc-6303045ed063,5b0fa12a-3dd7-45bb-9766-cc326314d9f1,7.071940699999686,4.787683533723852e-05,6.769971266478613e-06,13.1742569408,42.88351088836372,20.0,2.40413509096494e-05,8.422840071603543e-05,3.649659111114387e-05,0.0001447663427368,0.0,Italy,ITA,lombardy,,,Windows-11-10.0.26200-SP0,3.13.13,3.2.6,32,13th Gen Intel(R) Core(TM) i9-13900HX,1,1 x NVIDIA GeForce RTX 4070 Laptop GPU,9.1922,45.4722,31.70067596435547,machine,0.0,34.0,39.3,12.46387939453125,N,1.0,0.0
2026-05-05T12:37:27,Q198_qwen2.5:14b_MMLU,142fc5fb-0d2a-4912-aa2d-6ef34d7c2ee7,5b0fa12a-3dd7-45bb-9766-cc326314d9f1,14.30755230000068,0.0001088173471321,7.605587933594276e-06,13.130907072984618,50.82651387322745,20.0,5.0353638297607936e-05,0.0002019859949219,7.669400611104923e-05,0.0003290336393306,0.0,Italy,ITA,lombardy,,,Windows-11-10.0.26200-SP0,3.13.13,3.2.6,32,13th Gen Intel(R) Core(TM) i9-13900HX,1,1 x NVIDIA GeForce RTX 4070 Laptop GPU,9.1922,45.4722,31.70067596435547,machine,0.0,40.333333333333336,39.3,12.462745348612469,N,1.0,0.0
2026-05-05T12:38:38,Q199_qwen2.5:14b_GSM8K,65e33f75-a683-4e8b-be12-cf96f1600a7f,5b0fa12a-3dd7-45bb-9766-cc326314d9f1,26.008322800000315,0.0002043607116486,7.857512121028147e-06,13.647201764654548,53.991843750392746,20.0,9.518462547712668e-05,0.000383845307076,0.0001389004844444,0.0006179304169976,0.0,Italy,ITA,lombardy,,,Windows-11-10.0.26200-SP0,3.13.13,3.2.6,32,13th Gen Intel(R) Core(TM) i9-13900HX,1,1 x NVIDIA GeForce RTX 4070 Laptop GPU,9.1922,45.4722,31.70067596435547,machine,4.166666666666667,41.16666666666666,39.30833333333333,12.469840367635092,N,1.0,0.0
2026-05-05T12:40:00,Q200_qwen2.5:14b_HumanEval,4e6a7355-bdd4-487e-9de2-c60d28ad335b,5b0fa12a-3dd7-45bb-9766-cc326314d9f1,26.73143159999745,0.0002106753770082,7.88118572027067e-06,13.218922633280002,54.606105439051184,20.0,9.451695952118744e-05,0.0003995867085579,0.0001429205549999,0.0006370242230791,0.0,Italy,ITA,lombardy,,,Windows-11-10.0.26200-SP0,3.13.13,3.2.6,32,13th Gen Intel(R) Core(TM) i9-13900HX,1,1 x NVIDIA GeForce RTX 4070 Laptop GPU,9.1922,45.4722,31.70067596435547,machine,0.0,37.72,39.3,12.461815032958985,N,1.0,0.0
2026-05-05T12:41:01,Q201_qwen2.5:14b_SQuAD,32e0b0cd-4d25-4b03-851b-513d96a0fc35,5b0fa12a-3dd7-45bb-9766-cc326314d9f1,5.221981199996662,3.445877340642438e-05,6.598793079999293e-06,13.1162836448,41.92817754698212,20.0,1.719083967067628e-05,6.079088196597749e-05,2.6212103333333896e-05,0.0001041938249699,0.0,Italy,ITA,lombardy,,,Windows-11-10.0.26200-SP0,3.13.13,3.2.6,32,13th Gen Intel(R) Core(TM) i9-13900HX,1,1 x NVIDIA GeForce RTX 4070 Laptop GPU,9.1922,45.4722,31.70067596435547,machine,0.0,42.66666666666666,39.3,12.464308420817057,N,1.0,0.0
2026-05-05T12:41:23,Q202_qwen2.5:14b_SQuAD,d6a5fd37-0bde-415e-98c2-5e82296e942c,5b0fa12a-3dd7-45bb-9766-cc326314d9f1,7.318327600005432,5.449591624224077e-05,7.446498601975719e-06,13.1168610944,50.24332341752123,20.0,2.482748355056056e-05,0.0001020981372339,3.785499666668734e-05,0.0001647806174512,0.0,Italy,ITA,lombardy,,,Windows-11-10.0.26200-SP0,3.13.13,3.2.6,32,13th Gen Intel(R) Core(TM) i9-13900HX,1,1 x NVIDIA GeForce RTX 4070 Laptop GPU,9.1922,45.4722,31.70067596435547,machine,0.0,36.6,39.3,12.466477966308592,N,1.0,0.0
2026-05-05T12:41:59,Q203_qwen2.5:14b_HellaSwag,f13735b0-e7d4-4d75-b33b-2715676e84fd,5b0fa12a-3dd7-45bb-9766-cc326314d9f1,10.951985899999272,8.387020940314873e-05,7.657990995327552e-06,13.14822879488,51.740589674207264,20.0,3.816472530333488e-05,0.0001573834592399,5.805219222222351e-05,0.0002536003767655,0.0,Italy,ITA,lombardy,,,Windows-11-10.0.26200-SP0,3.13.13,3.2.6,32,13th Gen Intel(R) Core(TM) i9-13900HX,1,1 x NVIDIA GeForce RTX 4070 Laptop GPU,9.1922,45.4722,31.70067596435547,machine,0.0,39.333333333333336,39.3,12.465777079264322,N,1.0,0.0
2026-05-05T12:43:12,Q204_qwen2.5:14b_HumanEval,4aaa5583-fb5b-40cd-ac65-a5ca48847324,5b0fa12a-3dd7-45bb-9766-cc326314d9f1,37.54038510000101,0.0003033957190588,8.081848874235438e-06,13.548956402285716,56.13835600001772,20.0,0.0001355044286444,0.000581711854258,0.0002001686766666,0.0009173849595692,0.0,Italy,ITA,lombardy,,,Windows-11-10.0.26200-SP0,3.13.13,3.2.6,32,13th Gen Intel(R) Core(TM) i9-13900HX,1,1 x NVIDIA GeForce RTX 4070 Laptop GPU,9.1922,45.4722,31.70067596435547,machine,0.0,42.02857142857143,39.34857142857143,12.473144204275949,N,1.0,0.0
2026-05-05T12:44:21,Q205_qwen2.5:14b_SQuAD,56780fda-95c6-4c91-8e91-b2fcae5f2de5,5b0fa12a-3dd7-45bb-9766-cc326314d9f1,3.807713200003491,2.133532920275969e-05,5.603187026465157e-06,13.0306395776,32.34980769530815,20.0,1.1960593136394434e-05,3.4194749578053685e-05,1.835680722223414e-05,6.451214993668226e-05,0.0,Italy,ITA,lombardy,,,Windows-11-10.0.26200-SP0,3.13.13,3.2.6,32,13th Gen Intel(R) Core(TM) i9-13900HX,1,1 x NVIDIA GeForce RTX 4070 Laptop GPU,9.1922,45.4722,31.70067596435547,machine,0.0,68.0,39.4,12.496746063232422,N,1.0,0.0
2026-05-05T12:45:12,Q206_qwen2.5:14b_HumanEval,43854869-857e-4358-aebf-5d674043c006,5b0fa12a-3dd7-45bb-9766-cc326314d9f1,36.23484460001055,0.0002893961741415,7.986681806867272e-06,13.44475674736,56.02595712673499,20.0,0.000129479718297,0.000552675719918,0.0001928987594444,0.0008750541976595,0.0,Italy,ITA,lombardy,,,Windows-11-10.0.26200-SP0,3.13.13,3.2.6,32,13th Gen Intel(R) Core(TM) i9-13900HX,1,1 x NVIDIA GeForce RTX 4070 Laptop GPU,9.1922,45.4722,31.70067596435547,machine,2.9411764705882355,40.0,39.4,12.491560543284695,N,1.0,0.0
2026-05-05T12:46:33,Q207_qwen2.5:14b_GSM8K,fc2300d9-9971-46a9-8c78-b09065fab638,5b0fa12a-3dd7-45bb-9766-cc326314d9f1,14.92462279999745,0.0001152510050502,7.722205552175461e-06,13.1642772032,52.0157246298792,20.0,5.273780802606478e-05,0.0002156276725019,8.012176555550671e-05,0.0003484872460835,0.0,Italy,ITA,lombardy,,,Windows-11-10.0.26200-SP0,3.13.13,3.2.6,32,13th Gen Intel(R) Core(TM) i9-13900HX,1,1 x NVIDIA GeForce RTX 4070 Laptop GPU,9.1922,45.4722,31.70067596435547,machine,0.0,43.07692307692308,39.39999999999999,12.483941885141226,N,1.0,0.0
2026-05-05T12:47:14,Q208_qwen2.5:14b_MMLU,f2263425-457a-46e0-823b-bc7ec1538876,5b0fa12a-3dd7-45bb-9766-cc326314d9f1,5.977702200005297,4.208761725301118e-05,7.040768483410546e-06,13.63049801984,45.85177166153596,20.0,2.072800170340924e-05,7.61200608960233e-05,3.041328166671317e-05,0.0001272613442661,0.0,Italy,ITA,lombardy,,,Windows-11-10.0.26200-SP0,3.13.13,3.2.6,32,13th Gen Intel(R) Core(TM) i9-13900HX,1,1 x NVIDIA GeForce RTX 4070 Laptop GPU,9.1922,45.4722,31.70067596435547,machine,0.0,50.5,39.5,12.51440715789795,N,1.0,0.0
2026-05-05T12:47:50,Q209_qwen2.5:14b_SQuAD,731233d8-b593-4b9b-9a3d-dc7b4bc66639,5b0fa12a-3dd7-45bb-9766-cc326314d9f1,10.93186080000305,7.943527316944683e-05,7.266399986489461e-06,13.354131042560002,47.28366187074961,20.0,3.868690538901937e-05,0.0001435642815179,5.7939166111140775e-05,0.0002401903530181,0.0,Italy,ITA,lombardy,,,Windows-11-10.0.26200-SP0,3.13.13,3.2.6,32,13th Gen Intel(R) Core(TM) i9-13900HX,1,1 x NVIDIA GeForce RTX 4070 Laptop GPU,9.1922,45.4722,31.70067596435547,machine,11.11111111111111,45.333333333333336,39.4,12.491434309217665,N,1.0,0.0
2026-05-05T12:48:39,Q210_qwen2.5:14b_GSM8K,101313b1-d940-4992-94cb-7e35f5a02d30,5b0fa12a-3dd7-45bb-9766-cc326314d9f1,14.375911399998586,0.0001112553884235,7.73901461465032e-06,13.19591568246154,52.23012426700459,20.0,5.0842724610230974e-05,0.000208505444582,7.705743444441598e-05,0.0003364056036366,0.0,Italy,ITA,lombardy,,,Windows-11-10.0.26200-SP0,3.13.13,3.2.6,32,13th Gen Intel(R) Core(TM) i9-13900HX,1,1 x NVIDIA GeForce RTX 4070 Laptop GPU,9.1922,45.4722,31.70067596435547,machine,0.0,34.5,39.4,12.485525131225586,N,1.0,0.0
2026-05-05T12:49:23,Q211_qwen2.5:14b_HellaSwag,381ca949-2a0c-4667-a573-a56e6c0bff6d,5b0fa12a-3dd7-45bb-9766-cc326314d9f1,8.098658000002615,5.732428886574753e-05,7.078245416182412e-06,13.102441422628576,46.01401862804497,20.0,2.764131878457796e-05,0.0001034998050219,4.21917122222011e-05,0.0001733328360287,0.0,Italy,ITA,lombardy,,,Windows-11-10.0.26200-SP0,3.13.13,3.2.6,32,13th Gen Intel(R) Core(TM) i9-13900HX,1,1 x NVIDIA GeForce RTX 4070 Laptop GPU,9.1922,45.4722,31.70067596435547,machine,0.0,36.66666666666666,39.4,12.485300064086914,N,1.0,0.0
2026-05-05T12:49:54,Q212_qwen2.5:14b_HellaSwag,dbb243fc-8058-4805-9d06-3aca32be53ab,5b0fa12a-3dd7-45bb-9766-cc326314d9f1,6.317409900002531,4.441729866357134e-05,7.030935045635324e-06,13.13548424192,46.04510086441634,20.0,2.1216498000587133e-05,8.078589796201019e-05,3.2303262222234885e-05,0.0001343056581848,0.0,Italy,ITA,lombardy,,,Windows-11-10.0.26200-SP0,3.13.13,3.2.6,32,13th Gen Intel(R) Core(TM) i9-13900HX,1,1 x NVIDIA GeForce RTX 4070 Laptop GPU,9.1922,45.4722,31.70067596435547,machine,0.0,57.25,39.4,12.48022747039795,N,1.0,0.0
2026-05-05T12:50:42,Q213_qwen2.5:14b_HumanEval,f7bcd142-bfc4-4bb4-9242-4b63289f1214,5b0fa12a-3dd7-45bb-9766-cc326314d9f1,22.41340189999028,0.0001780636079804,7.944515017176142e-06,13.232955889554288,54.83598152029575,20.0,7.880805117517042e-05,0.0003406858281039,0.0001189213505555,0.0005384152298347,0.0,Italy,ITA,lombardy,,,Windows-11-10.0.26200-SP0,3.13.13,3.2.6,32,13th Gen Intel(R) Core(TM) i9-13900HX,1,1 x NVIDIA GeForce RTX 4070 Laptop GPU,9.1922,45.4722,31.70067596435547,machine,0.0,40.6,39.4,12.491305160522462,N,1.0,0.0
2026-05-05T12:51:43,Q214_qwen2.5:14b_SQuAD,4d265bf1-0057-4dd9-ac2b-71ceeac1c0cc,5b0fa12a-3dd7-45bb-9766-cc326314d9f1,5.702348499995424,4.138775983501706e-05,7.258020065776456e-06,13.24385175296,48.701055765388446,20.0,1.913050068530992e-05,7.712589503400258e-05,2.8888772777766764e-05,0.000125145168497,0.0,Italy,ITA,lombardy,,,Windows-11-10.0.26200-SP0,3.13.13,3.2.6,32,13th Gen Intel(R) Core(TM) i9-13900HX,1,1 x NVIDIA GeForce RTX 4070 Laptop GPU,9.1922,45.4722,31.70067596435547,machine,0.0,39.25,39.6,12.546208381652832,N,1.0,0.0
2026-05-05T12:52:35,Q215_qwen2.5:14b_HumanEval,2a2b2429-4e75-444a-8f5c-5d9ace042355,5b0fa12a-3dd7-45bb-9766-cc326314d9f1,37.04511469999852,0.0003002034780398,8.103726509446814e-06,13.517865260937144,56.40274622901571,20.0,0.0001336194025106,0.00057673240583,0.000197380695,0.0009077325033408,0.0,Italy,ITA,lombardy,,,Windows-11-10.0.26200-SP0,3.13.13,3.2.6,32,13th Gen Intel(R) Core(TM) i9-13900HX,1,1 x NVIDIA GeForce RTX 4070 Laptop GPU,9.1922,45.4722,31.70067596435547,machine,2.705714285714286,39.6,39.5,12.52593765258789,N,1.0,0.0
2026-05-05T12:53:57,Q216_qwen2.5:14b_HellaSwag,47b4836d-2e13-40e7-a995-e6f471ac608c,5b0fa12a-3dd7-45bb-9766-cc326314d9f1,15.36525060000713,0.0001156399476439,7.526069743629573e-06,13.49851951177143,49.52582753278939,20.0,5.572809598876885e-05,0.0002113668357599,8.256836944444029e-05,0.0003496633011931,0.0,Italy,ITA,lombardy,,,Windows-11-10.0.26200-SP0,3.13.13,3.2.6,32,13th Gen Intel(R) Core(TM) i9-13900HX,1,1 x NVIDIA GeForce RTX 4070 Laptop GPU,9.1922,45.4722,31.70067596435547,machine,7.6923076923076925,39.84615384615385,39.49230769230769,12.5108762887808,N,1.0,0.0
2026-05-05T12:54:49,Q217_qwen2.5:14b_SQuAD,a44b9b58-35cc-4bd6-a313-66b3dbdaea01,5b0fa12a-3dd7-45bb-9766-cc326314d9f1,7.149155299994163,5.0893232747522734e-05,7.118775661169968e-06,13.4552406848,46.38712337590142,20.0,2.484588382344685e-05,9.211090702193614e-05,3.693030555554692e-05,0.0001538870964009,0.0,Italy,ITA,lombardy,,,Windows-11-10.0.26200-SP0,3.13.13,3.2.6,32,13th Gen Intel(R) Core(TM) i9-13900HX,1,1 x NVIDIA GeForce RTX 4070 Laptop GPU,9.1922,45.4722,31.70067596435547,machine,0.0,59.8,39.48,12.509368896484377,N,1.0,0.0
2026-05-05T12:55:37,Q218_qwen2.5:14b_HumanEval,4d48e959-0399-44c8-99f7-d3b6aaea98fa,5b0fa12a-3dd7-45bb-9766-cc326314d9f1,22.53765420000127,0.0001796427599893,7.97078340075696e-06,13.481266792777143,55.76952858726011,20.0,8.096773191646571e-05,0.0003425988851899,0.0001196235327776,0.0005431901498841,0.0,Italy,ITA,lombardy,,,Windows-11-10.0.26200-SP0,3.13.13,3.2.6,32,13th Gen Intel(R) Core(TM) i9-13900HX,1,1 x NVIDIA GeForce RTX 4070 Laptop GPU,9.1922,45.4722,31.70067596435547,machine,0.0,39.25,39.510000000000005,12.532594108581543,N,1.0,0.0
2026-05-05T12:56:45,Q219_qwen2.5:14b_HumanEval,5991f142-207d-4679-8d18-2cfcaf639043,5b0fa12a-3dd7-45bb-9766-cc326314d9f1,23.144322700012708,0.0001808238315726,7.812880675592562e-06,13.4468139656,54.262344878651305,20.0,8.2741187263764e-05,0.000341041106166,0.0001229790911111,0.0005467613845409,0.0,Italy,ITA,lombardy,,,Windows-11-10.0.26200-SP0,3.13.13,3.2.6,32,13th Gen Intel(R) Core(TM) i9-13900HX,1,1 x NVIDIA GeForce RTX 4070 Laptop GPU,9.1922,45.4722,31.70067596435547,machine,0.0,42.95238095238095,39.4,12.494613829113188,N,1.0,0.0
2026-05-05T12:57:51,Q220_qwen2.5:14b_MMLU,af2b7e8d-b9fe-4571-98e3-8879177af8fe,5b0fa12a-3dd7-45bb-9766-cc326314d9f1,10.293391600003815,7.888258564803676e-05,7.663420251883502e-06,13.215132492800004,51.83240498701803,20.0,3.594074542488946e-05,0.0001481859518819,5.439248111110323e-05,0.0002385191784179,0.0,Italy,ITA,lombardy,,,Windows-11-10.0.26200-SP0,3.13.13,3.2.6,32,13th Gen Intel(R) Core(TM) i9-13900HX,1,1 x NVIDIA GeForce RTX 4070 Laptop GPU,9.1922,45.4722,31.70067596435547,machine,0.0,37.125,39.4,12.495858669281006,N,1.0,0.0
2026-05-05T12:58:29,Q221_qwen2.5:14b_SQuAD,3d50805f-c3ea-4fb2-92f7-02801df6565a,5b0fa12a-3dd7-45bb-9766-cc326314d9f1,3.606473499996355,2.210333798606548e-05,6.128795341512371e-06,12.910653171200002,38.40340152570495,20.0,1.113122697683451e-05,3.846058632400728e-05,1.7242583333346476e-05,6.683439663418827e-05,0.0,Italy,ITA,lombardy,,,Windows-11-10.0.26200-SP0,3.13.13,3.2.6,32,13th Gen Intel(R) Core(TM) i9-13900HX,1,1 x NVIDIA GeForce RTX 4070 Laptop GPU,9.1922,45.4722,31.70067596435547,machine,0.0,64.5,39.4,12.492034912109377,N,1.0,0.0
2026-05-05T12:59:04,Q222_qwen2.5:14b_HumanEval,6f6975cd-48bb-4bb1-b820-dbdf1b30d282,5b0fa12a-3dd7-45bb-9766-cc326314d9f1,19.162017299997387,0.0001467282940081,7.657246714214935e-06,13.230284440640002,53.06884072597559,20.0,6.733158417245673e-05,0.00027547799816,0.0001008563022221,0.0004436658845546,0.0,Italy,ITA,lombardy,,,Windows-11-10.0.26200-SP0,3.13.13,3.2.6,32,13th Gen Intel(R) Core(TM) i9-13900HX,1,1 x NVIDIA GeForce RTX 4070 Laptop GPU,9.1922,45.4722,31.70067596435547,machine,7.841176470588236,38.52941176470589,39.4,12.495372772216797,N,1.0,0.0
2026-05-05T12:59:57,Q223_qwen2.5:14b_MMLU,a4b70de9-8e5f-4aa5-92c4-da5029cf0daa,5b0fa12a-3dd7-45bb-9766-cc326314d9f1,8.093053800010239,5.96113581417193e-05,7.365743465296608e-06,13.368195710171433,48.88195179186995,20.0,2.8191304146945417e-05,0.0001098811990159,4.217579944452154e-05,0.0001802483026074,0.0,Italy,ITA,lombardy,,,Windows-11-10.0.26200-SP0,3.13.13,3.2.6,32,13th Gen Intel(R) Core(TM) i9-13900HX,1,1 x NVIDIA GeForce RTX 4070 Laptop GPU,9.1922,45.4722,31.70067596435547,machine,0.0,40.833333333333336,39.46666666666667,12.50818888346354,N,1.0,0.0
2026-05-05T13:00:39,Q224_qwen2.5:14b_HellaSwag,44209a5d-46b8-49b5-9636-6846f4779106,5b0fa12a-3dd7-45bb-9766-cc326314d9f1,16.592245199994068,0.0001597269149815,9.626600442332906e-06,6.77601462784,26.63569068232656,20.0,6.027564586595544e-05,0.000244356862152,0.0001783376205554,0.0004829701285734,0.0,Italy,ITA,lombardy,,,Windows-11-10.0.26200-SP0,3.13.13,3.2.6,32,13th Gen Intel(R) Core(TM) i9-13900HX,1,1 x NVIDIA GeForce RTX 4070 Laptop GPU,9.1922,45.4722,31.70067596435547,machine,0.0,42.85714285714285,39.521428571428565,12.536075047084264,N,1.0,0.0
2026-05-05T13:01:45,Q225_qwen2.5:14b_GSM8K,9aeb301f-102b-4dc7-9638-cf9a2bce2b88,5b0fa12a-3dd7-45bb-9766-cc326314d9f1,21.15184229999432,0.0001648018269017,7.79136987522756e-06,13.393651001600002,54.27338410122929,20.0,7.476940846624592e-05,0.00031167802712,0.0001118678266665,0.0004983152622528,0.0,Italy,ITA,lombardy,,,Windows-11-10.0.26200-SP0,3.13.13,3.2.6,32,13th Gen Intel(R) Core(TM) i9-13900HX,1,1 x NVIDIA GeForce RTX 4070 Laptop GPU,9.1922,45.4722,31.70067596435547,machine,9.773684210526316,40.8421052631579,39.5,12.527659366005343,N,1.0,0.0
2026-05-05T13:03:06,Q226_qwen2.5:14b_HumanEval,a41aae0e-6a08-4a20-b6b3-d1b8dfe33c04,5b0fa12a-3dd7-45bb-9766-cc326314d9f1,35.211058700006106,0.0002822593637127,8.016213488992678e-06,13.2512270024,55.5430091380807,20.0,0.0001246048606099,0.000541623211076,0.00018724638,0.000853474451686,0.0,Italy,ITA,lombardy,,,Windows-11-10.0.26200-SP0,3.13.13,3.2.6,32,13th Gen Intel(R) Core(TM) i9-13900HX,1,1 x NVIDIA GeForce RTX 4070 Laptop GPU,9.1922,45.4722,31.70067596435547,machine,6.136363636363637,42.03030303030303,39.5,12.529856595126065,N,1.0,0.0
2026-05-05T13:04:16,Q227_qwen2.5:14b_MMLU,715f526a-ee5f-4b2f-ab9d-481ef54f5d3e,5b0fa12a-3dd7-45bb-9766-cc326314d9f1,5.140037100005429,3.4489609805482275e-05,6.7099923861339145e-06,13.400910128,42.91489560132978,20.0,1.7262950058819378e-05,6.126088234204019e-05,2.576323333333777e-05,0.0001042870657341,0.0,Italy,ITA,lombardy,,,Windows-11-10.0.26200-SP0,3.13.13,3.2.6,32,13th Gen Intel(R) Core(TM) i9-13900HX,1,1 x NVIDIA GeForce RTX 4070 Laptop GPU,9.1922,45.4722,31.70067596435547,machine,0.0,38.0,39.5,12.521141052246094,N,1.0,0.0
2026-05-05T13:04:38,Q228_qwen2.5:14b_HellaSwag,a3f16caa-9b42-4c71-9505-33e6e25ae9dd,5b0fa12a-3dd7-45bb-9766-cc326314d9f1,7.1800076000072295,4.8720794519675394e-05,6.785618795114693e-06,13.4557771904,42.7576696175286,20.0,2.4958533167780783e-05,8.526340154402234e-05,3.709630777779643e-05,0.0001473182424895,0.0,Italy,ITA,lombardy,,,Windows-11-10.0.26200-SP0,3.13.13,3.2.6,32,13th Gen Intel(R) Core(TM) i9-13900HX,1,1 x NVIDIA GeForce RTX 4070 Laptop GPU,9.1922,45.4722,31.70067596435547,machine,0.0,48.0,39.5,12.524715423583984,N,1.0,0.0
2026-05-05T13:05:20,Q229_qwen2.5:14b_GSM8K,af61573d-a6d4-43eb-b2d1-cb053b78b72c,5b0fa12a-3dd7-45bb-9766-cc326314d9f1,16.45278189999226,0.000128597638875,7.816163835193028e-06,13.649875758080002,52.46503107066829,20.0,6.047587426609411e-05,0.000239758802918,8.860910777778674e-05,0.0003888437849619,0.0,Italy,ITA,lombardy,,,Windows-11-10.0.26200-SP0,3.13.13,3.2.6,32,13th Gen Intel(R) Core(TM) i9-13900HX,1,1 x NVIDIA GeForce RTX 4070 Laptop GPU,9.1922,45.4722,31.70067596435547,machine,0.0,50.21428571428572,39.5,12.52806227547782,N,1.0,0.0
2026-05-05T13:06:35,Q230_qwen2.5:14b_HumanEval,bb583c6a-615f-4da2-bd36-7d8af4437bd6,5b0fa12a-3dd7-45bb-9766-cc326314d9f1,30.43380249998881,0.0002452797902557,8.05945265156427e-06,13.315181738240002,55.6480108843824,20.0,0.0001089074534386,0.0004692812087579,0.0001634697605555,0.000741658422752,0.0,Italy,ITA,lombardy,,,Windows-11-10.0.26200-SP0,3.13.13,3.2.6,32,13th Gen Intel(R) Core(TM) i9-13900HX,1,1 x NVIDIA GeForce RTX 4070 Laptop GPU,9.1922,45.4722,31.70067596435547,machine,10.267857142857142,36.71428571428572,39.5,12.52100249699184,N,1.0,0.0
2026-05-05T13:08:08,Q231_qwen2.5:14b_HumanEval,ba284b2c-b275-4436-81bd-bccab7ee3945,5b0fa12a-3dd7-45bb-9766-cc326314d9f1,37.01296340000408,0.0002952780720554,7.977693352038329e-06,13.212726778605717,55.67413887340821,20.0,0.0001305778390227,0.00056501572979,0.0001972458655555,0.0008928394343684,0.0,Italy,ITA,lombardy,,,Windows-11-10.0.26200-SP0,3.13.13,3.2.6,32,13th Gen Intel(R) Core(TM) i9-13900HX,1,1 x NVIDIA GeForce RTX 4070 Laptop GPU,9.1922,45.4722,31.70067596435547,machine,0.0,38.74285714285714,39.51714285714286,12.527304077148438,N,1.0,0.0
2026-05-05T13:09:50,Q232_qwen2.5:14b_HumanEval,7a0dfa91-faea-4553-bbb7-a2e1ea844b0b,5b0fa12a-3dd7-45bb-9766-cc326314d9f1,37.19322360001388,0.000296979835634,7.984783433344297e-06,13.27493916514286,55.587470792709496,20.0,0.0001312217714922,0.0005685279548219,0.0001982353716667,0.0008979850979809,0.0,Italy,ITA,lombardy,,,Windows-11-10.0.26200-SP0,3.13.13,3.2.6,32,13th Gen Intel(R) Core(TM) i9-13900HX,1,1 x NVIDIA GeForce RTX 4070 Laptop GPU,9.1922,45.4722,31.70067596435547,machine,2.857142857142857,39.42857142857143,39.5,12.528973388671876,N,1.0,0.0
2026-05-05T13:11:14,Q233_qwen2.5:14b_SQuAD,6722d621-b926-424e-a817-46155a5d0ed5,5b0fa12a-3dd7-45bb-9766-cc326314d9f1,18.67141629999969,0.0001466756261855,7.855624009922089e-06,13.406236327040002,55.885141293922416,20.0,6.665265750928641e-05,0.000278709667412,9.814430666673514e-05,0.000443506631588,0.0,Italy,ITA,lombardy,,,Windows-11-10.0.26200-SP0,3.13.13,3.2.6,32,13th Gen Intel(R) Core(TM) i9-13900HX,1,1 x NVIDIA GeForce RTX 4070 Laptop GPU,9.1922,45.4722,31.70067596435547,machine,0.0,40.41176470588236,39.66470588235295,12.57197391285616,N,1.0,0.0
2026-05-05T13:12:45,Q234_qwen2.5:14b_HumanEval,7c0d5029-a72f-4c10-95c0-a19b9185b123,5b0fa12a-3dd7-45bb-9766-cc326314d9f1,25.21012060000794,0.0001959306863995,7.771905954289695e-06,14.23114648064,52.355678043932144,20.0,9.667095986491266e-05,0.0003613347335119,0.0001344346527777,0.0005924403461546,0.0,Italy,ITA,lombardy,,,Windows-11-10.0.26200-SP0,3.13.13,3.2.6,32,13th Gen Intel(R) Core(TM) i9-13900HX,1,1 x NVIDIA GeForce RTX 4070 Laptop GPU,9.1922,45.4722,31.70067596435547,machine,6.395652173913043,41.869565217391305,41.29565217391304,13.091418058975885,N,1.0,0.0
2026-05-05T13:14:30,Q235_qwen2.5:14b_GSM8K,8daea74d-bc99-43d3-8170-8e4a60101793,5b0fa12a-3dd7-45bb-9766-cc326314d9f1,29.790320500003872,0.0002350160020745,7.889005493395129e-06,14.03820863744,53.30358282464047,20.0,0.0001122714007022,0.000438425906296,0.0001599262516666,0.0007106235586648,0.0,Italy,ITA,lombardy,,,Windows-11-10.0.26200-SP0,3.13.13,3.2.6,32,13th Gen Intel(R) Core(TM) i9-13900HX,1,1 x NVIDIA GeForce RTX 4070 Laptop GPU,9.1922,45.4722,31.70067596435547,machine,10.292857142857144,38.035714285714285,41.625,13.198563848223005,N,1.0,0.0
2026-05-05T13:16:03,Q236_qwen2.5:14b_HellaSwag,0bf766bf-9dd4-4859-bc18-b0f9a7c08760,5b0fa12a-3dd7-45bb-9766-cc326314d9f1,7.523947800000315,5.069077579796675e-05,6.737257772836307e-06,13.824697472000002,41.81844270812499,20.0,2.6949779231538343e-05,8.73381254260508e-05,3.8987017777738704e-05,0.0001532749224353,0.0,Italy,ITA,lombardy,,,Windows-11-10.0.26200-SP0,3.13.13,3.2.6,32,13th Gen Intel(R) Core(TM) i9-13900HX,1,1 x NVIDIA GeForce RTX 4070 Laptop GPU,9.1922,45.4722,31.70067596435547,machine,0.0,43.2,41.42,13.138071441650393,N,1.0,0.0
2026-05-05T13:16:56,Q237_qwen2.5:14b_MMLU,10be68c6-26e5-4461-bb52-f3fb4153f192,5b0fa12a-3dd7-45bb-9766-cc326314d9f1,18.54332219999924,0.0001407859570296,7.592272598793321e-06,13.994647854080002,50.70593635057484,20.0,6.891499872506245e-05,0.000259383263062,9.739963500000564e-05,0.0004256978967871,0.0,Italy,ITA,lombardy,,,Windows-11-10.0.26200-SP0,3.13.13,3.2.6,32,13th Gen Intel(R) Core(TM) i9-13900HX,1,1 x NVIDIA GeForce RTX 4070 Laptop GPU,9.1922,45.4722,31.70067596435547,machine,0.0,40.0,41.5,13.15434718132019,N,1.0,0.0
2026-05-05T13:18:46,Q238_qwen2.5:14b_HumanEval,3adaf116-e6c4-49c9-930b-77e53bc1e1e9,5b0fa12a-3dd7-45bb-9766-cc326314d9f1,34.313323199996375,0.0002763640220043,8.054131638418386e-06,13.796356880320005,54.7993755222355,20.0,0.000127612376796,0.000525791809522,0.0001822443783333,0.0008356485646513,0.0,Italy,ITA,lombardy,,,Windows-11-10.0.26200-SP0,3.13.13,3.2.6,32,13th Gen Intel(R) Core(TM) i9-13900HX,1,1 x NVIDIA GeForce RTX 4070 Laptop GPU,9.1922,45.4722,31.70067596435547,machine,1.5625,39.78125,41.91875,13.28834593296051,N,1.0,0.0
2026-05-05T13:20:41,Q239_qwen2.5:14b_GSM8K,f208cb43-9bf0-4a3d-80be-e3dee1f89f18,5b0fa12a-3dd7-45bb-9766-cc326314d9f1,19.329325400001835,0.0001475589860736,7.633943917860869e-06,13.808011763840002,51.24628826244573,20.0,7.090886776755794e-05,0.000273464663216,0.0001018041372222,0.0004461776682058,0.0,Italy,ITA,lombardy,,,Windows-11-10.0.26200-SP0,3.13.13,3.2.6,32,13th Gen Intel(R) Core(TM) i9-13900HX,1,1 x NVIDIA GeForce RTX 4070 Laptop GPU,9.1922,45.4722,31.70067596435547,machine,9.664705882352942,41.88235294117647,44.0,13.949689977309284,N,1.0,0.0
2026-05-05T13:21:40,Q240_qwen2.5:14b_SQuAD,14d24c69-a96a-4536-bb5d-be0d50bd759d,5b0fa12a-3dd7-45bb-9766-cc326314d9f1,3.813264099997468,2.2798427890310302e-05,5.978717259663563e-06,13.2262592384,36.31440958719261,20.0,1.2149798247096936e-05,3.841503073198638e-05,1.837132777776181e-05,6.893615675684513e-05,0.0,Italy,ITA,lombardy,,,Windows-11-10.0.26200-SP0,3.13.13,3.2.6,32,13th Gen Intel(R) Core(TM) i9-13900HX,1,1 x NVIDIA GeForce RTX 4070 Laptop GPU,9.1922,45.4722,31.70067596435547,machine,0.0,23.0,44.35,14.059152603149414,N,1.0,0.0
2026-05-05T13:22:18,Q241_qwen2.5:14b_HumanEval,263971de-7ddb-4ea6-a937-beccd4dd15e7,5b0fa12a-3dd7-45bb-9766-cc326314d9f1,23.62478579999879,0.0001780018266824,7.534537167421928e-06,14.06213935488,47.88153243580948,20.0,8.790978548900403e-05,0.0003246797041879,0.0001256389305555,0.0005382284202325,0.0,Italy,ITA,lombardy,,,Windows-11-10.0.26200-SP0,3.13.13,3.2.6,32,13th Gen Intel(R) Core(TM) i9-13900HX,1,1 x NVIDIA GeForce RTX 4070 Laptop GPU,9.1922,45.4722,31.70067596435547,machine,1.818181818181818,36.76190476190476,43.7,13.85348163951527,N,1.0,0.0
2026-05-05T13:24:34,Q242_qwen2.5:14b_MMLU,303bb33b-c83e-488f-ba2d-5861a34696e8,5b0fa12a-3dd7-45bb-9766-cc326314d9f1,9.41738919999625,6.998510364840812e-05,7.431476193894162e-06,13.3254419024,49.35089347141236,20.0,3.299960293256636e-05,0.0001290881588259,4.952788555553222e-05,0.000211615647314,0.0,Italy,ITA,lombardy,,,Windows-11-10.0.26200-SP0,3.13.13,3.2.6,32,13th Gen Intel(R) Core(TM) i9-13900HX,1,1 x NVIDIA GeForce RTX 4070 Laptop GPU,9.1922,45.4722,31.70067596435547,machine,0.0,49.85714285714285,40.9,12.976414816720146,N,1.0,0.0
2026-05-05T13:25:28,Q243_qwen2.5:14b_GSM8K,d1bd87a8-efbb-4d0d-b194-c81949a73323,5b0fa12a-3dd7-45bb-9766-cc326314d9f1,18.467437100000097,0.0001383767643305,7.493013978131215e-06,13.12323383168,52.0823929691637,20.0,6.383829047463342e-05,0.0002576004838579,9.697438833334473e-05,0.0004184131626659,0.0,Italy,ITA,lombardy,,,Windows-11-10.0.26200-SP0,3.13.13,3.2.6,32,13th Gen Intel(R) Core(TM) i9-13900HX,1,1 x NVIDIA GeForce RTX 4070 Laptop GPU,9.1922,45.4722,31.70067596435547,machine,0.0,47.625,40.6,12.863225221633911,N,1.0,0.0
2026-05-05T13:26:17,Q244_qwen2.5:14b_SQuAD,cc380861-0a8a-4519-9a33-e646a9ec6026,5b0fa12a-3dd7-45bb-9766-cc326314d9f1,3.877045800007181,2.533854092523739e-05,6.535527881870897e-06,13.029965273600002,42.42985573453306,20.0,1.2209150212036482e-05,4.5668369868023806e-05,1.8739237777804697e-05,7.661675785786498e-05,0.0,Italy,ITA,lombardy,,,Windows-11-10.0.26200-SP0,3.13.13,3.2.6,32,13th Gen Intel(R) Core(TM) i9-13900HX,1,1 x NVIDIA GeForce RTX 4070 Laptop GPU,9.1922,45.4722,31.70067596435547,machine,0.0,37.5,40.7,12.904605865478516,N,1.0,0.0
2026-05-05T13:26:38,Q245_qwen2.5:14b_SQuAD,cb8095e2-68ce-4ece-9665-dc88e8fe6492,5b0fa12a-3dd7-45bb-9766-cc326314d9f1,6.0276928999956,4.193063199085239e-05,6.95633183151766e-06,13.218432389120002,45.28650125969882,20.0,2.0285973492990263e-05,7.5808116202003e-05,3.069257444440155e-05,0.0001267866641393,0.0,Italy,ITA,lombardy,,,Windows-11-10.0.26200-SP0,3.13.13,3.2.6,32,13th Gen Intel(R) Core(TM) i9-13900HX,1,1 x NVIDIA GeForce RTX 4070 Laptop GPU,9.1922,45.4722,31.70067596435547,machine,0.0,35.25,40.7,12.904860496520996,N,1.0,0.0
2026-05-05T13:26:57,Q246_qwen2.5:14b_SQuAD,fd4f87d5-ae83-4fd9-9253-e0f9f73e9967,5b0fa12a-3dd7-45bb-9766-cc326314d9f1,3.626088000004529,2.2342442759134427e-05,6.16158316044909e-06,13.000490892800002,38.65129471630773,20.0,1.1281446815769308e-05,3.892142002598353e-05,1.7354516666657422e-05,6.755738350841027e-05,0.0,Italy,ITA,lombardy,,,Windows-11-10.0.26200-SP0,3.13.13,3.2.6,32,13th Gen Intel(R) Core(TM) i9-13900HX,1,1 x NVIDIA GeForce RTX 4070 Laptop GPU,9.1922,45.4722,31.70067596435547,machine,0.0,37.0,40.7,12.910247802734377,N,1.0,0.0
2026-05-05T13:27:25,Q247_qwen2.5:14b_MMLU,2b0ab80e-7adf-485a-99a9-53e15aff78b9,5b0fa12a-3dd7-45bb-9766-cc326314d9f1,13.206432800012408,9.899485043621908e-05,7.495956851885549e-06,13.200595040000003,49.663411532242726,20.0,4.658350099979758e-05,0.0001821726457379,7.057697222222083e-05,0.00029933311896,0.0,Italy,ITA,lombardy,,,Windows-11-10.0.26200-SP0,3.13.13,3.2.6,32,13th Gen Intel(R) Core(TM) i9-13900HX,1,1 x NVIDIA GeForce RTX 4070 Laptop GPU,9.1922,45.4722,31.70067596435547,machine,0.0,45.81818181818182,40.71818181818182,12.914512634277344,N,1.0,0.0
2026-05-05T13:28:28,Q248_qwen2.5:14b_HumanEval,2e1d8350-9bd2-4be9-bcfc-72caea1e29c8,5b0fa12a-3dd7-45bb-9766-cc326314d9f1,27.330836900000577,0.0002167580573668,7.930897182546445e-06,13.183104409280002,54.71873856359569,20.0,9.645732868029628e-05,0.0004127075523879,0.0001462516894445,0.0006554165705127,0.0,Italy,ITA,lombardy,,,Windows-11-10.0.26200-SP0,3.13.13,3.2.6,32,13th Gen Intel(R) Core(TM) i9-13900HX,1,1 x NVIDIA GeForce RTX 4070 Laptop GPU,9.1922,45.4722,31.70067596435547,machine,8.0,39.48,40.7,12.90726593017578,N,1.0,0.0
2026-05-05T13:29:37,Q249_qwen2.5:14b_GSM8K,cae06e57-ea0b-40ff-8158-d34bc0c333d6,5b0fa12a-3dd7-45bb-9766-cc326314d9f1,13.323335599998243,9.8599510762718e-05,7.400512433442792e-06,13.4900775968,48.33525515308733,20.0,4.804251275026752e-05,0.00017886958754,7.122562055560088e-05,0.0002981377208459,0.0,Italy,ITA,lombardy,,,Windows-11-10.0.26200-SP0,3.13.13,3.2.6,32,13th Gen Intel(R) Core(TM) i9-13900HX,1,1 x NVIDIA GeForce RTX 4070 Laptop GPU,9.1922,45.4722,31.70067596435547,machine,0.0,45.27272727272727,40.7,12.899396722966976,N,1.0,0.0
2026-05-05T13:30:32,Q250_qwen2.5:14b_GSM8K,1ae61348-e464-43b1-ade6-7d8209285eff,5b0fa12a-3dd7-45bb-9766-cc326314d9f1,19.42733069999668,0.0001521179975819,7.830102855148557e-06,13.378391232320002,54.49494747779666,20.0,6.911608389095489e-05,0.0002884982863539,0.0001023484911111,0.000459962861356,0.0,Italy,ITA,lombardy,,,Windows-11-10.0.26200-SP0,3.13.13,3.2.6,32,13th Gen Intel(R) Core(TM) i9-13900HX,1,1 x NVIDIA GeForce RTX 4070 Laptop GPU,9.1922,45.4722,31.70067596435547,machine,0.0,42.47058823529412,40.8,12.926378137925091,N,1.0,0.0
2026-05-05T13:31:38,Q251_qwen2.5:14b_SQuAD,226348ca-71ac-4929-9a4a-0a9edf4616e1,5b0fa12a-3dd7-45bb-9766-cc326314d9f1,21.297183500006213,0.0001682759833473,7.901325700993915e-06,13.20123377984,54.53811915581837,20.0,7.455655851564439e-05,0.0003215308127799,0.0001127327816666,0.0005088201529622,0.0,Italy,ITA,lombardy,,,Windows-11-10.0.26200-SP0,3.13.13,3.2.6,32,13th Gen Intel(R) Core(TM) i9-13900HX,1,1 x NVIDIA GeForce RTX 4070 Laptop GPU,9.1922,45.4722,31.70067596435547,machine,0.0,42.21052631578947,40.61578947368421,12.882655093544408,N,1.0,0.0
2026-05-05T13:32:52,Q252_qwen2.5:14b_HumanEval,baea912c-d574-485f-9ce4-7fb55e725b0d,5b0fa12a-3dd7-45bb-9766-cc326314d9f1,28.06434939999599,0.0002248603270516,8.012312127631748e-06,13.391461713033848,55.30704771566586,20.0,0.0001005525568247,0.000429038676564,0.0001503243655555,0.0006799155989443,0.0,Italy,ITA,lombardy,,,Windows-11-10.0.26200-SP0,3.13.13,3.2.6,32,13th Gen Intel(R) Core(TM) i9-13900HX,1,1 x NVIDIA GeForce RTX 4070 Laptop GPU,9.1922,45.4722,31.70067596435547,machine,3.8461538461538463,38.80769230769231,40.60384615384616,12.880748455341044,N,1.0,0.0
2026-05-05T13:34:24,Q253_qwen2.5:14b_HumanEval,5359e00b-ebfc-4ee0-8980-69c0648f51aa,5b0fa12a-3dd7-45bb-9766-cc326314d9f1,37.05616300000111,0.0002951157966796,7.964013885616202e-06,13.169474358925717,54.51563799710283,20.0,0.0001302702356114,0.000564593785008,0.0001974847377778,0.0008923487583973,0.0,Italy,ITA,lombardy,,,Windows-11-10.0.26200-SP0,3.13.13,3.2.6,32,13th Gen Intel(R) Core(TM) i9-13900HX,1,1 x NVIDIA GeForce RTX 4070 Laptop GPU,9.1922,45.4722,31.70067596435547,machine,2.857142857142857,40.08571428571429,40.6,12.879193006243025,N,1.0,0.0
2026-05-05T13:35:59,Q254_qwen2.5:14b_HumanEval,7db7e1d2-a319-4b0b-81df-c032de62ef5b,5b0fa12a-3dd7-45bb-9766-cc326314d9f1,30.083834400007618,0.0002404640181034,7.993130626439296e-06,13.324659491840002,54.91173140108423,20.0,0.0001077191060815,0.000457842866274,0.0001615348838888,0.0007270968562443,0.0,Italy,ITA,lombardy,,,Windows-11-10.0.26200-SP0,3.13.13,3.2.6,32,13th Gen Intel(R) Core(TM) i9-13900HX,1,1 x NVIDIA GeForce RTX 4070 Laptop GPU,9.1922,45.4722,31.70067596435547,machine,0.0,41.142857142857146,40.60357142857144,12.881068093436104,N,1.0,0.0
2026-05-05T13:37:25,Q255_qwen2.5:14b_HumanEval,b718c174-90ea-494b-a954-7e238f0b4299,5b0fa12a-3dd7-45bb-9766-cc326314d9f1,30.32786079999641,0.00023890659866,7.87746291225587e-06,13.57665536384,53.54481778382136,20.0,0.0001106085670467,0.0004488725813199,0.0001629065011111,0.0007223876494778,0.0,Italy,ITA,lombardy,,,Windows-11-10.0.26200-SP0,3.13.13,3.2.6,32,13th Gen Intel(R) Core(TM) i9-13900HX,1,1 x NVIDIA GeForce RTX 4070 Laptop GPU,9.1922,45.4722,31.70067596435547,machine,0.0,42.60714285714285,40.6,12.873644692557198,N,1.0,0.0
2026-05-05T13:38:44,Q256_qwen2.5:14b_GSM8K,72aad2b1-bc35-464a-99e1-ead7aaee92f5,5b0fa12a-3dd7-45bb-9766-cc326314d9f1,23.580807099991944,0.0001826763700503,7.746824325213829e-06,13.26810249488,53.30951922662801,20.0,8.321671376333153e-05,0.000343726941648,0.0001254192944443,0.0005523629498557,0.0,Italy,ITA,lombardy,,,Windows-11-10.0.26200-SP0,3.13.13,3.2.6,32,13th Gen Intel(R) Core(TM) i9-13900HX,1,1 x NVIDIA GeForce RTX 4070 Laptop GPU,9.1922,45.4722,31.70067596435547,machine,0.0,43.80952380952381,40.6,12.87460436139788,N,1.0,0.0
2026-05-05T13:39:42,Q257_qwen2.5:14b_SQuAD,ba0372c0-86dc-432a-ad07-20ee5ce265cb,5b0fa12a-3dd7-45bb-9766-cc326314d9f1,3.1534560000000056,1.5910165640450146e-05,5.045310808348085e-06,13.125550534400004,27.094884470808363,20.0,9.662840712131015e-06,2.37222411999527e-05,1.472286999996868e-05,4.81079519120524e-05,0.0,Italy,ITA,lombardy,,,Windows-11-10.0.26200-SP0,3.13.13,3.2.6,32,13th Gen Intel(R) Core(TM) i9-13900HX,1,1 x NVIDIA GeForce RTX 4070 Laptop GPU,9.1922,45.4722,31.70067596435547,machine,0.0,98.0,40.6,12.878311157226562,N,1.0,0.0
2026-05-05T13:40:25,Q258_qwen2.5:14b_HumanEval,3c50b557-7534-4be2-a63d-f7ab7f678745,5b0fa12a-3dd7-45bb-9766-cc326314d9f1,28.033981100001256,0.0002204596940487,7.864016646880658e-06,13.195159605366154,54.08317853663729,20.0,9.91403248525404e-05,0.0004173145005179,0.0001501544733333,0.0006666092987038,0.0,Italy,ITA,lombardy,,,Windows-11-10.0.26200-SP0,3.13.13,3.2.6,32,13th Gen Intel(R) Core(TM) i9-13900HX,1,1 x NVIDIA GeForce RTX 4070 Laptop GPU,9.1922,45.4722,31.70067596435547,machine,0.0,40.26923076923077,40.62307692307692,12.884721462543194,N,1.0,0.0
2026-05-05T13:41:34,Q259_qwen2.5:14b_GSM8K,401f09f7-1bd8-4ad4-98fc-c9c9ed38b770,5b0fa12a-3dd7-45bb-9766-cc326314d9f1,13.029151899987482,9.696601082668988e-05,7.44223504116051e-06,13.5240297728,48.7942924081334,20.0,4.705359140892589e-05,0.0001765606968039,6.958417944438729e-05,0.0002931984676573,0.0,Italy,ITA,lombardy,,,Windows-11-10.0.26200-SP0,3.13.13,3.2.6,32,13th Gen Intel(R) Core(TM) i9-13900HX,1,1 x NVIDIA GeForce RTX 4070 Laptop GPU,9.1922,45.4722,31.70067596435547,machine,4.545454545454546,46.54545454545455,40.7,12.889670978892934,N,1.0,0.0
2026-05-05T13:42:14,Q260_qwen2.5:14b_SQuAD,42e2f849-1529-4867-83eb-56f48827040e,5b0fa12a-3dd7-45bb-9766-cc326314d9f1,4.91166900000826,3.231027278013694e-05,6.578267546140142e-06,13.087538336,41.96436542786905,20.0,1.601798322297991e-05,5.720199020597949e-05,2.447737833337871e-05,9.769735176233813e-05,0.0,Italy,ITA,lombardy,,,Windows-11-10.0.26200-SP0,3.13.13,3.2.6,32,13th Gen Intel(R) Core(TM) i9-13900HX,1,1 x NVIDIA GeForce RTX 4070 Laptop GPU,9.1922,45.4722,31.70067596435547,machine,33.333333333333336,38.333333333333336,40.63333333333333,12.886370340983072,N,1.0,0.0
2026-05-05T13:42:57,Q261_qwen2.5:14b_GSM8K,0c6980fd-4949-4f8d-ab0f-59f69d852e71,5b0fa12a-3dd7-45bb-9766-cc326314d9f1,18.553112199995667,0.0001443931369415,7.78269087067526e-06,13.359313583360002,53.580393586292416,20.0,6.51476112526934e-05,0.000273970774732,9.748662777783466e-05,0.0004366050137625,0.0,Italy,ITA,lombardy,,,Windows-11-10.0.26200-SP0,3.13.13,3.2.6,32,13th Gen Intel(R) Core(TM) i9-13900HX,1,1 x NVIDIA GeForce RTX 4070 Laptop GPU,9.1922,45.4722,31.70067596435547,machine,0.0,38.9375,40.625,12.883872509002686,N,1.0,0.0
2026-05-05T13:43:49,Q262_qwen2.5:14b_HellaSwag,fa66f6a5-d419-4ec4-8483-99dd63d9b25f,5b0fa12a-3dd7-45bb-9766-cc326314d9f1,6.48102769999241,4.2604495624257287e-05,6.573725278833044e-06,13.5128196992,40.64770077717437,20.0,2.244242389724413e-05,7.316616964397893e-05,3.321564833329628e-05,0.0001288242418745,0.0,Italy,ITA,lombardy,,,Windows-11-10.0.26200-SP0,3.13.13,3.2.6,32,13th Gen Intel(R) Core(TM) i9-13900HX,1,1 x NVIDIA GeForce RTX 4070 Laptop GPU,9.1922,45.4722,31.70067596435547,machine,0.0,40.0,40.625,12.885854721069336,N,1.0,0.0
2026-05-05T13:44:28,Q263_qwen2.5:14b_MMLU,3263d4c6-9a5e-43b2-9a0c-ea363eb7c83a,5b0fa12a-3dd7-45bb-9766-cc326314d9f1,13.698568899999373,0.0001030935677291,7.525864087097883e-06,13.144269936246154,49.9997979832205,20.0,4.817875107617338e-05,0.000190240985526,7.330677277778806e-05,0.00031172650938,0.0,Italy,ITA,lombardy,,,Windows-11-10.0.26200-SP0,3.13.13,3.2.6,32,13th Gen Intel(R) Core(TM) i9-13900HX,1,1 x NVIDIA GeForce RTX 4070 Laptop GPU,9.1922,45.4722,31.70067596435547,machine,0.0,42.833333333333336,40.69166666666667,12.899976094563804,N,1.0,0.0
2026-05-05T13:45:10,Q264_qwen2.5:14b_SQuAD,47fa7e11-7921-48ca-a2ad-402c9a5ba97d,5b0fa12a-3dd7-45bb-9766-cc326314d9f1,6.893174500000896,4.552888381723445e-05,6.604922567567168e-06,13.059480300800002,41.2585447186238,20.0,2.318071574674772e-05,7.898672985601207e-05,3.549933944442374e-05,0.0001376667850471,0.0,Italy,ITA,lombardy,,,Windows-11-10.0.26200-SP0,3.13.13,3.2.6,32,13th Gen Intel(R) Core(TM) i9-13900HX,1,1 x NVIDIA GeForce RTX 4070 Laptop GPU,9.1922,45.4722,31.70067596435547,machine,0.0,45.8,40.6,12.87552261352539,N,1.0,0.0
2026-05-05T13:45:53,Q265_qwen2.5:14b_MMLU,e48c1352-f7eb-48ef-80c5-fc52616ae63d,5b0fa12a-3dd7-45bb-9766-cc326314d9f1,17.43665280001005,0.0001361219648282,7.80665683887461e-06,13.20292519616,53.89730012133328,20.0,6.0832857273148055e-05,0.00025949604093,9.126637277780296e-05,0.0004115952709809,0.0,Italy,ITA,lombardy,,,Windows-11-10.0.26200-SP0,3.13.13,3.2.6,32,13th Gen Intel(R) Core(TM) i9-13900HX,1,1 x NVIDIA GeForce RTX 4070 Laptop GPU,9.1922,45.4722,31.70067596435547,machine,0.0,44.13333333333333,40.6,12.87099380493164,N,1.0,0.0
2026-05-05T13:47:02,Q266_qwen2.5:14b_HumanEval,ec1dc85c-6101-47e5-a805-ac6806ddc6e9,5b0fa12a-3dd7-45bb-9766-cc326314d9f1,24.27381140000944,0.0001910716307582,7.871513361027282e-06,13.54074602752,54.14923236519719,20.0,8.78451832632991e-05,0.0003606219551639,0.000129280763889,0.0005777479023162,0.0,Italy,ITA,lombardy,,,Windows-11-10.0.26200-SP0,3.13.13,3.2.6,32,13th Gen Intel(R) Core(TM) i9-13900HX,1,1 x NVIDIA GeForce RTX 4070 Laptop GPU,9.1922,45.4722,31.70067596435547,machine,0.0,37.0,40.66818181818182,12.888879602605646,N,1.0,0.0
2026-05-05T13:48:35,Q267_qwen2.5:14b_HumanEval,da82da97-e398-4617-ad64-c90dc869aaba,5b0fa12a-3dd7-45bb-9766-cc326314d9f1,37.5980780999962,0.0003023601101251,8.041903347320717e-06,13.202842510468573,56.07332434748272,20.0,0.0001324594460274,0.000581290465032,0.0002005036527779,0.0009142535638374,0.0,Italy,ITA,lombardy,,,Windows-11-10.0.26200-SP0,3.13.13,3.2.6,32,13th Gen Intel(R) Core(TM) i9-13900HX,1,1 x NVIDIA GeForce RTX 4070 Laptop GPU,9.1922,45.4722,31.70067596435547,machine,0.5714285714285714,39.65714285714286,40.6,12.865711757114957,N,1.0,0.0
2026-05-05T13:49:53,Q268_qwen2.5:14b_HellaSwag,ed1c89e5-2da0-40f6-8a6c-32406fa8c3be,5b0fa12a-3dd7-45bb-9766-cc326314d9f1,12.65839739999501,9.437044352894452e-05,7.455165179834038e-06,13.3713087104,49.10938833458437,20.0,4.515117891986544e-05,0.0001726654159099,6.753359333330689e-05,0.0002853501881631,0.0,Italy,ITA,lombardy,,,Windows-11-10.0.26200-SP0,3.13.13,3.2.6,32,13th Gen Intel(R) Core(TM) i9-13900HX,1,1 x NVIDIA GeForce RTX 4070 Laptop GPU,9.1922,45.4722,31.70067596435547,machine,0.0,40.36363636363637,40.6,12.87064534967596,N,1.0,0.0
2026-05-05T13:50:36,Q269_qwen2.5:14b_HellaSwag,31532f84-2a2a-49b9-a3f9-b536c6bf59aa,5b0fa12a-3dd7-45bb-9766-cc326314d9f1,7.857380400004331,5.33198839871043e-05,6.785961894765196e-06,13.16061284754286,42.85659527425263,20.0,2.687895053320996e-05,9.349896368804345e-05,4.084670611118782e-05,0.0001612246203324,0.0,Italy,ITA,lombardy,,,Windows-11-10.0.26200-SP0,3.13.13,3.2.6,32,13th Gen Intel(R) Core(TM) i9-13900HX,1,1 x NVIDIA GeForce RTX 4070 Laptop GPU,9.1922,45.4722,31.70067596435547,machine,14.583333333333334,41.333333333333336,40.6,12.868368784586588,N,1.0,0.0
2026-05-05T13:51:15,Q270_qwen2.5:14b_MMLU,48b34a27-dd0e-4389-a2ff-296aed12178d,5b0fa12a-3dd7-45bb-9766-cc326314d9f1,14.26713560000644,0.000109070091767,7.64484861046949e-06,13.577926529969233,50.82596553233238,20.0,5.191531825402954e-05,0.0002014132166859,7.646933444444182e-05,0.0003297978693844,0.0,Italy,ITA,lombardy,,,Windows-11-10.0.26200-SP0,3.13.13,3.2.6,32,13th Gen Intel(R) Core(TM) i9-13900HX,1,1 x NVIDIA GeForce RTX 4070 Laptop GPU,9.1922,45.4722,31.70067596435547,machine,7.408333333333334,37.833333333333336,40.6,12.879342714945476,N,1.0,0.0
2026-05-05T13:52:18,Q271_qwen2.5:14b_GSM8K,3d002049-8f89-42a3-a7c4-5954e1282e19,5b0fa12a-3dd7-45bb-9766-cc326314d9f1,17.05265490000602,0.0001330366028944,7.801518512777787e-06,13.31414109248,59.09742688774411,20.0,6.0401509345341633e-05,0.00025270714661,8.915733166674425e-05,0.0004022659876221,0.0,Italy,ITA,lombardy,,,Windows-11-10.0.26200-SP0,3.13.13,3.2.6,32,13th Gen Intel(R) Core(TM) i9-13900HX,1,1 x NVIDIA GeForce RTX 4070 Laptop GPU,9.1922,45.4722,31.70067596435547,machine,0.0,43.53333333333333,40.63333333333333,12.883453877766929,N,1.0,0.0
2026-05-05T13:53:22,Q272_qwen2.5:14b_HellaSwag,16f723a9-7f6a-46ad-877e-df7ca2132871,5b0fa12a-3dd7-45bb-9766-cc326314d9f1,18.8718927000009,0.0001471036832691,7.794855852964718e-06,13.09126432064,53.40820644525694,20.0,6.529692280886569e-05,0.0002802563353159,9.924769999997807e-05,0.0004448009581248,0.0,Italy,ITA,lombardy,,,Windows-11-10.0.26200-SP0,3.13.13,3.2.6,32,13th Gen Intel(R) Core(TM) i9-13900HX,1,1 x NVIDIA GeForce RTX 4070 Laptop GPU,9.1922,45.4722,31.70067596435547,machine,0.0,41.70588235294117,40.6,12.869904237634996,N,1.0,0.0
2026-05-05T13:54:18,Q273_qwen2.5:14b_GSM8K,28b050cd-6ae0-4084-ac3a-7af9c9e1c778,5b0fa12a-3dd7-45bb-9766-cc326314d9f1,9.449367000008351,6.830065300755175e-05,7.228066494558989e-06,13.504922379200002,46.96176590086136,20.0,3.3564172980964404e-05,0.0001232523208239,4.970583944442397e-05,0.0002065223332493,0.0,Italy,ITA,lombardy,,,Windows-11-10.0.26200-SP0,3.13.13,3.2.6,32,13th Gen Intel(R) Core(TM) i9-13900HX,1,1 x NVIDIA GeForce RTX 4070 Laptop GPU,9.1922,45.4722,31.70067596435547,machine,14.285714285714286,33.0,40.67142857142858,12.887732914515905,N,1.0,0.0
2026-05-05T13:55:00,Q274_qwen2.5:14b_HellaSwag,abbe122e-e5dc-4ce6-98ce-37293593658c,5b0fa12a-3dd7-45bb-9766-cc326314d9f1,7.259286900007282,5.055211182080445e-05,6.963784806570152e-06,13.4465707328,44.70957818506483,20.0,2.522869207092991e-05,9.01034054159866e-05,3.75235433333728e-05,0.0001528556408202,0.0,Italy,ITA,lombardy,,,Windows-11-10.0.26200-SP0,3.13.13,3.2.6,32,13th Gen Intel(R) Core(TM) i9-13900HX,1,1 x NVIDIA GeForce RTX 4070 Laptop GPU,9.1922,45.4722,31.70067596435547,machine,0.0,40.4,40.6,12.880840301513672,N,1.0,0.0
2026-05-05T13:55:32,Q275_qwen2.5:14b_MMLU,4445a685-7f47-44bc-ae5e-a8c4e887bafd,5b0fa12a-3dd7-45bb-9766-cc326314d9f1,6.748204400006216,4.948051929497396e-05,7.33239782940309e-06,13.416205760000002,48.89482580608035,20.0,2.3276780097801235e-05,9.164007331202706e-05,3.46985872222932e-05,0.0001496154406321,0.0,Italy,ITA,lombardy,,,Windows-11-10.0.26200-SP0,3.13.13,3.2.6,32,13th Gen Intel(R) Core(TM) i9-13900HX,1,1 x NVIDIA GeForce RTX 4070 Laptop GPU,9.1922,45.4722,31.70067596435547,machine,0.0,30.6,40.64,12.88389892578125,N,1.0,0.0
2026-05-05T13:56:02,Q276_qwen2.5:14b_SQuAD,9a185524-fafe-4abd-a936-6cf7e07bf736,5b0fa12a-3dd7-45bb-9766-cc326314d9f1,4.649479999992764,3.037234105646341e-05,6.532416755531948e-06,13.070690768000002,41.6847141397695,20.0,1.504342725188169e-05,5.3776431910013134e-05,2.3017721666676355e-05,9.18375808285712e-05,0.0,Italy,ITA,lombardy,,,Windows-11-10.0.26200-SP0,3.13.13,3.2.6,32,13th Gen Intel(R) Core(TM) i9-13900HX,1,1 x NVIDIA GeForce RTX 4070 Laptop GPU,9.1922,45.4722,31.70067596435547,machine,0.0,57.66666666666666,40.63333333333333,12.884613037109377,N,1.0,0.0
2026-05-05T13:56:25,Q277_qwen2.5:14b_SQuAD,23732823-1c22-4c3f-897c-61f0dea4dd50,5b0fa12a-3dd7-45bb-9766-cc326314d9f1,8.764602900002501,6.693367982054612e-05,7.63681830017958e-06,13.4730568064,51.62280443634607,20.0,3.0905788496220387e-05,0.000125606211596,4.58769833333564e-05,0.0002023889834255,0.0,Italy,ITA,lombardy,,,Windows-11-10.0.26200-SP0,3.13.13,3.2.6,32,13th Gen Intel(R) Core(TM) i9-13900HX,1,1 x NVIDIA GeForce RTX 4070 Laptop GPU,9.1922,45.4722,31.70067596435547,machine,0.0,42.42857142857143,40.68571428571429,12.887757982526509,N,1.0,0.0
2026-05-05T13:56:57,Q278_qwen2.5:14b_SQuAD,0cfbd8e3-e1d0-4f9d-a205-bcebcd2b4c8b,5b0fa12a-3dd7-45bb-9766-cc326314d9f1,6.567571899999166,4.660374837959389e-05,7.096039310905726e-06,13.13350544,46.66385280074195,20.0,2.212422644498783e-05,8.510229030400662e-05,3.369036222219519e-05,0.0001409168789711,0.0,Italy,ITA,lombardy,,,Windows-11-10.0.26200-SP0,3.13.13,3.2.6,32,13th Gen Intel(R) Core(TM) i9-13900HX,1,1 x NVIDIA GeForce RTX 4070 Laptop GPU,9.1922,45.4722,31.70067596435547,machine,18.0,43.4,40.6,12.883338928222656,N,1.0,0.0
2026-05-05T13:57:31,Q279_qwen2.5:14b_HellaSwag,4fa47ae4-46b4-4a85-a5e3-510a559f8f81,5b0fa12a-3dd7-45bb-9766-cc326314d9f1,8.470566599993617,6.0616827685845416e-05,7.156171546528079e-06,13.35986461074286,46.5244459510096,20.0,2.956918868718158e-05,0.000109454532008,4.426484444443809e-05,0.0001832885651396,0.0,Italy,ITA,lombardy,,,Windows-11-10.0.26200-SP0,3.13.13,3.2.6,32,13th Gen Intel(R) Core(TM) i9-13900HX,1,1 x NVIDIA GeForce RTX 4070 Laptop GPU,9.1922,45.4722,31.70067596435547,machine,0.0,33.166666666666664,40.6,12.881481170654297,N,1.0,0.0
2026-05-05T13:58:03,Q280_qwen2.5:14b_HellaSwag,b9400478-df28-40f5-afd3-8bc001d812b9,5b0fa12a-3dd7-45bb-9766-cc326314d9f1,7.061440899997251,5.045903185995536e-05,7.145713258037039e-06,13.975425344,46.23838237759649,20.0,2.5461165154387845e-05,9.067673920798436e-05,3.643628833338476e-05,0.0001525741926957,0.0,Italy,ITA,lombardy,,,Windows-11-10.0.26200-SP0,3.13.13,3.2.6,32,13th Gen Intel(R) Core(TM) i9-13900HX,1,1 x NVIDIA GeForce RTX 4070 Laptop GPU,9.1922,45.4722,31.70067596435547,machine,0.0,61.2,41.34,13.10259246826172,N,1.0,0.0
2026-05-05T13:58:39,Q281_qwen2.5:14b_GSM8K,67ef7e5d-3fac-4caf-8966-f82e5e19bd5a,5b0fa12a-3dd7-45bb-9766-cc326314d9f1,11.130047500002547,8.004805409874204e-05,7.192067607862745e-06,13.89268100864,45.93260044372767,20.0,4.1010638244344686e-05,0.000141994280262,5.903831499995754e-05,0.0002420432335063,0.0,Italy,ITA,lombardy,,,Windows-11-10.0.26200-SP0,3.13.13,3.2.6,32,13th Gen Intel(R) Core(TM) i9-13900HX,1,1 x NVIDIA GeForce RTX 4070 Laptop GPU,9.1922,45.4722,31.70067596435547,machine,16.666666666666668,41.333333333333336,41.266666666666666,13.080779181586372,N,1.0,0.0
2026-05-05T13:59:32,Q282_qwen2.5:14b_GSM8K,45c8710a-9973-4426-96ac-341c7c27fff5,5b0fa12a-3dd7-45bb-9766-cc326314d9f1,17.683227800007444,0.0001351153111411,7.640873751630132e-06,13.074022054400002,52.05962451352904,20.0,6.128299645789646e-05,0.000254614370358,9.265406111113002e-05,0.000408551427927,0.0,Italy,ITA,lombardy,,,Windows-11-10.0.26200-SP0,3.13.13,3.2.6,32,13th Gen Intel(R) Core(TM) i9-13900HX,1,1 x NVIDIA GeForce RTX 4070 Laptop GPU,9.1922,45.4722,31.70067596435547,machine,5.0,32.75,41.08125,13.019747018814089,N,1.0,0.0
2026-05-05T14:00:24,Q283_qwen2.5:14b_HellaSwag,bcd2c5b7-d975-4b7a-ac23-09fa28ad5246,5b0fa12a-3dd7-45bb-9766-cc326314d9f1,7.0391101999994135,4.828052292050778e-05,6.85889573379769e-06,13.101680960000005,43.93096347167474,20.0,2.378942669835417e-05,8.58834020399657e-05,3.631415388889663e-05,0.0001459869826272,0.0,Italy,ITA,lombardy,,,Windows-11-10.0.26200-SP0,3.13.13,3.2.6,32,13th Gen Intel(R) Core(TM) i9-13900HX,1,1 x NVIDIA GeForce RTX 4070 Laptop GPU,9.1922,45.4722,31.70067596435547,machine,0.0,47.0,41.04,13.012633514404296,N,1.0,0.0
2026-05-05T14:01:01,Q284_qwen2.5:14b_HellaSwag,80b895d2-d3f3-45f3-961f-8409a3f2d4b2,5b0fa12a-3dd7-45bb-9766-cc326314d9f1,11.850897399999669,8.999976256905562e-05,7.594341553328961e-06,13.185024267636363,50.89675207245229,20.0,4.156103616873096e-05,0.0001675315229139,6.304189555553927e-05,0.0002721344546382,0.0,Italy,ITA,lombardy,,,Windows-11-10.0.26200-SP0,3.13.13,3.2.6,32,13th Gen Intel(R) Core(TM) i9-13900HX,1,1 x NVIDIA GeForce RTX 4070 Laptop GPU,9.1922,45.4722,31.70067596435547,machine,0.0,39.1,41.03,13.010888290405273,N,1.0,0.0
2026-05-05T14:01:46,Q285_qwen2.5:14b_HellaSwag,707a6718-2c13-40b9-9631-9c00595aed6b,5b0fa12a-3dd7-45bb-9766-cc326314d9f1,9.083983200005605,6.828376510622106e-05,7.516940928091868e-06,13.372785876800002,50.30333210316139,20.0,3.1878617916813544e-05,0.000126916490422,4.76761605555819e-05,0.0002064712688944,0.0,Italy,ITA,lombardy,,,Windows-11-10.0.26200-SP0,3.13.13,3.2.6,32,13th Gen Intel(R) Core(TM) i9-13900HX,1,1 x NVIDIA GeForce RTX 4070 Laptop GPU,9.1922,45.4722,31.70067596435547,machine,0.0,33.57142857142857,41.0,12.995610918317524,N,1.0,0.0
2026-05-05T14:02:19,Q286_qwen2.5:14b_HellaSwag,5bf4fa7e-c686-4ecf-ba62-c57864b79d1d,5b0fa12a-3dd7-45bb-9766-cc326314d9f1,7.761371799992048,5.375488654110848e-05,6.925951742340645e-06,13.131950314057145,44.41156173801489,20.0,2.647886591266828e-05,9.57345210320093e-05,4.032656111109342e-05,0.0001625399480557,0.0,Italy,ITA,lombardy,,,Windows-11-10.0.26200-SP0,3.13.13,3.2.6,32,13th Gen Intel(R) Core(TM) i9-13900HX,1,1 x NVIDIA GeForce RTX 4070 Laptop GPU,9.1922,45.4722,31.70067596435547,machine,16.666666666666668,50.5,40.98333333333333,12.987455368041992,N,1.0,0.0
2026-05-05T14:02:50,Q287_qwen2.5:14b_HellaSwag,e4a2aacc-9786-4ec7-95b0-de47f20c9d09,5b0fa12a-3dd7-45bb-9766-cc326314d9f1,6.722318800006178,4.670687496375361e-05,6.948030337940932e-06,13.1695265792,44.94613334174126,20.0,2.2755412068845983e-05,8.391645602201514e-05,3.4556837222286655e-05,0.0001412287053131,0.0,Italy,ITA,lombardy,,,Windows-11-10.0.26200-SP0,3.13.13,3.2.6,32,13th Gen Intel(R) Core(TM) i9-13900HX,1,1 x NVIDIA GeForce RTX 4070 Laptop GPU,9.1922,45.4722,31.70067596435547,machine,0.0,37.2,40.94,12.98051528930664,N,1.0,0.0
2026-05-05T14:03:26,Q288_qwen2.5:14b_MMLU,70badf50-ba00-4fc8-993d-bd5700899d46,5b0fa12a-3dd7-45bb-9766-cc326314d9f1,9.962174300002516,7.20568073080066e-05,7.233040211712457e-06,13.1485593728,47.26329124097354,20.0,3.4550964726303264e-05,0.00013077510462,5.2553838333309005e-05,0.0002178799076796,0.0,Italy,ITA,lombardy,,,Windows-11-10.0.26200-SP0,3.13.13,3.2.6,32,13th Gen Intel(R) Core(TM) i9-13900HX,1,1 x NVIDIA GeForce RTX 4070 Laptop GPU,9.1922,45.4722,31.70067596435547,machine,0.0,34.5,40.9,12.970303058624268,N,1.0,0.0
2026-05-05T14:03:58,Q289_qwen2.5:14b_SQuAD,072b7d83-9285-4829-9b29-3aa9d967dc3a,5b0fa12a-3dd7-45bb-9766-cc326314d9f1,7.38751049998973,5.456986417467991e-05,7.386773145670083e-06,13.189339155200004,49.48639876422797,20.0,2.5223093261197653e-05,0.000101534247894,3.824687444438395e-05,0.0001650042155996,0.0,Italy,ITA,lombardy,,,Windows-11-10.0.26200-SP0,3.13.13,3.2.6,32,13th Gen Intel(R) Core(TM) i9-13900HX,1,1 x NVIDIA GeForce RTX 4070 Laptop GPU,9.1922,45.4722,31.70067596435547,machine,0.0,35.6,40.9,12.960131072998047,N,1.0,0.0
2026-05-05T14:04:26,Q290_qwen2.5:14b_SQuAD,1828e975-3922-4016-b80b-9b6a1d467dc4,5b0fa12a-3dd7-45bb-9766-cc326314d9f1,3.143611299994518,1.961424235102392e-05,6.2393980932242245e-06,12.9547211456,40.25308119348776,20.0,9.503898304110812e-06,3.513252810599665e-05,1.4671631666634416e-05,5.930805807674188e-05,0.0,Italy,ITA,lombardy,,,Windows-11-10.0.26200-SP0,3.13.13,3.2.6,32,13th Gen Intel(R) Core(TM) i9-13900HX,1,1 x NVIDIA GeForce RTX 4070 Laptop GPU,9.1922,45.4722,31.70067596435547,machine,0.0,98.0,40.9,12.958843231201172,N,1.0,0.0
2026-05-05T14:04:57,Q291_qwen2.5:14b_MMLU,53fd5539-84fc-465b-9716-800c059b0665,5b0fa12a-3dd7-45bb-9766-cc326314d9f1,15.96498160000192,0.0001210420980683,7.581724871409988e-06,13.22460436736,50.35538078773957,20.0,5.6800396866082496e-05,0.000223297123082,8.590039388889433e-05,0.0003659979138369,0.0,Italy,ITA,lombardy,,,Windows-11-10.0.26200-SP0,3.13.13,3.2.6,32,13th Gen Intel(R) Core(TM) i9-13900HX,1,1 x NVIDIA GeForce RTX 4070 Laptop GPU,9.1922,45.4722,31.70067596435547,machine,0.0,39.57142857142857,40.9,12.96534674508231,N,1.0,0.0
2026-05-05T14:05:40,Q292_qwen2.5:14b_MMLU,ed3f52d7-d723-4b6c-8388-24612228c5ff,5b0fa12a-3dd7-45bb-9766-cc326314d9f1,7.178014000004623,5.0140780383533725e-05,6.985327749918213e-06,13.351246860800002,45.023440899428486,20.0,2.4760456214837863e-05,8.97614606980568e-05,3.708997111114312e-05,0.000151611888024,0.0,Italy,ITA,lombardy,,,Windows-11-10.0.26200-SP0,3.13.13,3.2.6,32,13th Gen Intel(R) Core(TM) i9-13900HX,1,1 x NVIDIA GeForce RTX 4070 Laptop GPU,9.1922,45.4722,31.70067596435547,machine,0.0,40.2,40.9,12.965237426757811,N,1.0,0.0
2026-05-05T14:06:10,Q293_qwen2.5:14b_SQuAD,dbf91af5-22b5-48be-a97a-c0bddc21e344,5b0fa12a-3dd7-45bb-9766-cc326314d9f1,5.163813800012576,3.3176245312868145e-05,6.424756313402963e-06,13.3704227648,39.82232427980781,20.0,1.7312260349488217e-05,5.7108101242042686e-05,2.5895452222256507e-05,0.0001003158138137,0.0,Italy,ITA,lombardy,,,Windows-11-10.0.26200-SP0,3.13.13,3.2.6,32,13th Gen Intel(R) Core(TM) i9-13900HX,1,1 x NVIDIA GeForce RTX 4070 Laptop GPU,9.1922,45.4722,31.70067596435547,machine,0.0,35.333333333333336,40.8,12.947338104248049,N,1.0,0.0
2026-05-05T14:06:53,Q294_qwen2.5:14b_HumanEval,0048595b-a032-43a2-a7ef-78746b471a69,5b0fa12a-3dd7-45bb-9766-cc326314d9f1,27.63181409999379,0.0002173154804295,7.864683789603867e-06,13.53095249984,53.60775984397152,20.0,0.0001001733396371,0.000409030605002,0.0001478981194443,0.0006571020640835,0.0,Italy,ITA,lombardy,,,Windows-11-10.0.26200-SP0,3.13.13,3.2.6,32,13th Gen Intel(R) Core(TM) i9-13900HX,1,1 x NVIDIA GeForce RTX 4070 Laptop GPU,9.1922,45.4722,31.70067596435547,machine,0.0,41.04,40.896,12.966689910888672,N,1.0,0.0
2026-05-05T14:07:52,Q295_qwen2.5:14b_SQuAD,8ea7ce38-51cb-4439-83e7-b9d3727209a6,5b0fa12a-3dd7-45bb-9766-cc326314d9f1,3.8814528999937465,2.3505687406783465e-05,6.055899172915723e-06,13.024781312000002,37.1803186481471,20.0,1.222521458959581e-05,4.007808761796738e-05,1.877141222220316e-05,7.107471442976634e-05,0.0,Italy,ITA,lombardy,,,Windows-11-10.0.26200-SP0,3.13.13,3.2.6,32,13th Gen Intel(R) Core(TM) i9-13900HX,1,1 x NVIDIA GeForce RTX 4070 Laptop GPU,9.1922,45.4722,31.70067596435547,machine,0.0,50.0,40.9,12.959711074829102,N,1.0,0.0
2026-05-05T14:08:22,Q296_qwen2.5:14b_MMLU,f6f25299-025f-4e63-8c1c-cf6ede4cdbf7,5b0fa12a-3dd7-45bb-9766-cc326314d9f1,15.44465580000542,0.0001190863759389,7.710523140237986e-06,13.159131828114289,51.85468830303923,20.0,5.4619731663071445e-05,0.000222451289072,8.301332888893537e-05,0.000360084349624,0.0,Italy,ITA,lombardy,,,Windows-11-10.0.26200-SP0,3.13.13,3.2.6,32,13th Gen Intel(R) Core(TM) i9-13900HX,1,1 x NVIDIA GeForce RTX 4070 Laptop GPU,9.1922,45.4722,31.70067596435547,machine,6.923076923076923,44.61538461538461,40.89999999999999,12.95290521474985,N,1.0,0.0
2026-05-05T14:09:35,Q297_qwen2.5:14b_HumanEval,f51ba00d-9bfd-4cff-8bb9-22e5473888ca,5b0fa12a-3dd7-45bb-9766-cc326314d9f1,27.519203800009564,0.0002181501611285,7.927197411447414e-06,13.17064227296,55.01636308643023,20.0,9.702128379456584e-05,0.000415306443356,0.0001472981811112,0.0006596259082618,0.0,Italy,ITA,lombardy,,,Windows-11-10.0.26200-SP0,3.13.13,3.2.6,32,13th Gen Intel(R) Core(TM) i9-13900HX,1,1 x NVIDIA GeForce RTX 4070 Laptop GPU,9.1922,45.4722,31.70067596435547,machine,0.0,39.8,41.004,13.008174285888671,N,1.0,0.0
2026-05-05T14:10:35,Q298_qwen2.5:14b_HellaSwag,9cad3ce4-4eac-499d-84ed-e413fd2e43d3,5b0fa12a-3dd7-45bb-9766-cc326314d9f1,4.478769599998486,3.0273143324809204e-05,6.759254444528568e-06,13.0860599552,44.20798033491898,20.0,1.445660081848243e-05,5.498726621205874e-05,2.209376722223371e-05,9.153763425277488e-05,0.0,Italy,ITA,lombardy,,,Windows-11-10.0.26200-SP0,3.13.13,3.2.6,32,13th Gen Intel(R) Core(TM) i9-13900HX,1,1 x NVIDIA GeForce RTX 4070 Laptop GPU,9.1922,45.4722,31.70067596435547,machine,0.0,61.5,40.85,12.948348999023438,N,1.0,0.0
2026-05-05T14:11:07,Q299_qwen2.5:14b_GSM8K,f818e213-4ab5-41fa-9c78-7c257d2ef81c,5b0fa12a-3dd7-45bb-9766-cc326314d9f1,16.603778999997303,0.0001564272322937,9.421182508738804e-06,6.575518209280001,78.36861104489611,20.0,5.847861500962569e-05,0.000236154077812,0.0001783601055556,0.0004729927983772,0.0,Italy,ITA,lombardy,,,Windows-11-10.0.26200-SP0,3.13.13,3.2.6,32,13th Gen Intel(R) Core(TM) i9-13900HX,1,1 x NVIDIA GeForce RTX 4070 Laptop GPU,9.1922,45.4722,31.70067596435547,machine,7.142857142857143,31.642857142857142,40.83571428571428,12.948451723371234,N,1.0,0.0
2026-05-05T14:12:29,Q300_qwen2.5:14b_MMLU,7534115e-4488-431a-ab3d-84f81b43a3af,5b0fa12a-3dd7-45bb-9766-cc326314d9f1,37.19733080000151,0.0002974361826575,7.996170054695754e-06,13.318807231977145,55.59766598665498,20.0,0.000132608446217,0.0005685385103859,0.000198218008889,0.000899364965492,0.0,Italy,ITA,lombardy,,,Windows-11-10.0.26200-SP0,3.13.13,3.2.6,32,13th Gen Intel(R) Core(TM) i9-13900HX,1,1 x NVIDIA GeForce RTX 4070 Laptop GPU,9.1922,45.4722,31.70067596435547,machine,5.08,39.74285714285714,40.8,12.938543265206471,N,1.0,0.0
2026-05-05T14:14:04,Q301_qwen2.5:14b_GSM8K,2976d209-53ca-46ed-8ece-1a847de1288d,5b0fa12a-3dd7-45bb-9766-cc326314d9f1,29.512663400004385,0.0002357992223682,7.98976423009671e-06,13.47248479616,54.7296796393007,20.0,0.0001066604762808,0.0004479773028259,0.0001583540216667,0.0007129918007735,0.0,Italy,ITA,lombardy,,,Windows-11-10.0.26200-SP0,3.13.13,3.2.6,32,13th Gen Intel(R) Core(TM) i9-13900HX,1,1 x NVIDIA GeForce RTX 4070 Laptop GPU,9.1922,45.4722,31.70067596435547,machine,0.0,41.22222222222222,40.9,12.964257416901765,N,1.0,0.0
2026-05-05T14:15:11,Q302_qwen2.5:14b_GSM8K,c22070e4-9e7b-417d-bfe3-8672badcbcca,5b0fa12a-3dd7-45bb-9766-cc326314d9f1,11.288527800003068,8.188746563545054e-05,7.25404296168968e-06,13.570370197760004,46.907755095374576,20.0,4.065117893806855e-05,0.0001470431731899,5.9910754444475365e-05,0.0002476051065725,0.0,Italy,ITA,lombardy,,,Windows-11-10.0.26200-SP0,3.13.13,3.2.6,32,13th Gen Intel(R) Core(TM) i9-13900HX,1,1 x NVIDIA GeForce RTX 4070 Laptop GPU,9.1922,45.4722,31.70067596435547,machine,0.0,41.0,40.8,12.931940714518229,N,1.0,0.0
2026-05-05T14:15:52,Q303_qwen2.5:14b_HellaSwag,cccee1f0-c780-45c7-89b1-b49ce67b0075,5b0fa12a-3dd7-45bb-9766-cc326314d9f1,6.794009800010826,4.834306838589844e-05,7.115542928098427e-06,13.2703078976,46.645803510595854,20.0,2.319552799804834e-05,8.802284819597883e-05,3.495772666671352e-05,0.0001461761028607,0.0,Italy,ITA,lombardy,,,Windows-11-10.0.26200-SP0,3.13.13,3.2.6,32,13th Gen Intel(R) Core(TM) i9-13900HX,1,1 x NVIDIA GeForce RTX 4070 Laptop GPU,9.1922,45.4722,31.70067596435547,machine,0.0,36.8,40.8,12.931462860107422,N,1.0,0.0
2026-05-05T14:16:33,Q304_qwen2.5:14b_HellaSwag,1c44e76a-244d-4052-a004-f5b4c700c113,5b0fa12a-3dd7-45bb-9766-cc326314d9f1,15.548115900004632,0.0001185538899715,7.624968242713879e-06,13.205737378742858,50.8709408516421,20.0,5.5192121527990175e-05,0.000219694897978,8.358723944442723e-05,0.0003584742589504,0.0,Italy,ITA,lombardy,,,Windows-11-10.0.26200-SP0,3.13.13,3.2.6,32,13th Gen Intel(R) Core(TM) i9-13900HX,1,1 x NVIDIA GeForce RTX 4070 Laptop GPU,9.1922,45.4722,31.70067596435547,machine,0.0,51.84615384615385,40.76153846153846,12.920672490046574,N,1.0,0.0
2026-05-05T14:17:32,Q305_qwen2.5:14b_MMLU,2d911108-771e-4203-b0df-7a579b660446,5b0fa12a-3dd7-45bb-9766-cc326314d9f1,13.379451499989957,0.0001021849362567,7.637453318384351e-06,13.197393651200002,51.19165417981527,20.0,4.720525071767162e-05,0.000190237374412,7.153643333327233e-05,0.0003089790584629,0.0,Italy,ITA,lombardy,,,Windows-11-10.0.26200-SP0,3.13.13,3.2.6,32,13th Gen Intel(R) Core(TM) i9-13900HX,1,1 x NVIDIA GeForce RTX 4070 Laptop GPU,9.1922,45.4722,31.70067596435547,machine,3.9,44.0,40.71818181818182,12.91472764448686,N,1.0,0.0
2026-05-05T14:18:18,Q306_qwen2.5:14b_SQuAD,8b617bbe-cb8b-4a01-a234-33089946893d,5b0fa12a-3dd7-45bb-9766-cc326314d9f1,11.05036839999957,8.170091663205834e-05,7.39350161683854e-06,13.210667989760005,48.79619802468786,20.0,3.870231238355288e-05,0.0001497470642419,5.859165722221304e-05,0.0002470410338477,0.0,Italy,ITA,lombardy,,,Windows-11-10.0.26200-SP0,3.13.13,3.2.6,32,13th Gen Intel(R) Core(TM) i9-13900HX,1,1 x NVIDIA GeForce RTX 4070 Laptop GPU,9.1922,45.4722,31.70067596435547,machine,0.0,38.55555555555556,40.7,12.911136627197266,N,1.0,0.0
2026-05-05T14:19:03,Q307_qwen2.5:14b_GSM8K,95ca6589-d436-49a2-916f-2564a1a07eec,5b0fa12a-3dd7-45bb-9766-cc326314d9f1,9.89699730000575,7.270305020059893e-05,7.345970499613724e-06,13.321370470400002,48.37580148973811,20.0,3.4747718801375414e-05,0.0001329187174459,5.216753166670161e-05,0.000219833967914,0.0,Italy,ITA,lombardy,,,Windows-11-10.0.26200-SP0,3.13.13,3.2.6,32,13th Gen Intel(R) Core(TM) i9-13900HX,1,1 x NVIDIA GeForce RTX 4070 Laptop GPU,9.1922,45.4722,31.70067596435547,machine,0.0,46.75,40.775,12.920661449432371,N,1.0,0.0
2026-05-05T14:19:54,Q308_qwen2.5:14b_HellaSwag,0b44aaee-b43e-418c-bb96-f64a923a4f4d,5b0fa12a-3dd7-45bb-9766-cc326314d9f1,16.18254860000161,0.0001266787731197,7.828110160578171e-06,13.184149967360002,53.06355412970972,20.0,5.742275289269767e-05,0.000238511024142,8.71078872222117e-05,0.0003830416642569,0.0,Italy,ITA,lombardy,,,Windows-11-10.0.26200-SP0,3.13.13,3.2.6,32,13th Gen Intel(R) Core(TM) i9-13900HX,1,1 x NVIDIA GeForce RTX 4070 Laptop GPU,9.1922,45.4722,31.70067596435547,machine,3.2142857142857144,43.21428571428572,40.73571428571428,12.917329515729632,N,1.0,0.0
2026-05-05T14:21:15,Q309_qwen2.5:14b_MMLU,0bbe7f79-acee-463c-a0ca-dcb1cc154dd7,5b0fa12a-3dd7-45bb-9766-cc326314d9f1,35.9751522999868,0.0002885000197504,8.01942455572433e-06,13.51174734336,56.32384552803856,20.0,0.0001298987232158,0.0005509734963339,0.0001914722544444,0.0008723444739942,0.0,Italy,ITA,lombardy,,,Windows-11-10.0.26200-SP0,3.13.13,3.2.6,32,13th Gen Intel(R) Core(TM) i9-13900HX,1,1 x NVIDIA GeForce RTX 4070 Laptop GPU,9.1922,45.4722,31.70067596435547,machine,5.294117647058823,42.02941176470589,40.794117647058826,12.925140941844267,N,1.0,0.0
2026-05-05T14:22:29,Q310_qwen2.5:14b_SQuAD,2f366a66-fcb2-4e6d-ac46-697985c78808,5b0fa12a-3dd7-45bb-9766-cc326314d9f1,7.015561700012768,4.7036148348041725e-05,6.704544890248221e-06,13.36808816,42.04651710452183,20.0,2.417361890778986e-05,8.188534328595898e-05,3.616537499999848e-05,0.0001422243371937,0.0,Italy,ITA,lombardy,,,Windows-11-10.0.26200-SP0,3.13.13,3.2.6,32,13th Gen Intel(R) Core(TM) i9-13900HX,1,1 x NVIDIA GeForce RTX 4070 Laptop GPU,9.1922,45.4722,31.70067596435547,machine,0.0,50.8,40.98,12.984601593017578,N,1.0,0.0
2026-05-05T14:23:06,Q311_qwen2.5:14b_SQuAD,c68de6bf-6abd-46d6-9ff5-ee54a8864455,5b0fa12a-3dd7-45bb-9766-cc326314d9f1,12.416692500002682,9.62388039172659e-05,7.75076002866666e-06,13.26750449338182,52.4502060889698,20.0,4.391163652184946e-05,0.00018089458916,6.61933688889096e-05,0.0002909995945708,0.0,Italy,ITA,lombardy,,,Windows-11-10.0.26200-SP0,3.13.13,3.2.6,32,13th Gen Intel(R) Core(TM) i9-13900HX,1,1 x NVIDIA GeForce RTX 4070 Laptop GPU,9.1922,45.4722,31.70067596435547,machine,0.0,44.2,40.91,12.976539993286131,N,1.0,0.0
2026-05-05T14:23:47,Q312_qwen2.5:14b_MMLU,2c6c80c1-3dc0-45f8-ab68-e26f208bbbc9,5b0fa12a-3dd7-45bb-9766-cc326314d9f1,5.128917599999113,3.290652914021966e-05,6.41588181105217e-06,13.151364032,39.93991833743687,20.0,1.690344599843959e-05,5.689171217998501e-05,2.570510833328525e-05,9.950026651170984e-05,0.0,Italy,ITA,lombardy,,,Windows-11-10.0.26200-SP0,3.13.13,3.2.6,32,13th Gen Intel(R) Core(TM) i9-13900HX,1,1 x NVIDIA GeForce RTX 4070 Laptop GPU,9.1922,45.4722,31.70067596435547,machine,0.0,33.0,41.1,13.031452178955078,N,1.0,0.0
2026-05-05T14:24:19,Q313_qwen2.5:14b_GSM8K,0326c940-e586-4eca-a00b-085331c739cb,5b0fa12a-3dd7-45bb-9766-cc326314d9f1,17.311436599993613,0.0001348641126169,7.790463364372284e-06,13.068855361280002,57.77064426321475,20.0,5.976925638845448e-05,0.0002574268726079,9.05957438889244e-05,0.0004077918728853,0.0,Italy,ITA,lombardy,,,Windows-11-10.0.26200-SP0,3.13.13,3.2.6,32,13th Gen Intel(R) Core(TM) i9-13900HX,1,1 x NVIDIA GeForce RTX 4070 Laptop GPU,9.1922,45.4722,31.70067596435547,machine,0.0,42.266666666666666,41.1,13.0239013671875,N,1.0,0.0
2026-05-05T14:25:15,Q314_qwen2.5:14b_HellaSwag,02bb559e-22fe-4cfe-a94d-a33a1f417510,5b0fa12a-3dd7-45bb-9766-cc326314d9f1,10.680914299999133,7.922483589302525e-05,7.417420800111812e-06,13.13267823488,49.17224276347953,20.0,3.713172149047914e-05,0.0001458745611439,5.654776611109911e-05,0.0002395540487455,0.0,Italy,ITA,lombardy,,,Windows-11-10.0.26200-SP0,3.13.13,3.2.6,32,13th Gen Intel(R) Core(TM) i9-13900HX,1,1 x NVIDIA GeForce RTX 4070 Laptop GPU,9.1922,45.4722,31.70067596435547,machine,11.11111111111111,37.77777777777778,41.0,13.005099402533638,N,1.0,0.0
2026-05-05T14:26:24,Q315_qwen2.5:14b_HumanEval,35149dd6-7099-475b-a906-8b9dec83d2f7,5b0fa12a-3dd7-45bb-9766-cc326314d9f1,33.63456869999936,0.0002678808138682,7.964449202769727e-06,13.411402884640005,54.83348973332011,20.0,0.0001206192541359,0.000510922075404,0.0001784563538888,0.0008099976834288,0.0,Italy,ITA,lombardy,,,Windows-11-10.0.26200-SP0,3.13.13,3.2.6,32,13th Gen Intel(R) Core(TM) i9-13900HX,1,1 x NVIDIA GeForce RTX 4070 Laptop GPU,9.1922,45.4722,31.70067596435547,machine,0.0,38.45161290322581,41.1,13.027630959787675,N,1.0,0.0
2026-05-05T14:27:34,Q316_qwen2.5:14b_HellaSwag,01cea418-6d19-44ed-ada3-69e08fa15342,5b0fa12a-3dd7-45bb-9766-cc326314d9f1,5.345268800010672,3.280410489784742e-05,6.137035596372988e-06,13.1623050944,36.76628454589112,20.0,1.770697519443818e-05,5.45789325519519e-05,2.690465611117866e-05,9.919056385756874e-05,0.0,Italy,ITA,lombardy,,,Windows-11-10.0.26200-SP0,3.13.13,3.2.6,32,13th Gen Intel(R) Core(TM) i9-13900HX,1,1 x NVIDIA GeForce RTX 4070 Laptop GPU,9.1922,45.4722,31.70067596435547,machine,0.0,67.0,41.2,13.047205607096354,N,1.0,0.0
2026-05-05T14:27:57,Q317_qwen2.5:14b_HellaSwag,4786cddb-a302-42e3-9689-7bff71016f2f,5b0fa12a-3dd7-45bb-9766-cc326314d9f1,7.983459800001583,5.772948876605305e-05,7.231136651560718e-06,13.1301665408,47.67920757608602,20.0,2.7283016952013896e-05,0.0001057181401299,4.15568916666315e-05,0.0001745580487486,0.0,Italy,ITA,lombardy,,,Windows-11-10.0.26200-SP0,3.13.13,3.2.6,32,13th Gen Intel(R) Core(TM) i9-13900HX,1,1 x NVIDIA GeForce RTX 4070 Laptop GPU,9.1922,45.4722,31.70067596435547,machine,16.666666666666668,39.5,41.1,13.028234481811523,N,1.0,0.0
2026-05-05T14:28:40,Q318_qwen2.5:14b_GSM8K,b9549602-79b7-4361-87b4-743bba10fd30,5b0fa12a-3dd7-45bb-9766-cc326314d9f1,17.29716770000232,0.000134553100258,7.778909390931174e-06,13.147127308160002,52.20075675048528,20.0,6.015017180114574e-05,0.0002561896493959,9.051163611107363e-05,0.0004068514573082,0.0,Italy,ITA,lombardy,,,Windows-11-10.0.26200-SP0,3.13.13,3.2.6,32,13th Gen Intel(R) Core(TM) i9-13900HX,1,1 x NVIDIA GeForce RTX 4070 Laptop GPU,9.1922,45.4722,31.70067596435547,machine,0.0,36.4,41.1,13.02521235148112,N,1.0,0.0
2026-05-05T14:29:34,Q319_qwen2.5:14b_MMLU,e2103ebb-0b15-4c86-b7a5-e3e91fdaed29,5b0fa12a-3dd7-45bb-9766-cc326314d9f1,8.510075199999847,6.250415934786529e-05,7.344724679738014e-06,13.549470875428572,48.38869325900831,20.0,3.0139025616345224e-05,0.0001143698137179,4.448649611117112e-05,0.0001889953354455,0.0,Italy,ITA,lombardy,,,Windows-11-10.0.26200-SP0,3.13.13,3.2.6,32,13th Gen Intel(R) Core(TM) i9-13900HX,1,1 x NVIDIA GeForce RTX 4070 Laptop GPU,9.1922,45.4722,31.70067596435547,machine,0.0,54.16666666666666,41.11666666666667,13.02724583943685,N,1.0,0.0
2026-05-05T14:30:04,Q320_qwen2.5:14b_SQuAD,0b832f8b-3d7d-42f9-88a7-16c9c5d806c6,5b0fa12a-3dd7-45bb-9766-cc326314d9f1,5.1620540999865625,3.50936810748219e-05,6.798394669074323e-06,13.231300505600002,44.0259055744245,20.0,1.7123865683641208e-05,6.31067171519839e-05,2.5883027777712818e-05,0.0001061136106133,0.0,Italy,ITA,lombardy,,,Windows-11-10.0.26200-SP0,3.13.13,3.2.6,32,13th Gen Intel(R) Core(TM) i9-13900HX,1,1 x NVIDIA GeForce RTX 4070 Laptop GPU,9.1922,45.4722,31.70067596435547,machine,0.0,50.0,41.16666666666666,13.04564921061198,N,1.0,0.0
2026-05-05T14:30:31,Q321_qwen2.5:14b_MMLU,2732d430-b30f-4e14-bbf0-d6130ee3d934,5b0fa12a-3dd7-45bb-9766-cc326314d9f1,11.948723899986362,9.057066929476644e-05,7.579944942477899e-06,13.22620429847273,50.686565106511225,20.0,4.205322173448435e-05,0.000168217634574,6.358986277773511e-05,0.0002738607190862,0.0,Italy,ITA,lombardy,,,Windows-11-10.0.26200-SP0,3.13.13,3.2.6,32,13th Gen Intel(R) Core(TM) i9-13900HX,1,1 x NVIDIA GeForce RTX 4070 Laptop GPU,9.1922,45.4722,31.70067596435547,machine,8.18,49.6,41.190000000000005,13.053479385375976,N,1.0,0.0
2026-05-05T14:31:10,Q322_qwen2.5:14b_SQuAD,dc6c9a6f-00a4-427f-8c2d-1eb83e15601b,5b0fa12a-3dd7-45bb-9766-cc326314d9f1,3.5677501000027405,2.3463047381067432e-05,6.5764268021601086e-06,13.0241506304,43.23251297873025,20.0,1.1088809601941415e-05,4.282975648606247e-05,1.7027216666691754e-05,7.094578275469563e-05,0.0,Italy,ITA,lombardy,,,Windows-11-10.0.26200-SP0,3.13.13,3.2.6,32,13th Gen Intel(R) Core(TM) i9-13900HX,1,1 x NVIDIA GeForce RTX 4070 Laptop GPU,9.1922,45.4722,31.70067596435547,machine,0.0,65.0,41.1,13.040163040161133,N,1.0,0.0
2026-05-05T14:32:01,Q323_qwen2.5:14b_HumanEval,4b9ece7f-5dca-4a09-93a9-e5fca65d6ade,5b0fa12a-3dd7-45bb-9766-cc326314d9f1,36.78584549999505,0.0002949555318205,8.018180031246253e-06,13.42160300425143,55.82202346436321,20.0,0.0001319579855363,0.00056392267336,0.0001959835027777,0.0008918641616742,0.0,Italy,ITA,lombardy,,,Windows-11-10.0.26200-SP0,3.13.13,3.2.6,32,13th Gen Intel(R) Core(TM) i9-13900HX,1,1 x NVIDIA GeForce RTX 4070 Laptop GPU,9.1922,45.4722,31.70067596435547,machine,2.857142857142857,38.02857142857143,41.105714285714285,13.033440290178572,N,1.0,0.0
2026-05-05T14:33:12,Q324_qwen2.5:14b_MMLU,7a776587-aad1-4c41-86a0-562e22bd516b,5b0fa12a-3dd7-45bb-9766-cc326314d9f1,5.421558100002585,3.607173564938813e-05,6.653389115090536e-06,13.7089112096,41.84671503177141,20.0,1.8733439656048786e-05,6.300810596199247e-05,2.732943222225812e-05,0.0001090709778402,0.0,Italy,ITA,lombardy,,,Windows-11-10.0.26200-SP0,3.13.13,3.2.6,32,13th Gen Intel(R) Core(TM) i9-13900HX,1,1 x NVIDIA GeForce RTX 4070 Laptop GPU,9.1922,45.4722,31.70067596435547,machine,0.0,61.66666666666666,41.0,12.999802907307943,N,1.0,0.0
2026-05-05T14:34:05,Q325_qwen2.5:14b_HumanEval,3d999267-554b-402a-842f-551701445106,5b0fa12a-3dd7-45bb-9766-cc326314d9f1,37.3275646000111,0.0003022387655215,8.096932354421295e-06,13.35663562905143,56.70760742200213,20.0,0.0001327290555026,0.0005821599101719,0.0001989976855556,0.0009138866512302,0.0,Italy,ITA,lombardy,,,Windows-11-10.0.26200-SP0,3.13.13,3.2.6,32,13th Gen Intel(R) Core(TM) i9-13900HX,1,1 x NVIDIA GeForce RTX 4070 Laptop GPU,9.1922,45.4722,31.70067596435547,machine,2.857142857142857,39.05714285714286,41.0,12.99858681815011,N,1.0,0.0
2026-05-05T14:35:33,Q326_qwen2.5:14b_MMLU,32224233-6364-4b8b-852d-49082f1cb1fb,5b0fa12a-3dd7-45bb-9766-cc326314d9f1,22.8951442999969,0.0001788156626326,7.810200289178858e-06,13.32848780144,54.03502513855937,20.0,8.159963398050738e-05,0.0003374922144379,0.0001215973872222,0.0005406892356407,0.0,Italy,ITA,lombardy,,,Windows-11-10.0.26200-SP0,3.13.13,3.2.6,32,13th Gen Intel(R) Core(TM) i9-13900HX,1,1 x NVIDIA GeForce RTX 4070 Laptop GPU,9.1922,45.4722,31.70067596435547,machine,0.0,40.80952380952381,41.0,12.999341873895554,N,1.0,0.0
2026-05-05T14:36:39,Q327_qwen2.5:14b_SQuAD,bc28988e-f32f-4539-8099-3c4fc535939d,5b0fa12a-3dd7-45bb-9766-cc326314d9f1,10.665108800007149,7.95745387233591e-05,7.461202713966292e-06,13.49036165504,49.310212493876826,20.0,3.80832984468465e-05,0.0001460690057439,5.645914944446607e-05,0.0002406114536352,0.0,Italy,ITA,lombardy,,,Windows-11-10.0.26200-SP0,3.13.13,3.2.6,32,13th Gen Intel(R) Core(TM) i9-13900HX,1,1 x NVIDIA GeForce RTX 4070 Laptop GPU,9.1922,45.4722,31.70067596435547,machine,0.0,45.77777777777778,41.0,13.003669738769531,N,1.0,0.0
2026-05-05T14:37:46,Q328_qwen2.5:14b_HumanEval,77d023c0-b191-4da9-a427-14bb9a9b7c26,5b0fa12a-3dd7-45bb-9766-cc326314d9f1,32.013922700003604,0.0002999657527726,9.369853097465414e-06,13.34448325744,51.33815137407824,20.0,0.0001686558420468,0.0004855537217759,0.0002528041238889,0.0009070136877117,0.0,Italy,ITA,lombardy,,,Windows-11-10.0.26200-SP0,3.13.13,3.2.6,32,13th Gen Intel(R) Core(TM) i9-13900HX,1,1 x NVIDIA GeForce RTX 4070 Laptop GPU,9.1922,45.4722,31.70067596435547,machine,6.0,40.56666666666667,41.01,13.005745061238606,N,1.0,0.0
2026-05-05T14:39:18,Q329_qwen2.5:14b_HumanEval,9a80aecf-d70b-46ca-9a41-e088018ef0e8,5b0fa12a-3dd7-45bb-9766-cc326314d9f1,37.02976999999373,0.0002996811821081,8.092979840494676e-06,13.221784105828574,56.8489456521562,20.0,0.0001308258271268,0.000577996851286,0.000197330546111,0.0009061532245239,0.0,Italy,ITA,lombardy,,,Windows-11-10.0.26200-SP0,3.13.13,3.2.6,32,13th Gen Intel(R) Core(TM) i9-13900HX,1,1 x NVIDIA GeForce RTX 4070 Laptop GPU,9.1922,45.4722,31.70067596435547,machine,0.52,40.8,41.0,13.002308654785155,N,1.0,0.0
2026-05-05T14:40:52,Q330_qwen2.5:14b_HumanEval,c8766013-ee2a-4cff-bc46-bca701c7e9fb,5b0fa12a-3dd7-45bb-9766-cc326314d9f1,27.98498429999745,0.0002226680693383,7.956698026032327e-06,13.320012426043078,54.72136861996557,20.0,9.994793590559556e-05,0.0004235053388039,0.0001498335416667,0.0006732868163762,0.0,Italy,ITA,lombardy,,,Windows-11-10.0.26200-SP0,3.13.13,3.2.6,32,13th Gen Intel(R) Core(TM) i9-13900HX,1,1 x NVIDIA GeForce RTX 4070 Laptop GPU,9.1922,45.4722,31.70067596435547,machine,3.8461538461538463,38.84615384615385,41.107692307692304,13.033500377948467,N,1.0,0.0
2026-05-05T14:41:58,Q331_qwen2.5:14b_HellaSwag,97900584-136d-4cb3-8ac8-a8642bc755f9,5b0fa12a-3dd7-45bb-9766-cc326314d9f1,11.280384400000912,8.549007700877754e-05,7.578649270921178e-06,13.418876852480002,50.56782841145991,20.0,4.017700890613519e-05,0.0001584409600859,5.988044055557112e-05,0.0002584984095476,0.0,Italy,ITA,lombardy,,,Windows-11-10.0.26200-SP0,3.13.13,3.2.6,32,13th Gen Intel(R) Core(TM) i9-13900HX,1,1 x NVIDIA GeForce RTX 4070 Laptop GPU,9.1922,45.4722,31.70067596435547,machine,0.0,44.11111111111112,41.077777777777776,13.020529429117838,N,1.0,0.0
2026-05-05T14:43:11,Q332_qwen2.5:14b_HumanEval,e793c115-da0b-4559-abbc-0550ab9024ba,5b0fa12a-3dd7-45bb-9766-cc326314d9f1,37.22262690000935,0.0002991095480322,8.035691538797777e-06,13.349000472845717,56.10022944610044,20.0,0.000132965975097,0.0005730635140059,0.0001983952716666,0.0009044247607696,0.0,Italy,ITA,lombardy,,,Windows-11-10.0.26200-SP0,3.13.13,3.2.6,32,13th Gen Intel(R) Core(TM) i9-13900HX,1,1 x NVIDIA GeForce RTX 4070 Laptop GPU,9.1922,45.4722,31.70067596435547,machine,0.0,40.97142857142857,41.03428571428572,13.010054670061384,N,1.0,0.0
2026-05-05T14:44:53,Q333_qwen2.5:14b_HumanEval,7a0db4b7-3edf-4752-a52d-bf443d068541,5b0fa12a-3dd7-45bb-9766-cc326314d9f1,37.21178620000137,0.0002998741481686,8.058579788589995e-06,13.318741385028574,56.50133197593656,20.0,0.0001319967395222,0.000576421850026,0.0001983181111111,0.0009067367006593,0.0,Italy,ITA,lombardy,,,Windows-11-10.0.26200-SP0,3.13.13,3.2.6,32,13th Gen Intel(R) Core(TM) i9-13900HX,1,1 x NVIDIA GeForce RTX 4070 Laptop GPU,9.1922,45.4722,31.70067596435547,machine,0.0,40.114285714285714,41.0,13.003290448869976,N,1.0,0.0
2026-05-05T14:46:08,Q334_qwen2.5:14b_MMLU,246515af-b3f7-40e3-981c-2ce08615a9ce,5b0fa12a-3dd7-45bb-9766-cc326314d9f1,9.736523300001863,7.268387066115352e-05,7.4650743824687e-06,13.1380741888,49.838222293973736,20.0,3.3699630345379914e-05,0.00013477649671,5.129984722225344e-05,0.0002197759742776,0.0,Italy,ITA,lombardy,,,Windows-11-10.0.26200-SP0,3.13.13,3.2.6,32,13th Gen Intel(R) Core(TM) i9-13900HX,1,1 x NVIDIA GeForce RTX 4070 Laptop GPU,9.1922,45.4722,31.70067596435547,machine,0.0,41.5,41.0875,13.015011310577393,N,1.0,0.0
2026-05-05T14:47:01,Q335_qwen2.5:14b_MMLU,43a01573-1ecc-436e-86bc-9e2c70399e74,5b0fa12a-3dd7-45bb-9766-cc326314d9f1,17.330784899997525,0.0001318744163465,7.6092581557876255e-06,13.250828468480002,53.30029440920296,20.0,6.10323218225133e-05,0.00024701686428,9.070266999996318e-05,0.0003987518561025,0.0,Italy,ITA,lombardy,,,Windows-11-10.0.26200-SP0,3.13.13,3.2.6,32,13th Gen Intel(R) Core(TM) i9-13900HX,1,1 x NVIDIA GeForce RTX 4070 Laptop GPU,9.1922,45.4722,31.70067596435547,machine,0.0,43.266666666666666,41.1,13.029605611165364,N,1.0,0.0
2026-05-05T14:47:51,Q336_qwen2.5:14b_SQuAD,391a9521-3bc0-45ce-b2e5-0c49c86adfd9,5b0fa12a-3dd7-45bb-9766-cc326314d9f1,4.747705200003111,3.1615765988963774e-05,6.659167883663682e-06,13.0919577248,42.91543015227416,20.0,1.5436648437886176e-05,5.657976748596472e-05,2.358093888890128e-05,9.559735481275218e-05,0.0,Italy,ITA,lombardy,,,Windows-11-10.0.26200-SP0,3.13.13,3.2.6,32,13th Gen Intel(R) Core(TM) i9-13900HX,1,1 x NVIDIA GeForce RTX 4070 Laptop GPU,9.1922,45.4722,31.70067596435547,machine,0.0,35.333333333333336,41.06666666666667,13.015132904052734,N,1.0,0.0
2026-05-05T14:48:22,Q337_qwen2.5:14b_GSM8K,4f060e14-e5ad-4bac-84ed-f6737630ff0b,5b0fa12a-3dd7-45bb-9766-cc326314d9f1,16.5826997999975,0.0001568663492577,9.45963872889585e-06,6.63803811328,112.98197734141227,20.0,5.904200344642719e-05,0.0002370076896059,0.0001782708738889,0.0004743205669413,0.0,Italy,ITA,lombardy,,,Windows-11-10.0.26200-SP0,3.13.13,3.2.6,32,13th Gen Intel(R) Core(TM) i9-13900HX,1,1 x NVIDIA GeForce RTX 4070 Laptop GPU,9.1922,45.4722,31.70067596435547,machine,0.0,41.35714285714285,41.1,13.017233712332589,N,1.0,0.0
2026-05-05T14:49:13,Q338_qwen2.5:14b_SQuAD,70033840-d40f-49a4-8c16-219fef13c0ed,5b0fa12a-3dd7-45bb-9766-cc326314d9f1,5.731281999993371,4.089284975846895e-05,7.1350266412499415e-06,13.022696299520002,47.54693702110392,20.0,1.891596196100285e-05,7.568283832404266e-05,2.904989666664429e-05,0.0001236486969516,0.0,Italy,ITA,lombardy,,,Windows-11-10.0.26200-SP0,3.13.13,3.2.6,32,13th Gen Intel(R) Core(TM) i9-13900HX,1,1 x NVIDIA GeForce RTX 4070 Laptop GPU,9.1922,45.4722,31.70067596435547,machine,0.0,44.75,41.025,13.009685516357422,N,1.0,0.0
2026-05-05T14:49:32,Q339_qwen2.5:14b_SQuAD,8e041bb5-9b6d-4ac7-9a1d-d0aa1b6e8680,5b0fa12a-3dd7-45bb-9766-cc326314d9f1,3.5807798000023467,2.331234093693377e-05,6.510408972067621e-06,13.094164275200002,42.43434781035294,20.0,1.1196213175481778e-05,4.219364486607313e-05,1.7100230000020625e-05,7.049008804157553e-05,0.0,Italy,ITA,lombardy,,,Windows-11-10.0.26200-SP0,3.13.13,3.2.6,32,13th Gen Intel(R) Core(TM) i9-13900HX,1,1 x NVIDIA GeForce RTX 4070 Laptop GPU,9.1922,45.4722,31.70067596435547,machine,0.0,68.0,41.1,13.015655517578123,N,1.0,0.0
2026-05-05T14:50:14,Q340_qwen2.5:14b_HumanEval,d5c7ba4a-3059-427e-84de-fe3a6cab1073,5b0fa12a-3dd7-45bb-9766-cc326314d9f1,27.257657399997697,0.0002153945070834,7.902165029175172e-06,13.43292099872,54.347657151252434,20.0,9.772244108828716e-05,0.0004077303261839,0.0001458408033332,0.0006512935706054,0.0,Italy,ITA,lombardy,,,Windows-11-10.0.26200-SP0,3.13.13,3.2.6,32,13th Gen Intel(R) Core(TM) i9-13900HX,1,1 x NVIDIA GeForce RTX 4070 Laptop GPU,9.1922,45.4722,31.70067596435547,machine,3.928,39.8,41.084,13.016224365234375,N,1.0,0.0
2026-05-05T14:51:29,Q341_qwen2.5:14b_GSM8K,9e40d59f-c372-40d4-bd80-bdcd4e211b57,5b0fa12a-3dd7-45bb-9766-cc326314d9f1,19.198349800004507,0.0001516600442792,7.899639597107966e-06,13.59921619232,54.89207983484343,20.0,6.861986190692477e-05,0.000288880231104,0.0001010780438889,0.0004585781368998,0.0,Italy,ITA,lombardy,,,Windows-11-10.0.26200-SP0,3.13.13,3.2.6,32,13th Gen Intel(R) Core(TM) i9-13900HX,1,1 x NVIDIA GeForce RTX 4070 Laptop GPU,9.1922,45.4722,31.70067596435547,machine,0.0,42.05882352941177,41.1,13.022895588594324,N,1.0,0.0
2026-05-05T14:52:38,Q342_qwen2.5:14b_GSM8K,76175a10-8252-47d7-b2f8-4520f962eb47,5b0fa12a-3dd7-45bb-9766-cc326314d9f1,23.81346260001009,0.0001863740763686,7.826416489660357e-06,13.246267591680002,53.81256518503368,20.0,8.423333717437417e-05,0.000352615837648,0.0001266946188889,0.0005635437937113,0.0,Italy,ITA,lombardy,,,Windows-11-10.0.26200-SP0,3.13.13,3.2.6,32,13th Gen Intel(R) Core(TM) i9-13900HX,1,1 x NVIDIA GeForce RTX 4070 Laptop GPU,9.1922,45.4722,31.70067596435547,machine,4.090909090909091,46.22727272727273,41.1,13.022485906427557,N,1.0,0.0
2026-05-05T14:53:43,Q343_qwen2.5:14b_MMLU,a3562601-8314-4250-a5e7-257394e28dc0,5b0fa12a-3dd7-45bb-9766-cc326314d9f1,9.250899699996808,6.689555712950788e-05,7.231248775676485e-06,13.4556204656,47.08454312961106,20.0,3.269763914359973e-05,0.0001209762078919,4.859986388886076e-05,0.0002022737109244,0.0,Italy,ITA,lombardy,,,Windows-11-10.0.26200-SP0,3.13.13,3.2.6,32,13th Gen Intel(R) Core(TM) i9-13900HX,1,1 x NVIDIA GeForce RTX 4070 Laptop GPU,9.1922,45.4722,31.70067596435547,machine,0.0,46.71428571428572,41.08571428571429,13.0155394417899,N,1.0,0.0
2026-05-05T14:54:17,Q344_qwen2.5:14b_HellaSwag,61857e10-9457-4d36-981e-1a395d825172,5b0fa12a-3dd7-45bb-9766-cc326314d9f1,9.062042800011112,6.49228618252459e-05,7.164263429120671e-06,13.367680385600002,46.47282623217803,20.0,3.178414093545801e-05,0.000116971760244,4.755292333340752e-05,0.0001963088245128,0.0,Italy,ITA,lombardy,,,Windows-11-10.0.26200-SP0,3.13.13,3.2.6,32,13th Gen Intel(R) Core(TM) i9-13900HX,1,1 x NVIDIA GeForce RTX 4070 Laptop GPU,9.1922,45.4722,31.70067596435547,machine,0.0,47.42857142857143,41.1,13.020355769566129,N,1.0,0.0
2026-05-05T14:55:22,Q345_qwen2.5:14b_HumanEval,f9a39607-ada6-4640-81e4-0e80151249b7,5b0fa12a-3dd7-45bb-9766-cc326314d9f1,30.31590380000125,0.0002367365054451,7.808987223570059e-06,13.23408741248,53.19121100253475,20.0,0.000107747777251,0.0004452631339879,0.0001628149749999,0.0007158258862389,0.0,Italy,ITA,lombardy,,,Windows-11-10.0.26200-SP0,3.13.13,3.2.6,32,13th Gen Intel(R) Core(TM) i9-13900HX,1,1 x NVIDIA GeForce RTX 4070 Laptop GPU,9.1922,45.4722,31.70067596435547,machine,3.571428571428572,40.392857142857146,41.08928571428572,13.02164431980678,N,1.0,0.0
2026-05-05T14:56:38,Q346_qwen2.5:14b_HumanEval,2795967f-7d0d-4448-a223-bd64cc6993a9,5b0fa12a-3dd7-45bb-9766-cc326314d9f1,19.17453319999913,0.0001493901835586,7.79107277347471e-06,13.462457698880002,54.61850235575724,20.0,6.816249315439428e-05,0.000282613837202,0.0001009383738888,0.0004517147042453,0.0,Italy,ITA,lombardy,,,Windows-11-10.0.26200-SP0,3.13.13,3.2.6,32,13th Gen Intel(R) Core(TM) i9-13900HX,1,1 x NVIDIA GeForce RTX 4070 Laptop GPU,9.1922,45.4722,31.70067596435547,machine,0.0,43.52941176470589,41.06470588235294,13.01475996129653,N,1.0,0.0
2026-05-05T14:57:44,Q347_qwen2.5:14b_HumanEval,5e45e867-2b13-40d6-bf27-7e22c669d6fb,5b0fa12a-3dd7-45bb-9766-cc326314d9f1,21.495526999991853,0.0001678058564377,7.806547680257848e-06,13.173637199360002,54.399145763200295,20.0,7.51362535797057e-05,0.000318427199186,0.0001138351661111,0.0005073986188768,0.0,Italy,ITA,lombardy,,,Windows-11-10.0.26200-SP0,3.13.13,3.2.6,32,13th Gen Intel(R) Core(TM) i9-13900HX,1,1 x NVIDIA GeForce RTX 4070 Laptop GPU,9.1922,45.4722,31.70067596435547,machine,0.0,42.10526315789474,41.05263157894737,13.01317777131733,N,1.0,0.0
2026-05-05T14:58:50,Q348_qwen2.5:14b_MMLU,1216634d-eb55-4ac6-93d3-7ea51818cdf8,5b0fa12a-3dd7-45bb-9766-cc326314d9f1,9.93435719999252,7.329752839888267e-05,7.378185314188005e-06,13.2251305728,48.78309344892431,20.0,3.4645822763111755e-05,0.000134592607674,5.239307555554357e-05,0.0002216315059926,0.0,Italy,ITA,lombardy,,,Windows-11-10.0.26200-SP0,3.13.13,3.2.6,32,13th Gen Intel(R) Core(TM) i9-13900HX,1,1 x NVIDIA GeForce RTX 4070 Laptop GPU,9.1922,45.4722,31.70067596435547,machine,0.0,45.5,41.0,13.007091522216797,N,1.0,0.0
2026-05-05T14:59:32,Q349_qwen2.5:14b_MMLU,f09afa8a-03e8-4afe-bf2a-cfcec5d1c437,5b0fa12a-3dd7-45bb-9766-cc326314d9f1,17.53475089999847,0.0001347010582429,7.681948777668502e-06,13.23800274368,48.01504969544957,20.0,6.161583502454057e-05,0.000253851314192,9.183169222225031e-05,0.0004072988414388,0.0,Italy,ITA,lombardy,,,Windows-11-10.0.26200-SP0,3.13.13,3.2.6,32,13th Gen Intel(R) Core(TM) i9-13900HX,1,1 x NVIDIA GeForce RTX 4070 Laptop GPU,9.1922,45.4722,31.70067596435547,machine,0.0,41.73333333333333,41.04,13.012591552734374,N,1.0,0.0
2026-05-05T15:00:26,Q350_qwen2.5:14b_MMLU,45b45ee2-1de2-41bb-a375-28745317348c,5b0fa12a-3dd7-45bb-9766-cc326314d9f1,7.916023700003279,5.416193045080895e-05,6.842062695035452e-06,13.407540756114289,43.19995384099255,20.0,2.7608984457644443e-05,9.497840931599331e-05,4.118334277777144e-05,0.0001637707365514,0.0,Italy,ITA,lombardy,,,Windows-11-10.0.26200-SP0,3.13.13,3.2.6,32,13th Gen Intel(R) Core(TM) i9-13900HX,1,1 x NVIDIA GeForce RTX 4070 Laptop GPU,9.1922,45.4722,31.70067596435547,machine,0.0,48.333333333333336,41.21666666666667,13.07482401529948,N,1.0,0.0
2026-05-05T15:01:00,Q351_qwen2.5:14b_MMLU,38552e8b-0fb5-4bd7-818d-6214192d4cca,5b0fa12a-3dd7-45bb-9766-cc326314d9f1,9.124135899997782,6.695129854112562e-05,7.3378234689755e-06,13.426258563200005,48.2902111306501,20.0,3.215865133865177e-05,0.000122380375682,4.790323055559485e-05,0.0002024422575763,0.0,Italy,ITA,lombardy,,,Windows-11-10.0.26200-SP0,3.13.13,3.2.6,32,13th Gen Intel(R) Core(TM) i9-13900HX,1,1 x NVIDIA GeForce RTX 4070 Laptop GPU,9.1922,45.4722,31.70067596435547,machine,0.0,42.57142857142857,41.2,13.066296713692802,N,1.0,0.0
2026-05-05T15:01:39,Q352_qwen2.5:14b_SQuAD,ec2ba4cf-3b35-41d8-854d-07f0e81b9ef9,5b0fa12a-3dd7-45bb-9766-cc326314d9f1,3.718103399995016,2.300800913149569e-05,6.188103626038624e-06,12.9312598784,38.969193424411,20.0,1.1536494906328852e-05,4.019142104205731e-05,1.7841956666638402e-05,6.956987261502456e-05,0.0,Italy,ITA,lombardy,,,Windows-11-10.0.26200-SP0,3.13.13,3.2.6,32,13th Gen Intel(R) Core(TM) i9-13900HX,1,1 x NVIDIA GeForce RTX 4070 Laptop GPU,9.1922,45.4722,31.70067596435547,machine,0.0,72.5,41.2,13.059499740600586,N,1.0,0.0
2026-05-05T15:01:58,Q353_qwen2.5:14b_SQuAD,493bbf79-aef9-4416-bdc9-df0b781953f9,5b0fa12a-3dd7-45bb-9766-cc326314d9f1,3.737659699996584,2.353423816714953e-05,6.296517087195243e-06,13.1352215936,39.86813379998165,20.0,1.1805932060192691e-05,4.138003310399929e-05,1.7975078888897164e-05,7.116104405308914e-05,0.0,Italy,ITA,lombardy,,,Windows-11-10.0.26200-SP0,3.13.13,3.2.6,32,13th Gen Intel(R) Core(TM) i9-13900HX,1,1 x NVIDIA GeForce RTX 4070 Laptop GPU,9.1922,45.4722,31.70067596435547,machine,0.0,65.0,41.2,13.066158294677734,N,1.0,0.0
2026-05-05T15:02:21,Q354_qwen2.5:14b_MMLU,6a51ceb2-9804-4e07-b5ac-4d924ccdc1c1,5b0fa12a-3dd7-45bb-9766-cc326314d9f1,8.037273599999025,5.619822847659561e-05,6.9922004990103134e-06,13.380244840228572,44.82340480988833,20.0,2.8006741666811475e-05,0.0001000592467139,4.186195166661896e-05,0.0001699279400473,0.0,Italy,ITA,lombardy,,,Windows-11-10.0.26200-SP0,3.13.13,3.2.6,32,13th Gen Intel(R) Core(TM) i9-13900HX,1,1 x NVIDIA GeForce RTX 4070 Laptop GPU,9.1922,45.4722,31.70067596435547,machine,0.0,59.833333333333336,41.2,13.064730962117514,N,1.0,0.0
2026-05-05T15:02:56,Q355_qwen2.5:14b_HellaSwag,e24d002d-1670-4173-99b6-2dc8c7edfeb0,5b0fa12a-3dd7-45bb-9766-cc326314d9f1,10.263253600001915,7.641830243636858e-05,7.445816445221066e-06,13.179166361600002,49.50904129568177,20.0,3.573087955914156e-05,0.000141114557336,5.4222428888897416e-05,0.000231067865784,0.0,Italy,ITA,lombardy,,,Windows-11-10.0.26200-SP0,3.13.13,3.2.6,32,13th Gen Intel(R) Core(TM) i9-13900HX,1,1 x NVIDIA GeForce RTX 4070 Laptop GPU,9.1922,45.4722,31.70067596435547,machine,0.0,43.5,41.2,13.060139179229736,N,1.0,0.0
2026-05-05T15:03:59,Q356_qwen2.5:14b_HumanEval,9e2fc22a-3101-4baa-96b5-91e516f58fa6,5b0fa12a-3dd7-45bb-9766-cc326314d9f1,37.30541990000347,0.0002985913479545,8.003966950511046e-06,13.277268402857144,55.40543271857718,20.0,0.0001319216690408,0.0005720565687559,0.0001988796288888,0.0009028578666857,0.0,Italy,ITA,lombardy,,,Windows-11-10.0.26200-SP0,3.13.13,3.2.6,32,13th Gen Intel(R) Core(TM) i9-13900HX,1,1 x NVIDIA GeForce RTX 4070 Laptop GPU,9.1922,45.4722,31.70067596435547,machine,0.0,40.2,41.2,13.055943952287947,N,1.0,0.0
2026-05-05T15:05:08,Q357_qwen2.5:14b_SQuAD,8c14566f-1e31-4c4d-bdde-ba1e206994d7,5b0fa12a-3dd7-45bb-9766-cc326314d9f1,4.151152600010391,2.8856497932070755e-05,6.951442337243521e-06,13.4345520896,46.28176974556643,20.0,1.362054002873062e-05,5.335754268603887e-05,2.0276006666730004e-05,8.72540893814995e-05,0.0,Italy,ITA,lombardy,,,Windows-11-10.0.26200-SP0,3.13.13,3.2.6,32,13th Gen Intel(R) Core(TM) i9-13900HX,1,1 x NVIDIA GeForce RTX 4070 Laptop GPU,9.1922,45.4722,31.70067596435547,machine,0.0,66.0,41.05,13.014251708984377,N,1.0,0.0
2026-05-05T15:05:28,Q358_qwen2.5:14b_SQuAD,4a94ad96-18fd-432e-8340-01ea74fc1f9d,5b0fa12a-3dd7-45bb-9766-cc326314d9f1,4.600097799993819,2.6476117246185883e-05,5.755555294111673e-06,13.1371240448,33.14977207968059,20.0,1.495115652012542e-05,4.2344478320022194e-05,2.276084000000588e-05,8.005647484015349e-05,0.0,Italy,ITA,lombardy,,,Windows-11-10.0.26200-SP0,3.13.13,3.2.6,32,13th Gen Intel(R) Core(TM) i9-13900HX,1,1 x NVIDIA GeForce RTX 4070 Laptop GPU,9.1922,45.4722,31.70067596435547,machine,0.0,30.33333333333333,41.06666666666667,13.016642252604166,N,1.0,0.0
2026-05-05T15:05:46,Q359_qwen2.5:14b_SQuAD,e56d4a49-bd2f-460b-90b5-7d9228531348,5b0fa12a-3dd7-45bb-9766-cc326314d9f1,3.34552000000258,1.859155117769513e-05,5.557148418685526e-06,13.2677590592,32.233234635699105,20.0,1.0477454243453876e-05,2.994530173400234e-05,1.5792966111136292e-05,5.621572208859251e-05,0.0,Italy,ITA,lombardy,,,Windows-11-10.0.26200-SP0,3.13.13,3.2.6,32,13th Gen Intel(R) Core(TM) i9-13900HX,1,1 x NVIDIA GeForce RTX 4070 Laptop GPU,9.1922,45.4722,31.70067596435547,machine,0.0,99.0,41.1,13.01361846923828,N,1.0,0.0
2026-05-05T15:06:10,Q360_qwen2.5:14b_SQuAD,8050e92e-dfe4-4cac-96f9-3c797279e1dc,5b0fa12a-3dd7-45bb-9766-cc326314d9f1,8.211742999992566,5.917487750397103e-05,7.206128772420739e-06,13.157161570742858,47.32133660931025,20.0,2.81747103363495e-05,0.000107926753008,4.2827042222213805e-05,0.0001789285055665,0.0,Italy,ITA,lombardy,,,Windows-11-10.0.26200-SP0,3.13.13,3.2.6,32,13th Gen Intel(R) Core(TM) i9-13900HX,1,1 x NVIDIA GeForce RTX 4070 Laptop GPU,9.1922,45.4722,31.70067596435547,machine,0.0,41.66666666666666,41.1,13.024910608927408,N,1.0,0.0
2026-05-05T15:06:59,Q361_qwen2.5:14b_GSM8K,8990cb6b-c418-4080-a368-7e3a4bc6ae5a,5b0fa12a-3dd7-45bb-9766-cc326314d9f1,24.546955400001025,0.000193042674798,7.864220700791074e-06,13.2327215424,53.87598671695841,20.0,8.660055603136202e-05,0.0003663275152839,0.0001307797244444,0.0005837077957597,0.0,Italy,ITA,lombardy,,,Windows-11-10.0.26200-SP0,3.13.13,3.2.6,32,13th Gen Intel(R) Core(TM) i9-13900HX,1,1 x NVIDIA GeForce RTX 4070 Laptop GPU,9.1922,45.4722,31.70067596435547,machine,0.0,39.31818181818182,41.1,13.030839746648615,N,1.0,0.0
2026-05-05T15:08:01,Q362_qwen2.5:14b_SQuAD,aa580d56-0f33-460e-8fd8-444b59f7db87,5b0fa12a-3dd7-45bb-9766-cc326314d9f1,6.6181641000002855,4.590760873865413e-05,6.936607803159814e-06,13.0991698112,44.93305143129672,20.0,2.2251973109879248e-05,8.258617717998851e-05,3.397379444448032e-05,0.0001388119447343,0.0,Italy,ITA,lombardy,,,Windows-11-10.0.26200-SP0,3.13.13,3.2.6,32,13th Gen Intel(R) Core(TM) i9-13900HX,1,1 x NVIDIA GeForce RTX 4070 Laptop GPU,9.1922,45.4722,31.70067596435547,machine,0.0,32.4,41.1,13.01984405517578,N,1.0,0.0
2026-05-05T15:09:00,Q363_qwen2.5:14b_HumanEval,0fd8127f-1612-44a6-90ed-2682723e3689,5b0fa12a-3dd7-45bb-9766-cc326314d9f1,34.006902299996,0.0002698848124939,7.936177488707706e-06,13.19260861232,55.87474007708132,20.0,0.0001193408250726,0.0005161654129319,0.0001805509844444,0.000816057222449,0.0,Italy,ITA,lombardy,,,Windows-11-10.0.26200-SP0,3.13.13,3.2.6,32,13th Gen Intel(R) Core(TM) i9-13900HX,1,1 x NVIDIA GeForce RTX 4070 Laptop GPU,9.1922,45.4722,31.70067596435547,machine,0.0,41.375,41.1,13.032180666923525,N,1.0,0.0
2026-05-05T15:10:30,Q364_qwen2.5:14b_GSM8K,7cd337e5-466e-4c8c-a483-97db57e7854e,5b0fa12a-3dd7-45bb-9766-cc326314d9f1,24.48803240001144,0.0001909109598456,7.796092259561518e-06,13.17463388544,53.73237934451653,20.0,8.599433692230455e-05,0.000360818621988,0.0001304491188889,0.0005772620777992,0.0,Italy,ITA,lombardy,,,Windows-11-10.0.26200-SP0,3.13.13,3.2.6,32,13th Gen Intel(R) Core(TM) i9-13900HX,1,1 x NVIDIA GeForce RTX 4070 Laptop GPU,9.1922,45.4722,31.70067596435547,machine,7.468181818181819,39.45454545454545,41.1,13.027009443803268,N,1.0,0.0
2026-05-05T15:11:51,Q365_qwen2.5:14b_HumanEval,3b1cd640-e9cb-43a4-81df-d2e872891c9a,5b0fa12a-3dd7-45bb-9766-cc326314d9f1,25.96770860000106,0.000203563179373,7.83908902046895e-06,13.36766179677091,54.02959358138283,20.0,9.259973256280904e-05,0.0003842458629519,0.0001386733038889,0.0006155188994037,0.0,Italy,ITA,lombardy,,,Windows-11-10.0.26200-SP0,3.13.13,3.2.6,32,13th Gen Intel(R) Core(TM) i9-13900HX,1,1 x NVIDIA GeForce RTX 4070 Laptop GPU,9.1922,45.4722,31.70067596435547,machine,0.0,41.875,41.1,13.021508057912191,N,1.0,0.0
2026-05-05T15:13:18,Q366_qwen2.5:14b_HumanEval,1d61e9b3-d266-49a9-9237-a37b7f8ae776,5b0fa12a-3dd7-45bb-9766-cc326314d9f1,31.51328720001038,0.0002494818496483,7.916719321119405e-06,13.27719710984,54.10672352786074,20.0,0.0001125469438596,0.000472337044536,0.0001694803027778,0.0007543642911734,0.0,Italy,ITA,lombardy,,,Windows-11-10.0.26200-SP0,3.13.13,3.2.6,32,13th Gen Intel(R) Core(TM) i9-13900HX,1,1 x NVIDIA GeForce RTX 4070 Laptop GPU,9.1922,45.4722,31.70067596435547,machine,3.4482758620689653,40.793103448275865,41.21034482758621,13.068313072467673,N,1.0,0.0
2026-05-05T15:14:32,Q367_qwen2.5:14b_MMLU,a6c90cd4-8728-48e2-9642-b00bba77bfc1,5b0fa12a-3dd7-45bb-9766-cc326314d9f1,8.275777899994864,5.888692366508762e-05,7.115575644571632e-06,13.142111184457146,46.337949211240094,20.0,2.837583572638552e-05,0.000106499807422,4.3182169444480685e-05,0.0001780578125928,0.0,Italy,ITA,lombardy,,,Windows-11-10.0.26200-SP0,3.13.13,3.2.6,32,13th Gen Intel(R) Core(TM) i9-13900HX,1,1 x NVIDIA GeForce RTX 4070 Laptop GPU,9.1922,45.4722,31.70067596435547,machine,0.0,45.833333333333336,41.2,13.050138473510742,N,1.0,0.0
2026-05-05T15:15:03,Q368_qwen2.5:14b_SQuAD,7644170b-627c-4dba-b651-e7bfa444aa54,5b0fa12a-3dd7-45bb-9766-cc326314d9f1,6.081818599996041,3.904125551859136e-05,6.419339031028774e-06,13.280610713600002,39.39202679771515,20.0,2.0572514109904983e-05,6.649699764199601e-05,3.0980474999927945e-05,0.0001180499867518,0.0,Italy,ITA,lombardy,,,Windows-11-10.0.26200-SP0,3.13.13,3.2.6,32,13th Gen Intel(R) Core(TM) i9-13900HX,1,1 x NVIDIA GeForce RTX 4070 Laptop GPU,9.1922,45.4722,31.70067596435547,machine,0.0,43.75,41.275,13.082714080810549,N,1.0,0.0
2026-05-05T15:15:22,Q369_qwen2.5:14b_HellaSwag,b79bad68-f320-47f5-876e-1e8db0ac6385,5b0fa12a-3dd7-45bb-9766-cc326314d9f1,4.343513600004371,2.8264197956342378e-05,6.507219859128318e-06,13.348690112,41.35273986536328,20.0,1.4243555520998725e-05,4.987976212594836e-05,2.133982000005845e-05,8.546313764700553e-05,0.0,Italy,ITA,lombardy,,,Windows-11-10.0.26200-SP0,3.13.13,3.2.6,32,13th Gen Intel(R) Core(TM) i9-13900HX,1,1 x NVIDIA GeForce RTX 4070 Laptop GPU,9.1922,45.4722,31.70067596435547,machine,0.0,34.0,41.3,13.08509635925293,N,1.0,0.0
2026-05-05T15:15:42,Q370_qwen2.5:14b_SQuAD,666aab39-30ef-4853-ace1-22ecf5133eb2,5b0fa12a-3dd7-45bb-9766-cc326314d9f1,4.749567399994703,3.1817731489399005e-05,6.699079897136419e-06,13.0614221504,43.3648520553187,20.0,1.541072645562628e-05,5.720087909394378e-05,2.3596437222214365e-05,9.620804277178444e-05,0.0,Italy,ITA,lombardy,,,Windows-11-10.0.26200-SP0,3.13.13,3.2.6,32,13th Gen Intel(R) Core(TM) i9-13900HX,1,1 x NVIDIA GeForce RTX 4070 Laptop GPU,9.1922,45.4722,31.70067596435547,machine,0.0,62.333333333333336,41.3,13.082860310872396,N,1.0,0.0
2026-05-05T15:16:01,Q371_qwen2.5:14b_SQuAD,ac792110-3155-4115-863d-5ad36ac6a9bf,5b0fa12a-3dd7-45bb-9766-cc326314d9f1,4.178118900003028,2.468654340938232e-05,5.908530609161082e-06,13.2710555648,35.05717795372471,20.0,1.3549961911782042e-05,4.067586587397365e-05,2.041946944445953e-05,7.464529723021523e-05,0.0,Italy,ITA,lombardy,,,Windows-11-10.0.26200-SP0,3.13.13,3.2.6,32,13th Gen Intel(R) Core(TM) i9-13900HX,1,1 x NVIDIA GeForce RTX 4070 Laptop GPU,9.1922,45.4722,31.70067596435547,machine,0.0,77.0,41.25,13.078577041625977,N,1.0,0.0
2026-05-05T15:16:22,Q372_qwen2.5:14b_HellaSwag,648c5c29-c185-4352-833c-42a1df1ff797,5b0fa12a-3dd7-45bb-9766-cc326314d9f1,5.909482300005038,3.733725703556961e-05,6.318194241065377e-06,13.31746197248,38.29634041304217,20.0,2.00037456777484e-05,6.285338361600168e-05,3.0040436111125423e-05,0.0001128975654048,0.0,Italy,ITA,lombardy,,,Windows-11-10.0.26200-SP0,3.13.13,3.2.6,32,13th Gen Intel(R) Core(TM) i9-13900HX,1,1 x NVIDIA GeForce RTX 4070 Laptop GPU,9.1922,45.4722,31.70067596435547,machine,0.0,54.25,41.225,13.07518196105957,N,1.0,0.0
2026-05-05T15:16:48,Q373_qwen2.5:14b_HellaSwag,240a4ade-1ba7-49bc-9907-e8481dc89e83,5b0fa12a-3dd7-45bb-9766-cc326314d9f1,11.138848000002326,8.23133940272683e-05,7.389758261110225e-06,13.21871844224,48.722532383503975,20.0,3.90575137168275e-05,0.0001507420650379,5.909341777781568e-05,0.0002488929965325,0.0,Italy,ITA,lombardy,,,Windows-11-10.0.26200-SP0,3.13.13,3.2.6,32,13th Gen Intel(R) Core(TM) i9-13900HX,1,1 x NVIDIA GeForce RTX 4070 Laptop GPU,9.1922,45.4722,31.70067596435547,machine,0.0,37.0,41.25555555555556,13.075488620334202,N,1.0,0.0
2026-05-05T15:17:30,Q374_qwen2.5:14b_HellaSwag,25f1495f-80a3-43ca-90ac-62ab3fde766d,5b0fa12a-3dd7-45bb-9766-cc326314d9f1,6.257062900011079,3.847016976744884e-05,6.148279213779476e-06,13.351389570560002,36.25578521943908,20.0,2.134390335209264e-05,6.300755040594685e-05,3.197172722227859e-05,0.0001163231809803,0.0,Italy,ITA,lombardy,,,Windows-11-10.0.26200-SP0,3.13.13,3.2.6,32,13th Gen Intel(R) Core(TM) i9-13900HX,1,1 x NVIDIA GeForce RTX 4070 Laptop GPU,9.1922,45.4722,31.70067596435547,machine,25.0,30.75,41.575,13.17289924621582,N,1.0,0.0
2026-05-05T15:18:02,Q375_qwen2.5:14b_HellaSwag,f9401054-6d18-44bf-a8db-c2c229837d7f,5b0fa12a-3dd7-45bb-9766-cc326314d9f1,7.40900959999999,5.145032976826558e-05,6.9442924960261424e-06,13.4826268544,44.381308226964215,20.0,2.586892326906675e-05,9.132979528603258e-05,3.837288555554956e-05,0.0001555716041106,0.0,Italy,ITA,lombardy,,,Windows-11-10.0.26200-SP0,3.13.13,3.2.6,32,13th Gen Intel(R) Core(TM) i9-13900HX,1,1 x NVIDIA GeForce RTX 4070 Laptop GPU,9.1922,45.4722,31.70067596435547,machine,0.0,39.4,41.5,13.157174682617187,N,1.0,0.0
2026-05-05T15:18:31,Q376_qwen2.5:14b_SQuAD,1e6fa67d-59d7-4c48-9a45-8ff88ab22053,5b0fa12a-3dd7-45bb-9766-cc326314d9f1,3.4102221000066493,1.920211116211424e-05,5.630750900968239e-06,13.116286208000002,33.05921328780742,20.0,1.0595991448829073e-05,3.130974726994751e-05,1.6156148333377335e-05,5.806188705215392e-05,0.0,Italy,ITA,lombardy,,,Windows-11-10.0.26200-SP0,3.13.13,3.2.6,32,13th Gen Intel(R) Core(TM) i9-13900HX,1,1 x NVIDIA GeForce RTX 4070 Laptop GPU,9.1922,45.4722,31.70067596435547,machine,0.0,98.0,41.5,13.159427642822266,N,1.0,0.0
2026-05-05T15:19:01,Q377_qwen2.5:14b_GSM8K,22dbaeaa-15cf-4b4e-852c-a090a36fea6b,5b0fa12a-3dd7-45bb-9766-cc326314d9f1,15.256024900008924,0.0001206710959372,7.909733808655008e-06,15.377195162514289,51.89013026987109,20.0,6.302081427036959e-05,0.0002198896203559,8.196567111113434e-05,0.0003648761057374,0.0,Italy,ITA,lombardy,,,Windows-11-10.0.26200-SP0,3.13.13,3.2.6,32,13th Gen Intel(R) Core(TM) i9-13900HX,1,1 x NVIDIA GeForce RTX 4070 Laptop GPU,9.1922,45.4722,31.70067596435547,machine,0.0,34.0,41.8,13.251141181358925,N,1.0,0.0
2026-05-05T15:20:14,Q378_qwen2.5:14b_MMLU,380240b7-2424-49ff-b09b-6a04d427c5b2,5b0fa12a-3dd7-45bb-9766-cc326314d9f1,7.660121599998092,5.326145298786782e-05,6.953081918161859e-06,13.321623740342858,44.55590297848553,20.0,2.6487748607327992e-05,9.479452027999492e-05,3.976567222222608e-05,0.0001610479411095,0.0,Italy,ITA,lombardy,,,Windows-11-10.0.26200-SP0,3.13.13,3.2.6,32,13th Gen Intel(R) Core(TM) i9-13900HX,1,1 x NVIDIA GeForce RTX 4070 Laptop GPU,9.1922,45.4722,31.70067596435547,machine,0.0,45.66666666666666,42.0,13.305720647176107,N,1.0,0.0
2026-05-05T15:21:09,Q379_qwen2.5:14b_GSM8K,a3d23209-38ff-43be-92e3-b83c05962958,5b0fa12a-3dd7-45bb-9766-cc326314d9f1,29.489147900007083,0.0002292900789455,7.77540537024247e-06,13.271046276114289,52.77387277758413,20.0,0.0001050659454597,0.0004299958995519,0.0001582481016666,0.0006933099466784,0.0,Italy,ITA,lombardy,,,Windows-11-10.0.26200-SP0,3.13.13,3.2.6,32,13th Gen Intel(R) Core(TM) i9-13900HX,1,1 x NVIDIA GeForce RTX 4070 Laptop GPU,9.1922,45.4722,31.70067596435547,machine,3.2925925925925927,39.44444444444444,41.84814814814814,13.262107566550926,N,1.0,0.0
2026-05-05T15:22:12,Q380_qwen2.5:14b_SQuAD,5468a129-7537-445d-a35b-f568f874798e,5b0fa12a-3dd7-45bb-9766-cc326314d9f1,7.941740299997036,5.947158375459999e-05,7.488482562773072e-06,13.11729292434286,50.52117097652711,20.0,2.710027762748577e-05,0.0001114062002359,4.131918555552451e-05,0.0001798256634189,0.0,Italy,ITA,lombardy,,,Windows-11-10.0.26200-SP0,3.13.13,3.2.6,32,13th Gen Intel(R) Core(TM) i9-13900HX,1,1 x NVIDIA GeForce RTX 4070 Laptop GPU,9.1922,45.4722,31.70067596435547,machine,0.0,36.0,41.7,13.2255490620931,N,1.0,0.0
2026-05-05T15:22:50,Q381_qwen2.5:14b_GSM8K,a293f929-6d14-4aaa-b064-c14dcba8782d,5b0fa12a-3dd7-45bb-9766-cc326314d9f1,12.532371900000726,9.47394199404323e-05,7.559576167734602e-06,13.55361053207273,50.08626734525959,20.0,4.529117490462457e-05,0.000174342917252,6.683177888884934e-05,0.0002864658710455,0.0,Italy,ITA,lombardy,,,Windows-11-10.0.26200-SP0,3.13.13,3.2.6,32,13th Gen Intel(R) Core(TM) i9-13900HX,1,1 x NVIDIA GeForce RTX 4070 Laptop GPU,9.1922,45.4722,31.70067596435547,machine,10.0,40.5,41.7,13.20527572631836,N,1.0,0.0
2026-05-05T15:24:02,Q382_qwen2.5:14b_HumanEval,3fb30c20-dd0d-4f4c-b726-1471e3b217bb,5b0fa12a-3dd7-45bb-9766-cc326314d9f1,37.58144129998982,0.0003064346294686,8.153881779642718e-06,13.54261196866286,56.95436523622877,20.0,0.000136068409263,0.0005900888054039,0.0002004165716666,0.0009265737863336,0.0,Italy,ITA,lombardy,,,Windows-11-10.0.26200-SP0,3.13.13,3.2.6,32,13th Gen Intel(R) Core(TM) i9-13900HX,1,1 x NVIDIA GeForce RTX 4070 Laptop GPU,9.1922,45.4722,31.70067596435547,machine,0.0,39.65714285714286,41.62857142857143,13.201983751569475,N,1.0,0.0
2026-05-05T15:25:23,Q383_qwen2.5:14b_GSM8K,a97d392e-9fe4-4043-8df5-c8b97226b729,5b0fa12a-3dd7-45bb-9766-cc326314d9f1,14.64148569999088,0.0001051321476329,7.180428939189639e-06,13.136018774857146,46.16703922818453,20.0,5.159133133414178e-05,0.0001877507057559,7.854857555551764e-05,0.0003178906126456,0.0,Italy,ITA,lombardy,,,Windows-11-10.0.26200-SP0,3.13.13,3.2.6,32,13th Gen Intel(R) Core(TM) i9-13900HX,1,1 x NVIDIA GeForce RTX 4070 Laptop GPU,9.1922,45.4722,31.70067596435547,machine,0.0,38.07692307692308,41.60000000000001,13.189230405367338,N,1.0,0.0
2026-05-05T15:26:09,Q384_qwen2.5:14b_MMLU,8b50645b-31ca-4ded-9a15-f757fd70999f,5b0fa12a-3dd7-45bb-9766-cc326314d9f1,10.188879100009215,7.463351124995885e-05,7.324997236437061e-06,13.2561542016,48.1416149886002,20.0,3.5659995621040275e-05,0.000136210664524,5.3800489444499056e-05,0.0002256711495895,0.0,Italy,ITA,lombardy,,,Windows-11-10.0.26200-SP0,3.13.13,3.2.6,32,13th Gen Intel(R) Core(TM) i9-13900HX,1,1 x NVIDIA GeForce RTX 4070 Laptop GPU,9.1922,45.4722,31.70067596435547,machine,0.0,41.75,41.6,13.187653064727783,N,1.0,0.0
2026-05-05T15:26:59,Q385_qwen2.5:14b_GSM8K,d4a04a29-1323-4ec1-bc42-f4568d9c598e,5b0fa12a-3dd7-45bb-9766-cc326314d9f1,15.187022100013564,0.0001150617611708,7.576321441631205e-06,13.181098378057143,50.39254777374875,20.0,5.376614807534504e-05,0.0002125690589439,8.157981777783587e-05,0.0003479150247971,0.0,Italy,ITA,lombardy,,,Windows-11-10.0.26200-SP0,3.13.13,3.2.6,32,13th Gen Intel(R) Core(TM) i9-13900HX,1,1 x NVIDIA GeForce RTX 4070 Laptop GPU,9.1922,45.4722,31.70067596435547,machine,0.0,40.30769230769231,41.60000000000001,13.177001659686749,N,1.0,0.0
2026-05-05T15:27:50,Q386_qwen2.5:14b_HellaSwag,374ce138-1246-4218-9029-f8e62a982ecf,5b0fa12a-3dd7-45bb-9766-cc326314d9f1,5.805695600007311,3.863626905515897e-05,6.654890596591098e-06,13.073441231360002,42.24322090653846,20.0,1.9257250474550283e-05,6.81089433759996e-05,2.9459225555587585e-05,0.0001168254194061,0.0,Italy,ITA,lombardy,,,Windows-11-10.0.26200-SP0,3.13.13,3.2.6,32,13th Gen Intel(R) Core(TM) i9-13900HX,1,1 x NVIDIA GeForce RTX 4070 Laptop GPU,9.1922,45.4722,31.70067596435547,machine,0.0,44.75,41.6,13.184350967407228,N,1.0,0.0
2026-05-05T15:28:30,Q387_qwen2.5:14b_HumanEval,08612db6-d7da-4b05-b5d0-09ea9f640cbe,5b0fa12a-3dd7-45bb-9766-cc326314d9f1,24.69620740000392,0.0001964775142782,7.955776816088974e-06,13.45592718464,54.96862842647337,20.0,8.865466208607453e-05,0.00037382391017,0.0001316152305555,0.0005940938028116,0.0,Italy,ITA,lombardy,,,Windows-11-10.0.26200-SP0,3.13.13,3.2.6,32,13th Gen Intel(R) Core(TM) i9-13900HX,1,1 x NVIDIA GeForce RTX 4070 Laptop GPU,9.1922,45.4722,31.70067596435547,machine,0.0,39.95652173913044,41.6,13.192398237145463,N,1.0,0.0
2026-05-05T15:29:34,Q388_qwen2.5:14b_SQuAD,083fcc62-1d29-485e-a74f-ab159afa7bf9,5b0fa12a-3dd7-45bb-9766-cc326314d9f1,7.671092100004898,5.632296484026029e-05,7.342235513014415e-06,13.111073901714288,48.99086538313461,20.0,2.6105759343645605e-05,0.000104377583502,3.982176555558302e-05,0.0001703051084012,0.0,Italy,ITA,lombardy,,,Windows-11-10.0.26200-SP0,3.13.13,3.2.6,32,13th Gen Intel(R) Core(TM) i9-13900HX,1,1 x NVIDIA GeForce RTX 4070 Laptop GPU,9.1922,45.4722,31.70067596435547,machine,0.0,52.16666666666666,41.6,13.181294759114584,N,1.0,0.0
2026-05-05T15:30:15,Q389_qwen2.5:14b_HellaSwag,b700786d-adcf-4705-a744-a36cf964ec28,5b0fa12a-3dd7-45bb-9766-cc326314d9f1,15.861767800000962,0.0001196297109914,7.542016280898605e-06,13.53886585088,49.62439142896963,20.0,5.776409503167051e-05,0.0002186332304619,8.53299194444844e-05,0.0003617272449381,0.0,Italy,ITA,lombardy,,,Windows-11-10.0.26200-SP0,3.13.13,3.2.6,32,13th Gen Intel(R) Core(TM) i9-13900HX,1,1 x NVIDIA GeForce RTX 4070 Laptop GPU,9.1922,45.4722,31.70067596435547,machine,0.0,42.642857142857146,41.5,13.164027622767858,N,1.0,0.0
2026-05-05T15:31:37,Q390_qwen2.5:14b_HumanEval,223431d8-3754-4916-ae8a-5a4d6f30147f,5b0fa12a-3dd7-45bb-9766-cc326314d9f1,37.40057120000711,0.0003013001510008,8.056030732514461e-06,13.200154712434289,56.45456358468234,20.0,0.000131630221372,0.000580037408474,0.00019938091,0.0009110485398461,0.0,Italy,ITA,lombardy,,,Windows-11-10.0.26200-SP0,3.13.13,3.2.6,32,13th Gen Intel(R) Core(TM) i9-13900HX,1,1 x NVIDIA GeForce RTX 4070 Laptop GPU,9.1922,45.4722,31.70067596435547,machine,2.857142857142857,41.6,41.5,13.151471383231026,N,1.0,0.0
2026-05-05T15:32:55,Q391_qwen2.5:14b_GSM8K,32cc6b91-f619-4f12-8de8-417e49a1c108,5b0fa12a-3dd7-45bb-9766-cc326314d9f1,12.829711500002304,9.653410792120936e-05,7.52426178259675e-06,13.4228636,49.7947789542029,20.0,4.596437379566573e-05,0.0001774423641759,6.848577444438383e-05,0.000291892512416,0.0,Italy,ITA,lombardy,,,Windows-11-10.0.26200-SP0,3.13.13,3.2.6,32,13th Gen Intel(R) Core(TM) i9-13900HX,1,1 x NVIDIA GeForce RTX 4070 Laptop GPU,9.1922,45.4722,31.70067596435547,machine,0.0,38.0,41.45454545454545,13.14177218350497,N,1.0,0.0
2026-05-05T15:34:08,Q392_qwen2.5:14b_HumanEval,aac16580-3f8c-48c7-93de-d48e379724fd,5b0fa12a-3dd7-45bb-9766-cc326314d9f1,37.192326500007766,0.0002982823225432,8.019996343687581e-06,13.180550623588571,55.98596180674216,20.0,0.0001308963041931,0.00057278795823,0.0001982391966666,0.0009019234590899,0.0,Italy,ITA,lombardy,,,Windows-11-10.0.26200-SP0,3.13.13,3.2.6,32,13th Gen Intel(R) Core(TM) i9-13900HX,1,1 x NVIDIA GeForce RTX 4070 Laptop GPU,9.1922,45.4722,31.70067596435547,machine,5.714285714285714,39.142857142857146,41.4,13.123104095458984,N,1.0,0.0
2026-05-05T15:35:17,Q393_qwen2.5:14b_SQuAD,9d4bc6ef-4b15-4278-950d-a99f3c9abcb4,5b0fa12a-3dd7-45bb-9766-cc326314d9f1,4.155441499999142,2.5537233070179387e-05,6.145492138485082e-06,13.4835498368,37.471848244045,20.0,1.3681934054641716e-05,4.324225681601179e-05,2.029335722222135e-05,7.721754809287485e-05,0.0,Italy,ITA,lombardy,,,Windows-11-10.0.26200-SP0,3.13.13,3.2.6,32,13th Gen Intel(R) Core(TM) i9-13900HX,1,1 x NVIDIA GeForce RTX 4070 Laptop GPU,9.1922,45.4722,31.70067596435547,machine,50.0,36.5,41.4,13.13173484802246,N,1.0,0.0
2026-05-05T15:36:00,Q394_qwen2.5:14b_HumanEval,6d583b42-4f06-47c3-ac09-6a4680b4c9c3,5b0fa12a-3dd7-45bb-9766-cc326314d9f1,27.720929099989007,0.0002227595880355,8.03579083630394e-06,13.50019284992,55.36883611525448,20.0,0.0001003021232442,0.000424838395426,0.0001484230249998,0.0006735635436702,0.0,Italy,ITA,lombardy,,,Windows-11-10.0.26200-SP0,3.13.13,3.2.6,32,13th Gen Intel(R) Core(TM) i9-13900HX,1,1 x NVIDIA GeForce RTX 4070 Laptop GPU,9.1922,45.4722,31.70067596435547,machine,3.419230769230769,37.92307692307692,41.39999999999999,13.124163700984074,N,1.0,0.0
2026-05-05T15:37:25,Q395_qwen2.5:14b_HumanEval,b23265a6-b634-442d-873d-4786cd60d639,5b0fa12a-3dd7-45bb-9766-cc326314d9f1,29.042476899994654,0.0002306031525714,7.94020266816512e-06,13.446626588617145,54.4965521032222,20.0,0.0001048932920211,0.000436624238188,0.0001557627888888,0.000697280319098,0.0,Italy,ITA,lombardy,,,Windows-11-10.0.26200-SP0,3.13.13,3.2.6,32,13th Gen Intel(R) Core(TM) i9-13900HX,1,1 x NVIDIA GeForce RTX 4070 Laptop GPU,9.1922,45.4722,31.70067596435547,machine,0.0,39.81481481481482,41.5,13.145957522922092,N,1.0,0.0
2026-05-05T15:38:59,Q396_qwen2.5:14b_HumanEval,5b1515ab-a55e-47eb-a147-b73d4e8d83c3,5b0fa12a-3dd7-45bb-9766-cc326314d9f1,38.91044929999043,0.0003128692793402,8.040752162178171e-06,13.61332931242667,55.90175882006128,20.0,0.0001417444536155,0.00059649769942,0.0002077882394444,0.00094603039248,0.0,Italy,ITA,lombardy,,,Windows-11-10.0.26200-SP0,3.13.13,3.2.6,32,13th Gen Intel(R) Core(TM) i9-13900HX,1,1 x NVIDIA GeForce RTX 4070 Laptop GPU,9.1922,45.4722,31.70067596435547,machine,2.702702702702702,37.054054054054056,41.65135135135135,13.203603486757022,N,1.0,0.0
2026-05-05T15:40:08,Q397_qwen2.5:14b_SQuAD,5f443fd3-0e1d-4d30-86c5-716fb6d73492,5b0fa12a-3dd7-45bb-9766-cc326314d9f1,4.109865899998113,2.460349436333285e-05,5.986446994132862e-06,13.8263836544,35.4827200169504,20.0,1.385602242806524e-05,4.049614350798425e-05,2.004201388885526e-05,7.439417982490476e-05,0.0,Italy,ITA,lombardy,,,Windows-11-10.0.26200-SP0,3.13.13,3.2.6,32,13th Gen Intel(R) Core(TM) i9-13900HX,1,1 x NVIDIA GeForce RTX 4070 Laptop GPU,9.1922,45.4722,31.70067596435547,machine,0.0,66.5,41.5,13.140621185302734,N,1.0,0.0
2026-05-05T15:40:47,Q398_qwen2.5:14b_MMLU,184c1dc0-d17a-4807-9313-b60cdc23358f,5b0fa12a-3dd7-45bb-9766-cc326314d9f1,23.637902800008305,0.0001822478147629,7.70998240854295e-06,13.512109687040002,52.46152865914144,20.0,8.516836198510035e-05,0.0003401563832359,0.0001257423716667,0.0005510671168878,0.0,Italy,ITA,lombardy,,,Windows-11-10.0.26200-SP0,3.13.13,3.2.6,32,13th Gen Intel(R) Core(TM) i9-13900HX,1,1 x NVIDIA GeForce RTX 4070 Laptop GPU,9.1922,45.4722,31.70067596435547,machine,4.545454545454546,40.68181818181818,41.5,13.14505299654874,N,1.0,0.0
2026-05-05T15:42:10,Q399_qwen2.5:14b_HumanEval,d5de3b98-a3cb-4c05-9d71-f9b349356d3e,5b0fa12a-3dd7-45bb-9766-cc326314d9f1,37.33492629999819,0.0002986807666727,8.000036327185861e-06,13.57512434985143,55.360706638090505,20.0,0.000134377252324,0.000569734622454,0.0001990163694444,0.0009031282442225,0.0,Italy,ITA,lombardy,,,Windows-11-10.0.26200-SP0,3.13.13,3.2.6,32,13th Gen Intel(R) Core(TM) i9-13900HX,1,1 x NVIDIA GeForce RTX 4070 Laptop GPU,9.1922,45.4722,31.70067596435547,machine,1.4285714285714286,41.54285714285714,41.41428571428571,13.120650809151783,N,1.0,0.0
2026-05-05T15:43:26,Q400_qwen2.5:14b_HellaSwag,920447db-364f-4498-a744-2570aac12813,5b0fa12a-3dd7-45bb-9766-cc326314d9f1,11.2974375999911,8.360185420460824e-05,7.400072225641158e-06,13.14048025856,48.894979191759205,20.0,3.940192971754677e-05,0.000153417622734,5.9969392222168e-05,0.0002527889446737,0.0,Italy,ITA,lombardy,,,Windows-11-10.0.26200-SP0,3.13.13,3.2.6,32,13th Gen Intel(R) Core(TM) i9-13900HX,1,1 x NVIDIA GeForce RTX 4070 Laptop GPU,9.1922,45.4722,31.70067596435547,machine,11.11111111111111,41.22222222222222,41.3,13.10020234849718,N,1.0,0.0
2026-05-05T15:44:22,Q401_qwen2.5:14b_MMLU,a44c0011-9535-4a0a-a6ea-fee12f91fd87,5b0fa12a-3dd7-45bb-9766-cc326314d9f1,20.172391899992363,0.0001536664890907,7.617663282203243e-06,13.359222440960002,52.58099081823734,20.0,7.156522767064747e-05,0.000286606618174,0.0001064732266665,0.0004646450725112,0.0,Italy,ITA,lombardy,,,Windows-11-10.0.26200-SP0,3.13.13,3.2.6,32,13th Gen Intel(R) Core(TM) i9-13900HX,1,1 x NVIDIA GeForce RTX 4070 Laptop GPU,9.1922,45.4722,31.70067596435547,machine,0.0,41.77777777777778,41.6,13.187136544121635,N,1.0,0.0
2026-05-05T15:45:24,Q402_qwen2.5:14b_HellaSwag,f694c778-9916-43bf-92e9-e9ed4be5fe29,5b0fa12a-3dd7-45bb-9766-cc326314d9f1,7.219181000007666,5.393868862944012e-05,7.471580035101329e-06,13.4988209984,50.20196298604121,20.0,2.517701326250213e-05,0.0001006170249379,3.730167666670039e-05,0.0001630957148671,0.0,Italy,ITA,lombardy,,,Windows-11-10.0.26200-SP0,3.13.13,3.2.6,32,13th Gen Intel(R) Core(TM) i9-13900HX,1,1 x NVIDIA GeForce RTX 4070 Laptop GPU,9.1922,45.4722,31.70067596435547,machine,20.0,47.0,41.7,13.216057586669924,N,1.0,0.0
2026-05-05T15:45:56,Q403_qwen2.5:14b_HellaSwag,af69f5a8-3786-47fe-820c-ab70002e7658,5b0fa12a-3dd7-45bb-9766-cc326314d9f1,7.114580499997828,5.2969654515627474e-05,7.4452252688185405e-06,13.436259296,49.980052899202605,20.0,2.4677349575140788e-05,9.875702344996906e-05,3.673125000002781e-05,0.0001601656230251,0.0,Italy,ITA,lombardy,,,Windows-11-10.0.26200-SP0,3.13.13,3.2.6,32,13th Gen Intel(R) Core(TM) i9-13900HX,1,1 x NVIDIA GeForce RTX 4070 Laptop GPU,9.1922,45.4722,31.70067596435547,machine,0.0,47.8,41.7,13.20935516357422,N,1.0,0.0
2026-05-05T15:46:58,Q404_qwen2.5:14b_HumanEval,4df064c1-8c02-4fc1-a16a-f312eff362f5,5b0fa12a-3dd7-45bb-9766-cc326314d9f1,36.42287209999631,0.0002919711738007,8.016149110898427e-06,13.418962989600002,55.23848298346121,20.0,0.0001309735577448,0.0005579023907659,0.0001939643377776,0.0008828402862884,0.0,Italy,ITA,lombardy,,,Windows-11-10.0.26200-SP0,3.13.13,3.2.6,32,13th Gen Intel(R) Core(TM) i9-13900HX,1,1 x NVIDIA GeForce RTX 4070 Laptop GPU,9.1922,45.4722,31.70067596435547,machine,5.588235294117647,41.94117647058823,41.64117647058824,13.207748861873853,N,1.0,0.0
2026-05-05T15:48:27,Q405_qwen2.5:14b_GSM8K,9fcfb938-c95b-439b-ab59-11afd090ab1f,5b0fa12a-3dd7-45bb-9766-cc326314d9f1,23.39957950000825,0.0001819935121161,7.777640282640167e-06,13.200798084320002,53.81947790120927,20.0,8.223562480993007e-05,0.000343643886026,0.0001244186649999,0.0005502981758359,0.0,Italy,ITA,lombardy,,,Windows-11-10.0.26200-SP0,3.13.13,3.2.6,32,13th Gen Intel(R) Core(TM) i9-13900HX,1,1 x NVIDIA GeForce RTX 4070 Laptop GPU,9.1922,45.4722,31.70067596435547,machine,0.0,39.04761904761905,41.6,13.19628415788923,N,1.0,0.0
2026-05-05T15:49:35,Q406_qwen2.5:14b_HellaSwag,23e32a85-d8d6-4b96-811d-9d35815f0203,5b0fa12a-3dd7-45bb-9766-cc326314d9f1,13.059509300001082,0.0001016545933279,7.783951984163571e-06,13.8665393792,52.17297096968258,20.0,4.8367148015263016e-05,0.000189247929176,6.976037055557956e-05,0.0003073754477468,0.0,Italy,ITA,lombardy,,,Windows-11-10.0.26200-SP0,3.13.13,3.2.6,32,13th Gen Intel(R) Core(TM) i9-13900HX,1,1 x NVIDIA GeForce RTX 4070 Laptop GPU,9.1922,45.4722,31.70067596435547,machine,0.0,44.81818181818182,41.6,13.19123701615767,N,1.0,0.0
2026-05-05T15:50:27,Q407_qwen2.5:14b_GSM8K,478cae8d-bffb-4005-8ae8-bfd1a8200241,5b0fa12a-3dd7-45bb-9766-cc326314d9f1,17.023131599999033,0.0001869254596285,1.0980674062847124e-05,13.37356926272,56.77468375557992,20.0,0.0001208181964327,0.0002636621553739,0.0001807306727777,0.0005652110245845,0.0,Italy,ITA,lombardy,,,Windows-11-10.0.26200-SP0,3.13.13,3.2.6,32,13th Gen Intel(R) Core(TM) i9-13900HX,1,1 x NVIDIA GeForce RTX 4070 Laptop GPU,9.1922,45.4722,31.70067596435547,machine,0.0,33.6,41.5,13.167390441894533,N,1.0,0.0
2026-05-05T15:51:31,Q408_qwen2.5:14b_GSM8K,ce019c02-9cc3-42fa-8b97-8249cdf0cb54,5b0fa12a-3dd7-45bb-9766-cc326314d9f1,18.77631190000102,0.0001485186301522,7.909893643820298e-06,13.108526392640002,57.25004115756092,20.0,6.517025791672876e-05,0.000285179672588,9.872943666664972e-05,0.0004490793671714,0.0,Italy,ITA,lombardy,,,Windows-11-10.0.26200-SP0,3.13.13,3.2.6,32,13th Gen Intel(R) Core(TM) i9-13900HX,1,1 x NVIDIA GeForce RTX 4070 Laptop GPU,9.1922,45.4722,31.70067596435547,machine,0.0,41.23529411764706,41.5,13.167951471665326,N,1.0,0.0
2026-05-05T15:52:32,Q409_qwen2.5:14b_GSM8K,93f40df3-be86-4632-aa41-368e146fba85,5b0fa12a-3dd7-45bb-9766-cc326314d9f1,15.295356800008449,0.000120166764772,7.856421157299682e-06,13.167300199314289,53.45018889477758,20.0,5.410173575940901e-05,0.0002270743483259,8.217506333336738e-05,0.0003633511474187,0.0,Italy,ITA,lombardy,,,Windows-11-10.0.26200-SP0,3.13.13,3.2.6,32,13th Gen Intel(R) Core(TM) i9-13900HX,1,1 x NVIDIA GeForce RTX 4070 Laptop GPU,9.1922,45.4722,31.70067596435547,machine,0.0,44.61538461538461,41.5,13.169208233173077,N,1.0,0.0
2026-05-05T15:53:31,Q410_qwen2.5:14b_MMLU,d492c252-74cf-4f92-91b0-6e2bc3b5b744,5b0fa12a-3dd7-45bb-9766-cc326314d9f1,13.933720000000903,0.0001089950500831,7.822394169194338e-06,13.203764914215386,53.14884464496132,20.0,4.926139836785054e-05,0.0002056932201099,7.461634555559915e-05,0.0003295709640333,0.0,Italy,ITA,lombardy,,,Windows-11-10.0.26200-SP0,3.13.13,3.2.6,32,13th Gen Intel(R) Core(TM) i9-13900HX,1,1 x NVIDIA GeForce RTX 4070 Laptop GPU,9.1922,45.4722,31.70067596435547,machine,0.0,40.833333333333336,41.5,13.16922696431478,N,1.0,0.0
2026-05-05T15:54:33,Q411_qwen2.5:14b_GSM8K,50fe8bcd-3169-4ddb-9f09-7456b0827bde,5b0fa12a-3dd7-45bb-9766-cc326314d9f1,27.268841700002667,0.000215791879587,7.913496361932239e-06,13.525258145600002,53.97500693193653,20.0,9.873818690520204e-05,0.000407887270754,0.0001458696577777,0.0006524951154369,0.0,Italy,ITA,lombardy,,,Windows-11-10.0.26200-SP0,3.13.13,3.2.6,32,13th Gen Intel(R) Core(TM) i9-13900HX,1,1 x NVIDIA GeForce RTX 4070 Laptop GPU,9.1922,45.4722,31.70067596435547,machine,5.716,42.32,41.556,13.171146087646484,N,1.0,0.0
2026-05-05T15:55:41,Q412_qwen2.5:14b_HellaSwag,102198f3-cce5-4d8b-b480-d18af262111b,5b0fa12a-3dd7-45bb-9766-cc326314d9f1,11.838052599996445,8.66923195995932e-05,7.323190944397327e-06,13.151893250327277,47.97673079164459,20.0,4.141185107072101e-05,0.0001577479039759,6.29739044444351e-05,0.0002621336594911,0.0,Italy,ITA,lombardy,,,Windows-11-10.0.26200-SP0,3.13.13,3.2.6,32,13th Gen Intel(R) Core(TM) i9-13900HX,1,1 x NVIDIA GeForce RTX 4070 Laptop GPU,9.1922,45.4722,31.70067596435547,machine,0.0,36.8,41.57,13.171929931640625,N,1.0,0.0
2026-05-05T15:56:21,Q413_qwen2.5:14b_SQuAD,b4beb0bf-e97e-45f2-8350-544af20396e1,5b0fa12a-3dd7-45bb-9766-cc326314d9f1,4.165536900007282,2.514711411725893e-05,6.036944269348561e-06,13.441166451200004,36.31786679440221,20.0,1.367700627784135e-05,4.20108669419994e-05,2.0350062777773323e-05,7.603793599761407e-05,0.0,Italy,ITA,lombardy,,,Windows-11-10.0.26200-SP0,3.13.13,3.2.6,32,13th Gen Intel(R) Core(TM) i9-13900HX,1,1 x NVIDIA GeForce RTX 4070 Laptop GPU,9.1922,45.4722,31.70067596435547,machine,0.0,69.5,41.5,13.167366027832031,N,1.0,0.0
2026-05-05T15:57:10,Q414_qwen2.5:14b_HumanEval,b9a9aa8c-a40d-4091-ade4-920edfe39cea,5b0fa12a-3dd7-45bb-9766-cc326314d9f1,34.33759390001069,0.000273275020274,7.95847900903528e-06,13.280594220000005,55.39942874323773,20.0,0.0001219925624432,0.0005219418064419,0.0001823739066667,0.000826308275552,0.0,Italy,ITA,lombardy,,,Windows-11-10.0.26200-SP0,3.13.13,3.2.6,32,13th Gen Intel(R) Core(TM) i9-13900HX,1,1 x NVIDIA GeForce RTX 4070 Laptop GPU,9.1922,45.4722,31.70067596435547,machine,5.9375,40.4375,41.5,13.168091297149658,N,1.0,0.0
2026-05-05T15:58:39,Q415_qwen2.5:14b_HumanEval,99c30ac7-a9af-4c59-aa23-07be026c1072,5b0fa12a-3dd7-45bb-9766-cc326314d9f1,33.29164349999337,0.0002673439247088,8.030361273961799e-06,13.46896132224,53.190973868668,20.0,0.000120674870916,0.0005111412422459,0.0001765581655554,0.0008083742787174,0.0,Italy,ITA,lombardy,,,Windows-11-10.0.26200-SP0,3.13.13,3.2.6,32,13th Gen Intel(R) Core(TM) i9-13900HX,1,1 x NVIDIA GeForce RTX 4070 Laptop GPU,9.1922,45.4722,31.70067596435547,machine,6.451612903225806,39.80645161290322,41.62903225806452,13.204739232217111,N,1.0,0.0
2026-05-05T15:59:48,Q416_qwen2.5:14b_MMLU,c8cbe199-7bf3-49fc-b101-25a00c2ef6c9,5b0fa12a-3dd7-45bb-9766-cc326314d9f1,13.521775100001832,0.0001006640111783,7.444585524748402e-06,13.167216944000002,49.10524442600907,20.0,4.762035526809276e-05,0.000184429036432,7.233080888884918e-05,0.0003043802005889,0.0,Italy,ITA,lombardy,,,Windows-11-10.0.26200-SP0,3.13.13,3.2.6,32,13th Gen Intel(R) Core(TM) i9-13900HX,1,1 x NVIDIA GeForce RTX 4070 Laptop GPU,9.1922,45.4722,31.70067596435547,machine,0.0,53.63636363636363,41.7,13.21255839954723,N,1.0,0.0
2026-05-05T16:00:54,Q417_qwen2.5:14b_HumanEval,b342012c-f1e7-489b-aa5a-d06fe803b71d,5b0fa12a-3dd7-45bb-9766-cc326314d9f1,30.177927400000044,0.0002419577531398,8.017706117879194e-06,13.52577256064,55.07051616344005,20.0,0.0001096382904359,0.0004599262012739,0.0001620490072223,0.0007316134989323,0.0,Italy,ITA,lombardy,,,Windows-11-10.0.26200-SP0,3.13.13,3.2.6,32,13th Gen Intel(R) Core(TM) i9-13900HX,1,1 x NVIDIA GeForce RTX 4070 Laptop GPU,9.1922,45.4722,31.70067596435547,machine,7.142857142857143,38.82142857142857,41.7,13.22566659109933,N,1.0,0.0
2026-05-05T16:02:22,Q418_qwen2.5:14b_HumanEval,1774b921-fa1d-4f3e-a904-847dca753640,5b0fa12a-3dd7-45bb-9766-cc326314d9f1,32.745386199996574,0.0002604316577327,7.953232132982924e-06,13.11702872944,53.73404140155635,20.0,0.0001147066124903,0.0004992237327119,0.000173543145,0.0007874734902023,0.0,Italy,ITA,lombardy,,,Windows-11-10.0.26200-SP0,3.13.13,3.2.6,32,13th Gen Intel(R) Core(TM) i9-13900HX,1,1 x NVIDIA GeForce RTX 4070 Laptop GPU,9.1922,45.4722,31.70067596435547,machine,3.225806451612903,38.41935483870968,41.7,13.214521223498927,N,1.0,0.0
2026-05-05T16:03:54,Q419_qwen2.5:14b_GSM8K,81d662d7-9c48-45e5-aa1d-786c1ecab959,5b0fa12a-3dd7-45bb-9766-cc326314d9f1,26.836627900003805,0.0002085304758077,7.770368042688241e-06,13.23302993312,53.28761703758918,20.0,9.498094323217168e-05,0.0003920542025319,0.0001435034877777,0.0006305386335418,0.0,Italy,ITA,lombardy,,,Windows-11-10.0.26200-SP0,3.13.13,3.2.6,32,13th Gen Intel(R) Core(TM) i9-13900HX,1,1 x NVIDIA GeForce RTX 4070 Laptop GPU,9.1922,45.4722,31.70067596435547,machine,0.0,41.36,41.7,13.215889129638672,N,1.0,0.0
2026-05-05T16:05:04,Q420_qwen2.5:14b_HellaSwag,9a7407bb-0bab-4abf-9012-6014c6dcde49,5b0fa12a-3dd7-45bb-9766-cc326314d9f1,14.143088600001647,0.0001072234163954,7.581329611085683e-06,13.23040604849231,50.48074668850386,20.0,5.013063328687018e-05,0.000198303491976,7.5779907222184e-05,0.000324214032485,0.0,Italy,ITA,lombardy,,,Windows-11-10.0.26200-SP0,3.13.13,3.2.6,32,13th Gen Intel(R) Core(TM) i9-13900HX,1,1 x NVIDIA GeForce RTX 4070 Laptop GPU,9.1922,45.4722,31.70067596435547,machine,8.333333333333334,45.083333333333336,41.7,13.220962524414062,N,1.0,0.0
2026-05-05T16:05:53,Q421_qwen2.5:14b_GSM8K,50dda435-5d6e-4d5e-80d4-be6ddfe1c70c,5b0fa12a-3dd7-45bb-9766-cc326314d9f1,14.37916349999432,0.000111458031169,7.751357105652506e-06,13.595881814646155,51.95760561076969,20.0,5.2408926719576745e-05,0.0002075148882339,7.709452444444954e-05,0.0003370183393979,0.0,Italy,ITA,lombardy,,,Windows-11-10.0.26200-SP0,3.13.13,3.2.6,32,13th Gen Intel(R) Core(TM) i9-13900HX,1,1 x NVIDIA GeForce RTX 4070 Laptop GPU,9.1922,45.4722,31.70067596435547,machine,0.0,48.41666666666666,41.7,13.20753033955892,N,1.0,0.0
2026-05-05T16:06:47,Q422_qwen2.5:14b_HellaSwag,c2943919-17c9-4f5f-ae4b-f2b061363cab,5b0fa12a-3dd7-45bb-9766-cc326314d9f1,7.833814400000847,5.84556844514324e-05,7.46196954212064e-06,13.289296448000002,50.07509775087069,20.0,2.7065838674798066e-05,0.00010895564272,4.073238277778728e-05,0.0001767538641725,0.0,Italy,ITA,lombardy,,,Windows-11-10.0.26200-SP0,3.13.13,3.2.6,32,13th Gen Intel(R) Core(TM) i9-13900HX,1,1 x NVIDIA GeForce RTX 4070 Laptop GPU,9.1922,45.4722,31.70067596435547,machine,0.0,56.0,41.7,13.20737075805664,N,1.0,0.0
2026-05-05T16:07:19,Q423_qwen2.5:14b_MMLU,e233e35b-f3c0-42af-b86b-0ad006772f40,5b0fa12a-3dd7-45bb-9766-cc326314d9f1,6.728696299993317,4.888995439796665e-05,7.265888103467415e-06,13.0608796352,48.50873904105647,20.0,2.258855333082678e-05,9.065229474403136e-05,3.458888722218237e-05,0.000147829735297,0.0,Italy,ITA,lombardy,,,Windows-11-10.0.26200-SP0,3.13.13,3.2.6,32,13th Gen Intel(R) Core(TM) i9-13900HX,1,1 x NVIDIA GeForce RTX 4070 Laptop GPU,9.1922,45.4722,31.70067596435547,machine,12.0,47.8,41.7,13.208859252929688,N,1.0,0.0
2026-05-05T16:07:50,Q424_qwen2.5:14b_MMLU,7dddadff-cb58-4a2e-8345-e751ba189299,5b0fa12a-3dd7-45bb-9766-cc326314d9f1,6.394164700002875,4.537036095050098e-05,7.0955884121159065e-06,13.533884871680002,46.34595474750087,20.0,2.2150037561724604e-05,8.230562139999176e-05,3.273179666664671e-05,0.0001371874556283,0.0,Italy,ITA,lombardy,,,Windows-11-10.0.26200-SP0,3.13.13,3.2.6,32,13th Gen Intel(R) Core(TM) i9-13900HX,1,1 x NVIDIA GeForce RTX 4070 Laptop GPU,9.1922,45.4722,31.70067596435547,machine,0.0,41.25,41.7,13.207574844360352,N,1.0,0.0
2026-05-05T16:08:14,Q425_qwen2.5:14b_HellaSwag,523bba96-d089-4803-94ce-1e52b4686c94,5b0fa12a-3dd7-45bb-9766-cc326314d9f1,9.193871399998898,7.12253471570952e-05,7.747046272270431e-06,13.119017700800002,53.027404703141,20.0,3.167361322518158e-05,0.0001354064972139,4.828569111107047e-05,0.0002153658015502,0.0,Italy,ITA,lombardy,,,Windows-11-10.0.26200-SP0,3.13.13,3.2.6,32,13th Gen Intel(R) Core(TM) i9-13900HX,1,1 x NVIDIA GeForce RTX 4070 Laptop GPU,9.1922,45.4722,31.70067596435547,machine,0.0,44.142857142857146,41.7,13.210447038922991,N,1.0,0.0
2026-05-05T16:08:57,Q426_qwen2.5:14b_MMLU,942e2fb6-b8e5-477d-a05c-0d8ecceb7be2,5b0fa12a-3dd7-45bb-9766-cc326314d9f1,17.343402500002412,0.0001356433588768,7.821035052194134e-06,13.25091841856,50.27823631286655,20.0,6.056467600296895e-05,0.0002588174292759,9.076599333331816e-05,0.0004101480986122,0.0,Italy,ITA,lombardy,,,Windows-11-10.0.26200-SP0,3.13.13,3.2.6,32,13th Gen Intel(R) Core(TM) i9-13900HX,1,1 x NVIDIA GeForce RTX 4070 Laptop GPU,9.1922,45.4722,31.70067596435547,machine,0.0,42.86666666666667,41.74666666666667,13.234622701009114,N,1.0,0.0
2026-05-05T16:09:47,Q427_qwen2.5:14b_SQuAD,70ae4714-f55e-4759-8e6a-58e3dd6199ec,5b0fa12a-3dd7-45bb-9766-cc326314d9f1,4.350189299992053,2.5654510860530875e-05,5.897332067957995e-06,13.1588533376,34.882662798099034,20.0,1.4060996177116528e-05,4.214086704595888e-05,2.1370300555524103e-05,7.757216377859951e-05,0.0,Italy,ITA,lombardy,,,Windows-11-10.0.26200-SP0,3.13.13,3.2.6,32,13th Gen Intel(R) Core(TM) i9-13900HX,1,1 x NVIDIA GeForce RTX 4070 Laptop GPU,9.1922,45.4722,31.70067596435547,machine,0.0,30.0,41.7,13.230857849121094,N,1.0,0.0
2026-05-05T16:10:12,Q428_qwen2.5:14b_GSM8K,2e80307a-95e8-437d-80af-82f2d962db80,5b0fa12a-3dd7-45bb-9766-cc326314d9f1,10.589390499997537,7.792823819280812e-05,7.359086265902298e-06,13.12697293184,48.58440629687892,20.0,3.67682340360556e-05,0.000142846780944,5.601847999997618e-05,0.00023563349498,0.0,Italy,ITA,lombardy,,,Windows-11-10.0.26200-SP0,3.13.13,3.2.6,32,13th Gen Intel(R) Core(TM) i9-13900HX,1,1 x NVIDIA GeForce RTX 4070 Laptop GPU,9.1922,45.4722,31.70067596435547,machine,0.0,38.66666666666666,41.7,13.220726860894096,N,1.0,0.0
2026-05-05T16:10:48,Q429_qwen2.5:14b_HellaSwag,e7facc7f-5bef-47d4-8a2f-b82153ee6258,5b0fa12a-3dd7-45bb-9766-cc326314d9f1,10.47667810000712,7.420123247362011e-05,7.082515255820419e-06,13.172010790400002,45.52065786893436,20.0,3.649439907404517e-05,0.0001324584392999,5.54112194444719e-05,0.0002243640578185,0.0,Italy,ITA,lombardy,,,Windows-11-10.0.26200-SP0,3.13.13,3.2.6,32,13th Gen Intel(R) Core(TM) i9-13900HX,1,1 x NVIDIA GeForce RTX 4070 Laptop GPU,9.1922,45.4722,31.70067596435547,machine,4.1625,40.25,41.7,13.217200756072998,N,1.0,0.0
2026-05-05T16:11:31,Q430_qwen2.5:14b_HellaSwag,7d745260-99f7-49d6-a6af-b7ee0b68bdb2,5b0fa12a-3dd7-45bb-9766-cc326314d9f1,7.815096899998025,5.825400018984963e-05,7.454034279455237e-06,13.063315651657144,50.21801783849986,20.0,2.653253718733484e-05,0.000108990920526,4.062056888886016e-05,0.0001761440266022,0.0,Italy,ITA,lombardy,,,Windows-11-10.0.26200-SP0,3.13.13,3.2.6,32,13th Gen Intel(R) Core(TM) i9-13900HX,1,1 x NVIDIA GeForce RTX 4070 Laptop GPU,9.1922,45.4722,31.70067596435547,machine,0.0,51.16666666666666,41.7,13.215550740559896,N,1.0,0.0
2026-05-05T16:12:20,Q431_qwen2.5:14b_HumanEval,54f0af7a-1896-4ac1-a863-97194bd5a571,5b0fa12a-3dd7-45bb-9766-cc326314d9f1,23.612024400004884,0.000186512898532,7.89906428065758e-06,13.663542704,54.60593862478687,20.0,8.588752165010172e-05,0.000352485281988,0.00012559075,0.0005639635536381,0.0,Italy,ITA,lombardy,,,Windows-11-10.0.26200-SP0,3.13.13,3.2.6,32,13th Gen Intel(R) Core(TM) i9-13900HX,1,1 x NVIDIA GeForce RTX 4070 Laptop GPU,9.1922,45.4722,31.70067596435547,machine,0.0,41.95238095238095,41.7,13.210914430164156,N,1.0,0.0
2026-05-05T16:13:20,Q432_qwen2.5:14b_GSM8K,398b4f90-421c-4e88-b04c-263776d621c0,5b0fa12a-3dd7-45bb-9766-cc326314d9f1,14.95125719999487,0.0001149483871024,7.688208795074487e-06,13.537637194057144,51.291083446238,20.0,5.432877139384952e-05,0.0002129810037179,8.026243777777482e-05,0.0003475722128895,0.0,Italy,ITA,lombardy,,,Windows-11-10.0.26200-SP0,3.13.13,3.2.6,32,13th Gen Intel(R) Core(TM) i9-13900HX,1,1 x NVIDIA GeForce RTX 4070 Laptop GPU,9.1922,45.4722,31.70067596435547,machine,1.9230769230769231,45.61538461538461,41.7,13.20768767136794,N,1.0,0.0
2026-05-05T16:14:01,Q433_qwen2.5:14b_SQuAD,bea91d71-feef-44e7-88aa-6580036716a8,5b0fa12a-3dd7-45bb-9766-cc326314d9f1,6.265721899995697,4.152961901201031e-05,6.62806611510141e-06,13.142632125440002,41.67117486702958,20.0,2.104077794744501e-05,7.251505801197933e-05,3.201827555555307e-05,0.0001255741115149,0.0,Italy,ITA,lombardy,,,Windows-11-10.0.26200-SP0,3.13.13,3.2.6,32,13th Gen Intel(R) Core(TM) i9-13900HX,1,1 x NVIDIA GeForce RTX 4070 Laptop GPU,9.1922,45.4722,31.70067596435547,machine,0.0,54.5,41.7,13.20823574066162,N,1.0,0.0
2026-05-05T16:14:36,Q434_qwen2.5:14b_MMLU,fc349843-1ab9-41cc-a739-c0eae94cc7ca,5b0fa12a-3dd7-45bb-9766-cc326314d9f1,9.47707760000776,7.04027808341065e-05,7.42874373362194e-06,13.1575259792,49.500891782601215,20.0,3.278854925787518e-05,0.0001302509375339,4.9839101111138005e-05,0.000212878587903,0.0,Italy,ITA,lombardy,,,Windows-11-10.0.26200-SP0,3.13.13,3.2.6,32,13th Gen Intel(R) Core(TM) i9-13900HX,1,1 x NVIDIA GeForce RTX 4070 Laptop GPU,9.1922,45.4722,31.70067596435547,machine,14.285714285714286,37.0,41.7,13.20994404384068,N,1.0,0.0
2026-05-05T16:15:38,Q435_qwen2.5:14b_GSM8K,fd1cbf71-2ce3-4526-bb6d-b5aa374b8f2e,5b0fa12a-3dd7-45bb-9766-cc326314d9f1,36.92777490000299,0.0002963264172989,8.024486124642522e-06,13.392575523245716,55.73578969592277,20.0,0.0001327743569164,0.0005664510087159,0.0001967839755556,0.0008960093411879,0.0,Italy,ITA,lombardy,,,Windows-11-10.0.26200-SP0,3.13.13,3.2.6,32,13th Gen Intel(R) Core(TM) i9-13900HX,1,1 x NVIDIA GeForce RTX 4070 Laptop GPU,9.1922,45.4722,31.70067596435547,machine,2.857142857142857,41.4,41.88285714285714,13.270365687779018,N,1.0,0.0
2026-05-05T16:16:41,Q436_qwen2.5:14b_MMLU,08beb5c2-5ffa-40a2-99f9-1c501e80562d,5b0fa12a-3dd7-45bb-9766-cc326314d9f1,7.1257743000023765,4.9766305554003016e-05,6.98398566370344e-06,13.388694732800005,45.01759523344619,20.0,2.462558485363384e-05,8.90692379220126e-05,3.678475666666701e-05,0.0001504795794423,0.0,Italy,ITA,lombardy,,,Windows-11-10.0.26200-SP0,3.13.13,3.2.6,32,13th Gen Intel(R) Core(TM) i9-13900HX,1,1 x NVIDIA GeForce RTX 4070 Laptop GPU,9.1922,45.4722,31.70067596435547,machine,0.0,49.6,41.7,13.227716827392578,N,1.0,0.0
2026-05-05T16:17:14,Q437_qwen2.5:14b_SQuAD,d57ad7f7-65c7-4a59-9a38-76167eacfb64,5b0fa12a-3dd7-45bb-9766-cc326314d9f1,7.895695600003819,5.608803161091821e-05,7.103621321329951e-06,13.119015049142858,46.322186763029165,20.0,2.694146330364334e-05,0.000101581747932,4.1071523888887086e-05,0.0001695947351245,0.0,Italy,ITA,lombardy,,,Windows-11-10.0.26200-SP0,3.13.13,3.2.6,32,13th Gen Intel(R) Core(TM) i9-13900HX,1,1 x NVIDIA GeForce RTX 4070 Laptop GPU,9.1922,45.4722,31.70067596435547,machine,16.666666666666668,42.333333333333336,41.7,13.21821403503418,N,1.0,0.0
2026-05-05T16:17:42,Q438_qwen2.5:14b_SQuAD,499d273a-6ec0-4dc8-9ab0-a32d61575e4e,5b0fa12a-3dd7-45bb-9766-cc326314d9f1,3.2305535999912536,1.6859693820795144e-05,5.218824978121641e-06,13.0830464,28.878312248612986,20.0,9.915499133558438e-06,2.590668739199664e-05,1.5156876666636285e-05,5.097906319219136e-05,0.0,Italy,ITA,lombardy,,,Windows-11-10.0.26200-SP0,3.13.13,3.2.6,32,13th Gen Intel(R) Core(TM) i9-13900HX,1,1 x NVIDIA GeForce RTX 4070 Laptop GPU,9.1922,45.4722,31.70067596435547,machine,0.0,54.0,41.7,13.21701431274414,N,1.0,0.0
2026-05-05T16:18:04,Q439_qwen2.5:14b_HellaSwag,17e7ce63-a9e8-4696-bdf7-c731b48fa4e5,5b0fa12a-3dd7-45bb-9766-cc326314d9f1,7.159782300004736,5.296978934506316e-05,7.398240215352375e-06,13.1209210688,49.74279170128025,20.0,2.4264941024364487e-05,9.891535690997876e-05,3.6985732777813816e-05,0.0001601660307121,0.0,Italy,ITA,lombardy,,,Windows-11-10.0.26200-SP0,3.13.13,3.2.6,32,13th Gen Intel(R) Core(TM) i9-13900HX,1,1 x NVIDIA GeForce RTX 4070 Laptop GPU,9.1922,45.4722,31.70067596435547,machine,0.0,47.6,41.7,13.221517944335938,N,1.0,0.0
2026-05-05T16:18:28,Q440_qwen2.5:14b_MMLU,3f439155-4551-4d4a-9576-7bfba41b8a5f,5b0fa12a-3dd7-45bb-9766-cc326314d9f1,9.087511699995956,6.390179048508654e-05,7.031824837718224e-06,13.2320041904,45.15490582733151,20.0,3.1555778055041624e-05,0.0001139703689539,4.76952394443894e-05,0.0001932213864533,0.0,Italy,ITA,lombardy,,,Windows-11-10.0.26200-SP0,3.13.13,3.2.6,32,13th Gen Intel(R) Core(TM) i9-13900HX,1,1 x NVIDIA GeForce RTX 4070 Laptop GPU,9.1922,45.4722,31.70067596435547,machine,0.0,46.71428571428572,41.771428571428565,13.239717211042132,N,1.0,0.0
2026-05-05T16:19:31,Q441_qwen2.5:14b_HumanEval,1d0159ad-cf9b-4978-929a-65f59c80e367,5b0fa12a-3dd7-45bb-9766-cc326314d9f1,36.98850390000735,0.0003006986802441,8.129517242899582e-06,13.549766368274286,56.59047441027102,20.0,0.0001339409745516,0.000578171851426,0.0001971170322222,0.0009092298581999,0.0,Italy,ITA,lombardy,,,Windows-11-10.0.26200-SP0,3.13.13,3.2.6,32,13th Gen Intel(R) Core(TM) i9-13900HX,1,1 x NVIDIA GeForce RTX 4070 Laptop GPU,9.1922,45.4722,31.70067596435547,machine,4.934285714285714,40.74285714285714,41.9,13.27914297921317,N,1.0,0.0
2026-05-05T16:20:50,Q442_qwen2.5:14b_GSM8K,b0f71a2b-4516-4fc4-b101-2b2c6b664c7a,5b0fa12a-3dd7-45bb-9766-cc326314d9f1,23.70574230000784,0.00018653114913,7.868606127975697e-06,13.302296276480002,54.40500241339655,20.0,8.379028234777191e-05,0.0003541080610639,0.000126120395,0.0005640187384117,0.0,Italy,ITA,lombardy,,,Windows-11-10.0.26200-SP0,3.13.13,3.2.6,32,13th Gen Intel(R) Core(TM) i9-13900HX,1,1 x NVIDIA GeForce RTX 4070 Laptop GPU,9.1922,45.4722,31.70067596435547,machine,4.545454545454546,36.95454545454545,41.8,13.258041902021928,N,1.0,0.0
2026-05-05T16:21:53,Q443_qwen2.5:14b_HellaSwag,e56a6ea6-4919-4f37-b940-a06c6d26632b,5b0fa12a-3dd7-45bb-9766-cc326314d9f1,7.55283590000181,5.380296729424233e-05,7.123545116904954e-06,13.1702231744,46.585754010090106,20.0,2.579371892262131e-05,9.772285595593956e-05,3.916875611111108e-05,0.0001626853309896,0.0,Italy,ITA,lombardy,,,Windows-11-10.0.26200-SP0,3.13.13,3.2.6,32,13th Gen Intel(R) Core(TM) i9-13900HX,1,1 x NVIDIA GeForce RTX 4070 Laptop GPU,9.1922,45.4722,31.70067596435547,machine,0.0,31.6,41.8,13.26395034790039,N,1.0,0.0
2026-05-05T16:22:39,Q444_qwen2.5:14b_GSM8K,665e3989-0bb9-4f06-bd0a-c4f9ca8dd4c9,5b0fa12a-3dd7-45bb-9766-cc326314d9f1,20.78732560000208,0.0001604179271024,7.717102728327524e-06,13.21279857536,53.95086416601927,20.0,7.278463669657281e-05,0.000302384408574,0.0001098905133334,0.000485059558604,0.0,Italy,ITA,lombardy,,,Windows-11-10.0.26200-SP0,3.13.13,3.2.6,32,13th Gen Intel(R) Core(TM) i9-13900HX,1,1 x NVIDIA GeForce RTX 4070 Laptop GPU,9.1922,45.4722,31.70067596435547,machine,0.0,36.73684210526316,41.88947368421052,13.288009041234067,N,1.0,0.0
2026-05-05T16:23:53,Q445_qwen2.5:14b_HumanEval,2565129c-2c6b-4d72-a1cf-bf176db28fb0,5b0fa12a-3dd7-45bb-9766-cc326314d9f1,28.93178339999577,0.0002294677356174,7.931337396142318e-06,13.186613028662858,54.6368489439168,20.0,0.0001022648606184,0.0004364511824939,0.0001551310883332,0.0006938471314457,0.0,Italy,ITA,lombardy,,,Windows-11-10.0.26200-SP0,3.13.13,3.2.6,32,13th Gen Intel(R) Core(TM) i9-13900HX,1,1 x NVIDIA GeForce RTX 4070 Laptop GPU,9.1922,45.4722,31.70067596435547,machine,2.6925925925925926,39.44444444444444,41.72592592592593,13.235627209698713,N,1.0,0.0
2026-05-05T16:25:06,Q446_qwen2.5:14b_GSM8K,25b70e5a-0122-4806-bb03-aecfb5f2f7e8,5b0fa12a-3dd7-45bb-9766-cc326314d9f1,18.104621799997403,0.0001383020852668,7.639048569734686e-06,13.260230839040002,54.9610133760764,20.0,6.423827717324844e-05,0.000258951040494,9.499803611106471e-05,0.0004181873537783,0.0,Italy,ITA,lombardy,,,Windows-11-10.0.26200-SP0,3.13.13,3.2.6,32,13th Gen Intel(R) Core(TM) i9-13900HX,1,1 x NVIDIA GeForce RTX 4070 Laptop GPU,9.1922,45.4722,31.70067596435547,machine,5.1125,39.875,41.7,13.22881031036377,N,1.0,0.0
2026-05-05T16:25:59,Q447_qwen2.5:14b_MMLU,01ce28f3-9375-4928-b33a-9dd7019d81a7,5b0fa12a-3dd7-45bb-9766-cc326314d9f1,7.960064200000488,5.73127402245092e-05,7.200034922394933e-06,13.11675782034286,47.35668089295028,20.0,2.7171227920678148e-05,0.000104697861536,4.142882666670226e-05,0.0001732979161234,0.0,Italy,ITA,lombardy,,,Windows-11-10.0.26200-SP0,3.13.13,3.2.6,32,13th Gen Intel(R) Core(TM) i9-13900HX,1,1 x NVIDIA GeForce RTX 4070 Laptop GPU,9.1922,45.4722,31.70067596435547,machine,0.0,37.16666666666666,41.7,13.221567153930664,N,1.0,0.0
2026-05-05T16:26:43,Q448_qwen2.5:14b_GSM8K,517104cc-c0fa-42f2-8a13-4dff6ac89123,5b0fa12a-3dd7-45bb-9766-cc326314d9f1,18.485760499999746,0.0001423804970093,7.70217146377774e-06,13.402238017280002,53.17038165113899,20.0,6.574983667807248e-05,0.0002676716030259,9.709790611118985e-05,0.0004305193458152,0.0,Italy,ITA,lombardy,,,Windows-11-10.0.26200-SP0,3.13.13,3.2.6,32,13th Gen Intel(R) Core(TM) i9-13900HX,1,1 x NVIDIA GeForce RTX 4070 Laptop GPU,9.1922,45.4722,31.70067596435547,machine,0.0,42.75,41.9,13.271188735961914,N,1.0,0.0
2026-05-05T16:28:06,Q449_qwen2.5:14b_HumanEval,927b0d24-6770-494d-b06d-b2b53c7a3c43,5b0fa12a-3dd7-45bb-9766-cc326314d9f1,37.37256430000707,0.0003031107151894,8.110514246660963e-06,13.403028214994286,56.32613105430817,20.0,0.0001343093256673,0.0005829726885999,0.0001992411722222,0.0009165231864895,0.0,Italy,ITA,lombardy,,,Windows-11-10.0.26200-SP0,3.13.13,3.2.6,32,13th Gen Intel(R) Core(TM) i9-13900HX,1,1 x NVIDIA GeForce RTX 4070 Laptop GPU,9.1922,45.4722,31.70067596435547,machine,0.0,40.142857142857146,41.8,13.24480917794364,N,1.0,0.0
2026-05-05T16:29:28,Q450_qwen2.5:14b_HumanEval,56ac81d4-2b66-4f3a-99b8-0c89686717c5,5b0fa12a-3dd7-45bb-9766-cc326314d9f1,26.423747499997265,0.0002119956734303,8.022922313739e-06,13.618926412683638,55.521143135931965,20.0,9.623585794304337e-05,0.0004035683784099,0.0001412121988888,0.0006410164352419,0.0,Italy,ITA,lombardy,,,Windows-11-10.0.26200-SP0,3.13.13,3.2.6,32,13th Gen Intel(R) Core(TM) i9-13900HX,1,1 x NVIDIA GeForce RTX 4070 Laptop GPU,9.1922,45.4722,31.70067596435547,machine,2.270833333333333,45.333333333333336,41.8,13.23842191696167,N,1.0,0.0
2026-05-05T16:30:45,Q451_qwen2.5:14b_GSM8K,a299e7d7-bf62-46d8-b0e1-75e492105ea5,5b0fa12a-3dd7-45bb-9766-cc326314d9f1,21.339161699987017,0.0001635158572867,7.662712321393734e-06,13.339601456,53.15748408400704,20.0,7.59833777112547e-05,0.000305495244396,0.0001129482227777,0.000494426844885,0.0,Italy,ITA,lombardy,,,Windows-11-10.0.26200-SP0,3.13.13,3.2.6,32,13th Gen Intel(R) Core(TM) i9-13900HX,1,1 x NVIDIA GeForce RTX 4070 Laptop GPU,9.1922,45.4722,31.70067596435547,machine,5.2631578947368425,39.94736842105263,41.8,13.247479890522204,N,1.0,0.0
2026-05-05T16:31:46,Q452_qwen2.5:14b_HellaSwag,e813f32a-fdf0-4b8b-b5ea-fbc1706de9ee,5b0fa12a-3dd7-45bb-9766-cc326314d9f1,15.568762299997616,0.0001184087094594,7.605531331121745e-06,13.159588053028571,50.72491138365667,20.0,5.505943713815338e-05,0.000219297119882,8.367871611109068e-05,0.0003580352731312,0.0,Italy,ITA,lombardy,,,Windows-11-10.0.26200-SP0,3.13.13,3.2.6,32,13th Gen Intel(R) Core(TM) i9-13900HX,1,1 x NVIDIA GeForce RTX 4070 Laptop GPU,9.1922,45.4722,31.70067596435547,machine,13.0,40.15384615384615,41.7,13.214363391582785,N,1.0,0.0
2026-05-05T16:33:01,Q453_qwen2.5:14b_GSM8K,408cab3c-79a1-49f3-871b-e983c1d71fbd,5b0fa12a-3dd7-45bb-9766-cc326314d9f1,30.19838499999605,0.0002395716838567,7.933261459405265e-06,13.187972238080002,54.4993278189252,20.0,0.0001069497566511,0.000455266753102,0.0001621821738889,0.0007243986836421,0.0,Italy,ITA,lombardy,,,Windows-11-10.0.26200-SP0,3.13.13,3.2.6,32,13th Gen Intel(R) Core(TM) i9-13900HX,1,1 x NVIDIA GeForce RTX 4070 Laptop GPU,9.1922,45.4722,31.70067596435547,machine,0.7642857142857142,38.535714285714285,41.7,13.20739187513079,N,1.0,0.0
2026-05-05T16:34:34,Q454_qwen2.5:14b_MMLU,d6706a7a-c7c0-4536-b37c-865b6712a07c,5b0fa12a-3dd7-45bb-9766-cc326314d9f1,37.52079550000781,0.0002993649086508,7.97863970263546e-06,13.60345767824,54.98491295430036,20.0,0.0001362908668724,0.0005688443439639,0.00020006169,0.0009051969008364,0.0,Italy,ITA,lombardy,,,Windows-11-10.0.26200-SP0,3.13.13,3.2.6,32,13th Gen Intel(R) Core(TM) i9-13900HX,1,1 x NVIDIA GeForce RTX 4070 Laptop GPU,9.1922,45.4722,31.70067596435547,machine,0.0,38.77142857142857,41.7,13.208467429024832,N,1.0,0.0
2026-05-05T16:35:51,Q455_qwen2.5:14b_HumanEval,148ddb13-51e0-40db-b05b-4fb526bf6f93,5b0fa12a-3dd7-45bb-9766-cc326314d9f1,21.758325899994816,0.0001670060767881,7.6755021298852e-06,13.331267838354286,54.11473493613584,20.0,7.744663494470382e-05,0.000312235527566,0.0001152981433333,0.000504980305844,0.0,Italy,ITA,lombardy,,,Windows-11-10.0.26200-SP0,3.13.13,3.2.6,32,13th Gen Intel(R) Core(TM) i9-13900HX,1,1 x NVIDIA GeForce RTX 4070 Laptop GPU,9.1922,45.4722,31.70067596435547,machine,5.0,39.9,41.7,13.212767601013184,N,1.0,0.0
2026-05-05T16:36:51,Q456_qwen2.5:14b_GSM8K,0dc910cb-0536-455c-986d-1b5531e14604,5b0fa12a-3dd7-45bb-9766-cc326314d9f1,14.659528799995314,0.0001141485061212,7.78664223650162e-06,13.4815899008,52.43086382724655,20.0,5.30170271133541e-05,0.000213486559678,7.865000666667282e-05,0.000345153593458,0.0,Italy,ITA,lombardy,,,Windows-11-10.0.26200-SP0,3.13.13,3.2.6,32,13th Gen Intel(R) Core(TM) i9-13900HX,1,1 x NVIDIA GeForce RTX 4070 Laptop GPU,9.1922,45.4722,31.70067596435547,machine,13.284615384615384,38.30769230769231,41.7,13.210948063777042,N,1.0,0.0
2026-05-05T16:38:04,Q457_qwen2.5:14b_HumanEval,c3362966-ad44-44f0-830c-a270e3ca77b5,5b0fa12a-3dd7-45bb-9766-cc326314d9f1,37.59737180000229,0.0003030121743815,8.05939776837053e-06,13.585523507565716,56.08717484732657,20.0,0.0001366796747018,0.0005790440743459,0.0002005014772221,0.0009162252262699,0.0,Italy,ITA,lombardy,,,Windows-11-10.0.26200-SP0,3.13.13,3.2.6,32,13th Gen Intel(R) Core(TM) i9-13900HX,1,1 x NVIDIA GeForce RTX 4070 Laptop GPU,9.1922,45.4722,31.70067596435547,machine,0.0,39.68571428571428,41.7,13.215623038155693,N,1.0,0.0
2026-05-05T16:39:09,Q458_qwen2.5:14b_HellaSwag,43864a67-1f6b-4861-b3f7-b9bac8d9356c,5b0fa12a-3dd7-45bb-9766-cc326314d9f1,10.207993100004389,7.293230807817229e-05,7.144627485900333e-06,13.0782655872,46.32660983138818,20.0,3.5259018191218553e-05,0.000131348993968,5.391916833339363e-05,0.0002205271804926,0.0,Italy,ITA,lombardy,,,Windows-11-10.0.26200-SP0,3.13.13,3.2.6,32,13th Gen Intel(R) Core(TM) i9-13900HX,1,1 x NVIDIA GeForce RTX 4070 Laptop GPU,9.1922,45.4722,31.70067596435547,machine,0.0,38.5,41.7,13.208745956420898,N,1.0,0.0
2026-05-05T16:40:00,Q459_qwen2.5:14b_MMLU,21b6ae0e-5db7-4463-aa4a-2f9e5c174acf,5b0fa12a-3dd7-45bb-9766-cc326314d9f1,15.519502899987856,0.0001189796165331,7.666457959373314e-06,13.18633488457143,51.34386257454417,20.0,5.500562934659335e-05,0.000221328510396,8.342739888887283e-05,0.0003597615386314,0.0,Italy,ITA,lombardy,,,Windows-11-10.0.26200-SP0,3.13.13,3.2.6,32,13th Gen Intel(R) Core(TM) i9-13900HX,1,1 x NVIDIA GeForce RTX 4070 Laptop GPU,9.1922,45.4722,31.70067596435547,machine,0.0,35.76923076923077,41.7,13.21614778958834,N,1.0,0.0
2026-05-05T16:41:13,Q460_qwen2.5:14b_HumanEval,3bcb3d10-bae4-4a80-a10b-fcdb60be143e,5b0fa12a-3dd7-45bb-9766-cc326314d9f1,37.38274369999999,0.0003000328924235,8.0259730219748e-06,13.18838072633143,56.04480018243172,20.0,0.0001316448273704,0.0005762674054579,0.0001993044666666,0.000907216699495,0.0,Italy,ITA,lombardy,,,Windows-11-10.0.26200-SP0,3.13.13,3.2.6,32,13th Gen Intel(R) Core(TM) i9-13900HX,1,1 x NVIDIA GeForce RTX 4070 Laptop GPU,9.1922,45.4722,31.70067596435547,machine,2.857142857142857,39.94285714285714,41.7,13.21826444353376,N,1.0,0.0
2026-05-05T16:42:16,Q461_qwen2.5:14b_HellaSwag,de79500b-5891-4f83-aa8f-319afdf4148d,5b0fa12a-3dd7-45bb-9766-cc326314d9f1,8.000825600000098,5.611644636888043e-05,7.013831968650803e-06,13.470132717714288,44.98554028982363,20.0,2.805734354166619e-05,9.996563552799877e-05,4.165767444444808e-05,0.0001696806535141,0.0,Italy,ITA,lombardy,,,Windows-11-10.0.26200-SP0,3.13.13,3.2.6,32,13th Gen Intel(R) Core(TM) i9-13900HX,1,1 x NVIDIA GeForce RTX 4070 Laptop GPU,9.1922,45.4722,31.70067596435547,machine,0.0,56.333333333333336,41.7,13.21301778157552,N,1.0,0.0
2026-05-05T16:42:45,Q462_qwen2.5:14b_MMLU,a64efcd5-9afc-4a5a-a2f2-79b4a1c52772,5b0fa12a-3dd7-45bb-9766-cc326314d9f1,3.7283406000060495,2.3007230045814268e-05,6.170903496793436e-06,13.1354266496,38.51606703427178,20.0,1.1769937750703378e-05,3.987753190193288e-05,1.792004722220655e-05,6.956751687484282e-05,0.0,Italy,ITA,lombardy,,,Windows-11-10.0.26200-SP0,3.13.13,3.2.6,32,13th Gen Intel(R) Core(TM) i9-13900HX,1,1 x NVIDIA GeForce RTX 4070 Laptop GPU,9.1922,45.4722,31.70067596435547,machine,0.0,65.0,41.7,13.21685791015625,N,1.0,0.0
2026-05-05T16:43:15,Q463_qwen2.5:14b_HumanEval,f31847b3-e5d7-48e5-9228-2d1b82a20114,5b0fa12a-3dd7-45bb-9766-cc326314d9f1,14.580065200003446,0.0001127698565441,7.734523474156513e-06,13.184227286646156,52.156532942575645,20.0,5.1557175699509766e-05,0.0002112182245299,7.820953722225064e-05,0.0003409849374517,0.0,Italy,ITA,lombardy,,,Windows-11-10.0.26200-SP0,3.13.13,3.2.6,32,13th Gen Intel(R) Core(TM) i9-13900HX,1,1 x NVIDIA GeForce RTX 4070 Laptop GPU,9.1922,45.4722,31.70067596435547,machine,0.0,47.5,41.7,13.216599146525065,N,1.0,0.0
2026-05-05T16:44:23,Q464_qwen2.5:14b_HumanEval,93a62fa2-9a83-41cb-9c93-052362164120,5b0fa12a-3dd7-45bb-9766-cc326314d9f1,32.7348662000004,0.000261961309005,8.002516564585812e-06,13.095402300960002,54.774701856641634,20.0,0.0001142319846193,0.00050438095906,0.0001734857900001,0.0007920987336794,0.0,Italy,ITA,lombardy,,,Windows-11-10.0.26200-SP0,3.13.13,3.2.6,32,13th Gen Intel(R) Core(TM) i9-13900HX,1,1 x NVIDIA GeForce RTX 4070 Laptop GPU,9.1922,45.4722,31.70067596435547,machine,9.274193548387096,44.096774193548384,41.7,13.218448269751764,N,1.0,0.0
2026-05-05T16:45:26,Q465_qwen2.5:14b_GSM8K,0eb1ed7e-21bc-4336-836b-c3702f134c7e,5b0fa12a-3dd7-45bb-9766-cc326314d9f1,8.219823899999028,6.0205499598451886e-05,7.324426937961409e-06,13.117438537142858,48.642669956076986,20.0,2.8120759188445096e-05,0.000111049533284,4.287452999997186e-05,0.0001820448224724,0.0,Italy,ITA,lombardy,,,Windows-11-10.0.26200-SP0,3.13.13,3.2.6,32,13th Gen Intel(R) Core(TM) i9-13900HX,1,1 x NVIDIA GeForce RTX 4070 Laptop GPU,9.1922,45.4722,31.70067596435547,machine,13.333333333333334,36.833333333333336,41.7,13.228157679239908,N,1.0,0.0
2026-05-05T16:46:04,Q466_qwen2.5:14b_HellaSwag,d7b551fd-27d6-4617-8f85-de4c8757ebd1,5b0fa12a-3dd7-45bb-9766-cc326314d9f1,12.340504300009345,9.437199809542712e-05,7.647337240128484e-06,13.13503048378182,51.46212717806051,20.0,4.3194077074027445e-05,0.0001763923633359,6.576844833333679e-05,0.0002853548887433,0.0,Italy,ITA,lombardy,,,Windows-11-10.0.26200-SP0,3.13.13,3.2.6,32,13th Gen Intel(R) Core(TM) i9-13900HX,1,1 x NVIDIA GeForce RTX 4070 Laptop GPU,9.1922,45.4722,31.70067596435547,machine,0.0,50.7,41.7,13.220828247070312,N,1.0,0.0
2026-05-05T16:46:42,Q467_qwen2.5:14b_SQuAD,df83d25a-c60a-4b62-ac8b-1bd92a259908,5b0fa12a-3dd7-45bb-9766-cc326314d9f1,3.396769300001324,1.789068379299302e-05,5.266970527844221e-06,13.010428006400002,29.26858180300413,20.0,1.0449983725582444e-05,2.75833553999294e-05,1.6063153333299042e-05,5.409649245881088e-05,0.0,Italy,ITA,lombardy,,,Windows-11-10.0.26200-SP0,3.13.13,3.2.6,32,13th Gen Intel(R) Core(TM) i9-13900HX,1,1 x NVIDIA GeForce RTX 4070 Laptop GPU,9.1922,45.4722,31.70067596435547,machine,0.0,49.0,41.7,13.222076416015623,N,1.0,0.0
2026-05-05T16:47:35,Q468_qwen2.5:14b_GSM8K,73a5ede0-988a-4cb4-9c64-554f7779481d,5b0fa12a-3dd7-45bb-9766-cc326314d9f1,37.40942240000004,0.0002960395149082,7.913501356498843e-06,13.195798912617144,55.084355869139706,20.0,0.0001315142033885,0.000564171840226,0.0001994557838887,0.0008951418275033,0.0,Italy,ITA,lombardy,,,Windows-11-10.0.26200-SP0,3.13.13,3.2.6,32,13th Gen Intel(R) Core(TM) i9-13900HX,1,1 x NVIDIA GeForce RTX 4070 Laptop GPU,9.1922,45.4722,31.70067596435547,machine,5.714285714285714,41.371428571428574,41.8,13.240548052106584,N,1.0,0.0
2026-05-05T16:48:35,Q469_qwen2.5:14b_SQuAD,d0616f4f-5e57-47e5-bd0f-9b0dd3813503,5b0fa12a-3dd7-45bb-9766-cc326314d9f1,4.605298800001037,3.403789496733452e-05,7.391028561996206e-06,13.2549579776,50.83911297797884,20.0,1.5106548212155353e-05,6.502171868399964e-05,2.2792937777719795e-05,0.0001029212046738,0.0,Italy,ITA,lombardy,,,Windows-11-10.0.26200-SP0,3.13.13,3.2.6,32,13th Gen Intel(R) Core(TM) i9-13900HX,1,1 x NVIDIA GeForce RTX 4070 Laptop GPU,9.1922,45.4722,31.70067596435547,machine,0.0,37.66666666666666,41.7,13.219088236490885,N,1.0,0.0
2026-05-05T16:49:24,Q470_qwen2.5:14b_HumanEval,d40524aa-b44d-4f7e-a026-02a9d30250ab,5b0fa12a-3dd7-45bb-9766-cc326314d9f1,34.4322824000119,0.0002718587921761,7.895462433127603e-06,13.32481989104,54.8764241075217,20.0,0.0001211265447118,0.00051802541442,0.0001828740333333,0.0008220259924652,0.0,Italy,ITA,lombardy,,,Windows-11-10.0.26200-SP0,3.13.13,3.2.6,32,13th Gen Intel(R) Core(TM) i9-13900HX,1,1 x NVIDIA GeForce RTX 4070 Laptop GPU,9.1922,45.4722,31.70067596435547,machine,0.0,38.96875,41.7,13.226250648498535,N,1.0,0.0
2026-05-05T16:50:45,Q471_qwen2.5:14b_HellaSwag,f5b76c3c-16fa-487e-991a-7c9a41d403ea,5b0fa12a-3dd7-45bb-9766-cc326314d9f1,25.69485230000282,0.000202204913002,7.869471699670338e-06,13.521739036858182,53.91962821361862,20.0,9.30673772024018e-05,0.000381179193832,0.0001371653055555,0.0006114118765899,0.0,Italy,ITA,lombardy,,,Windows-11-10.0.26200-SP0,3.13.13,3.2.6,32,13th Gen Intel(R) Core(TM) i9-13900HX,1,1 x NVIDIA GeForce RTX 4070 Laptop GPU,9.1922,45.4722,31.70067596435547,machine,0.0,42.125,41.7,13.225095907847086,N,1.0,0.0
2026-05-05T16:51:57,Q472_qwen2.5:14b_HellaSwag,9d89bb98-0a8b-4467-a898-38d632c1f3ba,5b0fa12a-3dd7-45bb-9766-cc326314d9f1,16.812453699996695,0.0001789362609786,1.0643078290156486e-05,13.181427104,62.68772432325446,20.0,0.0001183157627823,0.0002431804723219,0.0001795576566666,0.0005410538917709,0.0,Italy,ITA,lombardy,,,Windows-11-10.0.26200-SP0,3.13.13,3.2.6,32,13th Gen Intel(R) Core(TM) i9-13900HX,1,1 x NVIDIA GeForce RTX 4070 Laptop GPU,9.1922,45.4722,31.70067596435547,machine,0.0,47.6,41.7,13.22956314086914,N,1.0,0.0
2026-05-05T16:52:59,Q473_qwen2.5:14b_HellaSwag,71a71879-2331-47b0-9e24-827c89d7b449,5b0fa12a-3dd7-45bb-9766-cc326314d9f1,16.629062199994223,0.0001770982320515,1.0649923003570744e-05,13.11430553984,48.48077390240073,20.0,0.0001170336540284,0.000239966303084,0.000178496242222,0.0005354961993345,0.0,Italy,ITA,lombardy,,,Windows-11-10.0.26200-SP0,3.13.13,3.2.6,32,13th Gen Intel(R) Core(TM) i9-13900HX,1,1 x NVIDIA GeForce RTX 4070 Laptop GPU,9.1922,45.4722,31.70067596435547,machine,0.0,41.46666666666667,41.7,13.228120676676433,N,1.0,0.0
2026-05-05T16:54:22,Q474_qwen2.5:14b_GSM8K,5dadc87d-eb50-4539-bf4b-6980b07d5d0b,5b0fa12a-3dd7-45bb-9766-cc326314d9f1,37.138471300000674,0.0002992631027203,8.058035030655207e-06,13.565543644548574,55.91539723025529,20.0,0.0001345823371058,0.00057237962457,0.0001979271061111,0.000904889067787,0.0,Italy,ITA,lombardy,,,Windows-11-10.0.26200-SP0,3.13.13,3.2.6,32,13th Gen Intel(R) Core(TM) i9-13900HX,1,1 x NVIDIA GeForce RTX 4070 Laptop GPU,9.1922,45.4722,31.70067596435547,machine,0.0,41.6,41.7,13.221229008265905,N,1.0,0.0
2026-05-05T16:55:28,Q475_qwen2.5:14b_SQuAD,b57fd403-9e00-4982-899d-e9bc4c88d787,5b0fa12a-3dd7-45bb-9766-cc326314d9f1,10.305639600002904,7.497559676778645e-05,7.275200732593571e-06,13.546090035200002,47.288033008264826,20.0,3.688779576513167e-05,0.000135355941618,5.446178444447773e-05,0.0002267055218276,0.0,Italy,ITA,lombardy,,,Windows-11-10.0.26200-SP0,3.13.13,3.2.6,32,13th Gen Intel(R) Core(TM) i9-13900HX,1,1 x NVIDIA GeForce RTX 4070 Laptop GPU,9.1922,45.4722,31.70067596435547,machine,0.0,38.125,41.7,13.219883918762209,N,1.0,0.0
2026-05-05T16:56:13,Q476_qwen2.5:14b_MMLU,04498935-03ba-4d1f-b24b-1165b3cc8992,5b0fa12a-3dd7-45bb-9766-cc326314d9f1,9.72226710000541,7.108688155253098e-05,7.311759780030259e-06,13.5897572864,47.739694818908326,20.0,3.480664995934247e-05,0.000128916492022,5.1223977777812656e-05,0.0002149471197592,0.0,Italy,ITA,lombardy,,,Windows-11-10.0.26200-SP0,3.13.13,3.2.6,32,13th Gen Intel(R) Core(TM) i9-13900HX,1,1 x NVIDIA GeForce RTX 4070 Laptop GPU,9.1922,45.4722,31.70067596435547,machine,0.0,49.0,41.7,13.226723194122314,N,1.0,0.0
2026-05-05T16:56:46,Q477_qwen2.5:14b_HellaSwag,70112c39-87b6-4bb6-b96e-5c38d3539eeb,5b0fa12a-3dd7-45bb-9766-cc326314d9f1,8.067536799993832,5.845357072605699e-05,7.24552886156053e-06,13.229079071085716,47.71854007327084,20.0,2.7799798425257e-05,0.0001069200855359,4.202758888891872e-05,0.0001767474728501,0.0,Italy,ITA,lombardy,,,Windows-11-10.0.26200-SP0,3.13.13,3.2.6,32,13th Gen Intel(R) Core(TM) i9-13900HX,1,1 x NVIDIA GeForce RTX 4070 Laptop GPU,9.1922,45.4722,31.70067596435547,machine,0.0,35.5,41.7,13.228258768717447,N,1.0,0.0
2026-05-05T16:57:15,Q478_qwen2.5:14b_SQuAD,20658200-b52a-4bdf-9724-e883549cfb0f,5b0fa12a-3dd7-45bb-9766-cc326314d9f1,3.3743557000125293,1.7338928455518538e-05,5.1384412305597055e-06,13.063521440000002,27.812057183961347,20.0,1.0418574566758925e-05,2.6059743070017127e-05,1.5949818888960485e-05,5.242813652573654e-05,0.0,Italy,ITA,lombardy,,,Windows-11-10.0.26200-SP0,3.13.13,3.2.6,32,13th Gen Intel(R) Core(TM) i9-13900HX,1,1 x NVIDIA GeForce RTX 4070 Laptop GPU,9.1922,45.4722,31.70067596435547,machine,0.0,50.0,41.7,13.230621337890623,N,1.0,0.0
2026-05-05T16:57:50,Q479_qwen2.5:14b_GSM8K,9c5b5d81-2e01-4e05-bf97-0aae6bbfc936,5b0fa12a-3dd7-45bb-9766-cc326314d9f1,20.05012650000572,0.0001585956487847,7.909957514965105e-06,13.114827388160002,54.088645722175286,20.0,6.945932435109608e-05,0.000304282465648,0.0001058077016666,0.0004795494916657,0.0,Italy,ITA,lombardy,,,Windows-11-10.0.26200-SP0,3.13.13,3.2.6,32,13th Gen Intel(R) Core(TM) i9-13900HX,1,1 x NVIDIA GeForce RTX 4070 Laptop GPU,9.1922,45.4722,31.70067596435547,machine,14.816666666666666,50.27777777777778,41.7,13.23277070787218,N,1.0,0.0
2026-05-05T16:58:48,Q480_qwen2.5:14b_GSM8K,3cc92737-5d21-433b-a4b0-7c5872aa8aea,5b0fa12a-3dd7-45bb-9766-cc326314d9f1,12.978742000006603,9.609335970454808e-05,7.403903991966183e-06,13.3288328,48.55994960090662,20.0,4.61938502407711e-05,0.0001750526400419,6.931332111109643e-05,0.0002905598113938,0.0,Italy,ITA,lombardy,,,Windows-11-10.0.26200-SP0,3.13.13,3.2.6,32,13th Gen Intel(R) Core(TM) i9-13900HX,1,1 x NVIDIA GeForce RTX 4070 Laptop GPU,9.1922,45.4722,31.70067596435547,machine,0.0,44.27272727272727,41.7,13.228747974742545,N,1.0,0.0
2026-05-05T16:59:38,Q481_qwen2.5:14b_MMLU,ee9a46a5-afc8-48a4-ab58-5bc72daaa02b,5b0fa12a-3dd7-45bb-9766-cc326314d9f1,14.294177300005686,0.0001086656524633,7.602092109442645e-06,13.15128863803077,50.78314227082805,20.0,5.0375594670516895e-05,0.0002015909946059,7.660836722223192e-05,0.0003285749564987,0.0,Italy,ITA,lombardy,,,Windows-11-10.0.26200-SP0,3.13.13,3.2.6,32,13th Gen Intel(R) Core(TM) i9-13900HX,1,1 x NVIDIA GeForce RTX 4070 Laptop GPU,9.1922,45.4722,31.70067596435547,machine,0.0,42.75,41.9,13.28793716430664,N,1.0,0.0
2026-05-05T17:00:39,Q482_qwen2.5:14b_MMLU,da07f2ff-6212-4722-ad5b-a7dce108373a,5b0fa12a-3dd7-45bb-9766-cc326314d9f1,26.242090200001257,0.0002061629939541,7.856195614864666e-06,13.195894073250912,54.4594091892246,20.0,9.254026233804382e-05,0.0003906333680619,0.0001402063911111,0.0006233800215111,0.0,Italy,ITA,lombardy,,,Windows-11-10.0.26200-SP0,3.13.13,3.2.6,32,13th Gen Intel(R) Core(TM) i9-13900HX,1,1 x NVIDIA GeForce RTX 4070 Laptop GPU,9.1922,45.4722,31.70067596435547,machine,0.0,41.04166666666666,42.0,13.306864579518637,N,1.0,0.0
2026-05-05T17:02:02,Q483_qwen2.5:14b_MMLU,00ba3f38-f2fe-4f0e-97c3-82816cb743f8,5b0fa12a-3dd7-45bb-9766-cc326314d9f1,37.76745220000157,0.0002996817213395,7.934920252300023e-06,13.577250408320005,54.85511738672486,20.0,0.0001372162282118,0.0005675273984659,0.0002014112283333,0.0009061548550111,0.0,Italy,ITA,lombardy,,,Windows-11-10.0.26200-SP0,3.13.13,3.2.6,32,13th Gen Intel(R) Core(TM) i9-13900HX,1,1 x NVIDIA GeForce RTX 4070 Laptop GPU,9.1922,45.4722,31.70067596435547,machine,1.8527777777777776,38.083333333333336,41.980555555555554,13.29915640089247,N,1.0,0.0
2026-05-05T17:03:05,Q484_qwen2.5:14b_SQuAD,e20490dd-4a88-4384-bb3a-8b08524c9986,5b0fa12a-3dd7-45bb-9766-cc326314d9f1,7.036682000005385,5.268802297167116e-05,7.487623139944484e-06,13.6087071104,50.30056808558577,20.0,2.470273494768656e-05,9.830785642400695e-05,3.630345555551078e-05,0.0001593140469272,0.0,Italy,ITA,lombardy,,,Windows-11-10.0.26200-SP0,3.13.13,3.2.6,32,13th Gen Intel(R) Core(TM) i9-13900HX,1,1 x NVIDIA GeForce RTX 4070 Laptop GPU,9.1922,45.4722,31.70067596435547,machine,0.0,41.8,41.9,13.292646026611328,N,1.0,0.0
2026-05-05T17:03:37,Q485_qwen2.5:14b_HellaSwag,165438ef-4256-4d16-adff-ae5a435b4462,5b0fa12a-3dd7-45bb-9766-cc326314d9f1,7.239711600006558,5.0560150983849965e-05,6.983724459936245e-06,13.4169625088,44.99207255232661,20.0,2.508757615901627e-05,9.03964612059549e-05,3.739591166668106e-05,0.0001528799490316,0.0,Italy,ITA,lombardy,,,Windows-11-10.0.26200-SP0,3.13.13,3.2.6,32,13th Gen Intel(R) Core(TM) i9-13900HX,1,1 x NVIDIA GeForce RTX 4070 Laptop GPU,9.1922,45.4722,31.70067596435547,machine,20.0,45.6,42.0,13.317913818359376,N,1.0,0.0
2026-05-05T17:04:12,Q486_qwen2.5:14b_MMLU,31ee85d4-9453-4f69-8262-5e9a12135f49,5b0fa12a-3dd7-45bb-9766-cc326314d9f1,9.889057099993806,7.310298779886048e-05,7.3923112243842e-06,13.4277992064,48.74170987715034,20.0,3.501419455960333e-05,0.0001338781626579,5.2150911666669545e-05,0.0002210432688842,0.0,Italy,ITA,lombardy,,,Windows-11-10.0.26200-SP0,3.13.13,3.2.6,32,13th Gen Intel(R) Core(TM) i9-13900HX,1,1 x NVIDIA GeForce RTX 4070 Laptop GPU,9.1922,45.4722,31.70067596435547,machine,0.0,45.125,42.0,13.3116717338562,N,1.0,0.0
2026-05-05T17:04:41,Q487_qwen2.5:14b_SQuAD,fdba9067-d9d2-4e2c-82c0-2d67880a1e1c,5b0fa12a-3dd7-45bb-9766-cc326314d9f1,3.911742800002685,2.673193869186505e-05,6.833766957236224e-06,12.978711104,45.66519889454209,20.0,1.2290955863343536e-05,4.959976190199722e-05,1.8939290555540032e-05,8.083000832088079e-05,0.0,Italy,ITA,lombardy,,,Windows-11-10.0.26200-SP0,3.13.13,3.2.6,32,13th Gen Intel(R) Core(TM) i9-13900HX,1,1 x NVIDIA GeForce RTX 4070 Laptop GPU,9.1922,45.4722,31.70067596435547,machine,0.0,75.5,42.0,13.302352905273438,N,1.0,0.0
2026-05-05T17:05:18,Q488_qwen2.5:14b_HumanEval,5558dba8-5016-45a6-9a3c-151a70250a07,5b0fa12a-3dd7-45bb-9766-cc326314d9f1,21.31445249999524,0.0001666047011579,7.816513286370273e-06,13.561850762240002,53.987619617086864,20.0,7.622581989194174e-05,0.00031471275177,0.0001128280849999,0.0005037666566619,0.0,Italy,ITA,lombardy,,,Windows-11-10.0.26200-SP0,3.13.13,3.2.6,32,13th Gen Intel(R) Core(TM) i9-13900HX,1,1 x NVIDIA GeForce RTX 4070 Laptop GPU,9.1922,45.4722,31.70067596435547,machine,5.2631578947368425,39.68421052631579,41.90526315789473,13.2792565195184,N,1.0,0.0
2026-05-05T17:06:28,Q489_qwen2.5:14b_HumanEval,7e96ad38-36fa-4542-909f-072e0d64535e,5b0fa12a-3dd7-45bb-9766-cc326314d9f1,25.3354352000024,0.0001978890932034,7.81076352710216e-06,13.651534837760003,53.29424065480474,20.0,9.244205866555556e-05,0.000370799463306,0.000135120506111,0.0005983620280826,0.0,Italy,ITA,lombardy,,,Windows-11-10.0.26200-SP0,3.13.13,3.2.6,32,13th Gen Intel(R) Core(TM) i9-13900HX,1,1 x NVIDIA GeForce RTX 4070 Laptop GPU,9.1922,45.4722,31.70067596435547,machine,6.039130434782609,42.56521739130435,41.89565217391304,13.267851124639096,N,1.0,0.0
2026-05-05T17:07:30,Q490_qwen2.5:14b_HellaSwag,1709a93d-5383-4296-a61c-ec715be7d0c4,5b0fa12a-3dd7-45bb-9766-cc326314d9f1,16.55499590000545,0.0001546086267887,9.339091819933684e-06,6.5795284057600005,25.158867532061464,20.0,5.853210902178892e-05,0.0002308207402119,0.0001781409877777,0.0004674938370115,0.0,Italy,ITA,lombardy,,,Windows-11-10.0.26200-SP0,3.13.13,3.2.6,32,13th Gen Intel(R) Core(TM) i9-13900HX,1,1 x NVIDIA GeForce RTX 4070 Laptop GPU,9.1922,45.4722,31.70067596435547,machine,0.0,32.07142857142857,41.8,13.256950105939593,N,1.0,0.0
2026-05-05T17:08:30,Q491_qwen2.5:14b_MMLU,2f60e37d-377e-4767-8dd6-e1a621697228,5b0fa12a-3dd7-45bb-9766-cc326314d9f1,15.08345730000292,0.0001160096338589,7.69118323151106e-06,13.159500739657144,51.68228210908397,20.0,5.32927210192258e-05,0.000216494062084,8.099434722227872e-05,0.0003507811303255,0.0,Italy,ITA,lombardy,,,Windows-11-10.0.26200-SP0,3.13.13,3.2.6,32,13th Gen Intel(R) Core(TM) i9-13900HX,1,1 x NVIDIA GeForce RTX 4070 Laptop GPU,9.1922,45.4722,31.70067596435547,machine,0.9615384615384616,40.46153846153846,41.8,13.259887108435995,N,1.0,0.0
2026-05-05T17:09:15,Q492_qwen2.5:14b_HellaSwag,0780d036-8e00-41f3-992a-698e315c9a16,5b0fa12a-3dd7-45bb-9766-cc326314d9f1,9.274386700009927,6.535365113854926e-05,7.046681710875751e-06,13.3847872112,45.13886280392484,20.0,3.261264676590788e-05,0.0001162687041259,4.873006166671984e-05,0.0001976114125585,0.0,Italy,ITA,lombardy,,,Windows-11-10.0.26200-SP0,3.13.13,3.2.6,32,13th Gen Intel(R) Core(TM) i9-13900HX,1,1 x NVIDIA GeForce RTX 4070 Laptop GPU,9.1922,45.4722,31.70067596435547,machine,0.0,40.0,41.9,13.292781829833984,N,1.0,0.0
2026-05-05T17:09:47,Q493_qwen2.5:14b_MMLU,14d33ae0-f18e-484e-ae1e-21492285e102,5b0fa12a-3dd7-45bb-9766-cc326314d9f1,6.733505799988052,4.8337767290430026e-05,7.178692456241116e-06,13.475325728,47.17516834214985,20.0,2.332295489929246e-05,8.822229280003313e-05,3.461482611108093e-05,0.0001461600738104,0.0,Italy,ITA,lombardy,,,Windows-11-10.0.26200-SP0,3.13.13,3.2.6,32,13th Gen Intel(R) Core(TM) i9-13900HX,1,1 x NVIDIA GeForce RTX 4070 Laptop GPU,9.1922,45.4722,31.70067596435547,machine,0.0,35.6,41.9,13.292463684082032,N,1.0,0.0
2026-05-05T17:10:38,Q494_qwen2.5:14b_GSM8K,43eec305-e16a-434a-a934-9da57a8aa4a2,5b0fa12a-3dd7-45bb-9766-cc326314d9f1,26.07405409999774,0.0002053871392903,7.877069614975742e-06,13.124019264930912,54.739698121268525,20.0,9.141102486435482e-05,0.00039035309006,0.000139269936111,0.0006210340510354,0.0,Italy,ITA,lombardy,,,Windows-11-10.0.26200-SP0,3.13.13,3.2.6,32,13th Gen Intel(R) Core(TM) i9-13900HX,1,1 x NVIDIA GeForce RTX 4070 Laptop GPU,9.1922,45.4722,31.70067596435547,machine,2.5625,36.91666666666666,41.925,13.298052628835045,N,1.0,0.0
2026-05-05T17:11:44,Q495_qwen2.5:14b_GSM8K,59c569a0-8bd9-4c36-8645-89d9276f28a6,5b0fa12a-3dd7-45bb-9766-cc326314d9f1,20.612650000010035,0.0001609677468975,7.809172857319495e-06,13.54169619584,53.796207473693656,20.0,7.433065532624564e-05,0.000303469964998,0.0001089214416666,0.0004867220619908,0.0,Italy,ITA,lombardy,,,Windows-11-10.0.26200-SP0,3.13.13,3.2.6,32,13th Gen Intel(R) Core(TM) i9-13900HX,1,1 x NVIDIA GeForce RTX 4070 Laptop GPU,9.1922,45.4722,31.70067596435547,machine,0.0,44.77777777777778,41.90555555555555,13.296554777357311,N,1.0,0.0
2026-05-05T17:12:53,Q496_qwen2.5:14b_GSM8K,586d0953-eec9-4cd6-b9d5-fe94befac1c2,5b0fa12a-3dd7-45bb-9766-cc326314d9f1,23.67251549998764,0.0001895488845441,8.00712896541196e-06,13.4470501696,56.63537656151716,20.0,8.486706017815582e-05,0.000362343067652,0.0001259334099999,0.0005731435378301,0.0,Italy,ITA,lombardy,,,Windows-11-10.0.26200-SP0,3.13.13,3.2.6,32,13th Gen Intel(R) Core(TM) i9-13900HX,1,1 x NVIDIA GeForce RTX 4070 Laptop GPU,9.1922,45.4722,31.70067596435547,machine,0.0,44.04545454545455,42.0,13.309708335182885,N,1.0,0.0
2026-05-05T17:13:47,Q497_qwen2.5:14b_HellaSwag,aa69917f-edbf-4687-95fd-992efa70076c,5b0fa12a-3dd7-45bb-9766-cc326314d9f1,8.437737300002482,5.948155407783245e-05,7.049467406127346e-06,13.149274057142858,45.566454250696445,20.0,2.8985424387390126e-05,0.000106784529872,4.408585666662677e-05,0.000179855810926,0.0,Italy,ITA,lombardy,,,Windows-11-10.0.26200-SP0,3.13.13,3.2.6,32,13th Gen Intel(R) Core(TM) i9-13900HX,1,1 x NVIDIA GeForce RTX 4070 Laptop GPU,9.1922,45.4722,31.70067596435547,machine,0.0,50.833333333333336,41.91666666666666,13.2974001566569,N,1.0,0.0
2026-05-05T17:14:18,Q498_qwen2.5:14b_MMLU,9d06498e-85f1-409c-a2b4-56ab2636c70e,5b0fa12a-3dd7-45bb-9766-cc326314d9f1,6.641221600002609,4.624444604800265e-05,6.963243938130973e-06,13.0564713152,45.25083487233267,20.0,2.226423217884653e-05,8.346256676999841e-05,3.410364888889793e-05,0.0001398304478377,0.0,Italy,ITA,lombardy,,,Windows-11-10.0.26200-SP0,3.13.13,3.2.6,32,13th Gen Intel(R) Core(TM) i9-13900HX,1,1 x NVIDIA GeForce RTX 4070 Laptop GPU,9.1922,45.4722,31.70067596435547,machine,0.0,38.8,41.8,13.262056732177737,N,1.0,0.0
2026-05-05T17:14:55,Q499_qwen2.5:14b_MMLU,27ff7b37-8313-4faa-bd55-7985d77b8766,5b0fa12a-3dd7-45bb-9766-cc326314d9f1,11.671710400012673,8.512096522193719e-05,7.292929853866558e-06,13.355399538036364,47.47094300188935,20.0,4.143631310048224e-05,0.0001538951231159,6.205088111116008e-05,0.0002573823173275,0.0,Italy,ITA,lombardy,,,Windows-11-10.0.26200-SP0,3.13.13,3.2.6,32,13th Gen Intel(R) Core(TM) i9-13900HX,1,1 x NVIDIA GeForce RTX 4070 Laptop GPU,9.1922,45.4722,31.70067596435547,machine,0.0,37.3,41.82,13.2670654296875,N,1.0,0.0
2026-05-05T17:15:35,Q500_qwen2.5:14b_HellaSwag,2ae9db5c-d862-404e-b62d-451125bdb145,5b0fa12a-3dd7-45bb-9766-cc326314d9f1,14.451560600005905,0.00010909491848720454,7.549006055938344e-06,13.609649605907693,49.740999429171026,20.0,5.273202548439631e-05,0.00019964960416407607,7.749130888890552e-05,0.0003298729385373779,0.0,Italy,ITA,lombardy,,,Windows-11-10.0.26200-SP0,3.13.13,3.2.6,32,13th Gen Intel(R) Core(TM) i9-13900HX,1,1 x NVIDIA GeForce RTX 4070 Laptop GPU,9.1922,45.4722,31.70067596435547,machine,0.0,34.333333333333336,41.9,13.286439895629883,N,1.0,0.0
