run,modello,task,domanda_id,voto
1,phi3:mini,GSM8K,1,0
1,qwen2.5:7b,GSM8K,1,1
1,mistral:latest,GSM8K,1,1
1,phi3:mini,HellaSwag,2,1
1,qwen2.5:7b,HellaSwag,2,1
1,mistral:latest,HellaSwag,2,1
1,phi3:mini,MMLU,3,1
1,qwen2.5:7b,MMLU,3,1
1,mistral:latest,MMLU,3,1
1,phi3:mini,GSM8K,4,0
1,qwen2.5:7b,GSM8K,4,1
1,mistral:latest,GSM8K,4,0
1,phi3:mini,MMLU,5,0
1,qwen2.5:7b,MMLU,5,1
1,mistral:latest,MMLU,5,0
1,phi3:mini,MMLU,6,0
1,qwen2.5:7b,MMLU,6,0
1,mistral:latest,MMLU,6,0
1,phi3:mini,HellaSwag,7,0
1,qwen2.5:7b,HellaSwag,7,1
1,mistral:latest,HellaSwag,7,0
1,phi3:mini,SQuAD,8,1
1,qwen2.5:7b,SQuAD,8,1
1,mistral:latest,SQuAD,8,1
1,phi3:mini,MMLU,9,1
1,qwen2.5:7b,MMLU,9,1
1,mistral:latest,MMLU,9,1
1,phi3:mini,HellaSwag,10,0
1,qwen2.5:7b,HellaSwag,10,0
1,mistral:latest,HellaSwag,10,0
1,phi3:mini,HumanEval,11,1
1,qwen2.5:7b,HumanEval,11,1
1,mistral:latest,HumanEval,11,1
1,phi3:mini,HumanEval,12,0
1,qwen2.5:7b,HumanEval,12,1
1,mistral:latest,HumanEval,12,1
1,phi3:mini,MMLU,13,0
1,qwen2.5:7b,MMLU,13,1
1,mistral:latest,MMLU,13,0
1,phi3:mini,SQuAD,14,0
1,qwen2.5:7b,SQuAD,14,0
1,mistral:latest,SQuAD,14,0
1,phi3:mini,HumanEval,15,0
1,qwen2.5:7b,HumanEval,15,1
1,mistral:latest,HumanEval,15,1
1,phi3:mini,MMLU,16,1
1,qwen2.5:7b,MMLU,16,1
1,mistral:latest,MMLU,16,0
1,phi3:mini,HellaSwag,17,1
1,qwen2.5:7b,HellaSwag,17,1
1,mistral:latest,HellaSwag,17,1
1,phi3:mini,GSM8K,18,0
1,qwen2.5:7b,GSM8K,18,1
1,mistral:latest,GSM8K,18,0
1,phi3:mini,SQuAD,19,1
1,qwen2.5:7b,SQuAD,19,1
1,mistral:latest,SQuAD,19,1
1,phi3:mini,SQuAD,20,1
1,qwen2.5:7b,SQuAD,20,1
1,mistral:latest,SQuAD,20,1
1,phi3:mini,HumanEval,21,0
1,qwen2.5:7b,HumanEval,21,1
1,mistral:latest,HumanEval,21,0
1,phi3:mini,HellaSwag,22,0
1,qwen2.5:7b,HellaSwag,22,1
1,mistral:latest,HellaSwag,22,1
1,phi3:mini,SQuAD,23,1
1,qwen2.5:7b,SQuAD,23,1
1,mistral:latest,SQuAD,23,1
1,phi3:mini,HellaSwag,24,0
1,qwen2.5:7b,HellaSwag,24,1
1,mistral:latest,HellaSwag,24,0
1,phi3:mini,MMLU,25,1
1,qwen2.5:7b,MMLU,25,1
1,mistral:latest,MMLU,25,1
1,phi3:mini,HumanEval,26,0
1,qwen2.5:7b,HumanEval,26,1
1,mistral:latest,HumanEval,26,0
1,phi3:mini,SQuAD,27,0
1,qwen2.5:7b,SQuAD,27,1
1,mistral:latest,SQuAD,27,1
1,phi3:mini,SQuAD,28,0
1,qwen2.5:7b,SQuAD,28,1
1,mistral:latest,SQuAD,28,1
1,phi3:mini,SQuAD,29,0
1,qwen2.5:7b,SQuAD,29,0
1,mistral:latest,SQuAD,29,1
1,phi3:mini,SQuAD,30,1
1,qwen2.5:7b,SQuAD,30,1
1,mistral:latest,SQuAD,30,1
1,phi3:mini,GSM8K,31,0
1,qwen2.5:7b,GSM8K,31,1
1,mistral:latest,GSM8K,31,0
1,phi3:mini,GSM8K,32,0
1,qwen2.5:7b,GSM8K,32,1
1,mistral:latest,GSM8K,32,1
1,phi3:mini,SQuAD,33,0
1,qwen2.5:7b,SQuAD,33,1
1,mistral:latest,SQuAD,33,1
1,phi3:mini,MMLU,34,1
1,qwen2.5:7b,MMLU,34,1
1,mistral:latest,MMLU,34,1
1,phi3:mini,SQuAD,35,1
1,qwen2.5:7b,SQuAD,35,1
1,mistral:latest,SQuAD,35,1
1,phi3:mini,MMLU,36,1
1,qwen2.5:7b,MMLU,36,1
1,mistral:latest,MMLU,36,1
1,phi3:mini,HumanEval,37,0
1,qwen2.5:7b,HumanEval,37,1
1,mistral:latest,HumanEval,37,1
1,phi3:mini,MMLU,38,1
1,qwen2.5:7b,MMLU,38,1
1,mistral:latest,MMLU,38,0
1,phi3:mini,SQuAD,39,1
1,qwen2.5:7b,SQuAD,39,1
1,mistral:latest,SQuAD,39,1
1,phi3:mini,GSM8K,40,0
1,qwen2.5:7b,GSM8K,40,1
1,mistral:latest,GSM8K,40,1
1,phi3:mini,HellaSwag,41,0
1,qwen2.5:7b,HellaSwag,41,1
1,mistral:latest,HellaSwag,41,1
1,phi3:mini,SQuAD,42,1
1,qwen2.5:7b,SQuAD,42,1
1,mistral:latest,SQuAD,42,1
1,phi3:mini,GSM8K,43,0
1,qwen2.5:7b,GSM8K,43,1
1,mistral:latest,GSM8K,43,1
1,phi3:mini,GSM8K,44,0
1,qwen2.5:7b,GSM8K,44,1
1,mistral:latest,GSM8K,44,1
1,phi3:mini,HellaSwag,45,0
1,qwen2.5:7b,HellaSwag,45,1
1,mistral:latest,HellaSwag,45,1
1,phi3:mini,GSM8K,46,0
1,qwen2.5:7b,GSM8K,46,1
1,mistral:latest,GSM8K,46,0
1,phi3:mini,GSM8K,47,0
1,qwen2.5:7b,GSM8K,47,1
1,mistral:latest,GSM8K,47,1
1,phi3:mini,HellaSwag,48,0
1,qwen2.5:7b,HellaSwag,48,0
1,mistral:latest,HellaSwag,48,1
1,phi3:mini,GSM8K,49,0
1,qwen2.5:7b,GSM8K,49,1
1,mistral:latest,GSM8K,49,1
1,phi3:mini,GSM8K,50,0
1,qwen2.5:7b,GSM8K,50,0
1,mistral:latest,GSM8K,50,0
1,phi3:mini,MMLU,51,0
1,qwen2.5:7b,MMLU,51,1
1,mistral:latest,MMLU,51,1
1,phi3:mini,MMLU,52,0
1,qwen2.5:7b,MMLU,52,1
1,mistral:latest,MMLU,52,1
1,phi3:mini,HumanEval,53,1
1,qwen2.5:7b,HumanEval,53,1
1,mistral:latest,HumanEval,53,1
1,phi3:mini,HellaSwag,54,1
1,qwen2.5:7b,HellaSwag,54,1
1,mistral:latest,HellaSwag,54,1
1,phi3:mini,MMLU,55,1
1,qwen2.5:7b,MMLU,55,1
1,mistral:latest,MMLU,55,1
1,phi3:mini,GSM8K,56,0
1,qwen2.5:7b,GSM8K,56,1
1,mistral:latest,GSM8K,56,1
1,phi3:mini,SQuAD,57,1
1,qwen2.5:7b,SQuAD,57,1
1,mistral:latest,SQuAD,57,1
1,phi3:mini,GSM8K,58,0
1,qwen2.5:7b,GSM8K,58,1
1,mistral:latest,GSM8K,58,0
1,phi3:mini,GSM8K,59,0
1,qwen2.5:7b,GSM8K,59,1
1,mistral:latest,GSM8K,59,1
1,phi3:mini,HellaSwag,60,1
1,qwen2.5:7b,HellaSwag,60,1
1,mistral:latest,HellaSwag,60,1
1,phi3:mini,GSM8K,61,0
1,qwen2.5:7b,GSM8K,61,1
1,mistral:latest,GSM8K,61,0
1,phi3:mini,HellaSwag,62,0
1,qwen2.5:7b,HellaSwag,62,1
1,mistral:latest,HellaSwag,62,1
1,phi3:mini,MMLU,63,0
1,qwen2.5:7b,MMLU,63,1
1,mistral:latest,MMLU,63,1
1,phi3:mini,GSM8K,64,0
1,qwen2.5:7b,GSM8K,64,1
1,mistral:latest,GSM8K,64,1
1,phi3:mini,MMLU,65,1
1,qwen2.5:7b,MMLU,65,1
1,mistral:latest,MMLU,65,1
1,phi3:mini,MMLU,66,1
1,qwen2.5:7b,MMLU,66,0
1,mistral:latest,MMLU,66,1
1,phi3:mini,HellaSwag,67,0
1,qwen2.5:7b,HellaSwag,67,1
1,mistral:latest,HellaSwag,67,1
1,phi3:mini,GSM8K,68,0
1,qwen2.5:7b,GSM8K,68,1
1,mistral:latest,GSM8K,68,1
1,phi3:mini,HellaSwag,69,0
1,qwen2.5:7b,HellaSwag,69,0
1,mistral:latest,HellaSwag,69,1
1,phi3:mini,HumanEval,70,0
1,qwen2.5:7b,HumanEval,70,1
1,mistral:latest,HumanEval,70,1
1,phi3:mini,MMLU,71,0
1,qwen2.5:7b,MMLU,71,1
1,mistral:latest,MMLU,71,0
1,phi3:mini,HumanEval,72,1
1,qwen2.5:7b,HumanEval,72,1
1,mistral:latest,HumanEval,72,1
1,phi3:mini,SQuAD,73,1
1,qwen2.5:7b,SQuAD,73,1
1,mistral:latest,SQuAD,73,1
1,phi3:mini,HellaSwag,74,0
1,qwen2.5:7b,HellaSwag,74,1
1,mistral:latest,HellaSwag,74,1
1,phi3:mini,HumanEval,75,0
1,qwen2.5:7b,HumanEval,75,1
1,mistral:latest,HumanEval,75,0
1,phi3:mini,HumanEval,76,0
1,qwen2.5:7b,HumanEval,76,1
1,mistral:latest,HumanEval,76,0
1,phi3:mini,GSM8K,77,0
1,qwen2.5:7b,GSM8K,77,1
1,mistral:latest,GSM8K,77,1
1,phi3:mini,HellaSwag,78,0
1,qwen2.5:7b,HellaSwag,78,0
1,mistral:latest,HellaSwag,78,0
1,phi3:mini,SQuAD,79,0
1,qwen2.5:7b,SQuAD,79,1
1,mistral:latest,SQuAD,79,1
1,phi3:mini,GSM8K,80,0
1,qwen2.5:7b,GSM8K,80,1
1,mistral:latest,GSM8K,80,1
1,phi3:mini,MMLU,81,0
1,qwen2.5:7b,MMLU,81,1
1,mistral:latest,MMLU,81,1
1,phi3:mini,MMLU,82,0
1,qwen2.5:7b,MMLU,82,0
1,mistral:latest,MMLU,82,0
1,phi3:mini,HumanEval,83,1
1,qwen2.5:7b,HumanEval,83,1
1,mistral:latest,HumanEval,83,1
1,phi3:mini,SQuAD,84,0
1,qwen2.5:7b,SQuAD,84,1
1,mistral:latest,SQuAD,84,1
1,phi3:mini,HellaSwag,85,0
1,qwen2.5:7b,HellaSwag,85,1
1,mistral:latest,HellaSwag,85,1
1,phi3:mini,HumanEval,86,0
1,qwen2.5:7b,HumanEval,86,1
1,mistral:latest,HumanEval,86,1
1,phi3:mini,HellaSwag,87,0
1,qwen2.5:7b,HellaSwag,87,1
1,mistral:latest,HellaSwag,87,1
1,phi3:mini,MMLU,88,0
1,qwen2.5:7b,MMLU,88,1
1,mistral:latest,MMLU,88,0
1,phi3:mini,HumanEval,89,0
1,qwen2.5:7b,HumanEval,89,1
1,mistral:latest,HumanEval,89,1
1,phi3:mini,MMLU,90,1
1,qwen2.5:7b,MMLU,90,1
1,mistral:latest,MMLU,90,1
1,phi3:mini,MMLU,91,1
1,qwen2.5:7b,MMLU,91,1
1,mistral:latest,MMLU,91,1
1,phi3:mini,GSM8K,92,1
1,qwen2.5:7b,GSM8K,92,1
1,mistral:latest,GSM8K,92,1
1,phi3:mini,SQuAD,93,1
1,qwen2.5:7b,SQuAD,93,1
1,mistral:latest,SQuAD,93,1
1,phi3:mini,SQuAD,94,1
1,qwen2.5:7b,SQuAD,94,1
1,mistral:latest,SQuAD,94,1
1,phi3:mini,GSM8K,95,1
1,qwen2.5:7b,GSM8K,95,1
1,mistral:latest,GSM8K,95,1
1,phi3:mini,MMLU,96,1
1,qwen2.5:7b,MMLU,96,1
1,mistral:latest,MMLU,96,1
1,phi3:mini,GSM8K,97,0
1,qwen2.5:7b,GSM8K,97,0
1,mistral:latest,GSM8K,97,0
1,phi3:mini,HumanEval,98,0
1,qwen2.5:7b,HumanEval,98,1
1,mistral:latest,HumanEval,98,0
1,phi3:mini,HellaSwag,99,1
1,qwen2.5:7b,HellaSwag,99,1
1,mistral:latest,HellaSwag,99,1
1,phi3:mini,GSM8K,100,0
1,qwen2.5:7b,GSM8K,100,1
1,mistral:latest,GSM8K,100,1
1,phi3:mini,SQuAD,101,1
1,qwen2.5:7b,SQuAD,101,1
1,mistral:latest,SQuAD,101,1
1,phi3:mini,HellaSwag,102,1
1,qwen2.5:7b,HellaSwag,102,1
1,mistral:latest,HellaSwag,102,1
1,phi3:mini,SQuAD,103,1
1,qwen2.5:7b,SQuAD,103,1
1,mistral:latest,SQuAD,103,1
1,phi3:mini,HellaSwag,104,0
1,qwen2.5:7b,HellaSwag,104,0
1,mistral:latest,HellaSwag,104,1
1,phi3:mini,MMLU,105,0
1,qwen2.5:7b,MMLU,105,1
1,mistral:latest,MMLU,105,1
1,phi3:mini,HellaSwag,106,0
1,qwen2.5:7b,HellaSwag,106,1
1,mistral:latest,HellaSwag,106,0
1,phi3:mini,GSM8K,107,0
1,qwen2.5:7b,GSM8K,107,1
1,mistral:latest,GSM8K,107,1
1,phi3:mini,HellaSwag,108,0
1,qwen2.5:7b,HellaSwag,108,1
1,mistral:latest,HellaSwag,108,1
1,phi3:mini,GSM8K,109,0
1,qwen2.5:7b,GSM8K,109,1
1,mistral:latest,GSM8K,109,1
1,phi3:mini,HellaSwag,110,0
1,qwen2.5:7b,HellaSwag,110,0
1,mistral:latest,HellaSwag,110,0
1,phi3:mini,MMLU,111,1
1,qwen2.5:7b,MMLU,111,1
1,mistral:latest,MMLU,111,1
1,phi3:mini,HellaSwag,112,1
1,qwen2.5:7b,HellaSwag,112,1
1,mistral:latest,HellaSwag,112,0
1,phi3:mini,MMLU,113,0
1,qwen2.5:7b,MMLU,113,1
1,mistral:latest,MMLU,113,1
1,phi3:mini,GSM8K,114,0
1,qwen2.5:7b,GSM8K,114,1
1,mistral:latest,GSM8K,114,1
1,phi3:mini,HellaSwag,115,0
1,qwen2.5:7b,HellaSwag,115,1
1,mistral:latest,HellaSwag,115,1
1,phi3:mini,HumanEval,116,0
1,qwen2.5:7b,HumanEval,116,1
1,mistral:latest,HumanEval,116,1
1,phi3:mini,HumanEval,117,0
1,qwen2.5:7b,HumanEval,117,1
1,mistral:latest,HumanEval,117,1
1,phi3:mini,GSM8K,118,1
1,qwen2.5:7b,GSM8K,118,1
1,mistral:latest,GSM8K,118,0
1,phi3:mini,MMLU,119,1
1,qwen2.5:7b,MMLU,119,1
1,mistral:latest,MMLU,119,1
1,phi3:mini,SQuAD,120,1
1,qwen2.5:7b,SQuAD,120,1
1,mistral:latest,SQuAD,120,1
1,phi3:mini,MMLU,121,0
1,qwen2.5:7b,MMLU,121,0
1,mistral:latest,MMLU,121,0
1,phi3:mini,SQuAD,122,0
1,qwen2.5:7b,SQuAD,122,1
1,mistral:latest,SQuAD,122,1
1,phi3:mini,HumanEval,123,0
1,qwen2.5:7b,HumanEval,123,1
1,mistral:latest,HumanEval,123,1
1,phi3:mini,SQuAD,124,1
1,qwen2.5:7b,SQuAD,124,1
1,mistral:latest,SQuAD,124,1
1,phi3:mini,SQuAD,125,1
1,qwen2.5:7b,SQuAD,125,1
1,mistral:latest,SQuAD,125,1
1,phi3:mini,HumanEval,126,0
1,qwen2.5:7b,HumanEval,126,1
1,mistral:latest,HumanEval,126,1
1,phi3:mini,SQuAD,127,0
1,qwen2.5:7b,SQuAD,127,1
1,mistral:latest,SQuAD,127,1
1,phi3:mini,GSM8K,128,1
1,qwen2.5:7b,GSM8K,128,1
1,mistral:latest,GSM8K,128,1
1,phi3:mini,GSM8K,129,0
1,qwen2.5:7b,GSM8K,129,1
1,mistral:latest,GSM8K,129,1
1,phi3:mini,HellaSwag,130,1
1,qwen2.5:7b,HellaSwag,130,1
1,mistral:latest,HellaSwag,130,1
1,phi3:mini,HellaSwag,131,0
1,qwen2.5:7b,HellaSwag,131,1
1,mistral:latest,HellaSwag,131,1
1,phi3:mini,MMLU,132,1
1,qwen2.5:7b,MMLU,132,1
1,mistral:latest,MMLU,132,1
1,phi3:mini,MMLU,133,0
1,qwen2.5:7b,MMLU,133,1
1,mistral:latest,MMLU,133,0
1,phi3:mini,HumanEval,134,0
1,qwen2.5:7b,HumanEval,134,1
1,mistral:latest,HumanEval,134,1
1,phi3:mini,SQuAD,135,1
1,qwen2.5:7b,SQuAD,135,1
1,mistral:latest,SQuAD,135,1
1,phi3:mini,MMLU,136,1
1,qwen2.5:7b,MMLU,136,1
1,mistral:latest,MMLU,136,1
1,phi3:mini,SQuAD,137,1
1,qwen2.5:7b,SQuAD,137,1
1,mistral:latest,SQuAD,137,1
1,phi3:mini,HellaSwag,138,0
1,qwen2.5:7b,HellaSwag,138,1
1,mistral:latest,HellaSwag,138,1
1,phi3:mini,HellaSwag,139,0
1,qwen2.5:7b,HellaSwag,139,1
1,mistral:latest,HellaSwag,139,1
1,phi3:mini,HumanEval,140,0
1,qwen2.5:7b,HumanEval,140,1
1,mistral:latest,HumanEval,140,1
1,phi3:mini,GSM8K,141,0
1,qwen2.5:7b,GSM8K,141,1
1,mistral:latest,GSM8K,141,1
1,phi3:mini,HumanEval,142,0
1,qwen2.5:7b,HumanEval,142,1
1,mistral:latest,HumanEval,142,1
1,phi3:mini,MMLU,143,1
1,qwen2.5:7b,MMLU,143,1
1,mistral:latest,MMLU,143,1
1,phi3:mini,GSM8K,144,0
1,qwen2.5:7b,GSM8K,144,1
1,mistral:latest,GSM8K,144,1
1,phi3:mini,GSM8K,145,0
1,qwen2.5:7b,GSM8K,145,1
1,mistral:latest,GSM8K,145,0
1,phi3:mini,GSM8K,146,0
1,qwen2.5:7b,GSM8K,146,1
1,mistral:latest,GSM8K,146,0
1,phi3:mini,HumanEval,147,0
1,qwen2.5:7b,HumanEval,147,1
1,mistral:latest,HumanEval,147,1
1,phi3:mini,SQuAD,148,1
1,qwen2.5:7b,SQuAD,148,1
1,mistral:latest,SQuAD,148,1
1,phi3:mini,SQuAD,149,1
1,qwen2.5:7b,SQuAD,149,1
1,mistral:latest,SQuAD,149,1
1,phi3:mini,HumanEval,150,0
1,qwen2.5:7b,HumanEval,150,1
1,mistral:latest,HumanEval,150,1
1,phi3:mini,SQuAD,151,1
1,qwen2.5:7b,SQuAD,151,1
1,mistral:latest,SQuAD,151,1
1,phi3:mini,GSM8K,152,0
1,qwen2.5:7b,GSM8K,152,1
1,mistral:latest,GSM8K,152,1
1,phi3:mini,HumanEval,153,0
1,qwen2.5:7b,HumanEval,153,1
1,mistral:latest,HumanEval,153,0
1,phi3:mini,SQuAD,154,1
1,qwen2.5:7b,SQuAD,154,1
1,mistral:latest,SQuAD,154,1
1,phi3:mini,HellaSwag,155,0
1,qwen2.5:7b,HellaSwag,155,0
1,mistral:latest,HellaSwag,155,0
1,phi3:mini,HumanEval,156,0
1,qwen2.5:7b,HumanEval,156,1
1,mistral:latest,HumanEval,156,0
1,phi3:mini,HellaSwag,157,0
1,qwen2.5:7b,HellaSwag,157,1
1,mistral:latest,HellaSwag,157,1
1,phi3:mini,MMLU,158,1
1,qwen2.5:7b,MMLU,158,1
1,mistral:latest,MMLU,158,1
1,phi3:mini,HumanEval,159,0
1,qwen2.5:7b,HumanEval,159,1
1,mistral:latest,HumanEval,159,1
1,phi3:mini,MMLU,160,0
1,qwen2.5:7b,MMLU,160,1
1,mistral:latest,MMLU,160,1
1,phi3:mini,GSM8K,161,1
1,qwen2.5:7b,GSM8K,161,1
1,mistral:latest,GSM8K,161,1
1,phi3:mini,SQuAD,162,1
1,qwen2.5:7b,SQuAD,162,1
1,mistral:latest,SQuAD,162,1
1,phi3:mini,SQuAD,163,1
1,qwen2.5:7b,SQuAD,163,1
1,mistral:latest,SQuAD,163,1
1,phi3:mini,SQuAD,164,1
1,qwen2.5:7b,SQuAD,164,1
1,mistral:latest,SQuAD,164,1
1,phi3:mini,HellaSwag,165,0
1,qwen2.5:7b,HellaSwag,165,1
1,mistral:latest,HellaSwag,165,1
1,phi3:mini,HellaSwag,166,1
1,qwen2.5:7b,HellaSwag,166,1
1,mistral:latest,HellaSwag,166,1
1,phi3:mini,GSM8K,167,0
1,qwen2.5:7b,GSM8K,167,1
1,mistral:latest,GSM8K,167,0
1,phi3:mini,SQuAD,168,1
1,qwen2.5:7b,SQuAD,168,0
1,mistral:latest,SQuAD,168,1
1,phi3:mini,HellaSwag,169,0
1,qwen2.5:7b,HellaSwag,169,1
1,mistral:latest,HellaSwag,169,1
1,phi3:mini,HellaSwag,170,0
1,qwen2.5:7b,HellaSwag,170,1
1,mistral:latest,HellaSwag,170,1
1,phi3:mini,GSM8K,171,0
1,qwen2.5:7b,GSM8K,171,1
1,mistral:latest,GSM8K,171,1
1,phi3:mini,SQuAD,172,1
1,qwen2.5:7b,SQuAD,172,1
1,mistral:latest,SQuAD,172,1
1,phi3:mini,HumanEval,173,0
1,qwen2.5:7b,HumanEval,173,1
1,mistral:latest,HumanEval,173,0
1,phi3:mini,MMLU,174,1
1,qwen2.5:7b,MMLU,174,1
1,mistral:latest,MMLU,174,0
1,phi3:mini,MMLU,175,1
1,qwen2.5:7b,MMLU,175,1
1,mistral:latest,MMLU,175,1
1,phi3:mini,MMLU,176,1
1,qwen2.5:7b,MMLU,176,1
1,mistral:latest,MMLU,176,1
1,phi3:mini,SQuAD,177,0
1,qwen2.5:7b,SQuAD,177,1
1,mistral:latest,SQuAD,177,1
1,phi3:mini,MMLU,178,0
1,qwen2.5:7b,MMLU,178,1
1,mistral:latest,MMLU,178,0
1,phi3:mini,HellaSwag,179,1
1,qwen2.5:7b,HellaSwag,179,1
1,mistral:latest,HellaSwag,179,1
1,phi3:mini,HumanEval,180,1
1,qwen2.5:7b,HumanEval,180,1
1,mistral:latest,HumanEval,180,1
1,phi3:mini,SQuAD,181,1
1,qwen2.5:7b,SQuAD,181,1
1,mistral:latest,SQuAD,181,1
1,phi3:mini,GSM8K,182,0
1,qwen2.5:7b,GSM8K,182,1
1,mistral:latest,GSM8K,182,0
1,phi3:mini,SQuAD,183,1
1,qwen2.5:7b,SQuAD,183,1
1,mistral:latest,SQuAD,183,1
1,phi3:mini,HumanEval,184,0
1,qwen2.5:7b,HumanEval,184,1
1,mistral:latest,HumanEval,184,0
1,phi3:mini,HumanEval,185,0
1,qwen2.5:7b,HumanEval,185,1
1,mistral:latest,HumanEval,185,1
1,phi3:mini,MMLU,186,1
1,qwen2.5:7b,MMLU,186,1
1,mistral:latest,MMLU,186,1
1,phi3:mini,MMLU,187,1
1,qwen2.5:7b,MMLU,187,1
1,mistral:latest,MMLU,187,1
1,phi3:mini,HumanEval,188,0
1,qwen2.5:7b,HumanEval,188,1
1,mistral:latest,HumanEval,188,1
1,phi3:mini,MMLU,189,0
1,qwen2.5:7b,MMLU,189,0
1,mistral:latest,MMLU,189,1
1,phi3:mini,GSM8K,190,0
1,qwen2.5:7b,GSM8K,190,1
1,mistral:latest,GSM8K,190,0
1,phi3:mini,HellaSwag,191,1
1,qwen2.5:7b,HellaSwag,191,1
1,mistral:latest,HellaSwag,191,1
1,phi3:mini,SQuAD,192,1
1,qwen2.5:7b,SQuAD,192,1
1,mistral:latest,SQuAD,192,1
1,phi3:mini,HellaSwag,193,0
1,qwen2.5:7b,HellaSwag,193,0
1,mistral:latest,HellaSwag,193,0
1,phi3:mini,HumanEval,194,0
1,qwen2.5:7b,HumanEval,194,1
1,mistral:latest,HumanEval,194,1
1,phi3:mini,GSM8K,195,0
1,qwen2.5:7b,GSM8K,195,1
1,mistral:latest,GSM8K,195,0
1,phi3:mini,SQuAD,196,1
1,qwen2.5:7b,SQuAD,196,1
1,mistral:latest,SQuAD,196,1
1,phi3:mini,MMLU,197,0
1,qwen2.5:7b,MMLU,197,0
1,mistral:latest,MMLU,197,0
1,phi3:mini,MMLU,198,1
1,qwen2.5:7b,MMLU,198,1
1,mistral:latest,MMLU,198,1
1,phi3:mini,GSM8K,199,0
1,qwen2.5:7b,GSM8K,199,1
1,mistral:latest,GSM8K,199,0
1,phi3:mini,HumanEval,200,0
1,qwen2.5:7b,HumanEval,200,1
1,mistral:latest,HumanEval,200,1
1,phi3:mini,SQuAD,201,1
1,qwen2.5:7b,SQuAD,201,1
1,mistral:latest,SQuAD,201,1
1,phi3:mini,SQuAD,202,0
1,qwen2.5:7b,SQuAD,202,1
1,mistral:latest,SQuAD,202,1
1,phi3:mini,HellaSwag,203,0
1,qwen2.5:7b,HellaSwag,203,1
1,mistral:latest,HellaSwag,203,1
1,phi3:mini,HumanEval,204,0
1,qwen2.5:7b,HumanEval,204,1
1,mistral:latest,HumanEval,204,1
1,phi3:mini,SQuAD,205,1
1,qwen2.5:7b,SQuAD,205,1
1,mistral:latest,SQuAD,205,1
1,phi3:mini,HumanEval,206,0
1,qwen2.5:7b,HumanEval,206,1
1,mistral:latest,HumanEval,206,1
1,phi3:mini,GSM8K,207,0
1,qwen2.5:7b,GSM8K,207,1
1,mistral:latest,GSM8K,207,0
1,phi3:mini,MMLU,208,0
1,qwen2.5:7b,MMLU,208,1
1,mistral:latest,MMLU,208,1
1,phi3:mini,SQuAD,209,1
1,qwen2.5:7b,SQuAD,209,1
1,mistral:latest,SQuAD,209,1
1,phi3:mini,GSM8K,210,0
1,qwen2.5:7b,GSM8K,210,1
1,mistral:latest,GSM8K,210,1
1,phi3:mini,HellaSwag,211,0
1,qwen2.5:7b,HellaSwag,211,1
1,mistral:latest,HellaSwag,211,1
1,phi3:mini,HellaSwag,212,0
1,qwen2.5:7b,HellaSwag,212,1
1,mistral:latest,HellaSwag,212,1
1,phi3:mini,HumanEval,213,0
1,qwen2.5:7b,HumanEval,213,1
1,mistral:latest,HumanEval,213,1
1,phi3:mini,SQuAD,214,1
1,qwen2.5:7b,SQuAD,214,1
1,mistral:latest,SQuAD,214,1
1,phi3:mini,HumanEval,215,0
1,qwen2.5:7b,HumanEval,215,1
1,mistral:latest,HumanEval,215,0
1,phi3:mini,HellaSwag,216,0
1,qwen2.5:7b,HellaSwag,216,1
1,mistral:latest,HellaSwag,216,1
1,phi3:mini,SQuAD,217,0
1,qwen2.5:7b,SQuAD,217,1
1,mistral:latest,SQuAD,217,1
1,phi3:mini,HumanEval,218,0
1,qwen2.5:7b,HumanEval,218,1
1,mistral:latest,HumanEval,218,1
1,phi3:mini,HumanEval,219,0
1,qwen2.5:7b,HumanEval,219,1
1,mistral:latest,HumanEval,219,1
1,phi3:mini,MMLU,220,1
1,qwen2.5:7b,MMLU,220,1
1,mistral:latest,MMLU,220,1
1,phi3:mini,SQuAD,221,1
1,qwen2.5:7b,SQuAD,221,1
1,mistral:latest,SQuAD,221,1
1,phi3:mini,HumanEval,222,0
1,qwen2.5:7b,HumanEval,222,1
1,mistral:latest,HumanEval,222,0
1,phi3:mini,MMLU,223,1
1,qwen2.5:7b,MMLU,223,1
1,mistral:latest,MMLU,223,1
1,phi3:mini,HellaSwag,224,0
1,qwen2.5:7b,HellaSwag,224,1
1,mistral:latest,HellaSwag,224,1
1,phi3:mini,GSM8K,225,0
1,qwen2.5:7b,GSM8K,225,1
1,mistral:latest,GSM8K,225,1
1,phi3:mini,HumanEval,226,1
1,qwen2.5:7b,HumanEval,226,1
1,mistral:latest,HumanEval,226,0
1,phi3:mini,MMLU,227,1
1,qwen2.5:7b,MMLU,227,1
1,mistral:latest,MMLU,227,1
1,phi3:mini,HellaSwag,228,0
1,qwen2.5:7b,HellaSwag,228,0
1,mistral:latest,HellaSwag,228,0
1,phi3:mini,GSM8K,229,0
1,qwen2.5:7b,GSM8K,229,1
1,mistral:latest,GSM8K,229,0
1,phi3:mini,HumanEval,230,1
1,qwen2.5:7b,HumanEval,230,1
1,mistral:latest,HumanEval,230,1
1,phi3:mini,HumanEval,231,1
1,qwen2.5:7b,HumanEval,231,0
1,mistral:latest,HumanEval,231,0
1,phi3:mini,HumanEval,232,1
1,qwen2.5:7b,HumanEval,232,1
1,mistral:latest,HumanEval,232,1
1,phi3:mini,SQuAD,233,1
1,qwen2.5:7b,SQuAD,233,1
1,mistral:latest,SQuAD,233,1
1,phi3:mini,HumanEval,234,0
1,qwen2.5:7b,HumanEval,234,1
1,mistral:latest,HumanEval,234,0
1,phi3:mini,GSM8K,235,0
1,qwen2.5:7b,GSM8K,235,1
1,mistral:latest,GSM8K,235,0
1,phi3:mini,HellaSwag,236,1
1,qwen2.5:7b,HellaSwag,236,1
1,mistral:latest,HellaSwag,236,1
1,phi3:mini,MMLU,237,0
1,qwen2.5:7b,MMLU,237,1
1,mistral:latest,MMLU,237,1
1,phi3:mini,HumanEval,238,1
1,qwen2.5:7b,HumanEval,238,1
1,mistral:latest,HumanEval,238,1
1,phi3:mini,GSM8K,239,0
1,qwen2.5:7b,GSM8K,239,1
1,mistral:latest,GSM8K,239,0
1,phi3:mini,SQuAD,240,1
1,qwen2.5:7b,SQuAD,240,1
1,mistral:latest,SQuAD,240,1
1,phi3:mini,HumanEval,241,0
1,qwen2.5:7b,HumanEval,241,1
1,mistral:latest,HumanEval,241,1
1,phi3:mini,MMLU,242,1
1,qwen2.5:7b,MMLU,242,1
1,mistral:latest,MMLU,242,1
1,phi3:mini,GSM8K,243,1
1,qwen2.5:7b,GSM8K,243,1
1,mistral:latest,GSM8K,243,1
1,phi3:mini,SQuAD,244,1
1,qwen2.5:7b,SQuAD,244,1
1,mistral:latest,SQuAD,244,1
1,phi3:mini,SQuAD,245,0
1,qwen2.5:7b,SQuAD,245,1
1,mistral:latest,SQuAD,245,1
1,phi3:mini,SQuAD,246,1
1,qwen2.5:7b,SQuAD,246,1
1,mistral:latest,SQuAD,246,1
1,phi3:mini,MMLU,247,0
1,qwen2.5:7b,MMLU,247,1
1,mistral:latest,MMLU,247,0
1,phi3:mini,HumanEval,248,1
1,qwen2.5:7b,HumanEval,248,1
1,mistral:latest,HumanEval,248,1
1,phi3:mini,GSM8K,249,0
1,qwen2.5:7b,GSM8K,249,1
1,mistral:latest,GSM8K,249,0
1,phi3:mini,GSM8K,250,0
1,qwen2.5:7b,GSM8K,250,1
1,mistral:latest,GSM8K,250,1
1,phi3:mini,SQuAD,251,1
1,qwen2.5:7b,SQuAD,251,1
1,mistral:latest,SQuAD,251,1
1,phi3:mini,HumanEval,252,0
1,qwen2.5:7b,HumanEval,252,1
1,mistral:latest,HumanEval,252,1
1,phi3:mini,HumanEval,253,1
1,qwen2.5:7b,HumanEval,253,1
1,mistral:latest,HumanEval,253,1
1,phi3:mini,HumanEval,254,0
1,qwen2.5:7b,HumanEval,254,1
1,mistral:latest,HumanEval,254,1
1,phi3:mini,HumanEval,255,0
1,qwen2.5:7b,HumanEval,255,1
1,mistral:latest,HumanEval,255,1
1,phi3:mini,GSM8K,256,0
1,qwen2.5:7b,GSM8K,256,1
1,mistral:latest,GSM8K,256,1
1,phi3:mini,SQuAD,257,1
1,qwen2.5:7b,SQuAD,257,1
1,mistral:latest,SQuAD,257,1
1,phi3:mini,HumanEval,258,0
1,qwen2.5:7b,HumanEval,258,1
1,mistral:latest,HumanEval,258,1
1,phi3:mini,GSM8K,259,0
1,qwen2.5:7b,GSM8K,259,1
1,mistral:latest,GSM8K,259,1
1,phi3:mini,SQuAD,260,0
1,qwen2.5:7b,SQuAD,260,1
1,mistral:latest,SQuAD,260,1
1,phi3:mini,GSM8K,261,0
1,qwen2.5:7b,GSM8K,261,1
1,mistral:latest,GSM8K,261,1
1,phi3:mini,HellaSwag,262,0
1,qwen2.5:7b,HellaSwag,262,1
1,mistral:latest,HellaSwag,262,0
1,phi3:mini,MMLU,263,1
1,qwen2.5:7b,MMLU,263,1
1,mistral:latest,MMLU,263,0
1,phi3:mini,SQuAD,264,1
1,qwen2.5:7b,SQuAD,264,1
1,mistral:latest,SQuAD,264,0
1,phi3:mini,MMLU,265,0
1,qwen2.5:7b,MMLU,265,1
1,mistral:latest,MMLU,265,1
1,phi3:mini,HumanEval,266,1
1,qwen2.5:7b,HumanEval,266,1
1,mistral:latest,HumanEval,266,1
1,phi3:mini,HumanEval,267,0
1,qwen2.5:7b,HumanEval,267,1
1,mistral:latest,HumanEval,267,1
1,phi3:mini,HellaSwag,268,0
1,qwen2.5:7b,HellaSwag,268,0
1,mistral:latest,HellaSwag,268,1
1,phi3:mini,HellaSwag,269,0
1,qwen2.5:7b,HellaSwag,269,1
1,mistral:latest,HellaSwag,269,0
1,phi3:mini,MMLU,270,1
1,qwen2.5:7b,MMLU,270,1
1,mistral:latest,MMLU,270,1
1,phi3:mini,GSM8K,271,0
1,qwen2.5:7b,GSM8K,271,1
1,mistral:latest,GSM8K,271,1
1,phi3:mini,HellaSwag,272,0
1,qwen2.5:7b,HellaSwag,272,1
1,mistral:latest,HellaSwag,272,0
1,phi3:mini,GSM8K,273,0
1,qwen2.5:7b,GSM8K,273,1
1,mistral:latest,GSM8K,273,1
1,phi3:mini,HellaSwag,274,0
1,qwen2.5:7b,HellaSwag,274,1
1,mistral:latest,HellaSwag,274,1
1,phi3:mini,MMLU,275,1
1,qwen2.5:7b,MMLU,275,1
1,mistral:latest,MMLU,275,1
1,phi3:mini,SQuAD,276,1
1,qwen2.5:7b,SQuAD,276,1
1,mistral:latest,SQuAD,276,1
1,phi3:mini,SQuAD,277,0
1,qwen2.5:7b,SQuAD,277,1
1,mistral:latest,SQuAD,277,1
1,phi3:mini,SQuAD,278,1
1,qwen2.5:7b,SQuAD,278,1
1,mistral:latest,SQuAD,278,1
1,phi3:mini,HellaSwag,279,0
1,qwen2.5:7b,HellaSwag,279,1
1,mistral:latest,HellaSwag,279,1
1,phi3:mini,HellaSwag,280,0
1,qwen2.5:7b,HellaSwag,280,0
1,mistral:latest,HellaSwag,280,0
1,phi3:mini,GSM8K,281,0
1,qwen2.5:7b,GSM8K,281,1
1,mistral:latest,GSM8K,281,1
1,phi3:mini,GSM8K,282,0
1,qwen2.5:7b,GSM8K,282,1
1,mistral:latest,GSM8K,282,1
1,phi3:mini,HellaSwag,283,0
1,qwen2.5:7b,HellaSwag,283,0
1,mistral:latest,HellaSwag,283,1
1,phi3:mini,HellaSwag,284,0
1,qwen2.5:7b,HellaSwag,284,1
1,mistral:latest,HellaSwag,284,1
1,phi3:mini,HellaSwag,285,0
1,qwen2.5:7b,HellaSwag,285,1
1,mistral:latest,HellaSwag,285,1
1,phi3:mini,HellaSwag,286,0
1,qwen2.5:7b,HellaSwag,286,1
1,mistral:latest,HellaSwag,286,0
1,phi3:mini,HellaSwag,287,0
1,qwen2.5:7b,HellaSwag,287,0
1,mistral:latest,HellaSwag,287,0
1,phi3:mini,MMLU,288,1
1,qwen2.5:7b,MMLU,288,1
1,mistral:latest,MMLU,288,1
1,phi3:mini,SQuAD,289,1
1,qwen2.5:7b,SQuAD,289,1
1,mistral:latest,SQuAD,289,1
1,phi3:mini,SQuAD,290,0
1,qwen2.5:7b,SQuAD,290,1
1,mistral:latest,SQuAD,290,0
1,phi3:mini,MMLU,291,1
1,qwen2.5:7b,MMLU,291,1
1,mistral:latest,MMLU,291,1
1,phi3:mini,MMLU,292,1
1,qwen2.5:7b,MMLU,292,1
1,mistral:latest,MMLU,292,1
1,phi3:mini,SQuAD,293,0
1,qwen2.5:7b,SQuAD,293,1
1,mistral:latest,SQuAD,293,1
1,phi3:mini,HumanEval,294,1
1,qwen2.5:7b,HumanEval,294,1
1,mistral:latest,HumanEval,294,1
1,phi3:mini,SQuAD,295,1
1,qwen2.5:7b,SQuAD,295,1
1,mistral:latest,SQuAD,295,1
1,phi3:mini,MMLU,296,1
1,qwen2.5:7b,MMLU,296,1
1,mistral:latest,MMLU,296,1
1,phi3:mini,HumanEval,297,0
1,qwen2.5:7b,HumanEval,297,1
1,mistral:latest,HumanEval,297,1
1,phi3:mini,HellaSwag,298,0
1,qwen2.5:7b,HellaSwag,298,1
1,mistral:latest,HellaSwag,298,1
1,phi3:mini,GSM8K,299,1
1,qwen2.5:7b,GSM8K,299,0
1,mistral:latest,GSM8K,299,1
1,phi3:mini,MMLU,300,0
1,qwen2.5:7b,MMLU,300,1
1,mistral:latest,MMLU,300,1
1,phi3:mini,GSM8K,301,1
1,qwen2.5:7b,GSM8K,301,1
1,mistral:latest,GSM8K,301,1
1,phi3:mini,GSM8K,302,0
1,qwen2.5:7b,GSM8K,302,0
1,mistral:latest,GSM8K,302,0
1,phi3:mini,HellaSwag,303,0
1,qwen2.5:7b,HellaSwag,303,0
1,mistral:latest,HellaSwag,303,1
1,phi3:mini,HellaSwag,304,0
1,qwen2.5:7b,HellaSwag,304,1
1,mistral:latest,HellaSwag,304,0
1,phi3:mini,MMLU,305,0
1,qwen2.5:7b,MMLU,305,0
1,mistral:latest,MMLU,305,0
1,phi3:mini,SQuAD,306,0
1,qwen2.5:7b,SQuAD,306,0
1,mistral:latest,SQuAD,306,1
1,phi3:mini,GSM8K,307,0
1,qwen2.5:7b,GSM8K,307,1
1,mistral:latest,GSM8K,307,1
1,phi3:mini,HellaSwag,308,0
1,qwen2.5:7b,HellaSwag,308,1
1,mistral:latest,HellaSwag,308,1
1,phi3:mini,MMLU,309,0
1,qwen2.5:7b,MMLU,309,0
1,mistral:latest,MMLU,309,0
1,phi3:mini,SQuAD,310,1
1,qwen2.5:7b,SQuAD,310,1
1,mistral:latest,SQuAD,310,1
1,phi3:mini,SQuAD,311,0
1,qwen2.5:7b,SQuAD,311,0
1,mistral:latest,SQuAD,311,0
1,phi3:mini,MMLU,312,1
1,qwen2.5:7b,MMLU,312,1
1,mistral:latest,MMLU,312,1
1,phi3:mini,GSM8K,313,0
1,qwen2.5:7b,GSM8K,313,1
1,mistral:latest,GSM8K,313,0
1,phi3:mini,HellaSwag,314,0
1,qwen2.5:7b,HellaSwag,314,1
1,mistral:latest,HellaSwag,314,1
1,phi3:mini,HumanEval,315,0
1,qwen2.5:7b,HumanEval,315,1
1,mistral:latest,HumanEval,315,1
1,phi3:mini,HellaSwag,316,1
1,qwen2.5:7b,HellaSwag,316,1
1,mistral:latest,HellaSwag,316,1
1,phi3:mini,HellaSwag,317,0
1,qwen2.5:7b,HellaSwag,317,1
1,mistral:latest,HellaSwag,317,1
1,phi3:mini,GSM8K,318,0
1,qwen2.5:7b,GSM8K,318,1
1,mistral:latest,GSM8K,318,0
1,phi3:mini,MMLU,319,1
1,qwen2.5:7b,MMLU,319,1
1,mistral:latest,MMLU,319,1
1,phi3:mini,SQuAD,320,0
1,qwen2.5:7b,SQuAD,320,1
1,mistral:latest,SQuAD,320,1
1,phi3:mini,MMLU,321,1
1,qwen2.5:7b,MMLU,321,1
1,mistral:latest,MMLU,321,1
1,phi3:mini,SQuAD,322,1
1,qwen2.5:7b,SQuAD,322,1
1,mistral:latest,SQuAD,322,1
1,phi3:mini,HumanEval,323,0
1,qwen2.5:7b,HumanEval,323,1
1,mistral:latest,HumanEval,323,1
1,phi3:mini,MMLU,324,1
1,qwen2.5:7b,MMLU,324,0
1,mistral:latest,MMLU,324,0
1,phi3:mini,HumanEval,325,1
1,qwen2.5:7b,HumanEval,325,1
1,mistral:latest,HumanEval,325,1
1,phi3:mini,MMLU,326,0
1,qwen2.5:7b,MMLU,326,1
1,mistral:latest,MMLU,326,1
1,phi3:mini,SQuAD,327,1
1,qwen2.5:7b,SQuAD,327,1
1,mistral:latest,SQuAD,327,1
1,phi3:mini,HumanEval,328,0
1,qwen2.5:7b,HumanEval,328,1
1,mistral:latest,HumanEval,328,1
1,phi3:mini,HumanEval,329,1
1,qwen2.5:7b,HumanEval,329,1
1,mistral:latest,HumanEval,329,0
1,phi3:mini,HumanEval,330,0
1,qwen2.5:7b,HumanEval,330,0
1,mistral:latest,HumanEval,330,0
1,phi3:mini,HellaSwag,331,1
1,qwen2.5:7b,HellaSwag,331,1
1,mistral:latest,HellaSwag,331,1
1,phi3:mini,HumanEval,332,0
1,qwen2.5:7b,HumanEval,332,0
1,mistral:latest,HumanEval,332,1
1,phi3:mini,HumanEval,333,1
1,qwen2.5:7b,HumanEval,333,1
1,mistral:latest,HumanEval,333,1
1,phi3:mini,MMLU,334,1
1,qwen2.5:7b,MMLU,334,0
1,mistral:latest,MMLU,334,1
1,phi3:mini,MMLU,335,1
1,qwen2.5:7b,MMLU,335,1
1,mistral:latest,MMLU,335,0
1,phi3:mini,SQuAD,336,1
1,qwen2.5:7b,SQuAD,336,1
1,mistral:latest,SQuAD,336,1
1,phi3:mini,GSM8K,337,0
1,qwen2.5:7b,GSM8K,337,0
1,mistral:latest,GSM8K,337,1
1,phi3:mini,SQuAD,338,1
1,qwen2.5:7b,SQuAD,338,1
1,mistral:latest,SQuAD,338,1
1,phi3:mini,SQuAD,339,1
1,qwen2.5:7b,SQuAD,339,1
1,mistral:latest,SQuAD,339,1
1,phi3:mini,HumanEval,340,1
1,qwen2.5:7b,HumanEval,340,1
1,mistral:latest,HumanEval,340,1
1,phi3:mini,GSM8K,341,0
1,qwen2.5:7b,GSM8K,341,1
1,mistral:latest,GSM8K,341,1
1,phi3:mini,GSM8K,342,0
1,qwen2.5:7b,GSM8K,342,1
1,mistral:latest,GSM8K,342,0
1,phi3:mini,MMLU,343,1
1,qwen2.5:7b,MMLU,343,1
1,mistral:latest,MMLU,343,1
1,phi3:mini,HellaSwag,344,0
1,qwen2.5:7b,HellaSwag,344,1
1,mistral:latest,HellaSwag,344,1
1,phi3:mini,HumanEval,345,0
1,qwen2.5:7b,HumanEval,345,1
1,mistral:latest,HumanEval,345,1
1,phi3:mini,HumanEval,346,0
1,qwen2.5:7b,HumanEval,346,1
1,mistral:latest,HumanEval,346,1
1,phi3:mini,HumanEval,347,0
1,qwen2.5:7b,HumanEval,347,1
1,mistral:latest,HumanEval,347,1
1,phi3:mini,MMLU,348,1
1,qwen2.5:7b,MMLU,348,1
1,mistral:latest,MMLU,348,1
1,phi3:mini,MMLU,349,0
1,qwen2.5:7b,MMLU,349,1
1,mistral:latest,MMLU,349,1
1,phi3:mini,MMLU,350,1
1,qwen2.5:7b,MMLU,350,1
1,mistral:latest,MMLU,350,1
1,phi3:mini,MMLU,351,1
1,qwen2.5:7b,MMLU,351,1
1,mistral:latest,MMLU,351,1
1,phi3:mini,SQuAD,352,1
1,qwen2.5:7b,SQuAD,352,1
1,mistral:latest,SQuAD,352,0
1,phi3:mini,SQuAD,353,1
1,qwen2.5:7b,SQuAD,353,1
1,mistral:latest,SQuAD,353,1
1,phi3:mini,MMLU,354,1
1,qwen2.5:7b,MMLU,354,1
1,mistral:latest,MMLU,354,1
1,phi3:mini,HellaSwag,355,0
1,qwen2.5:7b,HellaSwag,355,1
1,mistral:latest,HellaSwag,355,1
1,phi3:mini,HumanEval,356,1
1,qwen2.5:7b,HumanEval,356,1
1,mistral:latest,HumanEval,356,1
1,phi3:mini,SQuAD,357,1
1,qwen2.5:7b,SQuAD,357,1
1,mistral:latest,SQuAD,357,1
1,phi3:mini,SQuAD,358,1
1,qwen2.5:7b,SQuAD,358,1
1,mistral:latest,SQuAD,358,1
1,phi3:mini,SQuAD,359,1
1,qwen2.5:7b,SQuAD,359,1
1,mistral:latest,SQuAD,359,1
1,phi3:mini,SQuAD,360,1
1,qwen2.5:7b,SQuAD,360,1
1,mistral:latest,SQuAD,360,1
1,phi3:mini,GSM8K,361,0
1,qwen2.5:7b,GSM8K,361,1
1,mistral:latest,GSM8K,361,1
1,phi3:mini,SQuAD,362,1
1,qwen2.5:7b,SQuAD,362,1
1,mistral:latest,SQuAD,362,1
1,phi3:mini,HumanEval,363,1
1,qwen2.5:7b,HumanEval,363,1
1,mistral:latest,HumanEval,363,1
1,phi3:mini,GSM8K,364,0
1,qwen2.5:7b,GSM8K,364,1
1,mistral:latest,GSM8K,364,0
1,phi3:mini,HumanEval,365,1
1,qwen2.5:7b,HumanEval,365,1
1,mistral:latest,HumanEval,365,1
1,phi3:mini,HumanEval,366,1
1,qwen2.5:7b,HumanEval,366,1
1,mistral:latest,HumanEval,366,0
1,phi3:mini,MMLU,367,1
1,qwen2.5:7b,MMLU,367,1
1,mistral:latest,MMLU,367,1
1,phi3:mini,SQuAD,368,1
1,qwen2.5:7b,SQuAD,368,1
1,mistral:latest,SQuAD,368,1
1,phi3:mini,HellaSwag,369,1
1,qwen2.5:7b,HellaSwag,369,0
1,mistral:latest,HellaSwag,369,1
1,phi3:mini,SQuAD,370,1
1,qwen2.5:7b,SQuAD,370,1
1,mistral:latest,SQuAD,370,1
1,phi3:mini,SQuAD,371,0
1,qwen2.5:7b,SQuAD,371,1
1,mistral:latest,SQuAD,371,1
1,phi3:mini,HellaSwag,372,0
1,qwen2.5:7b,HellaSwag,372,0
1,mistral:latest,HellaSwag,372,0
1,phi3:mini,HellaSwag,373,0
1,qwen2.5:7b,HellaSwag,373,0
1,mistral:latest,HellaSwag,373,1
1,phi3:mini,HellaSwag,374,0
1,qwen2.5:7b,HellaSwag,374,1
1,mistral:latest,HellaSwag,374,1
1,phi3:mini,HellaSwag,375,1
1,qwen2.5:7b,HellaSwag,375,0
1,mistral:latest,HellaSwag,375,1
1,phi3:mini,SQuAD,376,1
1,qwen2.5:7b,SQuAD,376,1
1,mistral:latest,SQuAD,376,1
1,phi3:mini,GSM8K,377,1
1,qwen2.5:7b,GSM8K,377,1
1,mistral:latest,GSM8K,377,1
1,phi3:mini,MMLU,378,1
1,qwen2.5:7b,MMLU,378,1
1,mistral:latest,MMLU,378,1
1,phi3:mini,GSM8K,379,1
1,qwen2.5:7b,GSM8K,379,0
1,mistral:latest,GSM8K,379,0
1,phi3:mini,SQuAD,380,1
1,qwen2.5:7b,SQuAD,380,1
1,mistral:latest,SQuAD,380,1
1,phi3:mini,GSM8K,381,0
1,qwen2.5:7b,GSM8K,381,1
1,mistral:latest,GSM8K,381,1
1,phi3:mini,HumanEval,382,0
1,qwen2.5:7b,HumanEval,382,1
1,mistral:latest,HumanEval,382,1
1,phi3:mini,GSM8K,383,0
1,qwen2.5:7b,GSM8K,383,1
1,mistral:latest,GSM8K,383,1
1,phi3:mini,MMLU,384,1
1,qwen2.5:7b,MMLU,384,1
1,mistral:latest,MMLU,384,1
1,phi3:mini,GSM8K,385,0
1,qwen2.5:7b,GSM8K,385,1
1,mistral:latest,GSM8K,385,1
1,phi3:mini,HellaSwag,386,0
1,qwen2.5:7b,HellaSwag,386,0
1,mistral:latest,HellaSwag,386,0
1,phi3:mini,HumanEval,387,0
1,qwen2.5:7b,HumanEval,387,1
1,mistral:latest,HumanEval,387,1
1,phi3:mini,SQuAD,388,1
1,qwen2.5:7b,SQuAD,388,1
1,mistral:latest,SQuAD,388,1
1,phi3:mini,HellaSwag,389,1
1,qwen2.5:7b,HellaSwag,389,1
1,mistral:latest,HellaSwag,389,1
1,phi3:mini,HumanEval,390,1
1,qwen2.5:7b,HumanEval,390,1
1,mistral:latest,HumanEval,390,1
1,phi3:mini,GSM8K,391,0
1,qwen2.5:7b,GSM8K,391,1
1,mistral:latest,GSM8K,391,1
1,phi3:mini,HumanEval,392,0
1,qwen2.5:7b,HumanEval,392,1
1,mistral:latest,HumanEval,392,1
1,phi3:mini,SQuAD,393,1
1,qwen2.5:7b,SQuAD,393,1
1,mistral:latest,SQuAD,393,1
1,phi3:mini,HumanEval,394,1
1,qwen2.5:7b,HumanEval,394,1
1,mistral:latest,HumanEval,394,1
1,phi3:mini,HumanEval,395,1
1,qwen2.5:7b,HumanEval,395,1
1,mistral:latest,HumanEval,395,1
1,phi3:mini,HumanEval,396,0
1,qwen2.5:7b,HumanEval,396,1
1,mistral:latest,HumanEval,396,1
1,phi3:mini,SQuAD,397,1
1,qwen2.5:7b,SQuAD,397,1
1,mistral:latest,SQuAD,397,0
1,phi3:mini,MMLU,398,0
1,qwen2.5:7b,MMLU,398,1
1,mistral:latest,MMLU,398,0
1,phi3:mini,HumanEval,399,0
1,qwen2.5:7b,HumanEval,399,0
1,mistral:latest,HumanEval,399,0
1,phi3:mini,HellaSwag,400,1
1,qwen2.5:7b,HellaSwag,400,1
1,mistral:latest,HellaSwag,400,1
1,phi3:mini,MMLU,401,1
1,qwen2.5:7b,MMLU,401,1
1,mistral:latest,MMLU,401,1
1,phi3:mini,HellaSwag,402,0
1,qwen2.5:7b,HellaSwag,402,1
1,mistral:latest,HellaSwag,402,1
1,phi3:mini,HellaSwag,403,0
1,qwen2.5:7b,HellaSwag,403,1
1,mistral:latest,HellaSwag,403,0
1,phi3:mini,HumanEval,404,1
1,qwen2.5:7b,HumanEval,404,1
1,mistral:latest,HumanEval,404,1
1,phi3:mini,GSM8K,405,0
1,qwen2.5:7b,GSM8K,405,1
1,mistral:latest,GSM8K,405,0
1,phi3:mini,HellaSwag,406,0
1,qwen2.5:7b,HellaSwag,406,1
1,mistral:latest,HellaSwag,406,0
1,phi3:mini,GSM8K,407,0
1,qwen2.5:7b,GSM8K,407,1
1,mistral:latest,GSM8K,407,0
1,phi3:mini,GSM8K,408,0
1,qwen2.5:7b,GSM8K,408,1
1,mistral:latest,GSM8K,408,1
1,phi3:mini,GSM8K,409,0
1,qwen2.5:7b,GSM8K,409,1
1,mistral:latest,GSM8K,409,1
1,phi3:mini,MMLU,410,1
1,qwen2.5:7b,MMLU,410,1
1,mistral:latest,MMLU,410,1
1,phi3:mini,GSM8K,411,0
1,qwen2.5:7b,GSM8K,411,1
1,mistral:latest,GSM8K,411,0
1,phi3:mini,HellaSwag,412,0
1,qwen2.5:7b,HellaSwag,412,1
1,mistral:latest,HellaSwag,412,1
1,phi3:mini,SQuAD,413,1
1,qwen2.5:7b,SQuAD,413,1
1,mistral:latest,SQuAD,413,1
1,phi3:mini,HumanEval,414,1
1,qwen2.5:7b,HumanEval,414,1
1,mistral:latest,HumanEval,414,0
1,phi3:mini,HumanEval,415,0
1,qwen2.5:7b,HumanEval,415,1
1,mistral:latest,HumanEval,415,1
1,phi3:mini,MMLU,416,1
1,qwen2.5:7b,MMLU,416,1
1,mistral:latest,MMLU,416,0
1,phi3:mini,HumanEval,417,0
1,qwen2.5:7b,HumanEval,417,1
1,mistral:latest,HumanEval,417,1
1,phi3:mini,HumanEval,418,0
1,qwen2.5:7b,HumanEval,418,0
1,mistral:latest,HumanEval,418,1
1,phi3:mini,GSM8K,419,0
1,qwen2.5:7b,GSM8K,419,1
1,mistral:latest,GSM8K,419,1
1,phi3:mini,HellaSwag,420,0
1,qwen2.5:7b,HellaSwag,420,1
1,mistral:latest,HellaSwag,420,1
1,phi3:mini,GSM8K,421,0
1,qwen2.5:7b,GSM8K,421,1
1,mistral:latest,GSM8K,421,0
1,phi3:mini,HellaSwag,422,0
1,qwen2.5:7b,HellaSwag,422,1
1,mistral:latest,HellaSwag,422,1
1,phi3:mini,MMLU,423,0
1,qwen2.5:7b,MMLU,423,0
1,mistral:latest,MMLU,423,1
1,phi3:mini,MMLU,424,1
1,qwen2.5:7b,MMLU,424,1
1,mistral:latest,MMLU,424,1
1,phi3:mini,HellaSwag,425,0
1,qwen2.5:7b,HellaSwag,425,1
1,mistral:latest,HellaSwag,425,1
1,phi3:mini,MMLU,426,1
1,qwen2.5:7b,MMLU,426,1
1,mistral:latest,MMLU,426,1
1,phi3:mini,SQuAD,427,1
1,qwen2.5:7b,SQuAD,427,1
1,mistral:latest,SQuAD,427,1
1,phi3:mini,GSM8K,428,0
1,qwen2.5:7b,GSM8K,428,1
1,mistral:latest,GSM8K,428,1
1,phi3:mini,HellaSwag,429,0
1,qwen2.5:7b,HellaSwag,429,1
1,mistral:latest,HellaSwag,429,1
1,phi3:mini,HellaSwag,430,0
1,qwen2.5:7b,HellaSwag,430,1
1,mistral:latest,HellaSwag,430,0
1,phi3:mini,HumanEval,431,0
1,qwen2.5:7b,HumanEval,431,1
1,mistral:latest,HumanEval,431,1
1,phi3:mini,GSM8K,432,0
1,qwen2.5:7b,GSM8K,432,1
1,mistral:latest,GSM8K,432,0
1,phi3:mini,SQuAD,433,1
1,qwen2.5:7b,SQuAD,433,1
1,mistral:latest,SQuAD,433,1
1,phi3:mini,MMLU,434,1
1,qwen2.5:7b,MMLU,434,1
1,mistral:latest,MMLU,434,0
1,phi3:mini,GSM8K,435,0
1,qwen2.5:7b,GSM8K,435,0
1,mistral:latest,GSM8K,435,0
1,phi3:mini,MMLU,436,1
1,qwen2.5:7b,MMLU,436,1
1,mistral:latest,MMLU,436,0
1,phi3:mini,SQuAD,437,1
1,qwen2.5:7b,SQuAD,437,1
1,mistral:latest,SQuAD,437,1
1,phi3:mini,SQuAD,438,1
1,qwen2.5:7b,SQuAD,438,1
1,mistral:latest,SQuAD,438,1
1,phi3:mini,HellaSwag,439,1
1,qwen2.5:7b,HellaSwag,439,1
1,mistral:latest,HellaSwag,439,1
1,phi3:mini,MMLU,440,1
1,qwen2.5:7b,MMLU,440,1
1,mistral:latest,MMLU,440,1
1,phi3:mini,HumanEval,441,0
1,qwen2.5:7b,HumanEval,441,1
1,mistral:latest,HumanEval,441,1
1,phi3:mini,GSM8K,442,0
1,qwen2.5:7b,GSM8K,442,1
1,mistral:latest,GSM8K,442,0
1,phi3:mini,HellaSwag,443,0
1,qwen2.5:7b,HellaSwag,443,1
1,mistral:latest,HellaSwag,443,1
1,phi3:mini,GSM8K,444,0
1,qwen2.5:7b,GSM8K,444,1
1,mistral:latest,GSM8K,444,1
1,phi3:mini,HumanEval,445,0
1,qwen2.5:7b,HumanEval,445,1
1,mistral:latest,HumanEval,445,1
1,phi3:mini,GSM8K,446,0
1,qwen2.5:7b,GSM8K,446,1
1,mistral:latest,GSM8K,446,1
1,phi3:mini,MMLU,447,1
1,qwen2.5:7b,MMLU,447,1
1,mistral:latest,MMLU,447,1
1,phi3:mini,GSM8K,448,0
1,qwen2.5:7b,GSM8K,448,1
1,mistral:latest,GSM8K,448,1
1,phi3:mini,HumanEval,449,0
1,qwen2.5:7b,HumanEval,449,1
1,mistral:latest,HumanEval,449,1
1,phi3:mini,HumanEval,450,0
1,qwen2.5:7b,HumanEval,450,1
1,mistral:latest,HumanEval,450,1
1,phi3:mini,GSM8K,451,0
1,qwen2.5:7b,GSM8K,451,1
1,mistral:latest,GSM8K,451,0
1,phi3:mini,HellaSwag,452,0
1,qwen2.5:7b,HellaSwag,452,1
1,mistral:latest,HellaSwag,452,1
1,phi3:mini,GSM8K,453,0
1,qwen2.5:7b,GSM8K,453,1
1,mistral:latest,GSM8K,453,1
1,phi3:mini,MMLU,454,1
1,qwen2.5:7b,MMLU,454,0
1,mistral:latest,MMLU,454,1
1,phi3:mini,HumanEval,455,1
1,qwen2.5:7b,HumanEval,455,1
1,mistral:latest,HumanEval,455,0
1,phi3:mini,GSM8K,456,1
1,qwen2.5:7b,GSM8K,456,1
1,mistral:latest,GSM8K,456,1
1,phi3:mini,HumanEval,457,0
1,qwen2.5:7b,HumanEval,457,1
1,mistral:latest,HumanEval,457,1
1,phi3:mini,HellaSwag,458,1
1,qwen2.5:7b,HellaSwag,458,1
1,mistral:latest,HellaSwag,458,1
1,phi3:mini,MMLU,459,0
1,qwen2.5:7b,MMLU,459,1
1,mistral:latest,MMLU,459,0
1,phi3:mini,HumanEval,460,0
1,qwen2.5:7b,HumanEval,460,1
1,mistral:latest,HumanEval,460,1
1,phi3:mini,HellaSwag,461,0
1,qwen2.5:7b,HellaSwag,461,1
1,mistral:latest,HellaSwag,461,1
1,phi3:mini,MMLU,462,1
1,qwen2.5:7b,MMLU,462,1
1,mistral:latest,MMLU,462,1
1,phi3:mini,HumanEval,463,1
1,qwen2.5:7b,HumanEval,463,1
1,mistral:latest,HumanEval,463,1
1,phi3:mini,HumanEval,464,0
1,qwen2.5:7b,HumanEval,464,1
1,mistral:latest,HumanEval,464,1
1,phi3:mini,GSM8K,465,1
1,qwen2.5:7b,GSM8K,465,1
1,mistral:latest,GSM8K,465,1
1,phi3:mini,HellaSwag,466,0
1,qwen2.5:7b,HellaSwag,466,1
1,mistral:latest,HellaSwag,466,1
1,phi3:mini,SQuAD,467,1
1,qwen2.5:7b,SQuAD,467,1
1,mistral:latest,SQuAD,467,1
1,phi3:mini,GSM8K,468,0
1,qwen2.5:7b,GSM8K,468,1
1,mistral:latest,GSM8K,468,0
1,phi3:mini,SQuAD,469,1
1,qwen2.5:7b,SQuAD,469,1
1,mistral:latest,SQuAD,469,1
1,phi3:mini,HumanEval,470,0
1,qwen2.5:7b,HumanEval,470,1
1,mistral:latest,HumanEval,470,1
1,phi3:mini,HellaSwag,471,1
1,qwen2.5:7b,HellaSwag,471,0
1,mistral:latest,HellaSwag,471,0
1,phi3:mini,HellaSwag,472,0
1,qwen2.5:7b,HellaSwag,472,1
1,mistral:latest,HellaSwag,472,1
1,phi3:mini,HellaSwag,473,1
1,qwen2.5:7b,HellaSwag,473,0
1,mistral:latest,HellaSwag,473,1
1,phi3:mini,GSM8K,474,0
1,qwen2.5:7b,GSM8K,474,1
1,mistral:latest,GSM8K,474,0
1,phi3:mini,SQuAD,475,1
1,qwen2.5:7b,SQuAD,475,1
1,mistral:latest,SQuAD,475,1
1,phi3:mini,MMLU,476,1
1,qwen2.5:7b,MMLU,476,1
1,mistral:latest,MMLU,476,0
1,phi3:mini,HellaSwag,477,1
1,qwen2.5:7b,HellaSwag,477,1
1,mistral:latest,HellaSwag,477,1
1,phi3:mini,SQuAD,478,1
1,qwen2.5:7b,SQuAD,478,1
1,mistral:latest,SQuAD,478,1
1,phi3:mini,GSM8K,479,0
1,qwen2.5:7b,GSM8K,479,1
1,mistral:latest,GSM8K,479,0
1,phi3:mini,GSM8K,480,0
1,qwen2.5:7b,GSM8K,480,1
1,mistral:latest,GSM8K,480,1
1,phi3:mini,MMLU,481,1
1,qwen2.5:7b,MMLU,481,1
1,mistral:latest,MMLU,481,1
1,phi3:mini,MMLU,482,0
1,qwen2.5:7b,MMLU,482,0
1,mistral:latest,MMLU,482,0
1,phi3:mini,MMLU,483,0
1,qwen2.5:7b,MMLU,483,0
1,mistral:latest,MMLU,483,0
1,phi3:mini,SQuAD,484,1
1,qwen2.5:7b,SQuAD,484,1
1,mistral:latest,SQuAD,484,1
1,phi3:mini,HellaSwag,485,0
1,qwen2.5:7b,HellaSwag,485,0
1,mistral:latest,HellaSwag,485,0
1,phi3:mini,MMLU,486,1
1,qwen2.5:7b,MMLU,486,1
1,mistral:latest,MMLU,486,1
1,phi3:mini,SQuAD,487,1
1,qwen2.5:7b,SQuAD,487,1
1,mistral:latest,SQuAD,487,1
1,phi3:mini,HumanEval,488,1
1,qwen2.5:7b,HumanEval,488,1
1,mistral:latest,HumanEval,488,1
1,phi3:mini,HumanEval,489,0
1,qwen2.5:7b,HumanEval,489,1
1,mistral:latest,HumanEval,489,1
1,phi3:mini,HellaSwag,490,0
1,qwen2.5:7b,HellaSwag,490,0
1,mistral:latest,HellaSwag,490,1
1,phi3:mini,MMLU,491,1
1,qwen2.5:7b,MMLU,491,1
1,mistral:latest,MMLU,491,1
1,phi3:mini,HellaSwag,492,1
1,qwen2.5:7b,HellaSwag,492,1
1,mistral:latest,HellaSwag,492,1
1,phi3:mini,MMLU,493,1
1,qwen2.5:7b,MMLU,493,1
1,mistral:latest,MMLU,493,1
1,phi3:mini,GSM8K,494,0
1,qwen2.5:7b,GSM8K,494,1
1,mistral:latest,GSM8K,494,0
1,phi3:mini,GSM8K,495,0
1,qwen2.5:7b,GSM8K,495,1
1,mistral:latest,GSM8K,495,0
1,phi3:mini,GSM8K,496,0
1,qwen2.5:7b,GSM8K,496,1
1,mistral:latest,GSM8K,496,0
1,phi3:mini,HellaSwag,497,1
1,qwen2.5:7b,HellaSwag,497,1
1,mistral:latest,HellaSwag,497,1
1,phi3:mini,MMLU,498,1
1,qwen2.5:7b,MMLU,498,1
1,mistral:latest,MMLU,498,1
1,phi3:mini,MMLU,499,1
1,qwen2.5:7b,MMLU,499,1
1,mistral:latest,MMLU,499,1
1,phi3:mini,HellaSwag,500,0
1,qwen2.5:7b,HellaSwag,500,1
1,mistral:latest,HellaSwag,500,1
2,phi3:mini,GSM8K,1,0
2,qwen2.5:7b,GSM8K,1,1
2,mistral:latest,GSM8K,1,1
2,phi3:mini,HellaSwag,2,0
2,qwen2.5:7b,HellaSwag,2,1
2,mistral:latest,HellaSwag,2,1
2,phi3:mini,MMLU,3,1
2,qwen2.5:7b,MMLU,3,1
2,mistral:latest,MMLU,3,1
2,phi3:mini,GSM8K,4,0
2,qwen2.5:7b,GSM8K,4,1
2,mistral:latest,GSM8K,4,1
2,phi3:mini,MMLU,5,1
2,qwen2.5:7b,MMLU,5,1
2,mistral:latest,MMLU,5,0
2,phi3:mini,MMLU,6,0
2,qwen2.5:7b,MMLU,6,0
2,mistral:latest,MMLU,6,0
2,phi3:mini,HellaSwag,7,0
2,qwen2.5:7b,HellaSwag,7,0
2,mistral:latest,HellaSwag,7,1
2,phi3:mini,SQuAD,8,1
2,qwen2.5:7b,SQuAD,8,1
2,mistral:latest,SQuAD,8,1
2,phi3:mini,MMLU,9,1
2,qwen2.5:7b,MMLU,9,1
2,mistral:latest,MMLU,9,1
2,phi3:mini,HellaSwag,10,0
2,qwen2.5:7b,HellaSwag,10,1
2,mistral:latest,HellaSwag,10,1
2,phi3:mini,HumanEval,11,1
2,qwen2.5:7b,HumanEval,11,1
2,mistral:latest,HumanEval,11,1
2,phi3:mini,HumanEval,12,1
2,qwen2.5:7b,HumanEval,12,1
2,mistral:latest,HumanEval,12,1
2,phi3:mini,MMLU,13,1
2,qwen2.5:7b,MMLU,13,1
2,mistral:latest,MMLU,13,0
2,phi3:mini,SQuAD,14,1
2,qwen2.5:7b,SQuAD,14,0
2,mistral:latest,SQuAD,14,0
2,phi3:mini,HumanEval,15,0
2,qwen2.5:7b,HumanEval,15,1
2,mistral:latest,HumanEval,15,1
2,phi3:mini,MMLU,16,1
2,qwen2.5:7b,MMLU,16,1
2,mistral:latest,MMLU,16,0
2,phi3:mini,HellaSwag,17,1
2,qwen2.5:7b,HellaSwag,17,1
2,mistral:latest,HellaSwag,17,1
2,phi3:mini,GSM8K,18,0
2,qwen2.5:7b,GSM8K,18,1
2,mistral:latest,GSM8K,18,0
2,phi3:mini,SQuAD,19,0
2,qwen2.5:7b,SQuAD,19,1
2,mistral:latest,SQuAD,19,1
2,phi3:mini,SQuAD,20,1
2,qwen2.5:7b,SQuAD,20,1
2,mistral:latest,SQuAD,20,1
2,phi3:mini,HumanEval,21,0
2,qwen2.5:7b,HumanEval,21,1
2,mistral:latest,HumanEval,21,1
2,phi3:mini,HellaSwag,22,0
2,qwen2.5:7b,HellaSwag,22,1
2,mistral:latest,HellaSwag,22,1
2,phi3:mini,SQuAD,23,1
2,qwen2.5:7b,SQuAD,23,1
2,mistral:latest,SQuAD,23,1
2,phi3:mini,HellaSwag,24,0
2,qwen2.5:7b,HellaSwag,24,1
2,mistral:latest,HellaSwag,24,0
2,phi3:mini,MMLU,25,1
2,qwen2.5:7b,MMLU,25,1
2,mistral:latest,MMLU,25,1
2,phi3:mini,HumanEval,26,0
2,qwen2.5:7b,HumanEval,26,1
2,mistral:latest,HumanEval,26,1
2,phi3:mini,SQuAD,27,0
2,qwen2.5:7b,SQuAD,27,1
2,mistral:latest,SQuAD,27,1
2,phi3:mini,SQuAD,28,0
2,qwen2.5:7b,SQuAD,28,1
2,mistral:latest,SQuAD,28,1
2,phi3:mini,SQuAD,29,1
2,qwen2.5:7b,SQuAD,29,0
2,mistral:latest,SQuAD,29,1
2,phi3:mini,SQuAD,30,1
2,qwen2.5:7b,SQuAD,30,1
2,mistral:latest,SQuAD,30,1
2,phi3:mini,GSM8K,31,0
2,qwen2.5:7b,GSM8K,31,1
2,mistral:latest,GSM8K,31,1
2,phi3:mini,GSM8K,32,1
2,qwen2.5:7b,GSM8K,32,1
2,mistral:latest,GSM8K,32,1
2,phi3:mini,SQuAD,33,0
2,qwen2.5:7b,SQuAD,33,1
2,mistral:latest,SQuAD,33,1
2,phi3:mini,MMLU,34,1
2,qwen2.5:7b,MMLU,34,1
2,mistral:latest,MMLU,34,1
2,phi3:mini,SQuAD,35,1
2,qwen2.5:7b,SQuAD,35,1
2,mistral:latest,SQuAD,35,1
2,phi3:mini,MMLU,36,1
2,qwen2.5:7b,MMLU,36,1
2,mistral:latest,MMLU,36,1
2,phi3:mini,HumanEval,37,0
2,qwen2.5:7b,HumanEval,37,1
2,mistral:latest,HumanEval,37,1
2,phi3:mini,MMLU,38,1
2,qwen2.5:7b,MMLU,38,1
2,mistral:latest,MMLU,38,0
2,phi3:mini,SQuAD,39,1
2,qwen2.5:7b,SQuAD,39,1
2,mistral:latest,SQuAD,39,1
2,phi3:mini,GSM8K,40,1
2,qwen2.5:7b,GSM8K,40,1
2,mistral:latest,GSM8K,40,1
2,phi3:mini,HellaSwag,41,1
2,qwen2.5:7b,HellaSwag,41,1
2,mistral:latest,HellaSwag,41,1
2,phi3:mini,SQuAD,42,1
2,qwen2.5:7b,SQuAD,42,1
2,mistral:latest,SQuAD,42,1
2,phi3:mini,GSM8K,43,0
2,qwen2.5:7b,GSM8K,43,1
2,mistral:latest,GSM8K,43,1
2,phi3:mini,GSM8K,44,0
2,qwen2.5:7b,GSM8K,44,1
2,mistral:latest,GSM8K,44,0
2,phi3:mini,HellaSwag,45,0
2,qwen2.5:7b,HellaSwag,45,1
2,mistral:latest,HellaSwag,45,1
2,phi3:mini,GSM8K,46,0
2,qwen2.5:7b,GSM8K,46,1
2,mistral:latest,GSM8K,46,1
2,phi3:mini,GSM8K,47,1
2,qwen2.5:7b,GSM8K,47,1
2,mistral:latest,GSM8K,47,1
2,phi3:mini,HellaSwag,48,0
2,qwen2.5:7b,HellaSwag,48,1
2,mistral:latest,HellaSwag,48,1
2,phi3:mini,GSM8K,49,0
2,qwen2.5:7b,GSM8K,49,0
2,mistral:latest,GSM8K,49,0
2,phi3:mini,GSM8K,50,0
2,qwen2.5:7b,GSM8K,50,0
2,mistral:latest,GSM8K,50,0
2,phi3:mini,MMLU,51,1
2,qwen2.5:7b,MMLU,51,1
2,mistral:latest,MMLU,51,1
2,phi3:mini,MMLU,52,0
2,qwen2.5:7b,MMLU,52,1
2,mistral:latest,MMLU,52,1
2,phi3:mini,HumanEval,53,1
2,qwen2.5:7b,HumanEval,53,1
2,mistral:latest,HumanEval,53,1
2,phi3:mini,HellaSwag,54,1
2,qwen2.5:7b,HellaSwag,54,1
2,mistral:latest,HellaSwag,54,1
2,phi3:mini,MMLU,55,1
2,qwen2.5:7b,MMLU,55,1
2,mistral:latest,MMLU,55,1
2,phi3:mini,GSM8K,56,0
2,qwen2.5:7b,GSM8K,56,1
2,mistral:latest,GSM8K,56,1
2,phi3:mini,SQuAD,57,1
2,qwen2.5:7b,SQuAD,57,1
2,mistral:latest,SQuAD,57,1
2,phi3:mini,GSM8K,58,1
2,qwen2.5:7b,GSM8K,58,1
2,mistral:latest,GSM8K,58,0
2,phi3:mini,GSM8K,59,1
2,qwen2.5:7b,GSM8K,59,1
2,mistral:latest,GSM8K,59,0
2,phi3:mini,HellaSwag,60,1
2,qwen2.5:7b,HellaSwag,60,1
2,mistral:latest,HellaSwag,60,0
2,phi3:mini,GSM8K,61,0
2,qwen2.5:7b,GSM8K,61,1
2,mistral:latest,GSM8K,61,1
2,phi3:mini,HellaSwag,62,1
2,qwen2.5:7b,HellaSwag,62,1
2,mistral:latest,HellaSwag,62,1
2,phi3:mini,MMLU,63,0
2,qwen2.5:7b,MMLU,63,1
2,mistral:latest,MMLU,63,1
2,phi3:mini,GSM8K,64,1
2,qwen2.5:7b,GSM8K,64,1
2,mistral:latest,GSM8K,64,1
2,phi3:mini,MMLU,65,1
2,qwen2.5:7b,MMLU,65,1
2,mistral:latest,MMLU,65,1
2,phi3:mini,MMLU,66,1
2,qwen2.5:7b,MMLU,66,1
2,mistral:latest,MMLU,66,1
2,phi3:mini,HellaSwag,67,1
2,qwen2.5:7b,HellaSwag,67,1
2,mistral:latest,HellaSwag,67,1
2,phi3:mini,GSM8K,68,0
2,qwen2.5:7b,GSM8K,68,0
2,mistral:latest,GSM8K,68,0
2,phi3:mini,HellaSwag,69,0
2,qwen2.5:7b,HellaSwag,69,0
2,mistral:latest,HellaSwag,69,1
2,phi3:mini,HumanEval,70,1
2,qwen2.5:7b,HumanEval,70,1
2,mistral:latest,HumanEval,70,1
2,phi3:mini,MMLU,71,1
2,qwen2.5:7b,MMLU,71,1
2,mistral:latest,MMLU,71,1
2,phi3:mini,HumanEval,72,0
2,qwen2.5:7b,HumanEval,72,1
2,mistral:latest,HumanEval,72,1
2,phi3:mini,SQuAD,73,1
2,qwen2.5:7b,SQuAD,73,1
2,mistral:latest,SQuAD,73,1
2,phi3:mini,HellaSwag,74,0
2,qwen2.5:7b,HellaSwag,74,0
2,mistral:latest,HellaSwag,74,1
2,phi3:mini,HumanEval,75,0
2,qwen2.5:7b,HumanEval,75,1
2,mistral:latest,HumanEval,75,0
2,phi3:mini,HumanEval,76,0
2,qwen2.5:7b,HumanEval,76,1
2,mistral:latest,HumanEval,76,1
2,phi3:mini,GSM8K,77,0
2,qwen2.5:7b,GSM8K,77,1
2,mistral:latest,GSM8K,77,0
2,phi3:mini,HellaSwag,78,0
2,qwen2.5:7b,HellaSwag,78,1
2,mistral:latest,HellaSwag,78,0
2,phi3:mini,SQuAD,79,0
2,qwen2.5:7b,SQuAD,79,1
2,mistral:latest,SQuAD,79,0
2,phi3:mini,GSM8K,80,0
2,qwen2.5:7b,GSM8K,80,1
2,mistral:latest,GSM8K,80,0
2,phi3:mini,MMLU,81,1
2,qwen2.5:7b,MMLU,81,1
2,mistral:latest,MMLU,81,1
2,phi3:mini,MMLU,82,1
2,qwen2.5:7b,MMLU,82,1
2,mistral:latest,MMLU,82,0
2,phi3:mini,HumanEval,83,1
2,qwen2.5:7b,HumanEval,83,1
2,mistral:latest,HumanEval,83,1
2,phi3:mini,SQuAD,84,1
2,qwen2.5:7b,SQuAD,84,1
2,mistral:latest,SQuAD,84,1
2,phi3:mini,HellaSwag,85,0
2,qwen2.5:7b,HellaSwag,85,1
2,mistral:latest,HellaSwag,85,1
2,phi3:mini,HumanEval,86,0
2,qwen2.5:7b,HumanEval,86,1
2,mistral:latest,HumanEval,86,0
2,phi3:mini,HellaSwag,87,0
2,qwen2.5:7b,HellaSwag,87,1
2,mistral:latest,HellaSwag,87,1
2,phi3:mini,MMLU,88,1
2,qwen2.5:7b,MMLU,88,1
2,mistral:latest,MMLU,88,1
2,phi3:mini,HumanEval,89,0
2,qwen2.5:7b,HumanEval,89,1
2,mistral:latest,HumanEval,89,1
2,phi3:mini,MMLU,90,1
2,qwen2.5:7b,MMLU,90,1
2,mistral:latest,MMLU,90,1
2,phi3:mini,MMLU,91,1
2,qwen2.5:7b,MMLU,91,1
2,mistral:latest,MMLU,91,0
2,phi3:mini,GSM8K,92,1
2,qwen2.5:7b,GSM8K,92,1
2,mistral:latest,GSM8K,92,1
2,phi3:mini,SQuAD,93,1
2,qwen2.5:7b,SQuAD,93,1
2,mistral:latest,SQuAD,93,1
2,phi3:mini,SQuAD,94,1
2,qwen2.5:7b,SQuAD,94,1
2,mistral:latest,SQuAD,94,1
2,phi3:mini,GSM8K,95,0
2,qwen2.5:7b,GSM8K,95,1
2,mistral:latest,GSM8K,95,1
2,phi3:mini,MMLU,96,1
2,qwen2.5:7b,MMLU,96,1
2,mistral:latest,MMLU,96,1
2,phi3:mini,GSM8K,97,0
2,qwen2.5:7b,GSM8K,97,1
2,mistral:latest,GSM8K,97,0
2,phi3:mini,HumanEval,98,0
2,qwen2.5:7b,HumanEval,98,1
2,mistral:latest,HumanEval,98,0
2,phi3:mini,HellaSwag,99,1
2,qwen2.5:7b,HellaSwag,99,1
2,mistral:latest,HellaSwag,99,0
2,phi3:mini,GSM8K,100,0
2,qwen2.5:7b,GSM8K,100,1
2,mistral:latest,GSM8K,100,0
2,phi3:mini,SQuAD,101,1
2,qwen2.5:7b,SQuAD,101,1
2,mistral:latest,SQuAD,101,1
2,phi3:mini,HellaSwag,102,0
2,qwen2.5:7b,HellaSwag,102,1
2,mistral:latest,HellaSwag,102,1
2,phi3:mini,SQuAD,103,1
2,qwen2.5:7b,SQuAD,103,1
2,mistral:latest,SQuAD,103,1
2,phi3:mini,HellaSwag,104,0
2,qwen2.5:7b,HellaSwag,104,1
2,mistral:latest,HellaSwag,104,1
2,phi3:mini,MMLU,105,0
2,qwen2.5:7b,MMLU,105,0
2,mistral:latest,MMLU,105,0
2,phi3:mini,HellaSwag,106,0
2,qwen2.5:7b,HellaSwag,106,1
2,mistral:latest,HellaSwag,106,1
2,phi3:mini,GSM8K,107,0
2,qwen2.5:7b,GSM8K,107,0
2,mistral:latest,GSM8K,107,1
2,phi3:mini,HellaSwag,108,0
2,qwen2.5:7b,HellaSwag,108,1
2,mistral:latest,HellaSwag,108,1
2,phi3:mini,GSM8K,109,1
2,qwen2.5:7b,GSM8K,109,1
2,mistral:latest,GSM8K,109,1
2,phi3:mini,HellaSwag,110,0
2,qwen2.5:7b,HellaSwag,110,0
2,mistral:latest,HellaSwag,110,1
2,phi3:mini,MMLU,111,0
2,qwen2.5:7b,MMLU,111,1
2,mistral:latest,MMLU,111,1
2,phi3:mini,HellaSwag,112,0
2,qwen2.5:7b,HellaSwag,112,1
2,mistral:latest,HellaSwag,112,1
2,phi3:mini,MMLU,113,0
2,qwen2.5:7b,MMLU,113,0
2,mistral:latest,MMLU,113,0
2,phi3:mini,GSM8K,114,0
2,qwen2.5:7b,GSM8K,114,1
2,mistral:latest,GSM8K,114,1
2,phi3:mini,HellaSwag,115,0
2,qwen2.5:7b,HellaSwag,115,1
2,mistral:latest,HellaSwag,115,1
2,phi3:mini,HumanEval,116,0
2,qwen2.5:7b,HumanEval,116,1
2,mistral:latest,HumanEval,116,1
2,phi3:mini,HumanEval,117,0
2,qwen2.5:7b,HumanEval,117,1
2,mistral:latest,HumanEval,117,1
2,phi3:mini,GSM8K,118,0
2,qwen2.5:7b,GSM8K,118,1
2,mistral:latest,GSM8K,118,0
2,phi3:mini,MMLU,119,1
2,qwen2.5:7b,MMLU,119,1
2,mistral:latest,MMLU,119,0
2,phi3:mini,SQuAD,120,1
2,qwen2.5:7b,SQuAD,120,1
2,mistral:latest,SQuAD,120,1
2,phi3:mini,MMLU,121,0
2,qwen2.5:7b,MMLU,121,0
2,mistral:latest,MMLU,121,0
2,phi3:mini,SQuAD,122,0
2,qwen2.5:7b,SQuAD,122,1
2,mistral:latest,SQuAD,122,1
2,phi3:mini,HumanEval,123,0
2,qwen2.5:7b,HumanEval,123,1
2,mistral:latest,HumanEval,123,1
2,phi3:mini,SQuAD,124,1
2,qwen2.5:7b,SQuAD,124,1
2,mistral:latest,SQuAD,124,1
2,phi3:mini,SQuAD,125,1
2,qwen2.5:7b,SQuAD,125,1
2,mistral:latest,SQuAD,125,1
2,phi3:mini,HumanEval,126,0
2,qwen2.5:7b,HumanEval,126,1
2,mistral:latest,HumanEval,126,1
2,phi3:mini,SQuAD,127,0
2,qwen2.5:7b,SQuAD,127,1
2,mistral:latest,SQuAD,127,1
2,phi3:mini,GSM8K,128,1
2,qwen2.5:7b,GSM8K,128,1
2,mistral:latest,GSM8K,128,1
2,phi3:mini,GSM8K,129,0
2,qwen2.5:7b,GSM8K,129,1
2,mistral:latest,GSM8K,129,1
2,phi3:mini,HellaSwag,130,1
2,qwen2.5:7b,HellaSwag,130,1
2,mistral:latest,HellaSwag,130,1
2,phi3:mini,HellaSwag,131,0
2,qwen2.5:7b,HellaSwag,131,1
2,mistral:latest,HellaSwag,131,1
2,phi3:mini,MMLU,132,1
2,qwen2.5:7b,MMLU,132,1
2,mistral:latest,MMLU,132,1
2,phi3:mini,MMLU,133,1
2,qwen2.5:7b,MMLU,133,1
2,mistral:latest,MMLU,133,0
2,phi3:mini,HumanEval,134,0
2,qwen2.5:7b,HumanEval,134,1
2,mistral:latest,HumanEval,134,0
2,phi3:mini,SQuAD,135,1
2,qwen2.5:7b,SQuAD,135,1
2,mistral:latest,SQuAD,135,1
2,phi3:mini,MMLU,136,1
2,qwen2.5:7b,MMLU,136,1
2,mistral:latest,MMLU,136,1
2,phi3:mini,SQuAD,137,0
2,qwen2.5:7b,SQuAD,137,1
2,mistral:latest,SQuAD,137,1
2,phi3:mini,HellaSwag,138,0
2,qwen2.5:7b,HellaSwag,138,1
2,mistral:latest,HellaSwag,138,1
2,phi3:mini,HellaSwag,139,0
2,qwen2.5:7b,HellaSwag,139,1
2,mistral:latest,HellaSwag,139,1
2,phi3:mini,HumanEval,140,0
2,qwen2.5:7b,HumanEval,140,1
2,mistral:latest,HumanEval,140,1
2,phi3:mini,GSM8K,141,0
2,qwen2.5:7b,GSM8K,141,1
2,mistral:latest,GSM8K,141,0
2,phi3:mini,HumanEval,142,0
2,qwen2.5:7b,HumanEval,142,1
2,mistral:latest,HumanEval,142,1
2,phi3:mini,MMLU,143,1
2,qwen2.5:7b,MMLU,143,1
2,mistral:latest,MMLU,143,1
2,phi3:mini,GSM8K,144,0
2,qwen2.5:7b,GSM8K,144,1
2,mistral:latest,GSM8K,144,1
2,phi3:mini,GSM8K,145,0
2,qwen2.5:7b,GSM8K,145,1
2,mistral:latest,GSM8K,145,0
2,phi3:mini,GSM8K,146,0
2,qwen2.5:7b,GSM8K,146,1
2,mistral:latest,GSM8K,146,0
2,phi3:mini,HumanEval,147,0
2,qwen2.5:7b,HumanEval,147,1
2,mistral:latest,HumanEval,147,1
2,phi3:mini,SQuAD,148,1
2,qwen2.5:7b,SQuAD,148,1
2,mistral:latest,SQuAD,148,1
2,phi3:mini,SQuAD,149,1
2,qwen2.5:7b,SQuAD,149,1
2,mistral:latest,SQuAD,149,1
2,phi3:mini,HumanEval,150,0
2,qwen2.5:7b,HumanEval,150,1
2,mistral:latest,HumanEval,150,1
2,phi3:mini,SQuAD,151,1
2,qwen2.5:7b,SQuAD,151,1
2,mistral:latest,SQuAD,151,1
2,phi3:mini,GSM8K,152,1
2,qwen2.5:7b,GSM8K,152,1
2,mistral:latest,GSM8K,152,0
2,phi3:mini,HumanEval,153,0
2,qwen2.5:7b,HumanEval,153,1
2,mistral:latest,HumanEval,153,1
2,phi3:mini,SQuAD,154,1
2,qwen2.5:7b,SQuAD,154,1
2,mistral:latest,SQuAD,154,1
2,phi3:mini,HellaSwag,155,0
2,qwen2.5:7b,HellaSwag,155,0
2,mistral:latest,HellaSwag,155,0
2,phi3:mini,HumanEval,156,1
2,qwen2.5:7b,HumanEval,156,1
2,mistral:latest,HumanEval,156,0
2,phi3:mini,HellaSwag,157,1
2,qwen2.5:7b,HellaSwag,157,0
2,mistral:latest,HellaSwag,157,1
2,phi3:mini,MMLU,158,1
2,qwen2.5:7b,MMLU,158,1
2,mistral:latest,MMLU,158,1
2,phi3:mini,HumanEval,159,0
2,qwen2.5:7b,HumanEval,159,1
2,mistral:latest,HumanEval,159,0
2,phi3:mini,MMLU,160,0
2,qwen2.5:7b,MMLU,160,1
2,mistral:latest,MMLU,160,1
2,phi3:mini,GSM8K,161,1
2,qwen2.5:7b,GSM8K,161,1
2,mistral:latest,GSM8K,161,0
2,phi3:mini,SQuAD,162,1
2,qwen2.5:7b,SQuAD,162,1
2,mistral:latest,SQuAD,162,1
2,phi3:mini,SQuAD,163,0
2,qwen2.5:7b,SQuAD,163,1
2,mistral:latest,SQuAD,163,1
2,phi3:mini,SQuAD,164,1
2,qwen2.5:7b,SQuAD,164,1
2,mistral:latest,SQuAD,164,1
2,phi3:mini,HellaSwag,165,1
2,qwen2.5:7b,HellaSwag,165,1
2,mistral:latest,HellaSwag,165,1
2,phi3:mini,HellaSwag,166,1
2,qwen2.5:7b,HellaSwag,166,1
2,mistral:latest,HellaSwag,166,1
2,phi3:mini,GSM8K,167,0
2,qwen2.5:7b,GSM8K,167,1
2,mistral:latest,GSM8K,167,1
2,phi3:mini,SQuAD,168,1
2,qwen2.5:7b,SQuAD,168,0
2,mistral:latest,SQuAD,168,1
2,phi3:mini,HellaSwag,169,0
2,qwen2.5:7b,HellaSwag,169,1
2,mistral:latest,HellaSwag,169,1
2,phi3:mini,HellaSwag,170,0
2,qwen2.5:7b,HellaSwag,170,1
2,mistral:latest,HellaSwag,170,1
2,phi3:mini,GSM8K,171,0
2,qwen2.5:7b,GSM8K,171,1
2,mistral:latest,GSM8K,171,0
2,phi3:mini,SQuAD,172,1
2,qwen2.5:7b,SQuAD,172,1
2,mistral:latest,SQuAD,172,1
2,phi3:mini,HumanEval,173,0
2,qwen2.5:7b,HumanEval,173,0
2,mistral:latest,HumanEval,173,0
2,phi3:mini,MMLU,174,1
2,qwen2.5:7b,MMLU,174,1
2,mistral:latest,MMLU,174,1
2,phi3:mini,MMLU,175,1
2,qwen2.5:7b,MMLU,175,1
2,mistral:latest,MMLU,175,1
2,phi3:mini,MMLU,176,0
2,qwen2.5:7b,MMLU,176,1
2,mistral:latest,MMLU,176,1
2,phi3:mini,SQuAD,177,0
2,qwen2.5:7b,SQuAD,177,1
2,mistral:latest,SQuAD,177,1
2,phi3:mini,MMLU,178,0
2,qwen2.5:7b,MMLU,178,0
2,mistral:latest,MMLU,178,0
2,phi3:mini,HellaSwag,179,0
2,qwen2.5:7b,HellaSwag,179,1
2,mistral:latest,HellaSwag,179,1
2,phi3:mini,HumanEval,180,1
2,qwen2.5:7b,HumanEval,180,1
2,mistral:latest,HumanEval,180,1
2,phi3:mini,SQuAD,181,0
2,qwen2.5:7b,SQuAD,181,1
2,mistral:latest,SQuAD,181,1
2,phi3:mini,GSM8K,182,0
2,qwen2.5:7b,GSM8K,182,0
2,mistral:latest,GSM8K,182,0
2,phi3:mini,SQuAD,183,1
2,qwen2.5:7b,SQuAD,183,1
2,mistral:latest,SQuAD,183,1
2,phi3:mini,HumanEval,184,0
2,qwen2.5:7b,HumanEval,184,1
2,mistral:latest,HumanEval,184,1
2,phi3:mini,HumanEval,185,0
2,qwen2.5:7b,HumanEval,185,1
2,mistral:latest,HumanEval,185,1
2,phi3:mini,MMLU,186,1
2,qwen2.5:7b,MMLU,186,1
2,mistral:latest,MMLU,186,1
2,phi3:mini,MMLU,187,1
2,qwen2.5:7b,MMLU,187,1
2,mistral:latest,MMLU,187,1
2,phi3:mini,HumanEval,188,0
2,qwen2.5:7b,HumanEval,188,1
2,mistral:latest,HumanEval,188,1
2,phi3:mini,MMLU,189,0
2,qwen2.5:7b,MMLU,189,0
2,mistral:latest,MMLU,189,1
2,phi3:mini,GSM8K,190,0
2,qwen2.5:7b,GSM8K,190,1
2,mistral:latest,GSM8K,190,0
2,phi3:mini,HellaSwag,191,1
2,qwen2.5:7b,HellaSwag,191,1
2,mistral:latest,HellaSwag,191,1
2,phi3:mini,SQuAD,192,0
2,qwen2.5:7b,SQuAD,192,1
2,mistral:latest,SQuAD,192,1
2,phi3:mini,HellaSwag,193,0
2,qwen2.5:7b,HellaSwag,193,0
2,mistral:latest,HellaSwag,193,1
2,phi3:mini,HumanEval,194,0
2,qwen2.5:7b,HumanEval,194,1
2,mistral:latest,HumanEval,194,1
2,phi3:mini,GSM8K,195,0
2,qwen2.5:7b,GSM8K,195,0
2,mistral:latest,GSM8K,195,0
2,phi3:mini,SQuAD,196,1
2,qwen2.5:7b,SQuAD,196,1
2,mistral:latest,SQuAD,196,1
2,phi3:mini,MMLU,197,0
2,qwen2.5:7b,MMLU,197,0
2,mistral:latest,MMLU,197,0
2,phi3:mini,MMLU,198,1
2,qwen2.5:7b,MMLU,198,1
2,mistral:latest,MMLU,198,1
2,phi3:mini,GSM8K,199,0
2,qwen2.5:7b,GSM8K,199,1
2,mistral:latest,GSM8K,199,0
2,phi3:mini,HumanEval,200,0
2,qwen2.5:7b,HumanEval,200,1
2,mistral:latest,HumanEval,200,1
2,phi3:mini,SQuAD,201,1
2,qwen2.5:7b,SQuAD,201,1
2,mistral:latest,SQuAD,201,1
2,phi3:mini,SQuAD,202,0
2,qwen2.5:7b,SQuAD,202,1
2,mistral:latest,SQuAD,202,1
2,phi3:mini,HellaSwag,203,0
2,qwen2.5:7b,HellaSwag,203,1
2,mistral:latest,HellaSwag,203,1
2,phi3:mini,HumanEval,204,1
2,qwen2.5:7b,HumanEval,204,1
2,mistral:latest,HumanEval,204,1
2,phi3:mini,SQuAD,205,1
2,qwen2.5:7b,SQuAD,205,1
2,mistral:latest,SQuAD,205,1
2,phi3:mini,HumanEval,206,1
2,qwen2.5:7b,HumanEval,206,1
2,mistral:latest,HumanEval,206,1
2,phi3:mini,GSM8K,207,0
2,qwen2.5:7b,GSM8K,207,1
2,mistral:latest,GSM8K,207,1
2,phi3:mini,MMLU,208,1
2,qwen2.5:7b,MMLU,208,1
2,mistral:latest,MMLU,208,1
2,phi3:mini,SQuAD,209,1
2,qwen2.5:7b,SQuAD,209,1
2,mistral:latest,SQuAD,209,1
2,phi3:mini,GSM8K,210,0
2,qwen2.5:7b,GSM8K,210,1
2,mistral:latest,GSM8K,210,1
2,phi3:mini,HellaSwag,211,0
2,qwen2.5:7b,HellaSwag,211,0
2,mistral:latest,HellaSwag,211,0
2,phi3:mini,HellaSwag,212,0
2,qwen2.5:7b,HellaSwag,212,1
2,mistral:latest,HellaSwag,212,0
2,phi3:mini,HumanEval,213,0
2,qwen2.5:7b,HumanEval,213,1
2,mistral:latest,HumanEval,213,1
2,phi3:mini,SQuAD,214,1
2,qwen2.5:7b,SQuAD,214,1
2,mistral:latest,SQuAD,214,1
2,phi3:mini,HumanEval,215,0
2,qwen2.5:7b,HumanEval,215,1
2,mistral:latest,HumanEval,215,1
2,phi3:mini,HellaSwag,216,0
2,qwen2.5:7b,HellaSwag,216,1
2,mistral:latest,HellaSwag,216,1
2,phi3:mini,SQuAD,217,0
2,qwen2.5:7b,SQuAD,217,1
2,mistral:latest,SQuAD,217,1
2,phi3:mini,HumanEval,218,0
2,qwen2.5:7b,HumanEval,218,1
2,mistral:latest,HumanEval,218,0
2,phi3:mini,HumanEval,219,0
2,qwen2.5:7b,HumanEval,219,1
2,mistral:latest,HumanEval,219,0
2,phi3:mini,MMLU,220,1
2,qwen2.5:7b,MMLU,220,1
2,mistral:latest,MMLU,220,1
2,phi3:mini,SQuAD,221,0
2,qwen2.5:7b,SQuAD,221,1
2,mistral:latest,SQuAD,221,1
2,phi3:mini,HumanEval,222,1
2,qwen2.5:7b,HumanEval,222,1
2,mistral:latest,HumanEval,222,1
2,phi3:mini,MMLU,223,1
2,qwen2.5:7b,MMLU,223,1
2,mistral:latest,MMLU,223,0
2,phi3:mini,HellaSwag,224,0
2,qwen2.5:7b,HellaSwag,224,1
2,mistral:latest,HellaSwag,224,1
2,phi3:mini,GSM8K,225,0
2,qwen2.5:7b,GSM8K,225,1
2,mistral:latest,GSM8K,225,1
2,phi3:mini,HumanEval,226,0
2,qwen2.5:7b,HumanEval,226,1
2,mistral:latest,HumanEval,226,1
2,phi3:mini,MMLU,227,1
2,qwen2.5:7b,MMLU,227,1
2,mistral:latest,MMLU,227,1
2,phi3:mini,HellaSwag,228,1
2,qwen2.5:7b,HellaSwag,228,0
2,mistral:latest,HellaSwag,228,0
2,phi3:mini,GSM8K,229,0
2,qwen2.5:7b,GSM8K,229,1
2,mistral:latest,GSM8K,229,0
2,phi3:mini,HumanEval,230,1
2,qwen2.5:7b,HumanEval,230,1
2,mistral:latest,HumanEval,230,1
2,phi3:mini,HumanEval,231,0
2,qwen2.5:7b,HumanEval,231,1
2,mistral:latest,HumanEval,231,1
2,phi3:mini,HumanEval,232,0
2,qwen2.5:7b,HumanEval,232,1
2,mistral:latest,HumanEval,232,1
2,phi3:mini,SQuAD,233,1
2,qwen2.5:7b,SQuAD,233,1
2,mistral:latest,SQuAD,233,1
2,phi3:mini,HumanEval,234,0
2,qwen2.5:7b,HumanEval,234,1
2,mistral:latest,HumanEval,234,1
2,phi3:mini,GSM8K,235,0
2,qwen2.5:7b,GSM8K,235,0
2,mistral:latest,GSM8K,235,0
2,phi3:mini,HellaSwag,236,0
2,qwen2.5:7b,HellaSwag,236,1
2,mistral:latest,HellaSwag,236,0
2,phi3:mini,MMLU,237,1
2,qwen2.5:7b,MMLU,237,1
2,mistral:latest,MMLU,237,1
2,phi3:mini,HumanEval,238,1
2,qwen2.5:7b,HumanEval,238,1
2,mistral:latest,HumanEval,238,1
2,phi3:mini,GSM8K,239,0
2,qwen2.5:7b,GSM8K,239,1
2,mistral:latest,GSM8K,239,1
2,phi3:mini,SQuAD,240,1
2,qwen2.5:7b,SQuAD,240,1
2,mistral:latest,SQuAD,240,1
2,phi3:mini,HumanEval,241,1
2,qwen2.5:7b,HumanEval,241,1
2,mistral:latest,HumanEval,241,1
2,phi3:mini,MMLU,242,1
2,qwen2.5:7b,MMLU,242,1
2,mistral:latest,MMLU,242,1
2,phi3:mini,GSM8K,243,0
2,qwen2.5:7b,GSM8K,243,1
2,mistral:latest,GSM8K,243,0
2,phi3:mini,SQuAD,244,1
2,qwen2.5:7b,SQuAD,244,1
2,mistral:latest,SQuAD,244,1
2,phi3:mini,SQuAD,245,0
2,qwen2.5:7b,SQuAD,245,1
2,mistral:latest,SQuAD,245,1
2,phi3:mini,SQuAD,246,1
2,qwen2.5:7b,SQuAD,246,1
2,mistral:latest,SQuAD,246,1
2,phi3:mini,MMLU,247,0
2,qwen2.5:7b,MMLU,247,0
2,mistral:latest,MMLU,247,0
2,phi3:mini,HumanEval,248,1
2,qwen2.5:7b,HumanEval,248,1
2,mistral:latest,HumanEval,248,0
2,phi3:mini,GSM8K,249,1
2,qwen2.5:7b,GSM8K,249,1
2,mistral:latest,GSM8K,249,0
2,phi3:mini,GSM8K,250,0
2,qwen2.5:7b,GSM8K,250,1
2,mistral:latest,GSM8K,250,1
2,phi3:mini,SQuAD,251,1
2,qwen2.5:7b,SQuAD,251,1
2,mistral:latest,SQuAD,251,1
2,phi3:mini,HumanEval,252,0
2,qwen2.5:7b,HumanEval,252,1
2,mistral:latest,HumanEval,252,1
2,phi3:mini,HumanEval,253,0
2,qwen2.5:7b,HumanEval,253,1
2,mistral:latest,HumanEval,253,1
2,phi3:mini,HumanEval,254,0
2,qwen2.5:7b,HumanEval,254,1
2,mistral:latest,HumanEval,254,1
2,phi3:mini,HumanEval,255,1
2,qwen2.5:7b,HumanEval,255,1
2,mistral:latest,HumanEval,255,1
2,phi3:mini,GSM8K,256,0
2,qwen2.5:7b,GSM8K,256,1
2,mistral:latest,GSM8K,256,0
2,phi3:mini,SQuAD,257,1
2,qwen2.5:7b,SQuAD,257,1
2,mistral:latest,SQuAD,257,1
2,phi3:mini,HumanEval,258,0
2,qwen2.5:7b,HumanEval,258,1
2,mistral:latest,HumanEval,258,1
2,phi3:mini,GSM8K,259,0
2,qwen2.5:7b,GSM8K,259,1
2,mistral:latest,GSM8K,259,1
2,phi3:mini,SQuAD,260,1
2,qwen2.5:7b,SQuAD,260,1
2,mistral:latest,SQuAD,260,1
2,phi3:mini,GSM8K,261,1
2,qwen2.5:7b,GSM8K,261,1
2,mistral:latest,GSM8K,261,1
2,phi3:mini,HellaSwag,262,0
2,qwen2.5:7b,HellaSwag,262,1
2,mistral:latest,HellaSwag,262,0
2,phi3:mini,MMLU,263,1
2,qwen2.5:7b,MMLU,263,1
2,mistral:latest,MMLU,263,1
2,phi3:mini,SQuAD,264,1
2,qwen2.5:7b,SQuAD,264,1
2,mistral:latest,SQuAD,264,0
2,phi3:mini,MMLU,265,1
2,qwen2.5:7b,MMLU,265,1
2,mistral:latest,MMLU,265,1
2,phi3:mini,HumanEval,266,1
2,qwen2.5:7b,HumanEval,266,1
2,mistral:latest,HumanEval,266,1
2,phi3:mini,HumanEval,267,0
2,qwen2.5:7b,HumanEval,267,1
2,mistral:latest,HumanEval,267,1
2,phi3:mini,HellaSwag,268,0
2,qwen2.5:7b,HellaSwag,268,0
2,mistral:latest,HellaSwag,268,0
2,phi3:mini,HellaSwag,269,1
2,qwen2.5:7b,HellaSwag,269,1
2,mistral:latest,HellaSwag,269,1
2,phi3:mini,MMLU,270,0
2,qwen2.5:7b,MMLU,270,1
2,mistral:latest,MMLU,270,0
2,phi3:mini,GSM8K,271,0
2,qwen2.5:7b,GSM8K,271,1
2,mistral:latest,GSM8K,271,1
2,phi3:mini,HellaSwag,272,0
2,qwen2.5:7b,HellaSwag,272,1
2,mistral:latest,HellaSwag,272,0
2,phi3:mini,GSM8K,273,0
2,qwen2.5:7b,GSM8K,273,1
2,mistral:latest,GSM8K,273,1
2,phi3:mini,HellaSwag,274,1
2,qwen2.5:7b,HellaSwag,274,1
2,mistral:latest,HellaSwag,274,1
2,phi3:mini,MMLU,275,1
2,qwen2.5:7b,MMLU,275,1
2,mistral:latest,MMLU,275,1
2,phi3:mini,SQuAD,276,1
2,qwen2.5:7b,SQuAD,276,1
2,mistral:latest,SQuAD,276,1
2,phi3:mini,SQuAD,277,1
2,qwen2.5:7b,SQuAD,277,1
2,mistral:latest,SQuAD,277,1
2,phi3:mini,SQuAD,278,0
2,qwen2.5:7b,SQuAD,278,1
2,mistral:latest,SQuAD,278,1
2,phi3:mini,HellaSwag,279,0
2,qwen2.5:7b,HellaSwag,279,1
2,mistral:latest,HellaSwag,279,1
2,phi3:mini,HellaSwag,280,0
2,qwen2.5:7b,HellaSwag,280,0
2,mistral:latest,HellaSwag,280,0
2,phi3:mini,GSM8K,281,0
2,qwen2.5:7b,GSM8K,281,1
2,mistral:latest,GSM8K,281,1
2,phi3:mini,GSM8K,282,0
2,qwen2.5:7b,GSM8K,282,1
2,mistral:latest,GSM8K,282,1
2,phi3:mini,HellaSwag,283,0
2,qwen2.5:7b,HellaSwag,283,0
2,mistral:latest,HellaSwag,283,0
2,phi3:mini,HellaSwag,284,0
2,qwen2.5:7b,HellaSwag,284,0
2,mistral:latest,HellaSwag,284,1
2,phi3:mini,HellaSwag,285,0
2,qwen2.5:7b,HellaSwag,285,0
2,mistral:latest,HellaSwag,285,1
2,phi3:mini,HellaSwag,286,0
2,qwen2.5:7b,HellaSwag,286,1
2,mistral:latest,HellaSwag,286,1
2,phi3:mini,HellaSwag,287,1
2,qwen2.5:7b,HellaSwag,287,0
2,mistral:latest,HellaSwag,287,0
2,phi3:mini,MMLU,288,0
2,qwen2.5:7b,MMLU,288,1
2,mistral:latest,MMLU,288,1
2,phi3:mini,SQuAD,289,1
2,qwen2.5:7b,SQuAD,289,1
2,mistral:latest,SQuAD,289,1
2,phi3:mini,SQuAD,290,0
2,qwen2.5:7b,SQuAD,290,0
2,mistral:latest,SQuAD,290,1
2,phi3:mini,MMLU,291,1
2,qwen2.5:7b,MMLU,291,1
2,mistral:latest,MMLU,291,1
2,phi3:mini,MMLU,292,1
2,qwen2.5:7b,MMLU,292,1
2,mistral:latest,MMLU,292,1
2,phi3:mini,SQuAD,293,1
2,qwen2.5:7b,SQuAD,293,1
2,mistral:latest,SQuAD,293,1
2,phi3:mini,HumanEval,294,0
2,qwen2.5:7b,HumanEval,294,1
2,mistral:latest,HumanEval,294,1
2,phi3:mini,SQuAD,295,0
2,qwen2.5:7b,SQuAD,295,1
2,mistral:latest,SQuAD,295,1
2,phi3:mini,MMLU,296,1
2,qwen2.5:7b,MMLU,296,1
2,mistral:latest,MMLU,296,1
2,phi3:mini,HumanEval,297,0
2,qwen2.5:7b,HumanEval,297,1
2,mistral:latest,HumanEval,297,0
2,phi3:mini,HellaSwag,298,1
2,qwen2.5:7b,HellaSwag,298,0
2,mistral:latest,HellaSwag,298,1
2,phi3:mini,GSM8K,299,0
2,qwen2.5:7b,GSM8K,299,1
2,mistral:latest,GSM8K,299,0
2,phi3:mini,MMLU,300,1
2,qwen2.5:7b,MMLU,300,1
2,mistral:latest,MMLU,300,1
2,phi3:mini,GSM8K,301,0
2,qwen2.5:7b,GSM8K,301,1
2,mistral:latest,GSM8K,301,0
2,phi3:mini,GSM8K,302,0
2,qwen2.5:7b,GSM8K,302,1
2,mistral:latest,GSM8K,302,0
2,phi3:mini,HellaSwag,303,1
2,qwen2.5:7b,HellaSwag,303,1
2,mistral:latest,HellaSwag,303,0
2,phi3:mini,HellaSwag,304,0
2,qwen2.5:7b,HellaSwag,304,1
2,mistral:latest,HellaSwag,304,1
2,phi3:mini,MMLU,305,0
2,qwen2.5:7b,MMLU,305,0
2,mistral:latest,MMLU,305,0
2,phi3:mini,SQuAD,306,0
2,qwen2.5:7b,SQuAD,306,0
2,mistral:latest,SQuAD,306,1
2,phi3:mini,GSM8K,307,0
2,qwen2.5:7b,GSM8K,307,1
2,mistral:latest,GSM8K,307,0
2,phi3:mini,HellaSwag,308,0
2,qwen2.5:7b,HellaSwag,308,1
2,mistral:latest,HellaSwag,308,1
2,phi3:mini,MMLU,309,0
2,qwen2.5:7b,MMLU,309,1
2,mistral:latest,MMLU,309,0
2,phi3:mini,SQuAD,310,0
2,qwen2.5:7b,SQuAD,310,1
2,mistral:latest,SQuAD,310,1
2,phi3:mini,SQuAD,311,0
2,qwen2.5:7b,SQuAD,311,1
2,mistral:latest,SQuAD,311,1
2,phi3:mini,MMLU,312,1
2,qwen2.5:7b,MMLU,312,1
2,mistral:latest,MMLU,312,1
2,phi3:mini,GSM8K,313,0
2,qwen2.5:7b,GSM8K,313,1
2,mistral:latest,GSM8K,313,0
2,phi3:mini,HellaSwag,314,0
2,qwen2.5:7b,HellaSwag,314,1
2,mistral:latest,HellaSwag,314,1
2,phi3:mini,HumanEval,315,0
2,qwen2.5:7b,HumanEval,315,1
2,mistral:latest,HumanEval,315,1
2,phi3:mini,HellaSwag,316,0
2,qwen2.5:7b,HellaSwag,316,1
2,mistral:latest,HellaSwag,316,1
2,phi3:mini,HellaSwag,317,0
2,qwen2.5:7b,HellaSwag,317,1
2,mistral:latest,HellaSwag,317,1
2,phi3:mini,GSM8K,318,0
2,qwen2.5:7b,GSM8K,318,1
2,mistral:latest,GSM8K,318,0
2,phi3:mini,MMLU,319,1
2,qwen2.5:7b,MMLU,319,1
2,mistral:latest,MMLU,319,1
2,phi3:mini,SQuAD,320,1
2,qwen2.5:7b,SQuAD,320,1
2,mistral:latest,SQuAD,320,1
2,phi3:mini,MMLU,321,1
2,qwen2.5:7b,MMLU,321,1
2,mistral:latest,MMLU,321,1
2,phi3:mini,SQuAD,322,0
2,qwen2.5:7b,SQuAD,322,1
2,mistral:latest,SQuAD,322,1
2,phi3:mini,HumanEval,323,0
2,qwen2.5:7b,HumanEval,323,1
2,mistral:latest,HumanEval,323,1
2,phi3:mini,MMLU,324,1
2,qwen2.5:7b,MMLU,324,0
2,mistral:latest,MMLU,324,0
2,phi3:mini,HumanEval,325,0
2,qwen2.5:7b,HumanEval,325,1
2,mistral:latest,HumanEval,325,1
2,phi3:mini,MMLU,326,1
2,qwen2.5:7b,MMLU,326,1
2,mistral:latest,MMLU,326,1
2,phi3:mini,SQuAD,327,1
2,qwen2.5:7b,SQuAD,327,1
2,mistral:latest,SQuAD,327,1
2,phi3:mini,HumanEval,328,0
2,qwen2.5:7b,HumanEval,328,1
2,mistral:latest,HumanEval,328,1
2,phi3:mini,HumanEval,329,0
2,qwen2.5:7b,HumanEval,329,1
2,mistral:latest,HumanEval,329,0
2,phi3:mini,HumanEval,330,0
2,qwen2.5:7b,HumanEval,330,1
2,mistral:latest,HumanEval,330,1
2,phi3:mini,HellaSwag,331,1
2,qwen2.5:7b,HellaSwag,331,1
2,mistral:latest,HellaSwag,331,1
2,phi3:mini,HumanEval,332,0
2,qwen2.5:7b,HumanEval,332,1
2,mistral:latest,HumanEval,332,0
2,phi3:mini,HumanEval,333,0
2,qwen2.5:7b,HumanEval,333,1
2,mistral:latest,HumanEval,333,1
2,phi3:mini,MMLU,334,1
2,qwen2.5:7b,MMLU,334,0
2,mistral:latest,MMLU,334,1
2,phi3:mini,MMLU,335,1
2,qwen2.5:7b,MMLU,335,0
2,mistral:latest,MMLU,335,1
2,phi3:mini,SQuAD,336,1
2,qwen2.5:7b,SQuAD,336,1
2,mistral:latest,SQuAD,336,1
2,phi3:mini,GSM8K,337,0
2,qwen2.5:7b,GSM8K,337,0
2,mistral:latest,GSM8K,337,0
2,phi3:mini,SQuAD,338,1
2,qwen2.5:7b,SQuAD,338,1
2,mistral:latest,SQuAD,338,1
2,phi3:mini,SQuAD,339,1
2,qwen2.5:7b,SQuAD,339,1
2,mistral:latest,SQuAD,339,1
2,phi3:mini,HumanEval,340,1
2,qwen2.5:7b,HumanEval,340,1
2,mistral:latest,HumanEval,340,1
2,phi3:mini,GSM8K,341,1
2,qwen2.5:7b,GSM8K,341,1
2,mistral:latest,GSM8K,341,1
2,phi3:mini,GSM8K,342,0
2,qwen2.5:7b,GSM8K,342,0
2,mistral:latest,GSM8K,342,1
2,phi3:mini,MMLU,343,1
2,qwen2.5:7b,MMLU,343,1
2,mistral:latest,MMLU,343,1
2,phi3:mini,HellaSwag,344,0
2,qwen2.5:7b,HellaSwag,344,1
2,mistral:latest,HellaSwag,344,1
2,phi3:mini,HumanEval,345,0
2,qwen2.5:7b,HumanEval,345,1
2,mistral:latest,HumanEval,345,1
2,phi3:mini,HumanEval,346,0
2,qwen2.5:7b,HumanEval,346,1
2,mistral:latest,HumanEval,346,1
2,phi3:mini,HumanEval,347,0
2,qwen2.5:7b,HumanEval,347,1
2,mistral:latest,HumanEval,347,0
2,phi3:mini,MMLU,348,0
2,qwen2.5:7b,MMLU,348,1
2,mistral:latest,MMLU,348,1
2,phi3:mini,MMLU,349,1
2,qwen2.5:7b,MMLU,349,1
2,mistral:latest,MMLU,349,1
2,phi3:mini,MMLU,350,1
2,qwen2.5:7b,MMLU,350,1
2,mistral:latest,MMLU,350,1
2,phi3:mini,MMLU,351,1
2,qwen2.5:7b,MMLU,351,1
2,mistral:latest,MMLU,351,1
2,phi3:mini,SQuAD,352,1
2,qwen2.5:7b,SQuAD,352,1
2,mistral:latest,SQuAD,352,0
2,phi3:mini,SQuAD,353,1
2,qwen2.5:7b,SQuAD,353,1
2,mistral:latest,SQuAD,353,1
2,phi3:mini,MMLU,354,1
2,qwen2.5:7b,MMLU,354,1
2,mistral:latest,MMLU,354,1
2,phi3:mini,HellaSwag,355,0
2,qwen2.5:7b,HellaSwag,355,1
2,mistral:latest,HellaSwag,355,1
2,phi3:mini,HumanEval,356,1
2,qwen2.5:7b,HumanEval,356,1
2,mistral:latest,HumanEval,356,1
2,phi3:mini,SQuAD,357,1
2,qwen2.5:7b,SQuAD,357,1
2,mistral:latest,SQuAD,357,1
2,phi3:mini,SQuAD,358,1
2,qwen2.5:7b,SQuAD,358,1
2,mistral:latest,SQuAD,358,1
2,phi3:mini,SQuAD,359,1
2,qwen2.5:7b,SQuAD,359,1
2,mistral:latest,SQuAD,359,1
2,phi3:mini,SQuAD,360,1
2,qwen2.5:7b,SQuAD,360,1
2,mistral:latest,SQuAD,360,1
2,phi3:mini,GSM8K,361,0
2,qwen2.5:7b,GSM8K,361,1
2,mistral:latest,GSM8K,361,1
2,phi3:mini,SQuAD,362,1
2,qwen2.5:7b,SQuAD,362,1
2,mistral:latest,SQuAD,362,1
2,phi3:mini,HumanEval,363,0
2,qwen2.5:7b,HumanEval,363,1
2,mistral:latest,HumanEval,363,1
2,phi3:mini,GSM8K,364,0
2,qwen2.5:7b,GSM8K,364,1
2,mistral:latest,GSM8K,364,0
2,phi3:mini,HumanEval,365,0
2,qwen2.5:7b,HumanEval,365,1
2,mistral:latest,HumanEval,365,1
2,phi3:mini,HumanEval,366,0
2,qwen2.5:7b,HumanEval,366,1
2,mistral:latest,HumanEval,366,1
2,phi3:mini,MMLU,367,1
2,qwen2.5:7b,MMLU,367,1
2,mistral:latest,MMLU,367,1
2,phi3:mini,SQuAD,368,0
2,qwen2.5:7b,SQuAD,368,1
2,mistral:latest,SQuAD,368,1
2,phi3:mini,HellaSwag,369,0
2,qwen2.5:7b,HellaSwag,369,0
2,mistral:latest,HellaSwag,369,1
2,phi3:mini,SQuAD,370,1
2,qwen2.5:7b,SQuAD,370,1
2,mistral:latest,SQuAD,370,1
2,phi3:mini,SQuAD,371,0
2,qwen2.5:7b,SQuAD,371,1
2,mistral:latest,SQuAD,371,1
2,phi3:mini,HellaSwag,372,0
2,qwen2.5:7b,HellaSwag,372,1
2,mistral:latest,HellaSwag,372,0
2,phi3:mini,HellaSwag,373,0
2,qwen2.5:7b,HellaSwag,373,1
2,mistral:latest,HellaSwag,373,1
2,phi3:mini,HellaSwag,374,0
2,qwen2.5:7b,HellaSwag,374,0
2,mistral:latest,HellaSwag,374,1
2,phi3:mini,HellaSwag,375,0
2,qwen2.5:7b,HellaSwag,375,0
2,mistral:latest,HellaSwag,375,1
2,phi3:mini,SQuAD,376,1
2,qwen2.5:7b,SQuAD,376,1
2,mistral:latest,SQuAD,376,1
2,phi3:mini,GSM8K,377,0
2,qwen2.5:7b,GSM8K,377,1
2,mistral:latest,GSM8K,377,1
2,phi3:mini,MMLU,378,1
2,qwen2.5:7b,MMLU,378,1
2,mistral:latest,MMLU,378,1
2,phi3:mini,GSM8K,379,0
2,qwen2.5:7b,GSM8K,379,1
2,mistral:latest,GSM8K,379,1
2,phi3:mini,SQuAD,380,0
2,qwen2.5:7b,SQuAD,380,1
2,mistral:latest,SQuAD,380,1
2,phi3:mini,GSM8K,381,0
2,qwen2.5:7b,GSM8K,381,1
2,mistral:latest,GSM8K,381,1
2,phi3:mini,HumanEval,382,0
2,qwen2.5:7b,HumanEval,382,1
2,mistral:latest,HumanEval,382,1
2,phi3:mini,GSM8K,383,0
2,qwen2.5:7b,GSM8K,383,1
2,mistral:latest,GSM8K,383,1
2,phi3:mini,MMLU,384,0
2,qwen2.5:7b,MMLU,384,1
2,mistral:latest,MMLU,384,1
2,phi3:mini,GSM8K,385,0
2,qwen2.5:7b,GSM8K,385,0
2,mistral:latest,GSM8K,385,1
2,phi3:mini,HellaSwag,386,0
2,qwen2.5:7b,HellaSwag,386,0
2,mistral:latest,HellaSwag,386,1
2,phi3:mini,HumanEval,387,0
2,qwen2.5:7b,HumanEval,387,1
2,mistral:latest,HumanEval,387,1
2,phi3:mini,SQuAD,388,0
2,qwen2.5:7b,SQuAD,388,1
2,mistral:latest,SQuAD,388,1
2,phi3:mini,HellaSwag,389,1
2,qwen2.5:7b,HellaSwag,389,1
2,mistral:latest,HellaSwag,389,1
2,phi3:mini,HumanEval,390,0
2,qwen2.5:7b,HumanEval,390,1
2,mistral:latest,HumanEval,390,1
2,phi3:mini,GSM8K,391,0
2,qwen2.5:7b,GSM8K,391,1
2,mistral:latest,GSM8K,391,1
2,phi3:mini,HumanEval,392,0
2,qwen2.5:7b,HumanEval,392,1
2,mistral:latest,HumanEval,392,1
2,phi3:mini,SQuAD,393,1
2,qwen2.5:7b,SQuAD,393,1
2,mistral:latest,SQuAD,393,1
2,phi3:mini,HumanEval,394,1
2,qwen2.5:7b,HumanEval,394,1
2,mistral:latest,HumanEval,394,1
2,phi3:mini,HumanEval,395,1
2,qwen2.5:7b,HumanEval,395,1
2,mistral:latest,HumanEval,395,1
2,phi3:mini,HumanEval,396,0
2,qwen2.5:7b,HumanEval,396,1
2,mistral:latest,HumanEval,396,0
2,phi3:mini,SQuAD,397,1
2,qwen2.5:7b,SQuAD,397,1
2,mistral:latest,SQuAD,397,1
2,phi3:mini,MMLU,398,0
2,qwen2.5:7b,MMLU,398,1
2,mistral:latest,MMLU,398,0
2,phi3:mini,HumanEval,399,1
2,qwen2.5:7b,HumanEval,399,0
2,mistral:latest,HumanEval,399,1
2,phi3:mini,HellaSwag,400,1
2,qwen2.5:7b,HellaSwag,400,1
2,mistral:latest,HellaSwag,400,1
2,phi3:mini,MMLU,401,1
2,qwen2.5:7b,MMLU,401,1
2,mistral:latest,MMLU,401,1
2,phi3:mini,HellaSwag,402,1
2,qwen2.5:7b,HellaSwag,402,1
2,mistral:latest,HellaSwag,402,1
2,phi3:mini,HellaSwag,403,0
2,qwen2.5:7b,HellaSwag,403,1
2,mistral:latest,HellaSwag,403,1
2,phi3:mini,HumanEval,404,0
2,qwen2.5:7b,HumanEval,404,0
2,mistral:latest,HumanEval,404,1
2,phi3:mini,GSM8K,405,0
2,qwen2.5:7b,GSM8K,405,1
2,mistral:latest,GSM8K,405,1
2,phi3:mini,HellaSwag,406,0
2,qwen2.5:7b,HellaSwag,406,0
2,mistral:latest,HellaSwag,406,0
2,phi3:mini,GSM8K,407,0
2,qwen2.5:7b,GSM8K,407,1
2,mistral:latest,GSM8K,407,0
2,phi3:mini,GSM8K,408,0
2,qwen2.5:7b,GSM8K,408,1
2,mistral:latest,GSM8K,408,1
2,phi3:mini,GSM8K,409,0
2,qwen2.5:7b,GSM8K,409,1
2,mistral:latest,GSM8K,409,0
2,phi3:mini,MMLU,410,0
2,qwen2.5:7b,MMLU,410,1
2,mistral:latest,MMLU,410,1
2,phi3:mini,GSM8K,411,0
2,qwen2.5:7b,GSM8K,411,0
2,mistral:latest,GSM8K,411,1
2,phi3:mini,HellaSwag,412,0
2,qwen2.5:7b,HellaSwag,412,1
2,mistral:latest,HellaSwag,412,1
2,phi3:mini,SQuAD,413,1
2,qwen2.5:7b,SQuAD,413,1
2,mistral:latest,SQuAD,413,1
2,phi3:mini,HumanEval,414,0
2,qwen2.5:7b,HumanEval,414,1
2,mistral:latest,HumanEval,414,1
2,phi3:mini,HumanEval,415,0
2,qwen2.5:7b,HumanEval,415,1
2,mistral:latest,HumanEval,415,1
2,phi3:mini,MMLU,416,1
2,qwen2.5:7b,MMLU,416,1
2,mistral:latest,MMLU,416,0
2,phi3:mini,HumanEval,417,0
2,qwen2.5:7b,HumanEval,417,1
2,mistral:latest,HumanEval,417,1
2,phi3:mini,HumanEval,418,0
2,qwen2.5:7b,HumanEval,418,1
2,mistral:latest,HumanEval,418,1
2,phi3:mini,GSM8K,419,0
2,qwen2.5:7b,GSM8K,419,1
2,mistral:latest,GSM8K,419,1
2,phi3:mini,HellaSwag,420,0
2,qwen2.5:7b,HellaSwag,420,1
2,mistral:latest,HellaSwag,420,1
2,phi3:mini,GSM8K,421,0
2,qwen2.5:7b,GSM8K,421,1
2,mistral:latest,GSM8K,421,1
2,phi3:mini,HellaSwag,422,0
2,qwen2.5:7b,HellaSwag,422,1
2,mistral:latest,HellaSwag,422,1
2,phi3:mini,MMLU,423,0
2,qwen2.5:7b,MMLU,423,0
2,mistral:latest,MMLU,423,0
2,phi3:mini,MMLU,424,0
2,qwen2.5:7b,MMLU,424,1
2,mistral:latest,MMLU,424,1
2,phi3:mini,HellaSwag,425,1
2,qwen2.5:7b,HellaSwag,425,1
2,mistral:latest,HellaSwag,425,1
2,phi3:mini,MMLU,426,0
2,qwen2.5:7b,MMLU,426,1
2,mistral:latest,MMLU,426,0
2,phi3:mini,SQuAD,427,1
2,qwen2.5:7b,SQuAD,427,1
2,mistral:latest,SQuAD,427,1
2,phi3:mini,GSM8K,428,0
2,qwen2.5:7b,GSM8K,428,1
2,mistral:latest,GSM8K,428,1
2,phi3:mini,HellaSwag,429,0
2,qwen2.5:7b,HellaSwag,429,1
2,mistral:latest,HellaSwag,429,1
2,phi3:mini,HellaSwag,430,0
2,qwen2.5:7b,HellaSwag,430,0
2,mistral:latest,HellaSwag,430,0
2,phi3:mini,HumanEval,431,1
2,qwen2.5:7b,HumanEval,431,1
2,mistral:latest,HumanEval,431,1
2,phi3:mini,GSM8K,432,0
2,qwen2.5:7b,GSM8K,432,1
2,mistral:latest,GSM8K,432,1
2,phi3:mini,SQuAD,433,1
2,qwen2.5:7b,SQuAD,433,1
2,mistral:latest,SQuAD,433,1
2,phi3:mini,MMLU,434,0
2,qwen2.5:7b,MMLU,434,1
2,mistral:latest,MMLU,434,1
2,phi3:mini,GSM8K,435,0
2,qwen2.5:7b,GSM8K,435,1
2,mistral:latest,GSM8K,435,0
2,phi3:mini,MMLU,436,1
2,qwen2.5:7b,MMLU,436,1
2,mistral:latest,MMLU,436,1
2,phi3:mini,SQuAD,437,1
2,qwen2.5:7b,SQuAD,437,1
2,mistral:latest,SQuAD,437,1
2,phi3:mini,SQuAD,438,1
2,qwen2.5:7b,SQuAD,438,1
2,mistral:latest,SQuAD,438,1
2,phi3:mini,HellaSwag,439,1
2,qwen2.5:7b,HellaSwag,439,1
2,mistral:latest,HellaSwag,439,0
2,phi3:mini,MMLU,440,0
2,qwen2.5:7b,MMLU,440,1
2,mistral:latest,MMLU,440,1
2,phi3:mini,HumanEval,441,1
2,qwen2.5:7b,HumanEval,441,1
2,mistral:latest,HumanEval,441,1
2,phi3:mini,GSM8K,442,0
2,qwen2.5:7b,GSM8K,442,1
2,mistral:latest,GSM8K,442,1
2,phi3:mini,HellaSwag,443,0
2,qwen2.5:7b,HellaSwag,443,1
2,mistral:latest,HellaSwag,443,1
2,phi3:mini,GSM8K,444,0
2,qwen2.5:7b,GSM8K,444,1
2,mistral:latest,GSM8K,444,1
2,phi3:mini,HumanEval,445,0
2,qwen2.5:7b,HumanEval,445,1
2,mistral:latest,HumanEval,445,1
2,phi3:mini,GSM8K,446,0
2,qwen2.5:7b,GSM8K,446,1
2,mistral:latest,GSM8K,446,1
2,phi3:mini,MMLU,447,1
2,qwen2.5:7b,MMLU,447,1
2,mistral:latest,MMLU,447,1
2,phi3:mini,GSM8K,448,1
2,qwen2.5:7b,GSM8K,448,1
2,mistral:latest,GSM8K,448,1
2,phi3:mini,HumanEval,449,0
2,qwen2.5:7b,HumanEval,449,1
2,mistral:latest,HumanEval,449,1
2,phi3:mini,HumanEval,450,0
2,qwen2.5:7b,HumanEval,450,1
2,mistral:latest,HumanEval,450,0
2,phi3:mini,GSM8K,451,0
2,qwen2.5:7b,GSM8K,451,1
2,mistral:latest,GSM8K,451,1
2,phi3:mini,HellaSwag,452,0
2,qwen2.5:7b,HellaSwag,452,1
2,mistral:latest,HellaSwag,452,1
2,phi3:mini,GSM8K,453,0
2,qwen2.5:7b,GSM8K,453,1
2,mistral:latest,GSM8K,453,0
2,phi3:mini,MMLU,454,1
2,qwen2.5:7b,MMLU,454,0
2,mistral:latest,MMLU,454,0
2,phi3:mini,HumanEval,455,1
2,qwen2.5:7b,HumanEval,455,1
2,mistral:latest,HumanEval,455,1
2,phi3:mini,GSM8K,456,1
2,qwen2.5:7b,GSM8K,456,1
2,mistral:latest,GSM8K,456,1
2,phi3:mini,HumanEval,457,0
2,qwen2.5:7b,HumanEval,457,1
2,mistral:latest,HumanEval,457,1
2,phi3:mini,HellaSwag,458,0
2,qwen2.5:7b,HellaSwag,458,1
2,mistral:latest,HellaSwag,458,1
2,phi3:mini,MMLU,459,1
2,qwen2.5:7b,MMLU,459,0
2,mistral:latest,MMLU,459,0
2,phi3:mini,HumanEval,460,1
2,qwen2.5:7b,HumanEval,460,1
2,mistral:latest,HumanEval,460,1
2,phi3:mini,HellaSwag,461,0
2,qwen2.5:7b,HellaSwag,461,1
2,mistral:latest,HellaSwag,461,0
2,phi3:mini,MMLU,462,0
2,qwen2.5:7b,MMLU,462,1
2,mistral:latest,MMLU,462,1
2,phi3:mini,HumanEval,463,1
2,qwen2.5:7b,HumanEval,463,1
2,mistral:latest,HumanEval,463,1
2,phi3:mini,HumanEval,464,0
2,qwen2.5:7b,HumanEval,464,1
2,mistral:latest,HumanEval,464,1
2,phi3:mini,GSM8K,465,0
2,qwen2.5:7b,GSM8K,465,1
2,mistral:latest,GSM8K,465,1
2,phi3:mini,HellaSwag,466,0
2,qwen2.5:7b,HellaSwag,466,1
2,mistral:latest,HellaSwag,466,1
2,phi3:mini,SQuAD,467,1
2,qwen2.5:7b,SQuAD,467,1
2,mistral:latest,SQuAD,467,1
2,phi3:mini,GSM8K,468,0
2,qwen2.5:7b,GSM8K,468,1
2,mistral:latest,GSM8K,468,0
2,phi3:mini,SQuAD,469,1
2,qwen2.5:7b,SQuAD,469,1
2,mistral:latest,SQuAD,469,1
2,phi3:mini,HumanEval,470,0
2,qwen2.5:7b,HumanEval,470,1
2,mistral:latest,HumanEval,470,1
2,phi3:mini,HellaSwag,471,1
2,qwen2.5:7b,HellaSwag,471,1
2,mistral:latest,HellaSwag,471,0
2,phi3:mini,HellaSwag,472,0
2,qwen2.5:7b,HellaSwag,472,1
2,mistral:latest,HellaSwag,472,0
2,phi3:mini,HellaSwag,473,1
2,qwen2.5:7b,HellaSwag,473,0
2,mistral:latest,HellaSwag,473,0
2,phi3:mini,GSM8K,474,0
2,qwen2.5:7b,GSM8K,474,1
2,mistral:latest,GSM8K,474,1
2,phi3:mini,SQuAD,475,1
2,qwen2.5:7b,SQuAD,475,1
2,mistral:latest,SQuAD,475,1
2,phi3:mini,MMLU,476,0
2,qwen2.5:7b,MMLU,476,1
2,mistral:latest,MMLU,476,0
2,phi3:mini,HellaSwag,477,1
2,qwen2.5:7b,HellaSwag,477,1
2,mistral:latest,HellaSwag,477,1
2,phi3:mini,SQuAD,478,0
2,qwen2.5:7b,SQuAD,478,1
2,mistral:latest,SQuAD,478,1
2,phi3:mini,GSM8K,479,0
2,qwen2.5:7b,GSM8K,479,1
2,mistral:latest,GSM8K,479,0
2,phi3:mini,GSM8K,480,0
2,qwen2.5:7b,GSM8K,480,1
2,mistral:latest,GSM8K,480,1
2,phi3:mini,MMLU,481,0
2,qwen2.5:7b,MMLU,481,1
2,mistral:latest,MMLU,481,1
2,phi3:mini,MMLU,482,0
2,qwen2.5:7b,MMLU,482,0
2,mistral:latest,MMLU,482,0
2,phi3:mini,MMLU,483,1
2,qwen2.5:7b,MMLU,483,0
2,mistral:latest,MMLU,483,0
2,phi3:mini,SQuAD,484,1
2,qwen2.5:7b,SQuAD,484,1
2,mistral:latest,SQuAD,484,1
2,phi3:mini,HellaSwag,485,0
2,qwen2.5:7b,HellaSwag,485,0
2,mistral:latest,HellaSwag,485,1
2,phi3:mini,MMLU,486,0
2,qwen2.5:7b,MMLU,486,1
2,mistral:latest,MMLU,486,1
2,phi3:mini,SQuAD,487,1
2,qwen2.5:7b,SQuAD,487,1
2,mistral:latest,SQuAD,487,1
2,phi3:mini,HumanEval,488,1
2,qwen2.5:7b,HumanEval,488,1
2,mistral:latest,HumanEval,488,1
2,phi3:mini,HumanEval,489,1
2,qwen2.5:7b,HumanEval,489,1
2,mistral:latest,HumanEval,489,1
2,phi3:mini,HellaSwag,490,0
2,qwen2.5:7b,HellaSwag,490,0
2,mistral:latest,HellaSwag,490,1
2,phi3:mini,MMLU,491,0
2,qwen2.5:7b,MMLU,491,1
2,mistral:latest,MMLU,491,1
2,phi3:mini,HellaSwag,492,0
2,qwen2.5:7b,HellaSwag,492,1
2,mistral:latest,HellaSwag,492,1
2,phi3:mini,MMLU,493,1
2,qwen2.5:7b,MMLU,493,1
2,mistral:latest,MMLU,493,1
2,phi3:mini,GSM8K,494,0
2,qwen2.5:7b,GSM8K,494,1
2,mistral:latest,GSM8K,494,0
2,phi3:mini,GSM8K,495,0
2,qwen2.5:7b,GSM8K,495,1
2,mistral:latest,GSM8K,495,0
2,phi3:mini,GSM8K,496,0
2,qwen2.5:7b,GSM8K,496,1
2,mistral:latest,GSM8K,496,0
2,phi3:mini,HellaSwag,497,1
2,qwen2.5:7b,HellaSwag,497,1
2,mistral:latest,HellaSwag,497,1
2,phi3:mini,MMLU,498,1
2,qwen2.5:7b,MMLU,498,1
2,mistral:latest,MMLU,498,1
2,phi3:mini,MMLU,499,1
2,qwen2.5:7b,MMLU,499,1
2,mistral:latest,MMLU,499,1
2,phi3:mini,HellaSwag,500,1
2,qwen2.5:7b,HellaSwag,500,1
2,mistral:latest,HellaSwag,500,1
3,phi3:mini,GSM8K,1,0
3,qwen2.5:7b,GSM8K,1,1
3,mistral:latest,GSM8K,1,1
3,phi3:mini,HellaSwag,2,0
3,qwen2.5:7b,HellaSwag,2,1
3,mistral:latest,HellaSwag,2,1
3,phi3:mini,MMLU,3,1
3,qwen2.5:7b,MMLU,3,1
3,mistral:latest,MMLU,3,1
3,phi3:mini,GSM8K,4,0
3,qwen2.5:7b,GSM8K,4,1
3,mistral:latest,GSM8K,4,1
3,phi3:mini,MMLU,5,0
3,qwen2.5:7b,MMLU,5,1
3,mistral:latest,MMLU,5,1
3,phi3:mini,MMLU,6,1
3,qwen2.5:7b,MMLU,6,0
3,mistral:latest,MMLU,6,1
3,phi3:mini,HellaSwag,7,1
3,qwen2.5:7b,HellaSwag,7,1
3,mistral:latest,HellaSwag,7,1
3,phi3:mini,SQuAD,8,1
3,qwen2.5:7b,SQuAD,8,1
3,mistral:latest,SQuAD,8,1
3,phi3:mini,MMLU,9,1
3,qwen2.5:7b,MMLU,9,1
3,mistral:latest,MMLU,9,1
3,phi3:mini,HellaSwag,10,0
3,qwen2.5:7b,HellaSwag,10,0
3,mistral:latest,HellaSwag,10,0
3,phi3:mini,HumanEval,11,1
3,qwen2.5:7b,HumanEval,11,1
3,mistral:latest,HumanEval,11,1
3,phi3:mini,HumanEval,12,1
3,qwen2.5:7b,HumanEval,12,1
3,mistral:latest,HumanEval,12,1
3,phi3:mini,MMLU,13,1
3,qwen2.5:7b,MMLU,13,1
3,mistral:latest,MMLU,13,0
3,phi3:mini,SQuAD,14,0
3,qwen2.5:7b,SQuAD,14,0
3,mistral:latest,SQuAD,14,1
3,phi3:mini,HumanEval,15,1
3,qwen2.5:7b,HumanEval,15,1
3,mistral:latest,HumanEval,15,1
3,phi3:mini,MMLU,16,1
3,qwen2.5:7b,MMLU,16,1
3,mistral:latest,MMLU,16,0
3,phi3:mini,HellaSwag,17,0
3,qwen2.5:7b,HellaSwag,17,0
3,mistral:latest,HellaSwag,17,1
3,phi3:mini,GSM8K,18,0
3,qwen2.5:7b,GSM8K,18,1
3,mistral:latest,GSM8K,18,0
3,phi3:mini,SQuAD,19,0
3,qwen2.5:7b,SQuAD,19,1
3,mistral:latest,SQuAD,19,1
3,phi3:mini,SQuAD,20,1
3,qwen2.5:7b,SQuAD,20,1
3,mistral:latest,SQuAD,20,1
3,phi3:mini,HumanEval,21,1
3,qwen2.5:7b,HumanEval,21,1
3,mistral:latest,HumanEval,21,1
3,phi3:mini,HellaSwag,22,0
3,qwen2.5:7b,HellaSwag,22,0
3,mistral:latest,HellaSwag,22,1
3,phi3:mini,SQuAD,23,1
3,qwen2.5:7b,SQuAD,23,1
3,mistral:latest,SQuAD,23,1
3,phi3:mini,HellaSwag,24,0
3,qwen2.5:7b,HellaSwag,24,1
3,mistral:latest,HellaSwag,24,0
3,phi3:mini,MMLU,25,1
3,qwen2.5:7b,MMLU,25,1
3,mistral:latest,MMLU,25,1
3,phi3:mini,HumanEval,26,0
3,qwen2.5:7b,HumanEval,26,1
3,mistral:latest,HumanEval,26,1
3,phi3:mini,SQuAD,27,1
3,qwen2.5:7b,SQuAD,27,1
3,mistral:latest,SQuAD,27,1
3,phi3:mini,SQuAD,28,1
3,qwen2.5:7b,SQuAD,28,1
3,mistral:latest,SQuAD,28,1
3,phi3:mini,SQuAD,29,0
3,qwen2.5:7b,SQuAD,29,1
3,mistral:latest,SQuAD,29,1
3,phi3:mini,SQuAD,30,1
3,qwen2.5:7b,SQuAD,30,1
3,mistral:latest,SQuAD,30,1
3,phi3:mini,GSM8K,31,0
3,qwen2.5:7b,GSM8K,31,1
3,mistral:latest,GSM8K,31,1
3,phi3:mini,GSM8K,32,0
3,qwen2.5:7b,GSM8K,32,1
3,mistral:latest,GSM8K,32,1
3,phi3:mini,SQuAD,33,1
3,qwen2.5:7b,SQuAD,33,1
3,mistral:latest,SQuAD,33,1
3,phi3:mini,MMLU,34,1
3,qwen2.5:7b,MMLU,34,1
3,mistral:latest,MMLU,34,1
3,phi3:mini,SQuAD,35,1
3,qwen2.5:7b,SQuAD,35,1
3,mistral:latest,SQuAD,35,1
3,phi3:mini,MMLU,36,1
3,qwen2.5:7b,MMLU,36,1
3,mistral:latest,MMLU,36,1
3,phi3:mini,HumanEval,37,0
3,qwen2.5:7b,HumanEval,37,1
3,mistral:latest,HumanEval,37,1
3,phi3:mini,MMLU,38,1
3,qwen2.5:7b,MMLU,38,1
3,mistral:latest,MMLU,38,0
3,phi3:mini,SQuAD,39,1
3,qwen2.5:7b,SQuAD,39,1
3,mistral:latest,SQuAD,39,1
3,phi3:mini,GSM8K,40,1
3,qwen2.5:7b,GSM8K,40,1
3,mistral:latest,GSM8K,40,1
3,phi3:mini,HellaSwag,41,0
3,qwen2.5:7b,HellaSwag,41,1
3,mistral:latest,HellaSwag,41,1
3,phi3:mini,SQuAD,42,1
3,qwen2.5:7b,SQuAD,42,1
3,mistral:latest,SQuAD,42,1
3,phi3:mini,GSM8K,43,0
3,qwen2.5:7b,GSM8K,43,1
3,mistral:latest,GSM8K,43,1
3,phi3:mini,GSM8K,44,0
3,qwen2.5:7b,GSM8K,44,1
3,mistral:latest,GSM8K,44,1
3,phi3:mini,HellaSwag,45,0
3,qwen2.5:7b,HellaSwag,45,1
3,mistral:latest,HellaSwag,45,1
3,phi3:mini,GSM8K,46,0
3,qwen2.5:7b,GSM8K,46,1
3,mistral:latest,GSM8K,46,1
3,phi3:mini,GSM8K,47,0
3,qwen2.5:7b,GSM8K,47,1
3,mistral:latest,GSM8K,47,1
3,phi3:mini,HellaSwag,48,0
3,qwen2.5:7b,HellaSwag,48,0
3,mistral:latest,HellaSwag,48,0
3,phi3:mini,GSM8K,49,0
3,qwen2.5:7b,GSM8K,49,1
3,mistral:latest,GSM8K,49,1
3,phi3:mini,GSM8K,50,0
3,qwen2.5:7b,GSM8K,50,0
3,mistral:latest,GSM8K,50,0
3,phi3:mini,MMLU,51,0
3,qwen2.5:7b,MMLU,51,1
3,mistral:latest,MMLU,51,1
3,phi3:mini,MMLU,52,0
3,qwen2.5:7b,MMLU,52,1
3,mistral:latest,MMLU,52,1
3,phi3:mini,HumanEval,53,0
3,qwen2.5:7b,HumanEval,53,1
3,mistral:latest,HumanEval,53,1
3,phi3:mini,HellaSwag,54,0
3,qwen2.5:7b,HellaSwag,54,1
3,mistral:latest,HellaSwag,54,1
3,phi3:mini,MMLU,55,1
3,qwen2.5:7b,MMLU,55,1
3,mistral:latest,MMLU,55,1
3,phi3:mini,GSM8K,56,0
3,qwen2.5:7b,GSM8K,56,1
3,mistral:latest,GSM8K,56,1
3,phi3:mini,SQuAD,57,1
3,qwen2.5:7b,SQuAD,57,1
3,mistral:latest,SQuAD,57,1
3,phi3:mini,GSM8K,58,0
3,qwen2.5:7b,GSM8K,58,1
3,mistral:latest,GSM8K,58,1
3,phi3:mini,GSM8K,59,0
3,qwen2.5:7b,GSM8K,59,1
3,mistral:latest,GSM8K,59,1
3,phi3:mini,HellaSwag,60,1
3,qwen2.5:7b,HellaSwag,60,1
3,mistral:latest,HellaSwag,60,1
3,phi3:mini,GSM8K,61,0
3,qwen2.5:7b,GSM8K,61,1
3,mistral:latest,GSM8K,61,1
3,phi3:mini,HellaSwag,62,0
3,qwen2.5:7b,HellaSwag,62,0
3,mistral:latest,HellaSwag,62,0
3,phi3:mini,MMLU,63,1
3,qwen2.5:7b,MMLU,63,1
3,mistral:latest,MMLU,63,0
3,phi3:mini,GSM8K,64,0
3,qwen2.5:7b,GSM8K,64,1
3,mistral:latest,GSM8K,64,1
3,phi3:mini,MMLU,65,1
3,qwen2.5:7b,MMLU,65,1
3,mistral:latest,MMLU,65,1
3,phi3:mini,MMLU,66,1
3,qwen2.5:7b,MMLU,66,1
3,mistral:latest,MMLU,66,1
3,phi3:mini,HellaSwag,67,0
3,qwen2.5:7b,HellaSwag,67,1
3,mistral:latest,HellaSwag,67,1
3,phi3:mini,GSM8K,68,0
3,qwen2.5:7b,GSM8K,68,1
3,mistral:latest,GSM8K,68,0
3,phi3:mini,HellaSwag,69,0
3,qwen2.5:7b,HellaSwag,69,0
3,mistral:latest,HellaSwag,69,1
3,phi3:mini,HumanEval,70,0
3,qwen2.5:7b,HumanEval,70,1
3,mistral:latest,HumanEval,70,1
3,phi3:mini,MMLU,71,0
3,qwen2.5:7b,MMLU,71,1
3,mistral:latest,MMLU,71,1
3,phi3:mini,HumanEval,72,1
3,qwen2.5:7b,HumanEval,72,1
3,mistral:latest,HumanEval,72,1
3,phi3:mini,SQuAD,73,0
3,qwen2.5:7b,SQuAD,73,1
3,mistral:latest,SQuAD,73,1
3,phi3:mini,HellaSwag,74,0
3,qwen2.5:7b,HellaSwag,74,1
3,mistral:latest,HellaSwag,74,1
3,phi3:mini,HumanEval,75,0
3,qwen2.5:7b,HumanEval,75,1
3,mistral:latest,HumanEval,75,1
3,phi3:mini,HumanEval,76,1
3,qwen2.5:7b,HumanEval,76,1
3,mistral:latest,HumanEval,76,0
3,phi3:mini,GSM8K,77,0
3,qwen2.5:7b,GSM8K,77,1
3,mistral:latest,GSM8K,77,1
3,phi3:mini,HellaSwag,78,1
3,qwen2.5:7b,HellaSwag,78,1
3,mistral:latest,HellaSwag,78,1
3,phi3:mini,SQuAD,79,0
3,qwen2.5:7b,SQuAD,79,1
3,mistral:latest,SQuAD,79,1
3,phi3:mini,GSM8K,80,0
3,qwen2.5:7b,GSM8K,80,1
3,mistral:latest,GSM8K,80,1
3,phi3:mini,MMLU,81,1
3,qwen2.5:7b,MMLU,81,1
3,mistral:latest,MMLU,81,1
3,phi3:mini,MMLU,82,0
3,qwen2.5:7b,MMLU,82,0
3,mistral:latest,MMLU,82,0
3,phi3:mini,HumanEval,83,0
3,qwen2.5:7b,HumanEval,83,1
3,mistral:latest,HumanEval,83,1
3,phi3:mini,SQuAD,84,1
3,qwen2.5:7b,SQuAD,84,1
3,mistral:latest,SQuAD,84,1
3,phi3:mini,HellaSwag,85,1
3,qwen2.5:7b,HellaSwag,85,1
3,mistral:latest,HellaSwag,85,1
3,phi3:mini,HumanEval,86,0
3,qwen2.5:7b,HumanEval,86,1
3,mistral:latest,HumanEval,86,1
3,phi3:mini,HellaSwag,87,0
3,qwen2.5:7b,HellaSwag,87,1
3,mistral:latest,HellaSwag,87,1
3,phi3:mini,MMLU,88,1
3,qwen2.5:7b,MMLU,88,1
3,mistral:latest,MMLU,88,1
3,phi3:mini,HumanEval,89,0
3,qwen2.5:7b,HumanEval,89,1
3,mistral:latest,HumanEval,89,1
3,phi3:mini,MMLU,90,1
3,qwen2.5:7b,MMLU,90,1
3,mistral:latest,MMLU,90,1
3,phi3:mini,MMLU,91,1
3,qwen2.5:7b,MMLU,91,1
3,mistral:latest,MMLU,91,1
3,phi3:mini,GSM8K,92,0
3,qwen2.5:7b,GSM8K,92,1
3,mistral:latest,GSM8K,92,1
3,phi3:mini,SQuAD,93,1
3,qwen2.5:7b,SQuAD,93,1
3,mistral:latest,SQuAD,93,1
3,phi3:mini,SQuAD,94,1
3,qwen2.5:7b,SQuAD,94,1
3,mistral:latest,SQuAD,94,1
3,phi3:mini,GSM8K,95,0
3,qwen2.5:7b,GSM8K,95,1
3,mistral:latest,GSM8K,95,1
3,phi3:mini,MMLU,96,1
3,qwen2.5:7b,MMLU,96,1
3,mistral:latest,MMLU,96,1
3,phi3:mini,GSM8K,97,0
3,qwen2.5:7b,GSM8K,97,1
3,mistral:latest,GSM8K,97,0
3,phi3:mini,HumanEval,98,0
3,qwen2.5:7b,HumanEval,98,1
3,mistral:latest,HumanEval,98,0
3,phi3:mini,HellaSwag,99,0
3,qwen2.5:7b,HellaSwag,99,1
3,mistral:latest,HellaSwag,99,1
3,phi3:mini,GSM8K,100,0
3,qwen2.5:7b,GSM8K,100,1
3,mistral:latest,GSM8K,100,0
3,phi3:mini,SQuAD,101,1
3,qwen2.5:7b,SQuAD,101,1
3,mistral:latest,SQuAD,101,1
3,phi3:mini,HellaSwag,102,0
3,qwen2.5:7b,HellaSwag,102,1
3,mistral:latest,HellaSwag,102,1
3,phi3:mini,SQuAD,103,1
3,qwen2.5:7b,SQuAD,103,1
3,mistral:latest,SQuAD,103,1
3,phi3:mini,HellaSwag,104,0
3,qwen2.5:7b,HellaSwag,104,1
3,mistral:latest,HellaSwag,104,1
3,phi3:mini,MMLU,105,1
3,qwen2.5:7b,MMLU,105,0
3,mistral:latest,MMLU,105,1
3,phi3:mini,HellaSwag,106,0
3,qwen2.5:7b,HellaSwag,106,1
3,mistral:latest,HellaSwag,106,1
3,phi3:mini,GSM8K,107,0
3,qwen2.5:7b,GSM8K,107,1
3,mistral:latest,GSM8K,107,1
3,phi3:mini,HellaSwag,108,0
3,qwen2.5:7b,HellaSwag,108,1
3,mistral:latest,HellaSwag,108,1
3,phi3:mini,GSM8K,109,0
3,qwen2.5:7b,GSM8K,109,1
3,mistral:latest,GSM8K,109,1
3,phi3:mini,HellaSwag,110,0
3,qwen2.5:7b,HellaSwag,110,0
3,mistral:latest,HellaSwag,110,1
3,phi3:mini,MMLU,111,1
3,qwen2.5:7b,MMLU,111,1
3,mistral:latest,MMLU,111,1
3,phi3:mini,HellaSwag,112,0
3,qwen2.5:7b,HellaSwag,112,1
3,mistral:latest,HellaSwag,112,1
3,phi3:mini,MMLU,113,1
3,qwen2.5:7b,MMLU,113,1
3,mistral:latest,MMLU,113,1
3,phi3:mini,GSM8K,114,0
3,qwen2.5:7b,GSM8K,114,1
3,mistral:latest,GSM8K,114,0
3,phi3:mini,HellaSwag,115,0
3,qwen2.5:7b,HellaSwag,115,0
3,mistral:latest,HellaSwag,115,1
3,phi3:mini,HumanEval,116,0
3,qwen2.5:7b,HumanEval,116,1
3,mistral:latest,HumanEval,116,1
3,phi3:mini,HumanEval,117,0
3,qwen2.5:7b,HumanEval,117,1
3,mistral:latest,HumanEval,117,0
3,phi3:mini,GSM8K,118,0
3,qwen2.5:7b,GSM8K,118,1
3,mistral:latest,GSM8K,118,0
3,phi3:mini,MMLU,119,1
3,qwen2.5:7b,MMLU,119,1
3,mistral:latest,MMLU,119,1
3,phi3:mini,SQuAD,120,1
3,qwen2.5:7b,SQuAD,120,1
3,mistral:latest,SQuAD,120,1
3,phi3:mini,MMLU,121,0
3,qwen2.5:7b,MMLU,121,1
3,mistral:latest,MMLU,121,1
3,phi3:mini,SQuAD,122,0
3,qwen2.5:7b,SQuAD,122,1
3,mistral:latest,SQuAD,122,1
3,phi3:mini,HumanEval,123,0
3,qwen2.5:7b,HumanEval,123,1
3,mistral:latest,HumanEval,123,1
3,phi3:mini,SQuAD,124,1
3,qwen2.5:7b,SQuAD,124,1
3,mistral:latest,SQuAD,124,1
3,phi3:mini,SQuAD,125,1
3,qwen2.5:7b,SQuAD,125,1
3,mistral:latest,SQuAD,125,1
3,phi3:mini,HumanEval,126,0
3,qwen2.5:7b,HumanEval,126,1
3,mistral:latest,HumanEval,126,1
3,phi3:mini,SQuAD,127,1
3,qwen2.5:7b,SQuAD,127,1
3,mistral:latest,SQuAD,127,1
3,phi3:mini,GSM8K,128,0
3,qwen2.5:7b,GSM8K,128,1
3,mistral:latest,GSM8K,128,1
3,phi3:mini,GSM8K,129,0
3,qwen2.5:7b,GSM8K,129,1
3,mistral:latest,GSM8K,129,1
3,phi3:mini,HellaSwag,130,1
3,qwen2.5:7b,HellaSwag,130,1
3,mistral:latest,HellaSwag,130,1
3,phi3:mini,HellaSwag,131,1
3,qwen2.5:7b,HellaSwag,131,1
3,mistral:latest,HellaSwag,131,1
3,phi3:mini,MMLU,132,1
3,qwen2.5:7b,MMLU,132,1
3,mistral:latest,MMLU,132,1
3,phi3:mini,MMLU,133,1
3,qwen2.5:7b,MMLU,133,1
3,mistral:latest,MMLU,133,0
3,phi3:mini,HumanEval,134,0
3,qwen2.5:7b,HumanEval,134,1
3,mistral:latest,HumanEval,134,0
3,phi3:mini,SQuAD,135,0
3,qwen2.5:7b,SQuAD,135,1
3,mistral:latest,SQuAD,135,1
3,phi3:mini,MMLU,136,1
3,qwen2.5:7b,MMLU,136,1
3,mistral:latest,MMLU,136,1
3,phi3:mini,SQuAD,137,0
3,qwen2.5:7b,SQuAD,137,1
3,mistral:latest,SQuAD,137,1
3,phi3:mini,HellaSwag,138,0
3,qwen2.5:7b,HellaSwag,138,1
3,mistral:latest,HellaSwag,138,1
3,phi3:mini,HellaSwag,139,0
3,qwen2.5:7b,HellaSwag,139,1
3,mistral:latest,HellaSwag,139,1
3,phi3:mini,HumanEval,140,0
3,qwen2.5:7b,HumanEval,140,1
3,mistral:latest,HumanEval,140,1
3,phi3:mini,GSM8K,141,1
3,qwen2.5:7b,GSM8K,141,1
3,mistral:latest,GSM8K,141,0
3,phi3:mini,HumanEval,142,0
3,qwen2.5:7b,HumanEval,142,1
3,mistral:latest,HumanEval,142,1
3,phi3:mini,MMLU,143,1
3,qwen2.5:7b,MMLU,143,1
3,mistral:latest,MMLU,143,1
3,phi3:mini,GSM8K,144,0
3,qwen2.5:7b,GSM8K,144,1
3,mistral:latest,GSM8K,144,1
3,phi3:mini,GSM8K,145,0
3,qwen2.5:7b,GSM8K,145,1
3,mistral:latest,GSM8K,145,0
3,phi3:mini,GSM8K,146,0
3,qwen2.5:7b,GSM8K,146,1
3,mistral:latest,GSM8K,146,1
3,phi3:mini,HumanEval,147,0
3,qwen2.5:7b,HumanEval,147,1
3,mistral:latest,HumanEval,147,1
3,phi3:mini,SQuAD,148,1
3,qwen2.5:7b,SQuAD,148,1
3,mistral:latest,SQuAD,148,1
3,phi3:mini,SQuAD,149,1
3,qwen2.5:7b,SQuAD,149,1
3,mistral:latest,SQuAD,149,1
3,phi3:mini,HumanEval,150,1
3,qwen2.5:7b,HumanEval,150,1
3,mistral:latest,HumanEval,150,1
3,phi3:mini,SQuAD,151,1
3,qwen2.5:7b,SQuAD,151,1
3,mistral:latest,SQuAD,151,1
3,phi3:mini,GSM8K,152,0
3,qwen2.5:7b,GSM8K,152,1
3,mistral:latest,GSM8K,152,0
3,phi3:mini,HumanEval,153,1
3,qwen2.5:7b,HumanEval,153,1
3,mistral:latest,HumanEval,153,0
3,phi3:mini,SQuAD,154,1
3,qwen2.5:7b,SQuAD,154,1
3,mistral:latest,SQuAD,154,1
3,phi3:mini,HellaSwag,155,0
3,qwen2.5:7b,HellaSwag,155,0
3,mistral:latest,HellaSwag,155,0
3,phi3:mini,HumanEval,156,0
3,qwen2.5:7b,HumanEval,156,1
3,mistral:latest,HumanEval,156,1
3,phi3:mini,HellaSwag,157,1
3,qwen2.5:7b,HellaSwag,157,1
3,mistral:latest,HellaSwag,157,0
3,phi3:mini,MMLU,158,1
3,qwen2.5:7b,MMLU,158,1
3,mistral:latest,MMLU,158,1
3,phi3:mini,HumanEval,159,0
3,qwen2.5:7b,HumanEval,159,1
3,mistral:latest,HumanEval,159,1
3,phi3:mini,MMLU,160,1
3,qwen2.5:7b,MMLU,160,1
3,mistral:latest,MMLU,160,1
3,phi3:mini,GSM8K,161,0
3,qwen2.5:7b,GSM8K,161,1
3,mistral:latest,GSM8K,161,0
3,phi3:mini,SQuAD,162,1
3,qwen2.5:7b,SQuAD,162,1
3,mistral:latest,SQuAD,162,1
3,phi3:mini,SQuAD,163,1
3,qwen2.5:7b,SQuAD,163,1
3,mistral:latest,SQuAD,163,1
3,phi3:mini,SQuAD,164,1
3,qwen2.5:7b,SQuAD,164,1
3,mistral:latest,SQuAD,164,1
3,phi3:mini,HellaSwag,165,0
3,qwen2.5:7b,HellaSwag,165,1
3,mistral:latest,HellaSwag,165,1
3,phi3:mini,HellaSwag,166,1
3,qwen2.5:7b,HellaSwag,166,1
3,mistral:latest,HellaSwag,166,1
3,phi3:mini,GSM8K,167,0
3,qwen2.5:7b,GSM8K,167,1
3,mistral:latest,GSM8K,167,1
3,phi3:mini,SQuAD,168,1
3,qwen2.5:7b,SQuAD,168,1
3,mistral:latest,SQuAD,168,1
3,phi3:mini,HellaSwag,169,0
3,qwen2.5:7b,HellaSwag,169,1
3,mistral:latest,HellaSwag,169,1
3,phi3:mini,HellaSwag,170,1
3,qwen2.5:7b,HellaSwag,170,1
3,mistral:latest,HellaSwag,170,1
3,phi3:mini,GSM8K,171,0
3,qwen2.5:7b,GSM8K,171,1
3,mistral:latest,GSM8K,171,0
3,phi3:mini,SQuAD,172,1
3,qwen2.5:7b,SQuAD,172,1
3,mistral:latest,SQuAD,172,1
3,phi3:mini,HumanEval,173,0
3,qwen2.5:7b,HumanEval,173,1
3,mistral:latest,HumanEval,173,0
3,phi3:mini,MMLU,174,1
3,qwen2.5:7b,MMLU,174,1
3,mistral:latest,MMLU,174,0
3,phi3:mini,MMLU,175,1
3,qwen2.5:7b,MMLU,175,1
3,mistral:latest,MMLU,175,1
3,phi3:mini,MMLU,176,1
3,qwen2.5:7b,MMLU,176,1
3,mistral:latest,MMLU,176,1
3,phi3:mini,SQuAD,177,0
3,qwen2.5:7b,SQuAD,177,1
3,mistral:latest,SQuAD,177,1
3,phi3:mini,MMLU,178,0
3,qwen2.5:7b,MMLU,178,1
3,mistral:latest,MMLU,178,0
3,phi3:mini,HellaSwag,179,0
3,qwen2.5:7b,HellaSwag,179,1
3,mistral:latest,HellaSwag,179,1
3,phi3:mini,HumanEval,180,1
3,qwen2.5:7b,HumanEval,180,1
3,mistral:latest,HumanEval,180,1
3,phi3:mini,SQuAD,181,0
3,qwen2.5:7b,SQuAD,181,1
3,mistral:latest,SQuAD,181,1
3,phi3:mini,GSM8K,182,1
3,qwen2.5:7b,GSM8K,182,0
3,mistral:latest,GSM8K,182,1
3,phi3:mini,SQuAD,183,0
3,qwen2.5:7b,SQuAD,183,1
3,mistral:latest,SQuAD,183,1
3,phi3:mini,HumanEval,184,0
3,qwen2.5:7b,HumanEval,184,0
3,mistral:latest,HumanEval,184,0
3,phi3:mini,HumanEval,185,1
3,qwen2.5:7b,HumanEval,185,1
3,mistral:latest,HumanEval,185,1
3,phi3:mini,MMLU,186,1
3,qwen2.5:7b,MMLU,186,1
3,mistral:latest,MMLU,186,1
3,phi3:mini,MMLU,187,1
3,qwen2.5:7b,MMLU,187,1
3,mistral:latest,MMLU,187,1
3,phi3:mini,HumanEval,188,0
3,qwen2.5:7b,HumanEval,188,1
3,mistral:latest,HumanEval,188,1
3,phi3:mini,MMLU,189,0
3,qwen2.5:7b,MMLU,189,0
3,mistral:latest,MMLU,189,1
3,phi3:mini,GSM8K,190,1
3,qwen2.5:7b,GSM8K,190,1
3,mistral:latest,GSM8K,190,0
3,phi3:mini,HellaSwag,191,1
3,qwen2.5:7b,HellaSwag,191,1
3,mistral:latest,HellaSwag,191,1
3,phi3:mini,SQuAD,192,1
3,qwen2.5:7b,SQuAD,192,1
3,mistral:latest,SQuAD,192,1
3,phi3:mini,HellaSwag,193,0
3,qwen2.5:7b,HellaSwag,193,0
3,mistral:latest,HellaSwag,193,0
3,phi3:mini,HumanEval,194,0
3,qwen2.5:7b,HumanEval,194,1
3,mistral:latest,HumanEval,194,1
3,phi3:mini,GSM8K,195,0
3,qwen2.5:7b,GSM8K,195,1
3,mistral:latest,GSM8K,195,0
3,phi3:mini,SQuAD,196,1
3,qwen2.5:7b,SQuAD,196,1
3,mistral:latest,SQuAD,196,1
3,phi3:mini,MMLU,197,0
3,qwen2.5:7b,MMLU,197,1
3,mistral:latest,MMLU,197,0
3,phi3:mini,MMLU,198,1
3,qwen2.5:7b,MMLU,198,1
3,mistral:latest,MMLU,198,1
3,phi3:mini,GSM8K,199,0
3,qwen2.5:7b,GSM8K,199,1
3,mistral:latest,GSM8K,199,1
3,phi3:mini,HumanEval,200,0
3,qwen2.5:7b,HumanEval,200,1
3,mistral:latest,HumanEval,200,1
3,phi3:mini,SQuAD,201,1
3,qwen2.5:7b,SQuAD,201,1
3,mistral:latest,SQuAD,201,1
3,phi3:mini,SQuAD,202,0
3,qwen2.5:7b,SQuAD,202,1
3,mistral:latest,SQuAD,202,1
3,phi3:mini,HellaSwag,203,0
3,qwen2.5:7b,HellaSwag,203,1
3,mistral:latest,HellaSwag,203,1
3,phi3:mini,HumanEval,204,1
3,qwen2.5:7b,HumanEval,204,1
3,mistral:latest,HumanEval,204,1
3,phi3:mini,SQuAD,205,0
3,qwen2.5:7b,SQuAD,205,1
3,mistral:latest,SQuAD,205,0
3,phi3:mini,HumanEval,206,1
3,qwen2.5:7b,HumanEval,206,1
3,mistral:latest,HumanEval,206,1
3,phi3:mini,GSM8K,207,0
3,qwen2.5:7b,GSM8K,207,1
3,mistral:latest,GSM8K,207,1
3,phi3:mini,MMLU,208,1
3,qwen2.5:7b,MMLU,208,1
3,mistral:latest,MMLU,208,1
3,phi3:mini,SQuAD,209,1
3,qwen2.5:7b,SQuAD,209,1
3,mistral:latest,SQuAD,209,1
3,phi3:mini,GSM8K,210,0
3,qwen2.5:7b,GSM8K,210,1
3,mistral:latest,GSM8K,210,0
3,phi3:mini,HellaSwag,211,0
3,qwen2.5:7b,HellaSwag,211,1
3,mistral:latest,HellaSwag,211,0
3,phi3:mini,HellaSwag,212,0
3,qwen2.5:7b,HellaSwag,212,1
3,mistral:latest,HellaSwag,212,1
3,phi3:mini,HumanEval,213,1
3,qwen2.5:7b,HumanEval,213,1
3,mistral:latest,HumanEval,213,1
3,phi3:mini,SQuAD,214,1
3,qwen2.5:7b,SQuAD,214,1
3,mistral:latest,SQuAD,214,1
3,phi3:mini,HumanEval,215,1
3,qwen2.5:7b,HumanEval,215,0
3,mistral:latest,HumanEval,215,1
3,phi3:mini,HellaSwag,216,0
3,qwen2.5:7b,HellaSwag,216,1
3,mistral:latest,HellaSwag,216,1
3,phi3:mini,SQuAD,217,1
3,qwen2.5:7b,SQuAD,217,1
3,mistral:latest,SQuAD,217,1
3,phi3:mini,HumanEval,218,0
3,qwen2.5:7b,HumanEval,218,0
3,mistral:latest,HumanEval,218,0
3,phi3:mini,HumanEval,219,0
3,qwen2.5:7b,HumanEval,219,1
3,mistral:latest,HumanEval,219,0
3,phi3:mini,MMLU,220,1
3,qwen2.5:7b,MMLU,220,1
3,mistral:latest,MMLU,220,1
3,phi3:mini,SQuAD,221,1
3,qwen2.5:7b,SQuAD,221,1
3,mistral:latest,SQuAD,221,1
3,phi3:mini,HumanEval,222,0
3,qwen2.5:7b,HumanEval,222,0
3,mistral:latest,HumanEval,222,1
3,phi3:mini,MMLU,223,1
3,qwen2.5:7b,MMLU,223,1
3,mistral:latest,MMLU,223,1
3,phi3:mini,HellaSwag,224,0
3,qwen2.5:7b,HellaSwag,224,1
3,mistral:latest,HellaSwag,224,1
3,phi3:mini,GSM8K,225,0
3,qwen2.5:7b,GSM8K,225,1
3,mistral:latest,GSM8K,225,1
3,phi3:mini,HumanEval,226,0
3,qwen2.5:7b,HumanEval,226,1
3,mistral:latest,HumanEval,226,0
3,phi3:mini,MMLU,227,1
3,qwen2.5:7b,MMLU,227,1
3,mistral:latest,MMLU,227,1
3,phi3:mini,HellaSwag,228,1
3,qwen2.5:7b,HellaSwag,228,0
3,mistral:latest,HellaSwag,228,0
3,phi3:mini,GSM8K,229,0
3,qwen2.5:7b,GSM8K,229,1
3,mistral:latest,GSM8K,229,0
3,phi3:mini,HumanEval,230,0
3,qwen2.5:7b,HumanEval,230,1
3,mistral:latest,HumanEval,230,1
3,phi3:mini,HumanEval,231,0
3,qwen2.5:7b,HumanEval,231,1
3,mistral:latest,HumanEval,231,1
3,phi3:mini,HumanEval,232,0
3,qwen2.5:7b,HumanEval,232,1
3,mistral:latest,HumanEval,232,1
3,phi3:mini,SQuAD,233,1
3,qwen2.5:7b,SQuAD,233,1
3,mistral:latest,SQuAD,233,1
3,phi3:mini,HumanEval,234,0
3,qwen2.5:7b,HumanEval,234,1
3,mistral:latest,HumanEval,234,1
3,phi3:mini,GSM8K,235,0
3,qwen2.5:7b,GSM8K,235,0
3,mistral:latest,GSM8K,235,0
3,phi3:mini,HellaSwag,236,0
3,qwen2.5:7b,HellaSwag,236,1
3,mistral:latest,HellaSwag,236,1
3,phi3:mini,MMLU,237,1
3,qwen2.5:7b,MMLU,237,1
3,mistral:latest,MMLU,237,1
3,phi3:mini,HumanEval,238,1
3,qwen2.5:7b,HumanEval,238,1
3,mistral:latest,HumanEval,238,1
3,phi3:mini,GSM8K,239,0
3,qwen2.5:7b,GSM8K,239,1
3,mistral:latest,GSM8K,239,1
3,phi3:mini,SQuAD,240,1
3,qwen2.5:7b,SQuAD,240,1
3,mistral:latest,SQuAD,240,1
3,phi3:mini,HumanEval,241,1
3,qwen2.5:7b,HumanEval,241,1
3,mistral:latest,HumanEval,241,1
3,phi3:mini,MMLU,242,1
3,qwen2.5:7b,MMLU,242,1
3,mistral:latest,MMLU,242,1
3,phi3:mini,GSM8K,243,1
3,qwen2.5:7b,GSM8K,243,1
3,mistral:latest,GSM8K,243,0
3,phi3:mini,SQuAD,244,1
3,qwen2.5:7b,SQuAD,244,1
3,mistral:latest,SQuAD,244,1
3,phi3:mini,SQuAD,245,1
3,qwen2.5:7b,SQuAD,245,1
3,mistral:latest,SQuAD,245,0
3,phi3:mini,SQuAD,246,0
3,qwen2.5:7b,SQuAD,246,1
3,mistral:latest,SQuAD,246,1
3,phi3:mini,MMLU,247,0
3,qwen2.5:7b,MMLU,247,1
3,mistral:latest,MMLU,247,1
3,phi3:mini,HumanEval,248,1
3,qwen2.5:7b,HumanEval,248,1
3,mistral:latest,HumanEval,248,1
3,phi3:mini,GSM8K,249,1
3,qwen2.5:7b,GSM8K,249,1
3,mistral:latest,GSM8K,249,0
3,phi3:mini,GSM8K,250,0
3,qwen2.5:7b,GSM8K,250,1
3,mistral:latest,GSM8K,250,1
3,phi3:mini,SQuAD,251,1
3,qwen2.5:7b,SQuAD,251,1
3,mistral:latest,SQuAD,251,1
3,phi3:mini,HumanEval,252,1
3,qwen2.5:7b,HumanEval,252,1
3,mistral:latest,HumanEval,252,1
3,phi3:mini,HumanEval,253,0
3,qwen2.5:7b,HumanEval,253,1
3,mistral:latest,HumanEval,253,0
3,phi3:mini,HumanEval,254,1
3,qwen2.5:7b,HumanEval,254,1
3,mistral:latest,HumanEval,254,1
3,phi3:mini,HumanEval,255,1
3,qwen2.5:7b,HumanEval,255,1
3,mistral:latest,HumanEval,255,1
3,phi3:mini,GSM8K,256,0
3,qwen2.5:7b,GSM8K,256,1
3,mistral:latest,GSM8K,256,0
3,phi3:mini,SQuAD,257,1
3,qwen2.5:7b,SQuAD,257,1
3,mistral:latest,SQuAD,257,1
3,phi3:mini,HumanEval,258,0
3,qwen2.5:7b,HumanEval,258,1
3,mistral:latest,HumanEval,258,1
3,phi3:mini,GSM8K,259,0
3,qwen2.5:7b,GSM8K,259,1
3,mistral:latest,GSM8K,259,1
3,phi3:mini,SQuAD,260,1
3,qwen2.5:7b,SQuAD,260,1
3,mistral:latest,SQuAD,260,1
3,phi3:mini,GSM8K,261,0
3,qwen2.5:7b,GSM8K,261,1
3,mistral:latest,GSM8K,261,0
3,phi3:mini,HellaSwag,262,0
3,qwen2.5:7b,HellaSwag,262,0
3,mistral:latest,HellaSwag,262,1
3,phi3:mini,MMLU,263,1
3,qwen2.5:7b,MMLU,263,1
3,mistral:latest,MMLU,263,1
3,phi3:mini,SQuAD,264,0
3,qwen2.5:7b,SQuAD,264,1
3,mistral:latest,SQuAD,264,1
3,phi3:mini,MMLU,265,0
3,qwen2.5:7b,MMLU,265,1
3,mistral:latest,MMLU,265,1
3,phi3:mini,HumanEval,266,1
3,qwen2.5:7b,HumanEval,266,1
3,mistral:latest,HumanEval,266,1
3,phi3:mini,HumanEval,267,1
3,qwen2.5:7b,HumanEval,267,1
3,mistral:latest,HumanEval,267,1
3,phi3:mini,HellaSwag,268,0
3,qwen2.5:7b,HellaSwag,268,0
3,mistral:latest,HellaSwag,268,1
3,phi3:mini,HellaSwag,269,0
3,qwen2.5:7b,HellaSwag,269,1
3,mistral:latest,HellaSwag,269,0
3,phi3:mini,MMLU,270,1
3,qwen2.5:7b,MMLU,270,1
3,mistral:latest,MMLU,270,1
3,phi3:mini,GSM8K,271,0
3,qwen2.5:7b,GSM8K,271,0
3,mistral:latest,GSM8K,271,1
3,phi3:mini,HellaSwag,272,0
3,qwen2.5:7b,HellaSwag,272,1
3,mistral:latest,HellaSwag,272,1
3,phi3:mini,GSM8K,273,0
3,qwen2.5:7b,GSM8K,273,1
3,mistral:latest,GSM8K,273,1
3,phi3:mini,HellaSwag,274,0
3,qwen2.5:7b,HellaSwag,274,1
3,mistral:latest,HellaSwag,274,1
3,phi3:mini,MMLU,275,1
3,qwen2.5:7b,MMLU,275,1
3,mistral:latest,MMLU,275,1
3,phi3:mini,SQuAD,276,1
3,qwen2.5:7b,SQuAD,276,1
3,mistral:latest,SQuAD,276,1
3,phi3:mini,SQuAD,277,1
3,qwen2.5:7b,SQuAD,277,1
3,mistral:latest,SQuAD,277,1
3,phi3:mini,SQuAD,278,0
3,qwen2.5:7b,SQuAD,278,1
3,mistral:latest,SQuAD,278,1
3,phi3:mini,HellaSwag,279,1
3,qwen2.5:7b,HellaSwag,279,1
3,mistral:latest,HellaSwag,279,1
3,phi3:mini,HellaSwag,280,0
3,qwen2.5:7b,HellaSwag,280,0
3,mistral:latest,HellaSwag,280,0
3,phi3:mini,GSM8K,281,0
3,qwen2.5:7b,GSM8K,281,1
3,mistral:latest,GSM8K,281,1
3,phi3:mini,GSM8K,282,0
3,qwen2.5:7b,GSM8K,282,1
3,mistral:latest,GSM8K,282,1
3,phi3:mini,HellaSwag,283,0
3,qwen2.5:7b,HellaSwag,283,0
3,mistral:latest,HellaSwag,283,0
3,phi3:mini,HellaSwag,284,0
3,qwen2.5:7b,HellaSwag,284,1
3,mistral:latest,HellaSwag,284,0
3,phi3:mini,HellaSwag,285,0
3,qwen2.5:7b,HellaSwag,285,0
3,mistral:latest,HellaSwag,285,0
3,phi3:mini,HellaSwag,286,0
3,qwen2.5:7b,HellaSwag,286,0
3,mistral:latest,HellaSwag,286,0
3,phi3:mini,HellaSwag,287,1
3,qwen2.5:7b,HellaSwag,287,1
3,mistral:latest,HellaSwag,287,0
3,phi3:mini,MMLU,288,1
3,qwen2.5:7b,MMLU,288,1
3,mistral:latest,MMLU,288,1
3,phi3:mini,SQuAD,289,1
3,qwen2.5:7b,SQuAD,289,1
3,mistral:latest,SQuAD,289,1
3,phi3:mini,SQuAD,290,0
3,qwen2.5:7b,SQuAD,290,1
3,mistral:latest,SQuAD,290,0
3,phi3:mini,MMLU,291,1
3,qwen2.5:7b,MMLU,291,1
3,mistral:latest,MMLU,291,1
3,phi3:mini,MMLU,292,1
3,qwen2.5:7b,MMLU,292,1
3,mistral:latest,MMLU,292,1
3,phi3:mini,SQuAD,293,1
3,qwen2.5:7b,SQuAD,293,1
3,mistral:latest,SQuAD,293,1
3,phi3:mini,HumanEval,294,0
3,qwen2.5:7b,HumanEval,294,1
3,mistral:latest,HumanEval,294,1
3,phi3:mini,SQuAD,295,1
3,qwen2.5:7b,SQuAD,295,1
3,mistral:latest,SQuAD,295,1
3,phi3:mini,MMLU,296,1
3,qwen2.5:7b,MMLU,296,1
3,mistral:latest,MMLU,296,1
3,phi3:mini,HumanEval,297,1
3,qwen2.5:7b,HumanEval,297,1
3,mistral:latest,HumanEval,297,1
3,phi3:mini,HellaSwag,298,0
3,qwen2.5:7b,HellaSwag,298,1
3,mistral:latest,HellaSwag,298,1
3,phi3:mini,GSM8K,299,0
3,qwen2.5:7b,GSM8K,299,1
3,mistral:latest,GSM8K,299,0
3,phi3:mini,MMLU,300,0
3,qwen2.5:7b,MMLU,300,1
3,mistral:latest,MMLU,300,1
3,phi3:mini,GSM8K,301,0
3,qwen2.5:7b,GSM8K,301,1
3,mistral:latest,GSM8K,301,1
3,phi3:mini,GSM8K,302,0
3,qwen2.5:7b,GSM8K,302,1
3,mistral:latest,GSM8K,302,0
3,phi3:mini,HellaSwag,303,0
3,qwen2.5:7b,HellaSwag,303,1
3,mistral:latest,HellaSwag,303,0
3,phi3:mini,HellaSwag,304,0
3,qwen2.5:7b,HellaSwag,304,1
3,mistral:latest,HellaSwag,304,1
3,phi3:mini,MMLU,305,0
3,qwen2.5:7b,MMLU,305,0
3,mistral:latest,MMLU,305,0
3,phi3:mini,SQuAD,306,0
3,qwen2.5:7b,SQuAD,306,0
3,mistral:latest,SQuAD,306,1
3,phi3:mini,GSM8K,307,0
3,qwen2.5:7b,GSM8K,307,1
3,mistral:latest,GSM8K,307,1
3,phi3:mini,HellaSwag,308,1
3,qwen2.5:7b,HellaSwag,308,1
3,mistral:latest,HellaSwag,308,1
3,phi3:mini,MMLU,309,1
3,qwen2.5:7b,MMLU,309,0
3,mistral:latest,MMLU,309,1
3,phi3:mini,SQuAD,310,0
3,qwen2.5:7b,SQuAD,310,1
3,mistral:latest,SQuAD,310,1
3,phi3:mini,SQuAD,311,0
3,qwen2.5:7b,SQuAD,311,1
3,mistral:latest,SQuAD,311,1
3,phi3:mini,MMLU,312,1
3,qwen2.5:7b,MMLU,312,1
3,mistral:latest,MMLU,312,1
3,phi3:mini,GSM8K,313,0
3,qwen2.5:7b,GSM8K,313,1
3,mistral:latest,GSM8K,313,0
3,phi3:mini,HellaSwag,314,0
3,qwen2.5:7b,HellaSwag,314,1
3,mistral:latest,HellaSwag,314,0
3,phi3:mini,HumanEval,315,0
3,qwen2.5:7b,HumanEval,315,1
3,mistral:latest,HumanEval,315,1
3,phi3:mini,HellaSwag,316,1
3,qwen2.5:7b,HellaSwag,316,1
3,mistral:latest,HellaSwag,316,0
3,phi3:mini,HellaSwag,317,0
3,qwen2.5:7b,HellaSwag,317,0
3,mistral:latest,HellaSwag,317,1
3,phi3:mini,GSM8K,318,0
3,qwen2.5:7b,GSM8K,318,1
3,mistral:latest,GSM8K,318,0
3,phi3:mini,MMLU,319,1
3,qwen2.5:7b,MMLU,319,1
3,mistral:latest,MMLU,319,1
3,phi3:mini,SQuAD,320,1
3,qwen2.5:7b,SQuAD,320,1
3,mistral:latest,SQuAD,320,1
3,phi3:mini,MMLU,321,1
3,qwen2.5:7b,MMLU,321,1
3,mistral:latest,MMLU,321,1
3,phi3:mini,SQuAD,322,0
3,qwen2.5:7b,SQuAD,322,1
3,mistral:latest,SQuAD,322,1
3,phi3:mini,HumanEval,323,0
3,qwen2.5:7b,HumanEval,323,1
3,mistral:latest,HumanEval,323,1
3,phi3:mini,MMLU,324,1
3,qwen2.5:7b,MMLU,324,1
3,mistral:latest,MMLU,324,0
3,phi3:mini,HumanEval,325,0
3,qwen2.5:7b,HumanEval,325,1
3,mistral:latest,HumanEval,325,1
3,phi3:mini,MMLU,326,0
3,qwen2.5:7b,MMLU,326,0
3,mistral:latest,MMLU,326,1
3,phi3:mini,SQuAD,327,1
3,qwen2.5:7b,SQuAD,327,1
3,mistral:latest,SQuAD,327,1
3,phi3:mini,HumanEval,328,0
3,qwen2.5:7b,HumanEval,328,1
3,mistral:latest,HumanEval,328,1
3,phi3:mini,HumanEval,329,0
3,qwen2.5:7b,HumanEval,329,1
3,mistral:latest,HumanEval,329,0
3,phi3:mini,HumanEval,330,0
3,qwen2.5:7b,HumanEval,330,1
3,mistral:latest,HumanEval,330,0
3,phi3:mini,HellaSwag,331,1
3,qwen2.5:7b,HellaSwag,331,0
3,mistral:latest,HellaSwag,331,1
3,phi3:mini,HumanEval,332,0
3,qwen2.5:7b,HumanEval,332,0
3,mistral:latest,HumanEval,332,1
3,phi3:mini,HumanEval,333,0
3,qwen2.5:7b,HumanEval,333,1
3,mistral:latest,HumanEval,333,1
3,phi3:mini,MMLU,334,0
3,qwen2.5:7b,MMLU,334,0
3,mistral:latest,MMLU,334,1
3,phi3:mini,MMLU,335,1
3,qwen2.5:7b,MMLU,335,1
3,mistral:latest,MMLU,335,1
3,phi3:mini,SQuAD,336,1
3,qwen2.5:7b,SQuAD,336,1
3,mistral:latest,SQuAD,336,1
3,phi3:mini,GSM8K,337,0
3,qwen2.5:7b,GSM8K,337,0
3,mistral:latest,GSM8K,337,0
3,phi3:mini,SQuAD,338,1
3,qwen2.5:7b,SQuAD,338,1
3,mistral:latest,SQuAD,338,1
3,phi3:mini,SQuAD,339,1
3,qwen2.5:7b,SQuAD,339,1
3,mistral:latest,SQuAD,339,1
3,phi3:mini,HumanEval,340,1
3,qwen2.5:7b,HumanEval,340,1
3,mistral:latest,HumanEval,340,1
3,phi3:mini,GSM8K,341,1
3,qwen2.5:7b,GSM8K,341,1
3,mistral:latest,GSM8K,341,1
3,phi3:mini,GSM8K,342,1
3,qwen2.5:7b,GSM8K,342,1
3,mistral:latest,GSM8K,342,0
3,phi3:mini,MMLU,343,0
3,qwen2.5:7b,MMLU,343,1
3,mistral:latest,MMLU,343,1
3,phi3:mini,HellaSwag,344,0
3,qwen2.5:7b,HellaSwag,344,1
3,mistral:latest,HellaSwag,344,1
3,phi3:mini,HumanEval,345,1
3,qwen2.5:7b,HumanEval,345,1
3,mistral:latest,HumanEval,345,1
3,phi3:mini,HumanEval,346,1
3,qwen2.5:7b,HumanEval,346,1
3,mistral:latest,HumanEval,346,1
3,phi3:mini,HumanEval,347,0
3,qwen2.5:7b,HumanEval,347,1
3,mistral:latest,HumanEval,347,1
3,phi3:mini,MMLU,348,1
3,qwen2.5:7b,MMLU,348,1
3,mistral:latest,MMLU,348,1
3,phi3:mini,MMLU,349,1
3,qwen2.5:7b,MMLU,349,1
3,mistral:latest,MMLU,349,1
3,phi3:mini,MMLU,350,1
3,qwen2.5:7b,MMLU,350,1
3,mistral:latest,MMLU,350,1
3,phi3:mini,MMLU,351,1
3,qwen2.5:7b,MMLU,351,1
3,mistral:latest,MMLU,351,1
3,phi3:mini,SQuAD,352,1
3,qwen2.5:7b,SQuAD,352,1
3,mistral:latest,SQuAD,352,0
3,phi3:mini,SQuAD,353,1
3,qwen2.5:7b,SQuAD,353,1
3,mistral:latest,SQuAD,353,1
3,phi3:mini,MMLU,354,1
3,qwen2.5:7b,MMLU,354,1
3,mistral:latest,MMLU,354,1
3,phi3:mini,HellaSwag,355,0
3,qwen2.5:7b,HellaSwag,355,1
3,mistral:latest,HellaSwag,355,1
3,phi3:mini,HumanEval,356,0
3,qwen2.5:7b,HumanEval,356,1
3,mistral:latest,HumanEval,356,1
3,phi3:mini,SQuAD,357,0
3,qwen2.5:7b,SQuAD,357,1
3,mistral:latest,SQuAD,357,1
3,phi3:mini,SQuAD,358,1
3,qwen2.5:7b,SQuAD,358,1
3,mistral:latest,SQuAD,358,1
3,phi3:mini,SQuAD,359,1
3,qwen2.5:7b,SQuAD,359,1
3,mistral:latest,SQuAD,359,1
3,phi3:mini,SQuAD,360,1
3,qwen2.5:7b,SQuAD,360,1
3,mistral:latest,SQuAD,360,1
3,phi3:mini,GSM8K,361,0
3,qwen2.5:7b,GSM8K,361,1
3,mistral:latest,GSM8K,361,0
3,phi3:mini,SQuAD,362,1
3,qwen2.5:7b,SQuAD,362,1
3,mistral:latest,SQuAD,362,1
3,phi3:mini,HumanEval,363,0
3,qwen2.5:7b,HumanEval,363,1
3,mistral:latest,HumanEval,363,1
3,phi3:mini,GSM8K,364,0
3,qwen2.5:7b,GSM8K,364,1
3,mistral:latest,GSM8K,364,1
3,phi3:mini,HumanEval,365,0
3,qwen2.5:7b,HumanEval,365,1
3,mistral:latest,HumanEval,365,1
3,phi3:mini,HumanEval,366,0
3,qwen2.5:7b,HumanEval,366,1
3,mistral:latest,HumanEval,366,1
3,phi3:mini,MMLU,367,1
3,qwen2.5:7b,MMLU,367,1
3,mistral:latest,MMLU,367,1
3,phi3:mini,SQuAD,368,1
3,qwen2.5:7b,SQuAD,368,1
3,mistral:latest,SQuAD,368,1
3,phi3:mini,HellaSwag,369,0
3,qwen2.5:7b,HellaSwag,369,1
3,mistral:latest,HellaSwag,369,0
3,phi3:mini,SQuAD,370,0
3,qwen2.5:7b,SQuAD,370,1
3,mistral:latest,SQuAD,370,0
3,phi3:mini,SQuAD,371,0
3,qwen2.5:7b,SQuAD,371,1
3,mistral:latest,SQuAD,371,1
3,phi3:mini,HellaSwag,372,0
3,qwen2.5:7b,HellaSwag,372,0
3,mistral:latest,HellaSwag,372,0
3,phi3:mini,HellaSwag,373,0
3,qwen2.5:7b,HellaSwag,373,1
3,mistral:latest,HellaSwag,373,1
3,phi3:mini,HellaSwag,374,1
3,qwen2.5:7b,HellaSwag,374,1
3,mistral:latest,HellaSwag,374,0
3,phi3:mini,HellaSwag,375,0
3,qwen2.5:7b,HellaSwag,375,0
3,mistral:latest,HellaSwag,375,1
3,phi3:mini,SQuAD,376,1
3,qwen2.5:7b,SQuAD,376,1
3,mistral:latest,SQuAD,376,1
3,phi3:mini,GSM8K,377,0
3,qwen2.5:7b,GSM8K,377,1
3,mistral:latest,GSM8K,377,1
3,phi3:mini,MMLU,378,1
3,qwen2.5:7b,MMLU,378,1
3,mistral:latest,MMLU,378,1
3,phi3:mini,GSM8K,379,0
3,qwen2.5:7b,GSM8K,379,1
3,mistral:latest,GSM8K,379,1
3,phi3:mini,SQuAD,380,0
3,qwen2.5:7b,SQuAD,380,1
3,mistral:latest,SQuAD,380,1
3,phi3:mini,GSM8K,381,0
3,qwen2.5:7b,GSM8K,381,1
3,mistral:latest,GSM8K,381,1
3,phi3:mini,HumanEval,382,1
3,qwen2.5:7b,HumanEval,382,1
3,mistral:latest,HumanEval,382,1
3,phi3:mini,GSM8K,383,0
3,qwen2.5:7b,GSM8K,383,1
3,mistral:latest,GSM8K,383,1
3,phi3:mini,MMLU,384,1
3,qwen2.5:7b,MMLU,384,1
3,mistral:latest,MMLU,384,1
3,phi3:mini,GSM8K,385,0
3,qwen2.5:7b,GSM8K,385,1
3,mistral:latest,GSM8K,385,0
3,phi3:mini,HellaSwag,386,0
3,qwen2.5:7b,HellaSwag,386,0
3,mistral:latest,HellaSwag,386,0
3,phi3:mini,HumanEval,387,0
3,qwen2.5:7b,HumanEval,387,1
3,mistral:latest,HumanEval,387,1
3,phi3:mini,SQuAD,388,1
3,qwen2.5:7b,SQuAD,388,1
3,mistral:latest,SQuAD,388,1
3,phi3:mini,HellaSwag,389,1
3,qwen2.5:7b,HellaSwag,389,1
3,mistral:latest,HellaSwag,389,1
3,phi3:mini,HumanEval,390,0
3,qwen2.5:7b,HumanEval,390,1
3,mistral:latest,HumanEval,390,0
3,phi3:mini,GSM8K,391,0
3,qwen2.5:7b,GSM8K,391,1
3,mistral:latest,GSM8K,391,1
3,phi3:mini,HumanEval,392,0
3,qwen2.5:7b,HumanEval,392,1
3,mistral:latest,HumanEval,392,1
3,phi3:mini,SQuAD,393,1
3,qwen2.5:7b,SQuAD,393,1
3,mistral:latest,SQuAD,393,1
3,phi3:mini,HumanEval,394,1
3,qwen2.5:7b,HumanEval,394,1
3,mistral:latest,HumanEval,394,1
3,phi3:mini,HumanEval,395,1
3,qwen2.5:7b,HumanEval,395,1
3,mistral:latest,HumanEval,395,1
3,phi3:mini,HumanEval,396,1
3,qwen2.5:7b,HumanEval,396,0
3,mistral:latest,HumanEval,396,1
3,phi3:mini,SQuAD,397,1
3,qwen2.5:7b,SQuAD,397,1
3,mistral:latest,SQuAD,397,1
3,phi3:mini,MMLU,398,1
3,qwen2.5:7b,MMLU,398,1
3,mistral:latest,MMLU,398,0
3,phi3:mini,HumanEval,399,0
3,qwen2.5:7b,HumanEval,399,1
3,mistral:latest,HumanEval,399,0
3,phi3:mini,HellaSwag,400,0
3,qwen2.5:7b,HellaSwag,400,1
3,mistral:latest,HellaSwag,400,1
3,phi3:mini,MMLU,401,1
3,qwen2.5:7b,MMLU,401,1
3,mistral:latest,MMLU,401,1
3,phi3:mini,HellaSwag,402,0
3,qwen2.5:7b,HellaSwag,402,1
3,mistral:latest,HellaSwag,402,0
3,phi3:mini,HellaSwag,403,0
3,qwen2.5:7b,HellaSwag,403,1
3,mistral:latest,HellaSwag,403,0
3,phi3:mini,HumanEval,404,0
3,qwen2.5:7b,HumanEval,404,1
3,mistral:latest,HumanEval,404,1
3,phi3:mini,GSM8K,405,0
3,qwen2.5:7b,GSM8K,405,1
3,mistral:latest,GSM8K,405,1
3,phi3:mini,HellaSwag,406,0
3,qwen2.5:7b,HellaSwag,406,0
3,mistral:latest,HellaSwag,406,0
3,phi3:mini,GSM8K,407,0
3,qwen2.5:7b,GSM8K,407,1
3,mistral:latest,GSM8K,407,1
3,phi3:mini,GSM8K,408,0
3,qwen2.5:7b,GSM8K,408,1
3,mistral:latest,GSM8K,408,1
3,phi3:mini,GSM8K,409,0
3,qwen2.5:7b,GSM8K,409,1
3,mistral:latest,GSM8K,409,1
3,phi3:mini,MMLU,410,1
3,qwen2.5:7b,MMLU,410,1
3,mistral:latest,MMLU,410,1
3,phi3:mini,GSM8K,411,0
3,qwen2.5:7b,GSM8K,411,0
3,mistral:latest,GSM8K,411,0
3,phi3:mini,HellaSwag,412,1
3,qwen2.5:7b,HellaSwag,412,0
3,mistral:latest,HellaSwag,412,0
3,phi3:mini,SQuAD,413,1
3,qwen2.5:7b,SQuAD,413,1
3,mistral:latest,SQuAD,413,1
3,phi3:mini,HumanEval,414,0
3,qwen2.5:7b,HumanEval,414,1
3,mistral:latest,HumanEval,414,1
3,phi3:mini,HumanEval,415,0
3,qwen2.5:7b,HumanEval,415,0
3,mistral:latest,HumanEval,415,1
3,phi3:mini,MMLU,416,1
3,qwen2.5:7b,MMLU,416,1
3,mistral:latest,MMLU,416,0
3,phi3:mini,HumanEval,417,0
3,qwen2.5:7b,HumanEval,417,1
3,mistral:latest,HumanEval,417,0
3,phi3:mini,HumanEval,418,1
3,qwen2.5:7b,HumanEval,418,1
3,mistral:latest,HumanEval,418,1
3,phi3:mini,GSM8K,419,0
3,qwen2.5:7b,GSM8K,419,1
3,mistral:latest,GSM8K,419,1
3,phi3:mini,HellaSwag,420,0
3,qwen2.5:7b,HellaSwag,420,1
3,mistral:latest,HellaSwag,420,0
3,phi3:mini,GSM8K,421,0
3,qwen2.5:7b,GSM8K,421,1
3,mistral:latest,GSM8K,421,0
3,phi3:mini,HellaSwag,422,0
3,qwen2.5:7b,HellaSwag,422,1
3,mistral:latest,HellaSwag,422,1
3,phi3:mini,MMLU,423,1
3,qwen2.5:7b,MMLU,423,0
3,mistral:latest,MMLU,423,1
3,phi3:mini,MMLU,424,1
3,qwen2.5:7b,MMLU,424,1
3,mistral:latest,MMLU,424,1
3,phi3:mini,HellaSwag,425,0
3,qwen2.5:7b,HellaSwag,425,1
3,mistral:latest,HellaSwag,425,1
3,phi3:mini,MMLU,426,1
3,qwen2.5:7b,MMLU,426,0
3,mistral:latest,MMLU,426,0
3,phi3:mini,SQuAD,427,1
3,qwen2.5:7b,SQuAD,427,1
3,mistral:latest,SQuAD,427,1
3,phi3:mini,GSM8K,428,1
3,qwen2.5:7b,GSM8K,428,1
3,mistral:latest,GSM8K,428,0
3,phi3:mini,HellaSwag,429,0
3,qwen2.5:7b,HellaSwag,429,1
3,mistral:latest,HellaSwag,429,1
3,phi3:mini,HellaSwag,430,0
3,qwen2.5:7b,HellaSwag,430,0
3,mistral:latest,HellaSwag,430,1
3,phi3:mini,HumanEval,431,0
3,qwen2.5:7b,HumanEval,431,1
3,mistral:latest,HumanEval,431,0
3,phi3:mini,GSM8K,432,1
3,qwen2.5:7b,GSM8K,432,1
3,mistral:latest,GSM8K,432,1
3,phi3:mini,SQuAD,433,1
3,qwen2.5:7b,SQuAD,433,1
3,mistral:latest,SQuAD,433,1
3,phi3:mini,MMLU,434,1
3,qwen2.5:7b,MMLU,434,1
3,mistral:latest,MMLU,434,1
3,phi3:mini,GSM8K,435,0
3,qwen2.5:7b,GSM8K,435,1
3,mistral:latest,GSM8K,435,0
3,phi3:mini,MMLU,436,1
3,qwen2.5:7b,MMLU,436,1
3,mistral:latest,MMLU,436,1
3,phi3:mini,SQuAD,437,1
3,qwen2.5:7b,SQuAD,437,1
3,mistral:latest,SQuAD,437,1
3,phi3:mini,SQuAD,438,1
3,qwen2.5:7b,SQuAD,438,1
3,mistral:latest,SQuAD,438,1
3,phi3:mini,HellaSwag,439,0
3,qwen2.5:7b,HellaSwag,439,1
3,mistral:latest,HellaSwag,439,1
3,phi3:mini,MMLU,440,1
3,qwen2.5:7b,MMLU,440,1
3,mistral:latest,MMLU,440,1
3,phi3:mini,HumanEval,441,1
3,qwen2.5:7b,HumanEval,441,1
3,mistral:latest,HumanEval,441,1
3,phi3:mini,GSM8K,442,0
3,qwen2.5:7b,GSM8K,442,1
3,mistral:latest,GSM8K,442,0
3,phi3:mini,HellaSwag,443,0
3,qwen2.5:7b,HellaSwag,443,1
3,mistral:latest,HellaSwag,443,1
3,phi3:mini,GSM8K,444,0
3,qwen2.5:7b,GSM8K,444,1
3,mistral:latest,GSM8K,444,1
3,phi3:mini,HumanEval,445,0
3,qwen2.5:7b,HumanEval,445,1
3,mistral:latest,HumanEval,445,1
3,phi3:mini,GSM8K,446,0
3,qwen2.5:7b,GSM8K,446,1
3,mistral:latest,GSM8K,446,0
3,phi3:mini,MMLU,447,1
3,qwen2.5:7b,MMLU,447,1
3,mistral:latest,MMLU,447,1
3,phi3:mini,GSM8K,448,0
3,qwen2.5:7b,GSM8K,448,1
3,mistral:latest,GSM8K,448,0
3,phi3:mini,HumanEval,449,0
3,qwen2.5:7b,HumanEval,449,1
3,mistral:latest,HumanEval,449,0
3,phi3:mini,HumanEval,450,0
3,qwen2.5:7b,HumanEval,450,1
3,mistral:latest,HumanEval,450,0
3,phi3:mini,GSM8K,451,0
3,qwen2.5:7b,GSM8K,451,1
3,mistral:latest,GSM8K,451,0
3,phi3:mini,HellaSwag,452,1
3,qwen2.5:7b,HellaSwag,452,1
3,mistral:latest,HellaSwag,452,1
3,phi3:mini,GSM8K,453,0
3,qwen2.5:7b,GSM8K,453,1
3,mistral:latest,GSM8K,453,1
3,phi3:mini,MMLU,454,0
3,qwen2.5:7b,MMLU,454,0
3,mistral:latest,MMLU,454,0
3,phi3:mini,HumanEval,455,0
3,qwen2.5:7b,HumanEval,455,1
3,mistral:latest,HumanEval,455,1
3,phi3:mini,GSM8K,456,0
3,qwen2.5:7b,GSM8K,456,1
3,mistral:latest,GSM8K,456,1
3,phi3:mini,HumanEval,457,0
3,qwen2.5:7b,HumanEval,457,1
3,mistral:latest,HumanEval,457,1
3,phi3:mini,HellaSwag,458,1
3,qwen2.5:7b,HellaSwag,458,1
3,mistral:latest,HellaSwag,458,1
3,phi3:mini,MMLU,459,1
3,qwen2.5:7b,MMLU,459,0
3,mistral:latest,MMLU,459,0
3,phi3:mini,HumanEval,460,0
3,qwen2.5:7b,HumanEval,460,1
3,mistral:latest,HumanEval,460,1
3,phi3:mini,HellaSwag,461,1
3,qwen2.5:7b,HellaSwag,461,1
3,mistral:latest,HellaSwag,461,1
3,phi3:mini,MMLU,462,1
3,qwen2.5:7b,MMLU,462,1
3,mistral:latest,MMLU,462,1
3,phi3:mini,HumanEval,463,1
3,qwen2.5:7b,HumanEval,463,1
3,mistral:latest,HumanEval,463,1
3,phi3:mini,HumanEval,464,1
3,qwen2.5:7b,HumanEval,464,1
3,mistral:latest,HumanEval,464,1
3,phi3:mini,GSM8K,465,1
3,qwen2.5:7b,GSM8K,465,1
3,mistral:latest,GSM8K,465,1
3,phi3:mini,HellaSwag,466,0
3,qwen2.5:7b,HellaSwag,466,1
3,mistral:latest,HellaSwag,466,1
3,phi3:mini,SQuAD,467,1
3,qwen2.5:7b,SQuAD,467,1
3,mistral:latest,SQuAD,467,1
3,phi3:mini,GSM8K,468,0
3,qwen2.5:7b,GSM8K,468,0
3,mistral:latest,GSM8K,468,0
3,phi3:mini,SQuAD,469,0
3,qwen2.5:7b,SQuAD,469,1
3,mistral:latest,SQuAD,469,1
3,phi3:mini,HumanEval,470,0
3,qwen2.5:7b,HumanEval,470,1
3,mistral:latest,HumanEval,470,0
3,phi3:mini,HellaSwag,471,1
3,qwen2.5:7b,HellaSwag,471,1
3,mistral:latest,HellaSwag,471,0
3,phi3:mini,HellaSwag,472,0
3,qwen2.5:7b,HellaSwag,472,1
3,mistral:latest,HellaSwag,472,0
3,phi3:mini,HellaSwag,473,1
3,qwen2.5:7b,HellaSwag,473,1
3,mistral:latest,HellaSwag,473,1
3,phi3:mini,GSM8K,474,1
3,qwen2.5:7b,GSM8K,474,0
3,mistral:latest,GSM8K,474,0
3,phi3:mini,SQuAD,475,1
3,qwen2.5:7b,SQuAD,475,1
3,mistral:latest,SQuAD,475,1
3,phi3:mini,MMLU,476,1
3,qwen2.5:7b,MMLU,476,1
3,mistral:latest,MMLU,476,0
3,phi3:mini,HellaSwag,477,1
3,qwen2.5:7b,HellaSwag,477,1
3,mistral:latest,HellaSwag,477,1
3,phi3:mini,SQuAD,478,1
3,qwen2.5:7b,SQuAD,478,1
3,mistral:latest,SQuAD,478,1
3,phi3:mini,GSM8K,479,0
3,qwen2.5:7b,GSM8K,479,0
3,mistral:latest,GSM8K,479,1
3,phi3:mini,GSM8K,480,1
3,qwen2.5:7b,GSM8K,480,1
3,mistral:latest,GSM8K,480,1
3,phi3:mini,MMLU,481,1
3,qwen2.5:7b,MMLU,481,1
3,mistral:latest,MMLU,481,1
3,phi3:mini,MMLU,482,0
3,qwen2.5:7b,MMLU,482,0
3,mistral:latest,MMLU,482,0
3,phi3:mini,MMLU,483,0
3,qwen2.5:7b,MMLU,483,1
3,mistral:latest,MMLU,483,1
3,phi3:mini,SQuAD,484,1
3,qwen2.5:7b,SQuAD,484,1
3,mistral:latest,SQuAD,484,1
3,phi3:mini,HellaSwag,485,0
3,qwen2.5:7b,HellaSwag,485,0
3,mistral:latest,HellaSwag,485,1
3,phi3:mini,MMLU,486,1
3,qwen2.5:7b,MMLU,486,1
3,mistral:latest,MMLU,486,1
3,phi3:mini,SQuAD,487,1
3,qwen2.5:7b,SQuAD,487,1
3,mistral:latest,SQuAD,487,1
3,phi3:mini,HumanEval,488,1
3,qwen2.5:7b,HumanEval,488,1
3,mistral:latest,HumanEval,488,1
3,phi3:mini,HumanEval,489,1
3,qwen2.5:7b,HumanEval,489,1
3,mistral:latest,HumanEval,489,1
3,phi3:mini,HellaSwag,490,0
3,qwen2.5:7b,HellaSwag,490,1
3,mistral:latest,HellaSwag,490,1
3,phi3:mini,MMLU,491,0
3,qwen2.5:7b,MMLU,491,1
3,mistral:latest,MMLU,491,1
3,phi3:mini,HellaSwag,492,1
3,qwen2.5:7b,HellaSwag,492,1
3,mistral:latest,HellaSwag,492,1
3,phi3:mini,MMLU,493,1
3,qwen2.5:7b,MMLU,493,1
3,mistral:latest,MMLU,493,1
3,phi3:mini,GSM8K,494,0
3,qwen2.5:7b,GSM8K,494,1
3,mistral:latest,GSM8K,494,1
3,phi3:mini,GSM8K,495,0
3,qwen2.5:7b,GSM8K,495,1
3,mistral:latest,GSM8K,495,1
3,phi3:mini,GSM8K,496,0
3,qwen2.5:7b,GSM8K,496,0
3,mistral:latest,GSM8K,496,0
3,phi3:mini,HellaSwag,497,1
3,qwen2.5:7b,HellaSwag,497,1
3,mistral:latest,HellaSwag,497,1
3,phi3:mini,MMLU,498,1
3,qwen2.5:7b,MMLU,498,1
3,mistral:latest,MMLU,498,1
3,phi3:mini,MMLU,499,1
3,qwen2.5:7b,MMLU,499,1
3,mistral:latest,MMLU,499,0
3,phi3:mini,HellaSwag,500,1
3,qwen2.5:7b,HellaSwag,500,1
3,mistral:latest,HellaSwag,500,1
