run,domanda,task,modello,temp_pre,temp_post,cooldown_ok
1,1,GSM8K,phi3:mini,43,51,in_attesa
1,1,GSM8K,qwen2.5:7b,48,52,in_attesa
1,1,GSM8K,"mistral:latest ",48,52,in_attesa
1,2,HellaSwag,phi3:mini,47,50,in_attesa
1,2,HellaSwag,qwen2.5:7b,47,52,in_attesa
1,2,HellaSwag,"mistral:latest ",47,53,in_attesa
1,3,MMLU,phi3:mini,48,50,in_attesa
1,3,MMLU,qwen2.5:7b,46,50,in_attesa
1,3,MMLU,"mistral:latest ",46,48,in_attesa
1,4,GSM8K,phi3:mini,48,49,in_attesa
1,4,GSM8K,qwen2.5:7b,46,50,in_attesa
1,4,GSM8K,"mistral:latest ",46,49,in_attesa
1,5,MMLU,phi3:mini,46,53,in_attesa
1,5,MMLU,qwen2.5:7b,47,51,in_attesa
1,5,MMLU,"mistral:latest ",47,51,in_attesa
1,6,MMLU,phi3:mini,47,50,in_attesa
1,6,MMLU,qwen2.5:7b,46,51,in_attesa
1,6,MMLU,"mistral:latest ",46,51,in_attesa
1,7,HellaSwag,phi3:mini,47,51,in_attesa
1,7,HellaSwag,qwen2.5:7b,47,54,in_attesa
1,7,HellaSwag,"mistral:latest ",47,52,in_attesa
1,8,SQuAD,phi3:mini,47,50,in_attesa
1,8,SQuAD,qwen2.5:7b,46,48,in_attesa
1,8,SQuAD,"mistral:latest ",48,50,in_attesa
1,9,MMLU,phi3:mini,46,50,in_attesa
1,9,MMLU,qwen2.5:7b,45,48,in_attesa
1,9,MMLU,"mistral:latest ",48,50,in_attesa
1,10,HellaSwag,phi3:mini,45,50,in_attesa
1,10,HellaSwag,qwen2.5:7b,46,52,in_attesa
1,10,HellaSwag,"mistral:latest ",47,50,in_attesa
1,11,HumanEval,phi3:mini,46,50,in_attesa
1,11,HumanEval,qwen2.5:7b,46,52,in_attesa
1,11,HumanEval,"mistral:latest ",47,51,in_attesa
1,12,HumanEval,phi3:mini,47,49,in_attesa
1,12,HumanEval,qwen2.5:7b,46,52,in_attesa
1,12,HumanEval,"mistral:latest ",46,51,in_attesa
1,13,MMLU,phi3:mini,46,50,in_attesa
1,13,MMLU,qwen2.5:7b,46,49,in_attesa
1,13,MMLU,"mistral:latest ",45,49,in_attesa
1,14,SQuAD,phi3:mini,45,49,in_attesa
1,14,SQuAD,qwen2.5:7b,45,49,in_attesa
1,14,SQuAD,"mistral:latest ",45,48,in_attesa
1,15,HumanEval,phi3:mini,48,50,in_attesa
1,15,HumanEval,qwen2.5:7b,46,52,in_attesa
1,15,HumanEval,"mistral:latest ",48,52,in_attesa
1,16,MMLU,phi3:mini,47,50,in_attesa
1,16,MMLU,qwen2.5:7b,46,51,in_attesa
1,16,MMLU,"mistral:latest ",47,51,in_attesa
1,17,HellaSwag,phi3:mini,47,51,in_attesa
1,17,HellaSwag,qwen2.5:7b,47,52,in_attesa
1,17,HellaSwag,"mistral:latest ",47,52,in_attesa
1,18,GSM8K,phi3:mini,48,53,in_attesa
1,18,GSM8K,qwen2.5:7b,48,53,in_attesa
1,18,GSM8K,"mistral:latest ",48,53,in_attesa
1,19,SQuAD,phi3:mini,48,50,in_attesa
1,19,SQuAD,qwen2.5:7b,47,50,in_attesa
1,19,SQuAD,"mistral:latest ",46,49,in_attesa
1,20,SQuAD,phi3:mini,46,48,in_attesa
1,20,SQuAD,qwen2.5:7b,48,49,in_attesa
1,20,SQuAD,"mistral:latest ",46,50,in_attesa
1,21,HumanEval,phi3:mini,46,51,in_attesa
1,21,HumanEval,qwen2.5:7b,47,53,in_attesa
1,21,HumanEval,"mistral:latest ",48,52,in_attesa
1,22,HellaSwag,phi3:mini,48,52,in_attesa
1,22,HellaSwag,qwen2.5:7b,48,53,in_attesa
1,22,HellaSwag,"mistral:latest ",48,52,in_attesa
1,23,SQuAD,phi3:mini,48,50,in_attesa
1,23,SQuAD,qwen2.5:7b,47,51,in_attesa
1,23,SQuAD,"mistral:latest ",46,49,in_attesa
1,24,HellaSwag,phi3:mini,46,51,in_attesa
1,24,HellaSwag,qwen2.5:7b,47,51,in_attesa
1,24,HellaSwag,"mistral:latest ",47,52,in_attesa
1,25,MMLU,phi3:mini,47,49,in_attesa
1,25,MMLU,qwen2.5:7b,46,49,in_attesa
1,25,MMLU,"mistral:latest ",46,49,in_attesa
1,26,HumanEval,phi3:mini,45,50,in_attesa
1,26,HumanEval,qwen2.5:7b,46,51,in_attesa
1,26,HumanEval,"mistral:latest ",47,52,in_attesa
1,27,SQuAD,phi3:mini,47,50,in_attesa
1,27,SQuAD,qwen2.5:7b,46,50,in_attesa
1,27,SQuAD,"mistral:latest ",46,49,in_attesa
1,28,SQuAD,phi3:mini,45,48,in_attesa
1,28,SQuAD,qwen2.5:7b,48,50,in_attesa
1,28,SQuAD,"mistral:latest ",46,53,in_attesa
1,29,SQuAD,phi3:mini,48,51,in_attesa
1,29,SQuAD,qwen2.5:7b,46,49,in_attesa
1,29,SQuAD,"mistral:latest ",45,52,in_attesa
1,30,SQuAD,phi3:mini,46,49,in_attesa
1,30,SQuAD,qwen2.5:7b,45,50,in_attesa
1,30,SQuAD,"mistral:latest ",45,47,in_attesa
1,31,GSM8K,phi3:mini,47,50,in_attesa
1,31,GSM8K,qwen2.5:7b,46,50,in_attesa
1,31,GSM8K,"mistral:latest ",46,52,in_attesa
1,32,GSM8K,phi3:mini,47,52,in_attesa
1,32,GSM8K,qwen2.5:7b,46,51,in_attesa
1,32,GSM8K,"mistral:latest ",46,51,in_attesa
1,33,SQuAD,phi3:mini,46,49,in_attesa
1,33,SQuAD,qwen2.5:7b,45,49,in_attesa
1,33,SQuAD,"mistral:latest ",47,50,in_attesa
1,34,MMLU,phi3:mini,48,50,in_attesa
1,34,MMLU,qwen2.5:7b,46,49,in_attesa
1,34,MMLU,"mistral:latest ",45,49,in_attesa
1,35,SQuAD,phi3:mini,45,47,in_attesa
1,35,SQuAD,qwen2.5:7b,47,48,in_attesa
1,35,SQuAD,"mistral:latest ",48,49,in_attesa
1,36,MMLU,phi3:mini,45,49,in_attesa
1,36,MMLU,qwen2.5:7b,46,50,in_attesa
1,36,MMLU,"mistral:latest ",45,50,in_attesa
1,37,HumanEval,phi3:mini,45,50,in_attesa
1,37,HumanEval,qwen2.5:7b,46,54,in_attesa
1,37,HumanEval,"mistral:latest ",47,50,in_attesa
1,38,MMLU,phi3:mini,47,50,in_attesa
1,38,MMLU,qwen2.5:7b,46,49,in_attesa
1,38,MMLU,"mistral:latest ",45,48,in_attesa
1,39,SQuAD,phi3:mini,48,52,in_attesa
1,39,SQuAD,qwen2.5:7b,48,51,in_attesa
1,39,SQuAD,"mistral:latest ",46,51,in_attesa
1,40,GSM8K,phi3:mini,46,51,in_attesa
1,40,GSM8K,qwen2.5:7b,47,53,in_attesa
1,40,GSM8K,"mistral:latest ",47,51,in_attesa
1,41,HellaSwag,phi3:mini,47,53,in_attesa
1,41,HellaSwag,qwen2.5:7b,47,50,in_attesa
1,41,HellaSwag,"mistral:latest ",47,50,in_attesa
1,42,SQuAD,phi3:mini,47,49,in_attesa
1,42,SQuAD,qwen2.5:7b,46,49,in_attesa
1,42,SQuAD,"mistral:latest ",45,51,in_attesa
1,43,GSM8K,phi3:mini,48,49,in_attesa
1,43,GSM8K,qwen2.5:7b,46,50,in_attesa
1,43,GSM8K,"mistral:latest ",46,49,in_attesa
1,44,GSM8K,phi3:mini,46,49,in_attesa
1,44,GSM8K,qwen2.5:7b,45,52,in_attesa
1,44,GSM8K,"mistral:latest ",47,54,in_attesa
1,45,HellaSwag,phi3:mini,48,57,in_attesa
1,45,HellaSwag,qwen2.5:7b,48,50,in_attesa
1,45,HellaSwag,"mistral:latest ",47,50,in_attesa
1,46,GSM8K,phi3:mini,46,51,in_attesa
1,46,GSM8K,qwen2.5:7b,47,54,in_attesa
1,46,GSM8K,"mistral:latest ",47,53,in_attesa
1,47,GSM8K,phi3:mini,48,51,in_attesa
1,47,GSM8K,qwen2.5:7b,47,50,in_attesa
1,47,GSM8K,"mistral:latest ",46,51,in_attesa
1,48,HellaSwag,phi3:mini,46,51,in_attesa
1,48,HellaSwag,qwen2.5:7b,47,50,in_attesa
1,48,HellaSwag,"mistral:latest ",46,53,in_attesa
1,49,GSM8K,phi3:mini,46,50,in_attesa
1,49,GSM8K,qwen2.5:7b,46,51,in_attesa
1,49,GSM8K,"mistral:latest ",47,52,in_attesa
1,50,GSM8K,phi3:mini,47,52,in_attesa
1,50,GSM8K,qwen2.5:7b,47,53,in_attesa
1,50,GSM8K,"mistral:latest ",48,54,in_attesa
1,51,MMLU,phi3:mini,48,52,in_attesa
1,51,MMLU,qwen2.5:7b,48,52,in_attesa
1,51,MMLU,"mistral:latest ",48,51,in_attesa
1,52,MMLU,phi3:mini,47,50,in_attesa
1,52,MMLU,qwen2.5:7b,46,50,in_attesa
1,52,MMLU,"mistral:latest ",46,50,in_attesa
1,53,HumanEval,phi3:mini,46,53,in_attesa
1,53,HumanEval,qwen2.5:7b,47,54,in_attesa
1,53,HumanEval,"mistral:latest ",47,52,in_attesa
1,54,HellaSwag,phi3:mini,48,53,in_attesa
1,54,HellaSwag,qwen2.5:7b,48,51,in_attesa
1,54,HellaSwag,"mistral:latest ",47,51,in_attesa
1,55,MMLU,phi3:mini,47,49,in_attesa
1,55,MMLU,qwen2.5:7b,46,49,in_attesa
1,55,MMLU,"mistral:latest ",45,48,in_attesa
1,56,GSM8K,phi3:mini,48,51,in_attesa
1,56,GSM8K,qwen2.5:7b,47,51,in_attesa
1,56,GSM8K,"mistral:latest ",46,51,in_attesa
1,57,SQuAD,phi3:mini,46,48,in_attesa
1,57,SQuAD,qwen2.5:7b,48,48,in_attesa
1,57,SQuAD,"mistral:latest ",48,49,in_attesa
1,58,GSM8K,phi3:mini,46,50,in_attesa
1,58,GSM8K,qwen2.5:7b,46,49,in_attesa
1,58,GSM8K,"mistral:latest ",46,50,in_attesa
1,59,GSM8K,phi3:mini,45,50,in_attesa
1,59,GSM8K,qwen2.5:7b,46,50,in_attesa
1,59,GSM8K,"mistral:latest ",46,50,in_attesa
1,60,HellaSwag,phi3:mini,45,50,in_attesa
1,60,HellaSwag,qwen2.5:7b,46,51,in_attesa
1,60,HellaSwag,"mistral:latest ",47,51,in_attesa
1,61,GSM8K,phi3:mini,47,50,in_attesa
1,61,GSM8K,qwen2.5:7b,47,51,in_attesa
1,61,GSM8K,"mistral:latest ",47,54,in_attesa
1,62,HellaSwag,phi3:mini,48,51,in_attesa
1,62,HellaSwag,qwen2.5:7b,47,50,in_attesa
1,62,HellaSwag,"mistral:latest ",46,50,in_attesa
1,63,MMLU,phi3:mini,46,48,in_attesa
1,63,MMLU,qwen2.5:7b,48,49,in_attesa
1,63,MMLU,"mistral:latest ",46,48,in_attesa
1,64,GSM8K,phi3:mini,48,50,in_attesa
1,64,GSM8K,qwen2.5:7b,46,51,in_attesa
1,64,GSM8K,"mistral:latest ",47,51,in_attesa
1,65,MMLU,phi3:mini,47,49,in_attesa
1,65,MMLU,qwen2.5:7b,46,48,in_attesa
1,65,MMLU,"mistral:latest ",48,49,in_attesa
1,66,MMLU,phi3:mini,46,49,in_attesa
1,66,MMLU,qwen2.5:7b,46,51,in_attesa
1,66,MMLU,"mistral:latest ",46,52,in_attesa
1,67,HellaSwag,phi3:mini,47,49,in_attesa
1,67,HellaSwag,qwen2.5:7b,46,53,in_attesa
1,67,HellaSwag,"mistral:latest ",46,52,in_attesa
1,68,GSM8K,phi3:mini,47,52,in_attesa
1,68,GSM8K,qwen2.5:7b,47,52,in_attesa
1,68,GSM8K,"mistral:latest ",47,53,in_attesa
1,69,HellaSwag,phi3:mini,48,53,in_attesa
1,69,HellaSwag,qwen2.5:7b,47,50,in_attesa
1,69,HellaSwag,"mistral:latest ",46,49,in_attesa
1,70,HumanEval,phi3:mini,46,50,in_attesa
1,70,HumanEval,qwen2.5:7b,46,52,in_attesa
1,70,HumanEval,"mistral:latest ",48,51,in_attesa
1,71,MMLU,phi3:mini,47,52,in_attesa
1,71,MMLU,qwen2.5:7b,47,49,in_attesa
1,71,MMLU,"mistral:latest ",46,49,in_attesa
1,72,HumanEval,phi3:mini,45,50,in_attesa
1,72,HumanEval,qwen2.5:7b,46,52,in_attesa
1,72,HumanEval,"mistral:latest ",48,54,in_attesa
1,73,SQuAD,phi3:mini,48,50,in_attesa
1,73,SQuAD,qwen2.5:7b,46,48,in_attesa
1,73,SQuAD,"mistral:latest ",48,50,in_attesa
1,74,HellaSwag,phi3:mini,46,51,in_attesa
1,74,HellaSwag,qwen2.5:7b,46,52,in_attesa
1,74,HellaSwag,"mistral:latest ",47,52,in_attesa
1,75,HumanEval,phi3:mini,48,51,in_attesa
1,75,HumanEval,qwen2.5:7b,47,55,in_attesa
1,75,HumanEval,"mistral:latest ",48,53,in_attesa
1,76,HumanEval,phi3:mini,48,52,in_attesa
1,76,HumanEval,qwen2.5:7b,48,54,in_attesa
1,76,HumanEval,"mistral:latest ",47,52,in_attesa
1,77,GSM8K,phi3:mini,47,51,in_attesa
1,77,GSM8K,qwen2.5:7b,47,52,in_attesa
1,77,GSM8K,"mistral:latest ",48,52,in_attesa
1,78,HellaSwag,phi3:mini,48,52,in_attesa
1,78,HellaSwag,qwen2.5:7b,47,51,in_attesa
1,78,HellaSwag,"mistral:latest ",47,53,in_attesa
1,79,SQuAD,phi3:mini,48,50,in_attesa
1,79,SQuAD,qwen2.5:7b,46,50,in_attesa
1,79,SQuAD,"mistral:latest ",48,48,in_attesa
1,80,GSM8K,phi3:mini,48,50,in_attesa
1,80,GSM8K,qwen2.5:7b,47,54,in_attesa
1,80,GSM8K,"mistral:latest ",48,53,in_attesa
1,81,MMLU,phi3:mini,47,51,in_attesa
1,81,MMLU,qwen2.5:7b,46,49,in_attesa
1,81,MMLU,"mistral:latest ",46,49,in_attesa
1,82,MMLU,phi3:mini,46,48,in_attesa
1,82,MMLU,qwen2.5:7b,48,50,in_attesa
1,82,MMLU,"mistral:latest ",47,49,in_attesa
1,83,HumanEval,phi3:mini,46,51,in_attesa
1,83,HumanEval,qwen2.5:7b,47,51,in_attesa
1,83,HumanEval,"mistral:latest ",47,51,in_attesa
1,84,SQuAD,phi3:mini,47,50,in_attesa
1,84,SQuAD,qwen2.5:7b,46,48,in_attesa
1,84,SQuAD,"mistral:latest ",48,48,in_attesa
1,85,HellaSwag,phi3:mini,48,51,in_attesa
1,85,HellaSwag,qwen2.5:7b,47,53,in_attesa
1,85,HellaSwag,"mistral:latest ",48,50,in_attesa
1,86,HumanEval,phi3:mini,47,50,in_attesa
1,86,HumanEval,qwen2.5:7b,46,52,in_attesa
1,86,HumanEval,"mistral:latest ",47,53,in_attesa
1,87,HellaSwag,phi3:mini,48,52,in_attesa
1,87,HellaSwag,qwen2.5:7b,48,52,in_attesa
1,87,HellaSwag,"mistral:latest ",48,50,in_attesa
1,88,MMLU,phi3:mini,47,49,in_attesa
1,88,MMLU,qwen2.5:7b,46,49,in_attesa
1,88,MMLU,"mistral:latest ",46,48,in_attesa
1,89,HumanEval,phi3:mini,48,51,in_attesa
1,89,HumanEval,qwen2.5:7b,47,57,in_attesa
1,89,HumanEval,"mistral:latest ",47,52,in_attesa
1,90,MMLU,phi3:mini,48,51,in_attesa
1,90,MMLU,qwen2.5:7b,46,49,in_attesa
1,90,MMLU,"mistral:latest ",46,49,in_attesa
1,91,MMLU,phi3:mini,45,49,in_attesa
1,91,MMLU,qwen2.5:7b,45,48,in_attesa
1,91,MMLU,"mistral:latest ",48,48,in_attesa
1,92,GSM8K,phi3:mini,48,51,in_attesa
1,92,GSM8K,qwen2.5:7b,46,51,in_attesa
1,92,GSM8K,"mistral:latest ",46,50,in_attesa
1,93,SQuAD,phi3:mini,46,48,in_attesa
1,93,SQuAD,qwen2.5:7b,48,49,in_attesa
1,93,SQuAD,"mistral:latest ",46,48,in_attesa
1,94,SQuAD,phi3:mini,48,49,in_attesa
1,94,SQuAD,qwen2.5:7b,46,48,in_attesa
1,94,SQuAD,"mistral:latest ",48,49,in_attesa
1,95,GSM8K,phi3:mini,45,53,in_attesa
1,95,GSM8K,qwen2.5:7b,46,51,in_attesa
1,95,GSM8K,"mistral:latest ",46,50,in_attesa
1,96,MMLU,phi3:mini,46,49,in_attesa
1,96,MMLU,qwen2.5:7b,45,50,in_attesa
1,96,MMLU,"mistral:latest ",48,48,in_attesa
1,97,GSM8K,phi3:mini,48,49,in_attesa
1,97,GSM8K,qwen2.5:7b,46,53,in_attesa
1,97,GSM8K,"mistral:latest ",48,56,in_attesa
1,98,HumanEval,phi3:mini,47,51,in_attesa
1,98,HumanEval,qwen2.5:7b,47,53,in_attesa
1,98,HumanEval,"mistral:latest ",48,52,in_attesa
1,99,HellaSwag,phi3:mini,48,52,in_attesa
1,99,HellaSwag,qwen2.5:7b,47,51,in_attesa
1,99,HellaSwag,"mistral:latest ",47,51,in_attesa
1,100,GSM8K,phi3:mini,47,52,in_attesa
1,100,GSM8K,qwen2.5:7b,47,52,in_attesa
1,100,GSM8K,"mistral:latest ",47,51,in_attesa
1,101,SQuAD,phi3:mini,47,50,in_attesa
1,101,SQuAD,qwen2.5:7b,46,48,in_attesa
1,101,SQuAD,"mistral:latest ",48,49,in_attesa
1,102,HellaSwag,phi3:mini,46,52,in_attesa
1,102,HellaSwag,qwen2.5:7b,47,52,in_attesa
1,102,HellaSwag,"mistral:latest ",47,53,in_attesa
1,103,SQuAD,phi3:mini,48,50,in_attesa
1,103,SQuAD,qwen2.5:7b,47,49,in_attesa
1,103,SQuAD,"mistral:latest ",46,49,in_attesa
1,104,HellaSwag,phi3:mini,46,51,in_attesa
1,104,HellaSwag,qwen2.5:7b,46,50,in_attesa
1,104,HellaSwag,"mistral:latest ",48,51,in_attesa
1,105,MMLU,phi3:mini,47,50,in_attesa
1,105,MMLU,qwen2.5:7b,46,52,in_attesa
1,105,MMLU,"mistral:latest ",48,52,in_attesa
1,106,HellaSwag,phi3:mini,47,50,in_attesa
1,106,HellaSwag,qwen2.5:7b,46,49,in_attesa
1,106,HellaSwag,"mistral:latest ",46,50,in_attesa
1,107,GSM8K,phi3:mini,45,49,in_attesa
1,107,GSM8K,qwen2.5:7b,45,50,in_attesa
1,107,GSM8K,"mistral:latest ",46,50,in_attesa
1,108,HellaSwag,phi3:mini,46,50,in_attesa
1,108,HellaSwag,qwen2.5:7b,46,52,in_attesa
1,108,HellaSwag,"mistral:latest ",46,50,in_attesa
1,109,GSM8K,phi3:mini,47,51,in_attesa
1,109,GSM8K,qwen2.5:7b,47,51,in_attesa
1,109,GSM8K,"mistral:latest ",46,50,in_attesa
1,110,HellaSwag,phi3:mini,46,51,in_attesa
1,110,HellaSwag,qwen2.5:7b,47,54,in_attesa
1,110,HellaSwag,"mistral:latest ",48,52,in_attesa
1,111,MMLU,phi3:mini,48,49,in_attesa
1,111,MMLU,qwen2.5:7b,46,50,in_attesa
1,111,MMLU,"mistral:latest ",47,51,in_attesa
1,112,HellaSwag,phi3:mini,46,50,in_attesa
1,112,HellaSwag,qwen2.5:7b,46,50,in_attesa
1,112,HellaSwag,"mistral:latest ",46,50,in_attesa
1,113,MMLU,phi3:mini,46,51,in_attesa
1,113,MMLU,qwen2.5:7b,46,51,in_attesa
1,113,MMLU,"mistral:latest ",47,58,in_attesa
1,114,GSM8K,phi3:mini,48,51,in_attesa
1,114,GSM8K,qwen2.5:7b,47,52,in_attesa
1,114,GSM8K,"mistral:latest ",47,51,in_attesa
1,115,HellaSwag,phi3:mini,47,52,in_attesa
1,115,HellaSwag,qwen2.5:7b,47,52,in_attesa
1,115,HellaSwag,"mistral:latest ",46,51,in_attesa
1,116,HumanEval,phi3:mini,46,52,in_attesa
1,116,HumanEval,qwen2.5:7b,47,54,in_attesa
1,116,HumanEval,"mistral:latest ",48,54,in_attesa
1,117,HumanEval,phi3:mini,47,52,in_attesa
1,117,HumanEval,qwen2.5:7b,47,54,in_attesa
1,117,HumanEval,"mistral:latest ",48,53,in_attesa
1,118,GSM8K,phi3:mini,48,53,in_attesa
1,118,GSM8K,qwen2.5:7b,47,54,in_attesa
1,118,GSM8K,"mistral:latest ",47,52,in_attesa
1,119,MMLU,phi3:mini,48,52,in_attesa
1,119,MMLU,qwen2.5:7b,47,53,in_attesa
1,119,MMLU,"mistral:latest ",48,52,in_attesa
1,120,SQuAD,phi3:mini,48,50,in_attesa
1,120,SQuAD,qwen2.5:7b,47,49,in_attesa
1,120,SQuAD,"mistral:latest ",46,49,in_attesa
1,121,MMLU,phi3:mini,45,48,in_attesa
1,121,MMLU,qwen2.5:7b,48,51,in_attesa
1,121,MMLU,"mistral:latest ",47,50,in_attesa
1,122,SQuAD,phi3:mini,46,49,in_attesa
1,122,SQuAD,qwen2.5:7b,45,48,in_attesa
1,122,SQuAD,"mistral:latest ",48,48,in_attesa
1,123,HumanEval,phi3:mini,48,51,in_attesa
1,123,HumanEval,qwen2.5:7b,47,53,in_attesa
1,123,HumanEval,"mistral:latest ",48,56,in_attesa
1,124,SQuAD,phi3:mini,48,52,in_attesa
1,124,SQuAD,qwen2.5:7b,47,50,in_attesa
1,124,SQuAD,"mistral:latest ",46,49,in_attesa
1,125,SQuAD,phi3:mini,48,49,in_attesa
1,125,SQuAD,qwen2.5:7b,46,49,in_attesa
1,125,SQuAD,"mistral:latest ",48,49,in_attesa
1,126,HumanEval,phi3:mini,46,50,in_attesa
1,126,HumanEval,qwen2.5:7b,46,52,in_attesa
1,126,HumanEval,"mistral:latest ",47,53,in_attesa
1,127,SQuAD,phi3:mini,48,50,in_attesa
1,127,SQuAD,qwen2.5:7b,47,49,in_attesa
1,127,SQuAD,"mistral:latest ",46,48,in_attesa
1,128,GSM8K,phi3:mini,48,50,in_attesa
1,128,GSM8K,qwen2.5:7b,46,50,in_attesa
1,128,GSM8K,"mistral:latest ",46,50,in_attesa
1,129,GSM8K,phi3:mini,46,50,in_attesa
1,129,GSM8K,qwen2.5:7b,46,51,in_attesa
1,129,GSM8K,"mistral:latest ",46,53,in_attesa
1,130,HellaSwag,phi3:mini,46,51,in_attesa
1,130,HellaSwag,qwen2.5:7b,47,49,in_attesa
1,130,HellaSwag,"mistral:latest ",45,47,in_attesa
1,131,HellaSwag,phi3:mini,47,51,in_attesa
1,131,HellaSwag,qwen2.5:7b,47,51,in_attesa
1,131,HellaSwag,"mistral:latest ",46,50,in_attesa
1,132,MMLU,phi3:mini,46,51,in_attesa
1,132,MMLU,qwen2.5:7b,46,49,in_attesa
1,132,MMLU,"mistral:latest ",46,49,in_attesa
1,133,MMLU,phi3:mini,45,50,in_attesa
1,133,MMLU,qwen2.5:7b,46,50,in_attesa
1,133,MMLU,"mistral:latest ",46,49,in_attesa
1,134,HumanEval,phi3:mini,46,51,in_attesa
1,134,HumanEval,qwen2.5:7b,46,51,in_attesa
1,134,HumanEval,"mistral:latest ",47,53,in_attesa
1,135,SQuAD,phi3:mini,47,50,in_attesa
1,135,SQuAD,qwen2.5:7b,46,48,in_attesa
1,135,SQuAD,"mistral:latest ",48,51,in_attesa
1,136,MMLU,phi3:mini,48,50,in_attesa
1,136,MMLU,qwen2.5:7b,46,49,in_attesa
1,136,MMLU,"mistral:latest ",45,49,in_attesa
1,137,SQuAD,phi3:mini,45,48,in_attesa
1,137,SQuAD,qwen2.5:7b,48,48,in_attesa
1,137,SQuAD,"mistral:latest ",48,50,in_attesa
1,138,HellaSwag,phi3:mini,46,49,in_attesa
1,138,HellaSwag,qwen2.5:7b,45,53,in_attesa
1,138,HellaSwag,"mistral:latest ",47,51,in_attesa
1,139,HellaSwag,phi3:mini,47,52,in_attesa
1,139,HellaSwag,qwen2.5:7b,47,51,in_attesa
1,139,HellaSwag,"mistral:latest ",47,51,in_attesa
1,140,HumanEval,phi3:mini,47,51,in_attesa
1,140,HumanEval,qwen2.5:7b,47,54,in_attesa
1,140,HumanEval,"mistral:latest ",48,52,in_attesa
1,141,GSM8K,phi3:mini,48,52,in_attesa
1,141,GSM8K,qwen2.5:7b,47,52,in_attesa
1,141,GSM8K,"mistral:latest ",47,51,in_attesa
1,142,HumanEval,phi3:mini,47,52,in_attesa
1,142,HumanEval,qwen2.5:7b,47,52,in_attesa
1,142,HumanEval,"mistral:latest ",48,54,in_attesa
1,143,MMLU,phi3:mini,48,50,in_attesa
1,143,MMLU,qwen2.5:7b,47,51,in_attesa
1,143,MMLU,"mistral:latest ",46,50,in_attesa
1,144,GSM8K,phi3:mini,46,51,in_attesa
1,144,GSM8K,qwen2.5:7b,46,50,in_attesa
1,144,GSM8K,"mistral:latest ",46,50,in_attesa
1,145,GSM8K,phi3:mini,46,50,in_attesa
1,145,GSM8K,qwen2.5:7b,46,52,in_attesa
1,145,GSM8K,"mistral:latest ",47,52,in_attesa
1,146,GSM8K,phi3:mini,47,50,in_attesa
1,146,GSM8K,qwen2.5:7b,46,51,in_attesa
1,146,GSM8K,"mistral:latest ",47,51,in_attesa
1,147,HumanEval,phi3:mini,47,51,in_attesa
1,147,HumanEval,qwen2.5:7b,47,51,in_attesa
1,147,HumanEval,"mistral:latest ",47,51,in_attesa
1,148,SQuAD,phi3:mini,47,49,in_attesa
1,148,SQuAD,qwen2.5:7b,46,50,in_attesa
1,148,SQuAD,"mistral:latest ",45,53,in_attesa
1,149,SQuAD,phi3:mini,48,49,in_attesa
1,149,SQuAD,qwen2.5:7b,45,48,in_attesa
1,149,SQuAD,"mistral:latest ",48,50,in_attesa
1,150,HumanEval,phi3:mini,46,49,in_attesa
1,150,HumanEval,qwen2.5:7b,46,51,in_attesa
1,150,HumanEval,"mistral:latest ",46,50,in_attesa
1,151,SQuAD,phi3:mini,46,49,in_attesa
1,151,SQuAD,qwen2.5:7b,45,48,in_attesa
1,151,SQuAD,"mistral:latest ",48,49,in_attesa
1,152,GSM8K,phi3:mini,46,49,in_attesa
1,152,GSM8K,qwen2.5:7b,45,51,in_attesa
1,152,GSM8K,"mistral:latest ",46,51,in_attesa
1,153,HumanEval,phi3:mini,46,51,in_attesa
1,153,HumanEval,qwen2.5:7b,46,52,in_attesa
1,153,HumanEval,"mistral:latest ",47,50,in_attesa
1,154,SQuAD,phi3:mini,46,48,in_attesa
1,154,SQuAD,qwen2.5:7b,48,49,in_attesa
1,154,SQuAD,"mistral:latest ",46,50,in_attesa
1,155,HellaSwag,phi3:mini,48,50,in_attesa
1,155,HellaSwag,qwen2.5:7b,46,48,in_attesa
1,155,HellaSwag,"mistral:latest ",48,49,in_attesa
1,156,HumanEval,phi3:mini,46,51,in_attesa
1,156,HumanEval,qwen2.5:7b,46,53,in_attesa
1,156,HumanEval,"mistral:latest ",48,54,in_attesa
1,157,HellaSwag,phi3:mini,47,51,in_attesa
1,157,HellaSwag,qwen2.5:7b,47,50,in_attesa
1,157,HellaSwag,"mistral:latest ",47,51,in_attesa
1,158,MMLU,phi3:mini,47,49,in_attesa
1,158,MMLU,qwen2.5:7b,46,50,in_attesa
1,158,MMLU,"mistral:latest ",46,49,in_attesa
1,159,HumanEval,phi3:mini,45,50,in_attesa
1,159,HumanEval,qwen2.5:7b,46,53,in_attesa
1,159,HumanEval,"mistral:latest ",48,52,in_attesa
1,160,MMLU,phi3:mini,48,54,in_attesa
1,160,MMLU,qwen2.5:7b,48,51,in_attesa
1,160,MMLU,"mistral:latest ",48,50,in_attesa
1,161,GSM8K,phi3:mini,46,49,in_attesa
1,161,GSM8K,qwen2.5:7b,46,51,in_attesa
1,161,GSM8K,"mistral:latest ",46,49,in_attesa
1,162,SQuAD,phi3:mini,46,50,in_attesa
1,162,SQuAD,qwen2.5:7b,46,49,in_attesa
1,162,SQuAD,"mistral:latest ",45,48,in_attesa
1,163,SQuAD,phi3:mini,48,49,in_attesa
1,163,SQuAD,qwen2.5:7b,45,48,in_attesa
1,163,SQuAD,"mistral:latest ",48,48,in_attesa
1,164,SQuAD,phi3:mini,48,49,in_attesa
1,164,SQuAD,qwen2.5:7b,46,48,in_attesa
1,164,SQuAD,"mistral:latest ",48,50,in_attesa
1,165,HellaSwag,phi3:mini,48,51,in_attesa
1,165,HellaSwag,qwen2.5:7b,47,51,in_attesa
1,165,HellaSwag,"mistral:latest ",47,50,in_attesa
1,166,HellaSwag,phi3:mini,47,51,in_attesa
1,166,HellaSwag,qwen2.5:7b,47,53,in_attesa
1,166,HellaSwag,"mistral:latest ",47,54,in_attesa
1,167,GSM8K,phi3:mini,48,51,in_attesa
1,167,GSM8K,qwen2.5:7b,47,53,in_attesa
1,167,GSM8K,"mistral:latest ",47,52,in_attesa
1,168,SQuAD,phi3:mini,47,50,in_attesa
1,168,SQuAD,qwen2.5:7b,46,49,in_attesa
1,168,SQuAD,"mistral:latest ",45,49,in_attesa
1,169,HellaSwag,phi3:mini,45,49,in_attesa
1,169,HellaSwag,qwen2.5:7b,46,49,in_attesa
1,169,HellaSwag,"mistral:latest ",45,49,in_attesa
1,170,HellaSwag,phi3:mini,45,53,in_attesa
1,170,HellaSwag,qwen2.5:7b,46,50,in_attesa
1,170,HellaSwag,"mistral:latest ",46,50,in_attesa
1,171,GSM8K,phi3:mini,47,50,in_attesa
1,171,GSM8K,qwen2.5:7b,46,53,in_attesa
1,171,GSM8K,"mistral:latest ",47,53,in_attesa
1,172,SQuAD,phi3:mini,47,50,in_attesa
1,172,SQuAD,qwen2.5:7b,46,48,in_attesa
1,172,SQuAD,"mistral:latest ",48,49,in_attesa
1,173,HumanEval,phi3:mini,45,50,in_attesa
1,173,HumanEval,qwen2.5:7b,46,53,in_attesa
1,173,HumanEval,"mistral:latest ",47,52,in_attesa
1,174,MMLU,phi3:mini,48,50,in_attesa
1,174,MMLU,qwen2.5:7b,46,50,in_attesa
1,174,MMLU,"mistral:latest ",46,48,in_attesa
1,175,MMLU,phi3:mini,48,50,in_attesa
1,175,MMLU,qwen2.5:7b,46,49,in_attesa
1,175,MMLU,"mistral:latest ",45,49,in_attesa
1,176,MMLU,phi3:mini,45,47,in_attesa
1,176,MMLU,qwen2.5:7b,47,50,in_attesa
1,176,MMLU,"mistral:latest ",45,48,in_attesa
1,177,SQuAD,phi3:mini,48,50,in_attesa
1,177,SQuAD,qwen2.5:7b,46,48,in_attesa
1,177,SQuAD,"mistral:latest ",48,48,in_attesa
1,178,MMLU,phi3:mini,48,50,in_attesa
1,178,MMLU,qwen2.5:7b,46,52,in_attesa
1,178,MMLU,"mistral:latest ",48,52,in_attesa
1,179,HellaSwag,phi3:mini,48,51,in_attesa
1,179,HellaSwag,qwen2.5:7b,47,52,in_attesa
1,179,HellaSwag,"mistral:latest ",47,52,in_attesa
1,180,HumanEval,phi3:mini,46,51,in_attesa
1,180,HumanEval,qwen2.5:7b,48,52,in_attesa
1,180,HumanEval,"mistral:latest ",48,52,in_attesa
1,181,SQuAD,phi3:mini,47,51,in_attesa
1,181,SQuAD,qwen2.5:7b,46,48,in_attesa
1,181,SQuAD,"mistral:latest ",48,49,in_attesa
1,182,GSM8K,phi3:mini,46,50,in_attesa
1,182,GSM8K,qwen2.5:7b,46,51,in_attesa
1,182,GSM8K,"mistral:latest ",47,51,in_attesa
1,183,SQuAD,phi3:mini,47,49,in_attesa
1,183,SQuAD,qwen2.5:7b,46,48,in_attesa
1,183,SQuAD,"mistral:latest ",48,49,in_attesa
1,184,HumanEval,phi3:mini,45,50,in_attesa
1,184,HumanEval,qwen2.5:7b,46,52,in_attesa
1,184,HumanEval,"mistral:latest ",48,52,in_attesa
1,185,HumanEval,phi3:mini,48,50,in_attesa
1,185,HumanEval,qwen2.5:7b,47,52,in_attesa
1,185,HumanEval,"mistral:latest ",48,50,in_attesa
1,186,MMLU,phi3:mini,47,51,in_attesa
1,186,MMLU,qwen2.5:7b,47,51,in_attesa
1,186,MMLU,"mistral:latest ",46,50,in_attesa
1,187,MMLU,phi3:mini,46,48,in_attesa
1,187,MMLU,qwen2.5:7b,48,50,in_attesa
1,187,MMLU,"mistral:latest ",46,49,in_attesa
1,188,HumanEval,phi3:mini,45,51,in_attesa
1,188,HumanEval,qwen2.5:7b,46,50,in_attesa
1,188,HumanEval,"mistral:latest ",46,49,in_attesa
1,189,MMLU,phi3:mini,46,48,in_attesa
1,189,MMLU,qwen2.5:7b,48,51,in_attesa
1,189,MMLU,"mistral:latest ",47,50,in_attesa
1,190,GSM8K,phi3:mini,46,51,in_attesa
1,190,GSM8K,qwen2.5:7b,46,51,in_attesa
1,190,GSM8K,"mistral:latest ",46,53,in_attesa
1,191,HellaSwag,phi3:mini,47,51,in_attesa
1,191,HellaSwag,qwen2.5:7b,47,51,in_attesa
1,191,HellaSwag,"mistral:latest ",47,51,in_attesa
1,192,SQuAD,phi3:mini,47,49,in_attesa
1,192,SQuAD,qwen2.5:7b,46,50,in_attesa
1,192,SQuAD,"mistral:latest ",48,49,in_attesa
1,193,HellaSwag,phi3:mini,46,48,in_attesa
1,193,HellaSwag,qwen2.5:7b,48,50,in_attesa
1,193,HellaSwag,"mistral:latest ",46,52,in_attesa
1,194,HumanEval,phi3:mini,46,52,in_attesa
1,194,HumanEval,qwen2.5:7b,47,53,in_attesa
1,194,HumanEval,"mistral:latest ",47,52,in_attesa
1,195,GSM8K,phi3:mini,48,49,in_attesa
1,195,GSM8K,qwen2.5:7b,46,49,in_attesa
1,195,GSM8K,"mistral:latest ",46,50,in_attesa
1,196,SQuAD,phi3:mini,46,48,in_attesa
1,196,SQuAD,qwen2.5:7b,48,48,in_attesa
1,196,SQuAD,"mistral:latest ",48,49,in_attesa
1,197,MMLU,phi3:mini,46,48,in_attesa
1,197,MMLU,qwen2.5:7b,48,51,in_attesa
1,197,MMLU,"mistral:latest ",46,49,in_attesa
1,198,MMLU,phi3:mini,45,47,in_attesa
1,198,MMLU,qwen2.5:7b,47,49,in_attesa
1,198,MMLU,"mistral:latest ",45,49,in_attesa
1,199,GSM8K,phi3:mini,45,50,in_attesa
1,199,GSM8K,qwen2.5:7b,45,51,in_attesa
1,199,GSM8K,"mistral:latest ",46,53,in_attesa
1,200,HumanEval,phi3:mini,47,51,in_attesa
1,200,HumanEval,qwen2.5:7b,47,53,in_attesa
1,200,HumanEval,"mistral:latest ",48,52,in_attesa
1,201,SQuAD,phi3:mini,48,50,in_attesa
1,201,SQuAD,qwen2.5:7b,46,51,in_attesa
1,201,SQuAD,"mistral:latest ",46,48,in_attesa
1,202,SQuAD,phi3:mini,48,50,in_attesa
1,202,SQuAD,qwen2.5:7b,48,49,in_attesa
1,202,SQuAD,"mistral:latest ",46,48,in_attesa
1,203,HellaSwag,phi3:mini,48,51,in_attesa
1,203,HellaSwag,qwen2.5:7b,47,52,in_attesa
1,203,HellaSwag,"mistral:latest ",47,53,in_attesa
1,204,HumanEval,phi3:mini,47,51,in_attesa
1,204,HumanEval,qwen2.5:7b,46,52,in_attesa
1,204,HumanEval,"mistral:latest ",47,52,in_attesa
1,205,SQuAD,phi3:mini,47,50,in_attesa
1,205,SQuAD,qwen2.5:7b,46,50,in_attesa
1,205,SQuAD,"mistral:latest ",45,48,in_attesa
1,206,HumanEval,phi3:mini,48,49,in_attesa
1,206,HumanEval,qwen2.5:7b,46,52,in_attesa
1,206,HumanEval,"mistral:latest ",47,52,in_attesa
1,207,GSM8K,phi3:mini,48,50,in_attesa
1,207,GSM8K,qwen2.5:7b,46,51,in_attesa
1,207,GSM8K,"mistral:latest ",47,52,in_attesa
1,208,MMLU,phi3:mini,48,51,in_attesa
1,208,MMLU,qwen2.5:7b,47,48,in_attesa
1,208,MMLU,"mistral:latest ",48,50,in_attesa
1,209,SQuAD,phi3:mini,46,50,in_attesa
1,209,SQuAD,qwen2.5:7b,46,49,in_attesa
1,209,SQuAD,"mistral:latest ",45,48,in_attesa
1,210,GSM8K,phi3:mini,48,52,in_attesa
1,210,GSM8K,qwen2.5:7b,46,49,in_attesa
1,210,GSM8K,"mistral:latest ",46,50,in_attesa
1,211,HellaSwag,phi3:mini,46,51,in_attesa
1,211,HellaSwag,qwen2.5:7b,46,50,in_attesa
1,211,HellaSwag,"mistral:latest ",45,49,in_attesa
1,212,HellaSwag,phi3:mini,45,49,in_attesa
1,212,HellaSwag,qwen2.5:7b,45,50,in_attesa
1,212,HellaSwag,"mistral:latest ",46,52,in_attesa
1,213,HumanEval,phi3:mini,46,51,in_attesa
1,213,HumanEval,qwen2.5:7b,47,51,in_attesa
1,213,HumanEval,"mistral:latest ",47,51,in_attesa
1,214,SQuAD,phi3:mini,47,49,in_attesa
1,214,SQuAD,qwen2.5:7b,45,47,in_attesa
1,214,SQuAD,"mistral:latest ",47,48,in_attesa
1,215,HumanEval,phi3:mini,48,51,in_attesa
1,215,HumanEval,qwen2.5:7b,46,50,in_attesa
1,215,HumanEval,"mistral:latest ",46,51,in_attesa
1,216,HellaSwag,phi3:mini,46,50,in_attesa
1,216,HellaSwag,qwen2.5:7b,46,51,in_attesa
1,216,HellaSwag,"mistral:latest ",46,49,in_attesa
1,217,SQuAD,phi3:mini,45,48,in_attesa
1,217,SQuAD,qwen2.5:7b,48,49,in_attesa
1,217,SQuAD,"mistral:latest ",45,50,in_attesa
1,218,HumanEval,phi3:mini,48,51,in_attesa
1,218,HumanEval,qwen2.5:7b,46,52,in_attesa
1,218,HumanEval,"mistral:latest ",48,52,in_attesa
1,219,HumanEval,phi3:mini,48,53,in_attesa
1,219,HumanEval,qwen2.5:7b,47,54,in_attesa
1,219,HumanEval,"mistral:latest ",48,52,in_attesa
1,220,MMLU,phi3:mini,48,51,in_attesa
1,220,MMLU,qwen2.5:7b,47,50,in_attesa
1,220,MMLU,"mistral:latest ",46,50,in_attesa
1,221,SQuAD,phi3:mini,46,49,in_attesa
1,221,SQuAD,qwen2.5:7b,45,47,in_attesa
1,221,SQuAD,"mistral:latest ",47,48,in_attesa
1,222,HumanEval,phi3:mini,48,51,in_attesa
1,222,HumanEval,qwen2.5:7b,46,51,in_attesa
1,222,HumanEval,"mistral:latest ",46,50,in_attesa
1,223,MMLU,phi3:mini,46,50,in_attesa
1,223,MMLU,qwen2.5:7b,45,48,in_attesa
1,223,MMLU,"mistral:latest ",48,49,in_attesa
1,224,HellaSwag,phi3:mini,46,50,in_attesa
1,224,HellaSwag,qwen2.5:7b,46,51,in_attesa
1,224,HellaSwag,"mistral:latest ",46,50,in_attesa
1,225,GSM8K,phi3:mini,46,52,in_attesa
1,225,GSM8K,qwen2.5:7b,46,50,in_attesa
1,225,GSM8K,"mistral:latest ",46,50,in_attesa
1,226,HumanEval,phi3:mini,46,49,in_attesa
1,226,HumanEval,qwen2.5:7b,45,52,in_attesa
1,226,HumanEval,"mistral:latest ",47,53,in_attesa
1,227,MMLU,phi3:mini,47,49,in_attesa
1,227,MMLU,qwen2.5:7b,46,50,in_attesa
1,227,MMLU,"mistral:latest ",48,50,in_attesa
1,228,HellaSwag,phi3:mini,48,51,in_attesa
1,228,HellaSwag,qwen2.5:7b,47,51,in_attesa
1,228,HellaSwag,"mistral:latest ",46,50,in_attesa
1,229,GSM8K,phi3:mini,48,50,in_attesa
1,229,GSM8K,qwen2.5:7b,47,51,in_attesa
1,229,GSM8K,"mistral:latest ",46,51,in_attesa
1,230,HumanEval,phi3:mini,46,49,in_attesa
1,230,HumanEval,qwen2.5:7b,45,50,in_attesa
1,230,HumanEval,"mistral:latest ",46,50,in_attesa
1,231,HumanEval,phi3:mini,46,52,in_attesa
1,231,HumanEval,qwen2.5:7b,46,52,in_attesa
1,231,HumanEval,"mistral:latest ",47,52,in_attesa
1,232,HumanEval,phi3:mini,47,54,in_attesa
1,232,HumanEval,qwen2.5:7b,47,56,in_attesa
1,232,HumanEval,"mistral:latest ",48,53,in_attesa
1,233,SQuAD,phi3:mini,48,50,in_attesa
1,233,SQuAD,qwen2.5:7b,46,50,in_attesa
1,233,SQuAD,"mistral:latest ",45,49,in_attesa
1,234,HumanEval,phi3:mini,45,50,in_attesa
1,234,HumanEval,qwen2.5:7b,45,51,in_attesa
1,234,HumanEval,"mistral:latest ",46,51,in_attesa
1,235,GSM8K,phi3:mini,47,51,in_attesa
1,235,GSM8K,qwen2.5:7b,47,53,in_attesa
1,235,GSM8K,"mistral:latest ",48,53,in_attesa
1,236,HellaSwag,phi3:mini,47,51,in_attesa
1,236,HellaSwag,qwen2.5:7b,47,50,in_attesa
1,236,HellaSwag,"mistral:latest ",46,49,in_attesa
1,237,MMLU,phi3:mini,45,50,in_attesa
1,237,MMLU,qwen2.5:7b,48,50,in_attesa
1,237,MMLU,"mistral:latest ",46,52,in_attesa
1,238,HumanEval,phi3:mini,45,51,in_attesa
1,238,HumanEval,qwen2.5:7b,46,52,in_attesa
1,238,HumanEval,"mistral:latest ",47,52,in_attesa
1,239,GSM8K,phi3:mini,47,51,in_attesa
1,239,GSM8K,qwen2.5:7b,47,50,in_attesa
1,239,GSM8K,"mistral:latest ",46,51,in_attesa
1,240,SQuAD,phi3:mini,46,48,in_attesa
1,240,SQuAD,qwen2.5:7b,48,49,in_attesa
1,240,SQuAD,"mistral:latest ",45,48,in_attesa
1,241,HumanEval,phi3:mini,47,50,in_attesa
1,241,HumanEval,qwen2.5:7b,46,50,in_attesa
1,241,HumanEval,"mistral:latest ",46,51,in_attesa
1,242,MMLU,phi3:mini,46,50,in_attesa
1,242,MMLU,qwen2.5:7b,46,49,in_attesa
1,242,MMLU,"mistral:latest ",45,49,in_attesa
1,243,GSM8K,phi3:mini,45,47,in_attesa
1,243,GSM8K,qwen2.5:7b,47,50,in_attesa
1,243,GSM8K,"mistral:latest ",46,50,in_attesa
1,244,SQuAD,phi3:mini,46,48,in_attesa
1,244,SQuAD,qwen2.5:7b,48,50,in_attesa
1,244,SQuAD,"mistral:latest ",46,48,in_attesa
1,245,SQuAD,phi3:mini,48,49,in_attesa
1,245,SQuAD,qwen2.5:7b,46,47,in_attesa
1,245,SQuAD,"mistral:latest ",47,48,in_attesa
1,246,SQuAD,phi3:mini,48,50,in_attesa
1,246,SQuAD,qwen2.5:7b,45,47,in_attesa
1,246,SQuAD,"mistral:latest ",47,49,in_attesa
1,247,MMLU,phi3:mini,45,50,in_attesa
1,247,MMLU,qwen2.5:7b,46,49,in_attesa
1,247,MMLU,"mistral:latest ",45,49,in_attesa
1,248,HumanEval,phi3:mini,45,50,in_attesa
1,248,HumanEval,qwen2.5:7b,46,52,in_attesa
1,248,HumanEval,"mistral:latest ",47,51,in_attesa
1,249,GSM8K,phi3:mini,47,50,in_attesa
1,249,GSM8K,qwen2.5:7b,46,50,in_attesa
1,249,GSM8K,"mistral:latest ",46,50,in_attesa
1,250,GSM8K,phi3:mini,46,50,in_attesa
1,250,GSM8K,qwen2.5:7b,46,50,in_attesa
1,250,GSM8K,"mistral:latest ",46,51,in_attesa
1,251,SQuAD,phi3:mini,46,49,in_attesa
1,251,SQuAD,qwen2.5:7b,45,51,in_attesa
1,251,SQuAD,"mistral:latest ",45,50,in_attesa
1,252,HumanEval,phi3:mini,45,47,in_attesa
1,252,HumanEval,qwen2.5:7b,47,52,in_attesa
1,252,HumanEval,"mistral:latest ",47,52,in_attesa
1,253,HumanEval,phi3:mini,47,51,in_attesa
1,253,HumanEval,qwen2.5:7b,47,51,in_attesa
1,253,HumanEval,"mistral:latest ",47,54,in_attesa
1,254,HumanEval,phi3:mini,47,51,in_attesa
1,254,HumanEval,qwen2.5:7b,47,50,in_attesa
1,254,HumanEval,"mistral:latest ",47,55,in_attesa
1,255,HumanEval,phi3:mini,47,52,in_attesa
1,255,HumanEval,qwen2.5:7b,47,52,in_attesa
1,255,HumanEval,"mistral:latest ",48,52,in_attesa
1,256,GSM8K,phi3:mini,47,51,in_attesa
1,256,GSM8K,qwen2.5:7b,47,53,in_attesa
1,256,GSM8K,"mistral:latest ",47,53,in_attesa
1,257,SQuAD,phi3:mini,47,50,in_attesa
1,257,SQuAD,qwen2.5:7b,46,48,in_attesa
1,257,SQuAD,"mistral:latest ",48,48,in_attesa
1,258,HumanEval,phi3:mini,48,52,in_attesa
1,258,HumanEval,qwen2.5:7b,47,52,in_attesa
1,258,HumanEval,"mistral:latest ",48,54,in_attesa
1,259,GSM8K,phi3:mini,47,51,in_attesa
1,259,GSM8K,qwen2.5:7b,47,51,in_attesa
1,259,GSM8K,"mistral:latest ",46,50,in_attesa
1,260,SQuAD,phi3:mini,46,48,in_attesa
1,260,SQuAD,qwen2.5:7b,48,48,in_attesa
1,260,SQuAD,"mistral:latest ",48,49,in_attesa
1,261,GSM8K,phi3:mini,46,51,in_attesa
1,261,GSM8K,qwen2.5:7b,46,50,in_attesa
1,261,GSM8K,"mistral:latest ",46,49,in_attesa
1,262,HellaSwag,phi3:mini,45,50,in_attesa
1,262,HellaSwag,qwen2.5:7b,46,50,in_attesa
1,262,HellaSwag,"mistral:latest ",45,48,in_attesa
1,263,MMLU,phi3:mini,48,48,in_attesa
1,263,MMLU,qwen2.5:7b,48,51,in_attesa
1,263,MMLU,"mistral:latest ",45,48,in_attesa
1,264,SQuAD,phi3:mini,48,49,in_attesa
1,264,SQuAD,qwen2.5:7b,46,49,in_attesa
1,264,SQuAD,"mistral:latest ",45,50,in_attesa
1,265,MMLU,phi3:mini,46,50,in_attesa
1,265,MMLU,qwen2.5:7b,46,51,in_attesa
1,265,MMLU,"mistral:latest ",46,50,in_attesa
1,266,HumanEval,phi3:mini,46,50,in_attesa
1,266,HumanEval,qwen2.5:7b,46,51,in_attesa
1,266,HumanEval,"mistral:latest ",46,50,in_attesa
1,267,HumanEval,phi3:mini,46,50,in_attesa
1,267,HumanEval,qwen2.5:7b,48,53,in_attesa
1,267,HumanEval,"mistral:latest ",48,52,in_attesa
1,268,HellaSwag,phi3:mini,48,51,in_attesa
1,268,HellaSwag,qwen2.5:7b,47,50,in_attesa
1,268,HellaSwag,"mistral:latest ",46,50,in_attesa
1,269,HellaSwag,phi3:mini,46,51,in_attesa
1,269,HellaSwag,qwen2.5:7b,46,50,in_attesa
1,269,HellaSwag,"mistral:latest ",46,51,in_attesa
1,270,MMLU,phi3:mini,47,49,in_attesa
1,270,MMLU,qwen2.5:7b,46,49,in_attesa
1,270,MMLU,"mistral:latest ",45,51,in_attesa
1,271,GSM8K,phi3:mini,48,50,in_attesa
1,271,GSM8K,qwen2.5:7b,46,50,in_attesa
1,271,GSM8K,"mistral:latest ",46,49,in_attesa
1,272,HellaSwag,phi3:mini,46,50,in_attesa
1,272,HellaSwag,qwen2.5:7b,46,51,in_attesa
1,272,HellaSwag,"mistral:latest ",45,51,in_attesa
1,273,GSM8K,phi3:mini,46,50,in_attesa
1,273,GSM8K,qwen2.5:7b,46,50,in_attesa
1,273,GSM8K,"mistral:latest ",46,49,in_attesa
1,274,HellaSwag,phi3:mini,45,52,in_attesa
1,274,HellaSwag,qwen2.5:7b,46,49,in_attesa
1,274,HellaSwag,"mistral:latest ",45,48,in_attesa
1,275,MMLU,phi3:mini,48,48,in_attesa
1,275,MMLU,qwen2.5:7b,48,50,in_attesa
1,275,MMLU,"mistral:latest ",46,48,in_attesa
1,276,SQuAD,phi3:mini,48,48,in_attesa
1,276,SQuAD,qwen2.5:7b,48,50,in_attesa
1,276,SQuAD,"mistral:latest ",46,49,in_attesa
1,277,SQuAD,phi3:mini,45,49,in_attesa
1,277,SQuAD,qwen2.5:7b,45,48,in_attesa
1,277,SQuAD,"mistral:latest ",48,48,in_attesa
1,278,SQuAD,phi3:mini,48,49,in_attesa
1,278,SQuAD,qwen2.5:7b,45,48,in_attesa
1,278,SQuAD,"mistral:latest ",48,48,in_attesa
1,279,HellaSwag,phi3:mini,48,51,in_attesa
1,279,HellaSwag,qwen2.5:7b,47,50,in_attesa
1,279,HellaSwag,"mistral:latest ",46,50,in_attesa
1,280,HellaSwag,phi3:mini,46,51,in_attesa
1,280,HellaSwag,qwen2.5:7b,47,49,in_attesa
1,280,HellaSwag,"mistral:latest ",45,48,in_attesa
1,281,GSM8K,phi3:mini,48,50,in_attesa
1,281,GSM8K,qwen2.5:7b,46,49,in_attesa
1,281,GSM8K,"mistral:latest ",45,49,in_attesa
1,282,GSM8K,phi3:mini,45,49,in_attesa
1,282,GSM8K,qwen2.5:7b,48,50,in_attesa
1,282,GSM8K,"mistral:latest ",46,50,in_attesa
1,283,HellaSwag,phi3:mini,45,49,in_attesa
1,283,HellaSwag,qwen2.5:7b,45,48,in_attesa
1,283,HellaSwag,"mistral:latest ",48,49,in_attesa
1,284,HellaSwag,phi3:mini,45,49,in_attesa
1,284,HellaSwag,qwen2.5:7b,46,49,in_attesa
1,284,HellaSwag,"mistral:latest ",45,52,in_attesa
1,285,HellaSwag,phi3:mini,46,50,in_attesa
1,285,HellaSwag,qwen2.5:7b,46,51,in_attesa
1,285,HellaSwag,"mistral:latest ",46,50,in_attesa
1,286,HellaSwag,phi3:mini,46,51,in_attesa
1,286,HellaSwag,qwen2.5:7b,46,49,in_attesa
1,286,HellaSwag,"mistral:latest ",46,50,in_attesa
1,287,HellaSwag,phi3:mini,48,51,in_attesa
1,287,HellaSwag,qwen2.5:7b,47,49,in_attesa
1,287,HellaSwag,"mistral:latest ",45,48,in_attesa
1,288,MMLU,phi3:mini,48,51,in_attesa
1,288,MMLU,qwen2.5:7b,46,51,in_attesa
1,288,MMLU,"mistral:latest ",46,50,in_attesa
1,289,SQuAD,phi3:mini,45,50,in_attesa
1,289,SQuAD,qwen2.5:7b,45,48,in_attesa
1,289,SQuAD,"mistral:latest ",48,48,in_attesa
1,290,SQuAD,phi3:mini,48,49,in_attesa
1,290,SQuAD,qwen2.5:7b,46,48,in_attesa
1,290,SQuAD,"mistral:latest ",48,50,in_attesa
1,291,MMLU,phi3:mini,46,49,in_attesa
1,291,MMLU,qwen2.5:7b,46,49,in_attesa
1,291,MMLU,"mistral:latest ",45,50,in_attesa
1,292,MMLU,phi3:mini,46,48,in_attesa
1,292,MMLU,qwen2.5:7b,48,49,in_attesa
1,292,MMLU,"mistral:latest ",46,50,in_attesa
1,293,SQuAD,phi3:mini,48,49,in_attesa
1,293,SQuAD,qwen2.5:7b,45,49,in_attesa
1,293,SQuAD,"mistral:latest ",45,47,in_attesa
1,294,HumanEval,phi3:mini,47,50,in_attesa
1,294,HumanEval,qwen2.5:7b,46,50,in_attesa
1,294,HumanEval,"mistral:latest ",46,51,in_attesa
1,295,SQuAD,phi3:mini,46,48,in_attesa
1,295,SQuAD,qwen2.5:7b,48,49,in_attesa
1,295,SQuAD,"mistral:latest ",46,49,in_attesa
1,296,MMLU,phi3:mini,45,49,in_attesa
1,296,MMLU,qwen2.5:7b,45,51,in_attesa
1,296,MMLU,"mistral:latest ",46,49,in_attesa
1,297,HumanEval,phi3:mini,45,50,in_attesa
1,297,HumanEval,qwen2.5:7b,45,51,in_attesa
1,297,HumanEval,"mistral:latest ",46,51,in_attesa
1,298,HellaSwag,phi3:mini,46,48,in_attesa
1,298,HellaSwag,qwen2.5:7b,48,51,in_attesa
1,298,HellaSwag,"mistral:latest ",46,50,in_attesa
1,299,GSM8K,phi3:mini,45,50,in_attesa
1,299,GSM8K,qwen2.5:7b,46,52,in_attesa
1,299,GSM8K,"mistral:latest ",47,50,in_attesa
1,300,MMLU,phi3:mini,46,50,in_attesa
1,300,MMLU,qwen2.5:7b,46,52,in_attesa
1,300,MMLU,"mistral:latest ",47,52,in_attesa
1,301,GSM8K,phi3:mini,47,50,in_attesa
1,301,GSM8K,qwen2.5:7b,46,51,in_attesa
1,301,GSM8K,"mistral:latest ",46,51,in_attesa
1,302,GSM8K,phi3:mini,46,48,in_attesa
1,302,GSM8K,qwen2.5:7b,48,51,in_attesa
1,302,GSM8K,"mistral:latest ",46,49,in_attesa
1,303,HellaSwag,phi3:mini,45,51,in_attesa
1,303,HellaSwag,qwen2.5:7b,46,52,in_attesa
1,303,HellaSwag,"mistral:latest ",46,50,in_attesa
1,304,HellaSwag,phi3:mini,45,50,in_attesa
1,304,HellaSwag,qwen2.5:7b,46,48,in_attesa
1,304,HellaSwag,"mistral:latest ",48,49,in_attesa
1,305,MMLU,phi3:mini,45,48,in_attesa
1,305,MMLU,qwen2.5:7b,48,49,in_attesa
1,305,MMLU,"mistral:latest ",46,49,in_attesa
1,306,SQuAD,phi3:mini,45,48,in_attesa
1,306,SQuAD,qwen2.5:7b,48,49,in_attesa
1,306,SQuAD,"mistral:latest ",45,48,in_attesa
1,307,GSM8K,phi3:mini,48,50,in_attesa
1,307,GSM8K,qwen2.5:7b,46,49,in_attesa
1,307,GSM8K,"mistral:latest ",45,49,in_attesa
1,308,HellaSwag,phi3:mini,45,51,in_attesa
1,308,HellaSwag,qwen2.5:7b,46,49,in_attesa
1,308,HellaSwag,"mistral:latest ",46,51,in_attesa
1,309,MMLU,phi3:mini,46,50,in_attesa
1,309,MMLU,qwen2.5:7b,46,52,in_attesa
1,309,MMLU,"mistral:latest ",47,51,in_attesa
1,310,SQuAD,phi3:mini,46,49,in_attesa
1,310,SQuAD,qwen2.5:7b,45,48,in_attesa
1,310,SQuAD,"mistral:latest ",48,49,in_attesa
1,311,SQuAD,phi3:mini,45,49,in_attesa
1,311,SQuAD,qwen2.5:7b,45,49,in_attesa
1,311,SQuAD,"mistral:latest ",45,49,in_attesa
1,312,MMLU,phi3:mini,45,49,in_attesa
1,312,MMLU,qwen2.5:7b,45,48,in_attesa
1,312,MMLU,"mistral:latest ",47,48,in_attesa
1,313,GSM8K,phi3:mini,48,50,in_attesa
1,313,GSM8K,qwen2.5:7b,46,51,in_attesa
1,313,GSM8K,"mistral:latest ",46,50,in_attesa
1,314,HellaSwag,phi3:mini,45,50,in_attesa
1,314,HellaSwag,qwen2.5:7b,46,51,in_attesa
1,314,HellaSwag,"mistral:latest ",46,50,in_attesa
1,315,HumanEval,phi3:mini,46,50,in_attesa
1,315,HumanEval,qwen2.5:7b,46,51,in_attesa
1,315,HumanEval,"mistral:latest ",47,56,in_attesa
1,316,HellaSwag,phi3:mini,47,50,in_attesa
1,316,HellaSwag,qwen2.5:7b,46,49,in_attesa
1,316,HellaSwag,"mistral:latest ",48,49,in_attesa
1,317,HellaSwag,phi3:mini,45,48,in_attesa
1,317,HellaSwag,qwen2.5:7b,48,50,in_attesa
1,317,HellaSwag,"mistral:latest ",46,50,in_attesa
1,318,GSM8K,phi3:mini,46,50,in_attesa
1,318,GSM8K,qwen2.5:7b,46,50,in_attesa
1,318,GSM8K,"mistral:latest ",46,49,in_attesa
1,319,MMLU,phi3:mini,46,49,in_attesa
1,319,MMLU,qwen2.5:7b,45,48,in_attesa
1,319,MMLU,"mistral:latest ",48,48,in_attesa
1,320,SQuAD,phi3:mini,48,49,in_attesa
1,320,SQuAD,qwen2.5:7b,45,48,in_attesa
1,320,SQuAD,"mistral:latest ",48,48,in_attesa
1,321,MMLU,phi3:mini,48,52,in_attesa
1,321,MMLU,qwen2.5:7b,47,49,in_attesa
1,321,MMLU,"mistral:latest ",45,50,in_attesa
1,322,SQuAD,phi3:mini,45,47,in_attesa
1,322,SQuAD,qwen2.5:7b,47,48,in_attesa
1,322,SQuAD,"mistral:latest ",48,50,in_attesa
1,323,HumanEval,phi3:mini,48,51,in_attesa
1,323,HumanEval,qwen2.5:7b,47,52,in_attesa
1,323,HumanEval,"mistral:latest ",48,54,in_attesa
1,324,MMLU,phi3:mini,48,51,in_attesa
1,324,MMLU,qwen2.5:7b,47,51,in_attesa
1,324,MMLU,"mistral:latest ",45,47,in_attesa
1,325,HumanEval,phi3:mini,47,50,in_attesa
1,325,HumanEval,qwen2.5:7b,46,51,in_attesa
1,325,HumanEval,"mistral:latest ",47,54,in_attesa
1,326,MMLU,phi3:mini,47,49,in_attesa
1,326,MMLU,qwen2.5:7b,46,51,in_attesa
1,326,MMLU,"mistral:latest ",46,50,in_attesa
1,327,SQuAD,phi3:mini,46,48,in_attesa
1,327,SQuAD,qwen2.5:7b,48,49,in_attesa
1,327,SQuAD,"mistral:latest ",45,49,in_attesa
1,328,HumanEval,phi3:mini,45,49,in_attesa
1,328,HumanEval,qwen2.5:7b,45,51,in_attesa
1,328,HumanEval,"mistral:latest ",46,51,in_attesa
1,329,HumanEval,phi3:mini,46,51,in_attesa
1,329,HumanEval,qwen2.5:7b,47,54,in_attesa
1,329,HumanEval,"mistral:latest ",47,51,in_attesa
1,330,HumanEval,phi3:mini,47,50,in_attesa
1,330,HumanEval,qwen2.5:7b,46,52,in_attesa
1,330,HumanEval,"mistral:latest ",47,51,in_attesa
1,331,HellaSwag,phi3:mini,47,50,in_attesa
1,331,HellaSwag,qwen2.5:7b,46,51,in_attesa
1,331,HellaSwag,"mistral:latest ",46,50,in_attesa
1,332,HumanEval,phi3:mini,46,50,in_attesa
1,332,HumanEval,qwen2.5:7b,46,52,in_attesa
1,332,HumanEval,"mistral:latest ",47,51,in_attesa
1,333,HumanEval,phi3:mini,48,51,in_attesa
1,333,HumanEval,qwen2.5:7b,47,53,in_attesa
1,333,HumanEval,"mistral:latest ",48,52,in_attesa
1,334,MMLU,phi3:mini,47,50,in_attesa
1,334,MMLU,qwen2.5:7b,46,49,in_attesa
1,334,MMLU,"mistral:latest ",45,48,in_attesa
1,335,MMLU,phi3:mini,48,51,in_attesa
1,335,MMLU,qwen2.5:7b,46,50,in_attesa
1,335,MMLU,"mistral:latest ",46,50,in_attesa
1,336,SQuAD,phi3:mini,46,49,in_attesa
1,336,SQuAD,qwen2.5:7b,45,48,in_attesa
1,336,SQuAD,"mistral:latest ",48,48,in_attesa
1,337,GSM8K,phi3:mini,48,50,in_attesa
1,337,GSM8K,qwen2.5:7b,46,51,in_attesa
1,337,GSM8K,"mistral:latest ",47,51,in_attesa
1,338,SQuAD,phi3:mini,46,49,in_attesa
1,338,SQuAD,qwen2.5:7b,46,48,in_attesa
1,338,SQuAD,"mistral:latest ",48,50,in_attesa
1,339,SQuAD,phi3:mini,45,49,in_attesa
1,339,SQuAD,qwen2.5:7b,47,47,in_attesa
1,339,SQuAD,"mistral:latest ",47,48,in_attesa
1,340,HumanEval,phi3:mini,48,53,in_attesa
1,340,HumanEval,qwen2.5:7b,46,52,in_attesa
1,340,HumanEval,"mistral:latest ",48,51,in_attesa
1,341,GSM8K,phi3:mini,47,50,in_attesa
1,341,GSM8K,qwen2.5:7b,46,50,in_attesa
1,341,GSM8K,"mistral:latest ",46,51,in_attesa
1,342,GSM8K,phi3:mini,46,50,in_attesa
1,342,GSM8K,qwen2.5:7b,46,51,in_attesa
1,342,GSM8K,"mistral:latest ",47,52,in_attesa
1,343,MMLU,phi3:mini,47,49,in_attesa
1,343,MMLU,qwen2.5:7b,46,49,in_attesa
1,343,MMLU,"mistral:latest ",45,52,in_attesa
1,344,HellaSwag,phi3:mini,45,50,in_attesa
1,344,HellaSwag,qwen2.5:7b,46,50,in_attesa
1,344,HellaSwag,"mistral:latest ",45,48,in_attesa
1,345,HumanEval,phi3:mini,48,50,in_attesa
1,345,HumanEval,qwen2.5:7b,46,53,in_attesa
1,345,HumanEval,"mistral:latest ",47,52,in_attesa
1,346,HumanEval,phi3:mini,47,51,in_attesa
1,346,HumanEval,qwen2.5:7b,47,53,in_attesa
1,346,HumanEval,"mistral:latest ",48,51,in_attesa
1,347,HumanEval,phi3:mini,47,52,in_attesa
1,347,HumanEval,qwen2.5:7b,47,51,in_attesa
1,347,HumanEval,"mistral:latest ",47,51,in_attesa
1,348,MMLU,phi3:mini,47,49,in_attesa
1,348,MMLU,qwen2.5:7b,46,49,in_attesa
1,348,MMLU,"mistral:latest ",45,48,in_attesa
1,349,MMLU,phi3:mini,48,51,in_attesa
1,349,MMLU,qwen2.5:7b,46,50,in_attesa
1,349,MMLU,"mistral:latest ",46,48,in_attesa
1,350,MMLU,phi3:mini,48,48,in_attesa
1,350,MMLU,qwen2.5:7b,48,50,in_attesa
1,350,MMLU,"mistral:latest ",46,48,in_attesa
1,351,MMLU,phi3:mini,48,49,in_attesa
1,351,MMLU,qwen2.5:7b,45,49,in_attesa
1,351,MMLU,"mistral:latest ",45,48,in_attesa
1,352,SQuAD,phi3:mini,48,48,in_attesa
1,352,SQuAD,qwen2.5:7b,48,49,in_attesa
1,352,SQuAD,"mistral:latest ",48,49,in_attesa
1,353,SQuAD,phi3:mini,46,48,in_attesa
1,353,SQuAD,qwen2.5:7b,48,50,in_attesa
1,353,SQuAD,"mistral:latest ",48,50,in_attesa
1,354,MMLU,phi3:mini,46,49,in_attesa
1,354,MMLU,qwen2.5:7b,45,47,in_attesa
1,354,MMLU,"mistral:latest ",47,50,in_attesa
1,355,HellaSwag,phi3:mini,45,50,in_attesa
1,355,HellaSwag,qwen2.5:7b,46,48,in_attesa
1,355,HellaSwag,"mistral:latest ",48,53,in_attesa
1,356,HumanEval,phi3:mini,48,51,in_attesa
1,356,HumanEval,qwen2.5:7b,47,52,in_attesa
1,356,HumanEval,"mistral:latest ",47,51,in_attesa
1,357,SQuAD,phi3:mini,47,49,in_attesa
1,357,SQuAD,qwen2.5:7b,45,48,in_attesa
1,357,SQuAD,"mistral:latest ",48,47,in_attesa
1,358,SQuAD,phi3:mini,47,49,in_attesa
1,358,SQuAD,qwen2.5:7b,45,47,in_attesa
1,358,SQuAD,"mistral:latest ",47,48,in_attesa
1,359,SQuAD,phi3:mini,48,49,in_attesa
1,359,SQuAD,qwen2.5:7b,45,47,in_attesa
1,359,SQuAD,"mistral:latest ",47,48,in_attesa
1,360,SQuAD,phi3:mini,48,48,in_attesa
1,360,SQuAD,qwen2.5:7b,48,48,in_attesa
1,360,SQuAD,"mistral:latest ",48,50,in_attesa
1,361,GSM8K,phi3:mini,46,50,in_attesa
1,361,GSM8K,qwen2.5:7b,46,52,in_attesa
1,361,GSM8K,"mistral:latest ",46,52,in_attesa
1,362,SQuAD,phi3:mini,47,49,in_attesa
1,362,SQuAD,qwen2.5:7b,46,49,in_attesa
1,362,SQuAD,"mistral:latest ",48,49,in_attesa
1,363,HumanEval,phi3:mini,46,49,in_attesa
1,363,HumanEval,qwen2.5:7b,45,51,in_attesa
1,363,HumanEval,"mistral:latest ",47,52,in_attesa
1,364,GSM8K,phi3:mini,47,51,in_attesa
1,364,GSM8K,qwen2.5:7b,47,53,in_attesa
1,364,GSM8K,"mistral:latest ",48,53,in_attesa
1,365,HumanEval,phi3:mini,48,50,in_attesa
1,365,HumanEval,qwen2.5:7b,46,51,in_attesa
1,365,HumanEval,"mistral:latest ",47,56,in_attesa
1,366,HumanEval,phi3:mini,48,50,in_attesa
1,366,HumanEval,qwen2.5:7b,46,52,in_attesa
1,366,HumanEval,"mistral:latest ",48,52,in_attesa
1,367,MMLU,phi3:mini,47,49,in_attesa
1,367,MMLU,qwen2.5:7b,46,48,in_attesa
1,367,MMLU,"mistral:latest ",48,50,in_attesa
1,368,SQuAD,phi3:mini,46,48,in_attesa
1,368,SQuAD,qwen2.5:7b,48,48,in_attesa
1,368,SQuAD,"mistral:latest ",48,48,in_attesa
1,369,HellaSwag,phi3:mini,48,51,in_attesa
1,369,HellaSwag,qwen2.5:7b,47,51,in_attesa
1,369,HellaSwag,"mistral:latest ",46,48,in_attesa
1,370,SQuAD,phi3:mini,48,50,in_attesa
1,370,SQuAD,qwen2.5:7b,46,48,in_attesa
1,370,SQuAD,"mistral:latest ",48,48,in_attesa
1,371,SQuAD,phi3:mini,48,51,in_attesa
1,371,SQuAD,qwen2.5:7b,46,48,in_attesa
1,371,SQuAD,"mistral:latest ",48,49,in_attesa
1,372,HellaSwag,phi3:mini,45,49,in_attesa
1,372,HellaSwag,qwen2.5:7b,46,49,in_attesa
1,372,HellaSwag,"mistral:latest ",45,47,in_attesa
1,373,HellaSwag,phi3:mini,47,49,in_attesa
1,373,HellaSwag,qwen2.5:7b,45,49,in_attesa
1,373,HellaSwag,"mistral:latest ",45,47,in_attesa
1,374,HellaSwag,phi3:mini,47,50,in_attesa
1,374,HellaSwag,qwen2.5:7b,46,50,in_attesa
1,374,HellaSwag,"mistral:latest ",46,48,in_attesa
1,375,HellaSwag,phi3:mini,48,50,in_attesa
1,375,HellaSwag,qwen2.5:7b,46,49,in_attesa
1,375,HellaSwag,"mistral:latest ",45,49,in_attesa
1,376,SQuAD,phi3:mini,45,47,in_attesa
1,376,SQuAD,qwen2.5:7b,47,49,in_attesa
1,376,SQuAD,"mistral:latest ",47,48,in_attesa
1,377,GSM8K,phi3:mini,48,49,in_attesa
1,377,GSM8K,qwen2.5:7b,46,50,in_attesa
1,377,GSM8K,"mistral:latest ",46,50,in_attesa
1,378,MMLU,phi3:mini,46,50,in_attesa
1,378,MMLU,qwen2.5:7b,46,51,in_attesa
1,378,MMLU,"mistral:latest ",47,51,in_attesa
1,379,GSM8K,phi3:mini,47,51,in_attesa
1,379,GSM8K,qwen2.5:7b,47,52,in_attesa
1,379,GSM8K,"mistral:latest ",48,52,in_attesa
1,380,SQuAD,phi3:mini,47,50,in_attesa
1,380,SQuAD,qwen2.5:7b,46,50,in_attesa
1,380,SQuAD,"mistral:latest ",45,48,in_attesa
1,381,GSM8K,phi3:mini,48,50,in_attesa
1,381,GSM8K,qwen2.5:7b,46,50,in_attesa
1,381,GSM8K,"mistral:latest ",46,49,in_attesa
1,382,HumanEval,phi3:mini,45,50,in_attesa
1,382,HumanEval,qwen2.5:7b,46,52,in_attesa
1,382,HumanEval,"mistral:latest ",48,53,in_attesa
1,383,GSM8K,phi3:mini,48,51,in_attesa
1,383,GSM8K,qwen2.5:7b,46,50,in_attesa
1,383,GSM8K,"mistral:latest ",46,50,in_attesa
1,384,MMLU,phi3:mini,45,50,in_attesa
1,384,MMLU,qwen2.5:7b,46,49,in_attesa
1,384,MMLU,"mistral:latest ",45,48,in_attesa
1,385,GSM8K,phi3:mini,48,49,in_attesa
1,385,GSM8K,qwen2.5:7b,46,50,in_attesa
1,385,GSM8K,"mistral:latest ",46,50,in_attesa
1,386,HellaSwag,phi3:mini,46,50,in_attesa
1,386,HellaSwag,qwen2.5:7b,46,49,in_attesa
1,386,HellaSwag,"mistral:latest ",45,48,in_attesa
1,387,HumanEval,phi3:mini,48,50,in_attesa
1,387,HumanEval,qwen2.5:7b,46,51,in_attesa
1,387,HumanEval,"mistral:latest ",47,52,in_attesa
1,388,SQuAD,phi3:mini,47,49,in_attesa
1,388,SQuAD,qwen2.5:7b,46,48,in_attesa
1,388,SQuAD,"mistral:latest ",48,48,in_attesa
1,389,HellaSwag,phi3:mini,48,52,in_attesa
1,389,HellaSwag,qwen2.5:7b,47,51,in_attesa
1,389,HellaSwag,"mistral:latest ",47,51,in_attesa
1,390,HumanEval,phi3:mini,47,51,in_attesa
1,390,HumanEval,qwen2.5:7b,47,53,in_attesa
1,390,HumanEval,"mistral:latest ",48,52,in_attesa
1,391,GSM8K,phi3:mini,48,53,in_attesa
1,391,GSM8K,qwen2.5:7b,48,51,in_attesa
1,391,GSM8K,"mistral:latest ",47,50,in_attesa
1,392,HumanEval,phi3:mini,46,50,in_attesa
1,392,HumanEval,qwen2.5:7b,47,53,in_attesa
1,392,HumanEval,"mistral:latest ",48,51,in_attesa
1,393,SQuAD,phi3:mini,47,50,in_attesa
1,393,SQuAD,qwen2.5:7b,46,49,in_attesa
1,393,SQuAD,"mistral:latest ",45,48,in_attesa
1,394,HumanEval,phi3:mini,48,49,in_attesa
1,394,HumanEval,qwen2.5:7b,46,53,in_attesa
1,394,HumanEval,"mistral:latest ",47,52,in_attesa
1,395,HumanEval,phi3:mini,48,52,in_attesa
1,395,HumanEval,qwen2.5:7b,47,53,in_attesa
1,395,HumanEval,"mistral:latest ",47,51,in_attesa
1,396,HumanEval,phi3:mini,47,51,in_attesa
1,396,HumanEval,qwen2.5:7b,47,53,in_attesa
1,396,HumanEval,"mistral:latest ",48,54,in_attesa
1,397,SQuAD,phi3:mini,47,50,in_attesa
1,397,SQuAD,qwen2.5:7b,46,48,in_attesa
1,397,SQuAD,"mistral:latest ",48,49,in_attesa
1,398,MMLU,phi3:mini,46,48,in_attesa
1,398,MMLU,qwen2.5:7b,48,51,in_attesa
1,398,MMLU,"mistral:latest ",47,51,in_attesa
1,399,HumanEval,phi3:mini,47,51,in_attesa
1,399,HumanEval,qwen2.5:7b,47,53,in_attesa
1,399,HumanEval,"mistral:latest ",48,53,in_attesa
1,400,HellaSwag,phi3:mini,48,51,in_attesa
1,400,HellaSwag,qwen2.5:7b,47,50,in_attesa
1,400,HellaSwag,"mistral:latest ",46,50,in_attesa
1,401,MMLU,phi3:mini,46,49,in_attesa
1,401,MMLU,qwen2.5:7b,45,50,in_attesa
1,401,MMLU,"mistral:latest ",46,50,in_attesa
1,402,HellaSwag,phi3:mini,46,51,in_attesa
1,402,HellaSwag,qwen2.5:7b,47,50,in_attesa
1,402,HellaSwag,"mistral:latest ",46,48,in_attesa
1,403,HellaSwag,phi3:mini,48,51,in_attesa
1,403,HellaSwag,qwen2.5:7b,46,50,in_attesa
1,403,HellaSwag,"mistral:latest ",45,48,in_attesa
1,404,HumanEval,phi3:mini,48,51,in_attesa
1,404,HumanEval,qwen2.5:7b,47,52,in_attesa
1,404,HumanEval,"mistral:latest ",48,53,in_attesa
1,405,GSM8K,phi3:mini,47,50,in_attesa
1,405,GSM8K,qwen2.5:7b,46,51,in_attesa
1,405,GSM8K,"mistral:latest ",47,51,in_attesa
1,406,HellaSwag,phi3:mini,47,51,in_attesa
1,406,HellaSwag,qwen2.5:7b,46,49,in_attesa
1,406,HellaSwag,"mistral:latest ",45,50,in_attesa
1,407,GSM8K,phi3:mini,48,51,in_attesa
1,407,GSM8K,qwen2.5:7b,46,50,in_attesa
1,407,GSM8K,"mistral:latest ",46,50,in_attesa
1,408,GSM8K,phi3:mini,46,49,in_attesa
1,408,GSM8K,qwen2.5:7b,46,50,in_attesa
1,408,GSM8K,"mistral:latest ",46,51,in_attesa
1,409,GSM8K,phi3:mini,47,52,in_attesa
1,409,GSM8K,qwen2.5:7b,47,53,in_attesa
1,409,GSM8K,"mistral:latest ",48,52,in_attesa
1,410,MMLU,phi3:mini,47,52,in_attesa
1,410,MMLU,qwen2.5:7b,48,51,in_attesa
1,410,MMLU,"mistral:latest ",47,51,in_attesa
1,411,GSM8K,phi3:mini,47,51,in_attesa
1,411,GSM8K,qwen2.5:7b,47,53,in_attesa
1,411,GSM8K,"mistral:latest ",48,55,in_attesa
1,412,HellaSwag,phi3:mini,48,52,in_attesa
1,412,HellaSwag,qwen2.5:7b,48,52,in_attesa
1,412,HellaSwag,"mistral:latest ",47,50,in_attesa
1,413,SQuAD,phi3:mini,47,49,in_attesa
1,413,SQuAD,qwen2.5:7b,46,50,in_attesa
1,413,SQuAD,"mistral:latest ",48,49,in_attesa
1,414,HumanEval,phi3:mini,46,52,in_attesa
1,414,HumanEval,qwen2.5:7b,46,52,in_attesa
1,414,HumanEval,"mistral:latest ",48,55,in_attesa
1,415,HumanEval,phi3:mini,48,52,in_attesa
1,415,HumanEval,qwen2.5:7b,47,54,in_attesa
1,415,HumanEval,"mistral:latest ",48,52,in_attesa
1,416,MMLU,phi3:mini,48,50,in_attesa
1,416,MMLU,qwen2.5:7b,47,50,in_attesa
1,416,MMLU,"mistral:latest ",46,49,in_attesa
1,417,HumanEval,phi3:mini,46,50,in_attesa
1,417,HumanEval,qwen2.5:7b,46,51,in_attesa
1,417,HumanEval,"mistral:latest ",46,50,in_attesa
1,418,HumanEval,phi3:mini,47,51,in_attesa
1,418,HumanEval,qwen2.5:7b,47,53,in_attesa
1,418,HumanEval,"mistral:latest ",48,53,in_attesa
1,419,GSM8K,phi3:mini,48,53,in_attesa
1,419,GSM8K,qwen2.5:7b,47,53,in_attesa
1,419,GSM8K,"mistral:latest ",48,52,in_attesa
1,420,HellaSwag,phi3:mini,47,51,in_attesa
1,420,HellaSwag,qwen2.5:7b,47,51,in_attesa
1,420,HellaSwag,"mistral:latest ",47,50,in_attesa
1,421,GSM8K,phi3:mini,46,49,in_attesa
1,421,GSM8K,qwen2.5:7b,46,50,in_attesa
1,421,GSM8K,"mistral:latest ",47,51,in_attesa
1,422,HellaSwag,phi3:mini,47,52,in_attesa
1,422,HellaSwag,qwen2.5:7b,47,52,in_attesa
1,422,HellaSwag,"mistral:latest ",47,51,in_attesa
1,423,MMLU,phi3:mini,46,49,in_attesa
1,423,MMLU,qwen2.5:7b,45,49,in_attesa
1,423,MMLU,"mistral:latest ",45,52,in_attesa
1,424,MMLU,phi3:mini,46,49,in_attesa
1,424,MMLU,qwen2.5:7b,45,49,in_attesa
1,424,MMLU,"mistral:latest ",47,49,in_attesa
1,425,HellaSwag,phi3:mini,45,49,in_attesa
1,425,HellaSwag,qwen2.5:7b,46,50,in_attesa
1,425,HellaSwag,"mistral:latest ",46,52,in_attesa
1,426,MMLU,phi3:mini,47,50,in_attesa
1,426,MMLU,qwen2.5:7b,46,49,in_attesa
1,426,MMLU,"mistral:latest ",45,49,in_attesa
1,427,SQuAD,phi3:mini,45,48,in_attesa
1,427,SQuAD,qwen2.5:7b,48,48,in_attesa
1,427,SQuAD,"mistral:latest ",48,48,in_attesa
1,428,GSM8K,phi3:mini,48,50,in_attesa
1,428,GSM8K,qwen2.5:7b,46,49,in_attesa
1,428,GSM8K,"mistral:latest ",45,49,in_attesa
1,429,HellaSwag,phi3:mini,45,50,in_attesa
1,429,HellaSwag,qwen2.5:7b,46,49,in_attesa
1,429,HellaSwag,"mistral:latest ",45,50,in_attesa
1,430,HellaSwag,phi3:mini,46,51,in_attesa
1,430,HellaSwag,qwen2.5:7b,46,50,in_attesa
1,430,HellaSwag,"mistral:latest ",46,51,in_attesa
1,431,HumanEval,phi3:mini,47,51,in_attesa
1,431,HumanEval,qwen2.5:7b,47,52,in_attesa
1,431,HumanEval,"mistral:latest ",48,53,in_attesa
1,432,GSM8K,phi3:mini,48,50,in_attesa
1,432,GSM8K,qwen2.5:7b,47,51,in_attesa
1,432,GSM8K,"mistral:latest ",47,50,in_attesa
1,433,SQuAD,phi3:mini,46,48,in_attesa
1,433,SQuAD,qwen2.5:7b,48,49,in_attesa
1,433,SQuAD,"mistral:latest ",46,48,in_attesa
1,434,MMLU,phi3:mini,48,49,in_attesa
1,434,MMLU,qwen2.5:7b,46,49,in_attesa
1,434,MMLU,"mistral:latest ",45,49,in_attesa
1,435,GSM8K,phi3:mini,46,50,in_attesa
1,435,GSM8K,qwen2.5:7b,46,53,in_attesa
1,435,GSM8K,"mistral:latest ",48,51,in_attesa
1,436,MMLU,phi3:mini,47,50,in_attesa
1,436,MMLU,qwen2.5:7b,46,49,in_attesa
1,436,MMLU,"mistral:latest ",45,48,in_attesa
1,437,SQuAD,phi3:mini,48,49,in_attesa
1,437,SQuAD,qwen2.5:7b,45,49,in_attesa
1,437,SQuAD,"mistral:latest ",47,49,in_attesa
1,438,SQuAD,phi3:mini,45,48,in_attesa
1,438,SQuAD,qwen2.5:7b,48,49,in_attesa
1,438,SQuAD,"mistral:latest ",46,48,in_attesa
1,439,HellaSwag,phi3:mini,48,50,in_attesa
1,439,HellaSwag,qwen2.5:7b,46,51,in_attesa
1,439,HellaSwag,"mistral:latest ",47,55,in_attesa
1,440,MMLU,phi3:mini,48,51,in_attesa
1,440,MMLU,qwen2.5:7b,47,50,in_attesa
1,440,MMLU,"mistral:latest ",46,49,in_attesa
1,441,HumanEval,phi3:mini,45,50,in_attesa
1,441,HumanEval,qwen2.5:7b,46,53,in_attesa
1,441,HumanEval,"mistral:latest ",48,51,in_attesa
1,442,GSM8K,phi3:mini,47,51,in_attesa
1,442,GSM8K,qwen2.5:7b,47,53,in_attesa
1,442,GSM8K,"mistral:latest ",48,52,in_attesa
1,443,HellaSwag,phi3:mini,48,52,in_attesa
1,443,HellaSwag,qwen2.5:7b,48,50,in_attesa
1,443,HellaSwag,"mistral:latest ",47,50,in_attesa
1,444,GSM8K,phi3:mini,46,49,in_attesa
1,444,GSM8K,qwen2.5:7b,45,51,in_attesa
1,444,GSM8K,"mistral:latest ",46,51,in_attesa
1,445,HumanEval,phi3:mini,46,51,in_attesa
1,445,HumanEval,qwen2.5:7b,47,51,in_attesa
1,445,HumanEval,"mistral:latest ",47,51,in_attesa
1,446,GSM8K,phi3:mini,47,51,in_attesa
1,446,GSM8K,qwen2.5:7b,47,51,in_attesa
1,446,GSM8K,"mistral:latest ",47,53,in_attesa
1,447,MMLU,phi3:mini,47,51,in_attesa
1,447,MMLU,qwen2.5:7b,47,49,in_attesa
1,447,MMLU,"mistral:latest ",45,48,in_attesa
1,448,GSM8K,phi3:mini,48,50,in_attesa
1,448,GSM8K,qwen2.5:7b,46,51,in_attesa
1,448,GSM8K,"mistral:latest ",47,52,in_attesa
1,449,HumanEval,phi3:mini,47,53,in_attesa
1,449,HumanEval,qwen2.5:7b,47,55,in_attesa
1,449,HumanEval,"mistral:latest ",48,53,in_attesa
1,450,HumanEval,phi3:mini,47,52,in_attesa
1,450,HumanEval,qwen2.5:7b,47,53,in_attesa
1,450,HumanEval,"mistral:latest ",48,53,in_attesa
1,451,GSM8K,phi3:mini,48,52,in_attesa
1,451,GSM8K,qwen2.5:7b,47,53,in_attesa
1,451,GSM8K,"mistral:latest ",47,51,in_attesa
1,452,HellaSwag,phi3:mini,47,52,in_attesa
1,452,HellaSwag,qwen2.5:7b,47,51,in_attesa
1,452,HellaSwag,"mistral:latest ",47,51,in_attesa
1,453,GSM8K,phi3:mini,47,50,in_attesa
1,453,GSM8K,qwen2.5:7b,46,52,in_attesa
1,453,GSM8K,"mistral:latest ",47,53,in_attesa
1,454,MMLU,phi3:mini,47,50,in_attesa
1,454,MMLU,qwen2.5:7b,47,53,in_attesa
1,454,MMLU,"mistral:latest ",48,54,in_attesa
1,455,HumanEval,phi3:mini,48,52,in_attesa
1,455,HumanEval,qwen2.5:7b,47,51,in_attesa
1,455,HumanEval,"mistral:latest ",47,53,in_attesa
1,456,GSM8K,phi3:mini,47,49,in_attesa
1,456,GSM8K,qwen2.5:7b,46,49,in_attesa
1,456,GSM8K,"mistral:latest ",46,49,in_attesa
1,457,HumanEval,phi3:mini,45,50,in_attesa
1,457,HumanEval,qwen2.5:7b,46,52,in_attesa
1,457,HumanEval,"mistral:latest ",48,53,in_attesa
1,458,HellaSwag,phi3:mini,48,52,in_attesa
1,458,HellaSwag,qwen2.5:7b,47,51,in_attesa
1,458,HellaSwag,"mistral:latest ",47,51,in_attesa
1,459,MMLU,phi3:mini,47,49,in_attesa
1,459,MMLU,qwen2.5:7b,46,50,in_attesa
1,459,MMLU,"mistral:latest ",46,49,in_attesa
1,460,HumanEval,phi3:mini,45,51,in_attesa
1,460,HumanEval,qwen2.5:7b,46,53,in_attesa
1,460,HumanEval,"mistral:latest ",48,54,in_attesa
1,461,HellaSwag,phi3:mini,48,51,in_attesa
1,461,HellaSwag,qwen2.5:7b,47,49,in_attesa
1,461,HellaSwag,"mistral:latest ",46,48,in_attesa
1,462,MMLU,phi3:mini,48,50,in_attesa
1,462,MMLU,qwen2.5:7b,46,48,in_attesa
1,462,MMLU,"mistral:latest ",48,49,in_attesa
1,463,HumanEval,phi3:mini,46,48,in_attesa
1,463,HumanEval,qwen2.5:7b,48,50,in_attesa
1,463,HumanEval,"mistral:latest ",46,50,in_attesa
1,464,HumanEval,phi3:mini,45,51,in_attesa
1,464,HumanEval,qwen2.5:7b,46,52,in_attesa
1,464,HumanEval,"mistral:latest ",47,52,in_attesa
1,465,GSM8K,phi3:mini,47,49,in_attesa
1,465,GSM8K,qwen2.5:7b,46,49,in_attesa
1,465,GSM8K,"mistral:latest ",46,50,in_attesa
1,466,HellaSwag,phi3:mini,48,49,in_attesa
1,466,HellaSwag,qwen2.5:7b,46,50,in_attesa
1,466,HellaSwag,"mistral:latest ",45,49,in_attesa
1,467,SQuAD,phi3:mini,45,48,in_attesa
1,467,SQuAD,qwen2.5:7b,48,49,in_attesa
1,467,SQuAD,"mistral:latest ",47,49,in_attesa
1,468,GSM8K,phi3:mini,45,50,in_attesa
1,468,GSM8K,qwen2.5:7b,46,53,in_attesa
1,468,GSM8K,"mistral:latest ",48,54,in_attesa
1,469,SQuAD,phi3:mini,48,49,in_attesa
1,469,SQuAD,qwen2.5:7b,46,49,in_attesa
1,469,SQuAD,"mistral:latest ",45,48,in_attesa
1,470,HumanEval,phi3:mini,48,51,in_attesa
1,470,HumanEval,qwen2.5:7b,47,51,in_attesa
1,470,HumanEval,"mistral:latest ",47,52,in_attesa
1,471,HellaSwag,phi3:mini,47,51,in_attesa
1,471,HellaSwag,qwen2.5:7b,47,52,in_attesa
1,471,HellaSwag,"mistral:latest ",48,52,in_attesa
1,472,HellaSwag,phi3:mini,48,53,in_attesa
1,472,HellaSwag,qwen2.5:7b,48,52,in_attesa
1,472,HellaSwag,"mistral:latest ",48,53,in_attesa
1,473,HellaSwag,phi3:mini,48,51,in_attesa
1,473,HellaSwag,qwen2.5:7b,47,52,in_attesa
1,473,HellaSwag,"mistral:latest ",48,52,in_attesa
1,474,GSM8K,phi3:mini,48,52,in_attesa
1,474,GSM8K,qwen2.5:7b,47,53,in_attesa
1,474,GSM8K,"mistral:latest ",47,54,in_attesa
1,475,SQuAD,phi3:mini,48,50,in_attesa
1,475,SQuAD,qwen2.5:7b,47,49,in_attesa
1,475,SQuAD,"mistral:latest ",46,49,in_attesa
1,476,MMLU,phi3:mini,46,48,in_attesa
1,476,MMLU,qwen2.5:7b,48,49,in_attesa
1,476,MMLU,"mistral:latest ",46,51,in_attesa
1,477,HellaSwag,phi3:mini,46,50,in_attesa
1,477,HellaSwag,qwen2.5:7b,47,52,in_attesa
1,477,HellaSwag,"mistral:latest ",48,53,in_attesa
1,478,SQuAD,phi3:mini,48,51,in_attesa
1,478,SQuAD,qwen2.5:7b,47,48,in_attesa
1,478,SQuAD,"mistral:latest ",48,49,in_attesa
1,479,GSM8K,phi3:mini,46,51,in_attesa
1,479,GSM8K,qwen2.5:7b,46,51,in_attesa
1,479,GSM8K,"mistral:latest ",46,50,in_attesa
1,480,GSM8K,phi3:mini,46,49,in_attesa
1,480,GSM8K,qwen2.5:7b,46,49,in_attesa
1,480,GSM8K,"mistral:latest ",45,48,in_attesa
1,481,MMLU,phi3:mini,48,50,in_attesa
1,481,MMLU,qwen2.5:7b,46,52,in_attesa
1,481,MMLU,"mistral:latest ",46,52,in_attesa
1,482,MMLU,phi3:mini,46,49,in_attesa
1,482,MMLU,qwen2.5:7b,46,51,in_attesa
1,482,MMLU,"mistral:latest ",46,51,in_attesa
1,483,MMLU,phi3:mini,47,51,in_attesa
1,483,MMLU,qwen2.5:7b,47,53,in_attesa
1,483,MMLU,"mistral:latest ",48,54,in_attesa
1,484,SQuAD,phi3:mini,47,51,in_attesa
1,484,SQuAD,qwen2.5:7b,46,49,in_attesa
1,484,SQuAD,"mistral:latest ",46,48,in_attesa
1,485,HellaSwag,phi3:mini,48,50,in_attesa
1,485,HellaSwag,qwen2.5:7b,48,51,in_attesa
1,485,HellaSwag,"mistral:latest ",46,48,in_attesa
1,486,MMLU,phi3:mini,48,50,in_attesa
1,486,MMLU,qwen2.5:7b,46,48,in_attesa
1,486,MMLU,"mistral:latest ",48,49,in_attesa
1,487,SQuAD,phi3:mini,46,48,in_attesa
1,487,SQuAD,qwen2.5:7b,48,49,in_attesa
1,487,SQuAD,"mistral:latest ",48,49,in_attesa
1,488,HumanEval,phi3:mini,46,50,in_attesa
1,488,HumanEval,qwen2.5:7b,46,49,in_attesa
1,488,HumanEval,"mistral:latest ",45,49,in_attesa
1,489,HumanEval,phi3:mini,45,50,in_attesa
1,489,HumanEval,qwen2.5:7b,46,53,in_attesa
1,489,HumanEval,"mistral:latest ",47,52,in_attesa
1,490,HellaSwag,phi3:mini,47,53,in_attesa
1,490,HellaSwag,qwen2.5:7b,47,51,in_attesa
1,490,HellaSwag,"mistral:latest ",47,52,in_attesa
1,491,MMLU,phi3:mini,47,50,in_attesa
1,491,MMLU,qwen2.5:7b,46,50,in_attesa
1,491,MMLU,"mistral:latest ",46,50,in_attesa
1,492,HellaSwag,phi3:mini,46,50,in_attesa
1,492,HellaSwag,qwen2.5:7b,46,51,in_attesa
1,492,HellaSwag,"mistral:latest ",47,51,in_attesa
1,493,MMLU,phi3:mini,47,49,in_attesa
1,493,MMLU,qwen2.5:7b,46,48,in_attesa
1,493,MMLU,"mistral:latest ",48,49,in_attesa
1,494,GSM8K,phi3:mini,46,49,in_attesa
1,494,GSM8K,qwen2.5:7b,45,51,in_attesa
1,494,GSM8K,"mistral:latest ",47,52,in_attesa
1,495,GSM8K,phi3:mini,47,51,in_attesa
1,495,GSM8K,qwen2.5:7b,47,51,in_attesa
1,495,GSM8K,"mistral:latest ",47,52,in_attesa
1,496,GSM8K,phi3:mini,47,51,in_attesa
1,496,GSM8K,qwen2.5:7b,47,52,in_attesa
1,496,GSM8K,"mistral:latest ",48,51,in_attesa
1,497,HellaSwag,phi3:mini,47,51,in_attesa
1,497,HellaSwag,qwen2.5:7b,46,50,in_attesa
1,497,HellaSwag,"mistral:latest ",46,50,in_attesa
1,498,MMLU,phi3:mini,46,51,in_attesa
1,498,MMLU,qwen2.5:7b,46,49,in_attesa
1,498,MMLU,"mistral:latest ",45,47,in_attesa
1,499,MMLU,phi3:mini,47,48,in_attesa
1,499,MMLU,qwen2.5:7b,48,50,in_attesa
1,499,MMLU,"mistral:latest ",46,48,in_attesa
1,500,HellaSwag,phi3:mini,48,52,in_attesa
1,500,HellaSwag,qwen2.5:7b,47,52,in_attesa
1,500,HellaSwag,"mistral:latest ",48,52,in_attesa
2,1,GSM8K,phi3:mini,49,55,in_attesa
2,1,GSM8K,qwen2.5:7b,53,57,in_attesa
2,1,GSM8K,"mistral:latest ",54,57,in_attesa
2,2,HellaSwag,phi3:mini,54,57,in_attesa
2,2,HellaSwag,qwen2.5:7b,54,58,in_attesa
2,2,HellaSwag,"mistral:latest ",54,57,in_attesa
2,3,MMLU,phi3:mini,54,56,in_attesa
2,3,MMLU,qwen2.5:7b,53,55,in_attesa
2,3,MMLU,"mistral:latest ",53,54,in_attesa
2,4,GSM8K,phi3:mini,54,56,in_attesa
2,4,GSM8K,qwen2.5:7b,53,57,in_attesa
2,4,GSM8K,"mistral:latest ",53,56,in_attesa
2,5,MMLU,phi3:mini,53,55,in_attesa
2,5,MMLU,qwen2.5:7b,52,55,in_attesa
2,5,MMLU,"mistral:latest ",53,55,in_attesa
2,6,MMLU,phi3:mini,53,56,in_attesa
2,6,MMLU,qwen2.5:7b,54,57,in_attesa
2,6,MMLU,"mistral:latest ",54,58,in_attesa
2,7,HellaSwag,phi3:mini,54,57,in_attesa
2,7,HellaSwag,qwen2.5:7b,54,58,in_attesa
2,7,HellaSwag,"mistral:latest ",54,60,in_attesa
2,8,SQuAD,phi3:mini,54,55,in_attesa
2,8,SQuAD,qwen2.5:7b,53,55,in_attesa
2,8,SQuAD,"mistral:latest ",52,54,in_attesa
2,9,MMLU,phi3:mini,54,55,in_attesa
2,9,MMLU,qwen2.5:7b,52,54,in_attesa
2,9,MMLU,"mistral:latest ",54,54,in_attesa
2,10,HellaSwag,phi3:mini,54,56,in_attesa
2,10,HellaSwag,qwen2.5:7b,53,55,in_attesa
2,10,HellaSwag,"mistral:latest ",52,55,in_attesa
2,11,HumanEval,phi3:mini,53,55,in_attesa
2,11,HumanEval,qwen2.5:7b,53,56,in_attesa
2,11,HumanEval,"mistral:latest ",53,56,in_attesa
2,12,HumanEval,phi3:mini,53,56,in_attesa
2,12,HumanEval,qwen2.5:7b,53,56,in_attesa
2,12,HumanEval,"mistral:latest ",53,56,in_attesa
2,13,MMLU,phi3:mini,53,54,in_attesa
2,13,MMLU,qwen2.5:7b,54,54,in_attesa
2,13,MMLU,"mistral:latest ",54,55,in_attesa
2,14,SQuAD,phi3:mini,53,56,in_attesa
2,14,SQuAD,qwen2.5:7b,52,55,in_attesa
2,14,SQuAD,"mistral:latest ",52,54,in_attesa
2,15,HumanEval,phi3:mini,54,55,in_attesa
2,15,HumanEval,qwen2.5:7b,53,58,in_attesa
2,15,HumanEval,"mistral:latest ",54,57,in_attesa
2,16,MMLU,phi3:mini,54,55,in_attesa
2,16,MMLU,qwen2.5:7b,53,57,in_attesa
2,16,MMLU,"mistral:latest ",53,56,in_attesa
2,17,HellaSwag,phi3:mini,53,57,in_attesa
2,17,HellaSwag,qwen2.5:7b,53,57,in_attesa
2,17,HellaSwag,"mistral:latest ",54,58,in_attesa
2,18,GSM8K,phi3:mini,54,56,in_attesa
2,18,GSM8K,qwen2.5:7b,54,56,in_attesa
2,18,GSM8K,"mistral:latest ",54,57,in_attesa
2,19,SQuAD,phi3:mini,54,55,in_attesa
2,19,SQuAD,qwen2.5:7b,53,54,in_attesa
2,19,SQuAD,"mistral:latest ",54,55,in_attesa
2,20,SQuAD,phi3:mini,52,54,in_attesa
2,20,SQuAD,qwen2.5:7b,54,57,in_attesa
2,20,SQuAD,"mistral:latest ",54,56,in_attesa
2,21,HumanEval,phi3:mini,54,58,in_attesa
2,21,HumanEval,qwen2.5:7b,54,58,in_attesa
2,21,HumanEval,"mistral:latest ",54,60,in_attesa
2,22,HellaSwag,phi3:mini,53,55,in_attesa
2,22,HellaSwag,qwen2.5:7b,53,57,in_attesa
2,22,HellaSwag,"mistral:latest ",53,58,in_attesa
2,23,SQuAD,phi3:mini,53,56,in_attesa
2,23,SQuAD,qwen2.5:7b,53,54,in_attesa
2,23,SQuAD,"mistral:latest ",54,55,in_attesa
2,24,HellaSwag,phi3:mini,52,56,in_attesa
2,24,HellaSwag,qwen2.5:7b,53,56,in_attesa
2,24,HellaSwag,"mistral:latest ",53,57,in_attesa
2,25,MMLU,phi3:mini,54,56,in_attesa
2,25,MMLU,qwen2.5:7b,53,55,in_attesa
2,25,MMLU,"mistral:latest ",53,55,in_attesa
2,26,HumanEval,phi3:mini,52,57,in_attesa
2,26,HumanEval,qwen2.5:7b,53,57,in_attesa
2,26,HumanEval,"mistral:latest ",54,56,in_attesa
2,27,SQuAD,phi3:mini,53,57,in_attesa
2,27,SQuAD,qwen2.5:7b,53,57,in_attesa
2,27,SQuAD,"mistral:latest ",54,56,in_attesa
2,28,SQuAD,phi3:mini,52,54,in_attesa
2,28,SQuAD,qwen2.5:7b,54,54,in_attesa
2,28,SQuAD,"mistral:latest ",54,55,in_attesa
2,29,SQuAD,phi3:mini,52,55,in_attesa
2,29,SQuAD,qwen2.5:7b,52,54,in_attesa
2,29,SQuAD,"mistral:latest ",54,54,in_attesa
2,30,SQuAD,phi3:mini,54,54,in_attesa
2,30,SQuAD,qwen2.5:7b,54,54,in_attesa
2,30,SQuAD,"mistral:latest ",54,54,in_attesa
2,31,GSM8K,phi3:mini,54,56,in_attesa
2,31,GSM8K,qwen2.5:7b,53,57,in_attesa
2,31,GSM8K,"mistral:latest ",53,55,in_attesa
2,32,GSM8K,phi3:mini,53,55,in_attesa
2,32,GSM8K,qwen2.5:7b,52,54,in_attesa
2,32,GSM8K,"mistral:latest ",54,56,in_attesa
2,33,SQuAD,phi3:mini,53,55,in_attesa
2,33,SQuAD,qwen2.5:7b,53,55,in_attesa
2,33,SQuAD,"mistral:latest ",52,54,in_attesa
2,34,MMLU,phi3:mini,54,54,in_attesa
2,34,MMLU,qwen2.5:7b,54,56,in_attesa
2,34,MMLU,"mistral:latest ",54,54,in_attesa
2,35,SQuAD,phi3:mini,54,54,in_attesa
2,35,SQuAD,qwen2.5:7b,54,55,in_attesa
2,35,SQuAD,"mistral:latest ",52,54,in_attesa
2,36,MMLU,phi3:mini,54,55,in_attesa
2,36,MMLU,qwen2.5:7b,53,55,in_attesa
2,36,MMLU,"mistral:latest ",53,55,in_attesa
2,37,HumanEval,phi3:mini,52,57,in_attesa
2,37,HumanEval,qwen2.5:7b,52,58,in_attesa
2,37,HumanEval,"mistral:latest ",54,57,in_attesa
2,38,MMLU,phi3:mini,54,56,in_attesa
2,38,MMLU,qwen2.5:7b,53,54,in_attesa
2,38,MMLU,"mistral:latest ",54,55,in_attesa
2,39,SQuAD,phi3:mini,52,56,in_attesa
2,39,SQuAD,qwen2.5:7b,53,55,in_attesa
2,39,SQuAD,"mistral:latest ",53,56,in_attesa
2,40,GSM8K,phi3:mini,53,55,in_attesa
2,40,GSM8K,qwen2.5:7b,53,56,in_attesa
2,40,GSM8K,"mistral:latest ",53,56,in_attesa
2,41,HellaSwag,phi3:mini,53,56,in_attesa
2,41,HellaSwag,qwen2.5:7b,53,55,in_attesa
2,41,HellaSwag,"mistral:latest ",53,55,in_attesa
2,42,SQuAD,phi3:mini,53,55,in_attesa
2,42,SQuAD,qwen2.5:7b,52,54,in_attesa
2,42,SQuAD,"mistral:latest ",54,53,in_attesa
2,43,GSM8K,phi3:mini,53,57,in_attesa
2,43,GSM8K,qwen2.5:7b,53,55,in_attesa
2,43,GSM8K,"mistral:latest ",53,55,in_attesa
2,44,GSM8K,phi3:mini,52,56,in_attesa
2,44,GSM8K,qwen2.5:7b,53,57,in_attesa
2,44,GSM8K,"mistral:latest ",53,57,in_attesa
2,45,HellaSwag,phi3:mini,54,57,in_attesa
2,45,HellaSwag,qwen2.5:7b,53,56,in_attesa
2,45,HellaSwag,"mistral:latest ",53,55,in_attesa
2,46,GSM8K,phi3:mini,53,56,in_attesa
2,46,GSM8K,qwen2.5:7b,53,57,in_attesa
2,46,GSM8K,"mistral:latest ",54,57,in_attesa
2,47,GSM8K,phi3:mini,53,56,in_attesa
2,47,GSM8K,qwen2.5:7b,53,55,in_attesa
2,47,GSM8K,"mistral:latest ",52,55,in_attesa
2,48,HellaSwag,phi3:mini,53,56,in_attesa
2,48,HellaSwag,qwen2.5:7b,53,55,in_attesa
2,48,HellaSwag,"mistral:latest ",52,55,in_attesa
2,49,GSM8K,phi3:mini,52,56,in_attesa
2,49,GSM8K,qwen2.5:7b,53,55,in_attesa
2,49,GSM8K,"mistral:latest ",53,57,in_attesa
2,50,GSM8K,phi3:mini,53,57,in_attesa
2,50,GSM8K,qwen2.5:7b,53,58,in_attesa
2,50,GSM8K,"mistral:latest ",54,58,in_attesa
2,51,MMLU,phi3:mini,54,56,in_attesa
2,51,MMLU,qwen2.5:7b,53,56,in_attesa
2,51,MMLU,"mistral:latest ",54,57,in_attesa
2,52,MMLU,phi3:mini,53,56,in_attesa
2,52,MMLU,qwen2.5:7b,54,56,in_attesa
2,52,MMLU,"mistral:latest ",53,56,in_attesa
2,53,HumanEval,phi3:mini,53,57,in_attesa
2,53,HumanEval,qwen2.5:7b,53,58,in_attesa
2,53,HumanEval,"mistral:latest ",54,57,in_attesa
2,54,HellaSwag,phi3:mini,54,56,in_attesa
2,54,HellaSwag,qwen2.5:7b,53,57,in_attesa
2,54,HellaSwag,"mistral:latest ",53,56,in_attesa
2,55,MMLU,phi3:mini,53,56,in_attesa
2,55,MMLU,qwen2.5:7b,53,54,in_attesa
2,55,MMLU,"mistral:latest ",54,55,in_attesa
2,56,GSM8K,phi3:mini,52,56,in_attesa
2,56,GSM8K,qwen2.5:7b,53,55,in_attesa
2,56,GSM8K,"mistral:latest ",53,55,in_attesa
2,57,SQuAD,phi3:mini,52,55,in_attesa
2,57,SQuAD,qwen2.5:7b,52,53,in_attesa
2,57,SQuAD,"mistral:latest ",53,53,in_attesa
2,58,GSM8K,phi3:mini,53,54,in_attesa
2,58,GSM8K,qwen2.5:7b,54,55,in_attesa
2,58,GSM8K,"mistral:latest ",52,57,in_attesa
2,59,GSM8K,phi3:mini,53,54,in_attesa
2,59,GSM8K,qwen2.5:7b,54,55,in_attesa
2,59,GSM8K,"mistral:latest ",53,55,in_attesa
2,60,HellaSwag,phi3:mini,53,56,in_attesa
2,60,HellaSwag,qwen2.5:7b,53,57,in_attesa
2,60,HellaSwag,"mistral:latest ",53,56,in_attesa
2,61,GSM8K,phi3:mini,54,56,in_attesa
2,61,GSM8K,qwen2.5:7b,53,57,in_attesa
2,61,GSM8K,"mistral:latest ",53,56,in_attesa
2,62,HellaSwag,phi3:mini,53,56,in_attesa
2,62,HellaSwag,qwen2.5:7b,53,55,in_attesa
2,62,HellaSwag,"mistral:latest ",53,56,in_attesa
2,63,MMLU,phi3:mini,52,55,in_attesa
2,63,MMLU,qwen2.5:7b,52,55,in_attesa
2,63,MMLU,"mistral:latest ",52,54,in_attesa
2,64,GSM8K,phi3:mini,54,56,in_attesa
2,64,GSM8K,qwen2.5:7b,53,57,in_attesa
2,64,GSM8K,"mistral:latest ",53,58,in_attesa
2,65,MMLU,phi3:mini,53,55,in_attesa
2,65,MMLU,qwen2.5:7b,52,56,in_attesa
2,65,MMLU,"mistral:latest ",52,55,in_attesa
2,66,MMLU,phi3:mini,52,55,in_attesa
2,66,MMLU,qwen2.5:7b,52,54,in_attesa
2,66,MMLU,"mistral:latest ",54,57,in_attesa
2,67,HellaSwag,phi3:mini,53,56,in_attesa
2,67,HellaSwag,qwen2.5:7b,53,57,in_attesa
2,67,HellaSwag,"mistral:latest ",53,57,in_attesa
2,68,GSM8K,phi3:mini,54,56,in_attesa
2,68,GSM8K,qwen2.5:7b,54,58,in_attesa
2,68,GSM8K,"mistral:latest ",54,58,in_attesa
2,69,HellaSwag,phi3:mini,54,55,in_attesa
2,69,HellaSwag,qwen2.5:7b,53,56,in_attesa
2,69,HellaSwag,"mistral:latest ",54,56,in_attesa
2,70,HumanEval,phi3:mini,52,55,in_attesa
2,70,HumanEval,qwen2.5:7b,52,57,in_attesa
2,70,HumanEval,"mistral:latest ",53,56,in_attesa
2,71,MMLU,phi3:mini,53,55,in_attesa
2,71,MMLU,qwen2.5:7b,52,54,in_attesa
2,71,MMLU,"mistral:latest ",54,54,in_attesa
2,72,HumanEval,phi3:mini,54,54,in_attesa
2,72,HumanEval,qwen2.5:7b,54,57,in_attesa
2,72,HumanEval,"mistral:latest ",54,58,in_attesa
2,73,SQuAD,phi3:mini,53,57,in_attesa
2,73,SQuAD,qwen2.5:7b,53,54,in_attesa
2,73,SQuAD,"mistral:latest ",54,54,in_attesa
2,74,HellaSwag,phi3:mini,54,56,in_attesa
2,74,HellaSwag,qwen2.5:7b,53,58,in_attesa
2,74,HellaSwag,"mistral:latest ",54,57,in_attesa
2,75,HumanEval,phi3:mini,54,56,in_attesa
2,75,HumanEval,qwen2.5:7b,54,58,in_attesa
2,75,HumanEval,"mistral:latest ",54,57,in_attesa
2,76,HumanEval,phi3:mini,54,57,in_attesa
2,76,HumanEval,qwen2.5:7b,54,58,in_attesa
2,76,HumanEval,"mistral:latest ",54,58,in_attesa
2,77,GSM8K,phi3:mini,53,56,in_attesa
2,77,GSM8K,qwen2.5:7b,53,57,in_attesa
2,77,GSM8K,"mistral:latest ",53,55,in_attesa
2,78,HellaSwag,phi3:mini,53,56,in_attesa
2,78,HellaSwag,qwen2.5:7b,53,56,in_attesa
2,78,HellaSwag,"mistral:latest ",54,58,in_attesa
2,79,SQuAD,phi3:mini,54,56,in_attesa
2,79,SQuAD,qwen2.5:7b,53,55,in_attesa
2,79,SQuAD,"mistral:latest ",52,54,in_attesa
2,80,GSM8K,phi3:mini,54,58,in_attesa
2,80,GSM8K,qwen2.5:7b,53,57,in_attesa
2,80,GSM8K,"mistral:latest ",54,57,in_attesa
2,81,MMLU,phi3:mini,54,57,in_attesa
2,81,MMLU,qwen2.5:7b,54,56,in_attesa
2,81,MMLU,"mistral:latest ",53,55,in_attesa
2,82,MMLU,phi3:mini,52,55,in_attesa
2,82,MMLU,qwen2.5:7b,52,53,in_attesa
2,82,MMLU,"mistral:latest ",53,54,in_attesa
2,83,HumanEval,phi3:mini,54,57,in_attesa
2,83,HumanEval,qwen2.5:7b,53,55,in_attesa
2,83,HumanEval,"mistral:latest ",53,56,in_attesa
2,84,SQuAD,phi3:mini,53,54,in_attesa
2,84,SQuAD,qwen2.5:7b,54,55,in_attesa
2,84,SQuAD,"mistral:latest ",52,53,in_attesa
2,85,HellaSwag,phi3:mini,53,55,in_attesa
2,85,HellaSwag,qwen2.5:7b,53,56,in_attesa
2,85,HellaSwag,"mistral:latest ",53,56,in_attesa
2,86,HumanEval,phi3:mini,53,55,in_attesa
2,86,HumanEval,qwen2.5:7b,53,56,in_attesa
2,86,HumanEval,"mistral:latest ",53,56,in_attesa
2,87,HellaSwag,phi3:mini,53,56,in_attesa
2,87,HellaSwag,qwen2.5:7b,53,55,in_attesa
2,87,HellaSwag,"mistral:latest ",53,56,in_attesa
2,88,MMLU,phi3:mini,53,54,in_attesa
2,88,MMLU,qwen2.5:7b,54,56,in_attesa
2,88,MMLU,"mistral:latest ",53,56,in_attesa
2,89,HumanEval,phi3:mini,52,57,in_attesa
2,89,HumanEval,qwen2.5:7b,53,56,in_attesa
2,89,HumanEval,"mistral:latest ",53,57,in_attesa
2,90,MMLU,phi3:mini,53,57,in_attesa
2,90,MMLU,qwen2.5:7b,53,54,in_attesa
2,90,MMLU,"mistral:latest ",54,56,in_attesa
2,91,MMLU,phi3:mini,53,55,in_attesa
2,91,MMLU,qwen2.5:7b,53,55,in_attesa
2,91,MMLU,"mistral:latest ",52,56,in_attesa
2,92,GSM8K,phi3:mini,53,55,in_attesa
2,92,GSM8K,qwen2.5:7b,53,56,in_attesa
2,92,GSM8K,"mistral:latest ",53,55,in_attesa
2,93,SQuAD,phi3:mini,52,54,in_attesa
2,93,SQuAD,qwen2.5:7b,54,54,in_attesa
2,93,SQuAD,"mistral:latest ",54,54,in_attesa
2,94,SQuAD,phi3:mini,54,54,in_attesa
2,94,SQuAD,qwen2.5:7b,54,54,in_attesa
2,94,SQuAD,"mistral:latest ",54,54,in_attesa
2,95,GSM8K,phi3:mini,54,55,in_attesa
2,95,GSM8K,qwen2.5:7b,52,55,in_attesa
2,95,GSM8K,"mistral:latest ",53,56,in_attesa
2,96,MMLU,phi3:mini,52,54,in_attesa
2,96,MMLU,qwen2.5:7b,54,54,in_attesa
2,96,MMLU,"mistral:latest ",54,54,in_attesa
2,97,GSM8K,phi3:mini,54,56,in_attesa
2,97,GSM8K,qwen2.5:7b,53,57,in_attesa
2,97,GSM8K,"mistral:latest ",54,57,in_attesa
2,98,HumanEval,phi3:mini,54,57,in_attesa
2,98,HumanEval,qwen2.5:7b,54,57,in_attesa
2,98,HumanEval,"mistral:latest ",54,58,in_attesa
2,99,HellaSwag,phi3:mini,54,56,in_attesa
2,99,HellaSwag,qwen2.5:7b,54,56,in_attesa
2,99,HellaSwag,"mistral:latest ",53,57,in_attesa
2,100,GSM8K,phi3:mini,53,56,in_attesa
2,100,GSM8K,qwen2.5:7b,53,55,in_attesa
2,100,GSM8K,"mistral:latest ",53,57,in_attesa
2,101,SQuAD,phi3:mini,53,56,in_attesa
2,101,SQuAD,qwen2.5:7b,54,54,in_attesa
2,101,SQuAD,"mistral:latest ",54,54,in_attesa
2,102,HellaSwag,phi3:mini,54,56,in_attesa
2,102,HellaSwag,qwen2.5:7b,53,56,in_attesa
2,102,HellaSwag,"mistral:latest ",53,58,in_attesa
2,103,SQuAD,phi3:mini,53,56,in_attesa
2,103,SQuAD,qwen2.5:7b,53,54,in_attesa
2,103,SQuAD,"mistral:latest ",54,55,in_attesa
2,104,HellaSwag,phi3:mini,52,56,in_attesa
2,104,HellaSwag,qwen2.5:7b,53,56,in_attesa
2,104,HellaSwag,"mistral:latest ",52,54,in_attesa
2,105,MMLU,phi3:mini,54,56,in_attesa
2,105,MMLU,qwen2.5:7b,53,55,in_attesa
2,105,MMLU,"mistral:latest ",53,55,in_attesa
2,106,HellaSwag,phi3:mini,53,56,in_attesa
2,106,HellaSwag,qwen2.5:7b,53,55,in_attesa
2,106,HellaSwag,"mistral:latest ",52,55,in_attesa
2,107,GSM8K,phi3:mini,52,55,in_attesa
2,107,GSM8K,qwen2.5:7b,53,56,in_attesa
2,107,GSM8K,"mistral:latest ",53,56,in_attesa
2,108,HellaSwag,phi3:mini,53,56,in_attesa
2,108,HellaSwag,qwen2.5:7b,54,56,in_attesa
2,108,HellaSwag,"mistral:latest ",54,60,in_attesa
2,109,GSM8K,phi3:mini,54,55,in_attesa
2,109,GSM8K,qwen2.5:7b,53,55,in_attesa
2,109,GSM8K,"mistral:latest ",53,55,in_attesa
2,110,HellaSwag,phi3:mini,53,56,in_attesa
2,110,HellaSwag,qwen2.5:7b,53,57,in_attesa
2,110,HellaSwag,"mistral:latest ",54,59,in_attesa
2,111,MMLU,phi3:mini,53,57,in_attesa
2,111,MMLU,qwen2.5:7b,53,57,in_attesa
2,111,MMLU,"mistral:latest ",53,55,in_attesa
2,112,HellaSwag,phi3:mini,52,56,in_attesa
2,112,HellaSwag,qwen2.5:7b,53,55,in_attesa
2,112,HellaSwag,"mistral:latest ",52,54,in_attesa
2,113,MMLU,phi3:mini,54,55,in_attesa
2,113,MMLU,qwen2.5:7b,52,56,in_attesa
2,113,MMLU,"mistral:latest ",53,56,in_attesa
2,114,GSM8K,phi3:mini,53,57,in_attesa
2,114,GSM8K,qwen2.5:7b,53,56,in_attesa
2,114,GSM8K,"mistral:latest ",53,55,in_attesa
2,115,HellaSwag,phi3:mini,53,55,in_attesa
2,115,HellaSwag,qwen2.5:7b,53,57,in_attesa
2,115,HellaSwag,"mistral:latest ",53,57,in_attesa
2,116,HumanEval,phi3:mini,53,56,in_attesa
2,116,HumanEval,qwen2.5:7b,53,57,in_attesa
2,116,HumanEval,"mistral:latest ",54,58,in_attesa
2,117,HumanEval,phi3:mini,54,56,in_attesa
2,117,HumanEval,qwen2.5:7b,54,58,in_attesa
2,117,HumanEval,"mistral:latest ",54,57,in_attesa
2,118,GSM8K,phi3:mini,54,57,in_attesa
2,118,GSM8K,qwen2.5:7b,54,60,in_attesa
2,118,GSM8K,"mistral:latest ",54,58,in_attesa
2,119,MMLU,phi3:mini,54,58,in_attesa
2,119,MMLU,qwen2.5:7b,54,58,in_attesa
2,119,MMLU,"mistral:latest ",54,57,in_attesa
2,120,SQuAD,phi3:mini,54,56,in_attesa
2,120,SQuAD,qwen2.5:7b,53,54,in_attesa
2,120,SQuAD,"mistral:latest ",54,54,in_attesa
2,121,MMLU,phi3:mini,54,56,in_attesa
2,121,MMLU,qwen2.5:7b,52,55,in_attesa
2,121,MMLU,"mistral:latest ",53,55,in_attesa
2,122,SQuAD,phi3:mini,52,54,in_attesa
2,122,SQuAD,qwen2.5:7b,54,54,in_attesa
2,122,SQuAD,"mistral:latest ",54,54,in_attesa
2,123,HumanEval,phi3:mini,54,57,in_attesa
2,123,HumanEval,qwen2.5:7b,53,57,in_attesa
2,123,HumanEval,"mistral:latest ",53,57,in_attesa
2,124,SQuAD,phi3:mini,54,55,in_attesa
2,124,SQuAD,qwen2.5:7b,53,54,in_attesa
2,124,SQuAD,"mistral:latest ",54,55,in_attesa
2,125,SQuAD,phi3:mini,54,54,in_attesa
2,125,SQuAD,qwen2.5:7b,54,54,in_attesa
2,125,SQuAD,"mistral:latest ",54,55,in_attesa
2,126,HumanEval,phi3:mini,52,56,in_attesa
2,126,HumanEval,qwen2.5:7b,53,56,in_attesa
2,126,HumanEval,"mistral:latest ",53,58,in_attesa
2,127,SQuAD,phi3:mini,54,55,in_attesa
2,127,SQuAD,qwen2.5:7b,53,54,in_attesa
2,127,SQuAD,"mistral:latest ",54,54,in_attesa
2,128,GSM8K,phi3:mini,54,54,in_attesa
2,128,GSM8K,qwen2.5:7b,54,56,in_attesa
2,128,GSM8K,"mistral:latest ",53,56,in_attesa
2,129,GSM8K,phi3:mini,53,55,in_attesa
2,129,GSM8K,qwen2.5:7b,52,56,in_attesa
2,129,GSM8K,"mistral:latest ",53,55,in_attesa
2,130,HellaSwag,phi3:mini,52,56,in_attesa
2,130,HellaSwag,qwen2.5:7b,53,53,in_attesa
2,130,HellaSwag,"mistral:latest ",53,54,in_attesa
2,131,HellaSwag,phi3:mini,54,56,in_attesa
2,131,HellaSwag,qwen2.5:7b,53,55,in_attesa
2,131,HellaSwag,"mistral:latest ",53,55,in_attesa
2,132,MMLU,phi3:mini,53,56,in_attesa
2,132,MMLU,qwen2.5:7b,53,57,in_attesa
2,132,MMLU,"mistral:latest ",53,55,in_attesa
2,133,MMLU,phi3:mini,53,54,in_attesa
2,133,MMLU,qwen2.5:7b,54,56,in_attesa
2,133,MMLU,"mistral:latest ",54,56,in_attesa
2,134,HumanEval,phi3:mini,53,55,in_attesa
2,134,HumanEval,qwen2.5:7b,53,56,in_attesa
2,134,HumanEval,"mistral:latest ",53,57,in_attesa
2,135,SQuAD,phi3:mini,54,55,in_attesa
2,135,SQuAD,qwen2.5:7b,53,54,in_attesa
2,135,SQuAD,"mistral:latest ",54,54,in_attesa
2,136,MMLU,phi3:mini,54,57,in_attesa
2,136,MMLU,qwen2.5:7b,53,55,in_attesa
2,136,MMLU,"mistral:latest ",52,54,in_attesa
2,137,SQuAD,phi3:mini,54,56,in_attesa
2,137,SQuAD,qwen2.5:7b,53,54,in_attesa
2,137,SQuAD,"mistral:latest ",54,55,in_attesa
2,138,HellaSwag,phi3:mini,53,56,in_attesa
2,138,HellaSwag,qwen2.5:7b,53,57,in_attesa
2,138,HellaSwag,"mistral:latest ",54,57,in_attesa
2,139,HellaSwag,phi3:mini,53,57,in_attesa
2,139,HellaSwag,qwen2.5:7b,53,55,in_attesa
2,139,HellaSwag,"mistral:latest ",52,55,in_attesa
2,140,HumanEval,phi3:mini,52,56,in_attesa
2,140,HumanEval,qwen2.5:7b,53,58,in_attesa
2,140,HumanEval,"mistral:latest ",53,57,in_attesa
2,141,GSM8K,phi3:mini,54,58,in_attesa
2,141,GSM8K,qwen2.5:7b,53,56,in_attesa
2,141,GSM8K,"mistral:latest ",53,56,in_attesa
2,142,HumanEval,phi3:mini,53,56,in_attesa
2,142,HumanEval,qwen2.5:7b,53,57,in_attesa
2,142,HumanEval,"mistral:latest ",53,56,in_attesa
2,143,MMLU,phi3:mini,53,56,in_attesa
2,143,MMLU,qwen2.5:7b,52,55,in_attesa
2,143,MMLU,"mistral:latest ",52,54,in_attesa
2,144,GSM8K,phi3:mini,54,56,in_attesa
2,144,GSM8K,qwen2.5:7b,53,56,in_attesa
2,144,GSM8K,"mistral:latest ",52,55,in_attesa
2,145,GSM8K,phi3:mini,52,56,in_attesa
2,145,GSM8K,qwen2.5:7b,53,56,in_attesa
2,145,GSM8K,"mistral:latest ",53,56,in_attesa
2,146,GSM8K,phi3:mini,54,56,in_attesa
2,146,GSM8K,qwen2.5:7b,53,57,in_attesa
2,146,GSM8K,"mistral:latest ",53,57,in_attesa
2,147,HumanEval,phi3:mini,53,56,in_attesa
2,147,HumanEval,qwen2.5:7b,53,59,in_attesa
2,147,HumanEval,"mistral:latest ",54,56,in_attesa
2,148,SQuAD,phi3:mini,54,55,in_attesa
2,148,SQuAD,qwen2.5:7b,52,55,in_attesa
2,148,SQuAD,"mistral:latest ",52,54,in_attesa
2,149,SQuAD,phi3:mini,54,54,in_attesa
2,149,SQuAD,qwen2.5:7b,54,54,in_attesa
2,149,SQuAD,"mistral:latest ",54,55,in_attesa
2,150,HumanEval,phi3:mini,52,56,in_attesa
2,150,HumanEval,qwen2.5:7b,52,56,in_attesa
2,150,HumanEval,"mistral:latest ",53,56,in_attesa
2,151,SQuAD,phi3:mini,53,56,in_attesa
2,151,SQuAD,qwen2.5:7b,53,55,in_attesa
2,151,SQuAD,"mistral:latest ",53,55,in_attesa
2,152,GSM8K,phi3:mini,52,56,in_attesa
2,152,GSM8K,qwen2.5:7b,53,56,in_attesa
2,152,GSM8K,"mistral:latest ",53,56,in_attesa
2,153,HumanEval,phi3:mini,53,55,in_attesa
2,153,HumanEval,qwen2.5:7b,53,57,in_attesa
2,153,HumanEval,"mistral:latest ",54,56,in_attesa
2,154,SQuAD,phi3:mini,53,55,in_attesa
2,154,SQuAD,qwen2.5:7b,52,53,in_attesa
2,154,SQuAD,"mistral:latest ",53,53,in_attesa
2,155,HellaSwag,phi3:mini,53,55,in_attesa
2,155,HellaSwag,qwen2.5:7b,52,54,in_attesa
2,155,HellaSwag,"mistral:latest ",54,55,in_attesa
2,156,HumanEval,phi3:mini,54,57,in_attesa
2,156,HumanEval,qwen2.5:7b,54,58,in_attesa
2,156,HumanEval,"mistral:latest ",54,60,in_attesa
2,157,HellaSwag,phi3:mini,53,56,in_attesa
2,157,HellaSwag,qwen2.5:7b,53,56,in_attesa
2,157,HellaSwag,"mistral:latest ",53,56,in_attesa
2,158,MMLU,phi3:mini,53,55,in_attesa
2,158,MMLU,qwen2.5:7b,52,55,in_attesa
2,158,MMLU,"mistral:latest ",53,55,in_attesa
2,159,HumanEval,phi3:mini,52,56,in_attesa
2,159,HumanEval,qwen2.5:7b,52,57,in_attesa
2,159,HumanEval,"mistral:latest ",54,58,in_attesa
2,160,MMLU,phi3:mini,54,57,in_attesa
2,160,MMLU,qwen2.5:7b,54,57,in_attesa
2,160,MMLU,"mistral:latest ",54,56,in_attesa
2,161,GSM8K,phi3:mini,53,54,in_attesa
2,161,GSM8K,qwen2.5:7b,54,56,in_attesa
2,161,GSM8K,"mistral:latest ",53,56,in_attesa
2,162,SQuAD,phi3:mini,53,55,in_attesa
2,162,SQuAD,qwen2.5:7b,52,55,in_attesa
2,162,SQuAD,"mistral:latest ",54,55,in_attesa
2,163,SQuAD,phi3:mini,52,55,in_attesa
2,163,SQuAD,qwen2.5:7b,52,53,in_attesa
2,163,SQuAD,"mistral:latest ",53,54,in_attesa
2,164,SQuAD,phi3:mini,54,54,in_attesa
2,164,SQuAD,qwen2.5:7b,54,55,in_attesa
2,164,SQuAD,"mistral:latest ",52,54,in_attesa
2,165,HellaSwag,phi3:mini,54,57,in_attesa
2,165,HellaSwag,qwen2.5:7b,53,56,in_attesa
2,165,HellaSwag,"mistral:latest ",53,57,in_attesa
2,166,HellaSwag,phi3:mini,54,55,in_attesa
2,166,HellaSwag,qwen2.5:7b,53,55,in_attesa
2,166,HellaSwag,"mistral:latest ",53,55,in_attesa
2,167,GSM8K,phi3:mini,53,57,in_attesa
2,167,GSM8K,qwen2.5:7b,53,56,in_attesa
2,167,GSM8K,"mistral:latest ",53,56,in_attesa
2,168,SQuAD,phi3:mini,53,55,in_attesa
2,168,SQuAD,qwen2.5:7b,52,54,in_attesa
2,168,SQuAD,"mistral:latest ",54,55,in_attesa
2,169,HellaSwag,phi3:mini,54,56,in_attesa
2,169,HellaSwag,qwen2.5:7b,53,55,in_attesa
2,169,HellaSwag,"mistral:latest ",53,55,in_attesa
2,170,HellaSwag,phi3:mini,52,56,in_attesa
2,170,HellaSwag,qwen2.5:7b,53,55,in_attesa
2,170,HellaSwag,"mistral:latest ",52,56,in_attesa
2,171,GSM8K,phi3:mini,53,55,in_attesa
2,171,GSM8K,qwen2.5:7b,52,56,in_attesa
2,171,GSM8K,"mistral:latest ",53,56,in_attesa
2,172,SQuAD,phi3:mini,53,54,in_attesa
2,172,SQuAD,qwen2.5:7b,54,54,in_attesa
2,172,SQuAD,"mistral:latest ",54,54,in_attesa
2,173,HumanEval,phi3:mini,54,57,in_attesa
2,173,HumanEval,qwen2.5:7b,53,57,in_attesa
2,173,HumanEval,"mistral:latest ",54,59,in_attesa
2,174,MMLU,phi3:mini,54,55,in_attesa
2,174,MMLU,qwen2.5:7b,53,54,in_attesa
2,174,MMLU,"mistral:latest ",54,55,in_attesa
2,175,MMLU,phi3:mini,52,56,in_attesa
2,175,MMLU,qwen2.5:7b,53,55,in_attesa
2,175,MMLU,"mistral:latest ",52,54,in_attesa
2,176,MMLU,phi3:mini,54,54,in_attesa
2,176,MMLU,qwen2.5:7b,54,55,in_attesa
2,176,MMLU,"mistral:latest ",52,56,in_attesa
2,177,SQuAD,phi3:mini,53,55,in_attesa
2,177,SQuAD,qwen2.5:7b,52,54,in_attesa
2,177,SQuAD,"mistral:latest ",54,54,in_attesa
2,178,MMLU,phi3:mini,54,55,in_attesa
2,178,MMLU,qwen2.5:7b,53,59,in_attesa
2,178,MMLU,"mistral:latest ",54,58,in_attesa
2,179,HellaSwag,phi3:mini,54,58,in_attesa
2,179,HellaSwag,qwen2.5:7b,54,57,in_attesa
2,179,HellaSwag,"mistral:latest ",54,56,in_attesa
2,180,HumanEval,phi3:mini,53,56,in_attesa
2,180,HumanEval,qwen2.5:7b,53,57,in_attesa
2,180,HumanEval,"mistral:latest ",54,56,in_attesa
2,181,SQuAD,phi3:mini,53,56,in_attesa
2,181,SQuAD,qwen2.5:7b,53,54,in_attesa
2,181,SQuAD,"mistral:latest ",54,54,in_attesa
2,182,GSM8K,phi3:mini,54,55,in_attesa
2,182,GSM8K,qwen2.5:7b,52,55,in_attesa
2,182,GSM8K,"mistral:latest ",52,55,in_attesa
2,183,SQuAD,phi3:mini,52,57,in_attesa
2,183,SQuAD,qwen2.5:7b,53,54,in_attesa
2,183,SQuAD,"mistral:latest ",54,55,in_attesa
2,184,HumanEval,phi3:mini,52,56,in_attesa
2,184,HumanEval,qwen2.5:7b,53,56,in_attesa
2,184,HumanEval,"mistral:latest ",53,56,in_attesa
2,185,HumanEval,phi3:mini,53,57,in_attesa
2,185,HumanEval,qwen2.5:7b,54,57,in_attesa
2,185,HumanEval,"mistral:latest ",54,55,in_attesa
2,186,MMLU,phi3:mini,53,55,in_attesa
2,186,MMLU,qwen2.5:7b,53,54,in_attesa
2,186,MMLU,"mistral:latest ",54,55,in_attesa
2,187,MMLU,phi3:mini,52,54,in_attesa
2,187,MMLU,qwen2.5:7b,54,55,in_attesa
2,187,MMLU,"mistral:latest ",52,55,in_attesa
2,188,HumanEval,phi3:mini,53,55,in_attesa
2,188,HumanEval,qwen2.5:7b,53,56,in_attesa
2,188,HumanEval,"mistral:latest ",53,56,in_attesa
2,189,MMLU,phi3:mini,54,56,in_attesa
2,189,MMLU,qwen2.5:7b,54,57,in_attesa
2,189,MMLU,"mistral:latest ",54,57,in_attesa
2,190,GSM8K,phi3:mini,54,56,in_attesa
2,190,GSM8K,qwen2.5:7b,53,57,in_attesa
2,190,GSM8K,"mistral:latest ",54,57,in_attesa
2,191,HellaSwag,phi3:mini,54,57,in_attesa
2,191,HellaSwag,qwen2.5:7b,54,57,in_attesa
2,191,HellaSwag,"mistral:latest ",53,56,in_attesa
2,192,SQuAD,phi3:mini,53,55,in_attesa
2,192,SQuAD,qwen2.5:7b,52,54,in_attesa
2,192,SQuAD,"mistral:latest ",54,53,in_attesa
2,193,HellaSwag,phi3:mini,53,55,in_attesa
2,193,HellaSwag,qwen2.5:7b,52,54,in_attesa
2,193,HellaSwag,"mistral:latest ",54,56,in_attesa
2,194,HumanEval,phi3:mini,53,56,in_attesa
2,194,HumanEval,qwen2.5:7b,53,58,in_attesa
2,194,HumanEval,"mistral:latest ",54,58,in_attesa
2,195,GSM8K,phi3:mini,54,56,in_attesa
2,195,GSM8K,qwen2.5:7b,53,57,in_attesa
2,195,GSM8K,"mistral:latest ",53,56,in_attesa
2,196,SQuAD,phi3:mini,53,54,in_attesa
2,196,SQuAD,qwen2.5:7b,54,54,in_attesa
2,196,SQuAD,"mistral:latest ",54,54,in_attesa
2,197,MMLU,phi3:mini,54,55,in_attesa
2,197,MMLU,qwen2.5:7b,53,56,in_attesa
2,197,MMLU,"mistral:latest ",54,55,in_attesa
2,198,MMLU,phi3:mini,52,54,in_attesa
2,198,MMLU,qwen2.5:7b,54,55,in_attesa
2,198,MMLU,"mistral:latest ",52,55,in_attesa
2,199,GSM8K,phi3:mini,52,55,in_attesa
2,199,GSM8K,qwen2.5:7b,53,57,in_attesa
2,199,GSM8K,"mistral:latest ",54,57,in_attesa
2,200,HumanEval,phi3:mini,53,57,in_attesa
2,200,HumanEval,qwen2.5:7b,53,58,in_attesa
2,200,HumanEval,"mistral:latest ",54,58,in_attesa
2,201,SQuAD,phi3:mini,54,55,in_attesa
2,201,SQuAD,qwen2.5:7b,53,54,in_attesa
2,201,SQuAD,"mistral:latest ",54,54,in_attesa
2,202,SQuAD,phi3:mini,54,55,in_attesa
2,202,SQuAD,qwen2.5:7b,53,54,in_attesa
2,202,SQuAD,"mistral:latest ",54,54,in_attesa
2,203,HellaSwag,phi3:mini,54,56,in_attesa
2,203,HellaSwag,qwen2.5:7b,53,57,in_attesa
2,203,HellaSwag,"mistral:latest ",54,57,in_attesa
2,204,HumanEval,phi3:mini,54,56,in_attesa
2,204,HumanEval,qwen2.5:7b,54,57,in_attesa
2,204,HumanEval,"mistral:latest ",54,57,in_attesa
2,205,SQuAD,phi3:mini,54,55,in_attesa
2,205,SQuAD,qwen2.5:7b,53,54,in_attesa
2,205,SQuAD,"mistral:latest ",54,55,in_attesa
2,206,HumanEval,phi3:mini,53,57,in_attesa
2,206,HumanEval,qwen2.5:7b,53,57,in_attesa
2,206,HumanEval,"mistral:latest ",54,59,in_attesa
2,207,GSM8K,phi3:mini,54,58,in_attesa
2,207,GSM8K,qwen2.5:7b,54,56,in_attesa
2,207,GSM8K,"mistral:latest ",53,57,in_attesa
2,208,MMLU,phi3:mini,53,56,in_attesa
2,208,MMLU,qwen2.5:7b,53,54,in_attesa
2,208,MMLU,"mistral:latest ",54,56,in_attesa
2,209,SQuAD,phi3:mini,54,56,in_attesa
2,209,SQuAD,qwen2.5:7b,53,55,in_attesa
2,209,SQuAD,"mistral:latest ",53,55,in_attesa
2,210,GSM8K,phi3:mini,53,55,in_attesa
2,210,GSM8K,qwen2.5:7b,54,56,in_attesa
2,210,GSM8K,"mistral:latest ",53,55,in_attesa
2,211,HellaSwag,phi3:mini,53,56,in_attesa
2,211,HellaSwag,qwen2.5:7b,53,55,in_attesa
2,211,HellaSwag,"mistral:latest ",52,55,in_attesa
2,212,HellaSwag,phi3:mini,52,56,in_attesa
2,212,HellaSwag,qwen2.5:7b,53,55,in_attesa
2,212,HellaSwag,"mistral:latest ",53,57,in_attesa
2,213,HumanEval,phi3:mini,54,56,in_attesa
2,213,HumanEval,qwen2.5:7b,54,57,in_attesa
2,213,HumanEval,"mistral:latest ",54,57,in_attesa
2,214,SQuAD,phi3:mini,54,56,in_attesa
2,214,SQuAD,qwen2.5:7b,53,54,in_attesa
2,214,SQuAD,"mistral:latest ",54,55,in_attesa
2,215,HumanEval,phi3:mini,52,56,in_attesa
2,215,HumanEval,qwen2.5:7b,53,58,in_attesa
2,215,HumanEval,"mistral:latest ",53,57,in_attesa
2,216,HellaSwag,phi3:mini,54,57,in_attesa
2,216,HellaSwag,qwen2.5:7b,54,56,in_attesa
2,216,HellaSwag,"mistral:latest ",53,57,in_attesa
2,217,SQuAD,phi3:mini,54,56,in_attesa
2,217,SQuAD,qwen2.5:7b,53,54,in_attesa
2,217,SQuAD,"mistral:latest ",54,55,in_attesa
2,218,HumanEval,phi3:mini,52,56,in_attesa
2,218,HumanEval,qwen2.5:7b,53,57,in_attesa
2,218,HumanEval,"mistral:latest ",54,58,in_attesa
2,219,HumanEval,phi3:mini,54,57,in_attesa
2,219,HumanEval,qwen2.5:7b,54,58,in_attesa
2,219,HumanEval,"mistral:latest ",53,56,in_attesa
2,220,MMLU,phi3:mini,53,58,in_attesa
2,220,MMLU,qwen2.5:7b,53,55,in_attesa
2,220,MMLU,"mistral:latest ",52,55,in_attesa
2,221,SQuAD,phi3:mini,52,54,in_attesa
2,221,SQuAD,qwen2.5:7b,53,54,in_attesa
2,221,SQuAD,"mistral:latest ",54,54,in_attesa
2,222,HumanEval,phi3:mini,54,55,in_attesa
2,222,HumanEval,qwen2.5:7b,52,56,in_attesa
2,222,HumanEval,"mistral:latest ",52,57,in_attesa
2,223,MMLU,phi3:mini,53,54,in_attesa
2,223,MMLU,qwen2.5:7b,54,54,in_attesa
2,223,MMLU,"mistral:latest ",54,56,in_attesa
2,224,HellaSwag,phi3:mini,54,57,in_attesa
2,224,HellaSwag,qwen2.5:7b,53,57,in_attesa
2,224,HellaSwag,"mistral:latest ",53,56,in_attesa
2,225,GSM8K,phi3:mini,53,56,in_attesa
2,225,GSM8K,qwen2.5:7b,53,56,in_attesa
2,225,GSM8K,"mistral:latest ",53,55,in_attesa
2,226,HumanEval,phi3:mini,53,55,in_attesa
2,226,HumanEval,qwen2.5:7b,53,56,in_attesa
2,226,HumanEval,"mistral:latest ",53,56,in_attesa
2,227,MMLU,phi3:mini,53,55,in_attesa
2,227,MMLU,qwen2.5:7b,52,54,in_attesa
2,227,MMLU,"mistral:latest ",54,54,in_attesa
2,228,HellaSwag,phi3:mini,54,57,in_attesa
2,228,HellaSwag,qwen2.5:7b,54,55,in_attesa
2,228,HellaSwag,"mistral:latest ",53,55,in_attesa
2,229,GSM8K,phi3:mini,52,57,in_attesa
2,229,GSM8K,qwen2.5:7b,53,56,in_attesa
2,229,GSM8K,"mistral:latest ",53,56,in_attesa
2,230,HumanEval,phi3:mini,53,56,in_attesa
2,230,HumanEval,qwen2.5:7b,53,56,in_attesa
2,230,HumanEval,"mistral:latest ",53,56,in_attesa
2,231,HumanEval,phi3:mini,53,56,in_attesa
2,231,HumanEval,qwen2.5:7b,53,57,in_attesa
2,231,HumanEval,"mistral:latest ",54,57,in_attesa
2,232,HumanEval,phi3:mini,53,56,in_attesa
2,232,HumanEval,qwen2.5:7b,53,57,in_attesa
2,232,HumanEval,"mistral:latest ",54,58,in_attesa
2,233,SQuAD,phi3:mini,54,56,in_attesa
2,233,SQuAD,qwen2.5:7b,53,56,in_attesa
2,233,SQuAD,"mistral:latest ",52,54,in_attesa
2,234,HumanEval,phi3:mini,54,56,in_attesa
2,234,HumanEval,qwen2.5:7b,53,57,in_attesa
2,234,HumanEval,"mistral:latest ",53,58,in_attesa
2,235,GSM8K,phi3:mini,53,56,in_attesa
2,235,GSM8K,qwen2.5:7b,53,58,in_attesa
2,235,GSM8K,"mistral:latest ",54,59,in_attesa
2,236,HellaSwag,phi3:mini,54,58,in_attesa
2,236,HellaSwag,qwen2.5:7b,54,56,in_attesa
2,236,HellaSwag,"mistral:latest ",53,56,in_attesa
2,237,MMLU,phi3:mini,52,54,in_attesa
2,237,MMLU,qwen2.5:7b,54,56,in_attesa
2,237,MMLU,"mistral:latest ",54,57,in_attesa
2,238,HumanEval,phi3:mini,53,56,in_attesa
2,238,HumanEval,qwen2.5:7b,53,57,in_attesa
2,238,HumanEval,"mistral:latest ",54,57,in_attesa
2,239,GSM8K,phi3:mini,54,57,in_attesa
2,239,GSM8K,qwen2.5:7b,54,56,in_attesa
2,239,GSM8K,"mistral:latest ",53,57,in_attesa
2,240,SQuAD,phi3:mini,53,55,in_attesa
2,240,SQuAD,qwen2.5:7b,52,54,in_attesa
2,240,SQuAD,"mistral:latest ",54,55,in_attesa
2,241,HumanEval,phi3:mini,52,55,in_attesa
2,241,HumanEval,qwen2.5:7b,52,56,in_attesa
2,241,HumanEval,"mistral:latest ",53,56,in_attesa
2,242,MMLU,phi3:mini,53,54,in_attesa
2,242,MMLU,qwen2.5:7b,54,55,in_attesa
2,242,MMLU,"mistral:latest ",53,55,in_attesa
2,243,GSM8K,phi3:mini,52,54,in_attesa
2,243,GSM8K,qwen2.5:7b,54,56,in_attesa
2,243,GSM8K,"mistral:latest ",53,57,in_attesa
2,244,SQuAD,phi3:mini,53,55,in_attesa
2,244,SQuAD,qwen2.5:7b,54,54,in_attesa
2,244,SQuAD,"mistral:latest ",54,55,in_attesa
2,245,SQuAD,phi3:mini,52,54,in_attesa
2,245,SQuAD,qwen2.5:7b,54,54,in_attesa
2,245,SQuAD,"mistral:latest ",54,55,in_attesa
2,246,SQuAD,phi3:mini,52,55,in_attesa
2,246,SQuAD,qwen2.5:7b,52,53,in_attesa
2,246,SQuAD,"mistral:latest ",53,54,in_attesa
2,247,MMLU,phi3:mini,53,54,in_attesa
2,247,MMLU,qwen2.5:7b,54,55,in_attesa
2,247,MMLU,"mistral:latest ",52,55,in_attesa
2,248,HumanEval,phi3:mini,52,57,in_attesa
2,248,HumanEval,qwen2.5:7b,53,57,in_attesa
2,248,HumanEval,"mistral:latest ",54,58,in_attesa
2,249,GSM8K,phi3:mini,54,55,in_attesa
2,249,GSM8K,qwen2.5:7b,53,55,in_attesa
2,249,GSM8K,"mistral:latest ",53,56,in_attesa
2,250,GSM8K,phi3:mini,53,55,in_attesa
2,250,GSM8K,qwen2.5:7b,53,56,in_attesa
2,250,GSM8K,"mistral:latest ",53,56,in_attesa
2,251,SQuAD,phi3:mini,53,55,in_attesa
2,251,SQuAD,qwen2.5:7b,52,56,in_attesa
2,251,SQuAD,"mistral:latest ",53,55,in_attesa
2,252,HumanEval,phi3:mini,53,56,in_attesa
2,252,HumanEval,qwen2.5:7b,53,59,in_attesa
2,252,HumanEval,"mistral:latest ",54,56,in_attesa
2,253,HumanEval,phi3:mini,53,57,in_attesa
2,253,HumanEval,qwen2.5:7b,54,57,in_attesa
2,253,HumanEval,"mistral:latest ",54,57,in_attesa
2,254,HumanEval,phi3:mini,54,57,in_attesa
2,254,HumanEval,qwen2.5:7b,54,57,in_attesa
2,254,HumanEval,"mistral:latest ",54,57,in_attesa
2,255,HumanEval,phi3:mini,54,56,in_attesa
2,255,HumanEval,qwen2.5:7b,53,57,in_attesa
2,255,HumanEval,"mistral:latest ",53,57,in_attesa
2,256,GSM8K,phi3:mini,53,58,in_attesa
2,256,GSM8K,qwen2.5:7b,53,56,in_attesa
2,256,GSM8K,"mistral:latest ",53,60,in_attesa
2,257,SQuAD,phi3:mini,54,55,in_attesa
2,257,SQuAD,qwen2.5:7b,53,54,in_attesa
2,257,SQuAD,"mistral:latest ",54,54,in_attesa
2,258,HumanEval,phi3:mini,54,56,in_attesa
2,258,HumanEval,qwen2.5:7b,53,59,in_attesa
2,258,HumanEval,"mistral:latest ",54,57,in_attesa
2,259,GSM8K,phi3:mini,54,55,in_attesa
2,259,GSM8K,qwen2.5:7b,53,56,in_attesa
2,259,GSM8K,"mistral:latest ",53,55,in_attesa
2,260,SQuAD,phi3:mini,53,55,in_attesa
2,260,SQuAD,qwen2.5:7b,52,54,in_attesa
2,260,SQuAD,"mistral:latest ",54,54,in_attesa
2,261,GSM8K,phi3:mini,54,55,in_attesa
2,261,GSM8K,qwen2.5:7b,53,56,in_attesa
2,261,GSM8K,"mistral:latest ",53,56,in_attesa
2,262,HellaSwag,phi3:mini,53,57,in_attesa
2,262,HellaSwag,qwen2.5:7b,53,56,in_attesa
2,262,HellaSwag,"mistral:latest ",52,55,in_attesa
2,263,MMLU,phi3:mini,54,54,in_attesa
2,263,MMLU,qwen2.5:7b,54,56,in_attesa
2,263,MMLU,"mistral:latest ",53,55,in_attesa
2,264,SQuAD,phi3:mini,53,55,in_attesa
2,264,SQuAD,qwen2.5:7b,52,54,in_attesa
2,264,SQuAD,"mistral:latest ",54,55,in_attesa
2,265,MMLU,phi3:mini,54,56,in_attesa
2,265,MMLU,qwen2.5:7b,53,56,in_attesa
2,265,MMLU,"mistral:latest ",53,57,in_attesa
2,266,HumanEval,phi3:mini,53,54,in_attesa
2,266,HumanEval,qwen2.5:7b,54,57,in_attesa
2,266,HumanEval,"mistral:latest ",54,57,in_attesa
2,267,HumanEval,phi3:mini,53,57,in_attesa
2,267,HumanEval,qwen2.5:7b,54,59,in_attesa
2,267,HumanEval,"mistral:latest ",54,58,in_attesa
2,268,HellaSwag,phi3:mini,53,56,in_attesa
2,268,HellaSwag,qwen2.5:7b,54,56,in_attesa
2,268,HellaSwag,"mistral:latest ",53,55,in_attesa
2,269,HellaSwag,phi3:mini,53,56,in_attesa
2,269,HellaSwag,qwen2.5:7b,53,55,in_attesa
2,269,HellaSwag,"mistral:latest ",53,57,in_attesa
2,270,MMLU,phi3:mini,54,55,in_attesa
2,270,MMLU,qwen2.5:7b,53,55,in_attesa
2,270,MMLU,"mistral:latest ",52,55,in_attesa
2,271,GSM8K,phi3:mini,52,55,in_attesa
2,271,GSM8K,qwen2.5:7b,52,56,in_attesa
2,271,GSM8K,"mistral:latest ",53,55,in_attesa
2,272,HellaSwag,phi3:mini,53,56,in_attesa
2,272,HellaSwag,qwen2.5:7b,53,57,in_attesa
2,272,HellaSwag,"mistral:latest ",53,56,in_attesa
2,273,GSM8K,phi3:mini,53,56,in_attesa
2,273,GSM8K,qwen2.5:7b,53,56,in_attesa
2,273,GSM8K,"mistral:latest ",53,55,in_attesa
2,274,HellaSwag,phi3:mini,53,55,in_attesa
2,274,HellaSwag,qwen2.5:7b,53,54,in_attesa
2,274,HellaSwag,"mistral:latest ",54,55,in_attesa
2,275,MMLU,phi3:mini,52,54,in_attesa
2,275,MMLU,qwen2.5:7b,54,54,in_attesa
2,275,MMLU,"mistral:latest ",54,54,in_attesa
2,276,SQuAD,phi3:mini,54,57,in_attesa
2,276,SQuAD,qwen2.5:7b,54,55,in_attesa
2,276,SQuAD,"mistral:latest ",52,54,in_attesa
2,277,SQuAD,phi3:mini,54,55,in_attesa
2,277,SQuAD,qwen2.5:7b,52,53,in_attesa
2,277,SQuAD,"mistral:latest ",53,54,in_attesa
2,278,SQuAD,phi3:mini,54,54,in_attesa
2,278,SQuAD,qwen2.5:7b,54,55,in_attesa
2,278,SQuAD,"mistral:latest ",53,54,in_attesa
2,279,HellaSwag,phi3:mini,54,56,in_attesa
2,279,HellaSwag,qwen2.5:7b,53,56,in_attesa
2,279,HellaSwag,"mistral:latest ",53,56,in_attesa
2,280,HellaSwag,phi3:mini,53,56,in_attesa
2,280,HellaSwag,qwen2.5:7b,53,56,in_attesa
2,280,HellaSwag,"mistral:latest ",53,55,in_attesa
2,281,GSM8K,phi3:mini,53,56,in_attesa
2,281,GSM8K,qwen2.5:7b,53,55,in_attesa
2,281,GSM8K,"mistral:latest ",53,55,in_attesa
2,282,GSM8K,phi3:mini,53,55,in_attesa
2,282,GSM8K,qwen2.5:7b,53,55,in_attesa
2,282,GSM8K,"mistral:latest ",53,55,in_attesa
2,283,HellaSwag,phi3:mini,53,55,in_attesa
2,283,HellaSwag,qwen2.5:7b,52,55,in_attesa
2,283,HellaSwag,"mistral:latest ",54,55,in_attesa
2,284,HellaSwag,phi3:mini,54,57,in_attesa
2,284,HellaSwag,qwen2.5:7b,53,57,in_attesa
2,284,HellaSwag,"mistral:latest ",54,55,in_attesa
2,285,HellaSwag,phi3:mini,53,56,in_attesa
2,285,HellaSwag,qwen2.5:7b,53,55,in_attesa
2,285,HellaSwag,"mistral:latest ",53,56,in_attesa
2,286,HellaSwag,phi3:mini,53,56,in_attesa
2,286,HellaSwag,qwen2.5:7b,53,56,in_attesa
2,286,HellaSwag,"mistral:latest ",53,56,in_attesa
2,287,HellaSwag,phi3:mini,53,55,in_attesa
2,287,HellaSwag,qwen2.5:7b,53,56,in_attesa
2,287,HellaSwag,"mistral:latest ",54,55,in_attesa
2,288,MMLU,phi3:mini,53,55,in_attesa
2,288,MMLU,qwen2.5:7b,52,54,in_attesa
2,288,MMLU,"mistral:latest ",54,55,in_attesa
2,289,SQuAD,phi3:mini,53,54,in_attesa
2,289,SQuAD,qwen2.5:7b,54,55,in_attesa
2,289,SQuAD,"mistral:latest ",52,54,in_attesa
2,290,SQuAD,phi3:mini,54,54,in_attesa
2,290,SQuAD,qwen2.5:7b,54,54,in_attesa
2,290,SQuAD,"mistral:latest ",54,55,in_attesa
2,291,MMLU,phi3:mini,52,54,in_attesa
2,291,MMLU,qwen2.5:7b,54,56,in_attesa
2,291,MMLU,"mistral:latest ",53,55,in_attesa
2,292,MMLU,phi3:mini,53,54,in_attesa
2,292,MMLU,qwen2.5:7b,54,54,in_attesa
2,292,MMLU,"mistral:latest ",54,55,in_attesa
2,293,SQuAD,phi3:mini,53,55,in_attesa
2,293,SQuAD,qwen2.5:7b,54,54,in_attesa
2,293,SQuAD,"mistral:latest ",54,55,in_attesa
2,294,HumanEval,phi3:mini,52,56,in_attesa
2,294,HumanEval,qwen2.5:7b,53,58,in_attesa
2,294,HumanEval,"mistral:latest ",53,56,in_attesa
2,295,SQuAD,phi3:mini,54,55,in_attesa
2,295,SQuAD,qwen2.5:7b,53,54,in_attesa
2,295,SQuAD,"mistral:latest ",54,54,in_attesa
2,296,MMLU,phi3:mini,54,56,in_attesa
2,296,MMLU,qwen2.5:7b,54,56,in_attesa
2,296,MMLU,"mistral:latest ",53,56,in_attesa
2,297,HumanEval,phi3:mini,53,57,in_attesa
2,297,HumanEval,qwen2.5:7b,54,58,in_attesa
2,297,HumanEval,"mistral:latest ",54,58,in_attesa
2,298,HellaSwag,phi3:mini,54,56,in_attesa
2,298,HellaSwag,qwen2.5:7b,54,55,in_attesa
2,298,HellaSwag,"mistral:latest ",53,55,in_attesa
2,299,GSM8K,phi3:mini,53,56,in_attesa
2,299,GSM8K,qwen2.5:7b,53,57,in_attesa
2,299,GSM8K,"mistral:latest ",53,57,in_attesa
2,300,MMLU,phi3:mini,54,57,in_attesa
2,300,MMLU,qwen2.5:7b,54,58,in_attesa
2,300,MMLU,"mistral:latest ",54,58,in_attesa
2,301,GSM8K,phi3:mini,53,57,in_attesa
2,301,GSM8K,qwen2.5:7b,54,56,in_attesa
2,301,GSM8K,"mistral:latest ",53,56,in_attesa
2,302,GSM8K,phi3:mini,53,56,in_attesa
2,302,GSM8K,qwen2.5:7b,53,56,in_attesa
2,302,GSM8K,"mistral:latest ",53,56,in_attesa
2,303,HellaSwag,phi3:mini,53,57,in_attesa
2,303,HellaSwag,qwen2.5:7b,54,56,in_attesa
2,303,HellaSwag,"mistral:latest ",53,56,in_attesa
2,304,HellaSwag,phi3:mini,54,55,in_attesa
2,304,HellaSwag,qwen2.5:7b,53,55,in_attesa
2,304,HellaSwag,"mistral:latest ",53,55,in_attesa
2,305,MMLU,phi3:mini,54,55,in_attesa
2,305,MMLU,qwen2.5:7b,53,54,in_attesa
2,305,MMLU,"mistral:latest ",54,56,in_attesa
2,306,SQuAD,phi3:mini,53,54,in_attesa
2,306,SQuAD,qwen2.5:7b,54,55,in_attesa
2,306,SQuAD,"mistral:latest ",52,54,in_attesa
2,307,GSM8K,phi3:mini,54,56,in_attesa
2,307,GSM8K,qwen2.5:7b,53,57,in_attesa
2,307,GSM8K,"mistral:latest ",53,57,in_attesa
2,308,HellaSwag,phi3:mini,54,57,in_attesa
2,308,HellaSwag,qwen2.5:7b,54,56,in_attesa
2,308,HellaSwag,"mistral:latest ",53,57,in_attesa
2,309,MMLU,phi3:mini,54,57,in_attesa
2,309,MMLU,qwen2.5:7b,54,59,in_attesa
2,309,MMLU,"mistral:latest ",54,57,in_attesa
2,310,SQuAD,phi3:mini,54,56,in_attesa
2,310,SQuAD,qwen2.5:7b,53,54,in_attesa
2,310,SQuAD,"mistral:latest ",54,55,in_attesa
2,311,SQuAD,phi3:mini,52,55,in_attesa
2,311,SQuAD,qwen2.5:7b,53,54,in_attesa
2,311,SQuAD,"mistral:latest ",54,56,in_attesa
2,312,MMLU,phi3:mini,53,54,in_attesa
2,312,MMLU,qwen2.5:7b,54,54,in_attesa
2,312,MMLU,"mistral:latest ",54,55,in_attesa
2,313,GSM8K,phi3:mini,53,56,in_attesa
2,313,GSM8K,qwen2.5:7b,53,57,in_attesa
2,313,GSM8K,"mistral:latest ",53,55,in_attesa
2,314,HellaSwag,phi3:mini,53,56,in_attesa
2,314,HellaSwag,qwen2.5:7b,53,56,in_attesa
2,314,HellaSwag,"mistral:latest ",53,56,in_attesa
2,315,HumanEval,phi3:mini,54,56,in_attesa
2,315,HumanEval,qwen2.5:7b,54,57,in_attesa
2,315,HumanEval,"mistral:latest ",54,58,in_attesa
2,316,HellaSwag,phi3:mini,54,57,in_attesa
2,316,HellaSwag,qwen2.5:7b,54,55,in_attesa
2,316,HellaSwag,"mistral:latest ",53,55,in_attesa
2,317,HellaSwag,phi3:mini,52,56,in_attesa
2,317,HellaSwag,qwen2.5:7b,53,56,in_attesa
2,317,HellaSwag,"mistral:latest ",53,56,in_attesa
2,318,GSM8K,phi3:mini,53,55,in_attesa
2,318,GSM8K,qwen2.5:7b,53,56,in_attesa
2,318,GSM8K,"mistral:latest ",53,56,in_attesa
2,319,MMLU,phi3:mini,53,55,in_attesa
2,319,MMLU,qwen2.5:7b,52,54,in_attesa
2,319,MMLU,"mistral:latest ",54,55,in_attesa
2,320,SQuAD,phi3:mini,52,56,in_attesa
2,320,SQuAD,qwen2.5:7b,53,54,in_attesa
2,320,SQuAD,"mistral:latest ",54,54,in_attesa
2,321,MMLU,phi3:mini,54,56,in_attesa
2,321,MMLU,qwen2.5:7b,53,56,in_attesa
2,321,MMLU,"mistral:latest ",53,56,in_attesa
2,322,SQuAD,phi3:mini,53,56,in_attesa
2,322,SQuAD,qwen2.5:7b,54,55,in_attesa
2,322,SQuAD,"mistral:latest ",53,54,in_attesa
2,323,HumanEval,phi3:mini,54,55,in_attesa
2,323,HumanEval,qwen2.5:7b,53,57,in_attesa
2,323,HumanEval,"mistral:latest ",54,57,in_attesa
2,324,MMLU,phi3:mini,54,57,in_attesa
2,324,MMLU,qwen2.5:7b,54,56,in_attesa
2,324,MMLU,"mistral:latest ",53,55,in_attesa
2,325,HumanEval,phi3:mini,52,56,in_attesa
2,325,HumanEval,qwen2.5:7b,52,57,in_attesa
2,325,HumanEval,"mistral:latest ",53,57,in_attesa
2,326,MMLU,phi3:mini,54,56,in_attesa
2,326,MMLU,qwen2.5:7b,53,56,in_attesa
2,326,MMLU,"mistral:latest ",53,56,in_attesa
2,327,SQuAD,phi3:mini,53,56,in_attesa
2,327,SQuAD,qwen2.5:7b,53,55,in_attesa
2,327,SQuAD,"mistral:latest ",53,55,in_attesa
2,328,HumanEval,phi3:mini,53,56,in_attesa
2,328,HumanEval,qwen2.5:7b,53,57,in_attesa
2,328,HumanEval,"mistral:latest ",54,57,in_attesa
2,329,HumanEval,phi3:mini,54,57,in_attesa
2,329,HumanEval,qwen2.5:7b,54,58,in_attesa
2,329,HumanEval,"mistral:latest ",54,57,in_attesa
2,330,HumanEval,phi3:mini,54,57,in_attesa
2,330,HumanEval,qwen2.5:7b,54,58,in_attesa
2,330,HumanEval,"mistral:latest ",54,58,in_attesa
2,331,HellaSwag,phi3:mini,54,57,in_attesa
2,331,HellaSwag,qwen2.5:7b,54,56,in_attesa
2,331,HellaSwag,"mistral:latest ",53,57,in_attesa
2,332,HumanEval,phi3:mini,53,56,in_attesa
2,332,HumanEval,qwen2.5:7b,53,58,in_attesa
2,332,HumanEval,"mistral:latest ",54,57,in_attesa
2,333,HumanEval,phi3:mini,54,56,in_attesa
2,333,HumanEval,qwen2.5:7b,53,58,in_attesa
2,333,HumanEval,"mistral:latest ",54,58,in_attesa
2,334,MMLU,phi3:mini,53,55,in_attesa
2,334,MMLU,qwen2.5:7b,52,54,in_attesa
2,334,MMLU,"mistral:latest ",54,55,in_attesa
2,335,MMLU,phi3:mini,52,57,in_attesa
2,335,MMLU,qwen2.5:7b,53,57,in_attesa
2,335,MMLU,"mistral:latest ",54,60,in_attesa
2,336,SQuAD,phi3:mini,54,55,in_attesa
2,336,SQuAD,qwen2.5:7b,53,54,in_attesa
2,336,SQuAD,"mistral:latest ",54,56,in_attesa
2,337,GSM8K,phi3:mini,53,55,in_attesa
2,337,GSM8K,qwen2.5:7b,53,57,in_attesa
2,337,GSM8K,"mistral:latest ",54,57,in_attesa
2,338,SQuAD,phi3:mini,54,55,in_attesa
2,338,SQuAD,qwen2.5:7b,53,54,in_attesa
2,338,SQuAD,"mistral:latest ",54,55,in_attesa
2,339,SQuAD,phi3:mini,53,55,in_attesa
2,339,SQuAD,qwen2.5:7b,53,54,in_attesa
2,339,SQuAD,"mistral:latest ",54,54,in_attesa
2,340,HumanEval,phi3:mini,54,55,in_attesa
2,340,HumanEval,qwen2.5:7b,53,56,in_attesa
2,340,HumanEval,"mistral:latest ",53,56,in_attesa
2,341,GSM8K,phi3:mini,54,55,in_attesa
2,341,GSM8K,qwen2.5:7b,53,58,in_attesa
2,341,GSM8K,"mistral:latest ",54,56,in_attesa
2,342,GSM8K,phi3:mini,53,57,in_attesa
2,342,GSM8K,qwen2.5:7b,54,58,in_attesa
2,342,GSM8K,"mistral:latest ",54,60,in_attesa
2,343,MMLU,phi3:mini,54,56,in_attesa
2,343,MMLU,qwen2.5:7b,53,55,in_attesa
2,343,MMLU,"mistral:latest ",53,55,in_attesa
2,344,HellaSwag,phi3:mini,52,55,in_attesa
2,344,HellaSwag,qwen2.5:7b,52,56,in_attesa
2,344,HellaSwag,"mistral:latest ",54,56,in_attesa
2,345,HumanEval,phi3:mini,53,56,in_attesa
2,345,HumanEval,qwen2.5:7b,53,58,in_attesa
2,345,HumanEval,"mistral:latest ",54,57,in_attesa
2,346,HumanEval,phi3:mini,54,56,in_attesa
2,346,HumanEval,qwen2.5:7b,54,58,in_attesa
2,346,HumanEval,"mistral:latest ",53,56,in_attesa
2,347,HumanEval,phi3:mini,53,56,in_attesa
2,347,HumanEval,qwen2.5:7b,53,56,in_attesa
2,347,HumanEval,"mistral:latest ",53,57,in_attesa
2,348,MMLU,phi3:mini,54,56,in_attesa
2,348,MMLU,qwen2.5:7b,53,56,in_attesa
2,348,MMLU,"mistral:latest ",53,55,in_attesa
2,349,MMLU,phi3:mini,53,55,in_attesa
2,349,MMLU,qwen2.5:7b,52,55,in_attesa
2,349,MMLU,"mistral:latest ",53,55,in_attesa
2,350,MMLU,phi3:mini,52,54,in_attesa
2,350,MMLU,qwen2.5:7b,54,55,in_attesa
2,350,MMLU,"mistral:latest ",52,54,in_attesa
2,351,MMLU,phi3:mini,54,55,in_attesa
2,351,MMLU,qwen2.5:7b,53,55,in_attesa
2,351,MMLU,"mistral:latest ",53,55,in_attesa
2,352,SQuAD,phi3:mini,53,55,in_attesa
2,352,SQuAD,qwen2.5:7b,52,54,in_attesa
2,352,SQuAD,"mistral:latest ",54,55,in_attesa
2,353,SQuAD,phi3:mini,54,55,in_attesa
2,353,SQuAD,qwen2.5:7b,52,55,in_attesa
2,353,SQuAD,"mistral:latest ",53,55,in_attesa
2,354,MMLU,phi3:mini,53,55,in_attesa
2,354,MMLU,qwen2.5:7b,52,54,in_attesa
2,354,MMLU,"mistral:latest ",54,55,in_attesa
2,355,HellaSwag,phi3:mini,52,57,in_attesa
2,355,HellaSwag,qwen2.5:7b,53,57,in_attesa
2,355,HellaSwag,"mistral:latest ",54,58,in_attesa
2,356,HumanEval,phi3:mini,54,56,in_attesa
2,356,HumanEval,qwen2.5:7b,54,59,in_attesa
2,356,HumanEval,"mistral:latest ",53,56,in_attesa
2,357,SQuAD,phi3:mini,54,55,in_attesa
2,357,SQuAD,qwen2.5:7b,52,54,in_attesa
2,357,SQuAD,"mistral:latest ",53,54,in_attesa
2,358,SQuAD,phi3:mini,54,54,in_attesa
2,358,SQuAD,qwen2.5:7b,54,54,in_attesa
2,358,SQuAD,"mistral:latest ",54,55,in_attesa
2,359,SQuAD,phi3:mini,52,55,in_attesa
2,359,SQuAD,qwen2.5:7b,52,53,in_attesa
2,359,SQuAD,"mistral:latest ",53,54,in_attesa
2,360,SQuAD,phi3:mini,53,54,in_attesa
2,360,SQuAD,qwen2.5:7b,54,54,in_attesa
2,360,SQuAD,"mistral:latest ",54,55,in_attesa
2,361,GSM8K,phi3:mini,54,56,in_attesa
2,361,GSM8K,qwen2.5:7b,53,58,in_attesa
2,361,GSM8K,"mistral:latest ",54,57,in_attesa
2,362,SQuAD,phi3:mini,54,56,in_attesa
2,362,SQuAD,qwen2.5:7b,53,54,in_attesa
2,362,SQuAD,"mistral:latest ",54,55,in_attesa
2,363,HumanEval,phi3:mini,53,55,in_attesa
2,363,HumanEval,qwen2.5:7b,53,57,in_attesa
2,363,HumanEval,"mistral:latest ",54,58,in_attesa
2,364,GSM8K,phi3:mini,54,57,in_attesa
2,364,GSM8K,qwen2.5:7b,54,58,in_attesa
2,364,GSM8K,"mistral:latest ",53,56,in_attesa
2,365,HumanEval,phi3:mini,53,55,in_attesa
2,365,HumanEval,qwen2.5:7b,52,57,in_attesa
2,365,HumanEval,"mistral:latest ",53,58,in_attesa
2,366,HumanEval,phi3:mini,53,56,in_attesa
2,366,HumanEval,qwen2.5:7b,54,56,in_attesa
2,366,HumanEval,"mistral:latest ",54,56,in_attesa
2,367,MMLU,phi3:mini,53,57,in_attesa
2,367,MMLU,qwen2.5:7b,54,56,in_attesa
2,367,MMLU,"mistral:latest ",53,55,in_attesa
2,368,SQuAD,phi3:mini,53,54,in_attesa
2,368,SQuAD,qwen2.5:7b,54,55,in_attesa
2,368,SQuAD,"mistral:latest ",54,54,in_attesa
2,369,HellaSwag,phi3:mini,54,56,in_attesa
2,369,HellaSwag,qwen2.5:7b,54,55,in_attesa
2,369,HellaSwag,"mistral:latest ",53,55,in_attesa
2,370,SQuAD,phi3:mini,53,55,in_attesa
2,370,SQuAD,qwen2.5:7b,52,55,in_attesa
2,370,SQuAD,"mistral:latest ",52,53,in_attesa
2,371,SQuAD,phi3:mini,53,54,in_attesa
2,371,SQuAD,qwen2.5:7b,54,54,in_attesa
2,371,SQuAD,"mistral:latest ",54,54,in_attesa
2,372,HellaSwag,phi3:mini,54,56,in_attesa
2,372,HellaSwag,qwen2.5:7b,53,55,in_attesa
2,372,HellaSwag,"mistral:latest ",53,54,in_attesa
2,373,HellaSwag,phi3:mini,54,55,in_attesa
2,373,HellaSwag,qwen2.5:7b,52,54,in_attesa
2,373,HellaSwag,"mistral:latest ",54,55,in_attesa
2,374,HellaSwag,phi3:mini,52,56,in_attesa
2,374,HellaSwag,qwen2.5:7b,53,55,in_attesa
2,374,HellaSwag,"mistral:latest ",52,55,in_attesa
2,375,HellaSwag,phi3:mini,54,55,in_attesa
2,375,HellaSwag,qwen2.5:7b,52,54,in_attesa
2,375,HellaSwag,"mistral:latest ",54,55,in_attesa
2,376,SQuAD,phi3:mini,52,54,in_attesa
2,376,SQuAD,qwen2.5:7b,54,54,in_attesa
2,376,SQuAD,"mistral:latest ",54,54,in_attesa
2,377,GSM8K,phi3:mini,54,57,in_attesa
2,377,GSM8K,qwen2.5:7b,53,55,in_attesa
2,377,GSM8K,"mistral:latest ",53,56,in_attesa
2,378,MMLU,phi3:mini,53,55,in_attesa
2,378,MMLU,qwen2.5:7b,53,56,in_attesa
2,378,MMLU,"mistral:latest ",53,55,in_attesa
2,379,GSM8K,phi3:mini,53,57,in_attesa
2,379,GSM8K,qwen2.5:7b,53,58,in_attesa
2,379,GSM8K,"mistral:latest ",54,57,in_attesa
2,380,SQuAD,phi3:mini,54,55,in_attesa
2,380,SQuAD,qwen2.5:7b,53,56,in_attesa
2,380,SQuAD,"mistral:latest ",53,54,in_attesa
2,381,GSM8K,phi3:mini,54,55,in_attesa
2,381,GSM8K,qwen2.5:7b,52,55,in_attesa
2,381,GSM8K,"mistral:latest ",53,55,in_attesa
2,382,HumanEval,phi3:mini,53,56,in_attesa
2,382,HumanEval,qwen2.5:7b,53,58,in_attesa
2,382,HumanEval,"mistral:latest ",53,57,in_attesa
2,383,GSM8K,phi3:mini,54,57,in_attesa
2,383,GSM8K,qwen2.5:7b,54,56,in_attesa
2,383,GSM8K,"mistral:latest ",53,56,in_attesa
2,384,MMLU,phi3:mini,53,56,in_attesa
2,384,MMLU,qwen2.5:7b,52,54,in_attesa
2,384,MMLU,"mistral:latest ",54,54,in_attesa
2,385,GSM8K,phi3:mini,54,55,in_attesa
2,385,GSM8K,qwen2.5:7b,53,57,in_attesa
2,385,GSM8K,"mistral:latest ",53,56,in_attesa
2,386,HellaSwag,phi3:mini,53,55,in_attesa
2,386,HellaSwag,qwen2.5:7b,53,55,in_attesa
2,386,HellaSwag,"mistral:latest ",53,55,in_attesa
2,387,HumanEval,phi3:mini,53,57,in_attesa
2,387,HumanEval,qwen2.5:7b,53,57,in_attesa
2,387,HumanEval,"mistral:latest ",54,57,in_attesa
2,388,SQuAD,phi3:mini,54,56,in_attesa
2,388,SQuAD,qwen2.5:7b,53,55,in_attesa
2,388,SQuAD,"mistral:latest ",52,54,in_attesa
2,389,HellaSwag,phi3:mini,53,57,in_attesa
2,389,HellaSwag,qwen2.5:7b,53,55,in_attesa
2,389,HellaSwag,"mistral:latest ",52,56,in_attesa
2,390,HumanEval,phi3:mini,53,57,in_attesa
2,390,HumanEval,qwen2.5:7b,54,58,in_attesa
2,390,HumanEval,"mistral:latest ",54,59,in_attesa
2,391,GSM8K,phi3:mini,54,56,in_attesa
2,391,GSM8K,qwen2.5:7b,53,56,in_attesa
2,391,GSM8K,"mistral:latest ",53,56,in_attesa
2,392,HumanEval,phi3:mini,53,54,in_attesa
2,392,HumanEval,qwen2.5:7b,54,57,in_attesa
2,392,HumanEval,"mistral:latest ",54,58,in_attesa
2,393,SQuAD,phi3:mini,54,56,in_attesa
2,393,SQuAD,qwen2.5:7b,53,56,in_attesa
2,393,SQuAD,"mistral:latest ",54,55,in_attesa
2,394,HumanEval,phi3:mini,53,56,in_attesa
2,394,HumanEval,qwen2.5:7b,53,57,in_attesa
2,394,HumanEval,"mistral:latest ",54,57,in_attesa
2,395,HumanEval,phi3:mini,54,57,in_attesa
2,395,HumanEval,qwen2.5:7b,54,58,in_attesa
2,395,HumanEval,"mistral:latest ",53,56,in_attesa
2,396,HumanEval,phi3:mini,53,56,in_attesa
2,396,HumanEval,qwen2.5:7b,53,57,in_attesa
2,396,HumanEval,"mistral:latest ",54,58,in_attesa
2,397,SQuAD,phi3:mini,53,56,in_attesa
2,397,SQuAD,qwen2.5:7b,53,55,in_attesa
2,397,SQuAD,"mistral:latest ",54,54,in_attesa
2,398,MMLU,phi3:mini,54,56,in_attesa
2,398,MMLU,qwen2.5:7b,53,56,in_attesa
2,398,MMLU,"mistral:latest ",53,55,in_attesa
2,399,HumanEval,phi3:mini,53,57,in_attesa
2,399,HumanEval,qwen2.5:7b,54,58,in_attesa
2,399,HumanEval,"mistral:latest ",53,57,in_attesa
2,400,HellaSwag,phi3:mini,54,57,in_attesa
2,400,HellaSwag,qwen2.5:7b,54,56,in_attesa
2,400,HellaSwag,"mistral:latest ",54,56,in_attesa
2,401,MMLU,phi3:mini,53,55,in_attesa
2,401,MMLU,qwen2.5:7b,52,56,in_attesa
2,401,MMLU,"mistral:latest ",53,57,in_attesa
2,402,HellaSwag,phi3:mini,54,57,in_attesa
2,402,HellaSwag,qwen2.5:7b,54,56,in_attesa
2,402,HellaSwag,"mistral:latest ",53,55,in_attesa
2,403,HellaSwag,phi3:mini,53,56,in_attesa
2,403,HellaSwag,qwen2.5:7b,53,56,in_attesa
2,403,HellaSwag,"mistral:latest ",53,55,in_attesa
2,404,HumanEval,phi3:mini,53,55,in_attesa
2,404,HumanEval,qwen2.5:7b,52,58,in_attesa
2,404,HumanEval,"mistral:latest ",54,57,in_attesa
2,405,GSM8K,phi3:mini,54,57,in_attesa
2,405,GSM8K,qwen2.5:7b,54,57,in_attesa
2,405,GSM8K,"mistral:latest ",54,56,in_attesa
2,406,HellaSwag,phi3:mini,53,55,in_attesa
2,406,HellaSwag,qwen2.5:7b,52,54,in_attesa
2,406,HellaSwag,"mistral:latest ",54,55,in_attesa
2,407,GSM8K,phi3:mini,52,56,in_attesa
2,407,GSM8K,qwen2.5:7b,53,57,in_attesa
2,407,GSM8K,"mistral:latest ",54,57,in_attesa
2,408,GSM8K,phi3:mini,54,56,in_attesa
2,408,GSM8K,qwen2.5:7b,53,58,in_attesa
2,408,GSM8K,"mistral:latest ",54,56,in_attesa
2,409,GSM8K,phi3:mini,54,55,in_attesa
2,409,GSM8K,qwen2.5:7b,53,57,in_attesa
2,409,GSM8K,"mistral:latest ",54,56,in_attesa
2,410,MMLU,phi3:mini,54,56,in_attesa
2,410,MMLU,qwen2.5:7b,53,57,in_attesa
2,410,MMLU,"mistral:latest ",54,57,in_attesa
2,411,GSM8K,phi3:mini,54,57,in_attesa
2,411,GSM8K,qwen2.5:7b,54,58,in_attesa
2,411,GSM8K,"mistral:latest ",54,58,in_attesa
2,412,HellaSwag,phi3:mini,54,58,in_attesa
2,412,HellaSwag,qwen2.5:7b,54,57,in_attesa
2,412,HellaSwag,"mistral:latest ",54,57,in_attesa
2,413,SQuAD,phi3:mini,54,55,in_attesa
2,413,SQuAD,qwen2.5:7b,52,54,in_attesa
2,413,SQuAD,"mistral:latest ",54,54,in_attesa
2,414,HumanEval,phi3:mini,53,56,in_attesa
2,414,HumanEval,qwen2.5:7b,53,57,in_attesa
2,414,HumanEval,"mistral:latest ",54,59,in_attesa
2,415,HumanEval,phi3:mini,54,57,in_attesa
2,415,HumanEval,qwen2.5:7b,54,59,in_attesa
2,415,HumanEval,"mistral:latest ",53,58,in_attesa
2,416,MMLU,phi3:mini,54,55,in_attesa
2,416,MMLU,qwen2.5:7b,53,54,in_attesa
2,416,MMLU,"mistral:latest ",54,54,in_attesa
2,417,HumanEval,phi3:mini,54,56,in_attesa
2,417,HumanEval,qwen2.5:7b,53,57,in_attesa
2,417,HumanEval,"mistral:latest ",54,58,in_attesa
2,418,HumanEval,phi3:mini,54,58,in_attesa
2,418,HumanEval,qwen2.5:7b,54,59,in_attesa
2,418,HumanEval,"mistral:latest ",53,56,in_attesa
2,419,GSM8K,phi3:mini,53,57,in_attesa
2,419,GSM8K,qwen2.5:7b,53,56,in_attesa
2,419,GSM8K,"mistral:latest ",53,56,in_attesa
2,420,HellaSwag,phi3:mini,53,57,in_attesa
2,420,HellaSwag,qwen2.5:7b,54,57,in_attesa
2,420,HellaSwag,"mistral:latest ",54,56,in_attesa
2,421,GSM8K,phi3:mini,53,57,in_attesa
2,421,GSM8K,qwen2.5:7b,54,57,in_attesa
2,421,GSM8K,"mistral:latest ",53,56,in_attesa
2,422,HellaSwag,phi3:mini,53,57,in_attesa
2,422,HellaSwag,qwen2.5:7b,54,57,in_attesa
2,422,HellaSwag,"mistral:latest ",54,58,in_attesa
2,423,MMLU,phi3:mini,54,55,in_attesa
2,423,MMLU,qwen2.5:7b,53,55,in_attesa
2,423,MMLU,"mistral:latest ",52,54,in_attesa
2,424,MMLU,phi3:mini,54,54,in_attesa
2,424,MMLU,qwen2.5:7b,54,54,in_attesa
2,424,MMLU,"mistral:latest ",54,55,in_attesa
2,425,HellaSwag,phi3:mini,52,56,in_attesa
2,425,HellaSwag,qwen2.5:7b,53,56,in_attesa
2,425,HellaSwag,"mistral:latest ",53,57,in_attesa
2,426,MMLU,phi3:mini,54,55,in_attesa
2,426,MMLU,qwen2.5:7b,53,56,in_attesa
2,426,MMLU,"mistral:latest ",53,55,in_attesa
2,427,SQuAD,phi3:mini,53,55,in_attesa
2,427,SQuAD,qwen2.5:7b,52,55,in_attesa
2,427,SQuAD,"mistral:latest ",53,54,in_attesa
2,428,GSM8K,phi3:mini,54,55,in_attesa
2,428,GSM8K,qwen2.5:7b,53,55,in_attesa
2,428,GSM8K,"mistral:latest ",53,55,in_attesa
2,429,HellaSwag,phi3:mini,53,57,in_attesa
2,429,HellaSwag,qwen2.5:7b,53,58,in_attesa
2,429,HellaSwag,"mistral:latest ",54,57,in_attesa
2,430,HellaSwag,phi3:mini,54,56,in_attesa
2,430,HellaSwag,qwen2.5:7b,53,58,in_attesa
2,430,HellaSwag,"mistral:latest ",54,56,in_attesa
2,431,HumanEval,phi3:mini,53,55,in_attesa
2,431,HumanEval,qwen2.5:7b,53,57,in_attesa
2,431,HumanEval,"mistral:latest ",54,56,in_attesa
2,432,GSM8K,phi3:mini,54,57,in_attesa
2,432,GSM8K,qwen2.5:7b,54,58,in_attesa
2,432,GSM8K,"mistral:latest ",54,56,in_attesa
2,433,SQuAD,phi3:mini,53,55,in_attesa
2,433,SQuAD,qwen2.5:7b,54,55,in_attesa
2,433,SQuAD,"mistral:latest ",52,55,in_attesa
2,434,MMLU,phi3:mini,52,55,in_attesa
2,434,MMLU,qwen2.5:7b,52,54,in_attesa
2,434,MMLU,"mistral:latest ",54,55,in_attesa
2,435,GSM8K,phi3:mini,53,56,in_attesa
2,435,GSM8K,qwen2.5:7b,53,57,in_attesa
2,435,GSM8K,"mistral:latest ",54,57,in_attesa
2,436,MMLU,phi3:mini,53,56,in_attesa
2,436,MMLU,qwen2.5:7b,53,55,in_attesa
2,436,MMLU,"mistral:latest ",53,54,in_attesa
2,437,SQuAD,phi3:mini,54,55,in_attesa
2,437,SQuAD,qwen2.5:7b,52,54,in_attesa
2,437,SQuAD,"mistral:latest ",54,55,in_attesa
2,438,SQuAD,phi3:mini,52,55,in_attesa
2,438,SQuAD,qwen2.5:7b,54,54,in_attesa
2,438,SQuAD,"mistral:latest ",54,54,in_attesa
2,439,HellaSwag,phi3:mini,54,56,in_attesa
2,439,HellaSwag,qwen2.5:7b,53,56,in_attesa
2,439,HellaSwag,"mistral:latest ",53,57,in_attesa
2,440,MMLU,phi3:mini,54,56,in_attesa
2,440,MMLU,qwen2.5:7b,53,56,in_attesa
2,440,MMLU,"mistral:latest ",53,54,in_attesa
2,441,HumanEval,phi3:mini,54,58,in_attesa
2,441,HumanEval,qwen2.5:7b,54,58,in_attesa
2,441,HumanEval,"mistral:latest ",53,56,in_attesa
2,442,GSM8K,phi3:mini,53,57,in_attesa
2,442,GSM8K,qwen2.5:7b,53,57,in_attesa
2,442,GSM8K,"mistral:latest ",54,57,in_attesa
2,443,HellaSwag,phi3:mini,54,57,in_attesa
2,443,HellaSwag,qwen2.5:7b,54,55,in_attesa
2,443,HellaSwag,"mistral:latest ",53,54,in_attesa
2,444,GSM8K,phi3:mini,54,56,in_attesa
2,444,GSM8K,qwen2.5:7b,53,55,in_attesa
2,444,GSM8K,"mistral:latest ",53,56,in_attesa
2,445,HumanEval,phi3:mini,53,56,in_attesa
2,445,HumanEval,qwen2.5:7b,53,57,in_attesa
2,445,HumanEval,"mistral:latest ",54,57,in_attesa
2,446,GSM8K,phi3:mini,54,55,in_attesa
2,446,GSM8K,qwen2.5:7b,53,57,in_attesa
2,446,GSM8K,"mistral:latest ",53,56,in_attesa
2,447,MMLU,phi3:mini,53,56,in_attesa
2,447,MMLU,qwen2.5:7b,53,56,in_attesa
2,447,MMLU,"mistral:latest ",53,55,in_attesa
2,448,GSM8K,phi3:mini,52,56,in_attesa
2,448,GSM8K,qwen2.5:7b,53,57,in_attesa
2,448,GSM8K,"mistral:latest ",54,56,in_attesa
2,449,HumanEval,phi3:mini,54,57,in_attesa
2,449,HumanEval,qwen2.5:7b,54,57,in_attesa
2,449,HumanEval,"mistral:latest ",54,60,in_attesa
2,450,HumanEval,phi3:mini,54,57,in_attesa
2,450,HumanEval,qwen2.5:7b,54,58,in_attesa
2,450,HumanEval,"mistral:latest ",54,57,in_attesa
2,451,GSM8K,phi3:mini,54,56,in_attesa
2,451,GSM8K,qwen2.5:7b,53,57,in_attesa
2,451,GSM8K,"mistral:latest ",54,57,in_attesa
2,452,HellaSwag,phi3:mini,53,57,in_attesa
2,452,HellaSwag,qwen2.5:7b,53,56,in_attesa
2,452,HellaSwag,"mistral:latest ",53,57,in_attesa
2,453,GSM8K,phi3:mini,54,58,in_attesa
2,453,GSM8K,qwen2.5:7b,54,58,in_attesa
2,453,GSM8K,"mistral:latest ",53,57,in_attesa
2,454,MMLU,phi3:mini,53,57,in_attesa
2,454,MMLU,qwen2.5:7b,53,57,in_attesa
2,454,MMLU,"mistral:latest ",54,58,in_attesa
2,455,HumanEval,phi3:mini,53,55,in_attesa
2,455,HumanEval,qwen2.5:7b,53,57,in_attesa
2,455,HumanEval,"mistral:latest ",53,56,in_attesa
2,456,GSM8K,phi3:mini,53,55,in_attesa
2,456,GSM8K,qwen2.5:7b,52,55,in_attesa
2,456,GSM8K,"mistral:latest ",53,55,in_attesa
2,457,HumanEval,phi3:mini,53,56,in_attesa
2,457,HumanEval,qwen2.5:7b,53,57,in_attesa
2,457,HumanEval,"mistral:latest ",54,57,in_attesa
2,458,HellaSwag,phi3:mini,54,57,in_attesa
2,458,HellaSwag,qwen2.5:7b,54,57,in_attesa
2,458,HellaSwag,"mistral:latest ",54,57,in_attesa
2,459,MMLU,phi3:mini,54,56,in_attesa
2,459,MMLU,qwen2.5:7b,52,54,in_attesa
2,459,MMLU,"mistral:latest ",54,55,in_attesa
2,460,HumanEval,phi3:mini,52,55,in_attesa
2,460,HumanEval,qwen2.5:7b,53,59,in_attesa
2,460,HumanEval,"mistral:latest ",54,58,in_attesa
2,461,HellaSwag,phi3:mini,54,57,in_attesa
2,461,HellaSwag,qwen2.5:7b,54,55,in_attesa
2,461,HellaSwag,"mistral:latest ",53,55,in_attesa
2,462,MMLU,phi3:mini,52,56,in_attesa
2,462,MMLU,qwen2.5:7b,53,54,in_attesa
2,462,MMLU,"mistral:latest ",54,55,in_attesa
2,463,HumanEval,phi3:mini,52,55,in_attesa
2,463,HumanEval,qwen2.5:7b,54,55,in_attesa
2,463,HumanEval,"mistral:latest ",53,55,in_attesa
2,464,HumanEval,phi3:mini,53,57,in_attesa
2,464,HumanEval,qwen2.5:7b,53,57,in_attesa
2,464,HumanEval,"mistral:latest ",54,58,in_attesa
2,465,GSM8K,phi3:mini,54,55,in_attesa
2,465,GSM8K,qwen2.5:7b,53,55,in_attesa
2,465,GSM8K,"mistral:latest ",53,56,in_attesa
2,466,HellaSwag,phi3:mini,52,55,in_attesa
2,466,HellaSwag,qwen2.5:7b,53,56,in_attesa
2,466,HellaSwag,"mistral:latest ",53,56,in_attesa
2,467,SQuAD,phi3:mini,53,55,in_attesa
2,467,SQuAD,qwen2.5:7b,53,55,in_attesa
2,467,SQuAD,"mistral:latest ",54,54,in_attesa
2,468,GSM8K,phi3:mini,54,57,in_attesa
2,468,GSM8K,qwen2.5:7b,53,57,in_attesa
2,468,GSM8K,"mistral:latest ",54,58,in_attesa
2,469,SQuAD,phi3:mini,53,55,in_attesa
2,469,SQuAD,qwen2.5:7b,53,54,in_attesa
2,469,SQuAD,"mistral:latest ",54,54,in_attesa
2,470,HumanEval,phi3:mini,54,55,in_attesa
2,470,HumanEval,qwen2.5:7b,52,56,in_attesa
2,470,HumanEval,"mistral:latest ",53,56,in_attesa
2,471,HellaSwag,phi3:mini,53,57,in_attesa
2,471,HellaSwag,qwen2.5:7b,54,56,in_attesa
2,471,HellaSwag,"mistral:latest ",53,56,in_attesa
2,472,HellaSwag,phi3:mini,54,57,in_attesa
2,472,HellaSwag,qwen2.5:7b,54,57,in_attesa
2,472,HellaSwag,"mistral:latest ",54,58,in_attesa
2,473,HellaSwag,phi3:mini,53,56,in_attesa
2,473,HellaSwag,qwen2.5:7b,53,57,in_attesa
2,473,HellaSwag,"mistral:latest ",54,57,in_attesa
2,474,GSM8K,phi3:mini,53,56,in_attesa
2,474,GSM8K,qwen2.5:7b,52,57,in_attesa
2,474,GSM8K,"mistral:latest ",54,58,in_attesa
2,475,SQuAD,phi3:mini,54,55,in_attesa
2,475,SQuAD,qwen2.5:7b,53,54,in_attesa
2,475,SQuAD,"mistral:latest ",54,55,in_attesa
2,476,MMLU,phi3:mini,52,54,in_attesa
2,476,MMLU,qwen2.5:7b,54,56,in_attesa
2,476,MMLU,"mistral:latest ",53,55,in_attesa
2,477,HellaSwag,phi3:mini,52,56,in_attesa
2,477,HellaSwag,qwen2.5:7b,53,56,in_attesa
2,477,HellaSwag,"mistral:latest ",53,58,in_attesa
2,478,SQuAD,phi3:mini,53,55,in_attesa
2,478,SQuAD,qwen2.5:7b,53,54,in_attesa
2,478,SQuAD,"mistral:latest ",54,55,in_attesa
2,479,GSM8K,phi3:mini,54,55,in_attesa
2,479,GSM8K,qwen2.5:7b,52,56,in_attesa
2,479,GSM8K,"mistral:latest ",53,56,in_attesa
2,480,GSM8K,phi3:mini,53,56,in_attesa
2,480,GSM8K,qwen2.5:7b,53,56,in_attesa
2,480,GSM8K,"mistral:latest ",53,55,in_attesa
2,481,MMLU,phi3:mini,52,57,in_attesa
2,481,MMLU,qwen2.5:7b,53,57,in_attesa
2,481,MMLU,"mistral:latest ",53,56,in_attesa
2,482,MMLU,phi3:mini,53,56,in_attesa
2,482,MMLU,qwen2.5:7b,53,55,in_attesa
2,482,MMLU,"mistral:latest ",53,55,in_attesa
2,483,MMLU,phi3:mini,53,56,in_attesa
2,483,MMLU,qwen2.5:7b,53,57,in_attesa
2,483,MMLU,"mistral:latest ",54,57,in_attesa
2,484,SQuAD,phi3:mini,54,56,in_attesa
2,484,SQuAD,qwen2.5:7b,53,55,in_attesa
2,484,SQuAD,"mistral:latest ",53,54,in_attesa
2,485,HellaSwag,phi3:mini,54,54,in_attesa
2,485,HellaSwag,qwen2.5:7b,54,54,in_attesa
2,485,HellaSwag,"mistral:latest ",54,54,in_attesa
2,486,MMLU,phi3:mini,54,56,in_attesa
2,486,MMLU,qwen2.5:7b,53,55,in_attesa
2,486,MMLU,"mistral:latest ",52,55,in_attesa
2,487,SQuAD,phi3:mini,52,55,in_attesa
2,487,SQuAD,qwen2.5:7b,54,54,in_attesa
2,487,SQuAD,"mistral:latest ",54,54,in_attesa
2,488,HumanEval,phi3:mini,54,55,in_attesa
2,488,HumanEval,qwen2.5:7b,52,55,in_attesa
2,488,HumanEval,"mistral:latest ",52,55,in_attesa
2,489,HumanEval,phi3:mini,53,57,in_attesa
2,489,HumanEval,qwen2.5:7b,53,57,in_attesa
2,489,HumanEval,"mistral:latest ",54,58,in_attesa
2,490,HellaSwag,phi3:mini,54,57,in_attesa
2,490,HellaSwag,qwen2.5:7b,54,57,in_attesa
2,490,HellaSwag,"mistral:latest ",54,56,in_attesa
2,491,MMLU,phi3:mini,53,56,in_attesa
2,491,MMLU,qwen2.5:7b,53,55,in_attesa
2,491,MMLU,"mistral:latest ",53,55,in_attesa
2,492,HellaSwag,phi3:mini,39,48,in_attesa
2,492,HellaSwag,qwen2.5:7b,44,50,in_attesa
2,492,HellaSwag,mistral:latest,45,52,in_attesa
2,493,MMLU,phi3:mini,45,49,in_attesa
2,493,MMLU,qwen2.5:7b,44,47,in_attesa
2,493,MMLU,mistral:latest,44,46,in_attesa
2,494,GSM8K,phi3:mini,44,48,in_attesa
2,494,GSM8K,qwen2.5:7b,44,51,in_attesa
2,494,GSM8K,mistral:latest,45,51,in_attesa
2,495,GSM8K,phi3:mini,45,50,in_attesa
2,495,GSM8K,qwen2.5:7b,44,50,in_attesa
2,495,GSM8K,mistral:latest,44,50,in_attesa
2,496,GSM8K,phi3:mini,44,50,in_attesa
2,496,GSM8K,qwen2.5:7b,45,51,in_attesa
2,496,GSM8K,mistral:latest,45,51,in_attesa
2,497,HellaSwag,phi3:mini,44,50,in_attesa
2,497,HellaSwag,qwen2.5:7b,45,50,in_attesa
2,497,HellaSwag,mistral:latest,44,52,in_attesa
2,498,MMLU,phi3:mini,44,46,in_attesa
2,498,MMLU,qwen2.5:7b,44,46,in_attesa
2,498,MMLU,mistral:latest,44,47,in_attesa
2,499,MMLU,phi3:mini,43,46,in_attesa
2,499,MMLU,qwen2.5:7b,43,48,in_attesa
2,499,MMLU,mistral:latest,44,47,in_attesa
2,500,HellaSwag,phi3:mini,44,48,in_attesa
2,500,HellaSwag,qwen2.5:7b,45,49,in_attesa
2,500,HellaSwag,mistral:latest,44,50,in_attesa
3,1,GSM8K,phi3:mini,45,50,in_attesa
3,1,GSM8K,qwen2.5:7b,44,50,in_attesa
3,1,GSM8K,mistral:latest,44,48,in_attesa
3,2,HellaSwag,phi3:mini,44,48,in_attesa
3,2,HellaSwag,qwen2.5:7b,45,49,in_attesa
3,2,HellaSwag,mistral:latest,45,50,in_attesa
3,3,MMLU,phi3:mini,45,47,in_attesa
3,3,MMLU,qwen2.5:7b,44,48,in_attesa
3,3,MMLU,mistral:latest,44,46,in_attesa
3,4,GSM8K,phi3:mini,44,47,in_attesa
3,4,GSM8K,qwen2.5:7b,44,48,in_attesa
3,4,GSM8K,mistral:latest,44,49,in_attesa
3,5,MMLU,phi3:mini,45,49,in_attesa
3,5,MMLU,qwen2.5:7b,44,48,in_attesa
3,5,MMLU,mistral:latest,45,49,in_attesa
3,6,MMLU,phi3:mini,45,50,in_attesa
3,6,MMLU,qwen2.5:7b,44,49,in_attesa
3,6,MMLU,mistral:latest,45,50,in_attesa
3,7,HellaSwag,phi3:mini,44,49,in_attesa
3,7,HellaSwag,qwen2.5:7b,45,50,in_attesa
3,7,HellaSwag,mistral:latest,45,52,in_attesa
3,8,SQuAD,phi3:mini,45,48,in_attesa
3,8,SQuAD,qwen2.5:7b,45,48,in_attesa
3,8,SQuAD,mistral:latest,44,47,in_attesa
3,9,MMLU,phi3:mini,44,47,in_attesa
3,9,MMLU,qwen2.5:7b,44,47,in_attesa
3,9,MMLU,mistral:latest,43,46,in_attesa
3,10,HellaSwag,phi3:mini,43,48,in_attesa
3,10,HellaSwag,qwen2.5:7b,44,48,in_attesa
3,10,HellaSwag,mistral:latest,44,47,in_attesa
3,11,HumanEval,phi3:mini,44,48,in_attesa
3,11,HumanEval,qwen2.5:7b,44,50,in_attesa
3,11,HumanEval,mistral:latest,44,51,in_attesa
3,12,HumanEval,phi3:mini,44,49,in_attesa
3,12,HumanEval,qwen2.5:7b,45,51,in_attesa
3,12,HumanEval,mistral:latest,44,48,in_attesa
3,13,MMLU,phi3:mini,45,48,in_attesa
3,13,MMLU,qwen2.5:7b,44,48,in_attesa
3,13,MMLU,mistral:latest,44,48,in_attesa
3,14,SQuAD,phi3:mini,44,50,in_attesa
3,14,SQuAD,qwen2.5:7b,45,48,in_attesa
3,14,SQuAD,mistral:latest,45,48,in_attesa
3,15,HumanEval,phi3:mini,45,49,in_attesa
3,15,HumanEval,qwen2.5:7b,44,51,in_attesa
3,15,HumanEval,mistral:latest,45,50,in_attesa
3,16,MMLU,phi3:mini,45,48,in_attesa
3,16,MMLU,qwen2.5:7b,45,49,in_attesa
3,16,MMLU,mistral:latest,44,49,in_attesa
3,17,HellaSwag,phi3:mini,44,50,in_attesa
3,17,HellaSwag,qwen2.5:7b,45,50,in_attesa
3,17,HellaSwag,mistral:latest,44,50,in_attesa
3,18,GSM8K,phi3:mini,44,48,in_attesa
3,18,GSM8K,qwen2.5:7b,45,51,in_attesa
3,18,GSM8K,mistral:latest,44,50,in_attesa
3,19,SQuAD,phi3:mini,45,47,in_attesa
3,19,SQuAD,qwen2.5:7b,44,48,in_attesa
3,19,SQuAD,mistral:latest,44,48,in_attesa
3,20,SQuAD,phi3:mini,44,48,in_attesa
3,20,SQuAD,qwen2.5:7b,44,47,in_attesa
3,20,SQuAD,mistral:latest,44,46,in_attesa
3,21,HumanEval,phi3:mini,43,50,in_attesa
3,21,HumanEval,qwen2.5:7b,45,51,in_attesa
3,21,HumanEval,mistral:latest,45,49,in_attesa
3,22,HellaSwag,phi3:mini,44,48,in_attesa
3,22,HellaSwag,qwen2.5:7b,45,51,in_attesa
3,22,HellaSwag,mistral:latest,45,50,in_attesa
3,23,SQuAD,phi3:mini,44,47,in_attesa
3,23,SQuAD,qwen2.5:7b,44,47,in_attesa
3,23,SQuAD,mistral:latest,44,47,in_attesa
3,24,HellaSwag,phi3:mini,44,48,in_attesa
3,24,HellaSwag,qwen2.5:7b,45,48,in_attesa
3,24,HellaSwag,mistral:latest,44,51,in_attesa
3,25,MMLU,phi3:mini,44,47,in_attesa
3,25,MMLU,qwen2.5:7b,44,48,in_attesa
3,25,MMLU,mistral:latest,44,47,in_attesa
3,26,HumanEval,phi3:mini,44,49,in_attesa
3,26,HumanEval,qwen2.5:7b,45,50,in_attesa
3,26,HumanEval,mistral:latest,45,48,in_attesa
3,27,SQuAD,phi3:mini,45,48,in_attesa
3,27,SQuAD,qwen2.5:7b,45,47,in_attesa
3,27,SQuAD,mistral:latest,44,47,in_attesa
3,28,SQuAD,phi3:mini,44,47,in_attesa
3,28,SQuAD,qwen2.5:7b,44,47,in_attesa
3,28,SQuAD,mistral:latest,44,47,in_attesa
3,29,SQuAD,phi3:mini,43,47,in_attesa
3,29,SQuAD,qwen2.5:7b,43,46,in_attesa
3,29,SQuAD,mistral:latest,43,50,in_attesa
3,30,SQuAD,phi3:mini,45,47,in_attesa
3,30,SQuAD,qwen2.5:7b,44,47,in_attesa
3,30,SQuAD,mistral:latest,44,46,in_attesa
3,31,GSM8K,phi3:mini,43,46,in_attesa
3,31,GSM8K,qwen2.5:7b,43,48,in_attesa
3,31,GSM8K,mistral:latest,44,49,in_attesa
3,32,GSM8K,phi3:mini,45,50,in_attesa
3,32,GSM8K,qwen2.5:7b,45,49,in_attesa
3,32,GSM8K,mistral:latest,45,49,in_attesa
3,33,SQuAD,phi3:mini,45,48,in_attesa
3,33,SQuAD,qwen2.5:7b,45,47,in_attesa
3,33,SQuAD,mistral:latest,44,47,in_attesa
3,34,MMLU,phi3:mini,44,46,in_attesa
3,34,MMLU,qwen2.5:7b,43,47,in_attesa
3,34,MMLU,mistral:latest,43,47,in_attesa
3,35,SQuAD,phi3:mini,44,46,in_attesa
3,35,SQuAD,qwen2.5:7b,43,46,in_attesa
3,35,SQuAD,mistral:latest,43,46,in_attesa
3,36,MMLU,phi3:mini,43,46,in_attesa
3,36,MMLU,qwen2.5:7b,43,48,in_attesa
3,36,MMLU,mistral:latest,44,48,in_attesa
3,37,HumanEval,phi3:mini,45,48,in_attesa
3,37,HumanEval,qwen2.5:7b,45,50,in_attesa
3,37,HumanEval,mistral:latest,45,48,in_attesa
3,38,MMLU,phi3:mini,45,47,in_attesa
3,38,MMLU,qwen2.5:7b,44,47,in_attesa
3,38,MMLU,mistral:latest,44,46,in_attesa
3,39,SQuAD,phi3:mini,43,48,in_attesa
3,39,SQuAD,qwen2.5:7b,45,47,in_attesa
3,39,SQuAD,mistral:latest,44,49,in_attesa
3,40,GSM8K,phi3:mini,44,47,in_attesa
3,40,GSM8K,qwen2.5:7b,44,50,in_attesa
3,40,GSM8K,mistral:latest,45,49,in_attesa
3,41,HellaSwag,phi3:mini,45,50,in_attesa
3,41,HellaSwag,qwen2.5:7b,45,48,in_attesa
3,41,HellaSwag,mistral:latest,45,48,in_attesa
3,42,SQuAD,phi3:mini,45,48,in_attesa
3,42,SQuAD,qwen2.5:7b,44,47,in_attesa
3,42,SQuAD,mistral:latest,44,46,in_attesa
3,43,GSM8K,phi3:mini,43,47,in_attesa
3,43,GSM8K,qwen2.5:7b,43,48,in_attesa
3,43,GSM8K,mistral:latest,44,48,in_attesa
3,44,GSM8K,phi3:mini,44,47,in_attesa
3,44,GSM8K,qwen2.5:7b,44,50,in_attesa
3,44,GSM8K,mistral:latest,45,48,in_attesa
3,45,HellaSwag,phi3:mini,45,50,in_attesa
3,45,HellaSwag,qwen2.5:7b,45,50,in_attesa
3,45,HellaSwag,mistral:latest,45,49,in_attesa
3,46,GSM8K,phi3:mini,45,49,in_attesa
3,46,GSM8K,qwen2.5:7b,45,51,in_attesa
3,46,GSM8K,mistral:latest,44,49,in_attesa
3,47,GSM8K,phi3:mini,45,48,in_attesa
3,47,GSM8K,qwen2.5:7b,45,49,in_attesa
3,47,GSM8K,mistral:latest,44,49,in_attesa
3,48,HellaSwag,phi3:mini,45,51,in_attesa
3,48,HellaSwag,qwen2.5:7b,45,48,in_attesa
3,48,HellaSwag,mistral:latest,45,48,in_attesa
3,49,GSM8K,phi3:mini,45,50,in_attesa
3,49,GSM8K,qwen2.5:7b,45,49,in_attesa
3,49,GSM8K,mistral:latest,45,49,in_attesa
3,50,GSM8K,phi3:mini,45,49,in_attesa
3,50,GSM8K,qwen2.5:7b,44,50,in_attesa
3,50,GSM8K,mistral:latest,44,51,in_attesa
3,51,MMLU,phi3:mini,45,49,in_attesa
3,51,MMLU,qwen2.5:7b,45,50,in_attesa
3,51,MMLU,mistral:latest,45,49,in_attesa
3,52,MMLU,phi3:mini,44,48,in_attesa
3,52,MMLU,qwen2.5:7b,44,49,in_attesa
3,52,MMLU,mistral:latest,45,48,in_attesa
3,53,HumanEval,phi3:mini,45,49,in_attesa
3,53,HumanEval,qwen2.5:7b,45,50,in_attesa
3,53,HumanEval,mistral:latest,45,49,in_attesa
3,54,HellaSwag,phi3:mini,44,51,in_attesa
3,54,HellaSwag,qwen2.5:7b,45,49,in_attesa
3,54,HellaSwag,mistral:latest,45,50,in_attesa
3,55,MMLU,phi3:mini,44,47,in_attesa
3,55,MMLU,qwen2.5:7b,44,47,in_attesa
3,55,MMLU,mistral:latest,44,48,in_attesa
3,56,GSM8K,phi3:mini,44,47,in_attesa
3,56,GSM8K,qwen2.5:7b,44,48,in_attesa
3,56,GSM8K,mistral:latest,44,49,in_attesa
3,57,SQuAD,phi3:mini,44,47,in_attesa
3,57,SQuAD,qwen2.5:7b,44,46,in_attesa
3,57,SQuAD,mistral:latest,43,45,in_attesa
3,58,GSM8K,phi3:mini,45,47,in_attesa
3,58,GSM8K,qwen2.5:7b,44,48,in_attesa
3,58,GSM8K,mistral:latest,44,48,in_attesa
3,59,GSM8K,phi3:mini,45,49,in_attesa
3,59,GSM8K,qwen2.5:7b,44,48,in_attesa
3,59,GSM8K,mistral:latest,44,48,in_attesa
3,60,HellaSwag,phi3:mini,44,49,in_attesa
3,60,HellaSwag,qwen2.5:7b,45,50,in_attesa
3,60,HellaSwag,mistral:latest,44,48,in_attesa
3,61,GSM8K,phi3:mini,44,51,in_attesa
3,61,GSM8K,qwen2.5:7b,45,49,in_attesa
3,61,GSM8K,mistral:latest,45,51,in_attesa
3,62,HellaSwag,phi3:mini,45,50,in_attesa
3,62,HellaSwag,qwen2.5:7b,45,49,in_attesa
3,62,HellaSwag,mistral:latest,44,48,in_attesa
3,63,MMLU,phi3:mini,45,48,in_attesa
3,63,MMLU,qwen2.5:7b,44,47,in_attesa
3,63,MMLU,mistral:latest,44,48,in_attesa
3,64,GSM8K,phi3:mini,44,49,in_attesa
3,64,GSM8K,qwen2.5:7b,45,51,in_attesa
3,64,GSM8K,mistral:latest,44,49,in_attesa
3,65,MMLU,phi3:mini,45,49,in_attesa
3,65,MMLU,qwen2.5:7b,44,48,in_attesa
3,65,MMLU,mistral:latest,44,47,in_attesa
3,66,MMLU,phi3:mini,44,46,in_attesa
3,66,MMLU,qwen2.5:7b,43,48,in_attesa
3,66,MMLU,mistral:latest,44,50,in_attesa
3,67,HellaSwag,phi3:mini,45,50,in_attesa
3,67,HellaSwag,qwen2.5:7b,45,49,in_attesa
3,67,HellaSwag,mistral:latest,44,50,in_attesa
3,68,GSM8K,phi3:mini,45,49,in_attesa
3,68,GSM8K,qwen2.5:7b,45,51,in_attesa
3,68,GSM8K,mistral:latest,45,49,in_attesa
3,69,HellaSwag,phi3:mini,45,48,in_attesa
3,69,HellaSwag,qwen2.5:7b,45,48,in_attesa
3,69,HellaSwag,mistral:latest,44,49,in_attesa
3,70,HumanEval,phi3:mini,44,49,in_attesa
3,70,HumanEval,qwen2.5:7b,45,52,in_attesa
3,70,HumanEval,mistral:latest,45,49,in_attesa
3,71,MMLU,phi3:mini,45,48,in_attesa
3,71,MMLU,qwen2.5:7b,45,48,in_attesa
3,71,MMLU,mistral:latest,44,47,in_attesa
3,72,HumanEval,phi3:mini,44,47,in_attesa
3,72,HumanEval,qwen2.5:7b,44,50,in_attesa
3,72,HumanEval,mistral:latest,45,49,in_attesa
3,73,SQuAD,phi3:mini,45,47,in_attesa
3,73,SQuAD,qwen2.5:7b,44,47,in_attesa
3,73,SQuAD,mistral:latest,44,46,in_attesa
3,74,HellaSwag,phi3:mini,43,49,in_attesa
3,74,HellaSwag,qwen2.5:7b,44,50,in_attesa
3,74,HellaSwag,mistral:latest,45,50,in_attesa
3,75,HumanEval,phi3:mini,44,50,in_attesa
3,75,HumanEval,qwen2.5:7b,45,51,in_attesa
3,75,HumanEval,mistral:latest,45,50,in_attesa
3,76,HumanEval,phi3:mini,44,47,in_attesa
3,76,HumanEval,qwen2.5:7b,44,50,in_attesa
3,76,HumanEval,mistral:latest,44,49,in_attesa
3,77,GSM8K,phi3:mini,45,50,in_attesa
3,77,GSM8K,qwen2.5:7b,45,50,in_attesa
3,77,GSM8K,mistral:latest,44,49,in_attesa
3,78,HellaSwag,phi3:mini,45,48,in_attesa
3,78,HellaSwag,qwen2.5:7b,44,49,in_attesa
3,78,HellaSwag,mistral:latest,45,51,in_attesa
3,79,SQuAD,phi3:mini,44,47,in_attesa
3,79,SQuAD,qwen2.5:7b,44,46,in_attesa
3,79,SQuAD,mistral:latest,44,46,in_attesa
3,80,GSM8K,phi3:mini,43,48,in_attesa
3,80,GSM8K,qwen2.5:7b,44,51,in_attesa
3,80,GSM8K,mistral:latest,45,51,in_attesa
3,81,MMLU,phi3:mini,44,47,in_attesa
3,81,MMLU,qwen2.5:7b,44,48,in_attesa
3,81,MMLU,mistral:latest,44,48,in_attesa
3,82,MMLU,phi3:mini,44,49,in_attesa
3,82,MMLU,qwen2.5:7b,44,48,in_attesa
3,82,MMLU,mistral:latest,44,46,in_attesa
3,83,HumanEval,phi3:mini,43,48,in_attesa
3,83,HumanEval,qwen2.5:7b,44,49,in_attesa
3,83,HumanEval,mistral:latest,45,48,in_attesa
3,84,SQuAD,phi3:mini,45,47,in_attesa
3,84,SQuAD,qwen2.5:7b,44,48,in_attesa
3,84,SQuAD,mistral:latest,44,46,in_attesa
3,85,HellaSwag,phi3:mini,43,50,in_attesa
3,85,HellaSwag,qwen2.5:7b,45,50,in_attesa
3,85,HellaSwag,mistral:latest,45,50,in_attesa
3,86,HumanEval,phi3:mini,44,49,in_attesa
3,86,HumanEval,qwen2.5:7b,45,50,in_attesa
3,86,HumanEval,mistral:latest,44,49,in_attesa
3,87,HellaSwag,phi3:mini,45,49,in_attesa
3,87,HellaSwag,qwen2.5:7b,45,49,in_attesa
3,87,HellaSwag,mistral:latest,45,49,in_attesa
3,88,MMLU,phi3:mini,44,47,in_attesa
3,88,MMLU,qwen2.5:7b,44,47,in_attesa
3,88,MMLU,mistral:latest,44,47,in_attesa
3,89,HumanEval,phi3:mini,44,48,in_attesa
3,89,HumanEval,qwen2.5:7b,45,49,in_attesa
3,89,HumanEval,mistral:latest,44,49,in_attesa
3,90,MMLU,phi3:mini,45,49,in_attesa
3,90,MMLU,qwen2.5:7b,45,48,in_attesa
3,90,MMLU,mistral:latest,44,47,in_attesa
3,91,MMLU,phi3:mini,44,47,in_attesa
3,91,MMLU,qwen2.5:7b,44,47,in_attesa
3,91,MMLU,mistral:latest,44,46,in_attesa
3,92,GSM8K,phi3:mini,43,48,in_attesa
3,92,GSM8K,qwen2.5:7b,44,48,in_attesa
3,92,GSM8K,mistral:latest,44,48,in_attesa
3,93,SQuAD,phi3:mini,44,47,in_attesa
3,93,SQuAD,qwen2.5:7b,44,47,in_attesa
3,93,SQuAD,mistral:latest,43,46,in_attesa
3,94,SQuAD,phi3:mini,43,46,in_attesa
3,94,SQuAD,qwen2.5:7b,43,45,in_attesa
3,94,SQuAD,mistral:latest,45,46,in_attesa
3,95,GSM8K,phi3:mini,43,46,in_attesa
3,95,GSM8K,qwen2.5:7b,43,48,in_attesa
3,95,GSM8K,mistral:latest,44,49,in_attesa
3,96,MMLU,phi3:mini,45,47,in_attesa
3,96,MMLU,qwen2.5:7b,44,49,in_attesa
3,96,MMLU,mistral:latest,45,48,in_attesa
3,97,GSM8K,phi3:mini,44,47,in_attesa
3,97,GSM8K,qwen2.5:7b,44,50,in_attesa
3,97,GSM8K,mistral:latest,45,50,in_attesa
3,98,HumanEval,phi3:mini,44,50,in_attesa
3,98,HumanEval,qwen2.5:7b,44,50,in_attesa
3,98,HumanEval,mistral:latest,44,49,in_attesa
3,99,HellaSwag,phi3:mini,44,49,in_attesa
3,99,HellaSwag,qwen2.5:7b,45,49,in_attesa
3,99,HellaSwag,mistral:latest,44,49,in_attesa
3,100,GSM8K,phi3:mini,45,49,in_attesa
3,100,GSM8K,qwen2.5:7b,44,48,in_attesa
3,100,GSM8K,mistral:latest,45,49,in_attesa
3,101,SQuAD,phi3:mini,45,47,in_attesa
3,101,SQuAD,qwen2.5:7b,44,47,in_attesa
3,101,SQuAD,mistral:latest,44,47,in_attesa
3,102,HellaSwag,phi3:mini,43,48,in_attesa
3,102,HellaSwag,qwen2.5:7b,45,49,in_attesa
3,102,HellaSwag,mistral:latest,45,51,in_attesa
3,103,SQuAD,phi3:mini,45,47,in_attesa
3,103,SQuAD,qwen2.5:7b,44,47,in_attesa
3,103,SQuAD,mistral:latest,44,47,in_attesa
3,104,HellaSwag,phi3:mini,44,48,in_attesa
3,104,HellaSwag,qwen2.5:7b,44,47,in_attesa
3,104,HellaSwag,mistral:latest,44,49,in_attesa
3,105,MMLU,phi3:mini,45,48,in_attesa
3,105,MMLU,qwen2.5:7b,44,49,in_attesa
3,105,MMLU,mistral:latest,45,49,in_attesa
3,106,HellaSwag,phi3:mini,45,48,in_attesa
3,106,HellaSwag,qwen2.5:7b,45,47,in_attesa
3,106,HellaSwag,mistral:latest,44,47,in_attesa
3,107,GSM8K,phi3:mini,44,49,in_attesa
3,107,GSM8K,qwen2.5:7b,45,49,in_attesa
3,107,GSM8K,mistral:latest,45,49,in_attesa
3,108,HellaSwag,phi3:mini,45,47,in_attesa
3,108,HellaSwag,qwen2.5:7b,44,49,in_attesa
3,108,HellaSwag,mistral:latest,45,49,in_attesa
3,109,GSM8K,phi3:mini,44,48,in_attesa
3,109,GSM8K,qwen2.5:7b,44,49,in_attesa
3,109,GSM8K,mistral:latest,44,49,in_attesa
3,110,HellaSwag,phi3:mini,45,50,in_attesa
3,110,HellaSwag,qwen2.5:7b,45,50,in_attesa
3,110,HellaSwag,mistral:latest,45,53,in_attesa
3,111,MMLU,phi3:mini,45,48,in_attesa
3,111,MMLU,qwen2.5:7b,45,49,in_attesa
3,111,MMLU,mistral:latest,45,48,in_attesa
3,112,HellaSwag,phi3:mini,44,48,in_attesa
3,112,HellaSwag,qwen2.5:7b,44,48,in_attesa
3,112,HellaSwag,mistral:latest,44,47,in_attesa
3,113,MMLU,phi3:mini,44,48,in_attesa
3,113,MMLU,qwen2.5:7b,45,50,in_attesa
3,113,MMLU,mistral:latest,44,48,in_attesa
3,114,GSM8K,phi3:mini,44,48,in_attesa
3,114,GSM8K,qwen2.5:7b,44,49,in_attesa
3,114,GSM8K,mistral:latest,45,50,in_attesa
3,115,HellaSwag,phi3:mini,44,49,in_attesa
3,115,HellaSwag,qwen2.5:7b,45,49,in_attesa
3,115,HellaSwag,mistral:latest,45,49,in_attesa
3,116,HumanEval,phi3:mini,44,49,in_attesa
3,116,HumanEval,qwen2.5:7b,45,52,in_attesa
3,116,HumanEval,mistral:latest,45,50,in_attesa
3,117,HumanEval,phi3:mini,44,49,in_attesa
3,117,HumanEval,qwen2.5:7b,45,51,in_attesa
3,117,HumanEval,mistral:latest,45,49,in_attesa
3,118,GSM8K,phi3:mini,45,50,in_attesa
3,118,GSM8K,qwen2.5:7b,44,50,in_attesa
3,118,GSM8K,mistral:latest,44,50,in_attesa
3,119,MMLU,phi3:mini,44,48,in_attesa
3,119,MMLU,qwen2.5:7b,45,50,in_attesa
3,119,MMLU,mistral:latest,44,49,in_attesa
3,120,SQuAD,phi3:mini,44,46,in_attesa
3,120,SQuAD,qwen2.5:7b,44,46,in_attesa
3,120,SQuAD,mistral:latest,43,47,in_attesa
3,121,MMLU,phi3:mini,43,49,in_attesa
3,121,MMLU,qwen2.5:7b,44,49,in_attesa
3,121,MMLU,mistral:latest,45,49,in_attesa
3,122,SQuAD,phi3:mini,44,47,in_attesa
3,122,SQuAD,qwen2.5:7b,44,46,in_attesa
3,122,SQuAD,mistral:latest,43,45,in_attesa
3,123,HumanEval,phi3:mini,45,50,in_attesa
3,123,HumanEval,qwen2.5:7b,45,52,in_attesa
3,123,HumanEval,mistral:latest,45,51,in_attesa
3,124,SQuAD,phi3:mini,45,47,in_attesa
3,124,SQuAD,qwen2.5:7b,44,46,in_attesa
3,124,SQuAD,mistral:latest,44,46,in_attesa
3,125,SQuAD,phi3:mini,43,46,in_attesa
3,125,SQuAD,qwen2.5:7b,43,46,in_attesa
3,125,SQuAD,mistral:latest,43,46,in_attesa
3,126,HumanEval,phi3:mini,43,46,in_attesa
3,126,HumanEval,qwen2.5:7b,43,50,in_attesa
3,126,HumanEval,mistral:latest,44,50,in_attesa
3,127,SQuAD,phi3:mini,45,47,in_attesa
3,127,SQuAD,qwen2.5:7b,45,47,in_attesa
3,127,SQuAD,mistral:latest,44,46,in_attesa
3,128,GSM8K,phi3:mini,43,46,in_attesa
3,128,GSM8K,qwen2.5:7b,43,49,in_attesa
3,128,GSM8K,mistral:latest,45,48,in_attesa
3,129,GSM8K,phi3:mini,45,48,in_attesa
3,129,GSM8K,qwen2.5:7b,44,48,in_attesa
3,129,GSM8K,mistral:latest,44,50,in_attesa
3,130,HellaSwag,phi3:mini,45,50,in_attesa
3,130,HellaSwag,qwen2.5:7b,44,47,in_attesa
3,130,HellaSwag,mistral:latest,43,45,in_attesa
3,131,HellaSwag,phi3:mini,45,48,in_attesa
3,131,HellaSwag,qwen2.5:7b,44,47,in_attesa
3,131,HellaSwag,mistral:latest,44,47,in_attesa
3,132,MMLU,phi3:mini,44,48,in_attesa
3,132,MMLU,qwen2.5:7b,44,48,in_attesa
3,132,MMLU,mistral:latest,44,47,in_attesa
3,133,MMLU,phi3:mini,44,47,in_attesa
3,133,MMLU,qwen2.5:7b,44,48,in_attesa
3,133,MMLU,mistral:latest,44,48,in_attesa
3,134,HumanEval,phi3:mini,44,49,in_attesa
3,134,HumanEval,qwen2.5:7b,45,51,in_attesa
3,134,HumanEval,mistral:latest,45,49,in_attesa
3,135,SQuAD,phi3:mini,45,48,in_attesa
3,135,SQuAD,qwen2.5:7b,45,46,in_attesa
3,135,SQuAD,mistral:latest,44,46,in_attesa
3,136,MMLU,phi3:mini,43,48,in_attesa
3,136,MMLU,qwen2.5:7b,44,47,in_attesa
3,136,MMLU,mistral:latest,43,46,in_attesa
3,137,SQuAD,phi3:mini,43,48,in_attesa
3,137,SQuAD,qwen2.5:7b,43,46,in_attesa
3,137,SQuAD,mistral:latest,43,46,in_attesa
3,138,HellaSwag,phi3:mini,43,48,in_attesa
3,138,HellaSwag,qwen2.5:7b,45,48,in_attesa
3,138,HellaSwag,mistral:latest,45,49,in_attesa
3,139,HellaSwag,phi3:mini,45,50,in_attesa
3,139,HellaSwag,qwen2.5:7b,44,48,in_attesa
3,139,HellaSwag,mistral:latest,44,47,in_attesa
3,140,HumanEval,phi3:mini,44,49,in_attesa
3,140,HumanEval,qwen2.5:7b,45,51,in_attesa
3,140,HumanEval,mistral:latest,45,51,in_attesa
3,141,GSM8K,phi3:mini,44,48,in_attesa
3,141,GSM8K,qwen2.5:7b,44,49,in_attesa
3,141,GSM8K,mistral:latest,45,48,in_attesa
3,142,HumanEval,phi3:mini,45,50,in_attesa
3,142,HumanEval,qwen2.5:7b,44,48,in_attesa
3,142,HumanEval,mistral:latest,45,49,in_attesa
3,143,MMLU,phi3:mini,45,47,in_attesa
3,143,MMLU,qwen2.5:7b,44,48,in_attesa
3,143,MMLU,mistral:latest,45,48,in_attesa
3,144,GSM8K,phi3:mini,44,50,in_attesa
3,144,GSM8K,qwen2.5:7b,45,48,in_attesa
3,144,GSM8K,mistral:latest,45,48,in_attesa
3,145,GSM8K,phi3:mini,45,49,in_attesa
3,145,GSM8K,qwen2.5:7b,45,51,in_attesa
3,145,GSM8K,mistral:latest,45,51,in_attesa
3,146,GSM8K,phi3:mini,44,48,in_attesa
3,146,GSM8K,qwen2.5:7b,44,49,in_attesa
3,146,GSM8K,mistral:latest,45,49,in_attesa
3,147,HumanEval,phi3:mini,45,48,in_attesa
3,147,HumanEval,qwen2.5:7b,45,50,in_attesa
3,147,HumanEval,mistral:latest,45,49,in_attesa
3,148,SQuAD,phi3:mini,45,48,in_attesa
3,148,SQuAD,qwen2.5:7b,45,47,in_attesa
3,148,SQuAD,mistral:latest,44,47,in_attesa
3,149,SQuAD,phi3:mini,44,46,in_attesa
3,149,SQuAD,qwen2.5:7b,44,46,in_attesa
3,149,SQuAD,mistral:latest,43,46,in_attesa
3,150,HumanEval,phi3:mini,43,48,in_attesa
3,150,HumanEval,qwen2.5:7b,44,49,in_attesa
3,150,HumanEval,mistral:latest,45,51,in_attesa
3,151,SQuAD,phi3:mini,44,47,in_attesa
3,151,SQuAD,qwen2.5:7b,44,47,in_attesa
3,151,SQuAD,mistral:latest,44,48,in_attesa
3,152,GSM8K,phi3:mini,44,49,in_attesa
3,152,GSM8K,qwen2.5:7b,45,51,in_attesa
3,152,GSM8K,mistral:latest,44,49,in_attesa
3,153,HumanEval,phi3:mini,45,49,in_attesa
3,153,HumanEval,qwen2.5:7b,45,50,in_attesa
3,153,HumanEval,mistral:latest,45,50,in_attesa
3,154,SQuAD,phi3:mini,44,47,in_attesa
3,154,SQuAD,qwen2.5:7b,44,46,in_attesa
3,154,SQuAD,mistral:latest,43,46,in_attesa
3,155,HellaSwag,phi3:mini,45,48,in_attesa
3,155,HellaSwag,qwen2.5:7b,44,48,in_attesa
3,155,HellaSwag,mistral:latest,44,47,in_attesa
3,156,HumanEval,phi3:mini,44,49,in_attesa
3,156,HumanEval,qwen2.5:7b,45,51,in_attesa
3,156,HumanEval,mistral:latest,45,51,in_attesa
3,157,HellaSwag,phi3:mini,45,49,in_attesa
3,157,HellaSwag,qwen2.5:7b,44,49,in_attesa
3,157,HellaSwag,mistral:latest,45,52,in_attesa
3,158,MMLU,phi3:mini,45,48,in_attesa
3,158,MMLU,qwen2.5:7b,45,47,in_attesa
3,158,MMLU,mistral:latest,44,49,in_attesa
3,159,HumanEval,phi3:mini,44,49,in_attesa
3,159,HumanEval,qwen2.5:7b,45,50,in_attesa
3,159,HumanEval,mistral:latest,45,49,in_attesa
3,160,MMLU,phi3:mini,44,48,in_attesa
3,160,MMLU,qwen2.5:7b,44,49,in_attesa
3,160,MMLU,mistral:latest,45,48,in_attesa
3,161,GSM8K,phi3:mini,45,49,in_attesa
3,161,GSM8K,qwen2.5:7b,45,50,in_attesa
3,161,GSM8K,mistral:latest,45,50,in_attesa
3,162,SQuAD,phi3:mini,45,48,in_attesa
3,162,SQuAD,qwen2.5:7b,45,48,in_attesa
3,162,SQuAD,mistral:latest,45,48,in_attesa
3,163,SQuAD,phi3:mini,44,46,in_attesa
3,163,SQuAD,qwen2.5:7b,44,46,in_attesa
3,163,SQuAD,mistral:latest,43,46,in_attesa
3,164,SQuAD,phi3:mini,43,46,in_attesa
3,164,SQuAD,qwen2.5:7b,43,46,in_attesa
3,164,SQuAD,mistral:latest,43,45,in_attesa
3,165,HellaSwag,phi3:mini,45,48,in_attesa
3,165,HellaSwag,qwen2.5:7b,45,51,in_attesa
3,165,HellaSwag,mistral:latest,45,49,in_attesa
3,166,HellaSwag,phi3:mini,45,51,in_attesa
3,166,HellaSwag,qwen2.5:7b,44,50,in_attesa
3,166,HellaSwag,mistral:latest,45,50,in_attesa
3,167,GSM8K,phi3:mini,44,47,in_attesa
3,167,GSM8K,qwen2.5:7b,44,49,in_attesa
3,167,GSM8K,mistral:latest,45,50,in_attesa
3,168,SQuAD,phi3:mini,44,47,in_attesa
3,168,SQuAD,qwen2.5:7b,44,46,in_attesa
3,168,SQuAD,mistral:latest,44,47,in_attesa
3,169,HellaSwag,phi3:mini,43,48,in_attesa
3,169,HellaSwag,qwen2.5:7b,44,48,in_attesa
3,169,HellaSwag,mistral:latest,44,47,in_attesa
3,170,HellaSwag,phi3:mini,44,48,in_attesa
3,170,HellaSwag,qwen2.5:7b,45,49,in_attesa
3,170,HellaSwag,mistral:latest,44,48,in_attesa
3,171,GSM8K,phi3:mini,44,49,in_attesa
3,171,GSM8K,qwen2.5:7b,45,51,in_attesa
3,171,GSM8K,mistral:latest,44,49,in_attesa
3,172,SQuAD,phi3:mini,45,47,in_attesa
3,172,SQuAD,qwen2.5:7b,44,47,in_attesa
3,172,SQuAD,mistral:latest,44,46,in_attesa
3,173,HumanEval,phi3:mini,43,49,in_attesa
3,173,HumanEval,qwen2.5:7b,44,51,in_attesa
3,173,HumanEval,mistral:latest,45,49,in_attesa
3,174,MMLU,phi3:mini,45,47,in_attesa
3,174,MMLU,qwen2.5:7b,44,47,in_attesa
3,174,MMLU,mistral:latest,44,47,in_attesa
3,175,MMLU,phi3:mini,44,46,in_attesa
3,175,MMLU,qwen2.5:7b,43,46,in_attesa
3,175,MMLU,mistral:latest,43,46,in_attesa
3,176,MMLU,phi3:mini,43,46,in_attesa
3,176,MMLU,qwen2.5:7b,43,48,in_attesa
3,176,MMLU,mistral:latest,44,47,in_attesa
3,177,SQuAD,phi3:mini,44,47,in_attesa
3,177,SQuAD,qwen2.5:7b,44,46,in_attesa
3,177,SQuAD,mistral:latest,43,46,in_attesa
3,178,MMLU,phi3:mini,43,48,in_attesa
3,178,MMLU,qwen2.5:7b,44,51,in_attesa
3,178,MMLU,mistral:latest,45,51,in_attesa
3,179,HellaSwag,phi3:mini,45,49,in_attesa
3,179,HellaSwag,qwen2.5:7b,44,48,in_attesa
3,179,HellaSwag,mistral:latest,44,47,in_attesa
3,180,HumanEval,phi3:mini,44,46,in_attesa
3,180,HumanEval,qwen2.5:7b,44,49,in_attesa
3,180,HumanEval,mistral:latest,45,50,in_attesa
3,181,SQuAD,phi3:mini,44,47,in_attesa
3,181,SQuAD,qwen2.5:7b,44,46,in_attesa
3,181,SQuAD,mistral:latest,43,46,in_attesa
3,182,GSM8K,phi3:mini,43,48,in_attesa
3,182,GSM8K,qwen2.5:7b,44,49,in_attesa
3,182,GSM8K,mistral:latest,45,49,in_attesa
3,183,SQuAD,phi3:mini,44,47,in_attesa
3,183,SQuAD,qwen2.5:7b,44,46,in_attesa
3,183,SQuAD,mistral:latest,43,46,in_attesa
3,184,HumanEval,phi3:mini,43,49,in_attesa
3,184,HumanEval,qwen2.5:7b,44,50,in_attesa
3,184,HumanEval,mistral:latest,44,48,in_attesa
3,185,HumanEval,phi3:mini,44,48,in_attesa
3,185,HumanEval,qwen2.5:7b,44,51,in_attesa
3,185,HumanEval,mistral:latest,45,48,in_attesa
3,186,MMLU,phi3:mini,44,48,in_attesa
3,186,MMLU,qwen2.5:7b,44,47,in_attesa
3,186,MMLU,mistral:latest,44,47,in_attesa
3,187,MMLU,phi3:mini,44,48,in_attesa
3,187,MMLU,qwen2.5:7b,44,47,in_attesa
3,187,MMLU,mistral:latest,44,46,in_attesa
3,188,HumanEval,phi3:mini,43,48,in_attesa
3,188,HumanEval,qwen2.5:7b,45,49,in_attesa
3,188,HumanEval,mistral:latest,45,50,in_attesa
3,189,MMLU,phi3:mini,44,47,in_attesa
3,189,MMLU,qwen2.5:7b,44,49,in_attesa
3,189,MMLU,mistral:latest,45,49,in_attesa
3,190,GSM8K,phi3:mini,45,48,in_attesa
3,190,GSM8K,qwen2.5:7b,45,50,in_attesa
3,190,GSM8K,mistral:latest,44,49,in_attesa
3,191,HellaSwag,phi3:mini,45,51,in_attesa
3,191,HellaSwag,qwen2.5:7b,45,50,in_attesa
3,191,HellaSwag,mistral:latest,44,47,in_attesa
3,192,SQuAD,phi3:mini,44,45,in_attesa
3,192,SQuAD,qwen2.5:7b,45,46,in_attesa
3,192,SQuAD,mistral:latest,44,46,in_attesa
3,193,HellaSwag,phi3:mini,43,48,in_attesa
3,193,HellaSwag,qwen2.5:7b,44,48,in_attesa
3,193,HellaSwag,mistral:latest,44,48,in_attesa
3,194,HumanEval,phi3:mini,45,49,in_attesa
3,194,HumanEval,qwen2.5:7b,45,50,in_attesa
3,194,HumanEval,mistral:latest,45,51,in_attesa
3,195,GSM8K,phi3:mini,45,47,in_attesa
3,195,GSM8K,qwen2.5:7b,45,51,in_attesa
3,195,GSM8K,mistral:latest,45,49,in_attesa
3,196,SQuAD,phi3:mini,45,47,in_attesa
3,196,SQuAD,qwen2.5:7b,45,47,in_attesa
3,196,SQuAD,mistral:latest,44,46,in_attesa
3,197,MMLU,phi3:mini,43,46,in_attesa
3,197,MMLU,qwen2.5:7b,43,46,in_attesa
3,197,MMLU,mistral:latest,43,47,in_attesa
3,198,MMLU,phi3:mini,43,46,in_attesa
3,198,MMLU,qwen2.5:7b,43,47,in_attesa
3,198,MMLU,mistral:latest,43,47,in_attesa
3,199,GSM8K,phi3:mini,43,47,in_attesa
3,199,GSM8K,qwen2.5:7b,44,50,in_attesa
3,199,GSM8K,mistral:latest,44,48,in_attesa
3,200,HumanEval,phi3:mini,45,50,in_attesa
3,200,HumanEval,qwen2.5:7b,45,51,in_attesa
3,200,HumanEval,mistral:latest,45,49,in_attesa
3,201,SQuAD,phi3:mini,45,47,in_attesa
3,201,SQuAD,qwen2.5:7b,44,47,in_attesa
3,201,SQuAD,mistral:latest,44,46,in_attesa
3,202,SQuAD,phi3:mini,43,46,in_attesa
3,202,SQuAD,qwen2.5:7b,43,45,in_attesa
3,202,SQuAD,mistral:latest,45,47,in_attesa
3,203,HellaSwag,phi3:mini,44,48,in_attesa
3,203,HellaSwag,qwen2.5:7b,45,48,in_attesa
3,203,HellaSwag,mistral:latest,44,49,in_attesa
3,204,HumanEval,phi3:mini,45,50,in_attesa
3,204,HumanEval,qwen2.5:7b,44,51,in_attesa
3,204,HumanEval,mistral:latest,45,50,in_attesa
3,205,SQuAD,phi3:mini,44,48,in_attesa
3,205,SQuAD,qwen2.5:7b,44,46,in_attesa
3,205,SQuAD,mistral:latest,44,47,in_attesa
3,206,HumanEval,phi3:mini,44,48,in_attesa
3,206,HumanEval,qwen2.5:7b,44,51,in_attesa
3,206,HumanEval,mistral:latest,45,50,in_attesa
3,207,GSM8K,phi3:mini,44,47,in_attesa
3,207,GSM8K,qwen2.5:7b,44,48,in_attesa
3,207,GSM8K,mistral:latest,45,50,in_attesa
3,208,MMLU,phi3:mini,45,48,in_attesa
3,208,MMLU,qwen2.5:7b,44,47,in_attesa
3,208,MMLU,mistral:latest,44,48,in_attesa
3,209,SQuAD,phi3:mini,44,47,in_attesa
3,209,SQuAD,qwen2.5:7b,44,47,in_attesa
3,209,SQuAD,mistral:latest,44,48,in_attesa
3,210,GSM8K,phi3:mini,44,48,in_attesa
3,210,GSM8K,qwen2.5:7b,44,48,in_attesa
3,210,GSM8K,mistral:latest,44,47,in_attesa
3,211,HellaSwag,phi3:mini,44,48,in_attesa
3,211,HellaSwag,qwen2.5:7b,45,47,in_attesa
3,211,HellaSwag,mistral:latest,44,48,in_attesa
3,212,HellaSwag,phi3:mini,44,49,in_attesa
3,212,HellaSwag,qwen2.5:7b,45,49,in_attesa
3,212,HellaSwag,mistral:latest,44,50,in_attesa
3,213,HumanEval,phi3:mini,45,50,in_attesa
3,213,HumanEval,qwen2.5:7b,44,50,in_attesa
3,213,HumanEval,mistral:latest,45,51,in_attesa
3,214,SQuAD,phi3:mini,45,47,in_attesa
3,214,SQuAD,qwen2.5:7b,44,46,in_attesa
3,214,SQuAD,mistral:latest,44,47,in_attesa
3,215,HumanEval,phi3:mini,44,47,in_attesa
3,215,HumanEval,qwen2.5:7b,43,50,in_attesa
3,215,HumanEval,mistral:latest,45,50,in_attesa
3,216,HellaSwag,phi3:mini,44,49,in_attesa
3,216,HellaSwag,qwen2.5:7b,45,51,in_attesa
3,216,HellaSwag,mistral:latest,45,48,in_attesa
3,217,SQuAD,phi3:mini,45,47,in_attesa
3,217,SQuAD,qwen2.5:7b,44,48,in_attesa
3,217,SQuAD,mistral:latest,44,47,in_attesa
3,218,HumanEval,phi3:mini,44,49,in_attesa
3,218,HumanEval,qwen2.5:7b,45,51,in_attesa
3,218,HumanEval,mistral:latest,45,50,in_attesa
3,219,HumanEval,phi3:mini,44,49,in_attesa
3,219,HumanEval,qwen2.5:7b,45,51,in_attesa
3,219,HumanEval,mistral:latest,45,50,in_attesa
3,220,MMLU,phi3:mini,44,49,in_attesa
3,220,MMLU,qwen2.5:7b,45,49,in_attesa
3,220,MMLU,mistral:latest,45,49,in_attesa
3,221,SQuAD,phi3:mini,44,46,in_attesa
3,221,SQuAD,qwen2.5:7b,44,46,in_attesa
3,221,SQuAD,mistral:latest,43,45,in_attesa
3,222,HumanEval,phi3:mini,45,48,in_attesa
3,222,HumanEval,qwen2.5:7b,44,49,in_attesa
3,222,HumanEval,mistral:latest,45,49,in_attesa
3,223,MMLU,phi3:mini,45,49,in_attesa
3,223,MMLU,qwen2.5:7b,45,47,in_attesa
3,223,MMLU,mistral:latest,44,47,in_attesa
3,224,HellaSwag,phi3:mini,44,50,in_attesa
3,224,HellaSwag,qwen2.5:7b,45,49,in_attesa
3,224,HellaSwag,mistral:latest,45,51,in_attesa
3,225,GSM8K,phi3:mini,45,50,in_attesa
3,225,GSM8K,qwen2.5:7b,44,49,in_attesa
3,225,GSM8K,mistral:latest,45,49,in_attesa
3,226,HumanEval,phi3:mini,45,50,in_attesa
3,226,HumanEval,qwen2.5:7b,44,51,in_attesa
3,226,HumanEval,mistral:latest,45,48,in_attesa
3,227,MMLU,phi3:mini,45,48,in_attesa
3,227,MMLU,qwen2.5:7b,44,47,in_attesa
3,227,MMLU,mistral:latest,44,46,in_attesa
3,228,HellaSwag,phi3:mini,43,46,in_attesa
3,228,HellaSwag,qwen2.5:7b,43,47,in_attesa
3,228,HellaSwag,mistral:latest,43,47,in_attesa
3,229,GSM8K,phi3:mini,43,46,in_attesa
3,229,GSM8K,qwen2.5:7b,43,49,in_attesa
3,229,GSM8K,mistral:latest,44,50,in_attesa
3,230,HumanEval,phi3:mini,45,50,in_attesa
3,230,HumanEval,qwen2.5:7b,44,50,in_attesa
3,230,HumanEval,mistral:latest,44,49,in_attesa
3,231,HumanEval,phi3:mini,45,50,in_attesa
3,231,HumanEval,qwen2.5:7b,45,52,in_attesa
3,231,HumanEval,mistral:latest,45,51,in_attesa
3,232,HumanEval,phi3:mini,45,49,in_attesa
3,232,HumanEval,qwen2.5:7b,44,50,in_attesa
3,232,HumanEval,mistral:latest,45,50,in_attesa
3,233,SQuAD,phi3:mini,44,47,in_attesa
3,233,SQuAD,qwen2.5:7b,44,47,in_attesa
3,233,SQuAD,mistral:latest,44,47,in_attesa
3,234,HumanEval,phi3:mini,44,49,in_attesa
3,234,HumanEval,qwen2.5:7b,45,50,in_attesa
3,234,HumanEval,mistral:latest,45,50,in_attesa
3,235,GSM8K,phi3:mini,45,50,in_attesa
3,235,GSM8K,qwen2.5:7b,45,52,in_attesa
3,235,GSM8K,mistral:latest,45,50,in_attesa
3,236,HellaSwag,phi3:mini,45,50,in_attesa
3,236,HellaSwag,qwen2.5:7b,45,48,in_attesa
3,236,HellaSwag,mistral:latest,45,48,in_attesa
3,237,MMLU,phi3:mini,45,47,in_attesa
3,237,MMLU,qwen2.5:7b,44,49,in_attesa
3,237,MMLU,mistral:latest,45,48,in_attesa
3,238,HumanEval,phi3:mini,45,49,in_attesa
3,238,HumanEval,qwen2.5:7b,45,51,in_attesa
3,238,HumanEval,mistral:latest,45,50,in_attesa
3,239,GSM8K,phi3:mini,44,47,in_attesa
3,239,GSM8K,qwen2.5:7b,44,48,in_attesa
3,239,GSM8K,mistral:latest,45,49,in_attesa
3,240,SQuAD,phi3:mini,45,47,in_attesa
3,240,SQuAD,qwen2.5:7b,44,46,in_attesa
3,240,SQuAD,mistral:latest,44,47,in_attesa
3,241,HumanEval,phi3:mini,43,48,in_attesa
3,241,HumanEval,qwen2.5:7b,44,49,in_attesa
3,241,HumanEval,mistral:latest,45,49,in_attesa
3,242,MMLU,phi3:mini,44,47,in_attesa
3,242,MMLU,qwen2.5:7b,44,48,in_attesa
3,242,MMLU,mistral:latest,44,48,in_attesa
3,243,GSM8K,phi3:mini,44,49,in_attesa
3,243,GSM8K,qwen2.5:7b,45,50,in_attesa
3,243,GSM8K,mistral:latest,45,49,in_attesa
3,244,SQuAD,phi3:mini,45,48,in_attesa
3,244,SQuAD,qwen2.5:7b,44,47,in_attesa
3,244,SQuAD,mistral:latest,44,46,in_attesa
3,245,SQuAD,phi3:mini,43,47,in_attesa
3,245,SQuAD,qwen2.5:7b,43,46,in_attesa
3,245,SQuAD,mistral:latest,43,46,in_attesa
3,246,SQuAD,phi3:mini,43,46,in_attesa
3,246,SQuAD,qwen2.5:7b,43,46,in_attesa
3,246,SQuAD,mistral:latest,43,46,in_attesa
3,247,MMLU,phi3:mini,43,46,in_attesa
3,247,MMLU,qwen2.5:7b,43,46,in_attesa
3,247,MMLU,mistral:latest,43,47,in_attesa
3,248,HumanEval,phi3:mini,44,48,in_attesa
3,248,HumanEval,qwen2.5:7b,45,50,in_attesa
3,248,HumanEval,mistral:latest,44,48,in_attesa
3,249,GSM8K,phi3:mini,45,47,in_attesa
3,249,GSM8K,qwen2.5:7b,44,47,in_attesa
3,249,GSM8K,mistral:latest,44,48,in_attesa
3,250,GSM8K,phi3:mini,44,50,in_attesa
3,250,GSM8K,qwen2.5:7b,45,49,in_attesa
3,250,GSM8K,mistral:latest,44,48,in_attesa
3,251,SQuAD,phi3:mini,44,47,in_attesa
3,251,SQuAD,qwen2.5:7b,44,48,in_attesa
3,251,SQuAD,mistral:latest,45,48,in_attesa
3,252,HumanEval,phi3:mini,45,48,in_attesa
3,252,HumanEval,qwen2.5:7b,44,52,in_attesa
3,252,HumanEval,mistral:latest,45,49,in_attesa
3,253,HumanEval,phi3:mini,45,49,in_attesa
3,253,HumanEval,qwen2.5:7b,44,49,in_attesa
3,253,HumanEval,mistral:latest,45,51,in_attesa
3,254,HumanEval,phi3:mini,45,49,in_attesa
3,254,HumanEval,qwen2.5:7b,45,50,in_attesa
3,254,HumanEval,mistral:latest,44,50,in_attesa
3,255,HumanEval,phi3:mini,44,47,in_attesa
3,255,HumanEval,qwen2.5:7b,44,50,in_attesa
3,255,HumanEval,mistral:latest,45,49,in_attesa
3,256,GSM8K,phi3:mini,45,49,in_attesa
3,256,GSM8K,qwen2.5:7b,45,50,in_attesa
3,256,GSM8K,mistral:latest,44,50,in_attesa
3,257,SQuAD,phi3:mini,44,46,in_attesa
3,257,SQuAD,qwen2.5:7b,44,46,in_attesa
3,257,SQuAD,mistral:latest,43,45,in_attesa
3,258,HumanEval,phi3:mini,45,49,in_attesa
3,258,HumanEval,qwen2.5:7b,45,51,in_attesa
3,258,HumanEval,mistral:latest,45,49,in_attesa
3,259,GSM8K,phi3:mini,45,51,in_attesa
3,259,GSM8K,qwen2.5:7b,44,48,in_attesa
3,259,GSM8K,mistral:latest,44,48,in_attesa
3,260,SQuAD,phi3:mini,44,47,in_attesa
3,260,SQuAD,qwen2.5:7b,44,47,in_attesa
3,260,SQuAD,mistral:latest,44,46,in_attesa
3,261,GSM8K,phi3:mini,43,49,in_attesa
3,261,GSM8K,qwen2.5:7b,44,49,in_attesa
3,261,GSM8K,mistral:latest,45,50,in_attesa
3,262,HellaSwag,phi3:mini,44,49,in_attesa
3,262,HellaSwag,qwen2.5:7b,45,48,in_attesa
3,262,HellaSwag,mistral:latest,44,48,in_attesa
3,263,MMLU,phi3:mini,45,47,in_attesa
3,263,MMLU,qwen2.5:7b,44,47,in_attesa
3,263,MMLU,mistral:latest,44,49,in_attesa
3,264,SQuAD,phi3:mini,44,48,in_attesa
3,264,SQuAD,qwen2.5:7b,45,47,in_attesa
3,264,SQuAD,mistral:latest,44,47,in_attesa
3,265,MMLU,phi3:mini,44,47,in_attesa
3,265,MMLU,qwen2.5:7b,44,49,in_attesa
3,265,MMLU,mistral:latest,45,48,in_attesa
3,266,HumanEval,phi3:mini,45,47,in_attesa
3,266,HumanEval,qwen2.5:7b,44,49,in_attesa
3,266,HumanEval,mistral:latest,45,48,in_attesa
3,267,HumanEval,phi3:mini,45,49,in_attesa
3,267,HumanEval,qwen2.5:7b,45,52,in_attesa
3,267,HumanEval,mistral:latest,45,51,in_attesa
3,268,HellaSwag,phi3:mini,45,50,in_attesa
3,268,HellaSwag,qwen2.5:7b,44,48,in_attesa
3,268,HellaSwag,mistral:latest,44,48,in_attesa
3,269,HellaSwag,phi3:mini,45,47,in_attesa
3,269,HellaSwag,qwen2.5:7b,44,48,in_attesa
3,269,HellaSwag,mistral:latest,44,51,in_attesa
3,270,MMLU,phi3:mini,45,50,in_attesa
3,270,MMLU,qwen2.5:7b,45,49,in_attesa
3,270,MMLU,mistral:latest,45,48,in_attesa
3,271,GSM8K,phi3:mini,45,50,in_attesa
3,271,GSM8K,qwen2.5:7b,44,48,in_attesa
3,271,GSM8K,mistral:latest,45,49,in_attesa
3,272,HellaSwag,phi3:mini,45,49,in_attesa
3,272,HellaSwag,qwen2.5:7b,45,49,in_attesa
3,272,HellaSwag,mistral:latest,45,50,in_attesa
3,273,GSM8K,phi3:mini,44,49,in_attesa
3,273,GSM8K,qwen2.5:7b,45,49,in_attesa
3,273,GSM8K,mistral:latest,45,49,in_attesa
3,274,HellaSwag,phi3:mini,45,49,in_attesa
3,274,HellaSwag,qwen2.5:7b,45,49,in_attesa
3,274,HellaSwag,mistral:latest,45,49,in_attesa
3,275,MMLU,phi3:mini,45,47,in_attesa
3,275,MMLU,qwen2.5:7b,44,47,in_attesa
3,275,MMLU,mistral:latest,44,46,in_attesa
3,276,SQuAD,phi3:mini,43,46,in_attesa
3,276,SQuAD,qwen2.5:7b,43,46,in_attesa
3,276,SQuAD,mistral:latest,43,46,in_attesa
3,277,SQuAD,phi3:mini,43,46,in_attesa
3,277,SQuAD,qwen2.5:7b,43,46,in_attesa
3,277,SQuAD,mistral:latest,43,46,in_attesa
3,278,SQuAD,phi3:mini,43,45,in_attesa
3,278,SQuAD,qwen2.5:7b,45,47,in_attesa
3,278,SQuAD,mistral:latest,44,47,in_attesa
3,279,HellaSwag,phi3:mini,44,49,in_attesa
3,279,HellaSwag,qwen2.5:7b,45,49,in_attesa
3,279,HellaSwag,mistral:latest,44,48,in_attesa
3,280,HellaSwag,phi3:mini,44,49,in_attesa
3,280,HellaSwag,qwen2.5:7b,45,48,in_attesa
3,280,HellaSwag,mistral:latest,45,48,in_attesa
3,281,GSM8K,phi3:mini,44,47,in_attesa
3,281,GSM8K,qwen2.5:7b,44,48,in_attesa
3,281,GSM8K,mistral:latest,44,47,in_attesa
3,282,GSM8K,phi3:mini,44,48,in_attesa
3,282,GSM8K,qwen2.5:7b,45,49,in_attesa
3,282,GSM8K,mistral:latest,45,49,in_attesa
3,283,HellaSwag,phi3:mini,45,48,in_attesa
3,283,HellaSwag,qwen2.5:7b,45,47,in_attesa
3,283,HellaSwag,mistral:latest,44,47,in_attesa
3,284,HellaSwag,phi3:mini,44,46,in_attesa
3,284,HellaSwag,qwen2.5:7b,43,48,in_attesa
3,284,HellaSwag,mistral:latest,45,48,in_attesa
3,285,HellaSwag,phi3:mini,44,49,in_attesa
3,285,HellaSwag,qwen2.5:7b,45,49,in_attesa
3,285,HellaSwag,mistral:latest,45,49,in_attesa
3,286,HellaSwag,phi3:mini,44,47,in_attesa
3,286,HellaSwag,qwen2.5:7b,44,47,in_attesa
3,286,HellaSwag,mistral:latest,44,49,in_attesa
3,287,HellaSwag,phi3:mini,44,49,in_attesa
3,287,HellaSwag,qwen2.5:7b,45,48,in_attesa
3,287,HellaSwag,mistral:latest,44,48,in_attesa
3,288,MMLU,phi3:mini,44,48,in_attesa
3,288,MMLU,qwen2.5:7b,44,48,in_attesa
3,288,MMLU,mistral:latest,44,47,in_attesa
3,289,SQuAD,phi3:mini,44,46,in_attesa
3,289,SQuAD,qwen2.5:7b,43,46,in_attesa
3,289,SQuAD,mistral:latest,43,47,in_attesa
3,290,SQuAD,phi3:mini,43,47,in_attesa
3,290,SQuAD,qwen2.5:7b,44,46,in_attesa
3,290,SQuAD,mistral:latest,43,46,in_attesa
3,291,MMLU,phi3:mini,43,48,in_attesa
3,291,MMLU,qwen2.5:7b,45,49,in_attesa
3,291,MMLU,mistral:latest,45,48,in_attesa
3,292,MMLU,phi3:mini,45,47,in_attesa
3,292,MMLU,qwen2.5:7b,44,48,in_attesa
3,292,MMLU,mistral:latest,44,48,in_attesa
3,293,SQuAD,phi3:mini,43,46,in_attesa
3,293,SQuAD,qwen2.5:7b,43,46,in_attesa
3,293,SQuAD,mistral:latest,43,45,in_attesa
3,294,HumanEval,phi3:mini,45,48,in_attesa
3,294,HumanEval,qwen2.5:7b,45,50,in_attesa
3,294,HumanEval,mistral:latest,44,49,in_attesa
3,295,SQuAD,phi3:mini,45,47,in_attesa
3,295,SQuAD,qwen2.5:7b,44,46,in_attesa
3,295,SQuAD,mistral:latest,43,46,in_attesa
3,296,MMLU,phi3:mini,45,49,in_attesa
3,296,MMLU,qwen2.5:7b,45,49,in_attesa
3,296,MMLU,mistral:latest,45,50,in_attesa
3,297,HumanEval,phi3:mini,45,49,in_attesa
3,297,HumanEval,qwen2.5:7b,45,50,in_attesa
3,297,HumanEval,mistral:latest,45,51,in_attesa
3,298,HellaSwag,phi3:mini,44,48,in_attesa
3,298,HellaSwag,qwen2.5:7b,44,47,in_attesa
3,298,HellaSwag,mistral:latest,44,47,in_attesa
3,299,GSM8K,phi3:mini,43,48,in_attesa
3,299,GSM8K,qwen2.5:7b,44,49,in_attesa
3,299,GSM8K,mistral:latest,45,49,in_attesa
3,300,MMLU,phi3:mini,45,49,in_attesa
3,300,MMLU,qwen2.5:7b,45,51,in_attesa
3,300,MMLU,mistral:latest,45,49,in_attesa
3,301,GSM8K,phi3:mini,45,49,in_attesa
3,301,GSM8K,qwen2.5:7b,45,49,in_attesa
3,301,GSM8K,mistral:latest,45,50,in_attesa
3,302,GSM8K,phi3:mini,45,49,in_attesa
3,302,GSM8K,qwen2.5:7b,45,48,in_attesa
3,302,GSM8K,mistral:latest,45,48,in_attesa
3,303,HellaSwag,phi3:mini,44,48,in_attesa
3,303,HellaSwag,qwen2.5:7b,45,49,in_attesa
3,303,HellaSwag,mistral:latest,44,48,in_attesa
3,304,HellaSwag,phi3:mini,45,48,in_attesa
3,304,HellaSwag,qwen2.5:7b,45,48,in_attesa
3,304,HellaSwag,mistral:latest,45,47,in_attesa
3,305,MMLU,phi3:mini,44,47,in_attesa
3,305,MMLU,qwen2.5:7b,44,47,in_attesa
3,305,MMLU,mistral:latest,44,47,in_attesa
3,306,SQuAD,phi3:mini,44,46,in_attesa
3,306,SQuAD,qwen2.5:7b,43,46,in_attesa
3,306,SQuAD,mistral:latest,43,46,in_attesa
3,307,GSM8K,phi3:mini,43,48,in_attesa
3,307,GSM8K,qwen2.5:7b,44,47,in_attesa
3,307,GSM8K,mistral:latest,44,47,in_attesa
3,308,HellaSwag,phi3:mini,44,48,in_attesa
3,308,HellaSwag,qwen2.5:7b,45,50,in_attesa
3,308,HellaSwag,mistral:latest,45,49,in_attesa
3,309,MMLU,phi3:mini,45,50,in_attesa
3,309,MMLU,qwen2.5:7b,44,50,in_attesa
3,309,MMLU,mistral:latest,44,49,in_attesa
3,310,SQuAD,phi3:mini,45,48,in_attesa
3,310,SQuAD,qwen2.5:7b,44,47,in_attesa
3,310,SQuAD,mistral:latest,44,47,in_attesa
3,311,SQuAD,phi3:mini,43,47,in_attesa
3,311,SQuAD,qwen2.5:7b,43,47,in_attesa
3,311,SQuAD,mistral:latest,44,48,in_attesa
3,312,MMLU,phi3:mini,45,48,in_attesa
3,312,MMLU,qwen2.5:7b,44,47,in_attesa
3,312,MMLU,mistral:latest,44,46,in_attesa
3,313,GSM8K,phi3:mini,43,46,in_attesa
3,313,GSM8K,qwen2.5:7b,43,48,in_attesa
3,313,GSM8K,mistral:latest,45,48,in_attesa
3,314,HellaSwag,phi3:mini,44,49,in_attesa
3,314,HellaSwag,qwen2.5:7b,45,49,in_attesa
3,314,HellaSwag,mistral:latest,45,51,in_attesa
3,315,HumanEval,phi3:mini,45,48,in_attesa
3,315,HumanEval,qwen2.5:7b,45,50,in_attesa
3,315,HumanEval,mistral:latest,44,50,in_attesa
3,316,HellaSwag,phi3:mini,44,48,in_attesa
3,316,HellaSwag,qwen2.5:7b,44,46,in_attesa
3,316,HellaSwag,mistral:latest,43,46,in_attesa
3,317,HellaSwag,phi3:mini,43,47,in_attesa
3,317,HellaSwag,qwen2.5:7b,44,49,in_attesa
3,317,HellaSwag,mistral:latest,45,48,in_attesa
3,318,GSM8K,phi3:mini,44,47,in_attesa
3,318,GSM8K,qwen2.5:7b,44,49,in_attesa
3,318,GSM8K,mistral:latest,44,49,in_attesa
3,319,MMLU,phi3:mini,44,47,in_attesa
3,319,MMLU,qwen2.5:7b,44,46,in_attesa
3,319,MMLU,mistral:latest,43,46,in_attesa
3,320,SQuAD,phi3:mini,43,47,in_attesa
3,320,SQuAD,qwen2.5:7b,43,46,in_attesa
3,320,SQuAD,mistral:latest,43,45,in_attesa
3,321,MMLU,phi3:mini,45,46,in_attesa
3,321,MMLU,qwen2.5:7b,43,46,in_attesa
3,321,MMLU,mistral:latest,43,46,in_attesa
3,322,SQuAD,phi3:mini,43,45,in_attesa
3,322,SQuAD,qwen2.5:7b,45,46,in_attesa
3,322,SQuAD,mistral:latest,43,45,in_attesa
3,323,HumanEval,phi3:mini,45,48,in_attesa
3,323,HumanEval,qwen2.5:7b,45,51,in_attesa
3,323,HumanEval,mistral:latest,45,50,in_attesa
3,324,MMLU,phi3:mini,44,47,in_attesa
3,324,MMLU,qwen2.5:7b,44,47,in_attesa
3,324,MMLU,mistral:latest,44,47,in_attesa
3,325,HumanEval,phi3:mini,44,48,in_attesa
3,325,HumanEval,qwen2.5:7b,44,50,in_attesa
3,325,HumanEval,mistral:latest,44,48,in_attesa
3,326,MMLU,phi3:mini,45,49,in_attesa
3,326,MMLU,qwen2.5:7b,45,50,in_attesa
3,326,MMLU,mistral:latest,44,48,in_attesa
3,327,SQuAD,phi3:mini,45,48,in_attesa
3,327,SQuAD,qwen2.5:7b,44,47,in_attesa
3,327,SQuAD,mistral:latest,44,47,in_attesa
3,328,HumanEval,phi3:mini,43,49,in_attesa
3,328,HumanEval,qwen2.5:7b,44,49,in_attesa
3,328,HumanEval,mistral:latest,44,49,in_attesa
3,329,HumanEval,phi3:mini,45,49,in_attesa
3,329,HumanEval,qwen2.5:7b,45,51,in_attesa
3,329,HumanEval,mistral:latest,45,51,in_attesa
3,330,HumanEval,phi3:mini,45,48,in_attesa
3,330,HumanEval,qwen2.5:7b,44,51,in_attesa
3,330,HumanEval,mistral:latest,44,50,in_attesa
3,331,HellaSwag,phi3:mini,44,49,in_attesa
3,331,HellaSwag,qwen2.5:7b,44,49,in_attesa
3,331,HellaSwag,mistral:latest,45,49,in_attesa
3,332,HumanEval,phi3:mini,45,50,in_attesa
3,332,HumanEval,qwen2.5:7b,45,52,in_attesa
3,332,HumanEval,mistral:latest,45,50,in_attesa
3,333,HumanEval,phi3:mini,45,49,in_attesa
3,333,HumanEval,qwen2.5:7b,45,51,in_attesa
3,333,HumanEval,mistral:latest,45,50,in_attesa
3,334,MMLU,phi3:mini,44,47,in_attesa
3,334,MMLU,qwen2.5:7b,44,47,in_attesa
3,334,MMLU,mistral:latest,43,46,in_attesa
3,335,MMLU,phi3:mini,43,46,in_attesa
3,335,MMLU,qwen2.5:7b,43,49,in_attesa
3,335,MMLU,mistral:latest,45,49,in_attesa
3,336,SQuAD,phi3:mini,45,48,in_attesa
3,336,SQuAD,qwen2.5:7b,44,46,in_attesa
3,336,SQuAD,mistral:latest,43,46,in_attesa
3,337,GSM8K,phi3:mini,43,49,in_attesa
3,337,GSM8K,qwen2.5:7b,44,49,in_attesa
3,337,GSM8K,mistral:latest,45,49,in_attesa
3,338,SQuAD,phi3:mini,45,51,in_attesa
3,338,SQuAD,qwen2.5:7b,45,48,in_attesa
3,338,SQuAD,mistral:latest,44,48,in_attesa
3,339,SQuAD,phi3:mini,44,47,in_attesa
3,339,SQuAD,qwen2.5:7b,44,46,in_attesa
3,339,SQuAD,mistral:latest,43,45,in_attesa
3,340,HumanEval,phi3:mini,45,47,in_attesa
3,340,HumanEval,qwen2.5:7b,43,49,in_attesa
3,340,HumanEval,mistral:latest,44,49,in_attesa
3,341,GSM8K,phi3:mini,45,48,in_attesa
3,341,GSM8K,qwen2.5:7b,44,50,in_attesa
3,341,GSM8K,mistral:latest,44,48,in_attesa
3,342,GSM8K,phi3:mini,44,49,in_attesa
3,342,GSM8K,qwen2.5:7b,45,50,in_attesa
3,342,GSM8K,mistral:latest,44,49,in_attesa
3,343,MMLU,phi3:mini,45,47,in_attesa
3,343,MMLU,qwen2.5:7b,44,47,in_attesa
3,343,MMLU,mistral:latest,44,48,in_attesa
3,344,HellaSwag,phi3:mini,44,47,in_attesa
3,344,HellaSwag,qwen2.5:7b,44,47,in_attesa
3,344,HellaSwag,mistral:latest,43,47,in_attesa
3,345,HumanEval,phi3:mini,43,48,in_attesa
3,345,HumanEval,qwen2.5:7b,44,50,in_attesa
3,345,HumanEval,mistral:latest,44,48,in_attesa
3,346,HumanEval,phi3:mini,44,49,in_attesa
3,346,HumanEval,qwen2.5:7b,45,52,in_attesa
3,346,HumanEval,mistral:latest,45,49,in_attesa
3,347,HumanEval,phi3:mini,45,50,in_attesa
3,347,HumanEval,qwen2.5:7b,44,49,in_attesa
3,347,HumanEval,mistral:latest,45,50,in_attesa
3,348,MMLU,phi3:mini,45,49,in_attesa
3,348,MMLU,qwen2.5:7b,45,50,in_attesa
3,348,MMLU,mistral:latest,45,47,in_attesa
3,349,MMLU,phi3:mini,44,48,in_attesa
3,349,MMLU,qwen2.5:7b,44,48,in_attesa
3,349,MMLU,mistral:latest,44,47,in_attesa
3,350,MMLU,phi3:mini,44,47,in_attesa
3,350,MMLU,qwen2.5:7b,43,47,in_attesa
3,350,MMLU,mistral:latest,43,46,in_attesa
3,351,MMLU,phi3:mini,43,46,in_attesa
3,351,MMLU,qwen2.5:7b,43,46,in_attesa
3,351,MMLU,mistral:latest,43,46,in_attesa
3,352,SQuAD,phi3:mini,43,45,in_attesa
3,352,SQuAD,qwen2.5:7b,45,46,in_attesa
3,352,SQuAD,mistral:latest,43,46,in_attesa
3,353,SQuAD,phi3:mini,43,46,in_attesa
3,353,SQuAD,qwen2.5:7b,42,45,in_attesa
3,353,SQuAD,mistral:latest,45,46,in_attesa
3,354,MMLU,phi3:mini,45,46,in_attesa
3,354,MMLU,qwen2.5:7b,43,46,in_attesa
3,354,MMLU,mistral:latest,43,46,in_attesa
3,355,HellaSwag,phi3:mini,43,47,in_attesa
3,355,HellaSwag,qwen2.5:7b,43,49,in_attesa
3,355,HellaSwag,mistral:latest,45,47,in_attesa
3,356,HumanEval,phi3:mini,44,49,in_attesa
3,356,HumanEval,qwen2.5:7b,45,51,in_attesa
3,356,HumanEval,mistral:latest,44,49,in_attesa
3,357,SQuAD,phi3:mini,45,47,in_attesa
3,357,SQuAD,qwen2.5:7b,44,46,in_attesa
3,357,SQuAD,mistral:latest,43,45,in_attesa
3,358,SQuAD,phi3:mini,45,46,in_attesa
3,358,SQuAD,qwen2.5:7b,43,46,in_attesa
3,358,SQuAD,mistral:latest,43,47,in_attesa
3,359,SQuAD,phi3:mini,45,46,in_attesa
3,359,SQuAD,qwen2.5:7b,43,46,in_attesa
3,359,SQuAD,mistral:latest,45,46,in_attesa
3,360,SQuAD,phi3:mini,43,46,in_attesa
3,360,SQuAD,qwen2.5:7b,43,46,in_attesa
3,360,SQuAD,mistral:latest,43,46,in_attesa
3,361,GSM8K,phi3:mini,42,48,in_attesa
3,361,GSM8K,qwen2.5:7b,44,51,in_attesa
3,361,GSM8K,mistral:latest,44,50,in_attesa
3,362,SQuAD,phi3:mini,44,47,in_attesa
3,362,SQuAD,qwen2.5:7b,43,46,in_attesa
3,362,SQuAD,mistral:latest,43,46,in_attesa
3,363,HumanEval,phi3:mini,43,48,in_attesa
3,363,HumanEval,qwen2.5:7b,44,49,in_attesa
3,363,HumanEval,mistral:latest,45,49,in_attesa
3,364,GSM8K,phi3:mini,45,49,in_attesa
3,364,GSM8K,qwen2.5:7b,45,50,in_attesa
3,364,GSM8K,mistral:latest,44,49,in_attesa
3,365,HumanEval,phi3:mini,45,49,in_attesa
3,365,HumanEval,qwen2.5:7b,44,49,in_attesa
3,365,HumanEval,mistral:latest,45,51,in_attesa
3,366,HumanEval,phi3:mini,44,49,in_attesa
3,366,HumanEval,qwen2.5:7b,45,49,in_attesa
3,366,HumanEval,mistral:latest,45,49,in_attesa
3,367,MMLU,phi3:mini,45,48,in_attesa
3,367,MMLU,qwen2.5:7b,45,48,in_attesa
3,367,MMLU,mistral:latest,44,47,in_attesa
3,368,SQuAD,phi3:mini,43,46,in_attesa
3,368,SQuAD,qwen2.5:7b,43,45,in_attesa
3,368,SQuAD,mistral:latest,45,46,in_attesa
3,369,HellaSwag,phi3:mini,43,46,in_attesa
3,369,HellaSwag,qwen2.5:7b,43,47,in_attesa
3,369,HellaSwag,mistral:latest,43,46,in_attesa
3,370,SQuAD,phi3:mini,43,46,in_attesa
3,370,SQuAD,qwen2.5:7b,43,45,in_attesa
3,370,SQuAD,mistral:latest,45,46,in_attesa
3,371,SQuAD,phi3:mini,43,46,in_attesa
3,371,SQuAD,qwen2.5:7b,43,46,in_attesa
3,371,SQuAD,mistral:latest,45,46,in_attesa
3,372,HellaSwag,phi3:mini,43,47,in_attesa
3,372,HellaSwag,qwen2.5:7b,43,47,in_attesa
3,372,HellaSwag,mistral:latest,43,46,in_attesa
3,373,HellaSwag,phi3:mini,45,47,in_attesa
3,373,HellaSwag,qwen2.5:7b,44,46,in_attesa
3,373,HellaSwag,mistral:latest,43,47,in_attesa
3,374,HellaSwag,phi3:mini,43,46,in_attesa
3,374,HellaSwag,qwen2.5:7b,43,46,in_attesa
3,374,HellaSwag,mistral:latest,43,46,in_attesa
3,375,HellaSwag,phi3:mini,43,47,in_attesa
3,375,HellaSwag,qwen2.5:7b,44,46,in_attesa
3,375,HellaSwag,mistral:latest,43,46,in_attesa
3,376,SQuAD,phi3:mini,43,46,in_attesa
3,376,SQuAD,qwen2.5:7b,42,45,in_attesa
3,376,SQuAD,mistral:latest,45,45,in_attesa
3,377,GSM8K,phi3:mini,45,48,in_attesa
3,377,GSM8K,qwen2.5:7b,45,49,in_attesa
3,377,GSM8K,mistral:latest,45,49,in_attesa
3,378,MMLU,phi3:mini,44,48,in_attesa
3,378,MMLU,qwen2.5:7b,44,46,in_attesa
3,378,MMLU,mistral:latest,43,48,in_attesa
3,379,GSM8K,phi3:mini,44,47,in_attesa
3,379,GSM8K,qwen2.5:7b,44,51,in_attesa
3,379,GSM8K,mistral:latest,44,49,in_attesa
3,380,SQuAD,phi3:mini,45,47,in_attesa
3,380,SQuAD,qwen2.5:7b,44,48,in_attesa
3,380,SQuAD,mistral:latest,44,47,in_attesa
3,381,GSM8K,phi3:mini,44,46,in_attesa
3,381,GSM8K,qwen2.5:7b,43,48,in_attesa
3,381,GSM8K,mistral:latest,45,48,in_attesa
3,382,HumanEval,phi3:mini,44,49,in_attesa
3,382,HumanEval,qwen2.5:7b,45,51,in_attesa
3,382,HumanEval,mistral:latest,45,51,in_attesa
3,383,GSM8K,phi3:mini,44,47,in_attesa
3,383,GSM8K,qwen2.5:7b,44,48,in_attesa
3,383,GSM8K,mistral:latest,44,47,in_attesa
3,384,MMLU,phi3:mini,43,46,in_attesa
3,384,MMLU,qwen2.5:7b,43,46,in_attesa
3,384,MMLU,mistral:latest,43,46,in_attesa
3,385,GSM8K,phi3:mini,43,46,in_attesa
3,385,GSM8K,qwen2.5:7b,43,48,in_attesa
3,385,GSM8K,mistral:latest,44,48,in_attesa
3,386,HellaSwag,phi3:mini,45,47,in_attesa
3,386,HellaSwag,qwen2.5:7b,44,47,in_attesa
3,386,HellaSwag,mistral:latest,44,47,in_attesa
3,387,HumanEval,phi3:mini,44,48,in_attesa
3,387,HumanEval,qwen2.5:7b,44,49,in_attesa
3,387,HumanEval,mistral:latest,45,49,in_attesa
3,388,SQuAD,phi3:mini,44,47,in_attesa
3,388,SQuAD,qwen2.5:7b,44,46,in_attesa
3,388,SQuAD,mistral:latest,43,45,in_attesa
3,389,HellaSwag,phi3:mini,45,49,in_attesa
3,389,HellaSwag,qwen2.5:7b,45,49,in_attesa
3,389,HellaSwag,mistral:latest,45,50,in_attesa
3,390,HumanEval,phi3:mini,45,50,in_attesa
3,390,HumanEval,qwen2.5:7b,44,51,in_attesa
3,390,HumanEval,mistral:latest,45,50,in_attesa
3,391,GSM8K,phi3:mini,44,47,in_attesa
3,391,GSM8K,qwen2.5:7b,44,48,in_attesa
3,391,GSM8K,mistral:latest,44,47,in_attesa
3,392,HumanEval,phi3:mini,44,50,in_attesa
3,392,HumanEval,qwen2.5:7b,44,51,in_attesa
3,392,HumanEval,mistral:latest,45,51,in_attesa
3,393,SQuAD,phi3:mini,45,49,in_attesa
3,393,SQuAD,qwen2.5:7b,45,47,in_attesa
3,393,SQuAD,mistral:latest,44,46,in_attesa
3,394,HumanEval,phi3:mini,43,46,in_attesa
3,394,HumanEval,qwen2.5:7b,43,48,in_attesa
3,394,HumanEval,mistral:latest,44,49,in_attesa
3,395,HumanEval,phi3:mini,44,48,in_attesa
3,395,HumanEval,qwen2.5:7b,44,50,in_attesa
3,395,HumanEval,mistral:latest,45,49,in_attesa
3,396,HumanEval,phi3:mini,44,49,in_attesa
3,396,HumanEval,qwen2.5:7b,45,51,in_attesa
3,396,HumanEval,mistral:latest,45,51,in_attesa
3,397,SQuAD,phi3:mini,45,47,in_attesa
3,397,SQuAD,qwen2.5:7b,44,46,in_attesa
3,397,SQuAD,mistral:latest,44,47,in_attesa
3,398,MMLU,phi3:mini,44,48,in_attesa
3,398,MMLU,qwen2.5:7b,43,49,in_attesa
3,398,MMLU,mistral:latest,45,49,in_attesa
3,399,HumanEval,phi3:mini,44,48,in_attesa
3,399,HumanEval,qwen2.5:7b,44,51,in_attesa
3,399,HumanEval,mistral:latest,45,49,in_attesa
3,400,HellaSwag,phi3:mini,45,50,in_attesa
3,400,HellaSwag,qwen2.5:7b,45,48,in_attesa
3,400,HellaSwag,mistral:latest,45,48,in_attesa
3,401,MMLU,phi3:mini,44,48,in_attesa
3,401,MMLU,qwen2.5:7b,45,48,in_attesa
3,401,MMLU,mistral:latest,45,50,in_attesa
3,402,HellaSwag,phi3:mini,45,49,in_attesa
3,402,HellaSwag,qwen2.5:7b,45,48,in_attesa
3,402,HellaSwag,mistral:latest,44,46,in_attesa
3,403,HellaSwag,phi3:mini,44,47,in_attesa
3,403,HellaSwag,qwen2.5:7b,44,47,in_attesa
3,403,HellaSwag,mistral:latest,44,46,in_attesa
3,404,HumanEval,phi3:mini,43,48,in_attesa
3,404,HumanEval,qwen2.5:7b,44,49,in_attesa
3,404,HumanEval,mistral:latest,45,50,in_attesa
3,405,GSM8K,phi3:mini,44,49,in_attesa
3,405,GSM8K,qwen2.5:7b,45,49,in_attesa
3,405,GSM8K,mistral:latest,45,49,in_attesa
3,406,HellaSwag,phi3:mini,45,49,in_attesa
3,406,HellaSwag,qwen2.5:7b,45,47,in_attesa
3,406,HellaSwag,mistral:latest,44,48,in_attesa
3,407,GSM8K,phi3:mini,44,49,in_attesa
3,407,GSM8K,qwen2.5:7b,45,49,in_attesa
3,407,GSM8K,mistral:latest,45,49,in_attesa
3,408,GSM8K,phi3:mini,45,48,in_attesa
3,408,GSM8K,qwen2.5:7b,44,49,in_attesa
3,408,GSM8K,mistral:latest,45,49,in_attesa
3,409,GSM8K,phi3:mini,45,49,in_attesa
3,409,GSM8K,qwen2.5:7b,44,49,in_attesa
3,409,GSM8K,mistral:latest,45,50,in_attesa
3,410,MMLU,phi3:mini,45,49,in_attesa
3,410,MMLU,qwen2.5:7b,45,50,in_attesa
3,410,MMLU,mistral:latest,44,48,in_attesa
3,411,GSM8K,phi3:mini,45,50,in_attesa
3,411,GSM8K,qwen2.5:7b,45,51,in_attesa
3,411,GSM8K,mistral:latest,45,50,in_attesa
3,412,HellaSwag,phi3:mini,44,50,in_attesa
3,412,HellaSwag,qwen2.5:7b,45,50,in_attesa
3,412,HellaSwag,mistral:latest,44,49,in_attesa
3,413,SQuAD,phi3:mini,45,48,in_attesa
3,413,SQuAD,qwen2.5:7b,44,47,in_attesa
3,413,SQuAD,mistral:latest,44,47,in_attesa
3,414,HumanEval,phi3:mini,43,49,in_attesa
3,414,HumanEval,qwen2.5:7b,44,50,in_attesa
3,414,HumanEval,mistral:latest,45,52,in_attesa
3,415,HumanEval,phi3:mini,45,49,in_attesa
3,415,HumanEval,qwen2.5:7b,45,51,in_attesa
3,415,HumanEval,mistral:latest,45,50,in_attesa
3,416,MMLU,phi3:mini,44,48,in_attesa
3,416,MMLU,qwen2.5:7b,44,47,in_attesa
3,416,MMLU,mistral:latest,44,47,in_attesa
3,417,HumanEval,phi3:mini,44,48,in_attesa
3,417,HumanEval,qwen2.5:7b,45,50,in_attesa
3,417,HumanEval,mistral:latest,44,49,in_attesa
3,418,HumanEval,phi3:mini,44,49,in_attesa
3,418,HumanEval,qwen2.5:7b,45,51,in_attesa
3,418,HumanEval,mistral:latest,45,51,in_attesa
3,419,GSM8K,phi3:mini,45,49,in_attesa
3,419,GSM8K,qwen2.5:7b,45,50,in_attesa
3,419,GSM8K,mistral:latest,44,48,in_attesa
3,420,HellaSwag,phi3:mini,44,49,in_attesa
3,420,HellaSwag,qwen2.5:7b,45,49,in_attesa
3,420,HellaSwag,mistral:latest,45,49,in_attesa
3,421,GSM8K,phi3:mini,45,49,in_attesa
3,421,GSM8K,qwen2.5:7b,44,49,in_attesa
3,421,GSM8K,mistral:latest,45,49,in_attesa
3,422,HellaSwag,phi3:mini,45,49,in_attesa
3,422,HellaSwag,qwen2.5:7b,44,49,in_attesa
3,422,HellaSwag,mistral:latest,44,48,in_attesa
3,423,MMLU,phi3:mini,44,47,in_attesa
3,423,MMLU,qwen2.5:7b,44,48,in_attesa
3,423,MMLU,mistral:latest,44,47,in_attesa
3,424,MMLU,phi3:mini,44,49,in_attesa
3,424,MMLU,qwen2.5:7b,44,48,in_attesa
3,424,MMLU,mistral:latest,44,47,in_attesa
3,425,HellaSwag,phi3:mini,43,48,in_attesa
3,425,HellaSwag,qwen2.5:7b,44,49,in_attesa
3,425,HellaSwag,mistral:latest,45,49,in_attesa
3,426,MMLU,phi3:mini,45,48,in_attesa
3,426,MMLU,qwen2.5:7b,44,49,in_attesa
3,426,MMLU,mistral:latest,45,48,in_attesa
3,427,SQuAD,phi3:mini,44,48,in_attesa
3,427,SQuAD,qwen2.5:7b,44,47,in_attesa
3,427,SQuAD,mistral:latest,43,46,in_attesa
3,428,GSM8K,phi3:mini,43,48,in_attesa
3,428,GSM8K,qwen2.5:7b,44,48,in_attesa
3,428,GSM8K,mistral:latest,44,48,in_attesa
3,429,HellaSwag,phi3:mini,45,49,in_attesa
3,429,HellaSwag,qwen2.5:7b,45,49,in_attesa
3,429,HellaSwag,mistral:latest,45,50,in_attesa
3,430,HellaSwag,phi3:mini,44,50,in_attesa
3,430,HellaSwag,qwen2.5:7b,45,52,in_attesa
3,430,HellaSwag,mistral:latest,45,48,in_attesa
3,431,HumanEval,phi3:mini,45,50,in_attesa
3,431,HumanEval,qwen2.5:7b,45,51,in_attesa
3,431,HumanEval,mistral:latest,45,49,in_attesa
3,432,GSM8K,phi3:mini,45,49,in_attesa
3,432,GSM8K,qwen2.5:7b,45,49,in_attesa
3,432,GSM8K,mistral:latest,45,49,in_attesa
3,433,SQuAD,phi3:mini,45,49,in_attesa
3,433,SQuAD,qwen2.5:7b,44,47,in_attesa
3,433,SQuAD,mistral:latest,44,47,in_attesa
3,434,MMLU,phi3:mini,43,47,in_attesa
3,434,MMLU,qwen2.5:7b,44,47,in_attesa
3,434,MMLU,mistral:latest,44,47,in_attesa
3,435,GSM8K,phi3:mini,44,47,in_attesa
3,435,GSM8K,qwen2.5:7b,44,49,in_attesa
3,435,GSM8K,mistral:latest,45,50,in_attesa
3,436,MMLU,phi3:mini,44,47,in_attesa
3,436,MMLU,qwen2.5:7b,44,47,in_attesa
3,436,MMLU,mistral:latest,44,46,in_attesa
3,437,SQuAD,phi3:mini,43,46,in_attesa
3,437,SQuAD,qwen2.5:7b,43,46,in_attesa
3,437,SQuAD,mistral:latest,43,46,in_attesa
3,438,SQuAD,phi3:mini,43,46,in_attesa
3,438,SQuAD,qwen2.5:7b,43,45,in_attesa
3,438,SQuAD,mistral:latest,45,47,in_attesa
3,439,HellaSwag,phi3:mini,44,49,in_attesa
3,439,HellaSwag,qwen2.5:7b,45,48,in_attesa
3,439,HellaSwag,mistral:latest,45,49,in_attesa
3,440,MMLU,phi3:mini,45,48,in_attesa
3,440,MMLU,qwen2.5:7b,45,49,in_attesa
3,440,MMLU,mistral:latest,45,48,in_attesa
3,441,HumanEval,phi3:mini,44,48,in_attesa
3,441,HumanEval,qwen2.5:7b,44,51,in_attesa
3,441,HumanEval,mistral:latest,45,49,in_attesa
3,442,GSM8K,phi3:mini,45,49,in_attesa
3,442,GSM8K,qwen2.5:7b,45,51,in_attesa
3,442,GSM8K,mistral:latest,45,49,in_attesa
3,443,HellaSwag,phi3:mini,45,49,in_attesa
3,443,HellaSwag,qwen2.5:7b,44,47,in_attesa
3,443,HellaSwag,mistral:latest,44,48,in_attesa
3,444,GSM8K,phi3:mini,44,47,in_attesa
3,444,GSM8K,qwen2.5:7b,44,49,in_attesa
3,444,GSM8K,mistral:latest,45,49,in_attesa
3,445,HumanEval,phi3:mini,45,49,in_attesa
3,445,HumanEval,qwen2.5:7b,45,51,in_attesa
3,445,HumanEval,mistral:latest,45,49,in_attesa
3,446,GSM8K,phi3:mini,45,50,in_attesa
3,446,GSM8K,qwen2.5:7b,44,49,in_attesa
3,446,GSM8K,mistral:latest,45,50,in_attesa
3,447,MMLU,phi3:mini,44,48,in_attesa
3,447,MMLU,qwen2.5:7b,45,48,in_attesa
3,447,MMLU,mistral:latest,44,47,in_attesa
3,448,GSM8K,phi3:mini,44,48,in_attesa
3,448,GSM8K,qwen2.5:7b,45,50,in_attesa
3,448,GSM8K,mistral:latest,44,49,in_attesa
3,449,HumanEval,phi3:mini,45,48,in_attesa
3,449,HumanEval,qwen2.5:7b,45,51,in_attesa
3,449,HumanEval,mistral:latest,45,50,in_attesa
3,450,HumanEval,phi3:mini,45,49,in_attesa
3,450,HumanEval,qwen2.5:7b,45,51,in_attesa
3,450,HumanEval,mistral:latest,45,51,in_attesa
3,451,GSM8K,phi3:mini,44,50,in_attesa
3,451,GSM8K,qwen2.5:7b,45,50,in_attesa
3,451,GSM8K,mistral:latest,44,49,in_attesa
3,452,HellaSwag,phi3:mini,45,50,in_attesa
3,452,HellaSwag,qwen2.5:7b,44,48,in_attesa
3,452,HellaSwag,mistral:latest,44,50,in_attesa
3,453,GSM8K,phi3:mini,44,49,in_attesa
3,453,GSM8K,qwen2.5:7b,45,50,in_attesa
3,453,GSM8K,mistral:latest,45,49,in_attesa
3,454,MMLU,phi3:mini,45,50,in_attesa
3,454,MMLU,qwen2.5:7b,44,51,in_attesa
3,454,MMLU,mistral:latest,45,50,in_attesa
3,455,HumanEval,phi3:mini,44,50,in_attesa
3,455,HumanEval,qwen2.5:7b,45,50,in_attesa
3,455,HumanEval,mistral:latest,45,50,in_attesa
3,456,GSM8K,phi3:mini,45,49,in_attesa
3,456,GSM8K,qwen2.5:7b,45,49,in_attesa
3,456,GSM8K,mistral:latest,45,48,in_attesa
3,457,HumanEval,phi3:mini,44,49,in_attesa
3,457,HumanEval,qwen2.5:7b,45,51,in_attesa
3,457,HumanEval,mistral:latest,45,51,in_attesa
3,458,HellaSwag,phi3:mini,45,50,in_attesa
3,458,HellaSwag,qwen2.5:7b,45,49,in_attesa
3,458,HellaSwag,mistral:latest,45,52,in_attesa
3,459,MMLU,phi3:mini,45,47,in_attesa
3,459,MMLU,qwen2.5:7b,44,48,in_attesa
3,459,MMLU,mistral:latest,45,48,in_attesa
3,460,HumanEval,phi3:mini,45,50,in_attesa
3,460,HumanEval,qwen2.5:7b,45,52,in_attesa
3,460,HumanEval,mistral:latest,44,50,in_attesa
3,461,HellaSwag,phi3:mini,45,50,in_attesa
3,461,HellaSwag,qwen2.5:7b,44,46,in_attesa
3,461,HellaSwag,mistral:latest,44,47,in_attesa
3,462,MMLU,phi3:mini,44,47,in_attesa
3,462,MMLU,qwen2.5:7b,43,46,in_attesa
3,462,MMLU,mistral:latest,43,45,in_attesa
3,463,HumanEval,phi3:mini,45,49,in_attesa
3,463,HumanEval,qwen2.5:7b,45,49,in_attesa
3,463,HumanEval,mistral:latest,45,49,in_attesa
3,464,HumanEval,phi3:mini,45,50,in_attesa
3,464,HumanEval,qwen2.5:7b,44,50,in_attesa
3,464,HumanEval,mistral:latest,44,49,in_attesa
3,465,GSM8K,phi3:mini,45,48,in_attesa
3,465,GSM8K,qwen2.5:7b,44,48,in_attesa
3,465,GSM8K,mistral:latest,44,48,in_attesa
3,466,HellaSwag,phi3:mini,44,49,in_attesa
3,466,HellaSwag,qwen2.5:7b,45,48,in_attesa
3,466,HellaSwag,mistral:latest,44,49,in_attesa
3,467,SQuAD,phi3:mini,45,48,in_attesa
3,467,SQuAD,qwen2.5:7b,44,46,in_attesa
3,467,SQuAD,mistral:latest,44,46,in_attesa
3,468,GSM8K,phi3:mini,43,49,in_attesa
3,468,GSM8K,qwen2.5:7b,45,51,in_attesa
3,468,GSM8K,mistral:latest,45,51,in_attesa
3,469,SQuAD,phi3:mini,45,48,in_attesa
3,469,SQuAD,qwen2.5:7b,45,48,in_attesa
3,469,SQuAD,mistral:latest,44,47,in_attesa
3,470,HumanEval,phi3:mini,43,48,in_attesa
3,470,HumanEval,qwen2.5:7b,45,49,in_attesa
3,470,HumanEval,mistral:latest,44,48,in_attesa
3,471,HellaSwag,phi3:mini,45,50,in_attesa
3,471,HellaSwag,qwen2.5:7b,45,48,in_attesa
3,471,HellaSwag,mistral:latest,45,50,in_attesa
3,472,HellaSwag,phi3:mini,44,49,in_attesa
3,472,HellaSwag,qwen2.5:7b,45,49,in_attesa
3,472,HellaSwag,mistral:latest,44,50,in_attesa
3,473,HellaSwag,phi3:mini,44,49,in_attesa
3,473,HellaSwag,qwen2.5:7b,45,49,in_attesa
3,473,HellaSwag,mistral:latest,45,48,in_attesa
3,474,GSM8K,phi3:mini,45,49,in_attesa
3,474,GSM8K,qwen2.5:7b,44,51,in_attesa
3,474,GSM8K,mistral:latest,45,51,in_attesa
3,475,SQuAD,phi3:mini,45,47,in_attesa
3,475,SQuAD,qwen2.5:7b,44,47,in_attesa
3,475,SQuAD,mistral:latest,44,48,in_attesa
3,476,MMLU,phi3:mini,44,48,in_attesa
3,476,MMLU,qwen2.5:7b,45,48,in_attesa
3,476,MMLU,mistral:latest,44,48,in_attesa
3,477,HellaSwag,phi3:mini,44,47,in_attesa
3,477,HellaSwag,qwen2.5:7b,44,51,in_attesa
3,477,HellaSwag,mistral:latest,44,51,in_attesa
3,478,SQuAD,phi3:mini,44,47,in_attesa
3,478,SQuAD,qwen2.5:7b,44,46,in_attesa
3,478,SQuAD,mistral:latest,43,46,in_attesa
3,479,GSM8K,phi3:mini,43,47,in_attesa
3,479,GSM8K,qwen2.5:7b,44,48,in_attesa
3,479,GSM8K,mistral:latest,44,49,in_attesa
3,480,GSM8K,phi3:mini,45,48,in_attesa
3,480,GSM8K,qwen2.5:7b,45,48,in_attesa
3,480,GSM8K,mistral:latest,45,47,in_attesa
3,481,MMLU,phi3:mini,44,47,in_attesa
3,481,MMLU,qwen2.5:7b,44,49,in_attesa
3,481,MMLU,mistral:latest,45,50,in_attesa
3,482,MMLU,phi3:mini,44,48,in_attesa
3,482,MMLU,qwen2.5:7b,44,49,in_attesa
3,482,MMLU,mistral:latest,45,49,in_attesa
3,483,MMLU,phi3:mini,45,50,in_attesa
3,483,MMLU,qwen2.5:7b,44,51,in_attesa
3,483,MMLU,mistral:latest,45,50,in_attesa
3,484,SQuAD,phi3:mini,44,47,in_attesa
3,484,SQuAD,qwen2.5:7b,44,47,in_attesa
3,484,SQuAD,mistral:latest,44,47,in_attesa
3,485,HellaSwag,phi3:mini,44,47,in_attesa
3,485,HellaSwag,qwen2.5:7b,44,46,in_attesa
3,485,HellaSwag,mistral:latest,43,46,in_attesa
3,486,MMLU,phi3:mini,43,49,in_attesa
3,486,MMLU,qwen2.5:7b,44,47,in_attesa
3,486,MMLU,mistral:latest,44,47,in_attesa
3,487,SQuAD,phi3:mini,43,47,in_attesa
3,487,SQuAD,qwen2.5:7b,44,47,in_attesa
3,487,SQuAD,mistral:latest,43,46,in_attesa
3,488,HumanEval,phi3:mini,43,46,in_attesa
3,488,HumanEval,qwen2.5:7b,43,48,in_attesa
3,488,HumanEval,mistral:latest,44,48,in_attesa
3,489,HumanEval,phi3:mini,45,49,in_attesa
3,489,HumanEval,qwen2.5:7b,44,51,in_attesa
3,489,HumanEval,mistral:latest,45,50,in_attesa
3,490,HellaSwag,phi3:mini,44,49,in_attesa
3,490,HellaSwag,qwen2.5:7b,45,50,in_attesa
3,490,HellaSwag,mistral:latest,44,50,in_attesa
3,491,MMLU,phi3:mini,45,50,in_attesa
3,491,MMLU,qwen2.5:7b,45,49,in_attesa
3,491,MMLU,mistral:latest,45,49,in_attesa
3,492,HellaSwag,phi3:mini,45,48,in_attesa
3,492,HellaSwag,qwen2.5:7b,44,48,in_attesa
3,492,HellaSwag,mistral:latest,44,51,in_attesa
3,493,MMLU,phi3:mini,44,47,in_attesa
3,493,MMLU,qwen2.5:7b,44,47,in_attesa
3,493,MMLU,mistral:latest,44,47,in_attesa
3,494,GSM8K,phi3:mini,43,48,in_attesa
3,494,GSM8K,qwen2.5:7b,45,50,in_attesa
3,494,GSM8K,mistral:latest,44,51,in_attesa
3,495,GSM8K,phi3:mini,44,48,in_attesa
3,495,GSM8K,qwen2.5:7b,44,50,in_attesa
3,495,GSM8K,mistral:latest,45,49,in_attesa
3,496,GSM8K,phi3:mini,45,51,in_attesa
3,496,GSM8K,qwen2.5:7b,44,49,in_attesa
3,496,GSM8K,mistral:latest,45,49,in_attesa
3,497,HellaSwag,phi3:mini,45,51,in_attesa
3,497,HellaSwag,qwen2.5:7b,44,50,in_attesa
3,497,HellaSwag,mistral:latest,45,50,in_attesa
3,498,MMLU,phi3:mini,45,49,in_attesa
3,498,MMLU,qwen2.5:7b,45,47,in_attesa
3,498,MMLU,mistral:latest,44,48,in_attesa
3,499,MMLU,phi3:mini,44,47,in_attesa
3,499,MMLU,qwen2.5:7b,44,47,in_attesa
3,499,MMLU,mistral:latest,44,46,in_attesa
3,500,HellaSwag,phi3:mini,44,48,in_attesa
3,500,HellaSwag,qwen2.5:7b,45,49,in_attesa
3,500,HellaSwag,mistral:latest,45,50,in_attesa
