timestamp,project_name,run_id,experiment_id,duration,emissions,emissions_rate,cpu_power,gpu_power,ram_power,cpu_energy,gpu_energy,ram_energy,energy_consumed,water_consumed,country_name,country_iso_code,region,cloud_provider,cloud_region,os,python_version,codecarbon_version,cpu_count,cpu_model,gpu_count,gpu_model,longitude,latitude,ram_total_size,tracking_mode,cpu_utilization_percent,gpu_utilization_percent,ram_utilization_percent,ram_used_gb,on_cloud,pue,wue
2026-05-02T17:22:07,Q1_llama3.2_GSM8K,344055f8-5c8b-43bd-92a7-03b5683665b0,5b0fa12a-3dd7-45bb-9766-cc326314d9f1,7.929377299966291,5.12575356067655e-05,6.46425736444442e-06,12.880969373257145,39.56919578766544,20.0,2.6576744143494547e-05,8.714784749601356e-05,4.126405611103918e-05,0.0001549886477505,0.0,Italy,ITA,lombardy,,,Windows-11-10.0.26200-SP0,3.13.13,3.2.6,32,13th Gen Intel(R) Core(TM) i9-13900HX,1,1 x NVIDIA GeForce RTX 4070 Laptop GPU,9.1922,45.4722,31.70067596435547,machine,2.783333333333333,36.0,39.53333333333333,12.53409512837728,N,1.0,0.0
2026-05-02T17:22:23,Q1_llama3.1_GSM8K,0f182cf3-c679-49bf-a559-36e8d082aa67,5b0fa12a-3dd7-45bb-9766-cc326314d9f1,10.867686000012329,7.889316022056474e-05,7.259425807892799e-06,12.88012343168,47.66478784431674,20.0,3.708608179348218e-05,0.000143879559548,5.758551166670966e-05,0.0002385511530081,0.0,Italy,ITA,lombardy,,,Windows-11-10.0.26200-SP0,3.13.13,3.2.6,32,13th Gen Intel(R) Core(TM) i9-13900HX,1,1 x NVIDIA GeForce RTX 4070 Laptop GPU,9.1922,45.4722,31.70067596435547,machine,0.0,52.44444444444444,31.78888888888889,10.075896369086372,N,1.0,0.0
2026-05-02T17:23:15,Q1_gemma2:27b_GSM8K,63e59127-ceeb-465d-9aca-06cfd62d1c9a,5b0fa12a-3dd7-45bb-9766-cc326314d9f1,37.43709550000494,0.0002037436556038,5.442293342544296e-06,13.559923006377144,25.80245613998976,20.0,0.0001348751594659,0.000281592169718,0.0001995972805556,0.0006160646097396,0.0,Italy,ITA,lombardy,,,Windows-11-10.0.26200-SP0,3.13.13,3.2.6,32,13th Gen Intel(R) Core(TM) i9-13900HX,1,1 x NVIDIA GeForce RTX 4070 Laptop GPU,9.1922,45.4722,31.70067596435547,machine,0.0,22.714285714285715,59.61714285714285,18.89998070853097,N,1.0,0.0
2026-05-02T17:24:31,Q2_llama3.2_HellaSwag,44949516-1bf8-4831-be42-f6a182156c99,5b0fa12a-3dd7-45bb-9766-cc326314d9f1,9.535918300040066,6.891134198375546e-05,7.226502977009138e-06,12.864762632,47.54242104890857,20.0,3.227738640712892e-05,0.0001259128785079,5.017862333334051e-05,0.0002083688882484,0.0,Italy,ITA,lombardy,,,Windows-11-10.0.26200-SP0,3.13.13,3.2.6,32,13th Gen Intel(R) Core(TM) i9-13900HX,1,1 x NVIDIA GeForce RTX 4070 Laptop GPU,9.1922,45.4722,31.70067596435547,machine,0.0,44.142857142857146,38.02857142857143,12.062340872628347,N,1.0,0.0
2026-05-02T17:25:07,Q2_llama3.1_HellaSwag,3aaea29e-9406-4f92-836b-19bf6f0231d6,5b0fa12a-3dd7-45bb-9766-cc326314d9f1,10.675138099992182,7.922241872382241e-05,7.421207855276404e-06,12.84681619712,49.48501148004876,20.0,3.6303402511121006e-05,0.000146727061826,5.651627555554216e-05,0.0002395467398926,0.0,Italy,ITA,lombardy,,,Windows-11-10.0.26200-SP0,3.13.13,3.2.6,32,13th Gen Intel(R) Core(TM) i9-13900HX,1,1 x NVIDIA GeForce RTX 4070 Laptop GPU,9.1922,45.4722,31.70067596435547,machine,0.0,47.888888888888886,31.8,10.087618933783638,N,1.0,0.0
2026-05-02T17:25:53,Q2_gemma2:27b_HellaSwag,84877751-aae5-4284-9563-ee08df756982,5b0fa12a-3dd7-45bb-9766-cc326314d9f1,20.95259270002134,0.0001172941588095,5.598073731917451e-06,13.23177261824,31.68659977777146,20.0,7.236228890369658e-05,0.000171487081634,0.0001108158088887,0.0003546651794264,0.0,Italy,ITA,lombardy,,,Windows-11-10.0.26200-SP0,3.13.13,3.2.6,32,13th Gen Intel(R) Core(TM) i9-13900HX,1,1 x NVIDIA GeForce RTX 4070 Laptop GPU,9.1922,45.4722,31.70067596435547,machine,9.473684210526317,9.36842105263158,57.38421052631579,18.18867392289011,N,1.0,0.0
2026-05-02T17:26:37,Q3_llama3.2_MMLU,9f961193-44af-4d23-a262-36fb2050d3da,5b0fa12a-3dd7-45bb-9766-cc326314d9f1,8.849935500009451,5.818933259556925e-05,6.575113750321357e-06,12.8896702832,40.573653377920365,20.0,2.988103487277599e-05,9.970424642999354e-05,4.636320833362536e-05,0.0001759484896363,0.0,Italy,ITA,lombardy,,,Windows-11-10.0.26200-SP0,3.13.13,3.2.6,32,13th Gen Intel(R) Core(TM) i9-13900HX,1,1 x NVIDIA GeForce RTX 4070 Laptop GPU,9.1922,45.4722,31.70067596435547,machine,0.0,45.285714285714285,38.08571428571429,12.073317391531807,N,1.0,0.0
2026-05-02T17:27:15,Q3_llama3.1_MMLU,a0b0d402-a508-4e66-b3eb-e035629ab8ef,5b0fa12a-3dd7-45bb-9766-cc326314d9f1,12.570847099996172,9.832643373771298e-05,7.821782649614991e-06,12.868437848436365,53.59256142013543,20.0,4.313914766229642e-05,0.00018712792748,6.70449361111322e-05,0.0002973120112534,0.0,Italy,ITA,lombardy,,,Windows-11-10.0.26200-SP0,3.13.13,3.2.6,32,13th Gen Intel(R) Core(TM) i9-13900HX,1,1 x NVIDIA GeForce RTX 4070 Laptop GPU,9.1922,45.4722,31.70067596435547,machine,0.0,62.6,27.6,8.749135589599609,N,1.0,0.0
2026-05-02T17:28:10,Q3_gemma2:27b_MMLU,181cde01-b268-4c43-a214-09e454cca29f,5b0fa12a-3dd7-45bb-9766-cc326314d9f1,30.27469140000176,0.0001759685083561,5.812396434739044e-06,17.350190263040002,27.488887859598247,20.0,0.0001376896416465,0.000231793796546,0.0001625967883333,0.0005320802265259,0.0,Italy,ITA,lombardy,,,Windows-11-10.0.26200-SP0,3.13.13,3.2.6,32,13th Gen Intel(R) Core(TM) i9-13900HX,1,1 x NVIDIA GeForce RTX 4070 Laptop GPU,9.1922,45.4722,31.70067596435547,machine,2.6785714285714284,11.142857142857142,54.98214285714285,17.425782884870255,N,1.0,0.0
2026-05-02T17:29:03,Q4_llama3.2_GSM8K,39d49932-02e3-4159-b6b7-c8a76c5f910d,5b0fa12a-3dd7-45bb-9766-cc326314d9f1,6.793153800012078,3.995027950224868e-05,5.880962021230499e-06,12.8799231104,33.56762978898305,20.0,2.251037829047473e-05,6.333560622401313e-05,3.495264000020042e-05,0.0001207986245146,0.0,Italy,ITA,lombardy,,,Windows-11-10.0.26200-SP0,3.13.13,3.2.6,32,13th Gen Intel(R) Core(TM) i9-13900HX,1,1 x NVIDIA GeForce RTX 4070 Laptop GPU,9.1922,45.4722,31.70067596435547,machine,0.0,27.2,33.68,10.676469421386718,N,1.0,0.0
2026-05-02T17:29:26,Q4_llama3.1_GSM8K,9c874af8-8aa0-435d-b434-e62545d8e13b,5b0fa12a-3dd7-45bb-9766-cc326314d9f1,8.362186399986967,5.100919389167607e-05,6.09998288148128e-06,12.875653354057144,35.505614764954,20.0,2.811032382909356e-05,8.246451041600544e-05,4.366289666666287e-05,0.0001542377309117,0.0,Italy,ITA,lombardy,,,Windows-11-10.0.26200-SP0,3.13.13,3.2.6,32,13th Gen Intel(R) Core(TM) i9-13900HX,1,1 x NVIDIA GeForce RTX 4070 Laptop GPU,9.1922,45.4722,31.70067596435547,machine,0.0,40.333333333333336,25.183333333333334,7.979605356852214,N,1.0,0.0
2026-05-02T17:30:15,Q4_gemma2:27b_GSM8K,b5f4dc78-45b4-489f-bcdd-4fd087f38e94,5b0fa12a-3dd7-45bb-9766-cc326314d9f1,33.55360789998667,0.0001882114620884,5.609276434577259e-06,13.62908546208,25.86655844797124,20.0,0.0001217668291303,0.0002693366043579,0.0001779961077777,0.000569099541266,0.0,Italy,ITA,lombardy,,,Windows-11-10.0.26200-SP0,3.13.13,3.2.6,32,13th Gen Intel(R) Core(TM) i9-13900HX,1,1 x NVIDIA GeForce RTX 4070 Laptop GPU,9.1922,45.4722,31.70067596435547,machine,2.1516129032258067,16.967741935483872,52.935483870967744,16.773992723034276,N,1.0,0.0
2026-05-02T17:31:09,Q5_llama3.2_MMLU,2464e23e-4953-44fd-b7a2-fc7849ba1e1e,5b0fa12a-3dd7-45bb-9766-cc326314d9f1,7.547008100023959,4.921800115263265e-05,6.521524887786513e-06,12.879502762057143,40.30121595667253,20.0,2.520434616005609e-05,8.44792342500067e-05,3.913807777797855e-05,0.000148821658188,0.0,Italy,ITA,lombardy,,,Windows-11-10.0.26200-SP0,3.13.13,3.2.6,32,13th Gen Intel(R) Core(TM) i9-13900HX,1,1 x NVIDIA GeForce RTX 4070 Laptop GPU,9.1922,45.4722,31.70067596435547,machine,0.0,18.5,32.93333333333333,10.434804916381836,N,1.0,0.0
2026-05-02T17:31:46,Q5_llama3.1_MMLU,2b1c90a4-ffaf-41c2-aa4f-7dcc1e185e06,5b0fa12a-3dd7-45bb-9766-cc326314d9f1,12.2070521999849,9.37018677475361e-05,7.676043832077003e-06,12.869980648727273,52.04223867674402,20.0,4.184558771364858e-05,0.0001764556967199,6.502731500012386e-05,0.0002833285994337,0.0,Italy,ITA,lombardy,,,Windows-11-10.0.26200-SP0,3.13.13,3.2.6,32,13th Gen Intel(R) Core(TM) i9-13900HX,1,1 x NVIDIA GeForce RTX 4070 Laptop GPU,9.1922,45.4722,31.70067596435547,machine,6.0,57.7,25.44,8.0602596282959,N,1.0,0.0
2026-05-02T17:32:30,Q5_gemma2:27b_MMLU,bf86f588-f680-4e83-821a-04a065fb770f,5b0fa12a-3dd7-45bb-9766-cc326314d9f1,19.5424363000202,0.0001092114352164,5.588424776715085e-06,13.433634296,27.417360141182897,20.0,6.757934913040624e-05,0.0001596781832979,0.0001029677205557,0.0003302252529841,0.0,Italy,ITA,lombardy,,,Windows-11-10.0.26200-SP0,3.13.13,3.2.6,32,13th Gen Intel(R) Core(TM) i9-13900HX,1,1 x NVIDIA GeForce RTX 4070 Laptop GPU,9.1922,45.4722,31.70067596435547,machine,0.0,12.117647058823527,50.64117647058824,16.052632948931524,N,1.0,0.0
2026-05-02T17:33:12,Q6_llama3.2_MMLU,9c828194-e490-4faf-a228-048e4a8d5756,5b0fa12a-3dd7-45bb-9766-cc326314d9f1,6.366155299998354,3.472639760771146e-05,5.45484613102675e-06,12.869257848320002,29.21409823619999,20.0,2.0922537697262333e-05,5.156587458599038e-05,3.2514634444507666e-05,0.0001050030467277,0.0,Italy,ITA,lombardy,,,Windows-11-10.0.26200-SP0,3.13.13,3.2.6,32,13th Gen Intel(R) Core(TM) i9-13900HX,1,1 x NVIDIA GeForce RTX 4070 Laptop GPU,9.1922,45.4722,31.70067596435547,machine,0.0,8.25,37.275,11.807085990905762,N,1.0,0.0
2026-05-02T17:33:34,Q6_llama3.1_MMLU,e879e9dd-0efe-4a63-81c6-8adcad18fefc,5b0fa12a-3dd7-45bb-9766-cc326314d9f1,6.848809599992819,3.86402251755321e-05,5.641889238032346e-06,12.849148640000005,30.97896987428455,20.0,2.265140614585115e-05,5.8929491588005645e-05,3.525648388895206e-05,0.0001168373816228,0.0,Italy,ITA,lombardy,,,Windows-11-10.0.26200-SP0,3.13.13,3.2.6,32,13th Gen Intel(R) Core(TM) i9-13900HX,1,1 x NVIDIA GeForce RTX 4070 Laptop GPU,9.1922,45.4722,31.70067596435547,machine,0.0,27.2,25.46,8.062880706787109,N,1.0,0.0
2026-05-02T17:34:27,Q6_gemma2:27b_MMLU,cc9f8469-a30c-44fa-bbec-3b338e2aa43a,5b0fa12a-3dd7-45bb-9766-cc326314d9f1,37.910758599988185,0.000205941713756,5.432276255114026e-06,13.36333762048,25.727638208634644,20.0,0.0001347875199009,0.0002856955063339,0.0002022279049997,0.0006227109312346,0.0,Italy,ITA,lombardy,,,Windows-11-10.0.26200-SP0,3.13.13,3.2.6,32,13th Gen Intel(R) Core(TM) i9-13900HX,1,1 x NVIDIA GeForce RTX 4070 Laptop GPU,9.1922,45.4722,31.70067596435547,machine,2.7777777777777777,24.0,53.577777777777776,16.978591707017685,N,1.0,0.0
2026-05-02T17:35:34,Q7_llama3.2_HellaSwag,4aed8a31-f043-43ca-a5af-1077f971625e,5b0fa12a-3dd7-45bb-9766-cc326314d9f1,10.608957100019325,7.2290873514738e-05,6.8141357188263415e-06,12.86179675904,42.86964105087002,20.0,3.611094492574159e-05,0.000126325378838,5.6151335555478e-05,0.0002185876593192,0.0,Italy,ITA,lombardy,,,Windows-11-10.0.26200-SP0,3.13.13,3.2.6,32,13th Gen Intel(R) Core(TM) i9-13900HX,1,1 x NVIDIA GeForce RTX 4070 Laptop GPU,9.1922,45.4722,31.70067596435547,machine,0.0,33.888888888888886,38.65555555555556,12.24987072414822,N,1.0,0.0
2026-05-02T17:35:57,Q7_llama3.1_HellaSwag,cfc9a75c-41bd-411e-9977-facfa49d2b76,5b0fa12a-3dd7-45bb-9766-cc326314d9f1,7.903912200010382,4.582130738690058e-05,5.79729458366711e-06,12.860851585828572,32.35802706297452,20.0,2.643319977713993e-05,7.101227903198726e-05,4.110551444464364e-05,0.0001385509932537,0.0,Italy,ITA,lombardy,,,Windows-11-10.0.26200-SP0,3.13.13,3.2.6,32,13th Gen Intel(R) Core(TM) i9-13900HX,1,1 x NVIDIA GeForce RTX 4070 Laptop GPU,9.1922,45.4722,31.70067596435547,machine,0.0,39.333333333333336,26.0,8.237501780192057,N,1.0,0.0
2026-05-02T17:36:35,Q7_gemma2:27b_HellaSwag,197cc37f-1656-4102-a2a6-2050962c0ca8,5b0fa12a-3dd7-45bb-9766-cc326314d9f1,23.120305999997072,0.0001382328212718,5.9788491238767865e-06,13.159767167360002,33.63408567369035,20.0,8.023450943962212e-05,0.0002148787830139,0.0001228646261109,0.0004179779185645,0.0,Italy,ITA,lombardy,,,Windows-11-10.0.26200-SP0,3.13.13,3.2.6,32,13th Gen Intel(R) Core(TM) i9-13900HX,1,1 x NVIDIA GeForce RTX 4070 Laptop GPU,9.1922,45.4722,31.70067596435547,machine,1.5857142857142856,13.142857142857142,44.99047619047619,14.262454441615514,N,1.0,0.0
2026-05-02T17:37:07,Q8_llama3.2_SQuAD,376e24e3-4188-481c-b5a1-3ae105cf804b,5b0fa12a-3dd7-45bb-9766-cc326314d9f1,6.547311600006651,3.737670935733489e-05,5.708710939814887e-06,12.8590715264,31.80493338668204,20.0,2.159399984982111e-05,5.783810182599658e-05,3.358475666674268e-05,0.0001130168583425,0.0,Italy,ITA,lombardy,,,Windows-11-10.0.26200-SP0,3.13.13,3.2.6,32,13th Gen Intel(R) Core(TM) i9-13900HX,1,1 x NVIDIA GeForce RTX 4070 Laptop GPU,9.1922,45.4722,31.70067596435547,machine,15.0,21.4,35.260000000000005,11.179119873046876,N,1.0,0.0
2026-05-02T17:37:30,Q8_llama3.1_SQuAD,db46adaa-e98a-4edc-8e43-1db056d0ef04,5b0fa12a-3dd7-45bb-9766-cc326314d9f1,8.237756500020623,5.228600466489165e-05,6.34711704148584e-06,12.868921938285714,38.22984294660174,20.0,2.765251282506184e-05,8.747090331001628e-05,4.297503833335617e-05,0.0001580984544684,0.0,Italy,ITA,lombardy,,,Windows-11-10.0.26200-SP0,3.13.13,3.2.6,32,13th Gen Intel(R) Core(TM) i9-13900HX,1,1 x NVIDIA GeForce RTX 4070 Laptop GPU,9.1922,45.4722,31.70067596435547,machine,0.0,40.16666666666666,25.95,8.228742599487305,N,1.0,0.0
2026-05-02T17:38:03,Q8_gemma2:27b_SQuAD,b4747218-425a-4b31-a2bc-571c1d873221,5b0fa12a-3dd7-45bb-9766-cc326314d9f1,17.36699290003162,0.0001044251989144,6.012854356280783e-06,13.35112843712,35.160155871418155,20.0,5.947930854978114e-05,0.000165377076746,9.089660944430056e-05,0.00031575299474,0.0,Italy,ITA,lombardy,,,Windows-11-10.0.26200-SP0,3.13.13,3.2.6,32,13th Gen Intel(R) Core(TM) i9-13900HX,1,1 x NVIDIA GeForce RTX 4070 Laptop GPU,9.1922,45.4722,31.70067596435547,machine,6.666666666666667,16.866666666666667,50.68666666666666,16.06410903930664,N,1.0,0.0
2026-05-02T17:38:34,Q9_llama3.2_MMLU,1e462c67-50e0-4d67-bce2-35360d84a90b,5b0fa12a-3dd7-45bb-9766-cc326314d9f1,6.660927500051912,3.922823573490379e-05,5.889305315903538e-06,12.8733686912,33.71307729295892,20.0,2.2025494558633792e-05,6.237227212001206e-05,3.421759666687447e-05,0.0001186153633455,0.0,Italy,ITA,lombardy,,,Windows-11-10.0.26200-SP0,3.13.13,3.2.6,32,13th Gen Intel(R) Core(TM) i9-13900HX,1,1 x NVIDIA GeForce RTX 4070 Laptop GPU,9.1922,45.4722,31.70067596435547,machine,0.0,24.4,35.04,11.105149841308592,N,1.0,0.0
2026-05-02T17:38:58,Q9_llama3.1_MMLU,4d15d108-c550-4974-9050-6aced79780af,5b0fa12a-3dd7-45bb-9766-cc326314d9f1,8.371275899989996,5.586790872645466e-05,6.673762684911797e-06,12.869709824,41.75111121973658,20.0,2.813269269378656e-05,9.707813321799263e-05,4.371831833333192e-05,0.0001689291442451,0.0,Italy,ITA,lombardy,,,Windows-11-10.0.26200-SP0,3.13.13,3.2.6,32,13th Gen Intel(R) Core(TM) i9-13900HX,1,1 x NVIDIA GeForce RTX 4070 Laptop GPU,9.1922,45.4722,31.70067596435547,machine,0.0,22.666666666666668,25.933333333333334,8.223347345987955,N,1.0,0.0
2026-05-02T17:39:34,Q9_gemma2:27b_MMLU,65d28cb5-8d7a-4081-9c51-0c0adfdfc132,5b0fa12a-3dd7-45bb-9766-cc326314d9f1,21.164710400043987,0.000118576733074,5.602568182259968e-06,13.27930714304,28.59148895496346,20.0,7.329443212076167e-05,0.000173281805292,0.000111967092778,0.0003585433301907,0.0,Italy,ITA,lombardy,,,Windows-11-10.0.26200-SP0,3.13.13,3.2.6,32,13th Gen Intel(R) Core(TM) i9-13900HX,1,1 x NVIDIA GeForce RTX 4070 Laptop GPU,9.1922,45.4722,31.70067596435547,machine,0.0,14.68421052631579,51.91052631578948,16.453581759804173,N,1.0,0.0
2026-05-02T17:40:20,Q10_llama3.2_HellaSwag,4fcb7719-d8c9-4a0e-aa99-20f5ad0a20be,5b0fa12a-3dd7-45bb-9766-cc326314d9f1,10.254353500029538,7.439883722485912e-05,7.255341570255483e-06,12.8416720128,47.759051018338255,20.0,3.4783312380638604e-05,0.000136006775472,5.417147222227262e-05,0.0002249615600749,0.0,Italy,ITA,lombardy,,,Windows-11-10.0.26200-SP0,3.13.13,3.2.6,32,13th Gen Intel(R) Core(TM) i9-13900HX,1,1 x NVIDIA GeForce RTX 4070 Laptop GPU,9.1922,45.4722,31.70067596435547,machine,0.0,50.375,31.4875,9.984046936035156,N,1.0,0.0
2026-05-02T17:41:04,Q10_llama3.1_HellaSwag,e37820de-531a-4b8a-8d72-9fc01c4a2619,5b0fa12a-3dd7-45bb-9766-cc326314d9f1,9.49455860001035,6.751690524750644e-05,7.111115755021285e-06,12.8656824464,46.29399571901181,20.0,3.2133173017811414e-05,0.0001220684309879,4.995089222211392e-05,0.0002041524962279,0.0,Italy,ITA,lombardy,,,Windows-11-10.0.26200-SP0,3.13.13,3.2.6,32,13th Gen Intel(R) Core(TM) i9-13900HX,1,1 x NVIDIA GeForce RTX 4070 Laptop GPU,9.1922,45.4722,31.70067596435547,machine,0.0,34.57142857142857,25.97142857142857,8.232527596609932,N,1.0,0.0
2026-05-02T17:41:55,Q10_gemma2:27b_HellaSwag,351c3663-c419-4aab-8630-a2afe93f4619,5b0fa12a-3dd7-45bb-9766-cc326314d9f1,25.79799360001925,0.0001419369443951,5.501859818860523e-06,13.348037662487274,27.198362931917018,20.0,9.127215326619856e-05,0.0002001696045799,0.0001377364072224,0.0004291781650686,0.0,Italy,ITA,lombardy,,,Windows-11-10.0.26200-SP0,3.13.13,3.2.6,32,13th Gen Intel(R) Core(TM) i9-13900HX,1,1 x NVIDIA GeForce RTX 4070 Laptop GPU,9.1922,45.4722,31.70067596435547,machine,0.0,21.75,52.25833333333333,16.561636606852215,N,1.0,0.0
2026-05-02T17:42:39,Q11_llama3.2_HumanEval,fe26d5f4-d119-4a74-bac8-9d6161c57c74,5b0fa12a-3dd7-45bb-9766-cc326314d9f1,8.538095999974757,5.588453797530247e-05,6.54531618940191e-06,12.858562133942858,40.324756687485205,20.0,2.87042061130038e-05,9.563063206001476e-05,4.4644588333257066e-05,0.0001689794265062,0.0,Italy,ITA,lombardy,,,Windows-11-10.0.26200-SP0,3.13.13,3.2.6,32,13th Gen Intel(R) Core(TM) i9-13900HX,1,1 x NVIDIA GeForce RTX 4070 Laptop GPU,9.1922,45.4722,31.70067596435547,machine,0.0,36.5,33.1,10.502548217773438,N,1.0,0.0
2026-05-02T17:43:28,Q11_llama3.1_HumanEval,01a2abe8-c97a-461b-9f1b-b9f1275c4150,5b0fa12a-3dd7-45bb-9766-cc326314d9f1,13.81321489997208,0.0001101275024133,7.9726192063769e-06,12.864288414523076,55.12002087814563,20.0,4.756574107481887e-05,0.000211480169184,7.394927722214359e-05,0.0003329951874809,0.0,Italy,ITA,lombardy,,,Windows-11-10.0.26200-SP0,3.13.13,3.2.6,32,13th Gen Intel(R) Core(TM) i9-13900HX,1,1 x NVIDIA GeForce RTX 4070 Laptop GPU,9.1922,45.4722,31.70067596435547,machine,4.633333333333334,68.58333333333333,25.5,8.082266807556152,N,1.0,0.0
2026-05-02T17:44:55,Q11_gemma2:27b_HumanEval,09ae1e17-7535-4b7b-ab8b-1a68131f2125,5b0fa12a-3dd7-45bb-9766-cc326314d9f1,51.48696010001004,0.0002759350784955,5.359319679382212e-06,13.676638231400002,25.66628615766644,20.0,0.0001875374074676,0.0003719550197859,0.0002748591305555,0.0008343515578092,0.0,Italy,ITA,lombardy,,,Windows-11-10.0.26200-SP0,3.13.13,3.2.6,32,13th Gen Intel(R) Core(TM) i9-13900HX,1,1 x NVIDIA GeForce RTX 4070 Laptop GPU,9.1922,45.4722,31.70067596435547,machine,1.3612244897959185,22.93877551020408,53.41836734693877,16.929407314378388,N,1.0,0.0
2026-05-02T17:46:01,Q12_llama3.2_HumanEval,fec57ea5-0541-488a-8e4a-11fa25b8dfbd,5b0fa12a-3dd7-45bb-9766-cc326314d9f1,9.758553399995437,6.949249761032541e-05,7.121188434584774e-06,12.860012172800005,46.34918969611526,20.0,3.3068027040451376e-05,0.000125631211616,5.142690388893243e-05,0.0002101261425453,0.0,Italy,ITA,lombardy,,,Windows-11-10.0.26200-SP0,3.13.13,3.2.6,32,13th Gen Intel(R) Core(TM) i9-13900HX,1,1 x NVIDIA GeForce RTX 4070 Laptop GPU,9.1922,45.4722,31.70067596435547,machine,0.0,50.375,30.1625,9.55231761932373,N,1.0,0.0
2026-05-02T17:46:46,Q12_llama3.1_HumanEval,a1d80364-f921-4c8f-893b-49b215d3c963,5b0fa12a-3dd7-45bb-9766-cc326314d9f1,9.847027699986938,6.884535110987912e-05,6.991485472308608e-06,12.852943859200002,44.93699963519623,20.0,3.336165340047261e-05,0.0001228956538719,5.191204277766196e-05,0.0002081693500501,0.0,Italy,ITA,lombardy,,,Windows-11-10.0.26200-SP0,3.13.13,3.2.6,32,13th Gen Intel(R) Core(TM) i9-13900HX,1,1 x NVIDIA GeForce RTX 4070 Laptop GPU,9.1922,45.4722,31.70067596435547,machine,0.0,42.125,24.45,7.75382661819458,N,1.0,0.0
2026-05-02T17:47:53,Q12_gemma2:27b_HumanEval,d05f9188-2789-43c0-b416-6e38bbdd03e1,5b0fa12a-3dd7-45bb-9766-cc326314d9f1,41.98684600001434,0.0002197492587443,5.233764373353358e-06,13.3352051768,24.35116002907549,20.0,0.000149755866459,0.000289831065198,0.0002248742066673,0.0006644611383243,0.0,Italy,ITA,lombardy,,,Windows-11-10.0.26200-SP0,3.13.13,3.2.6,32,13th Gen Intel(R) Core(TM) i9-13900HX,1,1 x NVIDIA GeForce RTX 4070 Laptop GPU,9.1922,45.4722,31.70067596435547,machine,0.0,21.15,52.9275,16.77610559463501,N,1.0,0.0
2026-05-02T17:48:57,Q13_llama3.2_MMLU,ad23e61e-741c-404f-8213-01aade067940,5b0fa12a-3dd7-45bb-9766-cc326314d9f1,7.889429500035476,5.430824459774009e-05,6.883671955937484e-06,12.85410672457143,44.17732702826499,20.0,2.637421828219068e-05,9.680341077598908e-05,4.103552111127e-05,0.0001642131501694,0.0,Italy,ITA,lombardy,,,Windows-11-10.0.26200-SP0,3.13.13,3.2.6,32,13th Gen Intel(R) Core(TM) i9-13900HX,1,1 x NVIDIA GeForce RTX 4070 Laptop GPU,9.1922,45.4722,31.70067596435547,machine,0.0,36.66666666666666,31.933333333333334,10.124860763549805,N,1.0,0.0
2026-05-02T17:49:21,Q13_llama3.1_MMLU,c8293a6e-4773-4974-9dc8-eb60e29c6ff5,5b0fa12a-3dd7-45bb-9766-cc326314d9f1,8.771811299957335,5.833275600626551e-05,6.650024038541416e-06,12.867134456,41.40552807832771,20.0,2.9558705095145977e-05,0.000100879802926,4.594365444435324e-05,0.0001763821624655,0.0,Italy,ITA,lombardy,,,Windows-11-10.0.26200-SP0,3.13.13,3.2.6,32,13th Gen Intel(R) Core(TM) i9-13900HX,1,1 x NVIDIA GeForce RTX 4070 Laptop GPU,9.1922,45.4722,31.70067596435547,machine,1.9,37.285714285714285,24.485714285714288,7.767883845738003,N,1.0,0.0
2026-05-02T17:50:12,Q13_gemma2:27b_MMLU,0ee146ee-3cfd-4723-b491-602d07f623ba,5b0fa12a-3dd7-45bb-9766-cc326314d9f1,26.450541300000623,0.000148440986508,5.612020745604757e-06,13.349321442909092,28.018121793753004,20.0,9.365512037296704e-05,0.0002138246155039,0.0001413648583334,0.0004488445942104,0.0,Italy,ITA,lombardy,,,Windows-11-10.0.26200-SP0,3.13.13,3.2.6,32,13th Gen Intel(R) Core(TM) i9-13900HX,1,1 x NVIDIA GeForce RTX 4070 Laptop GPU,9.1922,45.4722,31.70067596435547,machine,0.0,16.791666666666668,51.31666666666667,16.26876401901245,N,1.0,0.0
2026-05-02T17:51:05,Q14_llama3.2_SQuAD,90f09194-350f-4254-9995-7efe60e020bb,5b0fa12a-3dd7-45bb-9766-cc326314d9f1,6.740272500028368,3.762010640544534e-05,5.581392503832302e-06,12.8494926272,30.35214256453398,20.0,2.2269382858468168e-05,5.682310101401411e-05,3.466033999995691e-05,0.0001137528238724,0.0,Italy,ITA,lombardy,,,Windows-11-10.0.26200-SP0,3.13.13,3.2.6,32,13th Gen Intel(R) Core(TM) i9-13900HX,1,1 x NVIDIA GeForce RTX 4070 Laptop GPU,9.1922,45.4722,31.70067596435547,machine,20.0,23.6,33.62,10.663880920410156,N,1.0,0.0
2026-05-02T17:51:48,Q14_llama3.1_SQuAD,7a1e1234-8e68-4151-8d0d-af1ed4f22fba,5b0fa12a-3dd7-45bb-9766-cc326314d9f1,7.34667509997962,4.241963317412481e-05,5.773990627983872e-06,12.8476788608,32.25076707495199,20.0,2.4428543395991687e-05,6.580977486998763e-05,3.8026950555568975e-05,0.0001282652688215,0.0,Italy,ITA,lombardy,,,Windows-11-10.0.26200-SP0,3.13.13,3.2.6,32,13th Gen Intel(R) Core(TM) i9-13900HX,1,1 x NVIDIA GeForce RTX 4070 Laptop GPU,9.1922,45.4722,31.70067596435547,machine,0.0,30.0,24.7,7.824088287353516,N,1.0,0.0
2026-05-02T17:52:20,Q14_gemma2:27b_SQuAD,21d4058d-ce47-4ab3-80af-1f420a4fc7c3,5b0fa12a-3dd7-45bb-9766-cc326314d9f1,17.393834199989215,9.35690032194912e-05,5.379435157519738e-06,13.20529984448,31.700628990964475,20.0,5.890007679825781e-05,0.000132998995288,9.102778166674802e-05,0.000282926853753,0.0,Italy,ITA,lombardy,,,Windows-11-10.0.26200-SP0,3.13.13,3.2.6,32,13th Gen Intel(R) Core(TM) i9-13900HX,1,1 x NVIDIA GeForce RTX 4070 Laptop GPU,9.1922,45.4722,31.70067596435547,machine,0.0,14.4,49.080000000000005,15.558053080240883,N,1.0,0.0
2026-05-02T17:52:57,Q15_llama3.2_HumanEval,c9ce0893-583a-4641-8fcb-598e5c1b9ec9,5b0fa12a-3dd7-45bb-9766-cc326314d9f1,11.008656700025313,8.354769013948011e-05,7.58927200802692e-06,12.86902015616,51.24608914355417,20.0,3.7558421569114295e-05,0.0001566973475799,5.83693983334039e-05,0.0002526251674825,0.0,Italy,ITA,lombardy,,,Windows-11-10.0.26200-SP0,3.13.13,3.2.6,32,13th Gen Intel(R) Core(TM) i9-13900HX,1,1 x NVIDIA GeForce RTX 4070 Laptop GPU,9.1922,45.4722,31.70067596435547,machine,0.0,54.333333333333336,29.355555555555554,9.30613793267144,N,1.0,0.0
2026-05-02T17:53:59,Q15_llama3.1_HumanEval,1bd2fc2d-730d-486e-adeb-fd184b9a6ef7,5b0fa12a-3dd7-45bb-9766-cc326314d9f1,17.208386899961624,0.0001527670386177,8.877475820703846e-06,12.8250647648,64.84110009990829,20.0,5.777869716989852e-05,0.0003141810846779,8.996560055562037e-05,0.0004619253824035,0.0,Italy,ITA,lombardy,,,Windows-11-10.0.26200-SP0,3.13.13,3.2.6,32,13th Gen Intel(R) Core(TM) i9-13900HX,1,1 x NVIDIA GeForce RTX 4070 Laptop GPU,9.1922,45.4722,31.70067596435547,machine,6.666666666666667,70.66666666666667,24.53333333333333,7.783186340332032,N,1.0,0.0
2026-05-02T17:55:21,Q15_gemma2:27b_HumanEval,9ed64f88-037f-40f5-934d-188eb6b24ef6,5b0fa12a-3dd7-45bb-9766-cc326314d9f1,46.80985940003302,0.0002802551993557,5.987097653097951e-06,10.20499898664,26.41846293197706,20.0,0.0001698388663692,0.0003453524985039,0.000332223046667,0.0008474144115402,0.0,Italy,ITA,lombardy,,,Windows-11-10.0.26200-SP0,3.13.13,3.2.6,32,13th Gen Intel(R) Core(TM) i9-13900HX,1,1 x NVIDIA GeForce RTX 4070 Laptop GPU,9.1922,45.4722,31.70067596435547,machine,1.4204545454545454,23.318181818181817,53.01136363636363,16.808984236283735,N,1.0,0.0
2026-05-02T17:56:25,Q16_llama3.2_MMLU,52b023eb-6fef-4a94-815f-23f0044f1819,5b0fa12a-3dd7-45bb-9766-cc326314d9f1,7.39325830002781,4.505948973179092e-05,6.094672727939375e-06,12.8669685056,35.84378869305779,20.0,2.4580159162116363e-05,7.34614476579909e-05,3.8205859999935554e-05,0.00013624746682,0.0,Italy,ITA,lombardy,,,Windows-11-10.0.26200-SP0,3.13.13,3.2.6,32,13th Gen Intel(R) Core(TM) i9-13900HX,1,1 x NVIDIA GeForce RTX 4070 Laptop GPU,9.1922,45.4722,31.70067596435547,machine,0.0,26.2,33.52,10.618366241455078,N,1.0,0.0
2026-05-02T17:57:10,Q16_llama3.1_MMLU,1ca2451a-9126-4a4c-a0d3-d5bbfa058f09,5b0fa12a-3dd7-45bb-9766-cc326314d9f1,9.822944900020955,7.14549132106044e-05,7.274286269329674e-06,12.8784406144,47.99444077608929,20.0,3.334190677190782e-05,0.000130939549196,5.177848999996463e-05,0.0002160599459678,0.0,Italy,ITA,lombardy,,,Windows-11-10.0.26200-SP0,3.13.13,3.2.6,32,13th Gen Intel(R) Core(TM) i9-13900HX,1,1 x NVIDIA GeForce RTX 4070 Laptop GPU,9.1922,45.4722,31.70067596435547,machine,10.0,52.75,24.525,7.770682811737059,N,1.0,0.0
2026-05-02T17:58:06,Q16_gemma2:27b_MMLU,40790abb-09da-41a4-b3e7-e7746d275420,5b0fa12a-3dd7-45bb-9766-cc326314d9f1,30.89335150003899,0.0001628936882308,5.2727748956163095e-06,13.25533502672,25.01002757937127,20.0,0.0001098496239641,0.0002166601733279,0.0001660357799998,0.000492545577292,0.0,Italy,ITA,lombardy,,,Windows-11-10.0.26200-SP0,3.13.13,3.2.6,32,13th Gen Intel(R) Core(TM) i9-13900HX,1,1 x NVIDIA GeForce RTX 4070 Laptop GPU,9.1922,45.4722,31.70067596435547,machine,6.896551724137931,23.75862068965517,51.92068965517242,16.46372157129748,N,1.0,0.0
2026-05-02T17:59:00,Q17_llama3.2_HellaSwag,67260040-bd06-4b19-814f-89358a7c69d8,5b0fa12a-3dd7-45bb-9766-cc326314d9f1,8.17909619997954,5.486377499373248e-05,6.707804096236174e-06,12.867229452800002,42.23327821398405,20.0,2.741607748021947e-05,9.586396557999256e-05,4.261287777788109e-05,0.000165892920838,0.0,Italy,ITA,lombardy,,,Windows-11-10.0.26200-SP0,3.13.13,3.2.6,32,13th Gen Intel(R) Core(TM) i9-13900HX,1,1 x NVIDIA GeForce RTX 4070 Laptop GPU,9.1922,45.4722,31.70067596435547,machine,8.333333333333334,34.333333333333336,31.21666666666667,9.893816630045572,N,1.0,0.0
2026-05-02T17:59:26,Q17_llama3.1_HellaSwag,61a3556d-d935-4e77-8236-249bbbcbc362,5b0fa12a-3dd7-45bb-9766-cc326314d9f1,11.223300000012388,8.71022804390617e-05,7.760843997662503e-06,12.856121580800002,53.10087748373389,20.0,3.82839355515906e-05,0.0001655326324259,5.955670000015137e-05,0.0002633732679777,0.0,Italy,ITA,lombardy,,,Windows-11-10.0.26200-SP0,3.13.13,3.2.6,32,13th Gen Intel(R) Core(TM) i9-13900HX,1,1 x NVIDIA GeForce RTX 4070 Laptop GPU,9.1922,45.4722,31.70067596435547,machine,4.444444444444445,47.77777777777778,23.666666666666668,7.507861667209202,N,1.0,0.0
2026-05-02T18:00:21,Q17_gemma2:27b_HellaSwag,d380165e-3bfc-4a9a-955e-69ce47bc39fb,5b0fa12a-3dd7-45bb-9766-cc326314d9f1,29.89137580001261,0.0001649334116535,5.517759127482113e-06,13.27873340672,27.44224550821865,20.0,0.0001062795543394,0.000231963241126,0.0001604703427777,0.0004987131382432,0.0,Italy,ITA,lombardy,,,Windows-11-10.0.26200-SP0,3.13.13,3.2.6,32,13th Gen Intel(R) Core(TM) i9-13900HX,1,1 x NVIDIA GeForce RTX 4070 Laptop GPU,9.1922,45.4722,31.70067596435547,machine,0.0,14.892857142857142,51.16428571428571,16.21595028468541,N,1.0,0.0
2026-05-02T18:01:14,Q18_llama3.2_GSM8K,6648e526-86a5-432a-87ae-6b9effa5b352,5b0fa12a-3dd7-45bb-9766-cc326314d9f1,7.818110199994408,5.168311074626992e-05,6.61069100129938e-06,12.876317646628571,41.2163289786063,20.0,2.61624241023172e-05,8.947757158199454e-05,4.06354738887684e-05,0.000156275469573,0.0,Italy,ITA,lombardy,,,Windows-11-10.0.26200-SP0,3.13.13,3.2.6,32,13th Gen Intel(R) Core(TM) i9-13900HX,1,1 x NVIDIA GeForce RTX 4070 Laptop GPU,9.1922,45.4722,31.70067596435547,machine,0.0,31.166666666666668,30.95,9.810309727986654,N,1.0,0.0
2026-05-02T18:01:43,Q18_llama3.1_GSM8K,13263f02-153a-4ee1-9dca-f8dd65f2f2e1,5b0fa12a-3dd7-45bb-9766-cc326314d9f1,13.768022100033704,0.0001090071892651,7.917418237215078e-06,12.861390806646154,54.52663729546357,20.0,4.739318942329783e-05,0.000208517944592,7.369653555571049e-05,0.000329607669571,0.0,Italy,ITA,lombardy,,,Windows-11-10.0.26200-SP0,3.13.13,3.2.6,32,13th Gen Intel(R) Core(TM) i9-13900HX,1,1 x NVIDIA GeForce RTX 4070 Laptop GPU,9.1922,45.4722,31.70067596435547,machine,0.0,62.333333333333336,23.73333333333333,7.528892199198405,N,1.0,0.0
2026-05-02T18:03:41,Q18_gemma2:27b_GSM8K,4a9edb40-6eec-4cbc-8ec1-9fd6b5a984bb,5b0fa12a-3dd7-45bb-9766-cc326314d9f1,82.64095929998439,0.0004270905332663,5.168024873913112e-06,13.592908758811433,23.54948624216333,20.0,0.0003007273681815,0.000548396827606,0.0004422797594442,0.0012914039552318,0.0,Italy,ITA,lombardy,,,Windows-11-10.0.26200-SP0,3.13.13,3.2.6,32,13th Gen Intel(R) Core(TM) i9-13900HX,1,1 x NVIDIA GeForce RTX 4070 Laptop GPU,9.1922,45.4722,31.70067596435547,machine,3.61125,22.3375,53.2175,16.864176797866822,N,1.0,0.0
2026-05-02T18:04:53,Q19_llama3.2_SQuAD,05175c81-3369-4efd-a1a6-74daa25e87a3,5b0fa12a-3dd7-45bb-9766-cc326314d9f1,6.057825100026093,3.1297429525425415e-05,5.166446539582433e-06,12.85571548928,26.10838181088663,20.0,1.9840896354548023e-05,4.392781292000825e-05,3.086608388888029e-05,9.463479316343656e-05,0.0,Italy,ITA,lombardy,,,Windows-11-10.0.26200-SP0,3.13.13,3.2.6,32,13th Gen Intel(R) Core(TM) i9-13900HX,1,1 x NVIDIA GeForce RTX 4070 Laptop GPU,9.1922,45.4722,31.70067596435547,machine,0.0,5.75,34.675,10.988607406616213,N,1.0,0.0
2026-05-02T18:05:16,Q19_llama3.1_SQuAD,9ff4dac7-69fa-4065-b1c9-60984ec58475,5b0fa12a-3dd7-45bb-9766-cc326314d9f1,7.630622999975458,4.615934570688851e-05,6.049223727477687e-06,12.840290969600002,35.19782642659428,20.0,2.541639544917192e-05,7.456922632198548e-05,3.958750611087049e-05,0.000139573127882,0.0,Italy,ITA,lombardy,,,Windows-11-10.0.26200-SP0,3.13.13,3.2.6,32,13th Gen Intel(R) Core(TM) i9-13900HX,1,1 x NVIDIA GeForce RTX 4070 Laptop GPU,9.1922,45.4722,31.70067596435547,machine,8.333333333333334,29.33333333333333,23.75,7.532810211181641,N,1.0,0.0
2026-05-02T18:06:39,Q19_gemma2:27b_SQuAD,98848899-f659-46aa-ad38-1c41ce9781b2,5b0fa12a-3dd7-45bb-9766-cc326314d9f1,17.629060100007337,0.0001051030519996,5.9619203408137294e-06,13.16333839232,35.003870001964046,20.0,5.995232752363168e-05,0.00016549735462,9.235295333330416e-05,0.0003178026354769,0.0,Italy,ITA,lombardy,,,Windows-11-10.0.26200-SP0,3.13.13,3.2.6,32,13th Gen Intel(R) Core(TM) i9-13900HX,1,1 x NVIDIA GeForce RTX 4070 Laptop GPU,9.1922,45.4722,31.70067596435547,machine,0.0,15.9375,49.14375,15.578845500946043,N,1.0,0.0
2026-05-02T18:07:11,Q20_llama3.2_SQuAD,3b36b552-3b86-419d-8afd-d8b8e92474f4,5b0fa12a-3dd7-45bb-9766-cc326314d9f1,6.603072399972007,3.703319446231745e-05,5.608479238009634e-06,12.837936320000004,30.71319294956496,20.0,2.175701733369429e-05,5.632726728400928e-05,3.389387944448067e-05,0.0001119781640621,0.0,Italy,ITA,lombardy,,,Windows-11-10.0.26200-SP0,3.13.13,3.2.6,32,13th Gen Intel(R) Core(TM) i9-13900HX,1,1 x NVIDIA GeForce RTX 4070 Laptop GPU,9.1922,45.4722,31.70067596435547,machine,0.0,25.6,32.980000000000004,10.460071563720703,N,1.0,0.0
2026-05-02T18:08:03,Q20_llama3.1_SQuAD,8ce1273d-d802-41bc-9ab1-739e67bcaafe,5b0fa12a-3dd7-45bb-9766-cc326314d9f1,7.0707378999795765,4.07093442399302e-05,5.757439296406078e-06,12.8508738944,32.15771121567191,20.0,2.344837525201337e-05,6.315310607800384e-05,3.64923455555173e-05,0.0001230938268855,0.0,Italy,ITA,lombardy,,,Windows-11-10.0.26200-SP0,3.13.13,3.2.6,32,13th Gen Intel(R) Core(TM) i9-13900HX,1,1 x NVIDIA GeForce RTX 4070 Laptop GPU,9.1922,45.4722,31.70067596435547,machine,0.0,19.8,24.24,7.6774650573730465,N,1.0,0.0
2026-05-02T18:08:35,Q20_gemma2:27b_SQuAD,602c4252-b050-40e0-81cf-43cf7a6e41f5,5b0fa12a-3dd7-45bb-9766-cc326314d9f1,16.94095080002444,0.0001489831949416,8.79426407055016e-06,12.9331886336,51.04054964367562,20.0,0.0001165936100587,0.000153600956214,0.0001802895166668,0.0004504840829395,0.0,Italy,ITA,lombardy,,,Windows-11-10.0.26200-SP0,3.13.13,3.2.6,32,13th Gen Intel(R) Core(TM) i9-13900HX,1,1 x NVIDIA GeForce RTX 4070 Laptop GPU,9.1922,45.4722,31.70067596435547,machine,0.0,14.4,48.82,15.476856740315757,N,1.0,0.0
2026-05-02T18:09:10,Q21_llama3.2_HumanEval,d9ced9ed-04c2-4dba-8479-bdc727340b87,5b0fa12a-3dd7-45bb-9766-cc326314d9f1,10.029764399980197,7.364702824957527e-05,7.342847280612164e-06,12.8619202688,48.714990289536125,20.0,3.4041899112883004e-05,0.000135713441904,5.293295611109999e-05,0.0002226882971279,0.0,Italy,ITA,lombardy,,,Windows-11-10.0.26200-SP0,3.13.13,3.2.6,32,13th Gen Intel(R) Core(TM) i9-13900HX,1,1 x NVIDIA GeForce RTX 4070 Laptop GPU,9.1922,45.4722,31.70067596435547,machine,2.5,49.875,29.8625,9.475937366485596,N,1.0,0.0
2026-05-02T18:09:47,Q21_llama3.1_HumanEval,5b087bba-fecc-4e63-9c78-7e6a2ed9bfd6,5b0fa12a-3dd7-45bb-9766-cc326314d9f1,11.426054200041108,8.339689035627407e-05,7.298835529414348e-06,12.871508983040002,48.06324391160623,20.0,3.903931356135428e-05,0.000152470677532,6.065919944440894e-05,0.0002521691905377,0.0,Italy,ITA,lombardy,,,Windows-11-10.0.26200-SP0,3.13.13,3.2.6,32,13th Gen Intel(R) Core(TM) i9-13900HX,1,1 x NVIDIA GeForce RTX 4070 Laptop GPU,9.1922,45.4722,31.70067596435547,machine,7.411111111111111,48.11111111111112,24.23333333333333,7.6778064303927955,N,1.0,0.0
2026-05-02T18:11:26,Q21_gemma2:27b_HumanEval,fb551725-78d9-43c3-9c48-920c96f59def,5b0fa12a-3dd7-45bb-9766-cc326314d9f1,63.801439700007904,0.0003287690421012,5.153003500346317e-06,13.453528007840005,24.11660341838712,20.0,0.0002291616027304,0.0004244475617799,0.0003404977244441,0.0009941068889545,0.0,Italy,ITA,lombardy,,,Windows-11-10.0.26200-SP0,3.13.13,3.2.6,32,13th Gen Intel(R) Core(TM) i9-13900HX,1,1 x NVIDIA GeForce RTX 4070 Laptop GPU,9.1922,45.4722,31.70067596435547,machine,0.0,24.57377049180328,53.48196721311476,16.953618409203703,N,1.0,0.0
2026-05-02T18:12:41,Q22_llama3.2_HellaSwag,f91f87df-6c2d-4447-8d90-c1382f625ecd,5b0fa12a-3dd7-45bb-9766-cc326314d9f1,9.042806100042071,6.549936744456287e-05,7.243256874020349e-06,12.8839189664,47.79024611490031,20.0,3.056750466496006e-05,0.00012003481825,4.744969555564846e-05,0.0001980520184706,0.0,Italy,ITA,lombardy,,,Windows-11-10.0.26200-SP0,3.13.13,3.2.6,32,13th Gen Intel(R) Core(TM) i9-13900HX,1,1 x NVIDIA GeForce RTX 4070 Laptop GPU,9.1922,45.4722,31.70067596435547,machine,0.0,43.142857142857146,30.97142857142857,9.817681993756976,N,1.0,0.0
2026-05-02T18:13:07,Q22_llama3.1_HellaSwag,723ff05c-8a15-484d-885d-3bad7bf9f332,5b0fa12a-3dd7-45bb-9766-cc326314d9f1,10.690172200032976,7.687597393610921e-05,7.191275547074169e-06,12.87323579648,46.95543092747455,20.0,3.643076383007351e-05,0.000139422611538,5.659836277773139e-05,0.0002324517381458,0.0,Italy,ITA,lombardy,,,Windows-11-10.0.26200-SP0,3.13.13,3.2.6,32,13th Gen Intel(R) Core(TM) i9-13900HX,1,1 x NVIDIA GeForce RTX 4070 Laptop GPU,9.1922,45.4722,31.70067596435547,machine,0.0,58.11111111111112,24.344444444444445,7.715887705485026,N,1.0,0.0
2026-05-02T18:14:03,Q22_gemma2:27b_HellaSwag,26f8cccb-3fb5-400c-b50f-6b2d1f3fabcb,5b0fa12a-3dd7-45bb-9766-cc326314d9f1,30.73832320002839,0.0001668146634428,5.426927889244511e-06,13.433478482240002,26.56379784987836,20.0,0.0001106725074178,0.0002285362939399,0.0001651927233334,0.0005044015246912,0.0,Italy,ITA,lombardy,,,Windows-11-10.0.26200-SP0,3.13.13,3.2.6,32,13th Gen Intel(R) Core(TM) i9-13900HX,1,1 x NVIDIA GeForce RTX 4070 Laptop GPU,9.1922,45.4722,31.70067596435547,machine,0.0,22.27586206896552,51.67586206896552,16.381630206930225,N,1.0,0.0
2026-05-02T18:14:55,Q23_llama3.2_SQuAD,b0cc565a-ece9-4df6-a278-2b5e1712b29d,5b0fa12a-3dd7-45bb-9766-cc326314d9f1,6.800054799998179,3.841691508678316e-05,5.649500807963113e-06,12.8514534272,31.07335876191016,20.0,2.248427712194661e-05,5.868810250600487e-05,3.498977388889115e-05,0.0001161621535168,0.0,Italy,ITA,lombardy,,,Windows-11-10.0.26200-SP0,3.13.13,3.2.6,32,13th Gen Intel(R) Core(TM) i9-13900HX,1,1 x NVIDIA GeForce RTX 4070 Laptop GPU,9.1922,45.4722,31.70067596435547,machine,0.0,27.4,32.56,10.319479370117188,N,1.0,0.0
2026-05-02T18:15:39,Q23_llama3.1_SQuAD,cf00b7cf-bc88-4cae-a76f-23ce996726f3,5b0fa12a-3dd7-45bb-9766-cc326314d9f1,8.185279800032731,5.172455742621898e-05,6.319216775706574e-06,12.860640786285716,37.945001912341766,20.0,2.744773721785788e-05,8.626895790400657e-05,4.2684097777883934e-05,0.0001564007928997,0.0,Italy,ITA,lombardy,,,Windows-11-10.0.26200-SP0,3.13.13,3.2.6,32,13th Gen Intel(R) Core(TM) i9-13900HX,1,1 x NVIDIA GeForce RTX 4070 Laptop GPU,9.1922,45.4722,31.70067596435547,machine,16.666666666666668,38.5,24.4,7.735480626424153,N,1.0,0.0
2026-05-02T18:16:28,Q23_gemma2:27b_SQuAD,9c3639f1-3fee-4b00-9346-e76ea01b8d80,5b0fa12a-3dd7-45bb-9766-cc326314d9f1,24.48989409999922,0.0001401781385904,5.7239177114459e-06,13.57951143424,28.995892686295512,20.0,8.724964269971508e-05,0.0002061393315779,0.0001304710472222,0.0004238600214999,0.0,Italy,ITA,lombardy,,,Windows-11-10.0.26200-SP0,3.13.13,3.2.6,32,13th Gen Intel(R) Core(TM) i9-13900HX,1,1 x NVIDIA GeForce RTX 4070 Laptop GPU,9.1922,45.4722,31.70067596435547,machine,0.0,17.136363636363637,50.74545454545455,16.08534674210982,N,1.0,0.0
2026-05-02T18:17:11,Q24_llama3.2_HellaSwag,3481decf-7c9d-4703-ab98-2e015cf7392d,5b0fa12a-3dd7-45bb-9766-cc326314d9f1,7.069521699973848,4.1428846563902886e-05,5.860205021233069e-06,12.867957056000002,33.296133421940816,20.0,2.346169393448697e-05,6.53431078300043e-05,3.646460166653722e-05,0.000125269403431,0.0,Italy,ITA,lombardy,,,Windows-11-10.0.26200-SP0,3.13.13,3.2.6,32,13th Gen Intel(R) Core(TM) i9-13900HX,1,1 x NVIDIA GeForce RTX 4070 Laptop GPU,9.1922,45.4722,31.70067596435547,machine,0.0,26.8,33.34,10.576578521728516,N,1.0,0.0
2026-05-02T18:17:55,Q24_llama3.1_HellaSwag,210ac176-42dc-4337-a678-bd49e85178d9,5b0fa12a-3dd7-45bb-9766-cc326314d9f1,8.702049200015608,5.655656105079002e-05,6.49922331520357e-06,12.8730150992,39.77507825857214,20.0,2.932124088169275e-05,9.613646579799406e-05,4.55537322223083e-05,0.0001710114389019,0.0,Italy,ITA,lombardy,,,Windows-11-10.0.26200-SP0,3.13.13,3.2.6,32,13th Gen Intel(R) Core(TM) i9-13900HX,1,1 x NVIDIA GeForce RTX 4070 Laptop GPU,9.1922,45.4722,31.70067596435547,machine,7.142857142857143,40.285714285714285,24.2,7.666816711425781,N,1.0,0.0
2026-05-02T18:18:40,Q24_gemma2:27b_HellaSwag,7416a775-0a2a-4d03-8577-f233c0123e2f,5b0fa12a-3dd7-45bb-9766-cc326314d9f1,19.86278860003221,0.0001191095139827,5.996615902289641e-06,13.211772815360002,37.67789711093972,20.0,6.816158012221519e-05,0.0001872323720079,0.0001047603605554,0.0003601543126856,0.0,Italy,ITA,lombardy,,,Windows-11-10.0.26200-SP0,3.13.13,3.2.6,32,13th Gen Intel(R) Core(TM) i9-13900HX,1,1 x NVIDIA GeForce RTX 4070 Laptop GPU,9.1922,45.4722,31.70067596435547,machine,0.0,17.22222222222222,49.87222222222222,15.81062486436632,N,1.0,0.0
2026-05-02T18:19:12,Q25_llama3.2_MMLU,43dae0fc-16f6-40db-aa27-ac75286e50f0,5b0fa12a-3dd7-45bb-9766-cc326314d9f1,6.76699070003815,3.632173232134898e-05,5.367486661559061e-06,12.865246227200002,28.00314623579932,20.0,2.2389713928899487e-05,5.2631708771996855e-05,3.480547611123055e-05,0.0001098268988121,0.0,Italy,ITA,lombardy,,,Windows-11-10.0.26200-SP0,3.13.13,3.2.6,32,13th Gen Intel(R) Core(TM) i9-13900HX,1,1 x NVIDIA GeForce RTX 4070 Laptop GPU,9.1922,45.4722,31.70067596435547,machine,0.0,24.2,33.06,10.484297180175782,N,1.0,0.0
2026-05-02T18:19:35,Q25_llama3.1_MMLU,acbe21b1-d777-442b-9c36-f882b4b85926,5b0fa12a-3dd7-45bb-9766-cc326314d9f1,8.15441479999572,4.899654973190512e-05,6.0085917792569046e-06,12.859760065828572,34.59981635777684,20.0,2.73238380698007e-05,7.833395155600054e-05,4.249426055563768e-05,0.0001481520501814,0.0,Italy,ITA,lombardy,,,Windows-11-10.0.26200-SP0,3.13.13,3.2.6,32,13th Gen Intel(R) Core(TM) i9-13900HX,1,1 x NVIDIA GeForce RTX 4070 Laptop GPU,9.1922,45.4722,31.70067596435547,machine,0.0,27.166666666666668,24.05,7.635791142781575,N,1.0,0.0
2026-05-02T18:20:14,Q25_gemma2:27b_MMLU,e4c8f644-2acc-4a14-b23d-b84cfa4f295e,5b0fa12a-3dd7-45bb-9766-cc326314d9f1,24.59657809999772,0.0001408144038319,5.7249591085196265e-06,13.33241747072,29.1478510804775,20.0,8.639308590299348e-05,0.0002084037778339,0.0001309870483331,0.00042578391207,0.0,Italy,ITA,lombardy,,,Windows-11-10.0.26200-SP0,3.13.13,3.2.6,32,13th Gen Intel(R) Core(TM) i9-13900HX,1,1 x NVIDIA GeForce RTX 4070 Laptop GPU,9.1922,45.4722,31.70067596435547,machine,0.0,17.5,50.74545454545455,16.08546326377175,N,1.0,0.0
2026-05-02T18:21:10,Q26_llama3.2_HumanEval,9ecefe57-557b-4a38-bf4c-cb4e7a50695b,5b0fa12a-3dd7-45bb-9766-cc326314d9f1,10.664634199987631,8.271811816747864e-05,7.75630149298272e-06,12.852167744000004,53.1331252387291,20.0,3.627951644619977e-05,0.00015738207035,5.645518388903131e-05,0.0002501167706852,0.0,Italy,ITA,lombardy,,,Windows-11-10.0.26200-SP0,3.13.13,3.2.6,32,13th Gen Intel(R) Core(TM) i9-13900HX,1,1 x NVIDIA GeForce RTX 4070 Laptop GPU,9.1922,45.4722,31.70067596435547,machine,3.7,54.66666666666666,28.93333333333333,9.168506198459202,N,1.0,0.0
2026-05-02T18:21:50,Q26_llama3.1_HumanEval,60895702-00ca-4296-afc4-ad9251409dcd,5b0fa12a-3dd7-45bb-9766-cc326314d9f1,14.315224300022235,0.0001172381448515,8.18975255954416e-06,12.868148837415388,57.43803631312788,20.0,4.9375256519741735e-05,0.000228381571594,7.673898055573873e-05,0.0003544958086694,0.0,Italy,ITA,lombardy,,,Windows-11-10.0.26200-SP0,3.13.13,3.2.6,32,13th Gen Intel(R) Core(TM) i9-13900HX,1,1 x NVIDIA GeForce RTX 4070 Laptop GPU,9.1922,45.4722,31.70067596435547,machine,0.0,68.91666666666667,24.166666666666668,7.661648750305176,N,1.0,0.0
2026-05-02T18:23:16,Q26_gemma2:27b_HumanEval,e6c459e0-4af4-4445-9b2e-02f609829e01,5b0fa12a-3dd7-45bb-9766-cc326314d9f1,50.57172730000457,0.0002603380092254,5.147896327153195e-06,13.385165937800002,23.689829401891583,20.0,0.0001803372199289,0.000337110547466,0.0002697425555554,0.0007871903229503,0.0,Italy,ITA,lombardy,,,Windows-11-10.0.26200-SP0,3.13.13,3.2.6,32,13th Gen Intel(R) Core(TM) i9-13900HX,1,1 x NVIDIA GeForce RTX 4070 Laptop GPU,9.1922,45.4722,31.70067596435547,machine,7.083333333333333,17.083333333333332,52.32083333333333,16.58451286951701,N,1.0,0.0
2026-05-02T18:24:18,Q27_llama3.2_SQuAD,0ffc5012-9214-436f-869d-ba638ff1a76c,5b0fa12a-3dd7-45bb-9766-cc326314d9f1,6.527236800000537,3.448250867386035e-05,5.282864668531332e-06,12.8835137792,27.19424558037501,20.0,2.1548046123239533e-05,4.926809496999529e-05,3.3449452777858823e-05,0.000104265593871,0.0,Italy,ITA,lombardy,,,Windows-11-10.0.26200-SP0,3.13.13,3.2.6,32,13th Gen Intel(R) Core(TM) i9-13900HX,1,1 x NVIDIA GeForce RTX 4070 Laptop GPU,9.1922,45.4722,31.70067596435547,machine,0.0,9.0,34.2,10.8441162109375,N,1.0,0.0
2026-05-02T18:25:00,Q27_llama3.1_SQuAD,550086de-b0b2-4f72-b93e-73c47a371f92,5b0fa12a-3dd7-45bb-9766-cc326314d9f1,6.86928220000118,3.739938781087114e-05,5.444438985322909e-06,12.850148288,28.81972936536853,20.0,2.2727641074977108e-05,5.498532176601012e-05,3.537246888897951e-05,0.0001130854317299,0.0,Italy,ITA,lombardy,,,Windows-11-10.0.26200-SP0,3.13.13,3.2.6,32,13th Gen Intel(R) Core(TM) i9-13900HX,1,1 x NVIDIA GeForce RTX 4070 Laptop GPU,9.1922,45.4722,31.70067596435547,machine,0.0,28.8,23.26,7.372842407226562,N,1.0,0.0
2026-05-02T18:25:33,Q27_gemma2:27b_SQuAD,9be16042-a549-4e12-9de3-5b47a5275467,5b0fa12a-3dd7-45bb-9766-cc326314d9f1,17.494806899980176,0.0001018534144726,5.821922759991629e-06,13.146785047040002,38.645456775625526,20.0,5.924438011891485e-05,0.0001571259590339,9.160628888865984e-05,0.0003079766280415,0.0,Italy,ITA,lombardy,,,Windows-11-10.0.26200-SP0,3.13.13,3.2.6,32,13th Gen Intel(R) Core(TM) i9-13900HX,1,1 x NVIDIA GeForce RTX 4070 Laptop GPU,9.1922,45.4722,31.70067596435547,machine,0.0,18.8,47.85333333333333,15.168297068277996,N,1.0,0.0
2026-05-02T18:26:04,Q28_llama3.2_SQuAD,9192fe9b-8d83-4a88-a520-31812e4c620a,5b0fa12a-3dd7-45bb-9766-cc326314d9f1,6.338653800019529,3.5622148878133514e-05,5.619828752601028e-06,12.88047563264,30.90008122492744,20.0,2.0883851834860943e-05,5.440143240999229e-05,3.242626722235905e-05,0.0001077115514672,0.0,Italy,ITA,lombardy,,,Windows-11-10.0.26200-SP0,3.13.13,3.2.6,32,13th Gen Intel(R) Core(TM) i9-13900HX,1,1 x NVIDIA GeForce RTX 4070 Laptop GPU,9.1922,45.4722,31.70067596435547,machine,0.0,5.0,34.625,10.96804904937744,N,1.0,0.0
2026-05-02T18:26:47,Q28_llama3.1_SQuAD,c86466e3-b3be-470a-ae35-de39edef4651,5b0fa12a-3dd7-45bb-9766-cc326314d9f1,7.142840199987404,4.18350944288394e-05,5.856927112678955e-06,12.8497719104,33.2340199986844,20.0,2.36930016086033e-05,6.592866385399243e-05,3.687611944430197e-05,0.0001264977849068,0.0,Italy,ITA,lombardy,,,Windows-11-10.0.26200-SP0,3.13.13,3.2.6,32,13th Gen Intel(R) Core(TM) i9-13900HX,1,1 x NVIDIA GeForce RTX 4070 Laptop GPU,9.1922,45.4722,31.70067596435547,machine,0.0,28.8,23.42,7.417997741699219,N,1.0,0.0
2026-05-02T18:27:18,Q28_gemma2:27b_SQuAD,6797c2a8-a1db-4813-a4aa-42938a3914b1,5b0fa12a-3dd7-45bb-9766-cc326314d9f1,16.692758799996227,0.0001433911107384,8.590018729469831e-06,12.822635459840004,47.3318800826715,20.0,0.0001146466725225,0.0001401103898659,0.0001788181005553,0.0004335751629439,0.0,Italy,ITA,lombardy,,,Windows-11-10.0.26200-SP0,3.13.13,3.2.6,32,13th Gen Intel(R) Core(TM) i9-13900HX,1,1 x NVIDIA GeForce RTX 4070 Laptop GPU,9.1922,45.4722,31.70067596435547,machine,3.333333333333333,13.6,48.14,15.25892130533854,N,1.0,0.0
2026-05-02T18:27:51,Q29_llama3.2_SQuAD,732d61a7-8932-4b49-9d3c-cecbf4fd3802,5b0fa12a-3dd7-45bb-9766-cc326314d9f1,7.757963099982589,5.199029087813939e-05,6.701538819932782e-06,12.874071658057144,42.25470718000554,20.0,2.5931064205551408e-05,9.099007279199378e-05,4.0283160555473946e-05,0.000157204297553,0.0,Italy,ITA,lombardy,,,Windows-11-10.0.26200-SP0,3.13.13,3.2.6,32,13th Gen Intel(R) Core(TM) i9-13900HX,1,1 x NVIDIA GeForce RTX 4070 Laptop GPU,9.1922,45.4722,31.70067596435547,machine,16.666666666666668,35.166666666666664,31.133333333333336,9.865030288696287,N,1.0,0.0
2026-05-02T18:28:14,Q29_llama3.1_SQuAD,ea3e9b42-114e-44d2-a509-e453dc102b09,5b0fa12a-3dd7-45bb-9766-cc326314d9f1,8.150159000011627,4.77412338746218e-05,5.857705828138284e-06,12.86444864,32.926932587944165,20.0,2.733059224739648e-05,7.453644851800056e-05,4.2489280555552497e-05,0.0001443563213209,0.0,Italy,ITA,lombardy,,,Windows-11-10.0.26200-SP0,3.13.13,3.2.6,32,13th Gen Intel(R) Core(TM) i9-13900HX,1,1 x NVIDIA GeForce RTX 4070 Laptop GPU,9.1922,45.4722,31.70067596435547,machine,0.0,40.333333333333336,23.566666666666663,7.468308766682942,N,1.0,0.0
2026-05-02T18:28:49,Q29_gemma2:27b_SQuAD,26667dec-c58a-4090-98d9-357eee974c72,5b0fa12a-3dd7-45bb-9766-cc326314d9f1,19.331025199964643,0.0001126892811403,5.829451877210514e-06,13.285440176960002,31.85341381444124,20.0,6.637763383090618e-05,0.0001725620824939,0.0001018015833332,0.0003407412996581,0.0,Italy,ITA,lombardy,,,Windows-11-10.0.26200-SP0,3.13.13,3.2.6,32,13th Gen Intel(R) Core(TM) i9-13900HX,1,1 x NVIDIA GeForce RTX 4070 Laptop GPU,9.1922,45.4722,31.70067596435547,machine,0.0,16.823529411764707,48.84705882352941,15.487391303567325,N,1.0,0.0
2026-05-02T18:29:30,Q30_llama3.2_SQuAD,f5c4c065-aa02-4fc9-bf11-fef5b56ab9b6,5b0fa12a-3dd7-45bb-9766-cc326314d9f1,6.081731800048146,3.26024099089915e-05,5.36071155073517e-06,12.857123486720004,28.210024620033657,20.0,1.992892961822072e-05,4.765198256599657e-05,3.0999781666711595e-05,9.858069385092888e-05,0.0,Italy,ITA,lombardy,,,Windows-11-10.0.26200-SP0,3.13.13,3.2.6,32,13th Gen Intel(R) Core(TM) i9-13900HX,1,1 x NVIDIA GeForce RTX 4070 Laptop GPU,9.1922,45.4722,31.70067596435547,machine,0.0,7.25,34.45,10.9201021194458,N,1.0,0.0
2026-05-02T18:30:02,Q30_llama3.1_SQuAD,97ae11e8-c973-420f-a6ec-55fbfd9fb809,5b0fa12a-3dd7-45bb-9766-cc326314d9f1,6.752269899996463,3.696278528130689e-05,5.474127342173666e-06,12.849498425600002,29.18612317431266,20.0,2.230764622138469e-05,5.473698823400819e-05,3.47206316665203e-05,0.0001117652661219,0.0,Italy,ITA,lombardy,,,Windows-11-10.0.26200-SP0,3.13.13,3.2.6,32,13th Gen Intel(R) Core(TM) i9-13900HX,1,1 x NVIDIA GeForce RTX 4070 Laptop GPU,9.1922,45.4722,31.70067596435547,machine,0.0,24.8,23.48,7.448258972167968,N,1.0,0.0
2026-05-02T18:30:34,Q30_gemma2:27b_SQuAD,d50c1317-2eb3-4cec-b5c2-fbcd5a83c72c,5b0fa12a-3dd7-45bb-9766-cc326314d9f1,16.940232900029514,0.0001541796486862,9.101388959415306e-06,13.13520748544,40.11774889932042,20.0,0.0001184370365892,0.000167472911756,0.0001802867772222,0.0004661967255675,0.0,Italy,ITA,lombardy,,,Windows-11-10.0.26200-SP0,3.13.13,3.2.6,32,13th Gen Intel(R) Core(TM) i9-13900HX,1,1 x NVIDIA GeForce RTX 4070 Laptop GPU,9.1922,45.4722,31.70067596435547,machine,0.0,8.933333333333334,48.14666666666667,15.265548451741536,N,1.0,0.0
2026-05-02T18:31:07,Q31_llama3.2_GSM8K,516e179f-9945-47ee-9c9b-13a0a73d0837,5b0fa12a-3dd7-45bb-9766-cc326314d9f1,7.265490200021304,4.505996153360118e-05,6.201916222179895e-06,12.8737311488,36.95602193980279,20.0,2.417042379502901e-05,7.452950406798553e-05,3.754896555555105e-05,0.0001362488934185,0.0,Italy,ITA,lombardy,,,Windows-11-10.0.26200-SP0,3.13.13,3.2.6,32,13th Gen Intel(R) Core(TM) i9-13900HX,1,1 x NVIDIA GeForce RTX 4070 Laptop GPU,9.1922,45.4722,31.70067596435547,machine,0.0,42.6,32.12,10.186473846435549,N,1.0,0.0
2026-05-02T18:31:31,Q31_llama3.1_GSM8K,ddda41c6-5373-4504-b997-a6fdf4e6d612,5b0fa12a-3dd7-45bb-9766-cc326314d9f1,9.336103600042406,6.376030529255577e-05,6.829434207678047e-06,12.8488046384,43.2637037038209,20.0,3.1529450066834586e-05,0.000112187311972,4.907681222248357e-05,0.0001927935742613,0.0,Italy,ITA,lombardy,,,Windows-11-10.0.26200-SP0,3.13.13,3.2.6,32,13th Gen Intel(R) Core(TM) i9-13900HX,1,1 x NVIDIA GeForce RTX 4070 Laptop GPU,9.1922,45.4722,31.70067596435547,machine,0.0,47.0,23.514285714285712,7.454524448939732,N,1.0,0.0
2026-05-02T18:32:37,Q31_gemma2:27b_GSM8K,635204d9-c7dc-481d-8262-e06dda949e1e,5b0fa12a-3dd7-45bb-9766-cc326314d9f1,40.48015200003283,0.0002149388559988,5.309734410056227e-06,13.3237565464,25.139288525144213,20.0,0.000143867444121,0.000289542176078,0.0002165061872226,0.0006499158074216,0.0,Italy,ITA,lombardy,,,Windows-11-10.0.26200-SP0,3.13.13,3.2.6,32,13th Gen Intel(R) Core(TM) i9-13900HX,1,1 x NVIDIA GeForce RTX 4070 Laptop GPU,9.1922,45.4722,31.70067596435547,machine,2.631578947368421,20.92105263157895,51.92368421052631,16.461461518940173,N,1.0,0.0
2026-05-02T18:33:30,Q32_llama3.2_GSM8K,e303145e-6522-41dc-b2ef-5e83a7bc1985,5b0fa12a-3dd7-45bb-9766-cc326314d9f1,7.123145899968222,4.1800512294534064e-05,5.868265634531022e-06,12.85672496,33.33811207084773,20.0,2.364811919467492e-05,6.595866387799909e-05,3.6786434999925806e-05,0.0001263932180725,0.0,Italy,ITA,lombardy,,,Windows-11-10.0.26200-SP0,3.13.13,3.2.6,32,13th Gen Intel(R) Core(TM) i9-13900HX,1,1 x NVIDIA GeForce RTX 4070 Laptop GPU,9.1922,45.4722,31.70067596435547,machine,0.0,21.4,32.22,10.214629364013671,N,1.0,0.0
2026-05-02T18:33:54,Q32_llama3.1_GSM8K,e100f8f9-fdf1-4623-8bd9-40a2b686a789,5b0fa12a-3dd7-45bb-9766-cc326314d9f1,8.951740099990275,5.925131421573156e-05,6.618971680801583e-06,12.8755849808,41.02340688933489,20.0,3.021998472038924e-05,0.000101998970488,4.6940673888699774e-05,0.000179159629097,0.0,Italy,ITA,lombardy,,,Windows-11-10.0.26200-SP0,3.13.13,3.2.6,32,13th Gen Intel(R) Core(TM) i9-13900HX,1,1 x NVIDIA GeForce RTX 4070 Laptop GPU,9.1922,45.4722,31.70067596435547,machine,0.0,50.71428571428572,23.84285714285713,7.5607196262904575,N,1.0,0.0
2026-05-02T18:34:49,Q32_gemma2:27b_GSM8K,9aa1ab5c-9a70-41e1-b2bb-53624f40e6d4,5b0fa12a-3dd7-45bb-9766-cc326314d9f1,30.2590976000065,0.0001702016841989,5.624810311556659e-06,13.39606744448,28.464607428063594,20.0,0.0001085031995515,0.0002436185282279,0.0001625212133331,0.0005146429411127,0.0,Italy,ITA,lombardy,,,Windows-11-10.0.26200-SP0,3.13.13,3.2.6,32,13th Gen Intel(R) Core(TM) i9-13900HX,1,1 x NVIDIA GeForce RTX 4070 Laptop GPU,9.1922,45.4722,31.70067596435547,machine,1.1892857142857145,22.785714285714285,51.35357142857144,16.2772250856672,N,1.0,0.0
2026-05-02T18:35:41,Q33_llama3.2_SQuAD,530e1f7d-9e88-473d-96cc-17274dfc0bc6,5b0fa12a-3dd7-45bb-9766-cc326314d9f1,6.729081199970096,4.070361143588442e-05,6.048910724403995e-06,12.871070336,35.429247004513726,20.0,2.226423338264537e-05,6.621755297399334e-05,3.459470611091496e-05,0.0001230764924675,0.0,Italy,ITA,lombardy,,,Windows-11-10.0.26200-SP0,3.13.13,3.2.6,32,13th Gen Intel(R) Core(TM) i9-13900HX,1,1 x NVIDIA GeForce RTX 4070 Laptop GPU,9.1922,45.4722,31.70067596435547,machine,0.0,24.0,32.760000000000005,10.385966491699218,N,1.0,0.0
2026-05-02T18:36:03,Q33_llama3.1_SQuAD,afc9b7da-964a-430e-8fe7-d6407c11567e,5b0fa12a-3dd7-45bb-9766-cc326314d9f1,7.158839100040495,4.348619024132005e-05,6.0744751535306975e-06,12.8483546816,35.58603629780829,20.0,2.37559832334252e-05,7.07561677160129e-05,3.697809222244865e-05,0.0001314902431718,0.0,Italy,ITA,lombardy,,,Windows-11-10.0.26200-SP0,3.13.13,3.2.6,32,13th Gen Intel(R) Core(TM) i9-13900HX,1,1 x NVIDIA GeForce RTX 4070 Laptop GPU,9.1922,45.4722,31.70067596435547,machine,0.0,9.0,23.64,7.501274871826172,N,1.0,0.0
2026-05-02T18:36:35,Q33_gemma2:27b_SQuAD,ca40cf7c-a08d-428b-8b25-5de65c36e627,5b0fa12a-3dd7-45bb-9766-cc326314d9f1,16.848858900018968,0.0001423808961535,8.450477091561958e-06,12.89574749312,47.789074521697664,20.0,0.0001159178370718,0.0001348348300899,0.0001797678855555,0.0004305205527173,0.0,Italy,ITA,lombardy,,,Windows-11-10.0.26200-SP0,3.13.13,3.2.6,32,13th Gen Intel(R) Core(TM) i9-13900HX,1,1 x NVIDIA GeForce RTX 4070 Laptop GPU,9.1922,45.4722,31.70067596435547,machine,0.0,12.2,48.36,15.332908630371094,N,1.0,0.0
2026-05-02T18:37:07,Q34_llama3.2_MMLU,1ed5ca88-9788-456b-ae41-3641d72288b2,5b0fa12a-3dd7-45bb-9766-cc326314d9f1,6.514330899983179,3.870380883371103e-05,5.941332951602285e-06,12.8854976384,34.32605810673846,20.0,2.152069526833669e-05,6.210699413000675e-05,3.340195166658507e-05,0.0001170296410649,0.0,Italy,ITA,lombardy,,,Windows-11-10.0.26200-SP0,3.13.13,3.2.6,32,13th Gen Intel(R) Core(TM) i9-13900HX,1,1 x NVIDIA GeForce RTX 4070 Laptop GPU,9.1922,45.4722,31.70067596435547,machine,16.675,7.75,34.9,11.070850372314451,N,1.0,0.0
2026-05-02T18:37:31,Q34_llama3.1_MMLU,968e5cff-86f3-4c68-b7ef-706f1512830d,5b0fa12a-3dd7-45bb-9766-cc326314d9f1,9.110561200010125,6.305455962210919e-05,6.921040124513857e-06,12.8504231984,44.30132234845615,20.0,3.0729099912657144e-05,0.000112105367462,4.7825126666511e-05,0.0001906595940411,0.0,Italy,ITA,lombardy,,,Windows-11-10.0.26200-SP0,3.13.13,3.2.6,32,13th Gen Intel(R) Core(TM) i9-13900HX,1,1 x NVIDIA GeForce RTX 4070 Laptop GPU,9.1922,45.4722,31.70067596435547,machine,0.0,34.42857142857143,23.842857142857145,7.558491843087332,N,1.0,0.0
2026-05-02T18:38:15,Q34_gemma2:27b_MMLU,8d3feb48-6f10-4632-bddd-19729d84527d,5b0fa12a-3dd7-45bb-9766-cc326314d9f1,19.240852500020992,0.0001093384776704,5.682621270047617e-06,13.457428666880002,30.5294622231631,20.0,6.629762891516098e-05,0.000163005130404,0.000101306635,0.0003306093943192,0.0,Italy,ITA,lombardy,,,Windows-11-10.0.26200-SP0,3.13.13,3.2.6,32,13th Gen Intel(R) Core(TM) i9-13900HX,1,1 x NVIDIA GeForce RTX 4070 Laptop GPU,9.1922,45.4722,31.70067596435547,machine,0.0,16.705882352941178,49.18235294117648,15.593692555147058,N,1.0,0.0
2026-05-02T18:38:57,Q35_llama3.2_SQuAD,48ee908c-aa11-4e8e-ab6c-682c131c7040,5b0fa12a-3dd7-45bb-9766-cc326314d9f1,5.966517599998042,3.296138038762755e-05,5.524391713457506e-06,12.869351943680002,30.03867312127572,20.0,1.953350561977956e-05,4.977698426600341e-05,3.035563166680125e-05,9.966612155258422e-05,0.0,Italy,ITA,lombardy,,,Windows-11-10.0.26200-SP0,3.13.13,3.2.6,32,13th Gen Intel(R) Core(TM) i9-13900HX,1,1 x NVIDIA GeForce RTX 4070 Laptop GPU,9.1922,45.4722,31.70067596435547,machine,37.5,5.25,34.975,11.083638191223145,N,1.0,0.0
2026-05-02T18:39:19,Q35_llama3.1_SQuAD,7cbf7983-f6cc-492d-8e4f-13300932628e,5b0fa12a-3dd7-45bb-9766-cc326314d9f1,6.728369799966458,3.7080861525332205e-05,5.511121211785514e-06,12.8499701312,29.597936082221413,20.0,2.2222482416347512e-05,5.53130998059842e-05,3.458671388895406e-05,0.0001121222961112,0.0,Italy,ITA,lombardy,,,Windows-11-10.0.26200-SP0,3.13.13,3.2.6,32,13th Gen Intel(R) Core(TM) i9-13900HX,1,1 x NVIDIA GeForce RTX 4070 Laptop GPU,9.1922,45.4722,31.70067596435547,machine,0.0,26.4,24.1,7.642143249511719,N,1.0,0.0
2026-05-02T18:39:51,Q35_gemma2:27b_SQuAD,4e2fcd60-52b7-4d55-94c6-7eb4703e0094,5b0fa12a-3dd7-45bb-9766-cc326314d9f1,16.948178299993742,0.0001423760948671,8.400672470336944e-06,13.032402959360002,47.99577318440152,20.0,0.0001174937554331,0.0001327312172959,0.0001802810622223,0.0004305060349515,0.0,Italy,ITA,lombardy,,,Windows-11-10.0.26200-SP0,3.13.13,3.2.6,32,13th Gen Intel(R) Core(TM) i9-13900HX,1,1 x NVIDIA GeForce RTX 4070 Laptop GPU,9.1922,45.4722,31.70067596435547,machine,0.0,16.4,48.49333333333333,15.367457580566406,N,1.0,0.0
2026-05-02T18:40:24,Q36_llama3.2_MMLU,238f9b82-c066-4531-b4f2-65710c4ca157,5b0fa12a-3dd7-45bb-9766-cc326314d9f1,7.824301999993622,4.923437810415105e-05,6.292494602610071e-06,12.862801461028573,37.75182681981339,20.0,2.615978249767836e-05,8.203728785199926e-05,4.067410722200293e-05,0.0001488711775716,0.0,Italy,ITA,lombardy,,,Windows-11-10.0.26200-SP0,3.13.13,3.2.6,32,13th Gen Intel(R) Core(TM) i9-13900HX,1,1 x NVIDIA GeForce RTX 4070 Laptop GPU,9.1922,45.4722,31.70067596435547,machine,0.0,35.5,31.1,9.864740371704102,N,1.0,0.0
2026-05-02T18:40:48,Q36_llama3.1_MMLU,5cf63315-a8a6-48cc-ab46-1ef0df44b6ea,5b0fa12a-3dd7-45bb-9766-cc326314d9f1,9.1630989999976,6.314982534507373e-05,6.891754126534075e-06,12.844541820800002,43.97848240495363,20.0,3.0901727318618704e-05,0.000111930367322,4.811555666674394e-05,0.0001909476513073,0.0,Italy,ITA,lombardy,,,Windows-11-10.0.26200-SP0,3.13.13,3.2.6,32,13th Gen Intel(R) Core(TM) i9-13900HX,1,1 x NVIDIA GeForce RTX 4070 Laptop GPU,9.1922,45.4722,31.70067596435547,machine,0.0,47.85714285714285,23.957142857142856,7.601743970598493,N,1.0,0.0
2026-05-02T18:41:48,Q36_gemma2:27b_MMLU,46a58a87-adab-4d1c-acae-0822b231bd02,5b0fa12a-3dd7-45bb-9766-cc326314d9f1,35.31060389999766,0.000192580685342,5.45390517498569e-06,13.52043052768,26.524877695964687,20.0,0.000125905222713,0.00026866549271,0.0001877401516662,0.0005823108670893,0.0,Italy,ITA,lombardy,,,Windows-11-10.0.26200-SP0,3.13.13,3.2.6,32,13th Gen Intel(R) Core(TM) i9-13900HX,1,1 x NVIDIA GeForce RTX 4070 Laptop GPU,9.1922,45.4722,31.70067596435547,machine,3.0303030303030303,21.484848484848484,51.763636363636365,16.41698918198094,N,1.0,0.0
2026-05-02T18:42:45,Q37_llama3.2_HumanEval,f7170d6c-887a-4d7c-b0ec-ca96bb0ddf89,5b0fa12a-3dd7-45bb-9766-cc326314d9f1,11.026523900043683,8.228537246775612e-05,7.462494364831524e-06,12.84574132352,49.91778790847996,20.0,3.753944814098334e-05,0.00015282373337,5.844508555569014e-05,0.0002488082670666,0.0,Italy,ITA,lombardy,,,Windows-11-10.0.26200-SP0,3.13.13,3.2.6,32,13th Gen Intel(R) Core(TM) i9-13900HX,1,1 x NVIDIA GeForce RTX 4070 Laptop GPU,9.1922,45.4722,31.70067596435547,machine,5.555555555555555,57.11111111111112,28.866666666666667,9.14540312025282,N,1.0,0.0
2026-05-02T18:43:20,Q37_llama3.1_HumanEval,f755fde8-fd91-40b6-88d1-4dcbb94d87ff,5b0fa12a-3dd7-45bb-9766-cc326314d9f1,9.918012600042855,7.023543210316807e-05,7.081603435638363e-06,12.8622758656,45.89434346051174,20.0,3.363884369605805e-05,0.0001264284344759,5.2305293333483854e-05,0.0002123725715055,0.0,Italy,ITA,lombardy,,,Windows-11-10.0.26200-SP0,3.13.13,3.2.6,32,13th Gen Intel(R) Core(TM) i9-13900HX,1,1 x NVIDIA GeForce RTX 4070 Laptop GPU,9.1922,45.4722,31.70067596435547,machine,0.0,43.0,23.7875,7.538043975830078,N,1.0,0.0
2026-05-02T18:44:48,Q37_gemma2:27b_HumanEval,f53f49a9-f608-4c03-a48b-ace30fdc1af6,5b0fa12a-3dd7-45bb-9766-cc326314d9f1,62.25449429999571,0.0003232020030508,5.191625226178348e-06,13.419624357728,25.281782181263527,20.0,0.0002244747479527,0.000420938114528,0.0003318608361108,0.0009772736985916,0.0,Italy,ITA,lombardy,,,Windows-11-10.0.26200-SP0,3.13.13,3.2.6,32,13th Gen Intel(R) Core(TM) i9-13900HX,1,1 x NVIDIA GeForce RTX 4070 Laptop GPU,9.1922,45.4722,31.70067596435547,machine,1.0,22.716666666666665,52.96,16.791039848327635,N,1.0,0.0
2026-05-02T18:46:00,Q38_llama3.2_MMLU,67bd3150-8afa-4fc7-b6e4-21754c71ff23,5b0fa12a-3dd7-45bb-9766-cc326314d9f1,6.494628100015689,3.563250164157256e-05,5.486457591233975e-06,12.8732791808,29.394158048540376,20.0,2.1428927393929675e-05,5.302282019599425e-05,3.329110777801058e-05,0.0001077428553679,0.0,Italy,ITA,lombardy,,,Windows-11-10.0.26200-SP0,3.13.13,3.2.6,32,13th Gen Intel(R) Core(TM) i9-13900HX,1,1 x NVIDIA GeForce RTX 4070 Laptop GPU,9.1922,45.4722,31.70067596435547,machine,0.0,4.5,34.65,10.976983070373535,N,1.0,0.0
2026-05-02T18:46:23,Q38_llama3.1_MMLU,17c972f7-e7e6-4b98-b1bf-91256151c18b,5b0fa12a-3dd7-45bb-9766-cc326314d9f1,7.869496100000106,5.074466839117841e-05,6.448274164743246e-06,12.8886868352,39.44076454741451,20.0,2.6362902059017827e-05,8.616729115600019e-05,4.090768555534952e-05,0.0001534378787703,0.0,Italy,ITA,lombardy,,,Windows-11-10.0.26200-SP0,3.13.13,3.2.6,32,13th Gen Intel(R) Core(TM) i9-13900HX,1,1 x NVIDIA GeForce RTX 4070 Laptop GPU,9.1922,45.4722,31.70067596435547,machine,0.0,23.5,23.883333333333336,7.575979232788086,N,1.0,0.0
2026-05-02T18:46:55,Q38_gemma2:27b_MMLU,d616709f-1e5c-4093-ab73-08a8fcd50366,5b0fa12a-3dd7-45bb-9766-cc326314d9f1,16.888321099977475,0.0001436544436432,8.506141184362454e-06,12.94707617408,43.27566651303205,20.0,0.0001165023953414,0.0001379128881079,0.0001799561255553,0.0004343714090048,0.0,Italy,ITA,lombardy,,,Windows-11-10.0.26200-SP0,3.13.13,3.2.6,32,13th Gen Intel(R) Core(TM) i9-13900HX,1,1 x NVIDIA GeForce RTX 4070 Laptop GPU,9.1922,45.4722,31.70067596435547,machine,0.0,16.333333333333332,48.16,15.269981638590496,N,1.0,0.0
2026-05-02T18:47:27,Q39_llama3.2_SQuAD,a17312a3-e829-4f4f-ac11-6ab11df74c48,5b0fa12a-3dd7-45bb-9766-cc326314d9f1,6.855441499967128,4.15486892561588e-05,6.060687594862859e-06,12.8502285056,35.55558685390679,20.0,2.267099886432714e-05,6.767727636400322e-05,3.528349944422694e-05,0.0001256317746725,0.0,Italy,ITA,lombardy,,,Windows-11-10.0.26200-SP0,3.13.13,3.2.6,32,13th Gen Intel(R) Core(TM) i9-13900HX,1,1 x NVIDIA GeForce RTX 4070 Laptop GPU,9.1922,45.4722,31.70067596435547,machine,0.0,23.0,32.160000000000004,10.193968963623046,N,1.0,0.0
2026-05-02T18:48:11,Q39_llama3.1_SQuAD,989f069e-b587-4236-8cd4-98db9e623842,5b0fa12a-3dd7-45bb-9766-cc326314d9f1,7.958807200018782,5.183017400133175e-05,6.512304255995727e-06,12.856047054628576,40.10974410620191,20.0,2.6629332355811355e-05,8.8664793154003e-05,4.14260227776443e-05,0.0001567201482874,0.0,Italy,ITA,lombardy,,,Windows-11-10.0.26200-SP0,3.13.13,3.2.6,32,13th Gen Intel(R) Core(TM) i9-13900HX,1,1 x NVIDIA GeForce RTX 4070 Laptop GPU,9.1922,45.4722,31.70067596435547,machine,0.0,24.166666666666668,23.75,7.525571823120117,N,1.0,0.0
2026-05-02T18:48:46,Q39_gemma2:27b_SQuAD,0d38036a-6ff3-4531-9397-e6798dad2ab6,5b0fa12a-3dd7-45bb-9766-cc326314d9f1,20.17990249994909,0.000121657352541,6.028639263312158e-06,13.39174611584,31.285031595009663,20.0,7.019665738187631e-05,0.000191153764034,0.000106507852222,0.0003678582736379,0.0,Italy,ITA,lombardy,,,Windows-11-10.0.26200-SP0,3.13.13,3.2.6,32,13th Gen Intel(R) Core(TM) i9-13900HX,1,1 x NVIDIA GeForce RTX 4070 Laptop GPU,9.1922,45.4722,31.70067596435547,machine,3.1722222222222225,17.11111111111111,49.29444444444445,15.627108679877388,N,1.0,0.0
2026-05-02T18:49:29,Q40_llama3.2_GSM8K,cdd7e297-d998-42f8-b1e9-f8adf70507f3,5b0fa12a-3dd7-45bb-9766-cc326314d9f1,7.700282999954652,5.0119387755210575e-05,6.508772178308997e-06,12.866947344457143,40.12819327306386,20.0,2.572944451206786e-05,8.582617977200002e-05,3.999157833329971e-05,0.0001515472026173,0.0,Italy,ITA,lombardy,,,Windows-11-10.0.26200-SP0,3.13.13,3.2.6,32,13th Gen Intel(R) Core(TM) i9-13900HX,1,1 x NVIDIA GeForce RTX 4070 Laptop GPU,9.1922,45.4722,31.70067596435547,machine,0.0,26.5,30.35,9.617883682250977,N,1.0,0.0
2026-05-02T18:50:14,Q40_llama3.1_GSM8K,9e4f658d-7355-4f64-ac57-262d85f025ae,5b0fa12a-3dd7-45bb-9766-cc326314d9f1,10.116396399971563,6.83836255078062e-05,6.759682282516966e-06,12.856702476800002,42.35950122818223,20.0,3.433564675892405e-05,0.000119025372998,5.3412199444331536e-05,0.0002067732192012,0.0,Italy,ITA,lombardy,,,Windows-11-10.0.26200-SP0,3.13.13,3.2.6,32,13th Gen Intel(R) Core(TM) i9-13900HX,1,1 x NVIDIA GeForce RTX 4070 Laptop GPU,9.1922,45.4722,31.70067596435547,machine,0.0,55.0,23.0625,7.310357570648193,N,1.0,0.0
2026-05-02T18:51:38,Q40_gemma2:27b_GSM8K,ca577034-0392-43a2-b078-697d40f92e32,5b0fa12a-3dd7-45bb-9766-cc326314d9f1,58.5301054000156,0.0003060300429836,5.228592036391192e-06,13.674130573243078,24.11371031177872,20.0,0.0002143067974287,0.000397063095428,0.0003139805355555,0.0009253504284122,0.0,Italy,ITA,lombardy,,,Windows-11-10.0.26200-SP0,3.13.13,3.2.6,32,13th Gen Intel(R) Core(TM) i9-13900HX,1,1 x NVIDIA GeForce RTX 4070 Laptop GPU,9.1922,45.4722,31.70067596435547,machine,5.753571428571428,21.803571428571427,52.27857142857143,16.569710390908376,N,1.0,0.0
2026-05-02T18:52:41,Q41_llama3.2_HellaSwag,c4a3925e-a764-4be5-96e0-08d1a1b5162f,5b0fa12a-3dd7-45bb-9766-cc326314d9f1,7.231365600018762,4.4672389692049946e-05,6.177586940416073e-06,12.8691958592,36.66200187116884,20.0,2.405656584351405e-05,7.363561446399602e-05,3.73848027779281e-05,0.0001350769830854,0.0,Italy,ITA,lombardy,,,Windows-11-10.0.26200-SP0,3.13.13,3.2.6,32,13th Gen Intel(R) Core(TM) i9-13900HX,1,1 x NVIDIA GeForce RTX 4070 Laptop GPU,9.1922,45.4722,31.70067596435547,machine,0.0,41.4,32.08,10.173811340332032,N,1.0,0.0
2026-05-02T18:53:25,Q41_llama3.1_HellaSwag,97efe347-ea1c-42ab-9eeb-2809e9756530,5b0fa12a-3dd7-45bb-9766-cc326314d9f1,8.943542600027286,5.712874877557261e-05,6.38770913613117e-06,12.866829636800002,38.515001741598425,20.0,3.01707879757596e-05,9.567452098400986e-05,4.689626777803318e-05,0.0001727415767378,0.0,Italy,ITA,lombardy,,,Windows-11-10.0.26200-SP0,3.13.13,3.2.6,32,13th Gen Intel(R) Core(TM) i9-13900HX,1,1 x NVIDIA GeForce RTX 4070 Laptop GPU,9.1922,45.4722,31.70067596435547,machine,10.714285714285714,45.71428571428572,23.285714285714285,7.386017935616629,N,1.0,0.0
2026-05-02T18:54:24,Q41_gemma2:27b_HellaSwag,77fc9b4e-1c6c-4649-bb45-65a97ffa6707,5b0fa12a-3dd7-45bb-9766-cc326314d9f1,33.69178520003334,0.0001837824801668,5.45481573848715e-06,13.487892517600002,25.854355277583625,20.0,0.0001205909921943,0.000256346593966,0.0001787699355556,0.0005557075217159,0.0,Italy,ITA,lombardy,,,Windows-11-10.0.26200-SP0,3.13.13,3.2.6,32,13th Gen Intel(R) Core(TM) i9-13900HX,1,1 x NVIDIA GeForce RTX 4070 Laptop GPU,9.1922,45.4722,31.70067596435547,machine,0.0,16.225806451612904,51.096774193548384,16.19615997806672,N,1.0,0.0
2026-05-02T18:55:16,Q42_llama3.2_SQuAD,d4c1a431-7f8b-41f7-b41c-2ebf6a463e2e,5b0fa12a-3dd7-45bb-9766-cc326314d9f1,6.109632099978626,3.281350942708203e-05,5.37078319776355e-06,12.8584855424,28.30548275134329,20.0,2.003116380029288e-05,4.803253842598776e-05,3.1155298333356367e-05,9.9219000559637e-05,0.0,Italy,ITA,lombardy,,,Windows-11-10.0.26200-SP0,3.13.13,3.2.6,32,13th Gen Intel(R) Core(TM) i9-13900HX,1,1 x NVIDIA GeForce RTX 4070 Laptop GPU,9.1922,45.4722,31.70067596435547,machine,0.0,4.25,34.25,10.862524032592772,N,1.0,0.0
2026-05-02T18:55:38,Q42_llama3.1_SQuAD,b11b7895-cc05-4552-8c41-63e0786fd298,5b0fa12a-3dd7-45bb-9766-cc326314d9f1,6.830493099987507,3.9654189178425e-05,5.805465081063844e-06,12.85863104,32.764987205183594,20.0,2.260079211222256e-05,6.215088305400185e-05,3.515165388881643e-05,0.000119903329055,0.0,Italy,ITA,lombardy,,,Windows-11-10.0.26200-SP0,3.13.13,3.2.6,32,13th Gen Intel(R) Core(TM) i9-13900HX,1,1 x NVIDIA GeForce RTX 4070 Laptop GPU,9.1922,45.4722,31.70067596435547,machine,0.0,17.0,23.24,7.360971069335937,N,1.0,0.0
2026-05-02T18:56:21,Q42_gemma2:27b_SQuAD,90579244-0845-4c3f-87e2-5c803a10d7e9,5b0fa12a-3dd7-45bb-9766-cc326314d9f1,17.7198589000036,0.0001025289652977,5.786105063045901e-06,13.084917551360002,39.16049962122483,20.0,6.00000794110951e-05,0.0001571820701899,9.283715777791156e-05,0.000310019307379,0.0,Italy,ITA,lombardy,,,Windows-11-10.0.26200-SP0,3.13.13,3.2.6,32,13th Gen Intel(R) Core(TM) i9-13900HX,1,1 x NVIDIA GeForce RTX 4070 Laptop GPU,9.1922,45.4722,31.70067596435547,machine,0.0,16.625,48.19375,15.2802631855011,N,1.0,0.0
2026-05-02T18:56:54,Q43_llama3.2_GSM8K,43f98e38-313c-4426-85d7-309cece64b9d,5b0fa12a-3dd7-45bb-9766-cc326314d9f1,7.240201500011608,4.458533683930324e-05,6.158024309023963e-06,12.8617676288,36.48442120903272,20.0,2.406226504907784e-05,7.333561422401269e-05,3.7415880000076464e-05,0.0001348137592731,0.0,Italy,ITA,lombardy,,,Windows-11-10.0.26200-SP0,3.13.13,3.2.6,32,13th Gen Intel(R) Core(TM) i9-13900HX,1,1 x NVIDIA GeForce RTX 4070 Laptop GPU,9.1922,45.4722,31.70067596435547,machine,0.0,23.4,31.660000000000004,10.042127227783205,N,1.0,0.0
2026-05-02T18:57:38,Q43_llama3.1_GSM8K,c70bcc1e-954b-423d-bd0d-151cdd7d0eba,5b0fa12a-3dd7-45bb-9766-cc326314d9f1,9.113026300037744,6.317178471342802e-05,6.93203142771204e-06,12.8486672768,44.42240031999827,20.0,3.073406209326356e-05,0.000112441201064,4.78387872222811e-05,0.0001910140503795,0.0,Italy,ITA,lombardy,,,Windows-11-10.0.26200-SP0,3.13.13,3.2.6,32,13th Gen Intel(R) Core(TM) i9-13900HX,1,1 x NVIDIA GeForce RTX 4070 Laptop GPU,9.1922,45.4722,31.70067596435547,machine,0.0,34.285714285714285,23.15714285714285,7.339378901890346,N,1.0,0.0
2026-05-02T18:58:31,Q43_gemma2:27b_GSM8K,80d3f4ea-37ac-40f5-840a-e4353092af0a,5b0fa12a-3dd7-45bb-9766-cc326314d9f1,28.09097840002505,0.0001562981303707,5.563997385387265e-06,13.291309098633848,28.01572884508061,20.0,9.949157774942874e-05,0.00022267240036,0.0001504384516667,0.0004726024297761,0.0,Italy,ITA,lombardy,,,Windows-11-10.0.26200-SP0,3.13.13,3.2.6,32,13th Gen Intel(R) Core(TM) i9-13900HX,1,1 x NVIDIA GeForce RTX 4070 Laptop GPU,9.1922,45.4722,31.70067596435547,machine,4.946153846153846,13.538461538461538,50.46153846153846,15.990928356464092,N,1.0,0.0
2026-05-02T18:59:25,Q44_llama3.2_GSM8K,4897e3b2-395e-4cd5-95a9-d6da21594fb7,5b0fa12a-3dd7-45bb-9766-cc326314d9f1,8.276243999949656,5.392341566945054e-05,6.51544537229431e-06,12.850148831085717,40.06688110603631,20.0,2.7751806075570017e-05,9.210618479599252e-05,4.3191542777801966e-05,0.0001630495336493,0.0,Italy,ITA,lombardy,,,Windows-11-10.0.26200-SP0,3.13.13,3.2.6,32,13th Gen Intel(R) Core(TM) i9-13900HX,1,1 x NVIDIA GeForce RTX 4070 Laptop GPU,9.1922,45.4722,31.70067596435547,machine,0.0,39.333333333333336,30.633333333333336,9.712990442911783,N,1.0,0.0
2026-05-02T19:00:09,Q44_llama3.1_GSM8K,c9860a5d-3767-476c-a437-2f357f4bc0c3,5b0fa12a-3dd7-45bb-9766-cc326314d9f1,8.842164299974684,6.088562741813546e-05,6.88582855424998e-06,12.850121403200005,44.00317746316627,20.0,2.975780106701741e-05,0.000108028975312,4.631456499983971e-05,0.0001841013413788,0.0,Italy,ITA,lombardy,,,Windows-11-10.0.26200-SP0,3.13.13,3.2.6,32,13th Gen Intel(R) Core(TM) i9-13900HX,1,1 x NVIDIA GeForce RTX 4070 Laptop GPU,9.1922,45.4722,31.70067596435547,machine,0.0,33.42857142857143,23.2,7.354057856968471,N,1.0,0.0
2026-05-02T19:01:14,Q44_gemma2:27b_GSM8K,5375180e-8225-4d74-9609-7d73a9749cc6,5b0fa12a-3dd7-45bb-9766-cc326314d9f1,49.24016159999883,0.0002664465750895,5.411163701167862e-06,13.513182316520002,26.67025858179117,20.0,0.0001780381926893,0.0003652647366559,0.0002623580116665,0.0008056609410118,0.0,Italy,ITA,lombardy,,,Windows-11-10.0.26200-SP0,3.13.13,3.2.6,32,13th Gen Intel(R) Core(TM) i9-13900HX,1,1 x NVIDIA GeForce RTX 4070 Laptop GPU,9.1922,45.4722,31.70067596435547,machine,2.127659574468085,18.31914893617021,52.02978723404256,16.489171778902094,N,1.0,0.0
2026-05-02T19:02:16,Q45_llama3.2_HellaSwag,4d63648a-43cf-459d-a558-fa16e9daa810,5b0fa12a-3dd7-45bb-9766-cc326314d9f1,6.303048099973239,3.606840997004139e-05,5.722375808966859e-06,12.84865308416,32.06571035255571,20.0,2.0703661443195004e-05,5.613115601599272e-05,3.222610444419034e-05,0.0001090609219033,0.0,Italy,ITA,lombardy,,,Windows-11-10.0.26200-SP0,3.13.13,3.2.6,32,13th Gen Intel(R) Core(TM) i9-13900HX,1,1 x NVIDIA GeForce RTX 4070 Laptop GPU,9.1922,45.4722,31.70067596435547,machine,0.0,5.75,34.725,11.008588790893556,N,1.0,0.0
2026-05-02T19:02:38,Q45_llama3.1_HellaSwag,50dca0c3-82f3-4e75-a204-6903b7a31c2a,5b0fa12a-3dd7-45bb-9766-cc326314d9f1,7.219747800030746,4.095589128189031e-05,5.672759273075425e-06,12.8612710592,31.1819294275404,20.0,2.399837655403068e-05,6.252282779600771e-05,3.731811277781768e-05,0.0001238393171278,0.0,Italy,ITA,lombardy,,,Windows-11-10.0.26200-SP0,3.13.13,3.2.6,32,13th Gen Intel(R) Core(TM) i9-13900HX,1,1 x NVIDIA GeForce RTX 4070 Laptop GPU,9.1922,45.4722,31.70067596435547,machine,0.0,28.6,23.24,7.356072998046875,N,1.0,0.0
2026-05-02T19:03:17,Q45_gemma2:27b_HellaSwag,da7e99e8-fbec-4da6-acb0-627bdc89873e,5b0fa12a-3dd7-45bb-9766-cc326314d9f1,23.10137280001072,0.0001247094761734,5.398357805531936e-06,13.56315828656,25.466378542153777,20.0,8.185058777139415e-05,0.0001724918046599,0.000122744661111,0.0003770870535424,0.0,Italy,ITA,lombardy,,,Windows-11-10.0.26200-SP0,3.13.13,3.2.6,32,13th Gen Intel(R) Core(TM) i9-13900HX,1,1 x NVIDIA GeForce RTX 4070 Laptop GPU,9.1922,45.4722,31.70067596435547,machine,0.0,19.285714285714285,49.57619047619047,15.71380869547526,N,1.0,0.0
2026-05-02T19:03:59,Q46_llama3.2_GSM8K,22d5aa06-a621-4a1f-a49e-32100a996b86,5b0fa12a-3dd7-45bb-9766-cc326314d9f1,7.523903099994641,4.72187425860232e-05,6.275830770076881e-06,12.8869750592,37.62936374018764,20.0,2.513552722611155e-05,7.863284068398979e-05,3.900808388878229e-05,0.0001427764517988,0.0,Italy,ITA,lombardy,,,Windows-11-10.0.26200-SP0,3.13.13,3.2.6,32,13th Gen Intel(R) Core(TM) i9-13900HX,1,1 x NVIDIA GeForce RTX 4070 Laptop GPU,9.1922,45.4722,31.70067596435547,machine,0.0,23.4,32.78,10.387667083740237,N,1.0,0.0
2026-05-02T19:04:25,Q46_llama3.1_GSM8K,af59b92d-1387-4f11-9121-978089e961a2,5b0fa12a-3dd7-45bb-9766-cc326314d9f1,10.20593799999915,7.256917711612641e-05,7.110485789364236e-06,12.8874356352,46.13277502032816,20.0,3.474025357153989e-05,0.0001307764935099,5.3912425555366406e-05,0.0002194291726368,0.0,Italy,ITA,lombardy,,,Windows-11-10.0.26200-SP0,3.13.13,3.2.6,32,13th Gen Intel(R) Core(TM) i9-13900HX,1,1 x NVIDIA GeForce RTX 4070 Laptop GPU,9.1922,45.4722,31.70067596435547,machine,0.0,53.375,23.35,7.400246143341064,N,1.0,0.0
2026-05-02T19:05:39,Q46_gemma2:27b_GSM8K,3c7b338a-e37f-456a-9a3c-cdc2c4349bca,5b0fa12a-3dd7-45bb-9766-cc326314d9f1,48.80714889999945,0.0002561246858053,5.247687922318385e-06,13.543815708200002,23.6462225444488,20.0,0.0001769880718788,0.0003375063811159,0.000259955942222,0.0007744503952168,0.0,Italy,ITA,lombardy,,,Windows-11-10.0.26200-SP0,3.13.13,3.2.6,32,13th Gen Intel(R) Core(TM) i9-13900HX,1,1 x NVIDIA GeForce RTX 4070 Laptop GPU,9.1922,45.4722,31.70067596435547,machine,1.45,22.97826086956522,51.94782608695652,16.464889360510785,N,1.0,0.0
2026-05-02T19:06:42,Q47_llama3.2_GSM8K,2ad7bfe0-1691-46cb-90ef-b19004f5c2b1,5b0fa12a-3dd7-45bb-9766-cc326314d9f1,7.150183500023559,4.06913511005289e-05,5.69095200149686e-06,12.8525999552,31.40503445800656,20.0,2.373680459142496e-05,6.236643878201886e-05,3.693617722213578e-05,0.0001230394205955,0.0,Italy,ITA,lombardy,,,Windows-11-10.0.26200-SP0,3.13.13,3.2.6,32,13th Gen Intel(R) Core(TM) i9-13900HX,1,1 x NVIDIA GeForce RTX 4070 Laptop GPU,9.1922,45.4722,31.70067596435547,machine,0.0,24.0,32.58,10.330809783935546,N,1.0,0.0
2026-05-02T19:07:26,Q47_llama3.1_GSM8K,e26bdd55-b827-48a5-bf50-5d58ea2f8d4a,5b0fa12a-3dd7-45bb-9766-cc326314d9f1,9.034283099987078,5.970862259018686e-05,6.609115734957681e-06,12.8621436608,40.94848638040921,20.0,3.0468072420194574e-05,0.000102698971048,4.737535999997312e-05,0.0001805424034681,0.0,Italy,ITA,lombardy,,,Windows-11-10.0.26200-SP0,3.13.13,3.2.6,32,13th Gen Intel(R) Core(TM) i9-13900HX,1,1 x NVIDIA GeForce RTX 4070 Laptop GPU,9.1922,45.4722,31.70067596435547,machine,0.0,34.42857142857143,23.27142857142857,7.382111140659878,N,1.0,0.0
2026-05-02T19:08:15,Q47_gemma2:27b_GSM8K,6f5e35e3-73c9-4246-bd89-7f34d02a0246,5b0fa12a-3dd7-45bb-9766-cc326314d9f1,24.131683300016448,0.0001386810728253,5.746846214628693e-06,13.570738293760002,29.26378497100909,20.0,8.579500908084846e-05,0.0002051026640819,0.0001284356344445,0.0004193333076074,0.0,Italy,ITA,lombardy,,,Windows-11-10.0.26200-SP0,3.13.13,3.2.6,32,13th Gen Intel(R) Core(TM) i9-13900HX,1,1 x NVIDIA GeForce RTX 4070 Laptop GPU,9.1922,45.4722,31.70067596435547,machine,0.0,20.27272727272728,49.92727272727273,15.82249624078924,N,1.0,0.0
2026-05-02T19:08:57,Q48_llama3.2_HellaSwag,375f5f25-c7e4-459d-958f-22ab4e74efa2,5b0fa12a-3dd7-45bb-9766-cc326314d9f1,6.575819800025784,3.882538842536911e-05,5.904265871947537e-06,12.8633667776,33.923184980615005,20.0,2.1701344091047587e-05,6.195560512001208e-05,3.374031500004801e-05,0.0001173972642111,0.0,Italy,ITA,lombardy,,,Windows-11-10.0.26200-SP0,3.13.13,3.2.6,32,13th Gen Intel(R) Core(TM) i9-13900HX,1,1 x NVIDIA GeForce RTX 4070 Laptop GPU,9.1922,45.4722,31.70067596435547,machine,0.0,3.6,32.260000000000005,10.227474975585938,N,1.0,0.0
2026-05-02T19:09:20,Q48_llama3.1_HellaSwag,56082844-9de3-46df-9ec8-39795aa4a323,5b0fa12a-3dd7-45bb-9766-cc326314d9f1,7.805832399986684,4.823881110928521e-05,6.179842025479243e-06,12.863736391314289,36.56306516027743,20.0,2.6082640901677217e-05,7.922700782600489e-05,4.055120888903426e-05,0.0001458608576167,0.0,Italy,ITA,lombardy,,,Windows-11-10.0.26200-SP0,3.13.13,3.2.6,32,13th Gen Intel(R) Core(TM) i9-13900HX,1,1 x NVIDIA GeForce RTX 4070 Laptop GPU,9.1922,45.4722,31.70067596435547,machine,0.0,29.83333333333333,23.3,7.391087849934895,N,1.0,0.0
2026-05-02T19:09:54,Q48_gemma2:27b_HellaSwag,3e63e4f9-4eb1-4a4a-a442-b67adb40a5c6,5b0fa12a-3dd7-45bb-9766-cc326314d9f1,18.47806789999595,0.0001094907461414,5.925443435645565e-06,13.268635005440002,31.95622021531268,20.0,6.305026483460832e-05,0.000170975692336,9.704385500000274e-05,0.0003310698121706,0.0,Italy,ITA,lombardy,,,Windows-11-10.0.26200-SP0,3.13.13,3.2.6,32,13th Gen Intel(R) Core(TM) i9-13900HX,1,1 x NVIDIA GeForce RTX 4070 Laptop GPU,9.1922,45.4722,31.70067596435547,machine,0.0,12.625,48.48125,15.367675304412842,N,1.0,0.0
2026-05-02T19:10:37,Q49_llama3.2_GSM8K,c98902a8-f301-4a2c-a178-32f004b466a2,5b0fa12a-3dd7-45bb-9766-cc326314d9f1,7.602169300022069,4.8579087610129455e-05,6.3901612412115614e-06,12.8642898944,38.91686328245321,20.0,2.5353298078528907e-05,8.212089902998043e-05,3.941556277794815e-05,0.0001468897598864,0.0,Italy,ITA,lombardy,,,Windows-11-10.0.26200-SP0,3.13.13,3.2.6,32,13th Gen Intel(R) Core(TM) i9-13900HX,1,1 x NVIDIA GeForce RTX 4070 Laptop GPU,9.1922,45.4722,31.70067596435547,machine,0.0,35.333333333333336,31.183333333333334,9.885136286417644,N,1.0,0.0
2026-05-02T19:11:02,Q49_llama3.1_GSM8K,e44258fe-8c2b-4008-86a6-59603fd991ce,5b0fa12a-3dd7-45bb-9766-cc326314d9f1,9.96516680001514,6.741519719956404e-05,6.765084674695221e-06,12.8535900928,42.44598560876302,20.0,3.37875646043898e-05,0.000117485093988,5.257230055576656e-05,0.0002038449591481,0.0,Italy,ITA,lombardy,,,Windows-11-10.0.26200-SP0,3.13.13,3.2.6,32,13th Gen Intel(R) Core(TM) i9-13900HX,1,1 x NVIDIA GeForce RTX 4070 Laptop GPU,9.1922,45.4722,31.70067596435547,machine,0.0,53.5,23.4625,7.435276985168457,N,1.0,0.0
2026-05-02T19:12:10,Q49_gemma2:27b_GSM8K,a1617b08-878f-4a63-9e1f-f55fb4c19110,5b0fa12a-3dd7-45bb-9766-cc326314d9f1,43.17931400000816,0.0002307349744488,5.3436461368707385e-06,13.528409992664615,25.428553486825944,20.0,0.0001561775685223,0.0003100166369019,0.0002314847066665,0.0006976789120908,0.0,Italy,ITA,lombardy,,,Windows-11-10.0.26200-SP0,3.13.13,3.2.6,32,13th Gen Intel(R) Core(TM) i9-13900HX,1,1 x NVIDIA GeForce RTX 4070 Laptop GPU,9.1922,45.4722,31.70067596435547,machine,1.829268292682927,19.21951219512195,51.90975609756098,16.461002349853516,N,1.0,0.0
2026-05-02T19:13:15,Q50_llama3.2_GSM8K,90cbd695-b033-4a8f-a738-4b62bc550b2f,5b0fa12a-3dd7-45bb-9766-cc326314d9f1,8.807547600008547,5.905576199690396e-05,6.705131175998032e-06,12.8619490592,42.03519991067879,20.0,2.966099145867648e-05,0.0001027867488959,4.612059277779836e-05,0.0001785683331324,0.0,Italy,ITA,lombardy,,,Windows-11-10.0.26200-SP0,3.13.13,3.2.6,32,13th Gen Intel(R) Core(TM) i9-13900HX,1,1 x NVIDIA GeForce RTX 4070 Laptop GPU,9.1922,45.4722,31.70067596435547,machine,0.0,43.285714285714285,30.085714285714285,9.531834738595146,N,1.0,0.0
2026-05-02T19:14:05,Q50_llama3.1_GSM8K,cecce3d5-87d6-4fc0-b433-20dfa4ea7919,5b0fa12a-3dd7-45bb-9766-cc326314d9f1,15.137768399959896,0.0001282037442703,8.469131042505536e-06,12.855440131657144,60.43320519398453,20.0,5.226004306596387e-05,0.0002540893699379,8.130334333335567e-05,0.0003876527563373,0.0,Italy,ITA,lombardy,,,Windows-11-10.0.26200-SP0,3.13.13,3.2.6,32,13th Gen Intel(R) Core(TM) i9-13900HX,1,1 x NVIDIA GeForce RTX 4070 Laptop GPU,9.1922,45.4722,31.70067596435547,machine,0.0,66.0,23.49230769230769,7.451212662916917,N,1.0,0.0
2026-05-02T19:15:22,Q50_gemma2:27b_GSM8K,b9403e66-afcb-4442-bca9-e7a8c3cf355a,5b0fa12a-3dd7-45bb-9766-cc326314d9f1,41.58864650002215,0.0002168239547189,5.213537178200502e-06,13.546504192203637,23.93879968429204,20.0,0.0001503237798216,0.000282631614994,0.0002226604311112,0.0006556158259269,0.0,Italy,ITA,lombardy,,,Windows-11-10.0.26200-SP0,3.13.13,3.2.6,32,13th Gen Intel(R) Core(TM) i9-13900HX,1,1 x NVIDIA GeForce RTX 4070 Laptop GPU,9.1922,45.4722,31.70067596435547,machine,2.27948717948718,22.307692307692307,51.88974358974359,16.447928404196716,N,1.0,0.0
2026-05-02T19:16:35,Q51_llama3.2_MMLU,617418bc-21f5-4f2c-8580-f0b4c21fbe98,5b0fa12a-3dd7-45bb-9766-cc326314d9f1,6.954804699984379,3.926259670008819e-05,5.645391695927331e-06,12.9311125376,31.009199264641307,20.0,2.3135834695717707e-05,5.980115895198868e-05,3.5782267777701946e-05,0.0001187192614254,0.0,Italy,ITA,lombardy,,,Windows-11-10.0.26200-SP0,3.13.13,3.2.6,32,13th Gen Intel(R) Core(TM) i9-13900HX,1,1 x NVIDIA GeForce RTX 4070 Laptop GPU,9.1922,45.4722,31.70067596435547,machine,0.0,26.4,32.94,10.44680404663086,N,1.0,0.0
2026-05-02T19:16:57,Q51_llama3.1_MMLU,bcb2e681-a5e8-4c32-8ee8-6d210619725e,5b0fa12a-3dd7-45bb-9766-cc326314d9f1,6.642056300013792,3.617886344012743e-05,5.4469371842048825e-06,12.8612877248,28.918077034122607,20.0,2.1935987270868965e-05,5.334809823398512e-05,3.411081722232565e-05,0.0001093949027271,0.0,Italy,ITA,lombardy,,,Windows-11-10.0.26200-SP0,3.13.13,3.2.6,32,13th Gen Intel(R) Core(TM) i9-13900HX,1,1 x NVIDIA GeForce RTX 4070 Laptop GPU,9.1922,45.4722,31.70067596435547,machine,0.0,14.8,23.98,7.60418472290039,N,1.0,0.0
2026-05-02T19:17:35,Q51_gemma2:27b_MMLU,863eae72-a66b-434e-80ef-a3c723e5e961,5b0fa12a-3dd7-45bb-9766-cc326314d9f1,22.72565330000361,0.0001250913728128,5.504412619585228e-06,13.354592019680002,28.03313835639537,20.0,7.952485784478547e-05,0.0001780645868959,0.000120652358889,0.0003782418036298,0.0,Italy,ITA,lombardy,,,Windows-11-10.0.26200-SP0,3.13.13,3.2.6,32,13th Gen Intel(R) Core(TM) i9-13900HX,1,1 x NVIDIA GeForce RTX 4070 Laptop GPU,9.1922,45.4722,31.70067596435547,machine,0.0,15.571428571428571,50.36666666666667,15.962789626348586,N,1.0,0.0
2026-05-02T19:18:18,Q52_llama3.2_MMLU,a8fc00be-f0cd-4415-a0e2-2ff3cff8a3fd,5b0fa12a-3dd7-45bb-9766-cc326314d9f1,8.095981699996628,5.168052878411037e-05,6.383478952791097e-06,12.860776837485714,38.718702556909975,20.0,2.710847449604835e-05,8.7003125158025e-05,4.215606277769742e-05,0.0001562676624317,0.0,Italy,ITA,lombardy,,,Windows-11-10.0.26200-SP0,3.13.13,3.2.6,32,13th Gen Intel(R) Core(TM) i9-13900HX,1,1 x NVIDIA GeForce RTX 4070 Laptop GPU,9.1922,45.4722,31.70067596435547,machine,0.0,34.166666666666664,31.15,9.871442159016928,N,1.0,0.0
2026-05-02T19:18:50,Q52_llama3.1_MMLU,ec5f4a32-91d7-42b8-a24e-fa6b47143b3a,5b0fa12a-3dd7-45bb-9766-cc326314d9f1,6.704846799955703,3.628243905394126e-05,5.41137480638349e-06,12.84438848,28.52449458162048,20.0,2.213045320471308e-05,5.311920916198365e-05,3.4458424444245695e-05,0.0001097080868109,0.0,Italy,ITA,lombardy,,,Windows-11-10.0.26200-SP0,3.13.13,3.2.6,32,13th Gen Intel(R) Core(TM) i9-13900HX,1,1 x NVIDIA GeForce RTX 4070 Laptop GPU,9.1922,45.4722,31.70067596435547,machine,0.0,18.8,23.94,7.5935203552246096,N,1.0,0.0
2026-05-02T19:19:38,Q52_gemma2:27b_MMLU,5efa50a0-1367-4490-aae1-18dfc6e15b8e,5b0fa12a-3dd7-45bb-9766-cc326314d9f1,33.44457190000685,0.0001811247730833,5.415670250613813e-06,13.47253616464,25.50370297201144,20.0,0.0001192857606626,0.0002509585340999,0.000177427053889,0.0005476713486516,0.0,Italy,ITA,lombardy,,,Windows-11-10.0.26200-SP0,3.13.13,3.2.6,32,13th Gen Intel(R) Core(TM) i9-13900HX,1,1 x NVIDIA GeForce RTX 4070 Laptop GPU,9.1922,45.4722,31.70067596435547,machine,1.8806451612903223,23.0,51.58709677419355,16.36163071663149,N,1.0,0.0
2026-05-02T19:20:34,Q53_llama3.2_HumanEval,9ce11a7e-239e-4831-9d9b-0a90c84c2d7e,5b0fa12a-3dd7-45bb-9766-cc326314d9f1,9.631272599974182,7.030250467155055e-05,7.299399320473912e-06,12.8431005696,48.33290814326915,20.0,3.256792257138935e-05,0.000129292325656,5.071513222226511e-05,0.0002125753804496,0.0,Italy,ITA,lombardy,,,Windows-11-10.0.26200-SP0,3.13.13,3.2.6,32,13th Gen Intel(R) Core(TM) i9-13900HX,1,1 x NVIDIA GeForce RTX 4070 Laptop GPU,9.1922,45.4722,31.70067596435547,machine,0.0,50.0,29.2625,9.27555513381958,N,1.0,0.0
2026-05-02T19:21:14,Q53_llama3.1_HumanEval,936bfd92-920e-408d-a0bc-fbcf1c7b4d44,5b0fa12a-3dd7-45bb-9766-cc326314d9f1,14.3785280000302,0.0001175950966625,8.178521240996734e-06,12.856907506215386,57.38811391873643,20.0,4.9518644255311306e-05,0.000229027405444,7.70290827776383e-05,0.0003555751324769,0.0,Italy,ITA,lombardy,,,Windows-11-10.0.26200-SP0,3.13.13,3.2.6,32,13th Gen Intel(R) Core(TM) i9-13900HX,1,1 x NVIDIA GeForce RTX 4070 Laptop GPU,9.1922,45.4722,31.70067596435547,machine,0.0,60.833333333333336,23.808333333333334,7.55145772298177,N,1.0,0.0
2026-05-02T19:22:41,Q53_gemma2:27b_HumanEval,e09fc2c9-04a8-43f0-9f5c-3a47ef2ed621,5b0fa12a-3dd7-45bb-9766-cc326314d9f1,51.7143602000433,0.0002755849207519,5.328982504779737e-06,13.610681936,24.83925902302373,20.0,0.0001875774422537,0.0003696116845779,0.0002761036505554,0.0008332927773871,0.0,Italy,ITA,lombardy,,,Windows-11-10.0.26200-SP0,3.13.13,3.2.6,32,13th Gen Intel(R) Core(TM) i9-13900HX,1,1 x NVIDIA GeForce RTX 4070 Laptop GPU,9.1922,45.4722,31.70067596435547,machine,3.710204081632653,18.346938775510203,52.68571428571428,16.700478767862126,N,1.0,0.0
2026-05-02T19:23:46,Q54_llama3.2_HellaSwag,208cabb4-3a8e-450a-b266-464b25baf51f,5b0fa12a-3dd7-45bb-9766-cc326314d9f1,8.672498499974608,5.919583049087946e-05,6.825695097099501e-06,12.845823176,43.35836916024813,20.0,2.915595362000173e-05,0.0001044431391099,4.539276888891537e-05,0.0001789918616189,0.0,Italy,ITA,lombardy,,,Windows-11-10.0.26200-SP0,3.13.13,3.2.6,32,13th Gen Intel(R) Core(TM) i9-13900HX,1,1 x NVIDIA GeForce RTX 4070 Laptop GPU,9.1922,45.4722,31.70067596435547,machine,0.0,44.285714285714285,30.214285714285715,9.572062356131417,N,1.0,0.0
2026-05-02T19:24:29,Q54_llama3.1_HellaSwag,7a81ff60-c891-413d-9510-d088c7c486f9,5b0fa12a-3dd7-45bb-9766-cc326314d9f1,8.257902499986812,4.966094811741952e-05,6.0137484206793225e-06,12.8814455936,34.59844923143446,20.0,2.7745172480209788e-05,7.933895235998079e-05,4.307688277783908e-05,0.000150161007618,0.0,Italy,ITA,lombardy,,,Windows-11-10.0.26200-SP0,3.13.13,3.2.6,32,13th Gen Intel(R) Core(TM) i9-13900HX,1,1 x NVIDIA GeForce RTX 4070 Laptop GPU,9.1922,45.4722,31.70067596435547,machine,0.0,23.666666666666668,23.85,7.557604471842448,N,1.0,0.0
2026-05-02T19:25:10,Q54_gemma2:27b_HellaSwag,c4d94f24-8417-4d38-a8c8-fc8880c804df,5b0fa12a-3dd7-45bb-9766-cc326314d9f1,26.22244640003192,0.0001433929025585,5.468326653091661e-06,13.5497198336,27.08260816218449,20.0,9.379884725683904e-05,0.00019970988199,0.0001400718516666,0.0004335805809135,0.0,Italy,ITA,lombardy,,,Windows-11-10.0.26200-SP0,3.13.13,3.2.6,32,13th Gen Intel(R) Core(TM) i9-13900HX,1,1 x NVIDIA GeForce RTX 4070 Laptop GPU,9.1922,45.4722,31.70067596435547,machine,0.0,15.583333333333334,50.6875,16.070863564809162,N,1.0,0.0
2026-05-02T19:26:02,Q55_llama3.2_MMLU,be67ab2f-2c6b-4d2e-9969-714105522b62,5b0fa12a-3dd7-45bb-9766-cc326314d9f1,6.799793099984527,3.798583606525167e-05,5.586322334621932e-06,12.8781381248,30.361452642468155,20.0,2.252947415579203e-05,5.734143476199272e-05,3.498778055557826e-05,0.0001148586894733,0.0,Italy,ITA,lombardy,,,Windows-11-10.0.26200-SP0,3.13.13,3.2.6,32,13th Gen Intel(R) Core(TM) i9-13900HX,1,1 x NVIDIA GeForce RTX 4070 Laptop GPU,9.1922,45.4722,31.70067596435547,machine,0.0,24.0,31.78,10.0668212890625,N,1.0,0.0
2026-05-02T19:26:26,Q55_llama3.1_MMLU,4370620c-b62c-46c4-a7e8-6ac5a048b7a2,5b0fa12a-3dd7-45bb-9766-cc326314d9f1,8.5598553000018,5.4211253878528185e-05,6.333197464040868e-06,12.8404247168,38.026750664673976,20.0,2.8741794105705253e-05,9.041146121799291e-05,4.476662166675345e-05,0.0001639198769904,0.0,Italy,ITA,lombardy,,,Windows-11-10.0.26200-SP0,3.13.13,3.2.6,32,13th Gen Intel(R) Core(TM) i9-13900HX,1,1 x NVIDIA GeForce RTX 4070 Laptop GPU,9.1922,45.4722,31.70067596435547,machine,0.0,35.57142857142857,23.528571428571432,7.461062295096261,N,1.0,0.0
2026-05-02T19:26:59,Q55_gemma2:27b_MMLU,a60149cd-4914-40a0-a4f0-c0ee10f678d3,5b0fa12a-3dd7-45bb-9766-cc326314d9f1,17.330510600004345,0.0001010604904192,5.8313625461916286e-06,13.259920378880002,33.74189356000868,20.0,5.886186626867048e-05,0.000156047902616,9.06692755557338e-05,0.0003055790444404,0.0,Italy,ITA,lombardy,,,Windows-11-10.0.26200-SP0,3.13.13,3.2.6,32,13th Gen Intel(R) Core(TM) i9-13900HX,1,1 x NVIDIA GeForce RTX 4070 Laptop GPU,9.1922,45.4722,31.70067596435547,machine,0.0,15.733333333333333,48.29333333333333,15.312389373779297,N,1.0,0.0
2026-05-02T19:27:40,Q56_llama3.2_GSM8K,d5f41463-ecbf-406d-93a3-e5cd4d91aa1f,5b0fa12a-3dd7-45bb-9766-cc326314d9f1,6.531204600003548,3.5799306383436214e-05,5.481271614644681e-06,13.05097511168,29.161286649632867,20.0,2.185601957352812e-05,5.289893120799527e-05,3.349227611098387e-05,0.0001082472268925,0.0,Italy,ITA,lombardy,,,Windows-11-10.0.26200-SP0,3.13.13,3.2.6,32,13th Gen Intel(R) Core(TM) i9-13900HX,1,1 x NVIDIA GeForce RTX 4070 Laptop GPU,9.1922,45.4722,31.70067596435547,machine,0.0,6.75,35.525,11.257943153381348,N,1.0,0.0
2026-05-02T19:28:14,Q56_llama3.1_GSM8K,8694673e-47dc-4ee0-9117-a37c57baacf9,5b0fa12a-3dd7-45bb-9766-cc326314d9f1,8.826876100036316,5.902998057788209e-05,6.687527944075167e-06,12.993062643200002,41.6856009205416,20.0,3.0044429362018344e-05,0.00010220008176,4.624586611138915e-05,0.0001784903772334,0.0,Italy,ITA,lombardy,,,Windows-11-10.0.26200-SP0,3.13.13,3.2.6,32,13th Gen Intel(R) Core(TM) i9-13900HX,1,1 x NVIDIA GeForce RTX 4070 Laptop GPU,9.1922,45.4722,31.70067596435547,machine,0.0,35.57142857142857,24.085714285714285,7.639725821358817,N,1.0,0.0
2026-05-02T19:29:15,Q56_gemma2:27b_GSM8K,32b838bf-aa6b-4f85-a042-64266cc46152,5b0fa12a-3dd7-45bb-9766-cc326314d9f1,35.08104959997581,0.0001845183797632,5.25977363469053e-06,15.13758832064,24.085572372699545,20.0,0.0001320299670088,0.000239406302636,0.0001864964094449,0.0005579326790898,0.0,Italy,ITA,lombardy,,,Windows-11-10.0.26200-SP0,3.13.13,3.2.6,32,13th Gen Intel(R) Core(TM) i9-13900HX,1,1 x NVIDIA GeForce RTX 4070 Laptop GPU,9.1922,45.4722,31.70067596435547,machine,5.303030303030303,21.363636363636363,53.04848484848485,16.815478584983133,N,1.0,0.0
2026-05-02T19:30:16,Q57_llama3.2_SQuAD,73d4bfc0-3621-4e55-8667-c08da14b82b1,5b0fa12a-3dd7-45bb-9766-cc326314d9f1,6.104725999990478,3.192810442026225e-05,5.230063465634994e-06,12.8533120256,26.77890705605049,20.0,2.0006302631318285e-05,4.540614743600568e-05,3.112932999987e-05,9.654178006719395e-05,0.0,Italy,ITA,lombardy,,,Windows-11-10.0.26200-SP0,3.13.13,3.2.6,32,13th Gen Intel(R) Core(TM) i9-13900HX,1,1 x NVIDIA GeForce RTX 4070 Laptop GPU,9.1922,45.4722,31.70067596435547,machine,0.0,12.75,34.95,11.07224178314209,N,1.0,0.0
2026-05-02T19:30:58,Q57_llama3.1_SQuAD,25aeee9e-2b3a-4d5c-82af-4f3ec673dc29,5b0fa12a-3dd7-45bb-9766-cc326314d9f1,6.916196700010914,4.097765740067475e-05,5.924883166005108e-06,12.847145734400002,34.04586326863182,20.0,2.2886598443325782e-05,6.539033008998163e-05,3.562820333334255e-05,0.0001239051318666,0.0,Italy,ITA,lombardy,,,Windows-11-10.0.26200-SP0,3.13.13,3.2.6,32,13th Gen Intel(R) Core(TM) i9-13900HX,1,1 x NVIDIA GeForce RTX 4070 Laptop GPU,9.1922,45.4722,31.70067596435547,machine,0.0,28.8,24.48,7.768045043945312,N,1.0,0.0
2026-05-02T19:31:31,Q57_gemma2:27b_SQuAD,136c80bc-26e1-4434-bf5a-f834f4694eb4,5b0fa12a-3dd7-45bb-9766-cc326314d9f1,17.89534270000877,0.0001029696801865,5.753993198828436e-06,13.153039808000004,35.32727560522635,20.0,6.125454762165811e-05,0.0001562570694499,9.384029055525188e-05,0.0003113519076269,0.0,Italy,ITA,lombardy,,,Windows-11-10.0.26200-SP0,3.13.13,3.2.6,32,13th Gen Intel(R) Core(TM) i9-13900HX,1,1 x NVIDIA GeForce RTX 4070 Laptop GPU,9.1922,45.4722,31.70067596435547,machine,0.0,16.5625,49.575,15.717369318008425,N,1.0,0.0
2026-05-02T19:32:13,Q58_llama3.2_GSM8K,8967ffe9-fbef-4a2d-bf73-827879c38e0c,5b0fa12a-3dd7-45bb-9766-cc326314d9f1,6.7377251999569125,3.801707049978839e-05,5.6424192693450176e-06,12.874194617600002,31.002708905778984,20.0,2.229888182062033e-05,5.801393529997201e-05,3.464031666646608e-05,0.000114953133787,0.0,Italy,ITA,lombardy,,,Windows-11-10.0.26200-SP0,3.13.13,3.2.6,32,13th Gen Intel(R) Core(TM) i9-13900HX,1,1 x NVIDIA GeForce RTX 4070 Laptop GPU,9.1922,45.4722,31.70067596435547,machine,0.0,17.0,33.32,10.558734893798828,N,1.0,0.0
2026-05-02T19:32:47,Q58_llama3.1_GSM8K,389d1a6c-966f-4d84-b6fd-b63beedfa451,5b0fa12a-3dd7-45bb-9766-cc326314d9f1,9.230117799947038,6.141176075218028e-05,6.653410290444252e-06,12.8538204176,41.36187217792443,20.0,3.1163415276165655e-05,0.000106040640388,4.848816777747642e-05,0.0001856922234416,0.0,Italy,ITA,lombardy,,,Windows-11-10.0.26200-SP0,3.13.13,3.2.6,32,13th Gen Intel(R) Core(TM) i9-13900HX,1,1 x NVIDIA GeForce RTX 4070 Laptop GPU,9.1922,45.4722,31.70067596435547,machine,0.0,48.0,24.5,7.76636723109654,N,1.0,0.0
2026-05-02T19:33:55,Q58_gemma2:27b_GSM8K,75ea6a0a-2d0e-4f39-94f7-5a06f9adcb4f,5b0fa12a-3dd7-45bb-9766-cc326314d9f1,41.994214799953625,0.0002233688660539,5.319038994252344e-06,13.52861779728,25.12016853332776,20.0,0.0001514987503438,0.0002990013503119,0.0002249057316664,0.0006754058323222,0.0,Italy,ITA,lombardy,,,Windows-11-10.0.26200-SP0,3.13.13,3.2.6,32,13th Gen Intel(R) Core(TM) i9-13900HX,1,1 x NVIDIA GeForce RTX 4070 Laptop GPU,9.1922,45.4722,31.70067596435547,machine,2.5,19.7,52.9725,16.793480777740477,N,1.0,0.0
2026-05-02T19:35:02,Q59_llama3.2_GSM8K,68c0dd2d-0d0a-48db-bf80-092705c65e47,5b0fa12a-3dd7-45bb-9766-cc326314d9f1,10.999754199991004,8.356583723605749e-05,7.597064054042757e-06,12.85212577664,51.35004320260297,20.0,3.747704045602631e-05,0.0001568840143959,5.831898444448598e-05,0.0002526800392964,0.0,Italy,ITA,lombardy,,,Windows-11-10.0.26200-SP0,3.13.13,3.2.6,32,13th Gen Intel(R) Core(TM) i9-13900HX,1,1 x NVIDIA GeForce RTX 4070 Laptop GPU,9.1922,45.4722,31.70067596435547,machine,0.0,56.66666666666666,29.377777777777776,9.317686292860245,N,1.0,0.0
2026-05-02T19:35:37,Q59_llama3.1_GSM8K,904bf417-ab92-4255-b143-99aaab761fe7,5b0fa12a-3dd7-45bb-9766-cc326314d9f1,9.644398999982512,6.759769514994668e-05,7.009010634054982e-06,12.8681874816,45.14296532277716,20.0,3.267916030835429e-05,0.00012092787452,5.078974777780888e-05,0.0002043967826061,0.0,Italy,ITA,lombardy,,,Windows-11-10.0.26200-SP0,3.13.13,3.2.6,32,13th Gen Intel(R) Core(TM) i9-13900HX,1,1 x NVIDIA GeForce RTX 4070 Laptop GPU,9.1922,45.4722,31.70067596435547,machine,0.0,43.25,24.45,7.747072696685791,N,1.0,0.0
2026-05-02T19:36:44,Q59_gemma2:27b_GSM8K,269bf35e-1d85-4837-959a-a1780f655bc3,5b0fa12a-3dd7-45bb-9766-cc326314d9f1,42.30971509998199,0.0002283432732184,5.39694660384333e-06,13.65590099408,25.72526361649012,20.0,0.0001543501447695,0.0003094708031319,0.0002266261194441,0.0006904470673456,0.0,Italy,ITA,lombardy,,,Windows-11-10.0.26200-SP0,3.13.13,3.2.6,32,13th Gen Intel(R) Core(TM) i9-13900HX,1,1 x NVIDIA GeForce RTX 4070 Laptop GPU,9.1922,45.4722,31.70067596435547,machine,4.1675,18.8,52.807500000000005,16.74185800552368,N,1.0,0.0
2026-05-02T19:37:47,Q60_llama3.2_HellaSwag,dd722502-11f9-4b11-864f-33e82534a36f,5b0fa12a-3dd7-45bb-9766-cc326314d9f1,7.894857300037984,4.921747828320789e-05,6.234118795658421e-06,12.85438884937143,37.09594623895222,20.0,2.640003709892278e-05,8.134534285400563e-05,4.10746972222114e-05,0.0001488200771751,0.0,Italy,ITA,lombardy,,,Windows-11-10.0.26200-SP0,3.13.13,3.2.6,32,13th Gen Intel(R) Core(TM) i9-13900HX,1,1 x NVIDIA GeForce RTX 4070 Laptop GPU,9.1922,45.4722,31.70067596435547,machine,0.0,38.333333333333336,31.58333333333333,10.014294306437174,N,1.0,0.0
2026-05-02T19:38:33,Q60_llama3.1_HellaSwag,77de0e77-9a18-439a-b911-79ca23007a69,5b0fa12a-3dd7-45bb-9766-cc326314d9f1,10.067491900001189,7.064489130955296e-05,7.017129192777859e-06,12.884640448000004,45.14615955282486,20.0,3.423243886511587e-05,0.0001262420454379,5.313617888896261e-05,0.000213610663192,0.0,Italy,ITA,lombardy,,,Windows-11-10.0.26200-SP0,3.13.13,3.2.6,32,13th Gen Intel(R) Core(TM) i9-13900HX,1,1 x NVIDIA GeForce RTX 4070 Laptop GPU,9.1922,45.4722,31.70067596435547,machine,0.0,53.875,24.45,7.745262622833252,N,1.0,0.0
2026-05-02T19:39:24,Q60_gemma2:27b_HellaSwag,0c5ab5a5-575d-40f2-b41f-f5835b88bfa3,5b0fa12a-3dd7-45bb-9766-cc326314d9f1,25.65612429997418,0.0001390195481874,5.418571665852562e-06,13.5757816448,25.61875567590635,20.0,9.187439660680414e-05,0.0001915437643459,0.0001369386027777,0.0004203567637305,0.0,Italy,ITA,lombardy,,,Windows-11-10.0.26200-SP0,3.13.13,3.2.6,32,13th Gen Intel(R) Core(TM) i9-13900HX,1,1 x NVIDIA GeForce RTX 4070 Laptop GPU,9.1922,45.4722,31.70067596435547,machine,3.417391304347826,18.52173913043478,51.20869565217391,16.23109004808509,N,1.0,0.0
2026-05-02T19:40:16,Q61_llama3.2_GSM8K,f78f7aed-1e2d-4df7-949c-e3371c2dbf92,5b0fa12a-3dd7-45bb-9766-cc326314d9f1,7.372890300001018,4.682760857569353e-05,6.35132311349961e-06,12.854732096000005,38.52264020641918,20.0,2.4535449008212777e-05,7.888589644197697e-05,3.817242499984181e-05,0.00014159377045,0.0,Italy,ITA,lombardy,,,Windows-11-10.0.26200-SP0,3.13.13,3.2.6,32,13th Gen Intel(R) Core(TM) i9-13900HX,1,1 x NVIDIA GeForce RTX 4070 Laptop GPU,9.1922,45.4722,31.70067596435547,machine,0.0,26.2,32.14,10.19614028930664,N,1.0,0.0
2026-05-02T19:40:52,Q61_llama3.1_GSM8K,457b1921-0d37-400c-abec-7a28a11a44ab,5b0fa12a-3dd7-45bb-9766-cc326314d9f1,10.09852530003991,7.263227764021162e-05,7.192364774282892e-06,12.84741888,47.08291806794014,20.0,3.424591667574266e-05,0.000132062883428,5.331117111102989e-05,0.0002196199712147,0.0,Italy,ITA,lombardy,,,Windows-11-10.0.26200-SP0,3.13.13,3.2.6,32,13th Gen Intel(R) Core(TM) i9-13900HX,1,1 x NVIDIA GeForce RTX 4070 Laptop GPU,9.1922,45.4722,31.70067596435547,machine,0.0,54.375,24.35,7.722069263458252,N,1.0,0.0
2026-05-02T19:41:59,Q61_gemma2:27b_GSM8K,4fb04ea9-9d7b-4a2e-9152-e1aa9f898624,5b0fa12a-3dd7-45bb-9766-cc326314d9f1,42.33940250001615,0.0002165960671136,5.115709110764409e-06,13.609797452640002,23.02514136214752,20.0,0.0001539174123155,0.0002741974415799,0.0002268119027783,0.0006549267566738,0.0,Italy,ITA,lombardy,,,Windows-11-10.0.26200-SP0,3.13.13,3.2.6,32,13th Gen Intel(R) Core(TM) i9-13900HX,1,1 x NVIDIA GeForce RTX 4070 Laptop GPU,9.1922,45.4722,31.70067596435547,machine,6.805,17.525,52.5025,16.646027183532716,N,1.0,0.0
2026-05-02T19:43:02,Q62_llama3.2_HellaSwag,4f5fcb1d-d6d3-4c17-a57c-d108772827b0,5b0fa12a-3dd7-45bb-9766-cc326314d9f1,6.880348299979232,3.933441800179144e-05,5.716922499680745e-06,12.8535512192,31.804139103867964,20.0,2.276368062620304e-05,6.075365971400237e-05,3.541908888890046e-05,0.0001189364292291,0.0,Italy,ITA,lombardy,,,Windows-11-10.0.26200-SP0,3.13.13,3.2.6,32,13th Gen Intel(R) Core(TM) i9-13900HX,1,1 x NVIDIA GeForce RTX 4070 Laptop GPU,9.1922,45.4722,31.70067596435547,machine,5.0,24.4,32.760000000000005,10.379425048828123,N,1.0,0.0
2026-05-02T19:43:24,Q62_llama3.1_HellaSwag,9a9f1e5f-3c42-4c11-a17b-588f71aa54ca,5b0fa12a-3dd7-45bb-9766-cc326314d9f1,6.6716410999652,3.703678782642216e-05,5.551375931570322e-06,12.865618534400005,30.03809842135217,20.0,2.205020098564835e-05,5.566198897399843e-05,3.427683944432324e-05,0.0001119890294039,0.0,Italy,ITA,lombardy,,,Windows-11-10.0.26200-SP0,3.13.13,3.2.6,32,13th Gen Intel(R) Core(TM) i9-13900HX,1,1 x NVIDIA GeForce RTX 4070 Laptop GPU,9.1922,45.4722,31.70067596435547,machine,0.0,14.4,23.84,7.554078674316406,N,1.0,0.0
2026-05-02T19:43:56,Q62_gemma2:27b_HellaSwag,0e64f2db-23f7-4b49-9908-a3707cd9181f,5b0fa12a-3dd7-45bb-9766-cc326314d9f1,16.956983699987177,0.0001488276015583,8.776773286539155e-06,13.029198268160002,36.47692560927764,20.0,0.0001174555351941,0.0001522901218319,0.0001802679544444,0.0004500136114705,0.0,Italy,ITA,lombardy,,,Windows-11-10.0.26200-SP0,3.13.13,3.2.6,32,13th Gen Intel(R) Core(TM) i9-13900HX,1,1 x NVIDIA GeForce RTX 4070 Laptop GPU,9.1922,45.4722,31.70067596435547,machine,0.0,16.4,48.41333333333333,15.350708262125652,N,1.0,0.0
2026-05-02T19:44:27,Q63_llama3.2_MMLU,e047073f-8bd8-482a-8822-ede0334f4d62,5b0fa12a-3dd7-45bb-9766-cc326314d9f1,6.2998855000478216,3.160207934794737e-05,5.016294240221902e-06,12.847682869760002,24.37462073984649,20.0,2.069325995444806e-05,4.265031189798485e-05,3.221239833348793e-05,9.555597018592083e-05,0.0,Italy,ITA,lombardy,,,Windows-11-10.0.26200-SP0,3.13.13,3.2.6,32,13th Gen Intel(R) Core(TM) i9-13900HX,1,1 x NVIDIA GeForce RTX 4070 Laptop GPU,9.1922,45.4722,31.70067596435547,machine,0.0,9.25,34.6,10.969958305358888,N,1.0,0.0
2026-05-02T19:44:51,Q63_llama3.1_MMLU,b455da24-5262-4ef3-874c-f6e7247f724e,5b0fa12a-3dd7-45bb-9766-cc326314d9f1,8.004224000032991,4.839201930068553e-05,6.0458102247620845e-06,12.86560437577143,35.00766619744283,20.0,2.6813158548349592e-05,7.782978448600542e-05,4.168117388908286e-05,0.0001463241169234,0.0,Italy,ITA,lombardy,,,Windows-11-10.0.26200-SP0,3.13.13,3.2.6,32,13th Gen Intel(R) Core(TM) i9-13900HX,1,1 x NVIDIA GeForce RTX 4070 Laptop GPU,9.1922,45.4722,31.70067596435547,machine,1.85,24.0,23.58333333333333,7.482757568359375,N,1.0,0.0
2026-05-02T19:45:36,Q63_gemma2:27b_MMLU,cab30c19-5e28-4e0c-9a98-d1e75c5c9520,5b0fa12a-3dd7-45bb-9766-cc326314d9f1,30.09882590000052,0.0001599886510598,5.315444914408154e-06,13.43530856192,25.419002398205173,20.0,0.0001081578022863,0.0002140096156519,0.0001615941283331,0.0004837615462714,0.0,Italy,ITA,lombardy,,,Windows-11-10.0.26200-SP0,3.13.13,3.2.6,32,13th Gen Intel(R) Core(TM) i9-13900HX,1,1 x NVIDIA GeForce RTX 4070 Laptop GPU,9.1922,45.4722,31.70067596435547,machine,0.0,19.035714285714285,51.2,16.227301870073592,N,1.0,0.0
2026-05-02T19:46:29,Q64_llama3.2_GSM8K,e8e77541-bdf8-47da-8b78-656c58786702,5b0fa12a-3dd7-45bb-9766-cc326314d9f1,8.387772499991115,5.901866060926911e-05,7.036273409815493e-06,12.860607147885714,45.70066083230397,20.0,2.817287470498113e-05,0.0001064717518439,4.381152222211111e-05,0.000178456148771,0.0,Italy,ITA,lombardy,,,Windows-11-10.0.26200-SP0,3.13.13,3.2.6,32,13th Gen Intel(R) Core(TM) i9-13900HX,1,1 x NVIDIA GeForce RTX 4070 Laptop GPU,9.1922,45.4722,31.70067596435547,machine,8.333333333333334,37.333333333333336,30.33333333333333,9.614697774251304,N,1.0,0.0
2026-05-02T19:46:55,Q64_llama3.1_GSM8K,574ade44-8f72-476d-b253-42e14e067cb5,5b0fa12a-3dd7-45bb-9766-cc326314d9f1,10.688231000036469,7.945785108149183e-05,7.434144254668591e-06,12.8605702592,49.62382905172,20.0,3.638249789146914e-05,0.0001472970622819,5.65790622223479e-05,0.0002402586223957,0.0,Italy,ITA,lombardy,,,Windows-11-10.0.26200-SP0,3.13.13,3.2.6,32,13th Gen Intel(R) Core(TM) i9-13900HX,1,1 x NVIDIA GeForce RTX 4070 Laptop GPU,9.1922,45.4722,31.70067596435547,machine,0.0,52.77777777777778,22.866666666666664,7.246287027994792,N,1.0,0.0
2026-05-02T19:48:12,Q64_gemma2:27b_GSM8K,259624d8-0d2a-4469-ae60-34a38b93325c,5b0fa12a-3dd7-45bb-9766-cc326314d9f1,51.82404460001271,0.0002717156395689,5.243041944450597e-06,13.679945749640002,23.865781630733508,20.0,0.0001888465197388,0.000356055284844,0.0002766913338884,0.0008215931384712,0.0,Italy,ITA,lombardy,,,Windows-11-10.0.26200-SP0,3.13.13,3.2.6,32,13th Gen Intel(R) Core(TM) i9-13900HX,1,1 x NVIDIA GeForce RTX 4070 Laptop GPU,9.1922,45.4722,31.70067596435547,machine,2.0408163265306123,24.918367346938776,51.74285714285715,16.407476697649276,N,1.0,0.0
2026-05-02T19:49:16,Q65_llama3.2_MMLU,1680a325-39ee-473f-a9a0-82c034dde1ca,5b0fa12a-3dd7-45bb-9766-cc326314d9f1,7.5306074999971315,4.711548066975154e-05,6.256531185534432e-06,12.8730598016,37.43119442410848,20.0,2.5132590288296534e-05,7.828561818398749e-05,3.904600777766771e-05,0.0001424642162499,0.0,Italy,ITA,lombardy,,,Windows-11-10.0.26200-SP0,3.13.13,3.2.6,32,13th Gen Intel(R) Core(TM) i9-13900HX,1,1 x NVIDIA GeForce RTX 4070 Laptop GPU,9.1922,45.4722,31.70067596435547,machine,0.0,27.0,31.2,9.892361450195311,N,1.0,0.0
2026-05-02T19:49:40,Q65_llama3.1_MMLU,d8cd7911-a4aa-4d19-9868-aaf1fa3b2b98,5b0fa12a-3dd7-45bb-9766-cc326314d9f1,8.65562100004172,5.681228788280692e-05,6.563629332029797e-06,12.8872070336,40.48575754522487,20.0,2.9182273445383503e-05,9.731452229599924e-05,4.528789055572512e-05,0.0001717846862971,0.0,Italy,ITA,lombardy,,,Windows-11-10.0.26200-SP0,3.13.13,3.2.6,32,13th Gen Intel(R) Core(TM) i9-13900HX,1,1 x NVIDIA GeForce RTX 4070 Laptop GPU,9.1922,45.4722,31.70067596435547,machine,0.0,44.142857142857146,22.82857142857143,7.241821834019253,N,1.0,0.0
2026-05-02T19:50:23,Q65_gemma2:27b_MMLU,39a268ec-ff24-4570-8710-ec76d2fb1ebf,5b0fa12a-3dd7-45bb-9766-cc326314d9f1,18.41073149995645,0.000102282636968,5.555598753276399e-06,13.276967548160002,31.739872662397985,20.0,6.310826166297036e-05,0.000149471508466,9.66947083332343e-05,0.0003092744784622,0.0,Italy,ITA,lombardy,,,Windows-11-10.0.26200-SP0,3.13.13,3.2.6,32,13th Gen Intel(R) Core(TM) i9-13900HX,1,1 x NVIDIA GeForce RTX 4070 Laptop GPU,9.1922,45.4722,31.70067596435547,machine,5.625,13.625,48.08125,15.244445562362673,N,1.0,0.0
2026-05-02T19:50:56,Q66_llama3.2_MMLU,e49bc883-8cf0-4b4c-8908-cd6a95cce89a,5b0fa12a-3dd7-45bb-9766-cc326314d9f1,7.219522100000177,4.5096252723358574e-05,6.246431841154344e-06,12.855261228800002,37.42789301363775,20.0,2.398875625879632e-05,7.504950448400383e-05,3.732036722228965e-05,0.000136358627965,0.0,Italy,ITA,lombardy,,,Windows-11-10.0.26200-SP0,3.13.13,3.2.6,32,13th Gen Intel(R) Core(TM) i9-13900HX,1,1 x NVIDIA GeForce RTX 4070 Laptop GPU,9.1922,45.4722,31.70067596435547,machine,10.0,26.0,31.68,10.039916229248046,N,1.0,0.0
2026-05-02T19:51:38,Q66_llama3.1_MMLU,cea4ecb3-f7fd-477b-a11d-8929a6f7cc6c,5b0fa12a-3dd7-45bb-9766-cc326314d9f1,6.774300199991558,3.926431643616705e-05,5.796069745509062e-06,12.8406421952,32.73553243090217,20.0,2.2355030525462568e-05,6.155116035200248e-05,3.481827055543868e-05,0.0001187244614329,0.0,Italy,ITA,lombardy,,,Windows-11-10.0.26200-SP0,3.13.13,3.2.6,32,13th Gen Intel(R) Core(TM) i9-13900HX,1,1 x NVIDIA GeForce RTX 4070 Laptop GPU,9.1922,45.4722,31.70067596435547,machine,20.0,19.0,23.22,7.352806854248047,N,1.0,0.0
2026-05-02T19:52:28,Q66_gemma2:27b_MMLU,6194615d-1e18-4d23-aac5-8970e77704d5,5b0fa12a-3dd7-45bb-9766-cc326314d9f1,34.76961499999743,0.0001863599542256,5.359850956810515e-06,13.538702304000005,25.721253260136304,20.0,0.0001250151981436,0.000253740758548,0.000184745135555,0.0005635010922467,0.0,Italy,ITA,lombardy,,,Windows-11-10.0.26200-SP0,3.13.13,3.2.6,32,13th Gen Intel(R) Core(TM) i9-13900HX,1,1 x NVIDIA GeForce RTX 4070 Laptop GPU,9.1922,45.4722,31.70067596435547,machine,6.0606060606060606,15.393939393939394,51.14545454545454,16.21517817179362,N,1.0,0.0
2026-05-02T19:53:24,Q67_llama3.2_HellaSwag,65f37974-86da-42f0-a60f-5de79b16b06c,5b0fa12a-3dd7-45bb-9766-cc326314d9f1,11.020078200032003,8.37858138528659e-05,7.603014455253374e-06,12.8456576192,51.41739429585411,20.0,3.75310197752644e-05,0.000157381792572,5.843237555559932e-05,0.0002533451879028,0.0,Italy,ITA,lombardy,,,Windows-11-10.0.26200-SP0,3.13.13,3.2.6,32,13th Gen Intel(R) Core(TM) i9-13900HX,1,1 x NVIDIA GeForce RTX 4070 Laptop GPU,9.1922,45.4722,31.70067596435547,machine,0.0,52.44444444444444,28.166666666666668,8.924563937717014,N,1.0,0.0
2026-05-02T19:54:02,Q67_llama3.1_HellaSwag,e638c9d7-0131-42ab-a867-97198263f607,5b0fa12a-3dd7-45bb-9766-cc326314d9f1,12.884622299985494,9.962882854746524e-05,7.732382543148153e-06,12.8738550848,52.582655504369335,20.0,4.42794411115607e-05,0.000188181817212,6.87888355553797e-05,0.0003012500938789,0.0,Italy,ITA,lombardy,,,Windows-11-10.0.26200-SP0,3.13.13,3.2.6,32,13th Gen Intel(R) Core(TM) i9-13900HX,1,1 x NVIDIA GeForce RTX 4070 Laptop GPU,9.1922,45.4722,31.70067596435547,machine,0.0,65.0,23.163636363636364,7.347657637162642,N,1.0,0.0
2026-05-02T19:55:18,Q67_gemma2:27b_HellaSwag,bfcaa2ef-bb36-4734-ac4a-3ec5c300e29b,5b0fa12a-3dd7-45bb-9766-cc326314d9f1,40.28267130005406,0.0002202494437838,5.467597770347648e-06,13.337429875840002,26.486946385438014,20.0,0.0001432705912592,0.0003073316347539,0.0002153713338891,0.0006659735599024,0.0,Italy,ITA,lombardy,,,Windows-11-10.0.26200-SP0,3.13.13,3.2.6,32,13th Gen Intel(R) Core(TM) i9-13900HX,1,1 x NVIDIA GeForce RTX 4070 Laptop GPU,9.1922,45.4722,31.70067596435547,machine,3.947368421052632,25.31578947368421,51.41052631578947,16.30188640795256,N,1.0,0.0
2026-05-02T19:56:23,Q68_llama3.2_GSM8K,a3075daa-6d14-4b72-b836-0927a4989af2,5b0fa12a-3dd7-45bb-9766-cc326314d9f1,8.511708300036844,5.5544568002610375e-05,6.525666299251579e-06,12.878792373028574,40.09623325720037,20.0,2.865609470129155e-05,9.479507583601277e-05,4.450028055580333e-05,0.0001679514510931,0.0,Italy,ITA,lombardy,,,Windows-11-10.0.26200-SP0,3.13.13,3.2.6,32,13th Gen Intel(R) Core(TM) i9-13900HX,1,1 x NVIDIA GeForce RTX 4070 Laptop GPU,9.1922,45.4722,31.70067596435547,machine,0.0,40.16666666666666,30.633333333333336,9.710923512776692,N,1.0,0.0
2026-05-02T19:56:58,Q68_llama3.1_GSM8K,6e8daef3-0af2-46c7-b7fa-a8ecab2bb519,5b0fa12a-3dd7-45bb-9766-cc326314d9f1,10.389469599991571,7.43658586396463e-05,7.157810889567129e-06,12.8818136576,46.62681440532115,20.0,3.537987151086816e-05,0.0001345528854199,5.492908499986192e-05,0.0002248618419307,0.0,Italy,ITA,lombardy,,,Windows-11-10.0.26200-SP0,3.13.13,3.2.6,32,13th Gen Intel(R) Core(TM) i9-13900HX,1,1 x NVIDIA GeForce RTX 4070 Laptop GPU,9.1922,45.4722,31.70067596435547,machine,0.0,42.125,23.15,7.33786678314209,N,1.0,0.0
2026-05-02T19:58:18,Q68_gemma2:27b_GSM8K,768d133a-63ff-476f-b593-d32c780a030a,5b0fa12a-3dd7-45bb-9766-cc326314d9f1,54.53315259999363,0.0002835998305592,5.200503125858877e-06,13.72701827188,23.698146787460644,20.0,0.0002000726955596,0.000365666681422,0.0002917882766665,0.0008575276536481,0.0,Italy,ITA,lombardy,,,Windows-11-10.0.26200-SP0,3.13.13,3.2.6,32,13th Gen Intel(R) Core(TM) i9-13900HX,1,1 x NVIDIA GeForce RTX 4070 Laptop GPU,9.1922,45.4722,31.70067596435547,machine,3.8461538461538463,18.15384615384616,52.00769230769231,16.481340628403885,N,1.0,0.0
2026-05-02T19:59:21,Q69_llama3.2_HellaSwag,b573a503-465b-4170-a23a-fe531c053fe4,5b0fa12a-3dd7-45bb-9766-cc326314d9f1,6.835666700033471,4.065196934129717e-05,5.947037959164703e-06,12.8583139712,34.2990186512908,20.0,2.2621362816604067e-05,6.511449653601176e-05,3.518448166691491e-05,0.0001229203410195,0.0,Italy,ITA,lombardy,,,Windows-11-10.0.26200-SP0,3.13.13,3.2.6,32,13th Gen Intel(R) Core(TM) i9-13900HX,1,1 x NVIDIA GeForce RTX 4070 Laptop GPU,9.1922,45.4722,31.70067596435547,machine,0.0,23.6,31.660000000000004,10.039553833007812,N,1.0,0.0
2026-05-02T19:59:43,Q69_llama3.1_HellaSwag,0cb08bc3-8876-402b-9a70-3d840210eff1,5b0fa12a-3dd7-45bb-9766-cc326314d9f1,7.516987899958622,4.37282646938665e-05,5.817258890905919e-06,12.875886176000002,32.657383324698124,20.0,2.508508722103302e-05,6.817366564998428e-05,3.896345666661445e-05,0.0001322222095376,0.0,Italy,ITA,lombardy,,,Windows-11-10.0.26200-SP0,3.13.13,3.2.6,32,13th Gen Intel(R) Core(TM) i9-13900HX,1,1 x NVIDIA GeForce RTX 4070 Laptop GPU,9.1922,45.4722,31.70067596435547,machine,0.0,9.2,23.08,7.305008697509765,N,1.0,0.0
2026-05-02T20:00:15,Q69_gemma2:27b_HellaSwag,cac9140e-b4af-4c6a-82ec-e769b131c125,5b0fa12a-3dd7-45bb-9766-cc326314d9f1,16.57468710001558,0.0001159515529874,6.995700871323515e-06,6.432062045440001,57.10583230128338,20.0,5.720177319736457e-05,0.000115188147706,0.0001782155888889,0.0003506055097923,0.0,Italy,ITA,lombardy,,,Windows-11-10.0.26200-SP0,3.13.13,3.2.6,32,13th Gen Intel(R) Core(TM) i9-13900HX,1,1 x NVIDIA GeForce RTX 4070 Laptop GPU,9.1922,45.4722,31.70067596435547,machine,0.0,11.428571428571429,47.33571428571429,15.004509244646345,N,1.0,0.0
2026-05-02T20:00:51,Q70_llama3.2_HumanEval,d37ca036-3364-44cc-bf64-bc51e3ae814e,5b0fa12a-3dd7-45bb-9766-cc326314d9f1,10.196325800032357,7.594486232540346e-05,7.448257717026114e-06,12.8513129728,49.85173636859062,20.0,3.4604495548429984e-05,0.00014117927961,5.385253833341672e-05,0.0002296363134918,0.0,Italy,ITA,lombardy,,,Windows-11-10.0.26200-SP0,3.13.13,3.2.6,32,13th Gen Intel(R) Core(TM) i9-13900HX,1,1 x NVIDIA GeForce RTX 4070 Laptop GPU,9.1922,45.4722,31.70067596435547,machine,0.0,50.125,28.7125,9.104104042053224,N,1.0,0.0
2026-05-02T20:01:32,Q70_llama3.1_HumanEval,00dc64f5-bda3-4ef0-8748-8b0d5f0a8414,5b0fa12a-3dd7-45bb-9766-cc326314d9f1,15.853682899964042,0.0001362566925407,8.594639706153568e-06,12.8641405184,61.739188893365416,20.0,5.485367070103853e-05,0.00027186827305,8.528070666652639e-05,0.0004120026504175,0.0,Italy,ITA,lombardy,,,Windows-11-10.0.26200-SP0,3.13.13,3.2.6,32,13th Gen Intel(R) Core(TM) i9-13900HX,1,1 x NVIDIA GeForce RTX 4070 Laptop GPU,9.1922,45.4722,31.70067596435547,machine,0.0,67.42857142857143,23.057142857142857,7.313028063092913,N,1.0,0.0
2026-05-02T20:03:06,Q70_gemma2:27b_HumanEval,7dc70ea0-78e3-4f5b-a736-2a1ab4600e70,5b0fa12a-3dd7-45bb-9766-cc326314d9f1,58.92538500000956,0.0003025580880421,5.134596711453768e-06,13.557142546914283,23.384270146366514,20.0,0.000213941802765,0.000384737530012,0.0003161728616671,0.0009148521944441,0.0,Italy,ITA,lombardy,,,Windows-11-10.0.26200-SP0,3.13.13,3.2.6,32,13th Gen Intel(R) Core(TM) i9-13900HX,1,1 x NVIDIA GeForce RTX 4070 Laptop GPU,9.1922,45.4722,31.70067596435547,machine,0.0,23.12280701754386,52.21578947368421,16.559430373342412,N,1.0,0.0
2026-05-02T20:04:19,Q71_llama3.2_MMLU,9dab4bb9-6c7d-48ae-8ba8-ff08276c95cf,5b0fa12a-3dd7-45bb-9766-cc326314d9f1,6.584316199994646,3.435642260231279e-05,5.217918088797244e-06,12.846041504,26.459415540590324,20.0,2.170475344008224e-05,4.838837204398927e-05,3.379121888881653e-05,0.0001038843443728,0.0,Italy,ITA,lombardy,,,Windows-11-10.0.26200-SP0,3.13.13,3.2.6,32,13th Gen Intel(R) Core(TM) i9-13900HX,1,1 x NVIDIA GeForce RTX 4070 Laptop GPU,9.1922,45.4722,31.70067596435547,machine,0.0,1.2,32.4,10.272969818115234,N,1.0,0.0
2026-05-02T20:04:42,Q71_llama3.1_MMLU,6a8f9e36-b3a1-4f63-aa04-f1b127bbfe8a,5b0fa12a-3dd7-45bb-9766-cc326314d9f1,8.027838899986818,5.030178897207473e-05,6.265919084668892e-06,12.854328056685716,37.42942871509662,20.0,2.686462905326266e-05,8.343645563799185e-05,4.179764888863752e-05,0.0001520987335798,0.0,Italy,ITA,lombardy,,,Windows-11-10.0.26200-SP0,3.13.13,3.2.6,32,13th Gen Intel(R) Core(TM) i9-13900HX,1,1 x NVIDIA GeForce RTX 4070 Laptop GPU,9.1922,45.4722,31.70067596435547,machine,16.666666666666668,29.166666666666668,23.35,7.394507090250651,N,1.0,0.0
2026-05-02T20:05:21,Q71_gemma2:27b_MMLU,8eb095e9-abb3-461f-b351-14bdc61a824c,5b0fa12a-3dd7-45bb-9766-cc326314d9f1,23.495598800014704,0.000133147169189,5.666898312417515e-06,13.349972864,29.095395366759256,20.0,8.241703449079826e-05,0.0001952709895499,0.0001249122855554,0.0004026003095962,0.0,Italy,ITA,lombardy,,,Windows-11-10.0.26200-SP0,3.13.13,3.2.6,32,13th Gen Intel(R) Core(TM) i9-13900HX,1,1 x NVIDIA GeForce RTX 4070 Laptop GPU,9.1922,45.4722,31.70067596435547,machine,4.761904761904762,16.571428571428573,49.595238095238095,15.725553421747115,N,1.0,0.0
2026-05-02T20:06:08,Q72_llama3.2_HumanEval,27349a6f-910b-4ffe-a263-b2837d86f1ed,5b0fa12a-3dd7-45bb-9766-cc326314d9f1,11.057066300010774,8.237430824012688e-05,7.449924419829754e-06,12.84972957056,49.74010164727513,20.0,3.767534320931677e-05,0.000152762899988,5.863894111114658e-05,0.0002490771843084,0.0,Italy,ITA,lombardy,,,Windows-11-10.0.26200-SP0,3.13.13,3.2.6,32,13th Gen Intel(R) Core(TM) i9-13900HX,1,1 x NVIDIA GeForce RTX 4070 Laptop GPU,9.1922,45.4722,31.70067596435547,machine,0.0,54.888888888888886,28.4,9.004329681396484,N,1.0,0.0
2026-05-02T20:07:00,Q72_llama3.1_HumanEval,b031c3c5-d58b-4f0f-9ccf-39c3b83edb22,5b0fa12a-3dd7-45bb-9766-cc326314d9f1,17.24727890000213,0.0001517053390016,8.795899914483777e-06,12.826366826240005,60.07421864867205,20.0,5.79631755668868e-05,0.0003105152484119,9.023667166636896e-05,0.0004587150956452,0.0,Italy,ITA,lombardy,,,Windows-11-10.0.26200-SP0,3.13.13,3.2.6,32,13th Gen Intel(R) Core(TM) i9-13900HX,1,1 x NVIDIA GeForce RTX 4070 Laptop GPU,9.1922,45.4722,31.70067596435547,machine,0.0,68.06666666666666,23.426666666666662,7.421934000651041,N,1.0,0.0
2026-05-02T20:08:19,Q72_gemma2:27b_HumanEval,38754fd1-d1f0-45e0-bd6f-978995997227,5b0fa12a-3dd7-45bb-9766-cc326314d9f1,43.34385590004968,0.0002362124314475,5.449732760100727e-06,13.688594987741538,26.36759241121374,20.0,0.0001585492090193,0.000323361092022,0.0002323309300001,0.0007142412310415,0.0,Italy,ITA,lombardy,,,Windows-11-10.0.26200-SP0,3.13.13,3.2.6,32,13th Gen Intel(R) Core(TM) i9-13900HX,1,1 x NVIDIA GeForce RTX 4070 Laptop GPU,9.1922,45.4722,31.70067596435547,machine,4.2682926829268295,14.926829268292684,51.68292682926829,16.384459425763385,N,1.0,0.0
2026-05-02T20:09:21,Q73_llama3.2_SQuAD,0acb4986-3e0b-49f0-bf1b-09f2817c3478,5b0fa12a-3dd7-45bb-9766-cc326314d9f1,6.618149199988693,3.620289096708338e-05,5.470244002227274e-06,12.856729088,29.20822107242758,20.0,2.1833680182116504e-05,5.367004293602151e-05,3.396383222231331e-05,0.0001094675553404,0.0,Italy,ITA,lombardy,,,Windows-11-10.0.26200-SP0,3.13.13,3.2.6,32,13th Gen Intel(R) Core(TM) i9-13900HX,1,1 x NVIDIA GeForce RTX 4070 Laptop GPU,9.1922,45.4722,31.70067596435547,machine,0.0,24.0,31.1,9.853865814208984,N,1.0,0.0
2026-05-02T20:10:05,Q73_llama3.1_SQuAD,2fa691d4-2cdc-4157-95f0-55d48f71f494,5b0fa12a-3dd7-45bb-9766-cc326314d9f1,8.600376299989875,5.378651435602154e-05,6.253972207714314e-06,12.900016496,37.10172577708928,20.0,2.901873760786634e-05,8.862757090200013e-05,4.498927333333996e-05,0.0001626355818432,0.0,Italy,ITA,lombardy,,,Windows-11-10.0.26200-SP0,3.13.13,3.2.6,32,13th Gen Intel(R) Core(TM) i9-13900HX,1,1 x NVIDIA GeForce RTX 4070 Laptop GPU,9.1922,45.4722,31.70067596435547,machine,0.0,35.714285714285715,22.857142857142858,7.245712280273437,N,1.0,0.0
2026-05-02T20:10:46,Q73_gemma2:27b_SQuAD,fc87eeb3-5df1-40b0-b80e-0d71ccd58263,5b0fa12a-3dd7-45bb-9766-cc326314d9f1,16.618343200010713,0.0001439653551076,8.663038991008062e-06,12.844462668800002,77.95030373170407,20.0,0.0001146011790241,0.000142267336036,0.0001784430044447,0.0004353115195049,0.0,Italy,ITA,lombardy,,,Windows-11-10.0.26200-SP0,3.13.13,3.2.6,32,13th Gen Intel(R) Core(TM) i9-13900HX,1,1 x NVIDIA GeForce RTX 4070 Laptop GPU,9.1922,45.4722,31.70067596435547,machine,0.0,12.6,47.406666666666666,15.028035227457682,N,1.0,0.0
2026-05-02T20:11:19,Q74_llama3.2_HellaSwag,5e49e6d8-322a-416f-8935-bcff8f6aeeca,5b0fa12a-3dd7-45bb-9766-cc326314d9f1,7.425401700020302,4.538474530160334e-05,6.1120929392249925e-06,12.860609408000002,35.89613446433626,20.0,2.473437960113115e-05,7.403228144800544e-05,3.846428888888719e-05,0.000137230949938,0.0,Italy,ITA,lombardy,,,Windows-11-10.0.26200-SP0,3.13.13,3.2.6,32,13th Gen Intel(R) Core(TM) i9-13900HX,1,1 x NVIDIA GeForce RTX 4070 Laptop GPU,9.1922,45.4722,31.70067596435547,machine,6.659999999999999,22.0,32.02,10.142369079589844,N,1.0,0.0
2026-05-02T20:11:43,Q74_llama3.1_HellaSwag,f491acfe-4e9f-4752-8221-83192855c62c,5b0fa12a-3dd7-45bb-9766-cc326314d9f1,8.460083200014196,5.375227301275392e-05,6.353634088688834e-06,12.883564648228573,38.26093164055477,20.0,2.8468064125027217e-05,8.987201634200193e-05,4.419196499996663e-05,0.0001625320454669,0.0,Italy,ITA,lombardy,,,Windows-11-10.0.26200-SP0,3.13.13,3.2.6,32,13th Gen Intel(R) Core(TM) i9-13900HX,1,1 x NVIDIA GeForce RTX 4070 Laptop GPU,9.1922,45.4722,31.70067596435547,machine,0.0,23.5,22.866666666666664,7.2501481374104815,N,1.0,0.0
2026-05-02T20:12:16,Q74_gemma2:27b_HellaSwag,55d5d903-e457-49a7-9e2c-b310dbfa1dcb,5b0fa12a-3dd7-45bb-9766-cc326314d9f1,17.925183599989396,0.0001042883867618,5.81798151076555e-06,13.25300012672,35.660968416269895,20.0,6.106228430280659e-05,0.0001602859615619,9.399106666678562e-05,0.0003153393125315,0.0,Italy,ITA,lombardy,,,Windows-11-10.0.26200-SP0,3.13.13,3.2.6,32,13th Gen Intel(R) Core(TM) i9-13900HX,1,1 x NVIDIA GeForce RTX 4070 Laptop GPU,9.1922,45.4722,31.70067596435547,machine,0.0,15.5625,47.90625,15.189854145050049,N,1.0,0.0
2026-05-02T20:12:51,Q75_llama3.2_HumanEval,d0c27600-34e2-4a22-a89c-55d0d34f02f1,5b0fa12a-3dd7-45bb-9766-cc326314d9f1,9.818583199987188,7.2592793064753e-05,7.393408151274588e-06,12.8574022272,49.30458649737331,20.0,3.327622984684146e-05,0.000134463440904,5.176090999997945e-05,0.0002195005807508,0.0,Italy,ITA,lombardy,,,Windows-11-10.0.26200-SP0,3.13.13,3.2.6,32,13th Gen Intel(R) Core(TM) i9-13900HX,1,1 x NVIDIA GeForce RTX 4070 Laptop GPU,9.1922,45.4722,31.70067596435547,machine,0.0,52.625,28.5,9.032011985778809,N,1.0,0.0
2026-05-02T20:13:34,Q75_llama3.1_HumanEval,4dde704f-3661-4dd3-b3d6-2c5f7e49f502,5b0fa12a-3dd7-45bb-9766-cc326314d9f1,17.207553999964148,0.0001455452294805,8.458217215580237e-06,12.82951357184,62.8484680791522,20.0,5.784228000122423e-05,0.000292228289338,9.001805444454981e-05,0.0004400886237837,0.0,Italy,ITA,lombardy,,,Windows-11-10.0.26200-SP0,3.13.13,3.2.6,32,13th Gen Intel(R) Core(TM) i9-13900HX,1,1 x NVIDIA GeForce RTX 4070 Laptop GPU,9.1922,45.4722,31.70067596435547,machine,0.0,70.4,22.926666666666662,7.259364318847656,N,1.0,0.0
2026-05-02T20:15:18,Q75_gemma2:27b_HumanEval,fd8f54f2-9a64-4dca-8a5d-3d3996acf85d,5b0fa12a-3dd7-45bb-9766-cc326314d9f1,69.70438529999228,0.0003590795131152,5.1514623014013175e-06,13.615516719776002,23.62303541178216,20.0,0.0002536009390612,0.0004590325894479,0.0003731238633329,0.0010857573918421,0.0,Italy,ITA,lombardy,,,Windows-11-10.0.26200-SP0,3.13.13,3.2.6,32,13th Gen Intel(R) Core(TM) i9-13900HX,1,1 x NVIDIA GeForce RTX 4070 Laptop GPU,9.1922,45.4722,31.70067596435547,machine,2.985074626865672,18.73134328358209,52.32985074626866,16.582707362388497,N,1.0,0.0
2026-05-02T20:16:34,Q76_llama3.2_HumanEval,4291bbce-4383-4c80-807c-f382c0ad1455,5b0fa12a-3dd7-45bb-9766-cc326314d9f1,9.81337839999469,7.074140773260821e-05,7.208670128591647e-06,12.869494656,47.2860469230428,20.0,3.32862880086473e-05,0.000128888158666,5.1728055555658e-05,0.0002139025022303,0.0,Italy,ITA,lombardy,,,Windows-11-10.0.26200-SP0,3.13.13,3.2.6,32,13th Gen Intel(R) Core(TM) i9-13900HX,1,1 x NVIDIA GeForce RTX 4070 Laptop GPU,9.1922,45.4722,31.70067596435547,machine,12.5,50.75,28.7375,9.103906154632568,N,1.0,0.0
2026-05-02T20:17:11,Q76_llama3.1_HumanEval,24500e33-8216-45d9-a233-cba48584d423,5b0fa12a-3dd7-45bb-9766-cc326314d9f1,11.846885800012387,8.906589209901e-05,7.5180848032583265e-06,12.868060160000002,50.36686420320624,20.0,4.055056036632008e-05,0.0001657356881439,6.30244394444162e-05,0.0002693106879547,0.0,Italy,ITA,lombardy,,,Windows-11-10.0.26200-SP0,3.13.13,3.2.6,32,13th Gen Intel(R) Core(TM) i9-13900HX,1,1 x NVIDIA GeForce RTX 4070 Laptop GPU,9.1922,45.4722,31.70067596435547,machine,0.0,62.1,23.08,7.31476058959961,N,1.0,0.0
2026-05-02T20:18:31,Q76_gemma2:27b_HumanEval,0c3e520a-fddb-43e7-a849-70208cb73d8a,5b0fa12a-3dd7-45bb-9766-cc326314d9f1,54.82631089998176,0.0002852349684891,5.202519808592305e-06,13.57403237372,23.760857218742164,20.0,0.0001991666826448,0.0003699039070339,0.0002934012699998,0.0008624718596786,0.0,Italy,ITA,lombardy,,,Windows-11-10.0.26200-SP0,3.13.13,3.2.6,32,13th Gen Intel(R) Core(TM) i9-13900HX,1,1 x NVIDIA GeForce RTX 4070 Laptop GPU,9.1922,45.4722,31.70067596435547,machine,3.8461538461538463,22.71153846153846,51.95,16.464190923250637,N,1.0,0.0
2026-05-02T20:19:34,Q77_llama3.2_GSM8K,02de85cd-8765-4946-9772-b411fd324ed1,5b0fa12a-3dd7-45bb-9766-cc326314d9f1,8.26830009999685,5.3624607395330105e-05,6.485566167990266e-06,12.871050982400002,39.807987639716536,20.0,2.7734096248104097e-05,9.13175730539728e-05,4.309435055571764e-05,0.0001621460198577,0.0,Italy,ITA,lombardy,,,Windows-11-10.0.26200-SP0,3.13.13,3.2.6,32,13th Gen Intel(R) Core(TM) i9-13900HX,1,1 x NVIDIA GeForce RTX 4070 Laptop GPU,9.1922,45.4722,31.70067596435547,machine,0.0,35.166666666666664,30.73333333333333,9.744815826416016,N,1.0,0.0
2026-05-02T20:20:12,Q77_llama3.1_GSM8K,39acacd1-bb3c-4989-802d-05c3e3600937,5b0fa12a-3dd7-45bb-9766-cc326314d9f1,12.353821699973196,9.822355640318696e-05,7.950864015092598e-06,12.867287010909092,55.0524634819044,20.0,4.23451313919746e-05,0.0001888384844039,6.581732277764887e-05,0.0002970009385736,0.0,Italy,ITA,lombardy,,,Windows-11-10.0.26200-SP0,3.13.13,3.2.6,32,13th Gen Intel(R) Core(TM) i9-13900HX,1,1 x NVIDIA GeForce RTX 4070 Laptop GPU,9.1922,45.4722,31.70067596435547,machine,0.0,54.8,23.04,7.298186874389648,N,1.0,0.0
2026-05-02T20:21:35,Q77_gemma2:27b_GSM8K,a3d06d09-b85d-45bf-9f3d-53b1d12f41e5,5b0fa12a-3dd7-45bb-9766-cc326314d9f1,57.60423180001089,0.0003069740514772,5.329019099551725e-06,13.420465704200002,25.219572591054124,20.0,0.0002070002053489,0.000412360607666,0.0003088440366674,0.0009282048496823,0.0,Italy,ITA,lombardy,,,Windows-11-10.0.26200-SP0,3.13.13,3.2.6,32,13th Gen Intel(R) Core(TM) i9-13900HX,1,1 x NVIDIA GeForce RTX 4070 Laptop GPU,9.1922,45.4722,31.70067596435547,machine,1.5581818181818183,24.83636363636364,52.10727272727273,16.512053264271128,N,1.0,0.0
2026-05-02T20:22:49,Q78_llama3.2_HellaSwag,b9ed3b22-3ac0-44dd-8d20-d47f4d4b9c73,5b0fa12a-3dd7-45bb-9766-cc326314d9f1,8.811702300037723,5.859350124321879e-05,6.649509850436952e-06,12.8637602768,41.39385834831754,20.0,2.969356863895678e-05,0.000101311747716,4.616526777778442e-05,0.0001771705841327,0.0,Italy,ITA,lombardy,,,Windows-11-10.0.26200-SP0,3.13.13,3.2.6,32,13th Gen Intel(R) Core(TM) i9-13900HX,1,1 x NVIDIA GeForce RTX 4070 Laptop GPU,9.1922,45.4722,31.70067596435547,machine,14.285714285714286,43.57142857142857,29.728571428571428,9.422223227364675,N,1.0,0.0
2026-05-02T20:23:33,Q78_llama3.1_HellaSwag,49fc37e6-b0a3-4e28-be75-ab30050487a6,5b0fa12a-3dd7-45bb-9766-cc326314d9f1,9.033815199974924,5.945268528328243e-05,6.581127017458521e-06,12.8497539728,40.61890753709094,20.0,3.045264978695116e-05,0.000101918692646,4.739717722210723e-05,0.000179768519655,0.0,Italy,ITA,lombardy,,,Windows-11-10.0.26200-SP0,3.13.13,3.2.6,32,13th Gen Intel(R) Core(TM) i9-13900HX,1,1 x NVIDIA GeForce RTX 4070 Laptop GPU,9.1922,45.4722,31.70067596435547,machine,0.0,44.42857142857143,23.057142857142857,7.313202994210379,N,1.0,0.0
2026-05-02T20:24:20,Q78_gemma2:27b_HellaSwag,22af8dee-8d7f-49a5-8d40-683ff9343c47,5b0fa12a-3dd7-45bb-9766-cc326314d9f1,21.18065910000587,0.000126068013106,5.952034472148544e-06,13.307330274560002,30.83046106979404,20.0,7.337027397873915e-05,0.0001957404343699,0.0001120841861113,0.0003811948944601,0.0,Italy,ITA,lombardy,,,Windows-11-10.0.26200-SP0,3.13.13,3.2.6,32,13th Gen Intel(R) Core(TM) i9-13900HX,1,1 x NVIDIA GeForce RTX 4070 Laptop GPU,9.1922,45.4722,31.70067596435547,machine,5.2631578947368425,10.947368421052632,49.04210526315789,15.54600625289114,N,1.0,0.0
2026-05-02T20:25:02,Q79_llama3.2_SQuAD,83e70ad0-4fbb-4afb-a5ad-cd9892bfe470,5b0fa12a-3dd7-45bb-9766-cc326314d9f1,7.3651521999854594,4.4814272455338985e-05,6.084636303296958e-06,12.870580851200002,35.64462645689024,20.0,2.4523112454052728e-05,7.28767249680018e-05,3.810615999973379e-05,0.0001355059974217,0.0,Italy,ITA,lombardy,,,Windows-11-10.0.26200-SP0,3.13.13,3.2.6,32,13th Gen Intel(R) Core(TM) i9-13900HX,1,1 x NVIDIA GeForce RTX 4070 Laptop GPU,9.1922,45.4722,31.70067596435547,machine,0.0,43.4,32.08,10.174440002441406,N,1.0,0.0
2026-05-02T20:25:25,Q79_llama3.1_SQuAD,fe15a8e4-c08f-4ca9-a705-0c142204a327,5b0fa12a-3dd7-45bb-9766-cc326314d9f1,7.840822600002866,5.089059432257199e-05,6.4904662327844764e-06,12.850774301257143,39.9121248340884,20.0,2.619615955583905e-05,8.691423619802685e-05,4.076872277784989e-05,0.0001538791185317,0.0,Italy,ITA,lombardy,,,Windows-11-10.0.26200-SP0,3.13.13,3.2.6,32,13th Gen Intel(R) Core(TM) i9-13900HX,1,1 x NVIDIA GeForce RTX 4070 Laptop GPU,9.1922,45.4722,31.70067596435547,machine,0.0,33.5,23.166666666666668,7.340009053548177,N,1.0,0.0
2026-05-02T20:25:58,Q79_gemma2:27b_SQuAD,4230a876-0eb1-44db-9b3a-e45e5567e437,5b0fa12a-3dd7-45bb-9766-cc326314d9f1,18.22618309996324,0.0001040247945344,5.707437150382543e-06,13.51735121408,34.02692883718265,20.0,6.245002664538527e-05,0.0001564370695939,9.565518611117216e-05,0.0003145422823505,0.0,Italy,ITA,lombardy,,,Windows-11-10.0.26200-SP0,3.13.13,3.2.6,32,13th Gen Intel(R) Core(TM) i9-13900HX,1,1 x NVIDIA GeForce RTX 4070 Laptop GPU,9.1922,45.4722,31.70067596435547,machine,0.0,15.25,48.1875,15.280898809432983,N,1.0,0.0
2026-05-02T20:26:42,Q80_llama3.2_GSM8K,17c75ca8-cb9e-40f9-96a6-3708dcbc1385,5b0fa12a-3dd7-45bb-9766-cc326314d9f1,8.63445299997693,6.044460263041874e-05,7.000397434623854e-06,12.8755800128,45.26307789395292,20.0,2.9078502820392296e-05,0.0001085217534839,4.516754777772197e-05,0.000182767804082,0.0,Italy,ITA,lombardy,,,Windows-11-10.0.26200-SP0,3.13.13,3.2.6,32,13th Gen Intel(R) Core(TM) i9-13900HX,1,1 x NVIDIA GeForce RTX 4070 Laptop GPU,9.1922,45.4722,31.70067596435547,machine,0.0,39.0,29.457142857142856,9.337892804827009,N,1.0,0.0
2026-05-02T20:27:13,Q80_llama3.1_GSM8K,ee801ea2-36a2-4939-a46e-83f31c682f33,5b0fa12a-3dd7-45bb-9766-cc326314d9f1,15.045519399980549,0.0001265114613314,8.408580519434266e-06,12.85684398354286,59.77666758177483,20.0,5.193715194095832e-05,0.0002498068665119,8.079174111092773e-05,0.0003825357595638,0.0,Italy,ITA,lombardy,,,Windows-11-10.0.26200-SP0,3.13.13,3.2.6,32,13th Gen Intel(R) Core(TM) i9-13900HX,1,1 x NVIDIA GeForce RTX 4070 Laptop GPU,9.1922,45.4722,31.70067596435547,machine,0.0,64.0,23.23076923076923,7.355252486008864,N,1.0,0.0
2026-05-02T20:28:49,Q80_gemma2:27b_GSM8K,1b74e4e9-41c4-4bed-b077-fe361bf981ff,5b0fa12a-3dd7-45bb-9766-cc326314d9f1,61.33242869999958,0.0003189664744319,5.200617050273721e-06,13.50752888432,24.07801112306944,20.0,0.0002223548133969,0.0004125822745099,0.0003295295405557,0.0009644666284626,0.0,Italy,ITA,lombardy,,,Windows-11-10.0.26200-SP0,3.13.13,3.2.6,32,13th Gen Intel(R) Core(TM) i9-13900HX,1,1 x NVIDIA GeForce RTX 4070 Laptop GPU,9.1922,45.4722,31.70067596435547,machine,3.389830508474576,19.728813559322035,52.38813559322034,16.604284706762282,N,1.0,0.0
2026-05-02T20:30:03,Q81_llama3.2_MMLU,aeb88a6b-d47d-4cd8-812f-dab62d7da2b0,5b0fa12a-3dd7-45bb-9766-cc326314d9f1,7.280226699949708,4.646459260104237e-05,6.382300238172988e-06,12.8867226368,38.8578034713486,20.0,2.426490798139221e-05,7.857339619196657e-05,3.765780611105988e-05,0.0001404961102844,0.0,Italy,ITA,lombardy,,,Windows-11-10.0.26200-SP0,3.13.13,3.2.6,32,13th Gen Intel(R) Core(TM) i9-13900HX,1,1 x NVIDIA GeForce RTX 4070 Laptop GPU,9.1922,45.4722,31.70067596435547,machine,0.0,26.6,32.28,10.228981018066406,N,1.0,0.0
2026-05-02T20:30:25,Q81_llama3.1_MMLU,fd3f59b1-0969-4eb7-9c90-76aa67194f21,5b0fa12a-3dd7-45bb-9766-cc326314d9f1,6.685349499981385,3.692663167125891e-05,5.52351551274346e-06,12.8582754368,29.738364925594173,20.0,2.2085707848162588e-05,5.521865528598791e-05,3.435158444432697e-05,0.0001116559475784,0.0,Italy,ITA,lombardy,,,Windows-11-10.0.26200-SP0,3.13.13,3.2.6,32,13th Gen Intel(R) Core(TM) i9-13900HX,1,1 x NVIDIA GeForce RTX 4070 Laptop GPU,9.1922,45.4722,31.70067596435547,machine,0.0,16.8,23.24,7.357356262207031,N,1.0,0.0
2026-05-02T20:31:04,Q81_gemma2:27b_MMLU,6a05436c-0ef0-44ad-a9f2-b5bbc303b366,5b0fa12a-3dd7-45bb-9766-cc326314d9f1,24.471069900027945,0.0001435122417928,5.8645675231678e-06,13.27513634688,30.39646740421483,20.0,8.565308211905347e-05,0.0002179810077179,0.00013030734,0.0004339414298371,0.0,Italy,ITA,lombardy,,,Windows-11-10.0.26200-SP0,3.13.13,3.2.6,32,13th Gen Intel(R) Core(TM) i9-13900HX,1,1 x NVIDIA GeForce RTX 4070 Laptop GPU,9.1922,45.4722,31.70067596435547,machine,0.0,10.181818181818182,49.79545454545455,15.78841746937145,N,1.0,0.0
2026-05-02T20:31:47,Q82_llama3.2_MMLU,05db5743-d8e1-4675-ab67-4eeb4e4bf3ef,5b0fa12a-3dd7-45bb-9766-cc326314d9f1,7.969375199987553,4.9693208137555205e-05,6.235521215970961e-06,12.86754347154286,37.08277133132165,20.0,2.6690882353292736e-05,8.208312122201522e-05,4.14845494443499e-05,0.0001502585530196,0.0,Italy,ITA,lombardy,,,Windows-11-10.0.26200-SP0,3.13.13,3.2.6,32,13th Gen Intel(R) Core(TM) i9-13900HX,1,1 x NVIDIA GeForce RTX 4070 Laptop GPU,9.1922,45.4722,31.70067596435547,machine,16.666666666666668,37.333333333333336,30.35,9.61926778157552,N,1.0,0.0
2026-05-02T20:32:19,Q82_llama3.1_MMLU,2d40ef82-707a-47bd-b5ac-62146ca8f234,5b0fa12a-3dd7-45bb-9766-cc326314d9f1,6.761670400039293,3.425366145783271e-05,5.065857906595634e-06,12.84407072,24.756108849576155,20.0,2.2327545280273613e-05,4.647975940599847e-05,3.47663183334387e-05,0.0001035736230197,0.0,Italy,ITA,lombardy,,,Windows-11-10.0.26200-SP0,3.13.13,3.2.6,32,13th Gen Intel(R) Core(TM) i9-13900HX,1,1 x NVIDIA GeForce RTX 4070 Laptop GPU,9.1922,45.4722,31.70067596435547,machine,0.0,9.4,23.1,7.3238166809082035,N,1.0,0.0
2026-05-02T20:32:52,Q82_gemma2:27b_MMLU,512e9980-df2f-4592-89a9-c0eff17df49a,5b0fa12a-3dd7-45bb-9766-cc326314d9f1,17.120500700024422,9.298993737439772e-05,5.431496368226255e-06,13.28483682752,39.8297783686599,20.0,5.8173171589220345e-05,0.0001334867734559,8.951597333361862e-05,0.0002811759183787,0.0,Italy,ITA,lombardy,,,Windows-11-10.0.26200-SP0,3.13.13,3.2.6,32,13th Gen Intel(R) Core(TM) i9-13900HX,1,1 x NVIDIA GeForce RTX 4070 Laptop GPU,9.1922,45.4722,31.70067596435547,machine,0.0,12.666666666666666,47.78,15.145866139729817,N,1.0,0.0
2026-05-02T20:33:26,Q83_llama3.2_HumanEval,da50a0ba-8ff1-4d1d-9bf6-2013fe1e13e0,5b0fa12a-3dd7-45bb-9766-cc326314d9f1,9.313624200003687,6.271353544251412e-05,6.733526508669879e-06,12.874927088,42.197867183238415,20.0,3.1514010890613745e-05,0.0001091611984399,4.895322166654903e-05,0.0001896284309971,0.0,Italy,ITA,lombardy,,,Windows-11-10.0.26200-SP0,3.13.13,3.2.6,32,13th Gen Intel(R) Core(TM) i9-13900HX,1,1 x NVIDIA GeForce RTX 4070 Laptop GPU,9.1922,45.4722,31.70067596435547,machine,0.0,58.285714285714285,29.085714285714285,9.219290052141462,N,1.0,0.0
2026-05-02T20:34:17,Q83_llama3.1_HumanEval,261cbdca-dd73-4316-b247-d40197980d02,5b0fa12a-3dd7-45bb-9766-cc326314d9f1,15.631177500006745,0.0001325710925106,8.481196794710608e-06,12.86387493632,60.52419685966765,20.0,5.405617576248752e-05,0.000262760487986,8.404174888888114e-05,0.0004008584126373,0.0,Italy,ITA,lombardy,,,Windows-11-10.0.26200-SP0,3.13.13,3.2.6,32,13th Gen Intel(R) Core(TM) i9-13900HX,1,1 x NVIDIA GeForce RTX 4070 Laptop GPU,9.1922,45.4722,31.70067596435547,machine,0.0,62.07692307692308,23.07857142857143,7.307815824236188,N,1.0,0.0
2026-05-02T20:35:29,Q83_gemma2:27b_HumanEval,a8037b03-4996-47c1-b822-bf71d6aa6cb5,5b0fa12a-3dd7-45bb-9766-cc326314d9f1,36.30254710000008,0.0001928509094041,5.312324473346084e-06,13.387686625440002,24.83072066641272,20.0,0.0001290634192567,0.0002607877086299,0.0001932768222222,0.0005831279501089,0.0,Italy,ITA,lombardy,,,Windows-11-10.0.26200-SP0,3.13.13,3.2.6,32,13th Gen Intel(R) Core(TM) i9-13900HX,1,1 x NVIDIA GeForce RTX 4070 Laptop GPU,9.1922,45.4722,31.70067596435547,machine,0.0,18.11764705882353,51.12941176470588,16.21373232673196,N,1.0,0.0
2026-05-02T20:36:31,Q84_llama3.2_SQuAD,a839b75f-98da-411e-a407-87f892aa6f1b,5b0fa12a-3dd7-45bb-9766-cc326314d9f1,6.263019400008488,3.229290340845804e-05,5.156123803227285e-06,12.877202846720005,25.88795562358945,20.0,2.060742277015615e-05,4.503253602600177e-05,3.200487277774502e-05,9.764483157390296e-05,0.0,Italy,ITA,lombardy,,,Windows-11-10.0.26200-SP0,3.13.13,3.2.6,32,13th Gen Intel(R) Core(TM) i9-13900HX,1,1 x NVIDIA GeForce RTX 4070 Laptop GPU,9.1922,45.4722,31.70067596435547,machine,0.0,9.75,34.6,10.96534538269043,N,1.0,0.0
2026-05-02T20:37:14,Q84_llama3.1_SQuAD,f6afb7af-874f-4827-9fc5-e88a5619a294,5b0fa12a-3dd7-45bb-9766-cc326314d9f1,7.150360400031786,3.966106462076544e-05,5.546722458995092e-06,12.891696512,29.79979728021987,20.0,2.3807852261592087e-05,5.918199179000272e-05,3.693427444442124e-05,0.000119924118496,0.0,Italy,ITA,lombardy,,,Windows-11-10.0.26200-SP0,3.13.13,3.2.6,32,13th Gen Intel(R) Core(TM) i9-13900HX,1,1 x NVIDIA GeForce RTX 4070 Laptop GPU,9.1922,45.4722,31.70067596435547,machine,0.0,29.4,23.36,7.411127471923828,N,1.0,0.0
2026-05-02T20:37:45,Q84_gemma2:27b_SQuAD,227913c9-c33c-4a0a-b097-ba0112fa7e8b,5b0fa12a-3dd7-45bb-9766-cc326314d9f1,16.76996579999104,0.0001381964400574,8.240710905773306e-06,12.956034890240002,51.758955489848205,20.0,0.0001161190321361,0.0001225067646719,0.0001792421150001,0.0004178679118083,0.0,Italy,ITA,lombardy,,,Windows-11-10.0.26200-SP0,3.13.13,3.2.6,32,13th Gen Intel(R) Core(TM) i9-13900HX,1,1 x NVIDIA GeForce RTX 4070 Laptop GPU,9.1922,45.4722,31.70067596435547,machine,0.0,12.0,48.14666666666667,15.26411616007487,N,1.0,0.0
2026-05-02T20:38:19,Q85_llama3.2_HellaSwag,17bc92f2-116a-4acb-809a-52215d198017,5b0fa12a-3dd7-45bb-9766-cc326314d9f1,8.18493489996763,5.560591922042962e-05,6.793691080016963e-06,12.867384133485714,43.1023341113968,20.0,2.746262741540002e-05,9.79895228359895e-05,4.268481000003198e-05,0.0001681369602514,0.0,Italy,ITA,lombardy,,,Windows-11-10.0.26200-SP0,3.13.13,3.2.6,32,13th Gen Intel(R) Core(TM) i9-13900HX,1,1 x NVIDIA GeForce RTX 4070 Laptop GPU,9.1922,45.4722,31.70067596435547,machine,0.0,42.16666666666666,31.15,9.876748402913412,N,1.0,0.0
2026-05-02T20:39:04,Q85_llama3.1_HellaSwag,75704c86-1f38-4980-9550-869038ab8a2c,5b0fa12a-3dd7-45bb-9766-cc326314d9f1,9.5495791999856,6.407538454184906e-05,6.709760000937599e-06,12.8386633232,41.930478413371,20.0,3.226591468604607e-05,0.000111217588974,5.0262783333245255e-05,0.0001937462869932,0.0,Italy,ITA,lombardy,,,Windows-11-10.0.26200-SP0,3.13.13,3.2.6,32,13th Gen Intel(R) Core(TM) i9-13900HX,1,1 x NVIDIA GeForce RTX 4070 Laptop GPU,9.1922,45.4722,31.70067596435547,machine,0.0,48.285714285714285,23.4,7.42139162336077,N,1.0,0.0
2026-05-02T20:39:56,Q85_gemma2:27b_HellaSwag,dec9132d-3e43-405a-af8b-583f69b269af,5b0fa12a-3dd7-45bb-9766-cc326314d9f1,27.178433900000528,0.0001432301776584,5.26999378203368e-06,13.564351184,24.78376405764361,20.0,9.769481815497488e-05,0.00018999320755,0.0001454005199998,0.0004330885457048,0.0,Italy,ITA,lombardy,,,Windows-11-10.0.26200-SP0,3.13.13,3.2.6,32,13th Gen Intel(R) Core(TM) i9-13900HX,1,1 x NVIDIA GeForce RTX 4070 Laptop GPU,9.1922,45.4722,31.70067596435547,machine,13.0,19.4,50.16,15.900815887451172,N,1.0,0.0
2026-05-02T20:40:52,Q86_llama3.2_HumanEval,0056dd61-4957-449f-afe8-41aaec1e25b0,5b0fa12a-3dd7-45bb-9766-cc326314d9f1,9.935944400029255,7.268165342609584e-05,7.315022155909187e-06,12.8446574336,48.4432082064228,20.0,3.3662163571232545e-05,0.0001336937180659,5.241338833325749e-05,0.0002197692699704,0.0,Italy,ITA,lombardy,,,Windows-11-10.0.26200-SP0,3.13.13,3.2.6,32,13th Gen Intel(R) Core(TM) i9-13900HX,1,1 x NVIDIA GeForce RTX 4070 Laptop GPU,9.1922,45.4722,31.70067596435547,machine,6.25,51.625,28.1375,8.924321174621582,N,1.0,0.0
2026-05-02T20:41:49,Q86_llama3.1_HumanEval,a028096e-dcd0-4571-8b53-81c270ae2070,5b0fa12a-3dd7-45bb-9766-cc326314d9f1,12.163682700018398,9.213981497442262e-05,7.574993301517414e-06,12.889648524800002,50.93212502095825,20.0,4.1752261211851766e-05,0.0001720695821,6.478353944451859e-05,0.0002786053827563,0.0,Italy,ITA,lombardy,,,Windows-11-10.0.26200-SP0,3.13.13,3.2.6,32,13th Gen Intel(R) Core(TM) i9-13900HX,1,1 x NVIDIA GeForce RTX 4070 Laptop GPU,9.1922,45.4722,31.70067596435547,machine,0.0,53.3,22.96,7.2753032684326175,N,1.0,0.0
2026-05-02T20:43:02,Q86_gemma2:27b_HumanEval,4737d0a3-c157-48ef-b386-2019144c3da9,5b0fa12a-3dd7-45bb-9766-cc326314d9f1,47.57836519996636,0.000257905559796,5.420647782076898e-06,13.641790929680004,27.35318152426673,20.0,0.0001731275573523,0.0003535919495399,0.0002531157599998,0.0007798352668921,0.0,Italy,ITA,lombardy,,,Windows-11-10.0.26200-SP0,3.13.13,3.2.6,32,13th Gen Intel(R) Core(TM) i9-13900HX,1,1 x NVIDIA GeForce RTX 4070 Laptop GPU,9.1922,45.4722,31.70067596435547,machine,1.6666666666666667,23.88888888888889,51.67555555555556,16.377027130126955,N,1.0,0.0
2026-05-02T20:44:07,Q87_llama3.2_HellaSwag,fbc7b7e4-ce7b-48ac-9f3f-e0cfa90b1fdf,5b0fa12a-3dd7-45bb-9766-cc326314d9f1,9.104376700008288,6.189627569675039e-05,6.798518749415767e-06,12.8557528544,42.97514264199399,20.0,3.071515327077871e-05,0.000108658698038,4.7783411666750906e-05,0.0001871572629755,0.0,Italy,ITA,lombardy,,,Windows-11-10.0.26200-SP0,3.13.13,3.2.6,32,13th Gen Intel(R) Core(TM) i9-13900HX,1,1 x NVIDIA GeForce RTX 4070 Laptop GPU,9.1922,45.4722,31.70067596435547,machine,0.0,46.57142857142857,29.414285714285715,9.321554456438337,N,1.0,0.0
2026-05-02T20:44:30,Q87_llama3.1_HellaSwag,8241438b-e3fb-4650-bfd1-1a5d535daddd,5b0fa12a-3dd7-45bb-9766-cc326314d9f1,7.996429399994668,4.98504778688275e-05,6.234092164793044e-06,12.846562243657145,37.07937930906398,20.0,2.674429408598114e-05,8.235423254998597e-05,4.163556666656708e-05,0.0001507340933025,0.0,Italy,ITA,lombardy,,,Windows-11-10.0.26200-SP0,3.13.13,3.2.6,32,13th Gen Intel(R) Core(TM) i9-13900HX,1,1 x NVIDIA GeForce RTX 4070 Laptop GPU,9.1922,45.4722,31.70067596435547,machine,0.0,40.833333333333336,23.05,7.302213668823242,N,1.0,0.0
2026-05-02T20:45:22,Q87_gemma2:27b_HellaSwag,40841213-8067-4ef6-85cd-b8ebf0d2bd51,5b0fa12a-3dd7-45bb-9766-cc326314d9f1,25.90986170002725,0.0001494402709041,5.7676985170492095e-06,13.474269588363637,29.14721633785489,20.0,9.234736872973464e-05,0.000221178510276,0.0001383402755555,0.0004518661545612,0.0,Italy,ITA,lombardy,,,Windows-11-10.0.26200-SP0,3.13.13,3.2.6,32,13th Gen Intel(R) Core(TM) i9-13900HX,1,1 x NVIDIA GeForce RTX 4070 Laptop GPU,9.1922,45.4722,31.70067596435547,machine,0.0,17.0,49.8875,15.81706921259562,N,1.0,0.0
2026-05-02T20:46:15,Q88_llama3.2_MMLU,3604b7ab-ab70-4e60-b1f9-eec7b37d2dfe,5b0fa12a-3dd7-45bb-9766-cc326314d9f1,7.07068960001925,4.043589053169826e-05,5.718804362673221e-06,12.8533628672,31.73237402639567,20.0,2.3454051784957608e-05,6.231893874397709e-05,3.649398777795594e-05,0.0001222669783068,0.0,Italy,ITA,lombardy,,,Windows-11-10.0.26200-SP0,3.13.13,3.2.6,32,13th Gen Intel(R) Core(TM) i9-13900HX,1,1 x NVIDIA GeForce RTX 4070 Laptop GPU,9.1922,45.4722,31.70067596435547,machine,0.0,22.2,31.8,10.088033294677734,N,1.0,0.0
2026-05-02T20:46:58,Q88_llama3.1_MMLU,d3c8f57f-1762-437e-aa63-564e53637672,5b0fa12a-3dd7-45bb-9766-cc326314d9f1,7.874229399953037,4.996681128197801e-05,6.345612852259043e-06,12.88405796754286,38.35396388156387,20.0,2.635943084916101e-05,8.38095114919779e-05,4.091691111098044e-05,0.0001510858534521,0.0,Italy,ITA,lombardy,,,Windows-11-10.0.26200-SP0,3.13.13,3.2.6,32,13th Gen Intel(R) Core(TM) i9-13900HX,1,1 x NVIDIA GeForce RTX 4070 Laptop GPU,9.1922,45.4722,31.70067596435547,machine,0.0,36.16666666666666,23.08333333333333,7.31259028116862,N,1.0,0.0
2026-05-02T20:47:35,Q88_gemma2:27b_MMLU,12540419-a02f-4ff9-8dcd-3bf04eb1af59,5b0fa12a-3dd7-45bb-9766-cc326314d9f1,22.31583460001275,0.0001260640056963,5.6490831714738166e-06,13.384271472457144,28.4076479573028,20.0,7.791478924346808e-05,0.000184893481248,0.000118374506667,0.0003811827771585,0.0,Italy,ITA,lombardy,,,Windows-11-10.0.26200-SP0,3.13.13,3.2.6,32,13th Gen Intel(R) Core(TM) i9-13900HX,1,1 x NVIDIA GeForce RTX 4070 Laptop GPU,9.1922,45.4722,31.70067596435547,machine,2.175,15.25,49.135000000000005,15.574964714050292,N,1.0,0.0
2026-05-02T20:48:21,Q89_llama3.2_HumanEval,3e15ffd0-dce4-459d-b729-daaa35211aca,5b0fa12a-3dd7-45bb-9766-cc326314d9f1,10.459937199950218,7.912141875465024e-05,7.564234587854579e-06,12.8495232768,51.07872421497682,20.0,3.553886347093907e-05,0.0001483878964879,5.531458388884655e-05,0.0002392413438477,0.0,Italy,ITA,lombardy,,,Windows-11-10.0.26200-SP0,3.13.13,3.2.6,32,13th Gen Intel(R) Core(TM) i9-13900HX,1,1 x NVIDIA GeForce RTX 4070 Laptop GPU,9.1922,45.4722,31.70067596435547,machine,0.0,56.25,28.9375,9.171942234039308,N,1.0,0.0
2026-05-02T20:49:00,Q89_llama3.1_HumanEval,a287dcb5-db1f-4ee5-bbc5-9e91000e2da5,5b0fa12a-3dd7-45bb-9766-cc326314d9f1,14.310845800035167,0.0001156030383914,8.07800181811346e-06,12.858909017600004,56.23234339350418,20.0,4.932172286916366e-05,0.0002235187899259,7.671118500002194e-05,0.0003495516977951,0.0,Italy,ITA,lombardy,,,Windows-11-10.0.26200-SP0,3.13.13,3.2.6,32,13th Gen Intel(R) Core(TM) i9-13900HX,1,1 x NVIDIA GeForce RTX 4070 Laptop GPU,9.1922,45.4722,31.70067596435547,machine,0.0,62.66666666666666,22.891666666666666,7.264107386271159,N,1.0,0.0
2026-05-02T20:50:29,Q89_gemma2:27b_HumanEval,94b6b95a-e50a-491c-9657-e52168c72923,5b0fa12a-3dd7-45bb-9766-cc326314d9f1,53.32297510001808,0.0002789106022918,5.230589661748863e-06,13.423168173200002,24.222781058962173,20.0,0.0001910579943545,0.000367259460474,0.0002850312661114,0.00084334872094,0.0,Italy,ITA,lombardy,,,Windows-11-10.0.26200-SP0,3.13.13,3.2.6,32,13th Gen Intel(R) Core(TM) i9-13900HX,1,1 x NVIDIA GeForce RTX 4070 Laptop GPU,9.1922,45.4722,31.70067596435547,machine,0.5764705882352941,22.19607843137255,51.95098039215687,16.466139026716643,N,1.0,0.0
2026-05-02T20:51:32,Q90_llama3.2_MMLU,d00a78c8-fdc6-4064-a472-265acc8520e7,5b0fa12a-3dd7-45bb-9766-cc326314d9f1,6.919578299974091,3.7792311615083394e-05,5.461649536536771e-06,12.9015761408,28.94039914452056,20.0,2.299941042486876e-05,5.562143338599945e-05,3.5652681110918314e-05,0.0001142735249217,0.0,Italy,ITA,lombardy,,,Windows-11-10.0.26200-SP0,3.13.13,3.2.6,32,13th Gen Intel(R) Core(TM) i9-13900HX,1,1 x NVIDIA GeForce RTX 4070 Laptop GPU,9.1922,45.4722,31.70067596435547,machine,0.0,26.2,32.0,10.148103332519533,N,1.0,0.0
2026-05-02T20:52:15,Q90_llama3.1_MMLU,1c46e201-dfd5-48df-9be5-b696534c4082,5b0fa12a-3dd7-45bb-9766-cc326314d9f1,7.721872099966276,4.641706125969139e-05,6.011115006669704e-06,12.861567899428572,34.71522555267892,20.0,2.579165794526934e-05,7.445505956399368e-05,4.010567111092516e-05,0.0001403523886201,0.0,Italy,ITA,lombardy,,,Windows-11-10.0.26200-SP0,3.13.13,3.2.6,32,13th Gen Intel(R) Core(TM) i9-13900HX,1,1 x NVIDIA GeForce RTX 4070 Laptop GPU,9.1922,45.4722,31.70067596435547,machine,0.0,26.33333333333333,23.133333333333336,7.335241953531901,N,1.0,0.0
2026-05-02T20:52:47,Q90_gemma2:27b_MMLU,ec9b0370-95b7-4b0d-b51a-443109a776d2,5b0fa12a-3dd7-45bb-9766-cc326314d9f1,17.146330200019293,9.151702781825153e-05,5.337411956416688e-06,13.25475961088,37.47430714292141,20.0,5.7918463442861625e-05,0.0001291389921999,8.966479055557608e-05,0.0002767222461984,0.0,Italy,ITA,lombardy,,,Windows-11-10.0.26200-SP0,3.13.13,3.2.6,32,13th Gen Intel(R) Core(TM) i9-13900HX,1,1 x NVIDIA GeForce RTX 4070 Laptop GPU,9.1922,45.4722,31.70067596435547,machine,2.4266666666666667,13.533333333333331,47.67333333333333,15.111739603678386,N,1.0,0.0
2026-05-02T20:53:19,Q91_llama3.2_MMLU,3d53e8a6-2d74-4256-a87f-c37fb848d8ac,5b0fa12a-3dd7-45bb-9766-cc326314d9f1,6.681278000003658,3.674928791782742e-05,5.500338096664635e-06,12.876804416,29.50498068028169,20.0,2.2090298547344985e-05,5.4720321553985984e-05,3.430908888888856e-05,0.0001111197089902,0.0,Italy,ITA,lombardy,,,Windows-11-10.0.26200-SP0,3.13.13,3.2.6,32,13th Gen Intel(R) Core(TM) i9-13900HX,1,1 x NVIDIA GeForce RTX 4070 Laptop GPU,9.1922,45.4722,31.70067596435547,machine,0.0,26.4,32.6,10.342921447753906,N,1.0,0.0
2026-05-02T20:53:45,Q91_llama3.1_MMLU,5491d301-afce-49b0-a38a-5669581b19b5,5b0fa12a-3dd7-45bb-9766-cc326314d9f1,10.658369500015397,7.917647003566378e-05,7.428572450556289e-06,12.864709072640002,49.55309129425176,20.0,3.629225804570184e-05,0.000146695117356,5.642042833335128e-05,0.000239407803735,0.0,Italy,ITA,lombardy,,,Windows-11-10.0.26200-SP0,3.13.13,3.2.6,32,13th Gen Intel(R) Core(TM) i9-13900HX,1,1 x NVIDIA GeForce RTX 4070 Laptop GPU,9.1922,45.4722,31.70067596435547,machine,0.0,48.333333333333336,22.933333333333334,7.272985670301649,N,1.0,0.0
2026-05-02T20:54:33,Q91_gemma2:27b_MMLU,13065736-a88b-4a0d-8577-6cde9f65fe6d,5b0fa12a-3dd7-45bb-9766-cc326314d9f1,23.18353780003963,0.000127821434963,5.513456835860551e-06,13.317775111520003,26.79679652410276,20.0,8.107508434766647e-05,0.000182218756886,0.0001232029172223,0.000386496758456,0.0,Italy,ITA,lombardy,,,Windows-11-10.0.26200-SP0,3.13.13,3.2.6,32,13th Gen Intel(R) Core(TM) i9-13900HX,1,1 x NVIDIA GeForce RTX 4070 Laptop GPU,9.1922,45.4722,31.70067596435547,machine,4.761904761904762,11.952380952380953,49.26666666666667,15.61954116821289,N,1.0,0.0
2026-05-02T20:55:16,Q92_llama3.2_GSM8K,00e8b572-04bb-443b-a9e1-9116ff5a7df4,5b0fa12a-3dd7-45bb-9766-cc326314d9f1,7.107689399970695,4.225095792051795e-05,5.944401273456343e-06,12.854404313600002,34.181039728594314,20.0,2.3586267962972457e-05,6.747255397798746e-05,3.66964194445043e-05,0.0001277552413854,0.0,Italy,ITA,lombardy,,,Windows-11-10.0.26200-SP0,3.13.13,3.2.6,32,13th Gen Intel(R) Core(TM) i9-13900HX,1,1 x NVIDIA GeForce RTX 4070 Laptop GPU,9.1922,45.4722,31.70067596435547,machine,0.0,20.0,32.1,10.174691772460935,N,1.0,0.0
2026-05-02T20:56:01,Q92_llama3.1_GSM8K,021caa33-a852-4331-b82e-770e92d5fded,5b0fa12a-3dd7-45bb-9766-cc326314d9f1,9.763541700027416,6.80861975004206e-05,6.97351428326766e-06,12.8691556864,44.73336900939682,20.0,3.310893690671698e-05,0.0001213112081599,5.145373388885572e-05,0.0002058738789555,0.0,Italy,ITA,lombardy,,,Windows-11-10.0.26200-SP0,3.13.13,3.2.6,32,13th Gen Intel(R) Core(TM) i9-13900HX,1,1 x NVIDIA GeForce RTX 4070 Laptop GPU,9.1922,45.4722,31.70067596435547,machine,0.0,52.625,22.875,7.251219749450684,N,1.0,0.0
2026-05-02T20:56:53,Q92_gemma2:27b_GSM8K,71d357e4-66c5-4e12-baf3-c281692ce906,5b0fa12a-3dd7-45bb-9766-cc326314d9f1,27.382215399993584,0.000143419963709,5.237704897648166e-06,13.264553979200002,24.50636696120117,20.0,9.667499400397862e-05,0.00019045431903,0.0001465330933333,0.0004336624063673,0.0,Italy,ITA,lombardy,,,Windows-11-10.0.26200-SP0,3.13.13,3.2.6,32,13th Gen Intel(R) Core(TM) i9-13900HX,1,1 x NVIDIA GeForce RTX 4070 Laptop GPU,9.1922,45.4722,31.70067596435547,machine,0.0,12.36,50.12,15.881497802734376,N,1.0,0.0
2026-05-02T20:57:45,Q93_llama3.2_SQuAD,5a6aacbd-b604-4b6d-b6ac-64af62e12289,5b0fa12a-3dd7-45bb-9766-cc326314d9f1,6.172970700019505,3.114214673419546e-05,5.044920549209324e-06,12.85900638464,24.7435086694006,20.0,2.0250068569121983e-05,4.2420589492025984e-05,3.149460277798223e-05,9.41652608391302e-05,0.0,Italy,ITA,lombardy,,,Windows-11-10.0.26200-SP0,3.13.13,3.2.6,32,13th Gen Intel(R) Core(TM) i9-13900HX,1,1 x NVIDIA GeForce RTX 4070 Laptop GPU,9.1922,45.4722,31.70067596435547,machine,0.0,6.5,34.225,10.85007095336914,N,1.0,0.0
2026-05-02T20:58:07,Q93_llama3.1_SQuAD,233a286d-11f1-4b88-819a-e2cf0fcc703d,5b0fa12a-3dd7-45bb-9766-cc326314d9f1,6.853788100008387,3.751495855882106e-05,5.4736093400341845e-06,12.8454358208,29.17472288516056,20.0,2.265163082186293e-05,5.551615552401579e-05,3.526709944449572e-05,0.0001134348857903,0.0,Italy,ITA,lombardy,,,Windows-11-10.0.26200-SP0,3.13.13,3.2.6,32,13th Gen Intel(R) Core(TM) i9-13900HX,1,1 x NVIDIA GeForce RTX 4070 Laptop GPU,9.1922,45.4722,31.70067596435547,machine,0.0,20.4,23.02,7.304106903076172,N,1.0,0.0
2026-05-02T20:58:39,Q93_gemma2:27b_SQuAD,9cbc0c57-f740-46e4-af22-840e086415e8,5b0fa12a-3dd7-45bb-9766-cc326314d9f1,17.489187699975446,9.5182285708327e-05,5.442350287569995e-06,13.42744517696,32.51079177253678,20.0,5.956256284593933e-05,0.0001366687204459,9.157369166657896e-05,0.0002878049749585,0.0,Italy,ITA,lombardy,,,Windows-11-10.0.26200-SP0,3.13.13,3.2.6,32,13th Gen Intel(R) Core(TM) i9-13900HX,1,1 x NVIDIA GeForce RTX 4070 Laptop GPU,9.1922,45.4722,31.70067596435547,machine,11.666666666666666,11.533333333333331,47.68666666666666,15.121266174316409,N,1.0,0.0
2026-05-02T20:59:11,Q94_llama3.2_SQuAD,7bb02692-1b29-484c-b355-3f2c0a4f5ba6,5b0fa12a-3dd7-45bb-9766-cc326314d9f1,6.045153099985328,3.238894909811414e-05,5.357837686227129e-06,12.85565024,28.197050293885724,20.0,1.979544770255671e-05,4.734392676397636e-05,3.079587277768749e-05,9.793524724422056e-05,0.0,Italy,ITA,lombardy,,,Windows-11-10.0.26200-SP0,3.13.13,3.2.6,32,13th Gen Intel(R) Core(TM) i9-13900HX,1,1 x NVIDIA GeForce RTX 4070 Laptop GPU,9.1922,45.4722,31.70067596435547,machine,0.0,6.0,33.4,10.594268798828123,N,1.0,0.0
2026-05-02T20:59:52,Q94_llama3.1_SQuAD,07fcf718-6476-4eac-a481-58296695d19a,5b0fa12a-3dd7-45bb-9766-cc326314d9f1,6.71083210001234,3.682909847248567e-05,5.488007734900408e-06,12.852362662400004,29.349533362713835,20.0,2.2165384216268226e-05,5.470421042996776e-05,3.44914394446985e-05,0.0001113610340909,0.0,Italy,ITA,lombardy,,,Windows-11-10.0.26200-SP0,3.13.13,3.2.6,32,13th Gen Intel(R) Core(TM) i9-13900HX,1,1 x NVIDIA GeForce RTX 4070 Laptop GPU,9.1922,45.4722,31.70067596435547,machine,0.0,9.4,22.82,7.2329261779785154,N,1.0,0.0
2026-05-02T21:00:26,Q94_gemma2:27b_SQuAD,a61c225a-e0ef-4ff7-ab22-a2d53aaf41f3,5b0fa12a-3dd7-45bb-9766-cc326314d9f1,18.29064500000095,0.0001053543151019,5.760010929189271e-06,13.22128897664,31.42472027121489,20.0,6.235616542176667e-05,0.0001601759614739,9.60302588888832e-05,0.0003185623857846,0.0,Italy,ITA,lombardy,,,Windows-11-10.0.26200-SP0,3.13.13,3.2.6,32,13th Gen Intel(R) Core(TM) i9-13900HX,1,1 x NVIDIA GeForce RTX 4070 Laptop GPU,9.1922,45.4722,31.70067596435547,machine,0.0,16.875,47.94375,15.200400114059448,N,1.0,0.0
2026-05-02T21:00:59,Q95_llama3.2_GSM8K,ef80722f-aaee-4402-b987-a7cd3c946461,5b0fa12a-3dd7-45bb-9766-cc326314d9f1,7.880152500001714,5.044295595449414e-05,6.401266467176006e-06,12.857811589485715,38.91881051821815,20.0,2.6352814890692872e-05,8.518256814599168e-05,4.099020055566345e-05,0.0001525255835923,0.0,Italy,ITA,lombardy,,,Windows-11-10.0.26200-SP0,3.13.13,3.2.6,32,13th Gen Intel(R) Core(TM) i9-13900HX,1,1 x NVIDIA GeForce RTX 4070 Laptop GPU,9.1922,45.4722,31.70067596435547,machine,0.0,34.333333333333336,30.45,9.650140762329102,N,1.0,0.0
2026-05-02T21:01:23,Q95_llama3.1_GSM8K,c17e6eb4-8af8-460c-94fd-d71b850dbea7,5b0fa12a-3dd7-45bb-9766-cc326314d9f1,9.203332799952475,6.284761511542128e-05,6.828788709645032e-06,12.8791761248,43.35750657437388,20.0,3.108383684068464e-05,0.0001106809218779,4.826909222206774e-05,0.0001900338509407,0.0,Italy,ITA,lombardy,,,Windows-11-10.0.26200-SP0,3.13.13,3.2.6,32,13th Gen Intel(R) Core(TM) i9-13900HX,1,1 x NVIDIA GeForce RTX 4070 Laptop GPU,9.1922,45.4722,31.70067596435547,machine,0.0,48.285714285714285,22.8,7.22955812726702,N,1.0,0.0
2026-05-02T21:02:36,Q95_gemma2:27b_GSM8K,8bc366aa-69c3-4d41-9804-69b9b9162d00,5b0fa12a-3dd7-45bb-9766-cc326314d9f1,47.58498049998889,0.0002537239565135,5.332017662875163e-06,13.47664555916,24.96732420730759,20.0,0.000171743061069,0.000342267218258,0.0002531809727774,0.0007671912521045,0.0,Italy,ITA,lombardy,,,Windows-11-10.0.26200-SP0,3.13.13,3.2.6,32,13th Gen Intel(R) Core(TM) i9-13900HX,1,1 x NVIDIA GeForce RTX 4070 Laptop GPU,9.1922,45.4722,31.70067596435547,machine,4.444444444444445,22.066666666666663,51.37555555555556,16.28800718519423,N,1.0,0.0
2026-05-02T21:03:39,Q96_llama3.2_MMLU,1932dd68-85ff-4f14-9135-60450c2fbb61,5b0fa12a-3dd7-45bb-9766-cc326314d9f1,6.879056999983732,3.7983249533289e-05,5.5215779624124094e-06,12.858586112,29.64657526135017,20.0,2.277867597689844e-05,5.664393420401481e-05,3.542825833331638e-05,0.0001148508685142,0.0,Italy,ITA,lombardy,,,Windows-11-10.0.26200-SP0,3.13.13,3.2.6,32,13th Gen Intel(R) Core(TM) i9-13900HX,1,1 x NVIDIA GeForce RTX 4070 Laptop GPU,9.1922,45.4722,31.70067596435547,machine,13.34,24.4,31.380000000000003,9.948213958740237,N,1.0,0.0
2026-05-02T21:04:25,Q96_llama3.1_MMLU,a979cd21-9ec6-4425-9456-a3ca26da6fbe,5b0fa12a-3dd7-45bb-9766-cc326314d9f1,10.79485669999849,8.012090173237808e-05,7.422136667399141e-06,12.866050484480004,49.4616708846049,20.0,3.678297545654651e-05,0.000148303174198,5.717735500010247e-05,0.0002422635046546,0.0,Italy,ITA,lombardy,,,Windows-11-10.0.26200-SP0,3.13.13,3.2.6,32,13th Gen Intel(R) Core(TM) i9-13900HX,1,1 x NVIDIA GeForce RTX 4070 Laptop GPU,9.1922,45.4722,31.70067596435547,machine,0.0,48.22222222222222,22.05555555555556,6.991408877902561,N,1.0,0.0
2026-05-02T21:05:19,Q96_gemma2:27b_MMLU,6fa08bbf-917b-45e1-b84b-5a57780713fc,5b0fa12a-3dd7-45bb-9766-cc326314d9f1,28.377375400043093,0.000145249639885,5.118501547003852e-06,13.264251937280005,23.70230656238861,20.0,0.000100383869653,0.000186752649402,0.0001520583233333,0.0004391948423884,0.0,Italy,ITA,lombardy,,,Windows-11-10.0.26200-SP0,3.13.13,3.2.6,32,13th Gen Intel(R) Core(TM) i9-13900HX,1,1 x NVIDIA GeForce RTX 4070 Laptop GPU,9.1922,45.4722,31.70067596435547,machine,3.8461538461538463,18.57692307692308,49.35384615384616,15.64004971430852,N,1.0,0.0
2026-05-02T21:06:13,Q97_llama3.2_GSM8K,164b81e1-5142-40bb-be17-e80f491aac0f,5b0fa12a-3dd7-45bb-9766-cc326314d9f1,7.587058299977798,4.456004979697277e-05,5.873165597937104e-06,12.86372306102857,33.266003091550374,20.0,2.530918716925496e-05,7.007977828599188e-05,3.934833277760643e-05,0.0001347372982328,0.0,Italy,ITA,lombardy,,,Windows-11-10.0.26200-SP0,3.13.13,3.2.6,32,13th Gen Intel(R) Core(TM) i9-13900HX,1,1 x NVIDIA GeForce RTX 4070 Laptop GPU,9.1922,45.4722,31.70067596435547,machine,0.0,18.166666666666668,29.766666666666666,9.433042526245115,N,1.0,0.0
2026-05-02T21:06:59,Q97_llama3.1_GSM8K,25412094-9220-435d-b028-1c7e07a858f2,5b0fa12a-3dd7-45bb-9766-cc326314d9f1,11.266365699993912,8.430486586405497e-05,7.482880292453185e-06,12.864256256,50.08682006767588,20.0,3.845102431773944e-05,0.00015668484757,5.977878611107978e-05,0.0002549146579988,0.0,Italy,ITA,lombardy,,,Windows-11-10.0.26200-SP0,3.13.13,3.2.6,32,13th Gen Intel(R) Core(TM) i9-13900HX,1,1 x NVIDIA GeForce RTX 4070 Laptop GPU,9.1922,45.4722,31.70067596435547,machine,0.0,48.44444444444444,22.37777777777778,7.0892516242133246,N,1.0,0.0
2026-05-02T21:08:21,Q97_gemma2:27b_GSM8K,627ca00d-d736-41eb-ab13-fbd043fd3f34,5b0fa12a-3dd7-45bb-9766-cc326314d9f1,56.50822680001147,0.0003051529279406,5.400150477568378e-06,13.561079104836365,25.838581595925564,20.0,0.0002045502470497,0.0004155425546559,0.0003026054727776,0.0009226982744834,0.0,Italy,ITA,lombardy,,,Windows-11-10.0.26200-SP0,3.13.13,3.2.6,32,13th Gen Intel(R) Core(TM) i9-13900HX,1,1 x NVIDIA GeForce RTX 4070 Laptop GPU,9.1922,45.4722,31.70067596435547,machine,1.851851851851852,25.35185185185185,51.41481481481482,16.291360713817454,N,1.0,0.0
2026-05-02T21:09:25,Q98_llama3.2_HumanEval,03329814-bd68-45d2-9fb9-3cba76c7c50e,5b0fa12a-3dd7-45bb-9766-cc326314d9f1,9.00897129997611,6.150924311218369e-05,6.827554563565631e-06,12.865739484800002,43.28843682212644,20.0,3.040373266108763e-05,0.0001083211977679,4.726205277774069e-05,0.0001859869832067,0.0,Italy,ITA,lombardy,,,Windows-11-10.0.26200-SP0,3.13.13,3.2.6,32,13th Gen Intel(R) Core(TM) i9-13900HX,1,1 x NVIDIA GeForce RTX 4070 Laptop GPU,9.1922,45.4722,31.70067596435547,machine,0.0,42.85714285714285,28.885714285714283,9.153794424874445,N,1.0,0.0
2026-05-02T21:10:25,Q98_llama3.1_HumanEval,d2a50175-ce51-4e56-a125-5ca6f599f915,5b0fa12a-3dd7-45bb-9766-cc326314d9f1,14.532496900006665,0.0001174207601853,8.079875123543586e-06,12.847588340184616,56.24470453693592,20.0,5.00711276591486e-05,0.0002270318482919,7.794501111137732e-05,0.0003550479870625,0.0,Italy,ITA,lombardy,,,Windows-11-10.0.26200-SP0,3.13.13,3.2.6,32,13th Gen Intel(R) Core(TM) i9-13900HX,1,1 x NVIDIA GeForce RTX 4070 Laptop GPU,9.1922,45.4722,31.70067596435547,machine,0.0,63.083333333333336,22.275,7.060299873352051,N,1.0,0.0
2026-05-02T21:12:02,Q98_gemma2:27b_HumanEval,621df04c-b110-4a74-bf25-7f219ca6b778,5b0fa12a-3dd7-45bb-9766-cc326314d9f1,61.3867370999651,0.0003275680370677,5.336136966106626e-06,13.55039595068,25.38297124186956,20.0,0.000223185042737,0.0004374664610839,0.0003298238772219,0.000990475381043,0.0,Italy,ITA,lombardy,,,Windows-11-10.0.26200-SP0,3.13.13,3.2.6,32,13th Gen Intel(R) Core(TM) i9-13900HX,1,1 x NVIDIA GeForce RTX 4070 Laptop GPU,9.1922,45.4722,31.70067596435547,machine,6.3559322033898304,20.983050847457623,51.56101694915254,16.35099992913715,N,1.0,0.0
2026-05-02T21:13:15,Q99_llama3.2_HellaSwag,3c96bfcd-f539-4799-8bf3-05e624925e4e,5b0fa12a-3dd7-45bb-9766-cc326314d9f1,7.175646500021685,4.2350801208663663e-05,5.902018892449019e-06,12.854880262400002,33.762884211974445,20.0,2.380347783634005e-05,6.722033155398544e-05,3.703333055568186e-05,0.000128057139946,0.0,Italy,ITA,lombardy,,,Windows-11-10.0.26200-SP0,3.13.13,3.2.6,32,13th Gen Intel(R) Core(TM) i9-13900HX,1,1 x NVIDIA GeForce RTX 4070 Laptop GPU,9.1922,45.4722,31.70067596435547,machine,0.0,23.2,31.24,9.904199981689452,N,1.0,0.0
2026-05-02T21:14:01,Q99_llama3.1_HellaSwag,e280f479-b142-47a2-bb0b-52c2c264c20c,5b0fa12a-3dd7-45bb-9766-cc326314d9f1,10.358906199980993,7.358554061456132e-05,7.103601402887144e-06,12.863855808000002,46.06328062999775,20.0,3.521742056763188e-05,0.0001325317726919,5.475318222209656e-05,0.0002225023754817,0.0,Italy,ITA,lombardy,,,Windows-11-10.0.26200-SP0,3.13.13,3.2.6,32,13th Gen Intel(R) Core(TM) i9-13900HX,1,1 x NVIDIA GeForce RTX 4070 Laptop GPU,9.1922,45.4722,31.70067596435547,machine,0.0,55.75,22.4125,7.096981048583984,N,1.0,0.0
2026-05-02T21:14:54,Q99_gemma2:27b_HellaSwag,c431ff5e-2877-4dc3-918c-b17133ca60a5,5b0fa12a-3dd7-45bb-9766-cc326314d9f1,28.615434199979063,0.0001572536549282,5.495413902486076e-06,13.31355801019077,27.24276791614225,20.0,0.000101676026659,0.00022042934301,0.0001533863027777,0.0004754916724467,0.0,Italy,ITA,lombardy,,,Windows-11-10.0.26200-SP0,3.13.13,3.2.6,32,13th Gen Intel(R) Core(TM) i9-13900HX,1,1 x NVIDIA GeForce RTX 4070 Laptop GPU,9.1922,45.4722,31.70067596435547,machine,1.9230769230769231,16.192307692307693,49.61153846153847,15.726873397827148,N,1.0,0.0
2026-05-02T21:15:49,Q100_llama3.2_GSM8K,b3e6ea9b-7cda-4d24-9364-dcf8c6f8a514,5b0fa12a-3dd7-45bb-9766-cc326314d9f1,8.247534900030587,5.388901781098711e-05,6.533954504489245e-06,12.859520285257144,40.27267020658853,20.0,2.766649632443685e-05,9.225118491201778e-05,4.302784277792348e-05,0.0001629455240143,0.0,Italy,ITA,lombardy,,,Windows-11-10.0.26200-SP0,3.13.13,3.2.6,32,13th Gen Intel(R) Core(TM) i9-13900HX,1,1 x NVIDIA GeForce RTX 4070 Laptop GPU,9.1922,45.4722,31.70067596435547,machine,0.0,35.5,29.950000000000003,9.495970408121744,N,1.0,0.0
2026-05-02T21:16:24,Q100_llama3.1_GSM8K,355952d2-3e51-4e92-8494-e8dfbac07168,5b0fa12a-3dd7-45bb-9766-cc326314d9f1,10.216156299982686,7.353646355648302e-05,7.198055843821384e-06,12.8840167296,47.17216521038988,20.0,3.4726228018509414e-05,0.0001337226069779,5.390514499999376e-05,0.0002223539799965,0.0,Italy,ITA,lombardy,,,Windows-11-10.0.26200-SP0,3.13.13,3.2.6,32,13th Gen Intel(R) Core(TM) i9-13900HX,1,1 x NVIDIA GeForce RTX 4070 Laptop GPU,9.1922,45.4722,31.70067596435547,machine,0.0,42.125,22.3625,7.0822062492370605,N,1.0,0.0
2026-05-02T21:17:29,Q100_gemma2:27b_GSM8K,a8dfb4ae-e43d-48ff-83c1-e4e0b4ae0cf1,5b0fa12a-3dd7-45bb-9766-cc326314d9f1,39.27650929999072,0.0002076850038939,5.287766341648518e-06,13.614451813653334,24.72399694322324,20.0,0.0001423078001035,0.0002758932762699,0.0002097810833333,0.0006279821597068,0.0,Italy,ITA,lombardy,,,Windows-11-10.0.26200-SP0,3.13.13,3.2.6,32,13th Gen Intel(R) Core(TM) i9-13900HX,1,1 x NVIDIA GeForce RTX 4070 Laptop GPU,9.1922,45.4722,31.70067596435547,machine,0.0,18.83783783783784,50.58378378378379,16.036368292731208,N,1.0,0.0
2026-05-02T21:18:31,Q101_llama3.2_SQuAD,94f1c878-0bc7-4818-ae85-c755d18db429,5b0fa12a-3dd7-45bb-9766-cc326314d9f1,5.98396560002584,3.207553433176152e-05,5.3602471129885854e-06,12.8594715392,28.24973855654701,20.0,1.958197211038712e-05,4.695142645000372e-05,3.0454168889102424e-05,9.698756744949326e-05,0.0,Italy,ITA,lombardy,,,Windows-11-10.0.26200-SP0,3.13.13,3.2.6,32,13th Gen Intel(R) Core(TM) i9-13900HX,1,1 x NVIDIA GeForce RTX 4070 Laptop GPU,9.1922,45.4722,31.70067596435547,machine,0.0,5.75,33.55,10.631866455078123,N,1.0,0.0
2026-05-02T21:18:54,Q101_llama3.1_SQuAD,481914a1-76d9-4e6e-92b8-e868d6d95749,5b0fa12a-3dd7-45bb-9766-cc326314d9f1,7.921661900007166,4.8023093716138e-05,6.062249856446733e-06,12.85153309074286,35.22385950604561,20.0,2.648693294793025e-05,7.750256200200756e-05,4.121909277778792e-05,0.0001452085877277,0.0,Italy,ITA,lombardy,,,Windows-11-10.0.26200-SP0,3.13.13,3.2.6,32,13th Gen Intel(R) Core(TM) i9-13900HX,1,1 x NVIDIA GeForce RTX 4070 Laptop GPU,9.1922,45.4722,31.70067596435547,machine,0.0,23.666666666666668,22.46666666666667,7.118080139160156,N,1.0,0.0
2026-05-02T21:19:29,Q101_gemma2:27b_SQuAD,548bfd8b-87c2-4c48-8ace-2f117b9699db,5b0fa12a-3dd7-45bb-9766-cc326314d9f1,19.920355399954133,0.0001155220888774,5.799198184871536e-06,13.465123055360005,33.35141362739986,20.0,6.905787530454412e-05,0.0001751976401579,0.000105051413333,0.0003493069287955,0.0,Italy,ITA,lombardy,,,Windows-11-10.0.26200-SP0,3.13.13,3.2.6,32,13th Gen Intel(R) Core(TM) i9-13900HX,1,1 x NVIDIA GeForce RTX 4070 Laptop GPU,9.1922,45.4722,31.70067596435547,machine,4.444444444444445,15.22222222222222,48.01111111111111,15.21803749932183,N,1.0,0.0
2026-05-02T21:20:15,Q102_llama3.2_HellaSwag,c197b24d-6262-4a1b-a6d0-722aea432702,5b0fa12a-3dd7-45bb-9766-cc326314d9f1,10.439095100038683,7.715931614368093e-05,7.391379751238687e-06,12.8592779776,49.20585716257532,20.0,3.5483310483658585e-05,0.0001426406696679,5.518450666697592e-05,0.0002333084868186,0.0,Italy,ITA,lombardy,,,Windows-11-10.0.26200-SP0,3.13.13,3.2.6,32,13th Gen Intel(R) Core(TM) i9-13900HX,1,1 x NVIDIA GeForce RTX 4070 Laptop GPU,9.1922,45.4722,31.70067596435547,machine,0.0,50.25,28.025,8.881048202514648,N,1.0,0.0
2026-05-02T21:21:11,Q102_llama3.1_HellaSwag,4bc01a22-9656-4582-a954-112cb6636f84,5b0fa12a-3dd7-45bb-9766-cc326314d9f1,11.483810500008984,8.420762039652159e-05,7.332724655849703e-06,12.8601799616,48.4012732220315,20.0,3.922739157618089e-05,0.0001543881790659,6.1005043889033713e-05,0.0002546206145311,0.0,Italy,ITA,lombardy,,,Windows-11-10.0.26200-SP0,3.13.13,3.2.6,32,13th Gen Intel(R) Core(TM) i9-13900HX,1,1 x NVIDIA GeForce RTX 4070 Laptop GPU,9.1922,45.4722,31.70067596435547,machine,0.0,47.333333333333336,22.48888888888889,7.13167487250434,N,1.0,0.0
2026-05-02T21:22:00,Q102_gemma2:27b_HellaSwag,b83fee54-5591-4055-9d49-33298b9befe3,5b0fa12a-3dd7-45bb-9766-cc326314d9f1,23.27679629996419,0.0001271939666829,5.464410352859593e-06,13.398980569760004,26.242112257949,20.0,8.165968577129936e-05,0.0001792076433659,0.0001237321383332,0.0003845994674705,0.0,Italy,ITA,lombardy,,,Windows-11-10.0.26200-SP0,3.13.13,3.2.6,32,13th Gen Intel(R) Core(TM) i9-13900HX,1,1 x NVIDIA GeForce RTX 4070 Laptop GPU,9.1922,45.4722,31.70067596435547,machine,0.0,16.142857142857142,49.095238095238095,15.56035377865746,N,1.0,0.0
2026-05-02T21:22:43,Q103_llama3.2_SQuAD,f010b9be-abd5-4278-bed7-d932603e953f,5b0fa12a-3dd7-45bb-9766-cc326314d9f1,7.806038499984425,5.104218426510555e-05,6.5388076506678e-06,12.855730336914288,40.47483580301457,20.0,2.606894675223653e-05,8.77131257260022e-05,4.055541222203626e-05,0.0001543374847002,0.0,Italy,ITA,lombardy,,,Windows-11-10.0.26200-SP0,3.13.13,3.2.6,32,13th Gen Intel(R) Core(TM) i9-13900HX,1,1 x NVIDIA GeForce RTX 4070 Laptop GPU,9.1922,45.4722,31.70067596435547,machine,0.0,34.833333333333336,29.78333333333333,9.44206428527832,N,1.0,0.0
2026-05-02T21:23:16,Q103_llama3.1_SQuAD,fbf52cb9-907a-47a5-823f-e9ca1c7ad4c3,5b0fa12a-3dd7-45bb-9766-cc326314d9f1,7.814573399955407,4.596217768495983e-05,5.881597795885072e-06,12.855856398628571,33.30419818904818,20.0,2.6103798918990853e-05,7.226422447798031e-05,4.060892277759396e-05,0.0001389769461745,0.0,Italy,ITA,lombardy,,,Windows-11-10.0.26200-SP0,3.13.13,3.2.6,32,13th Gen Intel(R) Core(TM) i9-13900HX,1,1 x NVIDIA GeForce RTX 4070 Laptop GPU,9.1922,45.4722,31.70067596435547,machine,0.0,25.33333333333333,22.53333333333333,7.1478322347005205,N,1.0,0.0
2026-05-02T21:23:48,Q103_gemma2:27b_SQuAD,284aa808-8293-43b5-b60c-663cc5fb3c90,5b0fa12a-3dd7-45bb-9766-cc326314d9f1,16.967003000027034,0.0001421579875458,8.3784972246204e-06,13.009210991360002,28.648816980290164,20.0,0.0001173137750471,0.0001321928835319,0.0001803398800001,0.0004298465385792,0.0,Italy,ITA,lombardy,,,Windows-11-10.0.26200-SP0,3.13.13,3.2.6,32,13th Gen Intel(R) Core(TM) i9-13900HX,1,1 x NVIDIA GeForce RTX 4070 Laptop GPU,9.1922,45.4722,31.70067596435547,machine,0.0,11.466666666666669,47.18,14.95398203531901,N,1.0,0.0
2026-05-02T21:24:20,Q104_llama3.2_HellaSwag,854c6d7a-ccaf-4f14-ad3a-6f30f5875836,5b0fa12a-3dd7-45bb-9766-cc326314d9f1,7.328265299962368,4.331650145445231e-05,5.910880635649852e-06,12.858160217600002,33.77919468064378,20.0,2.4365820009642868e-05,6.871283274803575e-05,3.789849833313686e-05,0.0001309771510908,0.0,Italy,ITA,lombardy,,,Windows-11-10.0.26200-SP0,3.13.13,3.2.6,32,13th Gen Intel(R) Core(TM) i9-13900HX,1,1 x NVIDIA GeForce RTX 4070 Laptop GPU,9.1922,45.4722,31.70067596435547,machine,0.0,23.4,31.34,9.94100570678711,N,1.0,0.0
2026-05-02T21:25:03,Q104_llama3.1_HellaSwag,e60f00f5-1402-4fb0-83bb-24646b9bc040,5b0fa12a-3dd7-45bb-9766-cc326314d9f1,7.314320100005716,4.33673515205611e-05,5.9291022169684925e-06,12.849824307200002,33.97095205687548,20.0,2.430789413785261e-05,6.899005519198087e-05,3.783295833337535e-05,0.0001311309076632,0.0,Italy,ITA,lombardy,,,Windows-11-10.0.26200-SP0,3.13.13,3.2.6,32,13th Gen Intel(R) Core(TM) i9-13900HX,1,1 x NVIDIA GeForce RTX 4070 Laptop GPU,9.1922,45.4722,31.70067596435547,machine,6.0,29.0,22.48,7.129266357421875,N,1.0,0.0
2026-05-02T21:25:53,Q104_gemma2:27b_HellaSwag,bb0e4fad-07ed-425e-92f4-187b0ae717fa,5b0fa12a-3dd7-45bb-9766-cc326314d9f1,34.72823810001137,0.0001823413638329,5.25052158729858e-06,13.295623747520002,24.239531900436912,20.0,0.0001224287851869,0.0002443810288379,0.0001845401694441,0.0005513499834691,0.0,Italy,ITA,lombardy,,,Windows-11-10.0.26200-SP0,3.13.13,3.2.6,32,13th Gen Intel(R) Core(TM) i9-13900HX,1,1 x NVIDIA GeForce RTX 4070 Laptop GPU,9.1922,45.4722,31.70067596435547,machine,9.0625,18.125,50.290625,15.942950963974,N,1.0,0.0
2026-05-02T21:26:57,Q105_llama3.2_MMLU,56c6f78f-a16d-4eef-87de-abc1eabff944,5b0fa12a-3dd7-45bb-9766-cc326314d9f1,8.43236869998509,5.334862906405384e-05,6.326648058468811e-06,12.866386896457144,37.9601541043646,20.0,2.834446305541884e-05,8.890840446001969e-05,4.405867000006968e-05,0.0001613115375155,0.0,Italy,ITA,lombardy,,,Windows-11-10.0.26200-SP0,3.13.13,3.2.6,32,13th Gen Intel(R) Core(TM) i9-13900HX,1,1 x NVIDIA GeForce RTX 4070 Laptop GPU,9.1922,45.4722,31.70067596435547,machine,0.0,35.666666666666664,30.0,9.507682800292969,N,1.0,0.0
2026-05-02T21:27:19,Q105_llama3.1_MMLU,cff169c1-9d5a-4368-9ab5-540cd74b024a,5b0fa12a-3dd7-45bb-9766-cc326314d9f1,6.729429900005925,3.6577291102970646e-05,5.435421966865044e-06,12.8517224576,28.76696666126789,20.0,2.223281227618643e-05,5.376893190398024e-05,3.459789388903624e-05,0.0001105996380692,0.0,Italy,ITA,lombardy,,,Windows-11-10.0.26200-SP0,3.13.13,3.2.6,32,13th Gen Intel(R) Core(TM) i9-13900HX,1,1 x NVIDIA GeForce RTX 4070 Laptop GPU,9.1922,45.4722,31.70067596435547,machine,0.0,26.4,22.48,7.125722503662109,N,1.0,0.0
2026-05-02T21:28:09,Q105_gemma2:27b_MMLU,05c6d139-19a7-4126-b9be-03e3f146d42f,5b0fa12a-3dd7-45bb-9766-cc326314d9f1,35.78428210003767,0.0001898709589167,5.305987650834584e-06,13.60552863888,25.21185087483074,20.0,0.0001293301311649,0.0002543729812759,0.0001904142894445,0.0005741174018855,0.0,Italy,ITA,lombardy,,,Windows-11-10.0.26200-SP0,3.13.13,3.2.6,32,13th Gen Intel(R) Core(TM) i9-13900HX,1,1 x NVIDIA GeForce RTX 4070 Laptop GPU,9.1922,45.4722,31.70067596435547,machine,0.9794117647058824,19.97058823529412,50.46176470588235,15.992812324972714,N,1.0,0.0
2026-05-02T21:29:02,Q106_llama3.2_HellaSwag,e164e1bd-ca84-40dd-a3cb-0c124ad4e3f3,5b0fa12a-3dd7-45bb-9766-cc326314d9f1,6.379585300048348,3.65224162470454e-05,5.724888770868635e-06,12.919591400960002,31.99111964451095,20.0,2.109450018333333e-05,5.668504534800389e-05,3.265416611134747e-05,0.0001104337116426,0.0,Italy,ITA,lombardy,,,Windows-11-10.0.26200-SP0,3.13.13,3.2.6,32,13th Gen Intel(R) Core(TM) i9-13900HX,1,1 x NVIDIA GeForce RTX 4070 Laptop GPU,9.1922,45.4722,31.70067596435547,machine,0.0,6.25,33.025,10.471556663513184,N,1.0,0.0
2026-05-02T21:29:24,Q106_llama3.1_HellaSwag,71a68aba-2d20-46d3-9498-3976f40d39f9,5b0fa12a-3dd7-45bb-9766-cc326314d9f1,7.475085599988233,4.2141255007812754e-05,5.637561529446444e-06,12.844681203200002,30.774641371056983,20.0,2.486092506845588e-05,6.385338441600164e-05,3.870922055567563e-05,0.0001274235300401,0.0,Italy,ITA,lombardy,,,Windows-11-10.0.26200-SP0,3.13.13,3.2.6,32,13th Gen Intel(R) Core(TM) i9-13900HX,1,1 x NVIDIA GeForce RTX 4070 Laptop GPU,9.1922,45.4722,31.70067596435547,machine,0.0,27.0,22.42,7.108118438720704,N,1.0,0.0
2026-05-02T21:29:58,Q106_gemma2:27b_HellaSwag,12fc06c0-eb82-452b-b313-aec2956fbddc,5b0fa12a-3dd7-45bb-9766-cc326314d9f1,18.276276999968104,0.0001028202468429,5.625885777675026e-06,13.21908505856,30.25844636033053,20.0,6.219408465113346e-05,0.000152765122212,9.594085555549504e-05,0.0003109000624186,0.0,Italy,ITA,lombardy,,,Windows-11-10.0.26200-SP0,3.13.13,3.2.6,32,13th Gen Intel(R) Core(TM) i9-13900HX,1,1 x NVIDIA GeForce RTX 4070 Laptop GPU,9.1922,45.4722,31.70067596435547,machine,0.0,17.125,47.44375,15.039691925048828,N,1.0,0.0
2026-05-02T21:30:41,Q107_llama3.2_GSM8K,49deb183-6ceb-47bb-b4f4-2c092ae176f4,5b0fa12a-3dd7-45bb-9766-cc326314d9f1,7.50100690004183,4.5204160845089136e-05,6.026412380028214e-06,12.8730251264,34.93031942332425,20.0,2.502795858319173e-05,7.277366932997853e-05,3.888328444445506e-05,0.0001366849123576,0.0,Italy,ITA,lombardy,,,Windows-11-10.0.26200-SP0,3.13.13,3.2.6,32,13th Gen Intel(R) Core(TM) i9-13900HX,1,1 x NVIDIA GeForce RTX 4070 Laptop GPU,9.1922,45.4722,31.70067596435547,machine,0.0,26.6,31.660000000000004,10.034137725830078,N,1.0,0.0
2026-05-02T21:31:06,Q107_llama3.1_GSM8K,3182c2f2-2aec-46c3-b114-63036f533cd8,5b0fa12a-3dd7-45bb-9766-cc326314d9f1,10.578559599991422,7.58695897452238e-05,7.172015152732638e-06,12.87517228544,46.76356952130831,20.0,3.603489449969942e-05,0.0001373989988079,5.597481666643741e-05,0.0002294087099741,0.0,Italy,ITA,lombardy,,,Windows-11-10.0.26200-SP0,3.13.13,3.2.6,32,13th Gen Intel(R) Core(TM) i9-13900HX,1,1 x NVIDIA GeForce RTX 4070 Laptop GPU,9.1922,45.4722,31.70067596435547,machine,0.0,49.0,22.47777777777777,7.12971666124132,N,1.0,0.0
2026-05-02T21:32:07,Q107_gemma2:27b_GSM8K,af69a0fe-7479-494e-9206-c73452ca74b0,5b0fa12a-3dd7-45bb-9766-cc326314d9f1,35.10224620002555,0.0001813091266165,5.1651716412505854e-06,13.68466861408,24.11931363152885,20.0,0.0001272376131661,0.0002343651874919,0.000186625982222,0.0005482287828801,0.0,Italy,ITA,lombardy,,,Windows-11-10.0.26200-SP0,3.13.13,3.2.6,32,13th Gen Intel(R) Core(TM) i9-13900HX,1,1 x NVIDIA GeForce RTX 4070 Laptop GPU,9.1922,45.4722,31.70067596435547,machine,6.0606060606060606,17.242424242424242,50.448484848484846,15.99202450838956,N,1.0,0.0
2026-05-02T21:33:01,Q108_llama3.2_HellaSwag,8af749a8-21f9-4314-9662-e7c7e30acd7f,5b0fa12a-3dd7-45bb-9766-cc326314d9f1,8.585734399966896,5.71503087041646e-05,6.656426351179109e-06,12.849410432,41.5341377972922,20.0,2.885388544636564e-05,9.904341256800064e-05,4.490946999996797e-05,0.0001728067680143,0.0,Italy,ITA,lombardy,,,Windows-11-10.0.26200-SP0,3.13.13,3.2.6,32,13th Gen Intel(R) Core(TM) i9-13900HX,1,1 x NVIDIA GeForce RTX 4070 Laptop GPU,9.1922,45.4722,31.70067596435547,machine,0.0,32.285714285714285,28.957142857142856,9.178235735212054,N,1.0,0.0
2026-05-02T21:33:38,Q108_llama3.1_HellaSwag,b8f345ab-a4e2-4c85-91bb-16b909873dc2,5b0fa12a-3dd7-45bb-9766-cc326314d9f1,11.59992459998466,8.680434180501419e-05,7.4831815549153635e-06,12.8629468928,50.02100411309304,20.0,3.965261924934204e-05,0.0001611665178219,6.165324666653759e-05,0.0002624723837378,0.0,Italy,ITA,lombardy,,,Windows-11-10.0.26200-SP0,3.13.13,3.2.6,32,13th Gen Intel(R) Core(TM) i9-13900HX,1,1 x NVIDIA GeForce RTX 4070 Laptop GPU,9.1922,45.4722,31.70067596435547,machine,0.0,56.2,22.55,7.150846481323242,N,1.0,0.0
2026-05-02T21:34:28,Q108_gemma2:27b_HellaSwag,17cb6bd8-ba20-4eb9-82e5-4aadebcb489c,5b0fa12a-3dd7-45bb-9766-cc326314d9f1,24.927372800011653,0.0001386635645418,5.562702722598294e-06,13.39580033216,27.29503575383661,20.0,8.796845921546307e-05,0.0001984101587279,0.0001329017494446,0.000419280367388,0.0,Italy,ITA,lombardy,,,Windows-11-10.0.26200-SP0,3.13.13,3.2.6,32,13th Gen Intel(R) Core(TM) i9-13900HX,1,1 x NVIDIA GeForce RTX 4070 Laptop GPU,9.1922,45.4722,31.70067596435547,machine,4.3478260869565215,18.39130434782609,49.29565217391304,15.623196643331775,N,1.0,0.0
2026-05-02T21:35:11,Q109_llama3.2_GSM8K,38be2959-43a9-4de3-a3b0-517d2589dfe1,5b0fa12a-3dd7-45bb-9766-cc326314d9f1,7.2289443999761716,4.0945887116583326e-05,5.664158534227804e-06,12.8773659968,31.113749445570583,20.0,2.404350568559263e-05,6.242477216197861e-05,3.7340789444149576e-05,0.0001238090672917,0.0,Italy,ITA,lombardy,,,Windows-11-10.0.26200-SP0,3.13.13,3.2.6,32,13th Gen Intel(R) Core(TM) i9-13900HX,1,1 x NVIDIA GeForce RTX 4070 Laptop GPU,9.1922,45.4722,31.70067596435547,machine,0.0,26.4,31.8,10.074629211425782,N,1.0,0.0
2026-05-02T21:35:55,Q109_llama3.1_GSM8K,4d8c41c6-78e6-4448-9c2b-d02ef80eac59,5b0fa12a-3dd7-45bb-9766-cc326314d9f1,9.127568600000814,5.860062736289038e-05,6.420179341394942e-06,12.8789502176,38.82026828775357,20.0,3.085695837444521e-05,9.84175787339947e-05,4.791759444439474e-05,0.0001771921315528,0.0,Italy,ITA,lombardy,,,Windows-11-10.0.26200-SP0,3.13.13,3.2.6,32,13th Gen Intel(R) Core(TM) i9-13900HX,1,1 x NVIDIA GeForce RTX 4070 Laptop GPU,9.1922,45.4722,31.70067596435547,machine,0.0,47.42857142857143,22.571428571428573,7.146247863769531,N,1.0,0.0
2026-05-02T21:36:59,Q109_gemma2:27b_GSM8K,1e163984-b2e1-40d3-b1d8-713c3be99db5,5b0fa12a-3dd7-45bb-9766-cc326314d9f1,38.726784400001634,0.0001998287548212,5.159962488938164e-06,13.517912657920002,23.666497247378043,20.0,0.0001387957594633,0.000258678262498,0.0002067530077775,0.0006042270297389,0.0,Italy,ITA,lombardy,,,Windows-11-10.0.26200-SP0,3.13.13,3.2.6,32,13th Gen Intel(R) Core(TM) i9-13900HX,1,1 x NVIDIA GeForce RTX 4070 Laptop GPU,9.1922,45.4722,31.70067596435547,machine,0.0,19.166666666666668,50.85277777777778,16.1269596947564,N,1.0,0.0
2026-05-02T21:37:52,Q110_llama3.2_HellaSwag,d50cf91c-cb23-444d-9e89-f7bc93aa5125,5b0fa12a-3dd7-45bb-9766-cc326314d9f1,7.88908709998941,4.907237799080479e-05,6.220285993657068e-06,12.86013138834286,36.94485615623299,20.0,2.6388745266384703e-05,8.095395365201319e-05,4.103863499993976e-05,0.0001483813339183,0.0,Italy,ITA,lombardy,,,Windows-11-10.0.26200-SP0,3.13.13,3.2.6,32,13th Gen Intel(R) Core(TM) i9-13900HX,1,1 x NVIDIA GeForce RTX 4070 Laptop GPU,9.1922,45.4722,31.70067596435547,machine,0.0,38.16666666666666,30.3,9.605241775512695,N,1.0,0.0
2026-05-02T21:38:25,Q110_llama3.1_HellaSwag,23296553-2499-49ba-910e-f4b691200886,5b0fa12a-3dd7-45bb-9766-cc326314d9f1,7.270483700034674,4.293317570276749e-05,5.905133341068178e-06,12.863429254400002,33.690409997646725,20.0,2.41844736693026e-05,6.803255442600076e-05,3.760105166681266e-05,0.0001298180797621,0.0,Italy,ITA,lombardy,,,Windows-11-10.0.26200-SP0,3.13.13,3.2.6,32,13th Gen Intel(R) Core(TM) i9-13900HX,1,1 x NVIDIA GeForce RTX 4070 Laptop GPU,9.1922,45.4722,31.70067596435547,machine,13.34,9.2,22.76,7.205232238769531,N,1.0,0.0
2026-05-02T21:39:07,Q110_gemma2:27b_HellaSwag,c64aeed9-b445-4ede-85b5-22eafea77962,5b0fa12a-3dd7-45bb-9766-cc326314d9f1,26.91675099998247,0.0001475477605316,5.481633371419141e-06,13.45226329184,26.655471081879,20.0,9.603376366816132e-05,0.0002061609982619,0.0001439489633333,0.0004461437252634,0.0,Italy,ITA,lombardy,,,Windows-11-10.0.26200-SP0,3.13.13,3.2.6,32,13th Gen Intel(R) Core(TM) i9-13900HX,1,1 x NVIDIA GeForce RTX 4070 Laptop GPU,9.1922,45.4722,31.70067596435547,machine,0.0,13.72,49.74,15.775708770751953,N,1.0,0.0
2026-05-02T21:40:00,Q111_llama3.2_MMLU,36add496-7c56-45be-aac7-bcd0cafa4521,5b0fa12a-3dd7-45bb-9766-cc326314d9f1,7.313294499996118,4.5792113546330776e-05,6.261489065749381e-06,12.869811910400005,37.552924700911845,20.0,2.4348766445463287e-05,7.627672768797944e-05,3.783722499986956e-05,0.0001384627191333,0.0,Italy,ITA,lombardy,,,Windows-11-10.0.26200-SP0,3.13.13,3.2.6,32,13th Gen Intel(R) Core(TM) i9-13900HX,1,1 x NVIDIA GeForce RTX 4070 Laptop GPU,9.1922,45.4722,31.70067596435547,machine,0.0,28.0,30.7,9.734202575683591,N,1.0,0.0
2026-05-02T21:40:25,Q111_llama3.1_MMLU,1fe2ccca-1b89-42ea-aad9-418d3bdec4c0,5b0fa12a-3dd7-45bb-9766-cc326314d9f1,9.993400699982883,7.230576073369715e-05,7.235350898500545e-06,12.8966784384,47.520790605331136,20.0,3.400112975081381e-05,0.0001319039944119,5.272754999977123e-05,0.0002186326741625,0.0,Italy,ITA,lombardy,,,Windows-11-10.0.26200-SP0,3.13.13,3.2.6,32,13th Gen Intel(R) Core(TM) i9-13900HX,1,1 x NVIDIA GeForce RTX 4070 Laptop GPU,9.1922,45.4722,31.70067596435547,machine,0.0,46.625,22.275,7.065890312194824,N,1.0,0.0
2026-05-02T21:41:24,Q111_gemma2:27b_MMLU,e486a701-6a66-433f-9ce0-9b87a8e68f51,5b0fa12a-3dd7-45bb-9766-cc326314d9f1,33.92116490000626,0.0001914593705733,5.644245153071072e-06,13.386928864160003,27.418330266357906,20.0,0.0001202377498134,0.0002787052229639,0.0001799773477777,0.0005789203205552,0.0,Italy,ITA,lombardy,,,Windows-11-10.0.26200-SP0,3.13.13,3.2.6,32,13th Gen Intel(R) Core(TM) i9-13900HX,1,1 x NVIDIA GeForce RTX 4070 Laptop GPU,9.1922,45.4722,31.70067596435547,machine,8.125,18.84375,50.040625,15.863159656524658,N,1.0,0.0
2026-05-02T21:42:16,Q112_llama3.2_HellaSwag,f9917427-296f-488e-a690-cab0de24adfc,5b0fa12a-3dd7-45bb-9766-cc326314d9f1,6.752755799971055,4.069929893464169e-05,6.027065118335265e-06,12.867278624,35.1956496343831,20.0,2.233884596171901e-05,6.600366391398826e-05,3.472094277773673e-05,0.0001230634526534,0.0,Italy,ITA,lombardy,,,Windows-11-10.0.26200-SP0,3.13.13,3.2.6,32,13th Gen Intel(R) Core(TM) i9-13900HX,1,1 x NVIDIA GeForce RTX 4070 Laptop GPU,9.1922,45.4722,31.70067596435547,machine,0.0,22.8,31.02,9.83590621948242,N,1.0,0.0
2026-05-02T21:42:41,Q112_llama3.1_HellaSwag,80ffe839-6881-4a26-804e-00cd7b51cb90,5b0fa12a-3dd7-45bb-9766-cc326314d9f1,10.16311180003686,7.31730999887864e-05,7.199871597252431e-06,12.860534745600004,47.13983541596375,20.0,3.4513120127171644e-05,0.0001330701064559,5.367204222226671e-05,0.0002212552688054,0.0,Italy,ITA,lombardy,,,Windows-11-10.0.26200-SP0,3.13.13,3.2.6,32,13th Gen Intel(R) Core(TM) i9-13900HX,1,1 x NVIDIA GeForce RTX 4070 Laptop GPU,9.1922,45.4722,31.70067596435547,machine,0.0,52.75,22.225,7.0464348793029785,N,1.0,0.0
2026-05-02T21:43:23,Q112_gemma2:27b_HellaSwag,ad1d44e7-19f1-4538-8e15-7c70f745d072,5b0fa12a-3dd7-45bb-9766-cc326314d9f1,16.960528999974485,0.0001541319690113,9.087686416593424e-06,13.1110027136,48.97149320321104,20.0,0.0001182425391906,0.0001674637450819,0.0001803462711107,0.0004660525553834,0.0,Italy,ITA,lombardy,,,Windows-11-10.0.26200-SP0,3.13.13,3.2.6,32,13th Gen Intel(R) Core(TM) i9-13900HX,1,1 x NVIDIA GeForce RTX 4070 Laptop GPU,9.1922,45.4722,31.70067596435547,machine,0.0,10.6,46.89333333333333,14.867342376708985,N,1.0,0.0
2026-05-02T21:43:58,Q113_llama3.2_MMLU,623a9d17-093f-4c19-a1b2-a6823f9cc0d6,5b0fa12a-3dd7-45bb-9766-cc326314d9f1,9.606707900005858,6.932205324219136e-05,7.216005104323937e-06,12.850424576000002,47.4354832727506,20.0,3.2493464002415993e-05,0.0001265464901259,5.057081166661293e-05,0.000209610765795,0.0,Italy,ITA,lombardy,,,Windows-11-10.0.26200-SP0,3.13.13,3.2.6,32,13th Gen Intel(R) Core(TM) i9-13900HX,1,1 x NVIDIA GeForce RTX 4070 Laptop GPU,9.1922,45.4722,31.70067596435547,machine,0.0,51.5,27.775,8.806258201599121,N,1.0,0.0
2026-05-02T21:44:34,Q113_llama3.1_MMLU,3d807120-e755-4baa-98a0-c360eb133739,5b0fa12a-3dd7-45bb-9766-cc326314d9f1,11.018374900042543,8.312574631179733e-05,7.544283713878383e-06,12.8607254912,50.78910348336921,20.0,3.75568247682513e-05,0.000155387902088,5.840459888891524e-05,0.0002513493257451,0.0,Italy,ITA,lombardy,,,Windows-11-10.0.26200-SP0,3.13.13,3.2.6,32,13th Gen Intel(R) Core(TM) i9-13900HX,1,1 x NVIDIA GeForce RTX 4070 Laptop GPU,9.1922,45.4722,31.70067596435547,machine,0.0,59.44444444444444,22.355555555555554,7.086136711968316,N,1.0,0.0
2026-05-02T21:45:55,Q113_gemma2:27b_MMLU,25aaba51-d0d2-4d88-9efa-5ef4f09dc932,5b0fa12a-3dd7-45bb-9766-cc326314d9f1,55.96807270002319,0.0002982428778995,5.328803789583204e-06,13.434805184872728,25.273554660021155,20.0,0.0002011513174985,0.0004009486540919,0.0002997042177778,0.0009018041893684,0.0,Italy,ITA,lombardy,,,Windows-11-10.0.26200-SP0,3.13.13,3.2.6,32,13th Gen Intel(R) Core(TM) i9-13900HX,1,1 x NVIDIA GeForce RTX 4070 Laptop GPU,9.1922,45.4722,31.70067596435547,machine,2.468518518518519,21.37037037037037,51.279629629629625,16.249618459630895,N,1.0,0.0
2026-05-02T21:47:01,Q114_llama3.2_GSM8K,01d62fe8-489b-4006-a925-e1ecf26ddf45,5b0fa12a-3dd7-45bb-9766-cc326314d9f1,9.130922999989709,6.043524226166782e-05,6.61874404830004e-06,12.867593744,40.9896969446187,20.0,3.084360218804753e-05,0.0001039573053879,4.7938593333108456e-05,0.0001827395009091,0.0,Italy,ITA,lombardy,,,Windows-11-10.0.26200-SP0,3.13.13,3.2.6,32,13th Gen Intel(R) Core(TM) i9-13900HX,1,1 x NVIDIA GeForce RTX 4070 Laptop GPU,9.1922,45.4722,31.70067596435547,machine,7.142857142857143,46.71428571428572,28.857142857142858,9.150233677455358,N,1.0,0.0
2026-05-02T21:47:46,Q114_llama3.1_GSM8K,99a0b11a-2de2-4e13-8f74-6489706343ae,5b0fa12a-3dd7-45bb-9766-cc326314d9f1,10.333534299978057,7.217633685517187e-05,6.984670951866405e-06,12.857144166400005,44.77280248643567,20.0,3.511323036135919e-05,0.00012850843614,5.4619665555461926e-05,0.0002182413320568,0.0,Italy,ITA,lombardy,,,Windows-11-10.0.26200-SP0,3.13.13,3.2.6,32,13th Gen Intel(R) Core(TM) i9-13900HX,1,1 x NVIDIA GeForce RTX 4070 Laptop GPU,9.1922,45.4722,31.70067596435547,machine,7.1375,42.125,22.225,7.044116973876953,N,1.0,0.0
2026-05-02T21:48:59,Q114_gemma2:27b_GSM8K,24b8409c-f30a-4da6-95c1-653c8b8ee8f9,5b0fa12a-3dd7-45bb-9766-cc326314d9f1,47.227877700002864,0.0002480819183627,5.252870347861703e-06,13.425296121320002,27.250372720424497,20.0,0.0001692231391259,0.000329754708248,0.0002511534377777,0.0007501312851516,0.0,Italy,ITA,lombardy,,,Windows-11-10.0.26200-SP0,3.13.13,3.2.6,32,13th Gen Intel(R) Core(TM) i9-13900HX,1,1 x NVIDIA GeForce RTX 4070 Laptop GPU,9.1922,45.4722,31.70067596435547,machine,2.037777777777778,23.53333333333333,50.940000000000005,16.146178860134548,N,1.0,0.0
2026-05-02T21:50:02,Q115_llama3.2_HellaSwag,4810158b-a8c9-4bf9-a656-78fc486f993d,5b0fa12a-3dd7-45bb-9766-cc326314d9f1,7.2433396999840625,4.294068062523018e-05,5.928298603104955e-06,12.8652021632,33.950460516306094,20.0,2.4090186824908444e-05,6.830172130800616e-05,3.744886444441767e-05,0.0001298407725773,0.0,Italy,ITA,lombardy,,,Windows-11-10.0.26200-SP0,3.13.13,3.2.6,32,13th Gen Intel(R) Core(TM) i9-13900HX,1,1 x NVIDIA GeForce RTX 4070 Laptop GPU,9.1922,45.4722,31.70067596435547,machine,0.0,23.0,31.160000000000004,9.875994873046874,N,1.0,0.0
2026-05-02T21:50:30,Q115_llama3.1_HellaSwag,443cd905-5e74-4ce0-b14f-42fda15a1dda,5b0fa12a-3dd7-45bb-9766-cc326314d9f1,12.493386399990412,9.537932263325286e-05,7.63438507219516e-06,12.8582700032,51.575002495550585,20.0,4.28272009851584e-05,0.000178960976502,6.661258277761388e-05,0.0002884007602647,0.0,Italy,ITA,lombardy,,,Windows-11-10.0.26200-SP0,3.13.13,3.2.6,32,13th Gen Intel(R) Core(TM) i9-13900HX,1,1 x NVIDIA GeForce RTX 4070 Laptop GPU,9.1922,45.4722,31.70067596435547,machine,0.0,62.9,22.2,7.041314697265625,N,1.0,0.0
2026-05-02T21:51:19,Q115_gemma2:27b_HellaSwag,fe9f3251-a51a-4e65-9429-ea77bd5739cf,5b0fa12a-3dd7-45bb-9766-cc326314d9f1,23.920198799984064,0.0001276385895985,5.336017090235706e-06,13.4850561856,25.23761865590579,20.0,8.461128195510009e-05,0.0001740315281139,0.0001273010744444,0.0003859438845135,0.0,Italy,ITA,lombardy,,,Windows-11-10.0.26200-SP0,3.13.13,3.2.6,32,13th Gen Intel(R) Core(TM) i9-13900HX,1,1 x NVIDIA GeForce RTX 4070 Laptop GPU,9.1922,45.4722,31.70067596435547,machine,4.545454545454546,14.636363636363637,48.77272727272727,15.46042182228782,N,1.0,0.0
2026-05-02T21:52:15,Q116_llama3.2_HumanEval,d8c9f577-47fa-49e0-b3ef-a4c8d97fbb7d,5b0fa12a-3dd7-45bb-9766-cc326314d9f1,11.079389600025024,8.501050265948493e-05,7.672850737128417e-06,12.87647922944,52.15202454402,20.0,3.782717008066738e-05,0.00016046818393,5.8752955000252567e-05,0.0002570483090109,0.0,Italy,ITA,lombardy,,,Windows-11-10.0.26200-SP0,3.13.13,3.2.6,32,13th Gen Intel(R) Core(TM) i9-13900HX,1,1 x NVIDIA GeForce RTX 4070 Laptop GPU,9.1922,45.4722,31.70067596435547,machine,0.0,55.44444444444444,27.03333333333333,8.564945220947266,N,1.0,0.0
2026-05-02T21:52:58,Q116_llama3.1_HumanEval,f67a3e97-9fcd-4e7e-95ae-486a102d45ca,5b0fa12a-3dd7-45bb-9766-cc326314d9f1,17.255497300007846,0.0001519714746458,8.807133866014455e-06,12.8437073504,66.00061120834246,20.0,5.8102830284271166e-05,0.0003111385822439,9.027840388880576e-05,0.000459519816417,0.0,Italy,ITA,lombardy,,,Windows-11-10.0.26200-SP0,3.13.13,3.2.6,32,13th Gen Intel(R) Core(TM) i9-13900HX,1,1 x NVIDIA GeForce RTX 4070 Laptop GPU,9.1922,45.4722,31.70067596435547,machine,0.0,74.66666666666667,22.23333333333333,7.049176025390625,N,1.0,0.0
2026-05-02T21:55:45,Q116_gemma2:27b_HumanEval,cd9c5673-6f6b-42cc-a376-6d16af8cb6b9,5b0fa12a-3dd7-45bb-9766-cc326314d9f1,132.28402030002326,0.0006784506627779,5.128742392612302e-06,13.653947395597577,23.17127230259728,20.0,0.0004842057439037,0.0008574979082199,0.0007097439944449,0.0020514476465687,0.0,Italy,ITA,lombardy,,,Windows-11-10.0.26200-SP0,3.13.13,3.2.6,32,13th Gen Intel(R) Core(TM) i9-13900HX,1,1 x NVIDIA GeForce RTX 4070 Laptop GPU,9.1922,45.4722,31.70067596435547,machine,4.164341085271318,32.53488372093023,52.27441860465116,16.566241922304613,N,1.0,0.0
2026-05-02T21:57:02,Q117_llama3.2_HumanEval,a1da1dc7-b2bd-46e0-8252-334e804baa9c,5b0fa12a-3dd7-45bb-9766-cc326314d9f1,11.084281800023746,8.165559884250234e-05,7.366792031787518e-06,12.854910218240002,48.82704568438567,20.0,3.77877045371912e-05,0.000150325953594,5.879034722230346e-05,0.0002469040053535,0.0,Italy,ITA,lombardy,,,Windows-11-10.0.26200-SP0,3.13.13,3.2.6,32,13th Gen Intel(R) Core(TM) i9-13900HX,1,1 x NVIDIA GeForce RTX 4070 Laptop GPU,9.1922,45.4722,31.70067596435547,machine,0.0,57.888888888888886,27.444444444444443,8.696162329779732,N,1.0,0.0
2026-05-02T21:58:02,Q117_llama3.1_HumanEval,040d288e-5ab8-4d38-a646-315e84067fd7,5b0fa12a-3dd7-45bb-9766-cc326314d9f1,13.779899700020906,0.0001076120793556,7.809351424774637e-06,12.861423869046156,53.34512791962775,20.0,4.743860704678481e-05,0.0002041832189019,7.376741611127121e-05,0.00032538924206,0.0,Italy,ITA,lombardy,,,Windows-11-10.0.26200-SP0,3.13.13,3.2.6,32,13th Gen Intel(R) Core(TM) i9-13900HX,1,1 x NVIDIA GeForce RTX 4070 Laptop GPU,9.1922,45.4722,31.70067596435547,machine,0.0,66.83333333333333,22.20833333333333,7.04403018951416,N,1.0,0.0
2026-05-02T21:59:34,Q117_gemma2:27b_HumanEval,c1513d51-a934-4665-84b4-3b49cac1b8b7,5b0fa12a-3dd7-45bb-9766-cc326314d9f1,66.91481079999357,0.000348468078878,5.207637512711695e-06,13.487644443200002,23.909860186152688,20.0,0.0002406240905138,0.000455308975358,0.0003577382761115,0.0010536713419833,0.0,Italy,ITA,lombardy,,,Windows-11-10.0.26200-SP0,3.13.13,3.2.6,32,13th Gen Intel(R) Core(TM) i9-13900HX,1,1 x NVIDIA GeForce RTX 4070 Laptop GPU,9.1922,45.4722,31.70067596435547,machine,0.0,27.046875,51.5828125,16.352636635303497,N,1.0,0.0
2026-05-02T22:00:49,Q118_llama3.2_GSM8K,28409cf5-99dc-4ca9-afff-33b1c7f3573d,5b0fa12a-3dd7-45bb-9766-cc326314d9f1,9.141841600008776,6.537201789325494e-05,7.1508587387022975e-06,12.8668763216,46.78711627299512,20.0,3.0877188521517884e-05,0.0001187959283699,4.799383166666505e-05,0.0001976669485581,0.0,Italy,ITA,lombardy,,,Windows-11-10.0.26200-SP0,3.13.13,3.2.6,32,13th Gen Intel(R) Core(TM) i9-13900HX,1,1 x NVIDIA GeForce RTX 4070 Laptop GPU,9.1922,45.4722,31.70067596435547,machine,0.0,43.57142857142857,28.9,9.16403579711914,N,1.0,0.0
2026-05-02T22:01:26,Q118_llama3.1_GSM8K,cd66454c-b825-424a-86f4-1f4d85b32ae1,5b0fa12a-3dd7-45bb-9766-cc326314d9f1,11.724082900036592,8.816165701036426e-05,7.519706041151338e-06,12.885760158254548,50.3819728807031,20.0,4.016878479450777e-05,0.000164062909028,6.234483666679201e-05,0.0002665765304893,0.0,Italy,ITA,lombardy,,,Windows-11-10.0.26200-SP0,3.13.13,3.2.6,32,13th Gen Intel(R) Core(TM) i9-13900HX,1,1 x NVIDIA GeForce RTX 4070 Laptop GPU,9.1922,45.4722,31.70067596435547,machine,3.33,53.3,22.48,7.127593231201172,N,1.0,0.0
2026-05-02T22:02:41,Q118_gemma2:27b_GSM8K,206cf7a5-842f-4c8a-bf7f-3164727b2c91,5b0fa12a-3dd7-45bb-9766-cc326314d9f1,50.19206139998278,0.0002666142584122,5.311881022132131e-06,13.60687193204,24.54667341432292,20.0,0.0001817661903967,0.0003567408409479,0.0002676609377777,0.0008061679691225,0.0,Italy,ITA,lombardy,,,Windows-11-10.0.26200-SP0,3.13.13,3.2.6,32,13th Gen Intel(R) Core(TM) i9-13900HX,1,1 x NVIDIA GeForce RTX 4070 Laptop GPU,9.1922,45.4722,31.70067596435547,machine,3.6458333333333335,22.354166666666668,51.25208333333333,16.25191076596578,N,1.0,0.0
2026-05-02T22:03:47,Q119_llama3.2_MMLU,8abf7d22-272e-4e3d-91e7-6fcd780bd141,5b0fa12a-3dd7-45bb-9766-cc326314d9f1,9.0168898999691,6.385089244733949e-05,7.08125452963092e-06,12.8478263168,46.092678577442754,20.0,3.0378358063378145e-05,0.0001154006478759,4.728847888861007e-05,0.0001930674848279,0.0,Italy,ITA,lombardy,,,Windows-11-10.0.26200-SP0,3.13.13,3.2.6,32,13th Gen Intel(R) Core(TM) i9-13900HX,1,1 x NVIDIA GeForce RTX 4070 Laptop GPU,9.1922,45.4722,31.70067596435547,machine,0.0,40.142857142857146,28.914285714285715,9.16626957484654,N,1.0,0.0
2026-05-02T22:04:28,Q119_llama3.1_MMLU,a6d65249-a1f1-48dd-9c5e-13c820d40690,5b0fa12a-3dd7-45bb-9766-cc326314d9f1,6.740984399977606,3.416904948064544e-05,5.068851588020134e-06,12.8674051712,24.76186036498236,20.0,2.2298674875273208e-05,4.636087042197978e-05,3.4658234444537405e-05,0.0001033177797417,0.0,Italy,ITA,lombardy,,,Windows-11-10.0.26200-SP0,3.13.13,3.2.6,32,13th Gen Intel(R) Core(TM) i9-13900HX,1,1 x NVIDIA GeForce RTX 4070 Laptop GPU,9.1922,45.4722,31.70067596435547,machine,0.0,16.0,22.46,7.1177490234375,N,1.0,0.0
2026-05-02T22:05:30,Q119_gemma2:27b_MMLU,755b1779-9bb5-48ac-8b78-adfe71811cac,5b0fa12a-3dd7-45bb-9766-cc326314d9f1,46.64386790001299,0.0002845271833496,6.099991191973748e-06,10.09650236436,31.655462183978905,20.0,0.0001681482416959,0.0003609355665259,0.0003312479044446,0.0008603317126665,0.0,Italy,ITA,lombardy,,,Windows-11-10.0.26200-SP0,3.13.13,3.2.6,32,13th Gen Intel(R) Core(TM) i9-13900HX,1,1 x NVIDIA GeForce RTX 4070 Laptop GPU,9.1922,45.4722,31.70067596435547,machine,7.5,21.27272727272728,51.1409090909091,16.20998590642756,N,1.0,0.0
2026-05-02T22:06:33,Q120_llama3.2_SQuAD,ebe5423f-64e8-4897-bf7a-fe375783579c,5b0fa12a-3dd7-45bb-9766-cc326314d9f1,6.435087499965448,3.489415157671243e-05,5.422482845322584e-06,12.87372286208,28.719257393350933,20.0,2.1217874611508685e-05,5.133031884199668e-05,3.296209499983686e-05,0.0001055102884533,0.0,Italy,ITA,lombardy,,,Windows-11-10.0.26200-SP0,3.13.13,3.2.6,32,13th Gen Intel(R) Core(TM) i9-13900HX,1,1 x NVIDIA GeForce RTX 4070 Laptop GPU,9.1922,45.4722,31.70067596435547,machine,0.0,13.0,35.3,11.185444831848145,N,1.0,0.0
2026-05-02T22:06:56,Q120_llama3.1_SQuAD,395469ad-8e98-4423-86ba-54d2b4e70416,5b0fa12a-3dd7-45bb-9766-cc326314d9f1,7.58328140003141,4.689401914500313e-05,6.18386904972416e-06,12.842817667657144,36.6499415048742,20.0,2.526159760297611e-05,7.719422842197843e-05,3.933875166662296e-05,0.0001417945776915,0.0,Italy,ITA,lombardy,,,Windows-11-10.0.26200-SP0,3.13.13,3.2.6,32,13th Gen Intel(R) Core(TM) i9-13900HX,1,1 x NVIDIA GeForce RTX 4070 Laptop GPU,9.1922,45.4722,31.70067596435547,machine,0.0,28.666666666666668,22.58333333333333,7.156269073486328,N,1.0,0.0
2026-05-02T22:07:30,Q120_gemma2:27b_SQuAD,946a00ec-3ae3-4300-ae5a-ce24c2ebb3ce,5b0fa12a-3dd7-45bb-9766-cc326314d9f1,19.578336099977605,0.0001096213646175,5.5991154742535164e-06,13.51604293088,28.120708359359,20.0,6.800934153465752e-05,0.0001602606837639,0.0001031947411111,0.0003314647664098,0.0,Italy,ITA,lombardy,,,Windows-11-10.0.26200-SP0,3.13.13,3.2.6,32,13th Gen Intel(R) Core(TM) i9-13900HX,1,1 x NVIDIA GeForce RTX 4070 Laptop GPU,9.1922,45.4722,31.70067596435547,machine,3.923529411764706,12.588235294117649,47.83529411764706,15.164709203383502,N,1.0,0.0
2026-05-02T22:08:14,Q121_llama3.2_MMLU,ae147397-302f-4767-93c2-3d0451e0ff36,5b0fa12a-3dd7-45bb-9766-cc326314d9f1,8.19512010004837,5.3487647484280274e-05,6.52676798281023e-06,12.8679093632,40.24069834520948,20.0,2.7480711525456143e-05,9.153979545398204e-05,4.271138388915763e-05,0.0001617318908685,0.0,Italy,ITA,lombardy,,,Windows-11-10.0.26200-SP0,3.13.13,3.2.6,32,13th Gen Intel(R) Core(TM) i9-13900HX,1,1 x NVIDIA GeForce RTX 4070 Laptop GPU,9.1922,45.4722,31.70067596435547,machine,0.0,36.16666666666666,30.133333333333336,9.55854352315267,N,1.0,0.0
2026-05-02T22:08:36,Q121_llama3.1_MMLU,8f20de3b-a437-48bb-8356-35b1844341b6,5b0fa12a-3dd7-45bb-9766-cc326314d9f1,6.744828799972311,3.5834702855347195e-05,5.312915111424964e-06,12.871775283200002,27.444331086738348,20.0,2.2308158840064664e-05,5.1385041107993024e-05,3.466105611102345e-05,0.000108354256059,0.0,Italy,ITA,lombardy,,,Windows-11-10.0.26200-SP0,3.13.13,3.2.6,32,13th Gen Intel(R) Core(TM) i9-13900HX,1,1 x NVIDIA GeForce RTX 4070 Laptop GPU,9.1922,45.4722,31.70067596435547,machine,10.0,22.4,22.5,7.135691070556641,N,1.0,0.0
2026-05-02T22:09:42,Q121_gemma2:27b_MMLU,38804d56-11cb-42d2-a6f4-87c39b658bf5,5b0fa12a-3dd7-45bb-9766-cc326314d9f1,51.11767589999363,0.000275580070321,5.3910915445420695e-06,13.3614453404,26.029627062492168,20.0,0.0001821544055918,0.000378316135986,0.0002728075694444,0.0008332781110223,0.0,Italy,ITA,lombardy,,,Windows-11-10.0.26200-SP0,3.13.13,3.2.6,32,13th Gen Intel(R) Core(TM) i9-13900HX,1,1 x NVIDIA GeForce RTX 4070 Laptop GPU,9.1922,45.4722,31.70067596435547,machine,0.3142857142857143,23.612244897959183,51.28775510204081,16.254026529740315,N,1.0,0.0
2026-05-02T22:10:44,Q122_llama3.2_SQuAD,176b6a92-255d-4f37-aad4-3c9583f0ed63,5b0fa12a-3dd7-45bb-9766-cc326314d9f1,6.110517100023571,3.0777072313084835e-05,5.036737776736786e-06,12.85617965312,24.671780474063493,20.0,2.0029635778606595e-05,4.187308905398424e-05,3.1158651666676935e-05,9.306137649926777e-05,0.0,Italy,ITA,lombardy,,,Windows-11-10.0.26200-SP0,3.13.13,3.2.6,32,13th Gen Intel(R) Core(TM) i9-13900HX,1,1 x NVIDIA GeForce RTX 4070 Laptop GPU,9.1922,45.4722,31.70067596435547,machine,0.0,2.75,32.825,10.403743743896484,N,1.0,0.0
2026-05-02T22:11:06,Q122_llama3.1_SQuAD,6da25ba3-9ab6-421a-b50e-cb1696fab1b3,5b0fa12a-3dd7-45bb-9766-cc326314d9f1,6.656437500030734,3.53269753673742e-05,5.307189524007564e-06,12.850382067200002,27.40185632990521,20.0,2.1968479891307675e-05,5.066031830597284e-05,3.4190230000078576e-05,0.0001068190281973,0.0,Italy,ITA,lombardy,,,Windows-11-10.0.26200-SP0,3.13.13,3.2.6,32,13th Gen Intel(R) Core(TM) i9-13900HX,1,1 x NVIDIA GeForce RTX 4070 Laptop GPU,9.1922,45.4722,31.70067596435547,machine,0.0,26.2,21.82,6.919751739501953,N,1.0,0.0
2026-05-02T22:11:38,Q122_gemma2:27b_SQuAD,86d4d431-26ec-454b-b569-4c7080938f4a,5b0fa12a-3dd7-45bb-9766-cc326314d9f1,17.305944000021555,0.0001022089042328,5.905999940411656e-06,13.333654853120002,38.25151137922359,20.0,5.894548169217421e-05,0.0001595656832079,9.054036611083173e-05,0.0003090515310109,0.0,Italy,ITA,lombardy,,,Windows-11-10.0.26200-SP0,3.13.13,3.2.6,32,13th Gen Intel(R) Core(TM) i9-13900HX,1,1 x NVIDIA GeForce RTX 4070 Laptop GPU,9.1922,45.4722,31.70067596435547,machine,0.0,11.733333333333333,46.48,14.734741719563802,N,1.0,0.0
2026-05-02T22:12:12,Q123_llama3.2_HumanEval,d13cae7a-6986-4fca-b3a2-7e7f72bb99d5,5b0fa12a-3dd7-45bb-9766-cc326314d9f1,8.950528599962126,6.10398607282105e-05,6.819693389781335e-06,12.8718556256,43.20766645250762,20.0,3.0210373871892857e-05,0.0001074181414899,4.693918499979191e-05,0.0001845677003616,0.0,Italy,ITA,lombardy,,,Windows-11-10.0.26200-SP0,3.13.13,3.2.6,32,13th Gen Intel(R) Core(TM) i9-13900HX,1,1 x NVIDIA GeForce RTX 4070 Laptop GPU,9.1922,45.4722,31.70067596435547,machine,0.0,43.57142857142857,28.47142857142857,9.024706704275948,N,1.0,0.0
2026-05-02T22:12:54,Q123_llama3.1_HumanEval,f33bc25c-940f-41e8-a9df-a42d91755823,5b0fa12a-3dd7-45bb-9766-cc326314d9f1,16.15388030000031,0.0001374332557389,8.507754990542554e-06,12.846810237440002,60.81748809371207,20.0,5.583484305332626e-05,0.0002728021626859,8.692324722231004e-05,0.0004155602529616,0.0,Italy,ITA,lombardy,,,Windows-11-10.0.26200-SP0,3.13.13,3.2.6,32,13th Gen Intel(R) Core(TM) i9-13900HX,1,1 x NVIDIA GeForce RTX 4070 Laptop GPU,9.1922,45.4722,31.70067596435547,machine,0.0,66.85714285714286,21.857142857142858,6.922923496791294,N,1.0,0.0
2026-05-02T22:14:26,Q123_gemma2:27b_HumanEval,25458a77-b546-4269-a98c-1775c5a6d1cc,5b0fa12a-3dd7-45bb-9766-cc326314d9f1,56.50383659999352,0.0003007258374429,5.322219791407861e-06,13.440202256578182,25.25144680024725,20.0,0.0002029928461845,0.000403616711782,0.0003027024161109,0.0009093119740774,0.0,Italy,ITA,lombardy,,,Windows-11-10.0.26200-SP0,3.13.13,3.2.6,32,13th Gen Intel(R) Core(TM) i9-13900HX,1,1 x NVIDIA GeForce RTX 4070 Laptop GPU,9.1922,45.4722,31.70067596435547,machine,3.024074074074074,18.944444444444443,50.97592592592593,16.162526024712456,N,1.0,0.0
2026-05-02T22:15:28,Q124_llama3.2_SQuAD,56c911c2-a676-4418-9287-26ecc429c512,5b0fa12a-3dd7-45bb-9766-cc326314d9f1,6.276969800004736,3.46123276132102e-05,5.514177814458194e-06,12.899961620480004,29.758823978010213,20.0,2.069389124887575e-05,5.188143039400184e-05,3.208280888890537e-05,0.0001046581305317,0.0,Italy,ITA,lombardy,,,Windows-11-10.0.26200-SP0,3.13.13,3.2.6,32,13th Gen Intel(R) Core(TM) i9-13900HX,1,1 x NVIDIA GeForce RTX 4070 Laptop GPU,9.1922,45.4722,31.70067596435547,machine,0.0,10.0,32.8,10.402586936950684,N,1.0,0.0
2026-05-02T22:16:10,Q124_llama3.1_SQuAD,11142c06-63df-4a7c-94d1-fb76557414ac,5b0fa12a-3dd7-45bb-9766-cc326314d9f1,7.197354300005827,4.263440681543539e-05,5.923622075322993e-06,12.8537809664,33.92372507456119,20.0,2.390544470296116e-05,6.781422091803324e-05,3.7195019444334325e-05,0.0001289146850653,0.0,Italy,ITA,lombardy,,,Windows-11-10.0.26200-SP0,3.13.13,3.2.6,32,13th Gen Intel(R) Core(TM) i9-13900HX,1,1 x NVIDIA GeForce RTX 4070 Laptop GPU,9.1922,45.4722,31.70067596435547,machine,0.0,27.8,21.96,6.967220306396484,N,1.0,0.0
2026-05-02T22:16:43,Q124_gemma2:27b_SQuAD,e7ff6bfc-ff11-4e6a-a53c-9594043cd807,5b0fa12a-3dd7-45bb-9766-cc326314d9f1,17.092922399984673,9.300532445787236e-05,5.441159930495896e-06,13.12281425024,40.40151394150919,20.0,5.783180578449247e-05,0.0001340289961119,8.936164277806205e-05,0.0002812224446745,0.0,Italy,ITA,lombardy,,,Windows-11-10.0.26200-SP0,3.13.13,3.2.6,32,13th Gen Intel(R) Core(TM) i9-13900HX,1,1 x NVIDIA GeForce RTX 4070 Laptop GPU,9.1922,45.4722,31.70067596435547,machine,0.0,13.0,46.67333333333333,14.79646962483724,N,1.0,0.0
2026-05-02T22:17:14,Q125_llama3.2_SQuAD,8d554e09-4f5a-4347-89b8-08d9014becf9,5b0fa12a-3dd7-45bb-9766-cc326314d9f1,6.238945799996145,3.173187226123076e-05,5.086095195962492e-06,12.86082930944,25.172801166634937,20.0,2.048673271268657e-05,4.360336821598865e-05,3.185832722228951e-05,9.594842815096474e-05,0.0,Italy,ITA,lombardy,,,Windows-11-10.0.26200-SP0,3.13.13,3.2.6,32,13th Gen Intel(R) Core(TM) i9-13900HX,1,1 x NVIDIA GeForce RTX 4070 Laptop GPU,9.1922,45.4722,31.70067596435547,machine,0.0,9.0,34.475,10.92615795135498,N,1.0,0.0
2026-05-02T22:17:36,Q125_llama3.1_SQuAD,621053f9-6b10-4e33-a8d0-7874f0ed7b8c,5b0fa12a-3dd7-45bb-9766-cc326314d9f1,7.127693800022826,4.115252369322992e-05,5.773609928796062e-06,12.8566775168,32.3114761369517,20.0,2.366109145704219e-05,6.396616228399044e-05,3.680662555561867e-05,0.0001244338792966,0.0,Italy,ITA,lombardy,,,Windows-11-10.0.26200-SP0,3.13.13,3.2.6,32,13th Gen Intel(R) Core(TM) i9-13900HX,1,1 x NVIDIA GeForce RTX 4070 Laptop GPU,9.1922,45.4722,31.70067596435547,machine,0.0,29.2,22.12,7.014407348632813,N,1.0,0.0
2026-05-02T22:18:11,Q125_gemma2:27b_SQuAD,96ce4f1f-30f1-4f1c-9e27-8af2af11742e,5b0fa12a-3dd7-45bb-9766-cc326314d9f1,19.254011299984995,0.0001145617236814,5.950018512847346e-06,13.229517569600002,30.868102064722308,20.0,6.574966372570554e-05,0.0001792779212,0.000101375464444,0.0003464030493698,0.0,Italy,ITA,lombardy,,,Windows-11-10.0.26200-SP0,3.13.13,3.2.6,32,13th Gen Intel(R) Core(TM) i9-13900HX,1,1 x NVIDIA GeForce RTX 4070 Laptop GPU,9.1922,45.4722,31.70067596435547,machine,0.0,13.823529411764708,47.4,15.02410955990062,N,1.0,0.0
2026-05-02T22:18:55,Q126_llama3.2_HumanEval,3e554425-0114-4cfe-bb6d-67b9f13ddd82,5b0fa12a-3dd7-45bb-9766-cc326314d9f1,8.85238420002861,6.355967949114539e-05,7.1799504014907055e-06,12.8621268848,47.15895047452072,20.0,2.9836973862441874e-05,0.00011595564832,4.6394315000119e-05,0.0001921869371825,0.0,Italy,ITA,lombardy,,,Windows-11-10.0.26200-SP0,3.13.13,3.2.6,32,13th Gen Intel(R) Core(TM) i9-13900HX,1,1 x NVIDIA GeForce RTX 4070 Laptop GPU,9.1922,45.4722,31.70067596435547,machine,0.0,42.71428571428572,28.557142857142857,9.052410125732422,N,1.0,0.0
2026-05-02T22:19:27,Q126_llama3.1_HumanEval,b6f553aa-050a-420a-81e9-18bbfdb029b8,5b0fa12a-3dd7-45bb-9766-cc326314d9f1,17.206603799946606,0.0001449584760801,8.424583826388985e-06,12.835185105920004,64.1195586383522,20.0,5.788373657471145e-05,0.000290430232344,9.000047444424126e-05,0.0004383144433629,0.0,Italy,ITA,lombardy,,,Windows-11-10.0.26200-SP0,3.13.13,3.2.6,32,13th Gen Intel(R) Core(TM) i9-13900HX,1,1 x NVIDIA GeForce RTX 4070 Laptop GPU,9.1922,45.4722,31.70067596435547,machine,0.0,67.8,22.046666666666667,6.996052805582682,N,1.0,0.0
2026-05-02T22:21:08,Q126_gemma2:27b_HumanEval,047a339b-3954-4f3e-a10d-7ac837fbd536,5b0fa12a-3dd7-45bb-9766-cc326314d9f1,65.39535409997916,0.0003349752370941,5.122309401093379e-06,13.518655562720005,22.912214495247945,20.0,0.0002356478115342,0.000427960897924,0.0003492640011112,0.0010128727105695,0.0,Italy,ITA,lombardy,,,Windows-11-10.0.26200-SP0,3.13.13,3.2.6,32,13th Gen Intel(R) Core(TM) i9-13900HX,1,1 x NVIDIA GeForce RTX 4070 Laptop GPU,9.1922,45.4722,31.70067596435547,machine,1.1476190476190475,22.714285714285715,51.490476190476194,16.322435227651443,N,1.0,0.0
2026-05-02T22:22:20,Q127_llama3.2_SQuAD,10c5c41e-c24e-41cf-98c6-12642ddc74db,5b0fa12a-3dd7-45bb-9766-cc326314d9f1,6.314353299967479,3.27334357400403e-05,5.183972797374023e-06,12.8719894016,26.1783341193472,20.0,2.078142642701231e-05,4.590698117001857e-05,3.228847222215134e-05,9.89768798191822e-05,0.0,Italy,ITA,lombardy,,,Windows-11-10.0.26200-SP0,3.13.13,3.2.6,32,13th Gen Intel(R) Core(TM) i9-13900HX,1,1 x NVIDIA GeForce RTX 4070 Laptop GPU,9.1922,45.4722,31.70067596435547,machine,0.0,6.75,33.775,10.709108352661133,N,1.0,0.0
2026-05-02T22:22:42,Q127_llama3.1_SQuAD,d18a4d78-0b8f-49fc-8b66-381789711b90,5b0fa12a-3dd7-45bb-9766-cc326314d9f1,6.9192703000153415,3.960209815575305e-05,5.723450080518641e-06,12.8640189056,31.86767231591768,20.0,2.2915507320338503e-05,6.120393785200018e-05,3.562637499999255e-05,0.0001197458201723,0.0,Italy,ITA,lombardy,,,Windows-11-10.0.26200-SP0,3.13.13,3.2.6,32,13th Gen Intel(R) Core(TM) i9-13900HX,1,1 x NVIDIA GeForce RTX 4070 Laptop GPU,9.1922,45.4722,31.70067596435547,machine,0.0,26.2,22.26,7.056439971923828,N,1.0,0.0
2026-05-02T22:23:16,Q127_gemma2:27b_SQuAD,ad582ec3-ef52-49ee-8690-20619ff399ce,5b0fa12a-3dd7-45bb-9766-cc326314d9f1,18.253965499985497,0.0001046199059789,5.731352235714441e-06,13.260614466560002,32.6586132134568,20.0,6.21602074008686e-05,0.0001583490155679,9.58325122224374e-05,0.0003163417351912,0.0,Italy,ITA,lombardy,,,Windows-11-10.0.26200-SP0,3.13.13,3.2.6,32,13th Gen Intel(R) Core(TM) i9-13900HX,1,1 x NVIDIA GeForce RTX 4070 Laptop GPU,9.1922,45.4722,31.70067596435547,machine,0.0,15.5,47.3,14.992218494415283,N,1.0,0.0
2026-05-02T22:23:48,Q128_llama3.2_GSM8K,027d020b-7864-4a44-bc5a-b78b2b5c125b,5b0fa12a-3dd7-45bb-9766-cc326314d9f1,7.535424900008365,4.4959917693143645e-05,5.966474125844414e-06,12.8699429504,34.26854891107993,20.0,2.5146152175245074e-05,7.172394626800416e-05,3.90762899999067e-05,0.0001359463884431,0.0,Italy,ITA,lombardy,,,Windows-11-10.0.26200-SP0,3.13.13,3.2.6,32,13th Gen Intel(R) Core(TM) i9-13900HX,1,1 x NVIDIA GeForce RTX 4070 Laptop GPU,9.1922,45.4722,31.70067596435547,machine,0.0,25.0,32.18,10.194001770019533,N,1.0,0.0
2026-05-02T22:24:42,Q128_llama3.1_GSM8K,ce7d4833-66cf-4ae7-bda3-54bf7e19f518,5b0fa12a-3dd7-45bb-9766-cc326314d9f1,8.189457700005732,4.853787846513893e-05,5.926873334372916e-06,12.85001579154286,33.68368517580535,20.0,2.7440382395427275e-05,7.661700573799446e-05,4.270776666655567e-05,0.0001467651547999,0.0,Italy,ITA,lombardy,,,Windows-11-10.0.26200-SP0,3.13.13,3.2.6,32,13th Gen Intel(R) Core(TM) i9-13900HX,1,1 x NVIDIA GeForce RTX 4070 Laptop GPU,9.1922,45.4722,31.70067596435547,machine,16.666666666666668,28.33333333333333,22.15,7.01863161722819,N,1.0,0.0
2026-05-02T22:25:30,Q128_gemma2:27b_GSM8K,ff39aa01-b76d-4c34-bcb4-023e1feaa4df,5b0fa12a-3dd7-45bb-9766-cc326314d9f1,32.99673620000249,0.0001737842166557,5.26670927701389e-06,13.240008753920003,25.763876314736933,20.0,0.0001162567446378,0.00023432102079,0.0001748977655554,0.0005254755309832,0.0,Italy,ITA,lombardy,,,Windows-11-10.0.26200-SP0,3.13.13,3.2.6,32,13th Gen Intel(R) Core(TM) i9-13900HX,1,1 x NVIDIA GeForce RTX 4070 Laptop GPU,9.1922,45.4722,31.70067596435547,machine,0.6903225806451613,18.516129032258064,49.93870967741936,15.836705853862147,N,1.0,0.0
2026-05-02T22:26:23,Q129_llama3.2_GSM8K,7dffa170-8fb4-4860-a436-c29c2f38560c,5b0fa12a-3dd7-45bb-9766-cc326314d9f1,6.863433500053361,4.009705779212024e-05,5.842128111506944e-06,12.8724217664,33.1300729632164,20.0,2.2746372714915187e-05,6.315588385799598e-05,3.534018500003084e-05,0.0001212424415729,0.0,Italy,ITA,lombardy,,,Windows-11-10.0.26200-SP0,3.13.13,3.2.6,32,13th Gen Intel(R) Core(TM) i9-13900HX,1,1 x NVIDIA GeForce RTX 4070 Laptop GPU,9.1922,45.4722,31.70067596435547,machine,0.0,25.0,31.56,10.006810760498048,N,1.0,0.0
2026-05-02T22:26:47,Q129_llama3.1_GSM8K,c42f3ce4-f836-44a2-ac06-f23108761b97,5b0fa12a-3dd7-45bb-9766-cc326314d9f1,9.17557369999122,6.175584404426628e-05,6.730461338273091e-06,12.8658115136,42.21742879056969,20.0,3.099045701013078e-05,0.0001075681416099,4.817403777787048e-05,0.0001867326363979,0.0,Italy,ITA,lombardy,,,Windows-11-10.0.26200-SP0,3.13.13,3.2.6,32,13th Gen Intel(R) Core(TM) i9-13900HX,1,1 x NVIDIA GeForce RTX 4070 Laptop GPU,9.1922,45.4722,31.70067596435547,machine,0.0,36.71428571428572,22.27142857142857,7.064669472830636,N,1.0,0.0
2026-05-02T22:27:57,Q129_gemma2:27b_GSM8K,67f93ba8-4199-471a-94bc-78eb69877dc4,5b0fa12a-3dd7-45bb-9766-cc326314d9f1,44.30046009999933,0.0002392748858078,5.40118286057828e-06,13.657641614308574,25.99812331965516,20.0,0.0001618286035174,0.0003239297035879,0.0002377429411115,0.000723501248217,0.0,Italy,ITA,lombardy,,,Windows-11-10.0.26200-SP0,3.13.13,3.2.6,32,13th Gen Intel(R) Core(TM) i9-13900HX,1,1 x NVIDIA GeForce RTX 4070 Laptop GPU,9.1922,45.4722,31.70067596435547,machine,1.947619047619048,21.166666666666668,50.92380952380953,16.135527656191872,N,1.0,0.0
2026-05-02T22:29:02,Q130_llama3.2_HellaSwag,9e00acfc-6bc2-43cd-8a17-db21ec3692fa,5b0fa12a-3dd7-45bb-9766-cc326314d9f1,8.872393500001635,6.16477122893233e-05,6.948261738989816e-06,12.8549471744,44.64063294923682,20.0,2.989113945906297e-05,0.000110010088008,4.65044483332248e-05,0.0001864056758002,0.0,Italy,ITA,lombardy,,,Windows-11-10.0.26200-SP0,3.13.13,3.2.6,32,13th Gen Intel(R) Core(TM) i9-13900HX,1,1 x NVIDIA GeForce RTX 4070 Laptop GPU,9.1922,45.4722,31.70067596435547,machine,0.0,43.285714285714285,28.985714285714288,9.18520518711635,N,1.0,0.0
2026-05-02T22:29:24,Q130_llama3.1_HellaSwag,9911fc0c-712a-4f4a-83e2-e8e5f6c379b9,5b0fa12a-3dd7-45bb-9766-cc326314d9f1,7.22839499998372,4.27438041894742e-05,5.913318819678568e-06,12.870182220800002,33.83540341449366,20.0,2.4028612688456072e-05,6.787755430195941e-05,3.7339305555603154e-05,0.000129245472546,0.0,Italy,ITA,lombardy,,,Windows-11-10.0.26200-SP0,3.13.13,3.2.6,32,13th Gen Intel(R) Core(TM) i9-13900HX,1,1 x NVIDIA GeForce RTX 4070 Laptop GPU,9.1922,45.4722,31.70067596435547,machine,6.659999999999999,14.0,22.380000000000003,7.097303009033203,N,1.0,0.0
2026-05-02T22:30:09,Q130_gemma2:27b_HellaSwag,be7c7472-7179-4f4c-804d-9c0e83b5cf35,5b0fa12a-3dd7-45bb-9766-cc326314d9f1,20.019626799970865,0.0001106938806025,5.5292679383355175e-06,13.491256924160002,31.77132642827448,20.0,6.951520010848135e-05,0.00015958068322,0.0001056118755552,0.0003347077588837,0.0,Italy,ITA,lombardy,,,Windows-11-10.0.26200-SP0,3.13.13,3.2.6,32,13th Gen Intel(R) Core(TM) i9-13900HX,1,1 x NVIDIA GeForce RTX 4070 Laptop GPU,9.1922,45.4722,31.70067596435547,machine,5.555555555555555,14.38888888888889,48.077777777777776,15.2381223042806,N,1.0,0.0
2026-05-02T22:30:51,Q131_llama3.2_HellaSwag,9b4ad9e0-ef3b-4e1a-a95c-00dcf966a81d,5b0fa12a-3dd7-45bb-9766-cc326314d9f1,6.048663299996406,3.363133233269722e-05,5.560126372502368e-06,12.86728087808,30.387591872720936,20.0,1.982595391427393e-05,5.105059639598508e-05,3.081532111100387e-05,0.0001016918714212,0.0,Italy,ITA,lombardy,,,Windows-11-10.0.26200-SP0,3.13.13,3.2.6,32,13th Gen Intel(R) Core(TM) i9-13900HX,1,1 x NVIDIA GeForce RTX 4070 Laptop GPU,9.1922,45.4722,31.70067596435547,machine,0.0,4.5,33.425,10.590317726135254,N,1.0,0.0
2026-05-02T22:31:14,Q131_llama3.1_HellaSwag,1e672d8a-fbc6-458f-9582-d8b8259a2e99,5b0fa12a-3dd7-45bb-9766-cc326314d9f1,8.725989300000947,5.5711129254672655e-05,6.384505795195807e-06,12.857728304000002,38.563887640952025,20.0,2.935974718517088e-05,9.342757474195552e-05,4.566776444456385e-05,0.0001684550863716,0.0,Italy,ITA,lombardy,,,Windows-11-10.0.26200-SP0,3.13.13,3.2.6,32,13th Gen Intel(R) Core(TM) i9-13900HX,1,1 x NVIDIA GeForce RTX 4070 Laptop GPU,9.1922,45.4722,31.70067596435547,machine,0.0,46.142857142857146,22.328571428571426,7.075777871268136,N,1.0,0.0
2026-05-02T22:32:02,Q131_gemma2:27b_HellaSwag,b8abd537-69c4-4ce7-b562-fa1a40f7d307,5b0fa12a-3dd7-45bb-9766-cc326314d9f1,22.27954199997476,0.0001285485190252,5.76980078968556e-06,13.761363520914289,29.12824817687992,20.0,7.905051075370988e-05,0.0001915276532219,0.0001181170961108,0.0003886952600864,0.0,Italy,ITA,lombardy,,,Windows-11-10.0.26200-SP0,3.13.13,3.2.6,32,13th Gen Intel(R) Core(TM) i9-13900HX,1,1 x NVIDIA GeForce RTX 4070 Laptop GPU,9.1922,45.4722,31.70067596435547,machine,2.5,15.45,48.545,15.386585426330566,N,1.0,0.0
2026-05-02T22:32:45,Q132_llama3.2_MMLU,e67d6611-4de2-43bd-9c36-c66389f11df4,5b0fa12a-3dd7-45bb-9766-cc326314d9f1,7.920399099995848,5.336739589595052e-05,6.737968026886233e-06,12.888957193142858,42.54434158923485,20.0,2.656109003048956e-05,9.359313043000306e-05,4.1214062777645375e-05,0.0001613682832381,0.0,Italy,ITA,lombardy,,,Windows-11-10.0.26200-SP0,3.13.13,3.2.6,32,13th Gen Intel(R) Core(TM) i9-13900HX,1,1 x NVIDIA GeForce RTX 4070 Laptop GPU,9.1922,45.4722,31.70067596435547,machine,0.0,36.833333333333336,30.183333333333334,9.569588343302408,N,1.0,0.0
2026-05-02T22:33:07,Q132_llama3.1_MMLU,e7bbd8e1-2f3f-4a55-97c5-ab4ba0b408cc,5b0fa12a-3dd7-45bb-9766-cc326314d9f1,6.723780800006352,3.588293919343478e-05,5.336720553620796e-06,12.857451161600004,27.69241593514402,20.0,2.2220966400378352e-05,5.1715041371996895e-05,3.45641016665872e-05,0.0001085001094389,0.0,Italy,ITA,lombardy,,,Windows-11-10.0.26200-SP0,3.13.13,3.2.6,32,13th Gen Intel(R) Core(TM) i9-13900HX,1,1 x NVIDIA GeForce RTX 4070 Laptop GPU,9.1922,45.4722,31.70067596435547,machine,0.0,9.2,22.36,7.078690338134765,N,1.0,0.0
2026-05-02T22:33:42,Q132_gemma2:27b_MMLU,32f97e59-3b45-4180-9021-f679b4721eae,5b0fa12a-3dd7-45bb-9766-cc326314d9f1,19.88836879999144,0.000112218444322,5.642415697866356e-06,13.220996038400004,32.94415086907054,20.0,6.849863404831568e-05,0.0001659181882899,0.0001049007966664,0.0003393176190047,0.0,Italy,ITA,lombardy,,,Windows-11-10.0.26200-SP0,3.13.13,3.2.6,32,13th Gen Intel(R) Core(TM) i9-13900HX,1,1 x NVIDIA GeForce RTX 4070 Laptop GPU,9.1922,45.4722,31.70067596435547,machine,0.0,10.27777777777778,48.01111111111111,15.22163094414605,N,1.0,0.0
2026-05-02T22:34:26,Q133_llama3.2_MMLU,958a67f4-a080-469a-bd57-6b4cf7c0fcfd,5b0fa12a-3dd7-45bb-9766-cc326314d9f1,8.4128914999892,5.657411789911449e-05,6.724693632288865e-06,12.874273504914289,42.330203957602905,20.0,2.827619854463278e-05,9.886285686797058e-05,4.392547055548575e-05,0.000171064525968,0.0,Italy,ITA,lombardy,,,Windows-11-10.0.26200-SP0,3.13.13,3.2.6,32,13th Gen Intel(R) Core(TM) i9-13900HX,1,1 x NVIDIA GeForce RTX 4070 Laptop GPU,9.1922,45.4722,31.70067596435547,machine,0.0,33.0,30.450000000000003,9.645231246948242,N,1.0,0.0
2026-05-02T22:34:52,Q133_llama3.1_MMLU,6268f07f-1a08-4912-b922-73e12ee3730f,5b0fa12a-3dd7-45bb-9766-cc326314d9f1,11.315016700013077,8.320857330236285e-05,7.353817984401799e-06,12.86573538944,48.651973465500966,20.0,3.864096718047031e-05,0.00015289178898,6.0067015555493226e-05,0.0002515997717159,0.0,Italy,ITA,lombardy,,,Windows-11-10.0.26200-SP0,3.13.13,3.2.6,32,13th Gen Intel(R) Core(TM) i9-13900HX,1,1 x NVIDIA GeForce RTX 4070 Laptop GPU,9.1922,45.4722,31.70067596435547,machine,0.0,49.11111111111112,22.422222222222224,7.104152255588108,N,1.0,0.0
2026-05-02T22:35:54,Q133_gemma2:27b_MMLU,95233d1b-c81a-4ef4-afb2-158e05434784,5b0fa12a-3dd7-45bb-9766-cc326314d9f1,36.8245286999736,0.0002097879956852,5.696963493939197e-06,13.653592794697143,27.853986497772805,20.0,0.0001335456669495,0.0003046144103579,0.0001961809494442,0.0006343410267516,0.0,Italy,ITA,lombardy,,,Windows-11-10.0.26200-SP0,3.13.13,3.2.6,32,13th Gen Intel(R) Core(TM) i9-13900HX,1,1 x NVIDIA GeForce RTX 4070 Laptop GPU,9.1922,45.4722,31.70067596435547,machine,2.857142857142857,12.571428571428571,50.64571428571429,16.050547681535992,N,1.0,0.0
2026-05-02T22:36:49,Q134_llama3.2_HumanEval,df4174cd-5c11-4e45-91c5-95cf3898a4f4,5b0fa12a-3dd7-45bb-9766-cc326314d9f1,9.55123600002844,6.942977391451485e-05,7.269192585578256e-06,12.854486604800002,48.00467467571723,20.0,3.231231762237671e-05,0.0001273514907699,5.027267499988537e-05,0.0002099364833922,0.0,Italy,ITA,lombardy,,,Windows-11-10.0.26200-SP0,3.13.13,3.2.6,32,13th Gen Intel(R) Core(TM) i9-13900HX,1,1 x NVIDIA GeForce RTX 4070 Laptop GPU,9.1922,45.4722,31.70067596435547,machine,0.0,43.0,29.12857142857143,9.241641453334264,N,1.0,0.0
2026-05-02T22:37:28,Q134_llama3.1_HumanEval,a632400b-df97-4b80-ae78-cb62ee4e7ee9,5b0fa12a-3dd7-45bb-9766-cc326314d9f1,13.28610819997266,0.0001094466716731,8.237677281098515e-06,12.855774262400002,58.06121686977045,20.0,4.5651435058188464e-05,0.000214265171412,7.101993666664284e-05,0.0003309365431368,0.0,Italy,ITA,lombardy,,,Windows-11-10.0.26200-SP0,3.13.13,3.2.6,32,13th Gen Intel(R) Core(TM) i9-13900HX,1,1 x NVIDIA GeForce RTX 4070 Laptop GPU,9.1922,45.4722,31.70067596435547,machine,9.090909090909092,57.18181818181818,22.61818181818182,7.171367645263672,N,1.0,0.0
2026-05-02T22:38:39,Q134_gemma2:27b_HumanEval,543b5354-a306-4ee6-bbb9-3947cbe18ffb,5b0fa12a-3dd7-45bb-9766-cc326314d9f1,46.29085119999945,0.0002427077557862,5.243104187859255e-06,13.50076938144,24.47083130387636,20.0,0.0001677007783452,0.0003173952539159,0.0002487852677777,0.0007338813000389,0.0,Italy,ITA,lombardy,,,Windows-11-10.0.26200-SP0,3.13.13,3.2.6,32,13th Gen Intel(R) Core(TM) i9-13900HX,1,1 x NVIDIA GeForce RTX 4070 Laptop GPU,9.1922,45.4722,31.70067596435547,machine,0.5681818181818182,19.318181818181817,51.3340909090909,16.270743890242144,N,1.0,0.0
2026-05-02T22:39:41,Q135_llama3.2_SQuAD,c3055cc4-28f1-4d53-acfd-a8a670c284cf,5b0fa12a-3dd7-45bb-9766-cc326314d9f1,6.166994699975476,3.309693754658184e-05,5.366785469543772e-06,12.87085493504,28.237406260141366,20.0,2.025121087605224e-05,4.835753868598358e-05,3.146725944437397e-05,0.0001000760090064,0.0,Italy,ITA,lombardy,,,Windows-11-10.0.26200-SP0,3.13.13,3.2.6,32,13th Gen Intel(R) Core(TM) i9-13900HX,1,1 x NVIDIA GeForce RTX 4070 Laptop GPU,9.1922,45.4722,31.70067596435547,machine,0.0,8.5,33.75,10.697307586669922,N,1.0,0.0
2026-05-02T22:40:03,Q135_llama3.1_SQuAD,20fc94ae-69f3-4ef3-a08c-c644aab263b8,5b0fa12a-3dd7-45bb-9766-cc326314d9f1,6.646925200009719,3.809983726679796e-05,5.731949152480646e-06,12.8398480448,32.1316488879344,20.0,2.18825813805508e-05,5.9236158499981206e-05,3.408465777788984e-05,0.0001152033976584,0.0,Italy,ITA,lombardy,,,Windows-11-10.0.26200-SP0,3.13.13,3.2.6,32,13th Gen Intel(R) Core(TM) i9-13900HX,1,1 x NVIDIA GeForce RTX 4070 Laptop GPU,9.1922,45.4722,31.70067596435547,machine,0.0,28.6,22.72,7.203156280517578,N,1.0,0.0
2026-05-02T22:40:35,Q135_gemma2:27b_SQuAD,9a49ff9c-83ed-46d4-9f08-3d8cc800a130,5b0fa12a-3dd7-45bb-9766-cc326314d9f1,17.389935999992304,0.0001094326986935,6.292875298309485e-06,13.19511860096,40.81006116624072,20.0,5.888845625536601e-05,0.000180974033668,9.103180277775714e-05,0.0003308942927011,0.0,Italy,ITA,lombardy,,,Windows-11-10.0.26200-SP0,3.13.13,3.2.6,32,13th Gen Intel(R) Core(TM) i9-13900HX,1,1 x NVIDIA GeForce RTX 4070 Laptop GPU,9.1922,45.4722,31.70067596435547,machine,5.0,18.133333333333333,47.193333333333335,14.961070505777997,N,1.0,0.0
2026-05-02T22:41:08,Q136_llama3.2_MMLU,b7def362-df2b-4e0b-a273-df4a9f56ca95,5b0fa12a-3dd7-45bb-9766-cc326314d9f1,7.496102599950973,4.653724593948639e-05,6.208192233093336e-06,12.8537147264,36.95741850048659,20.0,2.4962378517603514e-05,7.691422819797178e-05,3.8839187222119005e-05,0.0001407157939376,0.0,Italy,ITA,lombardy,,,Windows-11-10.0.26200-SP0,3.13.13,3.2.6,32,13th Gen Intel(R) Core(TM) i9-13900HX,1,1 x NVIDIA GeForce RTX 4070 Laptop GPU,9.1922,45.4722,31.70067596435547,machine,0.0,26.2,31.42,9.96051483154297,N,1.0,0.0
2026-05-02T22:41:50,Q136_llama3.1_MMLU,f56246e1-c3d8-4ab7-8c55-91f3ea718944,5b0fa12a-3dd7-45bb-9766-cc326314d9f1,6.821960700035561,3.697111552564846e-05,5.419426635725964e-06,12.852684992,28.624475128574087,20.0,2.253824669316583e-05,5.418143223398508e-05,3.507077555566664e-05,0.0001117904544828,0.0,Italy,ITA,lombardy,,,Windows-11-10.0.26200-SP0,3.13.13,3.2.6,32,13th Gen Intel(R) Core(TM) i9-13900HX,1,1 x NVIDIA GeForce RTX 4070 Laptop GPU,9.1922,45.4722,31.70067596435547,machine,0.0,7.6,22.84,7.246250152587891,N,1.0,0.0
2026-05-02T22:42:22,Q136_gemma2:27b_MMLU,e2cbce2b-8606-4047-b713-55f112d4c24d,5b0fa12a-3dd7-45bb-9766-cc326314d9f1,17.361246199987363,0.0001018781779873,5.8681373913929415e-06,13.22630976896,32.3324688202307,20.0,5.881617160314839e-05,0.00015837234892,9.086298555549648e-05,0.0003080515060786,0.0,Italy,ITA,lombardy,,,Windows-11-10.0.26200-SP0,3.13.13,3.2.6,32,13th Gen Intel(R) Core(TM) i9-13900HX,1,1 x NVIDIA GeForce RTX 4070 Laptop GPU,9.1922,45.4722,31.70067596435547,machine,6.666666666666667,12.6,47.36666666666667,15.018132527669271,N,1.0,0.0
2026-05-02T22:42:55,Q137_llama3.2_SQuAD,a88e4c64-0ff0-4c45-861a-0d6ef2755edd,5b0fa12a-3dd7-45bb-9766-cc326314d9f1,6.8985814999905415,3.907596064150193e-05,5.6643471765254215e-06,12.8523856256,31.197889859452395,20.0,2.2837999868976465e-05,5.977865893400103e-05,3.553826666676388e-05,0.0001181549254697,0.0,Italy,ITA,lombardy,,,Windows-11-10.0.26200-SP0,3.13.13,3.2.6,32,13th Gen Intel(R) Core(TM) i9-13900HX,1,1 x NVIDIA GeForce RTX 4070 Laptop GPU,9.1922,45.4722,31.70067596435547,machine,10.0,24.2,31.24,9.907072448730467,N,1.0,0.0
2026-05-02T22:43:27,Q137_llama3.1_SQuAD,f16608f5-b0ae-4ffb-b370-6c7573c4d4b0,5b0fa12a-3dd7-45bb-9766-cc326314d9f1,7.736667399993166,4.518518449307722e-05,5.84039382294205e-06,12.865956295314287,32.90120291349557,20.0,2.5831596590448183e-05,7.064200095799333e-05,4.015393555552388e-05,0.0001366275331039,0.0,Italy,ITA,lombardy,,,Windows-11-10.0.26200-SP0,3.13.13,3.2.6,32,13th Gen Intel(R) Core(TM) i9-13900HX,1,1 x NVIDIA GeForce RTX 4070 Laptop GPU,9.1922,45.4722,31.70067596435547,machine,0.0,25.5,22.683333333333334,7.195639292399089,N,1.0,0.0
2026-05-02T22:44:02,Q137_gemma2:27b_SQuAD,245b71b8-8a4b-4685-9f9a-4f2cf10313c3,5b0fa12a-3dd7-45bb-9766-cc326314d9f1,19.10221919999458,0.0001013042872611,5.303273206141822e-06,13.277545814720003,28.84135690964348,20.0,6.520699914305034e-05,0.000140588723582,0.0001005204961114,0.0003063162188365,0.0,Italy,ITA,lombardy,,,Windows-11-10.0.26200-SP0,3.13.13,3.2.6,32,13th Gen Intel(R) Core(TM) i9-13900HX,1,1 x NVIDIA GeForce RTX 4070 Laptop GPU,9.1922,45.4722,31.70067596435547,machine,0.0,12.176470588235292,47.96470588235294,15.205651675953584,N,1.0,0.0
2026-05-02T22:44:33,Q138_llama3.2_HellaSwag,c198c58d-344c-4919-a563-3786240b14e7,5b0fa12a-3dd7-45bb-9766-cc326314d9f1,6.263862199964933,3.2529512103620854e-05,5.193203660164006e-06,12.87833037824,26.338067896877643,20.0,2.0593781035587765e-05,4.578531440599387e-05,3.198117555552421e-05,9.836027099710585e-05,0.0,Italy,ITA,lombardy,,,Windows-11-10.0.26200-SP0,3.13.13,3.2.6,32,13th Gen Intel(R) Core(TM) i9-13900HX,1,1 x NVIDIA GeForce RTX 4070 Laptop GPU,9.1922,45.4722,31.70067596435547,machine,0.0,4.25,34.1,10.807518005371094,N,1.0,0.0
2026-05-02T22:44:56,Q138_llama3.1_HellaSwag,73fc287a-9238-438b-b13b-d1e95f813e51,5b0fa12a-3dd7-45bb-9766-cc326314d9f1,7.30850859999191,3.860345911605551e-05,5.281988601080423e-06,12.849911321600002,26.906389777490407,20.0,2.4295445840500044e-05,5.461754369395777e-05,3.781322166679375e-05,0.0001167262112012,0.0,Italy,ITA,lombardy,,,Windows-11-10.0.26200-SP0,3.13.13,3.2.6,32,13th Gen Intel(R) Core(TM) i9-13900HX,1,1 x NVIDIA GeForce RTX 4070 Laptop GPU,9.1922,45.4722,31.70067596435547,machine,0.0,13.2,22.64,7.176480865478515,N,1.0,0.0
2026-05-02T22:45:30,Q138_gemma2:27b_HellaSwag,89f3ab89-a0a0-4a61-b9ef-4b40b64768dc,5b0fa12a-3dd7-45bb-9766-cc326314d9f1,19.5282911999966,0.0001187795196153,6.082432835461128e-06,13.31383018784,32.73877887025119,20.0,6.705988605598186e-05,0.0001892020958059,0.0001028945188888,0.0003591565007508,0.0,Italy,ITA,lombardy,,,Windows-11-10.0.26200-SP0,3.13.13,3.2.6,32,13th Gen Intel(R) Core(TM) i9-13900HX,1,1 x NVIDIA GeForce RTX 4070 Laptop GPU,9.1922,45.4722,31.70067596435547,machine,1.9588235294117649,14.941176470588236,48.05294117647059,15.233303518856273,N,1.0,0.0
2026-05-02T22:46:14,Q139_llama3.2_HellaSwag,80ddcc65-9f9f-4775-bc23-be965729a0e1,5b0fa12a-3dd7-45bb-9766-cc326314d9f1,8.322192699997686,5.5065169031350097e-05,6.616665945666628e-06,12.868204736,41.14275428383018,20.0,2.7954166991666067e-05,9.510202052603887e-05,4.344569333350389e-05,0.0001665018808512,0.0,Italy,ITA,lombardy,,,Windows-11-10.0.26200-SP0,3.13.13,3.2.6,32,13th Gen Intel(R) Core(TM) i9-13900HX,1,1 x NVIDIA GeForce RTX 4070 Laptop GPU,9.1922,45.4722,31.70067596435547,machine,0.0,35.0,29.933333333333334,9.491416931152344,N,1.0,0.0
2026-05-02T22:46:38,Q139_llama3.1_HellaSwag,57feb3ec-e62b-4d49-a919-0b394b2c870c,5b0fa12a-3dd7-45bb-9766-cc326314d9f1,9.154726099979598,6.153988172465802e-05,6.722198026743276e-06,12.8651408192,42.14137061034568,20.0,3.0910099669262915e-05,0.0001071178634719,4.8051662777692806e-05,0.0001860796259189,0.0,Italy,ITA,lombardy,,,Windows-11-10.0.26200-SP0,3.13.13,3.2.6,32,13th Gen Intel(R) Core(TM) i9-13900HX,1,1 x NVIDIA GeForce RTX 4070 Laptop GPU,9.1922,45.4722,31.70067596435547,machine,0.0,48.142857142857146,22.714285714285715,7.2022536141531805,N,1.0,0.0
2026-05-02T22:47:11,Q139_gemma2:27b_HellaSwag,639687b0-e0be-4093-a3d6-9c7d765162a1,5b0fa12a-3dd7-45bb-9766-cc326314d9f1,17.831016000011005,0.0001053150728853,5.906285591647616e-06,13.1495550464,36.57906445904182,20.0,6.058980941822784e-05,0.000164383187062,9.347073166669968e-05,0.0003184437281469,0.0,Italy,ITA,lombardy,,,Windows-11-10.0.26200-SP0,3.13.13,3.2.6,32,13th Gen Intel(R) Core(TM) i9-13900HX,1,1 x NVIDIA GeForce RTX 4070 Laptop GPU,9.1922,45.4722,31.70067596435547,machine,1.5625,17.5625,47.76875,15.143604516983032,N,1.0,0.0
2026-05-02T22:47:47,Q140_llama3.2_HumanEval,f3865cc6-cd5f-4067-9213-cffe6a261fe5,5b0fa12a-3dd7-45bb-9766-cc326314d9f1,11.001997500017753,8.244623823215482e-05,7.493751769351138e-06,12.84766482944,50.224352535217655,20.0,3.747482964170603e-05,0.0001534834561199,5.8336395000029984e-05,0.0002492946807617,0.0,Italy,ITA,lombardy,,,Windows-11-10.0.26200-SP0,3.13.13,3.2.6,32,13th Gen Intel(R) Core(TM) i9-13900HX,1,1 x NVIDIA GeForce RTX 4070 Laptop GPU,9.1922,45.4722,31.70067596435547,machine,5.555555555555555,56.888888888888886,27.41111111111111,8.682503594292534,N,1.0,0.0
2026-05-02T22:48:46,Q140_llama3.1_HumanEval,08beae10-7063-460a-9b63-d0fb24b45c4b,5b0fa12a-3dd7-45bb-9766-cc326314d9f1,13.817597699991891,0.000110341482216,7.985576408560189e-06,12.860377870769232,55.26461111374882,20.0,4.7566901472137584e-05,0.0002121018363479,7.397346555565795e-05,0.0003336422033757,0.0,Italy,ITA,lombardy,,,Windows-11-10.0.26200-SP0,3.13.13,3.2.6,32,13th Gen Intel(R) Core(TM) i9-13900HX,1,1 x NVIDIA GeForce RTX 4070 Laptop GPU,9.1922,45.4722,31.70067596435547,machine,0.0,60.583333333333336,22.641666666666666,7.182849248250325,N,1.0,0.0
2026-05-02T22:50:17,Q140_gemma2:27b_HumanEval,919e5423-09ce-4f62-9a5a-bfe3ae02dabf,5b0fa12a-3dd7-45bb-9766-cc326314d9f1,65.63247080001747,0.0003394762890817,5.172383196057099e-06,13.582893714944,23.555813890684835,20.0,0.0002382739033418,0.000437637016776,0.0003505717300001,0.0010264826501179,0.0,Italy,ITA,lombardy,,,Windows-11-10.0.26200-SP0,3.13.13,3.2.6,32,13th Gen Intel(R) Core(TM) i9-13900HX,1,1 x NVIDIA GeForce RTX 4070 Laptop GPU,9.1922,45.4722,31.70067596435547,machine,3.015873015873016,29.714285714285715,51.86190476190476,16.442622896224734,N,1.0,0.0
2026-05-02T22:51:31,Q141_llama3.2_GSM8K,56330373-1fd7-46dd-a2d5-94dfb99fd7ba,5b0fa12a-3dd7-45bb-9766-cc326314d9f1,7.391029699996579,4.703197078132263e-05,6.363385440237697e-06,12.874565792000002,38.63404085219527,20.0,2.4635759161462003e-05,7.93064523340048e-05,3.8269493888947184e-05,0.0001422117053844,0.0,Italy,ITA,lombardy,,,Windows-11-10.0.26200-SP0,3.13.13,3.2.6,32,13th Gen Intel(R) Core(TM) i9-13900HX,1,1 x NVIDIA GeForce RTX 4070 Laptop GPU,9.1922,45.4722,31.70067596435547,machine,0.0,23.4,30.74,9.742919158935546,N,1.0,0.0
2026-05-02T22:51:57,Q141_llama3.1_GSM8K,4f351347-b842-4e9f-8d74-d787e8b02ab1,5b0fa12a-3dd7-45bb-9766-cc326314d9f1,11.01439590001246,8.089588997470612e-05,7.344559856851941e-06,12.86900602112,48.590695256265896,20.0,3.757540029117014e-05,0.000148635674464,5.839578055569696e-05,0.0002446068553108,0.0,Italy,ITA,lombardy,,,Windows-11-10.0.26200-SP0,3.13.13,3.2.6,32,13th Gen Intel(R) Core(TM) i9-13900HX,1,1 x NVIDIA GeForce RTX 4070 Laptop GPU,9.1922,45.4722,31.70067596435547,machine,0.0,51.55555555555556,22.966666666666665,7.27680418226454,N,1.0,0.0
2026-05-02T22:52:55,Q141_gemma2:27b_GSM8K,1d87149b-72d9-4cbb-9b85-e4c77f30fb71,5b0fa12a-3dd7-45bb-9766-cc326314d9f1,33.24854419997428,0.00018398736665,5.533696920487694e-06,13.626220738720004,27.842251289379583,20.0,0.0001196253435871,0.000260417986112,0.000176283712222,0.0005563270419212,0.0,Italy,ITA,lombardy,,,Windows-11-10.0.26200-SP0,3.13.13,3.2.6,32,13th Gen Intel(R) Core(TM) i9-13900HX,1,1 x NVIDIA GeForce RTX 4070 Laptop GPU,9.1922,45.4722,31.70067596435547,machine,4.006451612903226,17.741935483870968,50.09354838709677,15.880223428049396,N,1.0,0.0
2026-05-02T22:53:50,Q142_llama3.2_HumanEval,54747b13-5f42-4c38-9761-ca5c7900bc9b,5b0fa12a-3dd7-45bb-9766-cc326314d9f1,9.398788100050297,6.753309864257323e-05,7.185298564419367e-06,12.8618784272,47.11533943122583,20.0,3.1784837748434106e-05,0.00012299315395,4.94234688890477e-05,0.0002042014605874,0.0,Italy,ITA,lombardy,,,Windows-11-10.0.26200-SP0,3.13.13,3.2.6,32,13th Gen Intel(R) Core(TM) i9-13900HX,1,1 x NVIDIA GeForce RTX 4070 Laptop GPU,9.1922,45.4722,31.70067596435547,machine,0.0,43.42857142857143,28.357142857142858,8.990059443882533,N,1.0,0.0
2026-05-02T22:54:28,Q142_llama3.1_HumanEval,2d2838b5-54ee-4602-860f-68f92b094fac,5b0fa12a-3dd7-45bb-9766-cc326314d9f1,12.45674880000297,9.581132180212456e-05,7.691519138774134e-06,12.85957494690909,52.19617494898632,20.0,4.2702119327811736e-05,0.000180592922252,6.641196500018447e-05,0.00028970700658,0.0,Italy,ITA,lombardy,,,Windows-11-10.0.26200-SP0,3.13.13,3.2.6,32,13th Gen Intel(R) Core(TM) i9-13900HX,1,1 x NVIDIA GeForce RTX 4070 Laptop GPU,9.1922,45.4722,31.70067596435547,machine,0.0,62.6,22.04,6.983974456787109,N,1.0,0.0
2026-05-02T22:55:46,Q142_gemma2:27b_HumanEval,cc373cba-7542-4b44-88bb-3e8c9e2c9562,5b0fa12a-3dd7-45bb-9766-cc326314d9f1,53.31500900001265,0.0002771666151776,5.19866019674875e-06,13.48739155664,24.03128975307125,20.0,0.0001920558328218,0.0003610608444039,0.0002849587077779,0.0008380753850037,0.0,Italy,ITA,lombardy,,,Windows-11-10.0.26200-SP0,3.13.13,3.2.6,32,13th Gen Intel(R) Core(TM) i9-13900HX,1,1 x NVIDIA GeForce RTX 4070 Laptop GPU,9.1922,45.4722,31.70067596435547,machine,0.0,22.19607843137255,51.017647058823535,16.170000936470778,N,1.0,0.0
2026-05-02T22:56:49,Q143_llama3.2_MMLU,8fd6d71c-e244-4307-8e98-2ffb34bea6a5,5b0fa12a-3dd7-45bb-9766-cc326314d9f1,6.859670799982268,4.278412484929446e-05,6.237052199269541e-06,12.883729529600004,37.42615621689677,20.0,2.275132572559768e-05,7.129950148399011e-05,3.531656388885393e-05,0.0001293673910984,0.0,Italy,ITA,lombardy,,,Windows-11-10.0.26200-SP0,3.13.13,3.2.6,32,13th Gen Intel(R) Core(TM) i9-13900HX,1,1 x NVIDIA GeForce RTX 4070 Laptop GPU,9.1922,45.4722,31.70067596435547,machine,0.0,22.2,30.82,9.767144012451173,N,1.0,0.0
2026-05-02T22:57:14,Q143_llama3.1_MMLU,d8d5a894-08b3-4e37-8474-b25cde61e9ca,5b0fa12a-3dd7-45bb-9766-cc326314d9f1,9.345323599991389,6.192204286520637e-05,6.625992369623609e-06,12.849686811200002,41.04780941329369,20.0,3.1562699991686895e-05,0.0001065473074599,4.9125168333153455e-05,0.0001872351757848,0.0,Italy,ITA,lombardy,,,Windows-11-10.0.26200-SP0,3.13.13,3.2.6,32,13th Gen Intel(R) Core(TM) i9-13900HX,1,1 x NVIDIA GeForce RTX 4070 Laptop GPU,9.1922,45.4722,31.70067596435547,machine,0.0,48.57142857142857,21.985714285714288,6.966376168387277,N,1.0,0.0
2026-05-02T22:58:01,Q143_gemma2:27b_MMLU,9b207b79-197f-413e-ac3b-183058c6cf73,5b0fa12a-3dd7-45bb-9766-cc326314d9f1,22.551696100039408,0.0001282947530579,5.68891814118155e-06,13.489757263177143,27.8537428953674,20.0,7.924834450574968e-05,0.000188985428966,0.0001196941683334,0.0003879279418051,0.0,Italy,ITA,lombardy,,,Windows-11-10.0.26200-SP0,3.13.13,3.2.6,32,13th Gen Intel(R) Core(TM) i9-13900HX,1,1 x NVIDIA GeForce RTX 4070 Laptop GPU,9.1922,45.4722,31.70067596435547,machine,5.0,15.25,48.22,15.285437202453611,N,1.0,0.0
2026-05-02T22:58:44,Q144_llama3.2_GSM8K,83a65ab0-bac5-49df-87e2-17cef1008b55,5b0fa12a-3dd7-45bb-9766-cc326314d9f1,7.019663200015202,3.9660482045094206e-05,5.64991238397425e-06,12.8784372224,30.97982456831565,20.0,2.3315679739801e-05,6.039893720799494e-05,3.6207740000099874e-05,0.0001199223569478,0.0,Italy,ITA,lombardy,,,Windows-11-10.0.26200-SP0,3.13.13,3.2.6,32,13th Gen Intel(R) Core(TM) i9-13900HX,1,1 x NVIDIA GeForce RTX 4070 Laptop GPU,9.1922,45.4722,31.70067596435547,machine,0.0,25.2,30.860000000000003,9.7799560546875,N,1.0,0.0
2026-05-02T22:59:07,Q144_llama3.1_GSM8K,2eaf8a49-6bfa-43c0-970f-97e356d7e58e,5b0fa12a-3dd7-45bb-9766-cc326314d9f1,8.670518699975219,5.692582184093111e-05,6.565445945130573e-06,12.8753932448,40.50060072997208,20.0,2.921385919411696e-05,9.753563358400053e-05,4.537848888883471e-05,0.0001721279816669,0.0,Italy,ITA,lombardy,,,Windows-11-10.0.26200-SP0,3.13.13,3.2.6,32,13th Gen Intel(R) Core(TM) i9-13900HX,1,1 x NVIDIA GeForce RTX 4070 Laptop GPU,9.1922,45.4722,31.70067596435547,machine,0.0,36.85714285714285,22.042857142857144,6.989173344203404,N,1.0,0.0
2026-05-02T23:00:06,Q144_gemma2:27b_GSM8K,2e223e05-feca-41c6-b022-7ce73a35c697,5b0fa12a-3dd7-45bb-9766-cc326314d9f1,33.17695450002793,0.0001785210642412,5.380875578591796e-06,13.511562512480005,25.88578760520898,20.0,0.0001190983672083,0.0002447893624979,0.0001759107216668,0.0005397984513732,0.0,Italy,ITA,lombardy,,,Windows-11-10.0.26200-SP0,3.13.13,3.2.6,32,13th Gen Intel(R) Core(TM) i9-13900HX,1,1 x NVIDIA GeForce RTX 4070 Laptop GPU,9.1922,45.4722,31.70067596435547,machine,0.0,20.93548387096774,49.93870967741936,15.825035956598096,N,1.0,0.0
2026-05-02T23:01:00,Q145_llama3.2_GSM8K,d7b94e9f-d9c3-4db8-8261-be115cfa4f40,5b0fa12a-3dd7-45bb-9766-cc326314d9f1,8.331442299997434,5.3430695571406505e-05,6.413138763671563e-06,12.875855019885716,38.95365560763178,20.0,2.798859191664595e-05,9.009757207795176e-05,4.347352000024532e-05,0.0001615596839948,0.0,Italy,ITA,lombardy,,,Windows-11-10.0.26200-SP0,3.13.13,3.2.6,32,13th Gen Intel(R) Core(TM) i9-13900HX,1,1 x NVIDIA GeForce RTX 4070 Laptop GPU,9.1922,45.4722,31.70067596435547,machine,0.0,35.166666666666664,29.883333333333336,9.469841003417969,N,1.0,0.0
2026-05-02T23:01:25,Q145_llama3.1_GSM8K,d6dfb3e1-8615-444e-aead-bb4bd62b4a7d,5b0fa12a-3dd7-45bb-9766-cc326314d9f1,9.296699400001671,6.6251060305371e-05,7.126299071836085e-06,12.8733213008,46.51790688218424,20.0,3.143182204828452e-05,0.0001200614849379,4.8831623333131165e-05,0.0002003249303193,0.0,Italy,ITA,lombardy,,,Windows-11-10.0.26200-SP0,3.13.13,3.2.6,32,13th Gen Intel(R) Core(TM) i9-13900HX,1,1 x NVIDIA GeForce RTX 4070 Laptop GPU,9.1922,45.4722,31.70067596435547,machine,14.285714285714286,48.71428571428572,22.185714285714287,7.035045623779297,N,1.0,0.0
2026-05-02T23:02:25,Q145_gemma2:27b_GSM8K,ca3a9300-77f8-41f9-b49d-ca9505e83b7b,5b0fa12a-3dd7-45bb-9766-cc326314d9f1,34.968141499964986,0.0001828243092486,5.228310725315782e-06,13.28845534912,24.852850318783545,20.0,0.0001234037890312,0.000243520194816,0.0001858862933334,0.0005528102771806,0.0,Italy,ITA,lombardy,,,Windows-11-10.0.26200-SP0,3.13.13,3.2.6,32,13th Gen Intel(R) Core(TM) i9-13900HX,1,1 x NVIDIA GeForce RTX 4070 Laptop GPU,9.1922,45.4722,31.70067596435547,machine,0.0,19.545454545454547,50.11515151515152,15.883186109138258,N,1.0,0.0
2026-05-02T23:03:19,Q146_llama3.2_GSM8K,d98c1c5d-7fbf-464d-939d-efb75fb5a229,5b0fa12a-3dd7-45bb-9766-cc326314d9f1,8.421344399976078,5.625629799392609e-05,6.680203934431881e-06,12.870757683200004,41.84556458294586,20.0,2.829939576254861e-05,9.783035604199464e-05,4.39737744441825e-05,0.0001701035262487,0.0,Italy,ITA,lombardy,,,Windows-11-10.0.26200-SP0,3.13.13,3.2.6,32,13th Gen Intel(R) Core(TM) i9-13900HX,1,1 x NVIDIA GeForce RTX 4070 Laptop GPU,9.1922,45.4722,31.70067596435547,machine,0.0,35.166666666666664,29.73333333333333,9.425312042236328,N,1.0,0.0
2026-05-02T23:03:57,Q146_llama3.1_GSM8K,bf671c4e-2998-4330-a1e5-abb96d5328ea,5b0fa12a-3dd7-45bb-9766-cc326314d9f1,12.054864200006705,9.34274647977491e-05,7.750188077415018e-06,12.865949057163636,52.88426564550852,20.0,4.1281607306419095e-05,0.000177046808304,6.417046500007725e-05,0.0002824988806105,0.0,Italy,ITA,lombardy,,,Windows-11-10.0.26200-SP0,3.13.13,3.2.6,32,13th Gen Intel(R) Core(TM) i9-13900HX,1,1 x NVIDIA GeForce RTX 4070 Laptop GPU,9.1922,45.4722,31.70067596435547,machine,0.0,63.1,22.12,7.014516067504883,N,1.0,0.0
2026-05-02T23:05:03,Q146_gemma2:27b_GSM8K,2ea2a93b-3dde-4683-8da7-699aa28bcfce,5b0fa12a-3dd7-45bb-9766-cc326314d9f1,41.25111250003101,0.0002224821363902,5.393360879419698e-06,13.369592453978184,25.6710312659306,20.0,0.0001474217300166,0.0003045482991939,0.000220754577222,0.0006727246064326,0.0,Italy,ITA,lombardy,,,Windows-11-10.0.26200-SP0,3.13.13,3.2.6,32,13th Gen Intel(R) Core(TM) i9-13900HX,1,1 x NVIDIA GeForce RTX 4070 Laptop GPU,9.1922,45.4722,31.70067596435547,machine,0.0,20.41025641025641,50.55641025641026,16.019148704333183,N,1.0,0.0
2026-05-02T23:06:08,Q147_llama3.2_HumanEval,7311d2fb-0693-4cbd-aa56-a5f783660d27,5b0fa12a-3dd7-45bb-9766-cc326314d9f1,8.860419499978889,6.114204495601956e-05,6.900581282428584e-06,12.8855724032,44.126329825472695,20.0,2.990621876881587e-05,0.000108553420176,4.641703833314952e-05,0.0001848766772779,0.0,Italy,ITA,lombardy,,,Windows-11-10.0.26200-SP0,3.13.13,3.2.6,32,13th Gen Intel(R) Core(TM) i9-13900HX,1,1 x NVIDIA GeForce RTX 4070 Laptop GPU,9.1922,45.4722,31.70067596435547,machine,17.142857142857142,46.42857142857143,29.15714285714285,9.242534637451172,N,1.0,0.0
2026-05-02T23:06:54,Q147_llama3.1_HumanEval,52d03eed-c432-4526-8fd8-53f8788ccfea,5b0fa12a-3dd7-45bb-9766-cc326314d9f1,11.078904299996791,8.126489558857369e-05,7.335102225641322e-06,12.863669864960002,48.47526895337986,20.0,3.779309937910046e-05,0.0001491706748919,5.8758852222106526e-05,0.0002457226264931,0.0,Italy,ITA,lombardy,,,Windows-11-10.0.26200-SP0,3.13.13,3.2.6,32,13th Gen Intel(R) Core(TM) i9-13900HX,1,1 x NVIDIA GeForce RTX 4070 Laptop GPU,9.1922,45.4722,31.70067596435547,machine,0.0,48.333333333333336,22.322222222222223,7.076393551296658,N,1.0,0.0
2026-05-02T23:07:54,Q147_gemma2:27b_HumanEval,5e975214-a654-45bf-b164-80c062bf482c,5b0fa12a-3dd7-45bb-9766-cc326314d9f1,34.78555299999425,0.000184972393924,5.317506205063787e-06,13.541500566560002,26.02269516122756,20.0,0.0001247623079225,0.000249681588634,0.000184861596111,0.0005593054926676,0.0,Italy,ITA,lombardy,,,Windows-11-10.0.26200-SP0,3.13.13,3.2.6,32,13th Gen Intel(R) Core(TM) i9-13900HX,1,1 x NVIDIA GeForce RTX 4070 Laptop GPU,9.1922,45.4722,31.70067596435547,machine,1.3272727272727272,20.0,50.15757575757576,15.908446456446791,N,1.0,0.0
2026-05-02T23:08:47,Q148_llama3.2_SQuAD,89b0b021-e2d6-48ff-b3fd-1b0e1b8e77e8,5b0fa12a-3dd7-45bb-9766-cc326314d9f1,6.96044970001094,4.17280288737262e-05,5.995019096777699e-06,12.8718760064,34.759497124905835,20.0,2.309370555537009e-05,6.719894264800574e-05,3.588140000000648e-05,0.0001261740482033,0.0,Italy,ITA,lombardy,,,Windows-11-10.0.26200-SP0,3.13.13,3.2.6,32,13th Gen Intel(R) Core(TM) i9-13900HX,1,1 x NVIDIA GeForce RTX 4070 Laptop GPU,9.1922,45.4722,31.70067596435547,machine,0.0,23.2,31.82,10.079996490478516,N,1.0,0.0
2026-05-02T23:09:10,Q148_llama3.1_SQuAD,b963388a-810d-492d-bc29-368d5742d606,5b0fa12a-3dd7-45bb-9766-cc326314d9f1,8.23980290000327,5.287354310670139e-05,6.416845614921252e-06,12.89175252114286,38.9854246622896,20.0,2.770131616725845e-05,8.919951580402263e-05,4.297417666659588e-05,0.0001598750086378,0.0,Italy,ITA,lombardy,,,Windows-11-10.0.26200-SP0,3.13.13,3.2.6,32,13th Gen Intel(R) Core(TM) i9-13900HX,1,1 x NVIDIA GeForce RTX 4070 Laptop GPU,9.1922,45.4722,31.70067596435547,machine,0.0,37.0,22.3,7.071499506632487,N,1.0,0.0
2026-05-02T23:09:58,Q148_gemma2:27b_SQuAD,d4eb90f8-7e3d-42c7-8559-c016b4444b3e,5b0fa12a-3dd7-45bb-9766-cc326314d9f1,22.36574899998959,0.0001238710632417,5.538426781135755e-06,13.533360781897144,26.699494183972888,20.0,7.873025183613089e-05,0.000177163197286,0.0001186584749996,0.0003745519241217,0.0,Italy,ITA,lombardy,,,Windows-11-10.0.26200-SP0,3.13.13,3.2.6,32,13th Gen Intel(R) Core(TM) i9-13900HX,1,1 x NVIDIA GeForce RTX 4070 Laptop GPU,9.1922,45.4722,31.70067596435547,machine,0.0,13.45,48.385000000000005,15.33529586791992,N,1.0,0.0
2026-05-02T23:10:40,Q149_llama3.2_SQuAD,99e6cc38-e5dd-499a-923e-0e4bcd035dec,5b0fa12a-3dd7-45bb-9766-cc326314d9f1,6.621873099997174,3.935573112760292e-05,5.943292861897296e-06,12.8866621952,34.30771132610191,20.0,2.1906137653074445e-05,6.309755047803622e-05,3.399718611100171e-05,0.0001190008742421,0.0,Italy,ITA,lombardy,,,Windows-11-10.0.26200-SP0,3.13.13,3.2.6,32,13th Gen Intel(R) Core(TM) i9-13900HX,1,1 x NVIDIA GeForce RTX 4070 Laptop GPU,9.1922,45.4722,31.70067596435547,machine,0.0,27.6,31.72,10.058235931396483,N,1.0,0.0
2026-05-02T23:11:02,Q149_llama3.1_SQuAD,e4035e3e-efc5-45b2-b2b2-f555fee66696,5b0fa12a-3dd7-45bb-9766-cc326314d9f1,7.308438700041734,4.305452079633515e-05,5.891069565390115e-06,12.8471999168,33.59750320144787,20.0,2.4266868226531934e-05,6.814144340200334e-05,3.777668222222322e-05,0.0001301849938507,0.0,Italy,ITA,lombardy,,,Windows-11-10.0.26200-SP0,3.13.13,3.2.6,32,13th Gen Intel(R) Core(TM) i9-13900HX,1,1 x NVIDIA GeForce RTX 4070 Laptop GPU,9.1922,45.4722,31.70067596435547,machine,0.0,28.4,22.26,7.064631652832031,N,1.0,0.0
2026-05-02T23:11:34,Q149_gemma2:27b_SQuAD,057c6678-d239-4257-8dac-8a3da94244ee,5b0fa12a-3dd7-45bb-9766-cc326314d9f1,16.834533000015654,0.0001452422161769,8.627635597424331e-06,12.92454195584,47.05446644778175,20.0,0.000116116323218,0.0001433790035919,0.0001796770683331,0.0004391723951431,0.0,Italy,ITA,lombardy,,,Windows-11-10.0.26200-SP0,3.13.13,3.2.6,32,13th Gen Intel(R) Core(TM) i9-13900HX,1,1 x NVIDIA GeForce RTX 4070 Laptop GPU,9.1922,45.4722,31.70067596435547,machine,0.0,13.333333333333334,46.766666666666666,14.825148518880209,N,1.0,0.0
2026-05-02T23:12:08,Q150_llama3.2_HumanEval,ec1dbc45-5c87-4893-9604-3610858cdc37,5b0fa12a-3dd7-45bb-9766-cc326314d9f1,9.251607099955436,6.742266245153793e-05,7.2876703175022096e-06,12.870292304,48.24522327670446,20.0,3.128191005249861e-05,0.0001239759325139,4.860968944429058e-05,0.0002038675320107,0.0,Italy,ITA,lombardy,,,Windows-11-10.0.26200-SP0,3.13.13,3.2.6,32,13th Gen Intel(R) Core(TM) i9-13900HX,1,1 x NVIDIA GeForce RTX 4070 Laptop GPU,9.1922,45.4722,31.70067596435547,machine,0.0,44.57142857142857,28.74285714285714,9.111156463623049,N,1.0,0.0
2026-05-02T23:12:58,Q150_llama3.1_HumanEval,9df6762c-8b9f-4c39-9a87-4261fef164b0,5b0fa12a-3dd7-45bb-9766-cc326314d9f1,14.207606200012378,0.0001157588726611,8.147669004303947e-06,12.862929550769232,56.9975441786353,20.0,4.896781325951656e-05,0.0002249182354899,7.613684888896791e-05,0.0003500228976384,0.0,Italy,ITA,lombardy,,,Windows-11-10.0.26200-SP0,3.13.13,3.2.6,32,13th Gen Intel(R) Core(TM) i9-13900HX,1,1 x NVIDIA GeForce RTX 4070 Laptop GPU,9.1922,45.4722,31.70067596435547,machine,3.333333333333333,68.25,22.35,7.078870137532552,N,1.0,0.0
2026-05-02T23:14:17,Q150_gemma2:27b_HumanEval,90c8f496-3e68-47b2-b343-4e0b1417ffe7,5b0fa12a-3dd7-45bb-9766-cc326314d9f1,43.80797189997975,0.0002350845889602,5.366251363951656e-06,13.618323254034287,25.45773770272182,20.0,0.0001597381985939,0.000316116364004,0.0002349763838887,0.0007108309464868,0.0,Italy,ITA,lombardy,,,Windows-11-10.0.26200-SP0,3.13.13,3.2.6,32,13th Gen Intel(R) Core(TM) i9-13900HX,1,1 x NVIDIA GeForce RTX 4070 Laptop GPU,9.1922,45.4722,31.70067596435547,machine,0.0,19.857142857142858,50.79285714285714,16.10120509919666,N,1.0,0.0
2026-05-02T23:15:10,Q151_llama3.2_SQuAD,a8ff76b9-b2f3-4608-ac36-db5d4c60bca5,5b0fa12a-3dd7-45bb-9766-cc326314d9f1,6.729571300034877,3.942651058005705e-05,5.858695721056216e-06,12.8715709568,33.35684950395613,20.0,2.226726856822708e-05,6.234921654602044e-05,3.4598406666838045e-05,0.000119214891781,0.0,Italy,ITA,lombardy,,,Windows-11-10.0.26200-SP0,3.13.13,3.2.6,32,13th Gen Intel(R) Core(TM) i9-13900HX,1,1 x NVIDIA GeForce RTX 4070 Laptop GPU,9.1922,45.4722,31.70067596435547,machine,0.0,23.4,31.76,10.063502502441406,N,1.0,0.0
2026-05-02T23:15:34,Q151_llama3.1_SQuAD,83684322-0e02-423f-a592-ff39ef0aed1f,5b0fa12a-3dd7-45bb-9766-cc326314d9f1,9.534808100026568,6.617083140658594e-05,6.939922724443879e-06,12.875961584,44.42969537594688,20.0,3.229431227110331e-05,0.000117626760768,5.016126722233214e-05,0.0002000823402614,0.0,Italy,ITA,lombardy,,,Windows-11-10.0.26200-SP0,3.13.13,3.2.6,32,13th Gen Intel(R) Core(TM) i9-13900HX,1,1 x NVIDIA GeForce RTX 4070 Laptop GPU,9.1922,45.4722,31.70067596435547,machine,0.0,50.0,22.47142857142857,7.127281733921596,N,1.0,0.0
2026-05-02T23:16:19,Q151_gemma2:27b_SQuAD,700ff2f5-76d7-4d1d-8dca-56e081c3c2d7,5b0fa12a-3dd7-45bb-9766-cc326314d9f1,19.037599299976137,0.0001046294677438,5.495938121985624e-06,13.200855998720002,31.649718562742507,20.0,6.494859854595941e-05,0.000151258176562,0.0001001638722224,0.0003163706473304,0.0,Italy,ITA,lombardy,,,Windows-11-10.0.26200-SP0,3.13.13,3.2.6,32,13th Gen Intel(R) Core(TM) i9-13900HX,1,1 x NVIDIA GeForce RTX 4070 Laptop GPU,9.1922,45.4722,31.70067596435547,machine,0.0,14.588235294117649,47.6764705882353,15.110694660859949,N,1.0,0.0
2026-05-02T23:17:02,Q152_llama3.2_GSM8K,e829e37b-5de1-4f52-b7c3-8fb5492ffb9b,5b0fa12a-3dd7-45bb-9766-cc326314d9f1,8.15947379998397,5.3190669007227225e-05,6.518884711331718e-06,12.880710123885716,40.10588741186868,20.0,2.739882327468013e-05,9.089368382603212e-05,4.254140277787681e-05,0.0001608339098785,0.0,Italy,ITA,lombardy,,,Windows-11-10.0.26200-SP0,3.13.13,3.2.6,32,13th Gen Intel(R) Core(TM) i9-13900HX,1,1 x NVIDIA GeForce RTX 4070 Laptop GPU,9.1922,45.4722,31.70067596435547,machine,0.0,39.5,30.016666666666666,9.51415761311849,N,1.0,0.0
2026-05-02T23:17:27,Q152_llama3.1_GSM8K,2c66e96f-2ece-4e6c-a0f6-aff3d63b6125,5b0fa12a-3dd7-45bb-9766-cc326314d9f1,10.186470999964513,7.376385209091312e-05,7.241354939426038e-06,12.8700542848,47.58398522898333,20.0,3.461977749822591e-05,0.0001346237188099,5.379804388891596e-05,0.0002230415401971,0.0,Italy,ITA,lombardy,,,Windows-11-10.0.26200-SP0,3.13.13,3.2.6,32,13th Gen Intel(R) Core(TM) i9-13900HX,1,1 x NVIDIA GeForce RTX 4070 Laptop GPU,9.1922,45.4722,31.70067596435547,machine,8.925,54.0,22.425,7.106076240539551,N,1.0,0.0
2026-05-02T23:18:31,Q152_gemma2:27b_GSM8K,cc839250-fc79-4579-8e4c-376394bced3c,5b0fa12a-3dd7-45bb-9766-cc326314d9f1,38.55458100000397,0.0002051263898856,5.32041548799718e-06,13.458228935520005,24.50914647321117,20.0,0.000138306952476,0.000276195776512,0.0002057428877781,0.0006202456167661,0.0,Italy,ITA,lombardy,,,Windows-11-10.0.26200-SP0,3.13.13,3.2.6,32,13th Gen Intel(R) Core(TM) i9-13900HX,1,1 x NVIDIA GeForce RTX 4070 Laptop GPU,9.1922,45.4722,31.70067596435547,machine,2.7777777777777777,16.61111111111111,50.54444444444445,16.02137629191081,N,1.0,0.0
2026-05-02T23:19:27,Q153_llama3.2_HumanEval,4d99b670-e144-4509-98d8-a498fec68341,5b0fa12a-3dd7-45bb-9766-cc326314d9f1,9.670519199979026,7.072519911023397e-05,7.313485206708174e-06,12.8629876992,48.473505232220205,20.0,3.2753388243200294e-05,0.0001301751041399,5.092499944439623e-05,0.0002138534918275,0.0,Italy,ITA,lombardy,,,Windows-11-10.0.26200-SP0,3.13.13,3.2.6,32,13th Gen Intel(R) Core(TM) i9-13900HX,1,1 x NVIDIA GeForce RTX 4070 Laptop GPU,9.1922,45.4722,31.70067596435547,machine,0.0,49.625,28.0625,8.897024154663086,N,1.0,0.0
2026-05-02T23:20:06,Q153_llama3.1_HumanEval,4a6aca65-4970-40a4-b524-a6a96062ab72,5b0fa12a-3dd7-45bb-9766-cc326314d9f1,14.244368899962865,0.0001160193803454,8.1449294918063e-06,12.860588970338462,56.96477001870617,20.0,4.909061070951071e-05,0.0002253782358579,7.634175444448678e-05,0.0003508106010119,0.0,Italy,ITA,lombardy,,,Windows-11-10.0.26200-SP0,3.13.13,3.2.6,32,13th Gen Intel(R) Core(TM) i9-13900HX,1,1 x NVIDIA GeForce RTX 4070 Laptop GPU,9.1922,45.4722,31.70067596435547,machine,0.0,68.58333333333333,22.416666666666668,7.105155944824219,N,1.0,0.0
2026-05-02T23:21:46,Q153_gemma2:27b_HumanEval,44444f46-311a-4fd7-9a62-65c48535c656,5b0fa12a-3dd7-45bb-9766-cc326314d9f1,64.03938539995579,0.0003338477931349,5.2131636031474825e-06,13.492592482592,24.826700505793667,20.0,0.0002315365526709,0.000436173682272,0.0003417533961111,0.0010094636310542,0.0,Italy,ITA,lombardy,,,Windows-11-10.0.26200-SP0,3.13.13,3.2.6,32,13th Gen Intel(R) Core(TM) i9-13900HX,1,1 x NVIDIA GeForce RTX 4070 Laptop GPU,9.1922,45.4722,31.70067596435547,machine,4.608064516129032,25.967741935483872,51.71290322580646,16.388980434786887,N,1.0,0.0
2026-05-02T23:22:58,Q154_llama3.2_SQuAD,ef0fa968-b97e-4c81-a757-a1b0a69a4a5e,5b0fa12a-3dd7-45bb-9766-cc326314d9f1,6.1897041000192985,3.211242527974473e-05,5.188038840119127e-06,12.886663232,26.25716496365504,20.0,2.036022271984369e-05,4.51408694459865e-05,3.159802333361262e-05,9.70991154994428e-05,0.0,Italy,ITA,lombardy,,,Windows-11-10.0.26200-SP0,3.13.13,3.2.6,32,13th Gen Intel(R) Core(TM) i9-13900HX,1,1 x NVIDIA GeForce RTX 4070 Laptop GPU,9.1922,45.4722,31.70067596435547,machine,0.0,8.25,33.65,10.657312393188477,N,1.0,0.0
2026-05-02T23:23:41,Q154_llama3.1_SQuAD,6bc1654b-fca4-4780-b798-860d1db5b411,5b0fa12a-3dd7-45bb-9766-cc326314d9f1,7.995564299984835,5.089482697964879e-05,6.365382738494807e-06,12.846241164800004,38.51048846890616,20.0,2.6739711834423924e-05,8.552256841798389e-05,4.162963666668576e-05,0.000153891916919,0.0,Italy,ITA,lombardy,,,Windows-11-10.0.26200-SP0,3.13.13,3.2.6,32,13th Gen Intel(R) Core(TM) i9-13900HX,1,1 x NVIDIA GeForce RTX 4070 Laptop GPU,9.1922,45.4722,31.70067596435547,machine,0.0,25.33333333333333,21.95,6.962027231852214,N,1.0,0.0
2026-05-02T23:24:13,Q154_gemma2:27b_SQuAD,a5b77782-ca51-4fc5-9c02-6252d1cf4d5c,5b0fa12a-3dd7-45bb-9766-cc326314d9f1,17.00017640000442,0.0001525845582412,8.975469115791734e-06,13.17553819136,47.52693540526387,20.0,0.0001190025165564,0.000161771240528,0.0001805998549997,0.0004613736120841,0.0,Italy,ITA,lombardy,,,Windows-11-10.0.26200-SP0,3.13.13,3.2.6,32,13th Gen Intel(R) Core(TM) i9-13900HX,1,1 x NVIDIA GeForce RTX 4070 Laptop GPU,9.1922,45.4722,31.70067596435547,machine,0.0,11.533333333333331,46.65333333333333,14.79169947306315,N,1.0,0.0
2026-05-02T23:24:46,Q155_llama3.2_HellaSwag,6bbce978-171f-4f55-ac21-86834f5942ac,5b0fa12a-3dd7-45bb-9766-cc326314d9f1,7.518584300007205,4.863622838522282e-05,6.468801365328338e-06,12.897216473600002,39.782445672145954,20.0,2.51144942026001e-05,8.300339973602022e-05,3.894464388884242e-05,0.0001470625378274,0.0,Italy,ITA,lombardy,,,Windows-11-10.0.26200-SP0,3.13.13,3.2.6,32,13th Gen Intel(R) Core(TM) i9-13900HX,1,1 x NVIDIA GeForce RTX 4070 Laptop GPU,9.1922,45.4722,31.70067596435547,machine,0.0,23.2,31.360000000000003,9.94399642944336,N,1.0,0.0
2026-05-02T23:25:09,Q155_llama3.1_HellaSwag,cf7769f3-4cac-463f-b2ef-de2742a8084e,5b0fa12a-3dd7-45bb-9766-cc326314d9f1,7.532334099989384,4.426208536028951e-05,5.8762774954913225e-06,12.866328224,33.29204882454169,20.0,2.5127328585633568e-05,6.965088905400152e-05,3.905811833327688e-05,0.0001338363359729,0.0,Italy,ITA,lombardy,,,Windows-11-10.0.26200-SP0,3.13.13,3.2.6,32,13th Gen Intel(R) Core(TM) i9-13900HX,1,1 x NVIDIA GeForce RTX 4070 Laptop GPU,9.1922,45.4722,31.70067596435547,machine,0.0,28.2,22.18,7.03454360961914,N,1.0,0.0
2026-05-02T23:25:44,Q155_gemma2:27b_HellaSwag,140fc2ed-923a-43ab-af7b-fb916b9ebd08,5b0fa12a-3dd7-45bb-9766-cc326314d9f1,20.280115199973807,0.0001045992411221,5.157724208700536e-06,13.2872898944,23.972848495341115,20.0,7.000458845356976e-05,0.0001391945557999,0.0001070801061112,0.0003162792503647,0.0,Italy,ITA,lombardy,,,Windows-11-10.0.26200-SP0,3.13.13,3.2.6,32,13th Gen Intel(R) Core(TM) i9-13900HX,1,1 x NVIDIA GeForce RTX 4070 Laptop GPU,9.1922,45.4722,31.70067596435547,machine,0.0,17.22222222222222,47.77222222222222,15.147615220811632,N,1.0,0.0
2026-05-02T23:26:31,Q156_llama3.2_HumanEval,a8aecbd1-ce32-4ce4-b033-d3723ea0d686,5b0fa12a-3dd7-45bb-9766-cc326314d9f1,11.207901999994649,8.70686127103586e-05,7.768502321879705e-06,12.866640734720002,53.17359724551355,20.0,3.826307140519652e-05,0.000165533187982,5.947520666652256e-05,0.0002632714660537,0.0,Italy,ITA,lombardy,,,Windows-11-10.0.26200-SP0,3.13.13,3.2.6,32,13th Gen Intel(R) Core(TM) i9-13900HX,1,1 x NVIDIA GeForce RTX 4070 Laptop GPU,9.1922,45.4722,31.70067596435547,machine,0.0,56.44444444444444,27.27777777777778,8.651371002197266,N,1.0,0.0
2026-05-02T23:27:33,Q156_llama3.1_HumanEval,192120d0-c116-47bb-9cad-c5e18b73556b,5b0fa12a-3dd7-45bb-9766-cc326314d9f1,17.38844519999111,0.0001470344133202,8.45586891922756e-06,12.827636990720002,64.20781415951389,20.0,5.846127270767023e-05,0.000295112180534,9.101805166671208e-05,0.0004445915049084,0.0,Italy,ITA,lombardy,,,Windows-11-10.0.26200-SP0,3.13.13,3.2.6,32,13th Gen Intel(R) Core(TM) i9-13900HX,1,1 x NVIDIA GeForce RTX 4070 Laptop GPU,9.1922,45.4722,31.70067596435547,machine,0.0,74.2,22.226666666666667,7.04572982788086,N,1.0,0.0
2026-05-02T23:29:34,Q156_gemma2:27b_HumanEval,e1e617fa-0f40-42e2-9c7f-6c236afd1b66,5b0fa12a-3dd7-45bb-9766-cc326314d9f1,85.6648423000006,0.0004469225302506,5.217105620593903e-06,13.7604739928,23.723762851190266,20.0,0.0003158605071295,0.000576401016676,0.000459108919444,0.0013513704432496,0.0,Italy,ITA,lombardy,,,Windows-11-10.0.26200-SP0,3.13.13,3.2.6,32,13th Gen Intel(R) Core(TM) i9-13900HX,1,1 x NVIDIA GeForce RTX 4070 Laptop GPU,9.1922,45.4722,31.70067596435547,machine,2.190361445783133,30.81927710843373,51.88313253012048,16.4400038661727,N,1.0,0.0
2026-05-02T23:30:49,Q157_llama3.2_HellaSwag,b4202065-9ad6-4e47-9fcf-585535851a0b,5b0fa12a-3dd7-45bb-9766-cc326314d9f1,8.16011380002601,5.2455548490471336e-05,6.428286391092258e-06,12.871958495085716,39.12856217694704,20.0,2.7381872278444588e-05,8.868507094800249e-05,4.254416500011252e-05,0.0001586111082265,0.0,Italy,ITA,lombardy,,,Windows-11-10.0.26200-SP0,3.13.13,3.2.6,32,13th Gen Intel(R) Core(TM) i9-13900HX,1,1 x NVIDIA GeForce RTX 4070 Laptop GPU,9.1922,45.4722,31.70067596435547,machine,0.0,40.16666666666666,30.316666666666663,9.606836954752604,N,1.0,0.0
2026-05-02T23:31:13,Q157_llama3.1_HellaSwag,87a0ac6d-123c-44eb-849f-502b8cd866d7,5b0fa12a-3dd7-45bb-9766-cc326314d9f1,9.44281440001214,6.616103173525344e-05,7.006494984712226e-06,12.8756705456,45.14237698717015,20.0,3.197938126101552e-05,0.00011840009472,4.967323277766506e-05,0.0002000527087586,0.0,Italy,ITA,lombardy,,,Windows-11-10.0.26200-SP0,3.13.13,3.2.6,32,13th Gen Intel(R) Core(TM) i9-13900HX,1,1 x NVIDIA GeForce RTX 4070 Laptop GPU,9.1922,45.4722,31.70067596435547,machine,0.0,34.285714285714285,22.285714285714285,7.063792637416294,N,1.0,0.0
2026-05-02T23:32:00,Q157_gemma2:27b_HellaSwag,10d45c63-508c-4505-b315-6a554914f315,5b0fa12a-3dd7-45bb-9766-cc326314d9f1,21.80682800000068,0.0001284458035039,5.890164470683135e-06,13.271145313280003,31.363313620180108,20.0,7.579982793405097e-05,0.000197049879862,0.0001155349688889,0.0003883846766849,0.0,Italy,ITA,lombardy,,,Windows-11-10.0.26200-SP0,3.13.13,3.2.6,32,13th Gen Intel(R) Core(TM) i9-13900HX,1,1 x NVIDIA GeForce RTX 4070 Laptop GPU,9.1922,45.4722,31.70067596435547,machine,0.0,18.85,48.57,15.394215393066409,N,1.0,0.0
2026-05-02T23:32:42,Q158_llama3.2_MMLU,c3344596-de35-43f6-8716-942c3f1331f1,5b0fa12a-3dd7-45bb-9766-cc326314d9f1,6.871738699963316,4.0510957448463005e-05,5.895299460190368e-06,12.8659761344,33.710631668117905,20.0,2.276527903793834e-05,6.434144036199241e-05,3.5387240555266745e-05,0.0001224939599551,0.0,Italy,ITA,lombardy,,,Windows-11-10.0.26200-SP0,3.13.13,3.2.6,32,13th Gen Intel(R) Core(TM) i9-13900HX,1,1 x NVIDIA GeForce RTX 4070 Laptop GPU,9.1922,45.4722,31.70067596435547,machine,0.0,23.0,31.22,9.885832214355467,N,1.0,0.0
2026-05-02T23:33:09,Q158_llama3.1_MMLU,057277b3-b5e4-47ff-a342-7d2714bd9c96,5b0fa12a-3dd7-45bb-9766-cc326314d9f1,11.469821999955457,8.508519974306112e-05,7.418179614591365e-06,12.867118780160002,49.326941613418605,20.0,3.919929277973298e-05,0.000157146514606,6.092836499996742e-05,0.0002572741723857,0.0,Italy,ITA,lombardy,,,Windows-11-10.0.26200-SP0,3.13.13,3.2.6,32,13th Gen Intel(R) Core(TM) i9-13900HX,1,1 x NVIDIA GeForce RTX 4070 Laptop GPU,9.1922,45.4722,31.70067596435547,machine,0.0,57.22222222222222,22.31111111111112,7.068805694580078,N,1.0,0.0
2026-05-02T23:33:51,Q158_gemma2:27b_MMLU,af31bdaf-42c2-417c-9a71-39cdb1f34799,5b0fa12a-3dd7-45bb-9766-cc326314d9f1,17.074544099974446,9.795323471053558e-05,5.736799421232113e-06,13.086535088000002,41.39873880861826,20.0,5.791242224187424e-05,0.000149019841438,8.925129666620503e-05,0.000296183560346,0.0,Italy,ITA,lombardy,,,Windows-11-10.0.26200-SP0,3.13.13,3.2.6,32,13th Gen Intel(R) Core(TM) i9-13900HX,1,1 x NVIDIA GeForce RTX 4070 Laptop GPU,9.1922,45.4722,31.70067596435547,machine,5.0,12.133333333333333,46.92666666666666,14.878621927897136,N,1.0,0.0
2026-05-02T23:34:28,Q159_llama3.2_HumanEval,d768f7b2-b5b5-4c97-ba25-5c871ea67f31,5b0fa12a-3dd7-45bb-9766-cc326314d9f1,11.067572300031316,8.252384451554377e-05,7.456363715402181e-06,12.85005119744,49.81392195545342,20.0,3.770984769567949e-05,0.0001531287336139,5.869075944453167e-05,0.0002495293407541,0.0,Italy,ITA,lombardy,,,Windows-11-10.0.26200-SP0,3.13.13,3.2.6,32,13th Gen Intel(R) Core(TM) i9-13900HX,1,1 x NVIDIA GeForce RTX 4070 Laptop GPU,9.1922,45.4722,31.70067596435547,machine,0.0,55.66666666666666,27.75555555555556,8.79873021443685,N,1.0,0.0
2026-05-02T23:35:10,Q159_llama3.1_HumanEval,41263232-0535-4bdb-aaca-1ca34e4e641c,5b0fa12a-3dd7-45bb-9766-cc326314d9f1,17.212115500005893,0.0001447078151686,8.407323037576709e-06,12.8308613408,67.41916060588666,20.0,5.785000716268253e-05,0.000289689398418,9.00171083333488e-05,0.000437556513914,0.0,Italy,ITA,lombardy,,,Windows-11-10.0.26200-SP0,3.13.13,3.2.6,32,13th Gen Intel(R) Core(TM) i9-13900HX,1,1 x NVIDIA GeForce RTX 4070 Laptop GPU,9.1922,45.4722,31.70067596435547,machine,0.0,68.86666666666666,22.26,7.055049896240234,N,1.0,0.0
2026-05-02T23:36:48,Q159_gemma2:27b_HumanEval,665a5ebc-53e1-41cf-8760-1c08e7b8641b,5b0fa12a-3dd7-45bb-9766-cc326314d9f1,62.894974099996034,0.0003228439659091,5.133064613331858e-06,13.537589918816002,22.47493047651009,20.0,0.0002286196149947,0.0004121444963819,0.0003354269816666,0.0009761910930433,0.0,Italy,ITA,lombardy,,,Windows-11-10.0.26200-SP0,3.13.13,3.2.6,32,13th Gen Intel(R) Core(TM) i9-13900HX,1,1 x NVIDIA GeForce RTX 4070 Laptop GPU,9.1922,45.4722,31.70067596435547,machine,3.278688524590164,19.868852459016395,51.39672131147541,16.294976343874072,N,1.0,0.0
2026-05-02T23:37:50,Q160_llama3.2_MMLU,2ffa1db5-e15a-4743-8e5e-94e32d8c370e,5b0fa12a-3dd7-45bb-9766-cc326314d9f1,6.660834899987094,3.889812870448022e-05,5.839827782633613e-06,12.8603348672,33.18655386804382,20.0,2.200268440874469e-05,6.139754911799189e-05,3.421697722224053e-05,0.0001176172107489,0.0,Italy,ITA,lombardy,,,Windows-11-10.0.26200-SP0,3.13.13,3.2.6,32,13th Gen Intel(R) Core(TM) i9-13900HX,1,1 x NVIDIA GeForce RTX 4070 Laptop GPU,9.1922,45.4722,31.70067596435547,machine,0.0,4.6,31.24,9.90511703491211,N,1.0,0.0
2026-05-02T23:38:15,Q160_llama3.1_MMLU,ba7164ef-9118-4b0b-858e-72744ab6a7b8,5b0fa12a-3dd7-45bb-9766-cc326314d9f1,9.288067000044975,6.249903216532348e-05,6.72896009094474e-06,12.855222675200002,42.18283954539724,20.0,3.136952076986729e-05,0.00010880703149,4.880327999999281e-05,0.0001889798322598,0.0,Italy,ITA,lombardy,,,Windows-11-10.0.26200-SP0,3.13.13,3.2.6,32,13th Gen Intel(R) Core(TM) i9-13900HX,1,1 x NVIDIA GeForce RTX 4070 Laptop GPU,9.1922,45.4722,31.70067596435547,machine,0.0,34.42857142857143,22.342857142857145,7.077515193394253,N,1.0,0.0
2026-05-02T23:38:58,Q160_gemma2:27b_MMLU,279ce470-7e94-4afb-a150-c72cd75b4de9,5b0fa12a-3dd7-45bb-9766-cc326314d9f1,18.42132280004444,0.0001027956525436,5.580253582192088e-06,13.415738432,32.34566509945596,20.0,6.347576390325666e-05,0.0001505901204719,9.675981166688466e-05,0.0003108256960421,0.0,Italy,ITA,lombardy,,,Windows-11-10.0.26200-SP0,3.13.13,3.2.6,32,13th Gen Intel(R) Core(TM) i9-13900HX,1,1 x NVIDIA GeForce RTX 4070 Laptop GPU,9.1922,45.4722,31.70067596435547,machine,6.25,9.6875,47.19375,14.959308385849,N,1.0,0.0
2026-05-02T23:39:30,Q161_llama3.2_GSM8K,80e838ee-46de-4932-b499-a56df2f4170f,5b0fa12a-3dd7-45bb-9766-cc326314d9f1,6.787925099954009,4.118671008041717e-05,6.067643569121914e-06,12.8466293696,35.634611658759766,20.0,2.243215186556162e-05,6.718310930198257e-05,3.492198833329086e-05,0.0001245372495008,0.0,Italy,ITA,lombardy,,,Windows-11-10.0.26200-SP0,3.13.13,3.2.6,32,13th Gen Intel(R) Core(TM) i9-13900HX,1,1 x NVIDIA GeForce RTX 4070 Laptop GPU,9.1922,45.4722,31.70067596435547,machine,0.0,17.8,31.860000000000003,10.096480560302734,N,1.0,0.0
2026-05-02T23:39:55,Q161_llama3.1_GSM8K,952deb00-990e-43d5-aa34-3bfd42c81aab,5b0fa12a-3dd7-45bb-9766-cc326314d9f1,9.593282000045292,6.446650269617108e-05,6.719963271784017e-06,12.8699807744,42.01977785209077,20.0,3.2493184733270777e-05,0.0001119420339979,5.049370166670996e-05,0.0001949289203979,0.0,Italy,ITA,lombardy,,,Windows-11-10.0.26200-SP0,3.13.13,3.2.6,32,13th Gen Intel(R) Core(TM) i9-13900HX,1,1 x NVIDIA GeForce RTX 4070 Laptop GPU,9.1922,45.4722,31.70067596435547,machine,0.0,45.625,22.3125,7.0764665603637695,N,1.0,0.0
2026-05-02T23:40:52,Q161_gemma2:27b_GSM8K,5c6aba29-7a10-4086-91ec-7899668d56c2,5b0fa12a-3dd7-45bb-9766-cc326314d9f1,31.769286099995952,0.0002213107505201,6.966185825630285e-06,13.261314316160002,27.72940868490286,20.0,0.0001665894244757,0.000251114645336,0.0002514785888889,0.0006691826587007,0.0,Italy,ITA,lombardy,,,Windows-11-10.0.26200-SP0,3.13.13,3.2.6,32,13th Gen Intel(R) Core(TM) i9-13900HX,1,1 x NVIDIA GeForce RTX 4070 Laptop GPU,9.1922,45.4722,31.70067596435547,machine,6.666666666666667,18.466666666666665,49.97666666666667,15.841690953572591,N,1.0,0.0
2026-05-02T23:41:44,Q162_llama3.2_SQuAD,6cc353a3-16a8-40af-b29c-73fe13c5adc4,5b0fa12a-3dd7-45bb-9766-cc326314d9f1,6.5961631999816746,3.735926730779817e-05,5.663787595173807e-06,12.8515631744,31.30376376484229,20.0,2.1755983626393417e-05,5.735171254800386e-05,3.385642222193484e-05,0.0001129641183963,0.0,Italy,ITA,lombardy,,,Windows-11-10.0.26200-SP0,3.13.13,3.2.6,32,13th Gen Intel(R) Core(TM) i9-13900HX,1,1 x NVIDIA GeForce RTX 4070 Laptop GPU,9.1922,45.4722,31.70067596435547,machine,0.0,23.4,31.8,10.080013275146484,N,1.0,0.0
2026-05-02T23:42:27,Q162_llama3.1_SQuAD,41d6f3ef-9f79-49b1-b258-9e49c51ae95d,5b0fa12a-3dd7-45bb-9766-cc326314d9f1,7.782808599993586,4.542355056082688e-05,5.836395688937322e-06,12.854930026057144,32.80285375391727,20.0,2.5996425722959265e-05,7.090672339196691e-05,4.0445137222155205e-05,0.000137348286337,0.0,Italy,ITA,lombardy,,,Windows-11-10.0.26200-SP0,3.13.13,3.2.6,32,13th Gen Intel(R) Core(TM) i9-13900HX,1,1 x NVIDIA GeForce RTX 4070 Laptop GPU,9.1922,45.4722,31.70067596435547,machine,0.0,39.5,22.366666666666664,7.092527389526367,N,1.0,0.0
2026-05-02T23:43:00,Q162_gemma2:27b_SQuAD,fdc905a6-e500-4d2e-a1cc-1acae68ca468,5b0fa12a-3dd7-45bb-9766-cc326314d9f1,18.590644699987024,0.000112684470655,6.061353571838781e-06,13.45216525184,30.60032849678161,20.0,6.41474820581589e-05,0.000178913476464,9.766579555548056e-05,0.0003407267540776,0.0,Italy,ITA,lombardy,,,Windows-11-10.0.26200-SP0,3.13.13,3.2.6,32,13th Gen Intel(R) Core(TM) i9-13900HX,1,1 x NVIDIA GeForce RTX 4070 Laptop GPU,9.1922,45.4722,31.70067596435547,machine,0.0,11.0625,47.45,15.041528463363647,N,1.0,0.0
2026-05-02T23:43:42,Q163_llama3.2_SQuAD,34c5eafc-725c-4fdd-9333-31b1d6ac77a8,5b0fa12a-3dd7-45bb-9766-cc326314d9f1,6.379888600029517,3.603524714234887e-05,5.648256482437978e-06,12.861528343040002,31.21793531633001,20.0,2.0996935187269147e-05,5.5313933140010985e-05,3.264977833346671e-05,0.0001089606466607,0.0,Italy,ITA,lombardy,,,Windows-11-10.0.26200-SP0,3.13.13,3.2.6,32,13th Gen Intel(R) Core(TM) i9-13900HX,1,1 x NVIDIA GeForce RTX 4070 Laptop GPU,9.1922,45.4722,31.70067596435547,machine,0.0,13.25,33.175,10.50710678100586,N,1.0,0.0
2026-05-02T23:44:04,Q163_llama3.1_SQuAD,626c66a1-1b98-4332-97ec-0743a076e88f,5b0fa12a-3dd7-45bb-9766-cc326314d9f1,7.059159700002056,4.2795243832912655e-05,6.062370827635503e-06,12.8503061888,35.48136795820383,20.0,2.340621840673253e-05,6.956644454200744e-05,3.642834888887592e-05,0.0001294010118376,0.0,Italy,ITA,lombardy,,,Windows-11-10.0.26200-SP0,3.13.13,3.2.6,32,13th Gen Intel(R) Core(TM) i9-13900HX,1,1 x NVIDIA GeForce RTX 4070 Laptop GPU,9.1922,45.4722,31.70067596435547,machine,0.0,9.2,22.36,7.086695861816406,N,1.0,0.0
2026-05-02T23:44:38,Q163_gemma2:27b_SQuAD,561d80d5-d425-46fa-9087-75e07a561033,5b0fa12a-3dd7-45bb-9766-cc326314d9f1,18.56496079999488,0.0001033554592486,5.567232829744715e-06,13.264746594560002,28.83501873366709,20.0,6.338789859919342e-05,0.0001515853990459,9.7545099444364e-05,0.0003125183970895,0.0,Italy,ITA,lombardy,,,Windows-11-10.0.26200-SP0,3.13.13,3.2.6,32,13th Gen Intel(R) Core(TM) i9-13900HX,1,1 x NVIDIA GeForce RTX 4070 Laptop GPU,9.1922,45.4722,31.70067596435547,machine,0.0,13.5625,47.4625,15.042057275772097,N,1.0,0.0
2026-05-02T23:45:20,Q164_llama3.2_SQuAD,e82e51fc-c3c9-4326-bdcd-b79c0883fad8,5b0fa12a-3dd7-45bb-9766-cc326314d9f1,6.433379299996886,3.676497252667912e-05,5.714721736785659e-06,12.887067929600002,31.888468969587183,20.0,2.1234436003650163e-05,5.697949002800296e-05,3.2953208888971456e-05,0.0001111671349206,0.0,Italy,ITA,lombardy,,,Windows-11-10.0.26200-SP0,3.13.13,3.2.6,32,13th Gen Intel(R) Core(TM) i9-13900HX,1,1 x NVIDIA GeForce RTX 4070 Laptop GPU,9.1922,45.4722,31.70067596435547,machine,0.0,5.5,33.375,10.579916000366213,N,1.0,0.0
2026-05-02T23:45:42,Q164_llama3.1_SQuAD,3d3db76c-dc31-4cad-9427-b2a4459c4d25,5b0fa12a-3dd7-45bb-9766-cc326314d9f1,7.345432100002654,4.34301988312231e-05,5.912545135528162e-06,12.8909185856,33.78112802529354,20.0,2.4482233842657776e-05,6.885561063998957e-05,3.798309611091908e-05,0.0001313209405935,0.0,Italy,ITA,lombardy,,,Windows-11-10.0.26200-SP0,3.13.13,3.2.6,32,13th Gen Intel(R) Core(TM) i9-13900HX,1,1 x NVIDIA GeForce RTX 4070 Laptop GPU,9.1922,45.4722,31.70067596435547,machine,0.0,28.6,22.48,7.123189544677734,N,1.0,0.0
2026-05-02T23:46:16,Q164_gemma2:27b_SQuAD,077caa17-dc61-485c-bb25-43a290797567,5b0fa12a-3dd7-45bb-9766-cc326314d9f1,18.73750160000054,0.0001026184311132,5.476633614441228e-06,13.239910144640003,30.010487218399927,20.0,6.395227628060828e-05,0.0001478334516,9.85040994441887e-05,0.0003102898273248,0.0,Italy,ITA,lombardy,,,Windows-11-10.0.26200-SP0,3.13.13,3.2.6,32,13th Gen Intel(R) Core(TM) i9-13900HX,1,1 x NVIDIA GeForce RTX 4070 Laptop GPU,9.1922,45.4722,31.70067596435547,machine,0.0,13.647058823529411,47.88235294117647,15.179004444795495,N,1.0,0.0
2026-05-02T23:46:52,Q165_llama3.2_HellaSwag,4d46efd6-6642-4183-80b2-98ff7e4fcfd7,5b0fa12a-3dd7-45bb-9766-cc326314d9f1,11.078845500014722,8.252930645874489e-05,7.449269552376664e-06,12.85707666944,49.72327996532019,20.0,3.777420875420416e-05,0.000153012066854,5.875958055548835e-05,0.0002495458561636,0.0,Italy,ITA,lombardy,,,Windows-11-10.0.26200-SP0,3.13.13,3.2.6,32,13th Gen Intel(R) Core(TM) i9-13900HX,1,1 x NVIDIA GeForce RTX 4070 Laptop GPU,9.1922,45.4722,31.70067596435547,machine,0.0,57.22222222222222,27.466666666666665,8.708914862738716,N,1.0,0.0
2026-05-02T23:47:45,Q165_llama3.1_HellaSwag,99bcc907-2fb2-4a45-99ae-4751e7086c7e,5b0fa12a-3dd7-45bb-9766-cc326314d9f1,7.547153000021353,4.291382636021815e-05,5.686094658488669e-06,12.8927173184,31.195497959962005,20.0,2.5230056485331333e-05,6.53919967580352e-05,3.913751944459768e-05,0.0001297595726879,0.0,Italy,ITA,lombardy,,,Windows-11-10.0.26200-SP0,3.13.13,3.2.6,32,13th Gen Intel(R) Core(TM) i9-13900HX,1,1 x NVIDIA GeForce RTX 4070 Laptop GPU,9.1922,45.4722,31.70067596435547,machine,0.0,13.4,22.48,7.131082916259766,N,1.0,0.0
2026-05-02T23:48:27,Q165_gemma2:27b_HellaSwag,fad155d9-8f5e-477b-b372-a96dffa0f85d,5b0fa12a-3dd7-45bb-9766-cc326314d9f1,26.99264760001097,0.0001393983776932,5.164309176296322e-06,13.24932381632,24.248152714930413,20.0,9.505000343537212e-05,0.000182076256772,0.0001443759794447,0.0004215022396521,0.0,Italy,ITA,lombardy,,,Windows-11-10.0.26200-SP0,3.13.13,3.2.6,32,13th Gen Intel(R) Core(TM) i9-13900HX,1,1 x NVIDIA GeForce RTX 4070 Laptop GPU,9.1922,45.4722,31.70067596435547,machine,5.716,11.28,49.472,15.683744506835938,N,1.0,0.0
2026-05-02T23:49:24,Q166_llama3.2_HellaSwag,1a52d12a-bb2e-4921-b2bb-f4b82a3cc77f,5b0fa12a-3dd7-45bb-9766-cc326314d9f1,11.04983109998284,8.157327204553566e-05,7.382309404318618e-06,12.85663835648,48.997315924302455,20.0,3.767125819032547e-05,0.000150383175862,5.860063777783783e-05,0.0002466550718301,0.0,Italy,ITA,lombardy,,,Windows-11-10.0.26200-SP0,3.13.13,3.2.6,32,13th Gen Intel(R) Core(TM) i9-13900HX,1,1 x NVIDIA GeForce RTX 4070 Laptop GPU,9.1922,45.4722,31.70067596435547,machine,0.0,57.44444444444444,27.51111111111111,8.727387322319878,N,1.0,0.0
2026-05-02T23:50:07,Q166_llama3.1_HellaSwag,40212a7c-2435-4b06-a56a-93729736858d,5b0fa12a-3dd7-45bb-9766-cc326314d9f1,7.560544800013304,4.763764143926741e-05,6.300821263460218e-06,12.868827556571429,37.90738366878395,20.0,2.5231302138088467e-05,7.95997859019959e-05,3.9211998333404255e-05,0.0001440430863734,0.0,Italy,ITA,lombardy,,,Windows-11-10.0.26200-SP0,3.13.13,3.2.6,32,13th Gen Intel(R) Core(TM) i9-13900HX,1,1 x NVIDIA GeForce RTX 4070 Laptop GPU,9.1922,45.4722,31.70067596435547,machine,0.0,15.2,22.383333333333336,7.100929896036784,N,1.0,0.0
2026-05-02T23:50:41,Q166_gemma2:27b_HellaSwag,e8fc299a-4bd9-416b-b458-8712c650fdea,5b0fa12a-3dd7-45bb-9766-cc326314d9f1,18.629771899955813,0.0001077665577693,5.784641827502043e-06,13.186635141440002,32.08228980015597,20.0,6.35019839468539e-05,0.0001644437426659,9.791061555572216e-05,0.0003258563421685,0.0,Italy,ITA,lombardy,,,Windows-11-10.0.26200-SP0,3.13.13,3.2.6,32,13th Gen Intel(R) Core(TM) i9-13900HX,1,1 x NVIDIA GeForce RTX 4070 Laptop GPU,9.1922,45.4722,31.70067596435547,machine,0.0,14.647058823529411,47.87647058823529,15.176010580623853,N,1.0,0.0
2026-05-02T23:51:14,Q167_llama3.2_GSM8K,97546533-a13b-46fd-918a-4b03a510ce06,5b0fa12a-3dd7-45bb-9766-cc326314d9f1,7.807619100029115,5.033616208237741e-05,6.447056578642484e-06,12.869772213028572,39.42586075145264,20.0,2.6117884984797607e-05,8.549784617600809e-05,4.0586937222461634e-05,0.0001522026683832,0.0,Italy,ITA,lombardy,,,Windows-11-10.0.26200-SP0,3.13.13,3.2.6,32,13th Gen Intel(R) Core(TM) i9-13900HX,1,1 x NVIDIA GeForce RTX 4070 Laptop GPU,9.1922,45.4722,31.70067596435547,machine,0.0,35.333333333333336,30.066666666666663,9.524574279785156,N,1.0,0.0
2026-05-02T23:51:51,Q167_llama3.1_GSM8K,12f8d163-1504-4cd9-b8bc-c3a0edf9c6fd,5b0fa12a-3dd7-45bb-9766-cc326314d9f1,11.73375000001397,8.822120777353314e-05,7.518585939996003e-06,12.85469669818182,50.39870200723297,20.0,4.0105651388974914e-05,0.000164253464736,6.239747944443177e-05,0.0002667565955694,0.0,Italy,ITA,lombardy,,,Windows-11-10.0.26200-SP0,3.13.13,3.2.6,32,13th Gen Intel(R) Core(TM) i9-13900HX,1,1 x NVIDIA GeForce RTX 4070 Laptop GPU,9.1922,45.4722,31.70067596435547,machine,0.0,62.1,22.61,7.167458343505859,N,1.0,0.0
2026-05-02T23:52:58,Q167_gemma2:27b_GSM8K,60aea227-0dbc-489e-b666-7103956c2a7b,5b0fa12a-3dd7-45bb-9766-cc326314d9f1,42.1468347000191,0.0002207983914664,5.238789414152434e-06,13.635530654080002,24.0925305726131,20.0,0.0001533789821231,0.000288506897472,0.0002257475466667,0.0006676334262619,0.0,Italy,ITA,lombardy,,,Windows-11-10.0.26200-SP0,3.13.13,3.2.6,32,13th Gen Intel(R) Core(TM) i9-13900HX,1,1 x NVIDIA GeForce RTX 4070 Laptop GPU,9.1922,45.4722,31.70067596435547,machine,1.875,17.7,51.0425,16.186825466156005,N,1.0,0.0
2026-05-02T23:54:02,Q168_llama3.2_SQuAD,aff37cd4-d743-489a-b14c-732f86cba9a2,5b0fa12a-3dd7-45bb-9766-cc326314d9f1,7.163262200017925,4.131055358029748e-05,5.7670028580266265e-06,12.8661063488,32.214933859693886,20.0,2.380807791576767e-05,6.409532905399251e-05,3.700831111119543e-05,0.0001249117180809,0.0,Italy,ITA,lombardy,,,Windows-11-10.0.26200-SP0,3.13.13,3.2.6,32,13th Gen Intel(R) Core(TM) i9-13900HX,1,1 x NVIDIA GeForce RTX 4070 Laptop GPU,9.1922,45.4722,31.70067596435547,machine,0.0,23.6,31.62,10.022360229492188,N,1.0,0.0
2026-05-02T23:54:45,Q168_llama3.1_SQuAD,fdce9405-271b-40ef-bea4-0ecb21978081,5b0fa12a-3dd7-45bb-9766-cc326314d9f1,8.16078939998988,5.239315270771599e-05,6.4201084159555644e-06,12.884632897828572,39.02615065127395,20.0,2.741265204660196e-05,8.845979298999218e-05,4.254999555543893e-05,0.000158422440592,0.0,Italy,ITA,lombardy,,,Windows-11-10.0.26200-SP0,3.13.13,3.2.6,32,13th Gen Intel(R) Core(TM) i9-13900HX,1,1 x NVIDIA GeForce RTX 4070 Laptop GPU,9.1922,45.4722,31.70067596435547,machine,0.0,40.0,22.58333333333333,7.164682388305664,N,1.0,0.0
2026-05-02T23:55:27,Q168_gemma2:27b_SQuAD,0f0ec45d-c567-428d-b858-8bd1dc3d2ac4,5b0fa12a-3dd7-45bb-9766-cc326314d9f1,27.12263930001064,0.0001498082416004,5.523365183726886e-06,13.46182058048,27.39502730993088,20.0,9.679634976898613e-05,0.000211114335558,0.0001450681111112,0.0004529787964382,0.0,Italy,ITA,lombardy,,,Windows-11-10.0.26200-SP0,3.13.13,3.2.6,32,13th Gen Intel(R) Core(TM) i9-13900HX,1,1 x NVIDIA GeForce RTX 4070 Laptop GPU,9.1922,45.4722,31.70067596435547,machine,9.2,22.56,49.58,15.711520080566409,N,1.0,0.0
2026-05-02T23:56:21,Q169_llama3.2_HellaSwag,5c442660-ed4f-4c75-a57f-faba1a844636,5b0fa12a-3dd7-45bb-9766-cc326314d9f1,8.59760630002711,6.070520075135013e-05,7.060709531577262e-06,12.864305835200003,45.96459449029118,20.0,2.8910590929318275e-05,0.000109699254426,4.494593555573374e-05,0.000183555780911,0.0,Italy,ITA,lombardy,,,Windows-11-10.0.26200-SP0,3.13.13,3.2.6,32,13th Gen Intel(R) Core(TM) i9-13900HX,1,1 x NVIDIA GeForce RTX 4070 Laptop GPU,9.1922,45.4722,31.70067596435547,machine,0.0,43.285714285714285,28.285714285714285,8.968237740652901,N,1.0,0.0
2026-05-02T23:56:45,Q169_llama3.1_HellaSwag,41ad8f82-135a-4d08-a5b3-947449189f3b,5b0fa12a-3dd7-45bb-9766-cc326314d9f1,8.511512900004163,5.2007914299573285e-05,6.110302000429072e-06,12.868153439085718,35.6105833315395,20.0,2.8619824147866127e-05,8.415701177000301e-05,4.448074999996202e-05,0.0001572575859178,0.0,Italy,ITA,lombardy,,,Windows-11-10.0.26200-SP0,3.13.13,3.2.6,32,13th Gen Intel(R) Core(TM) i9-13900HX,1,1 x NVIDIA GeForce RTX 4070 Laptop GPU,9.1922,45.4722,31.70067596435547,machine,0.0,27.83333333333333,21.96666666666667,6.964605331420898,N,1.0,0.0
2026-05-02T23:57:28,Q169_gemma2:27b_HellaSwag,4353bace-74c9-4e83-856e-4d0a2cb697eb,5b0fa12a-3dd7-45bb-9766-cc326314d9f1,18.14774769998621,0.0001069911248149,5.895559415069438e-06,13.299689281280004,32.594466216434,20.0,6.182793810972586e-05,0.0001664506887159,9.523302000015972e-05,0.0003235116468258,0.0,Italy,ITA,lombardy,,,Windows-11-10.0.26200-SP0,3.13.13,3.2.6,32,13th Gen Intel(R) Core(TM) i9-13900HX,1,1 x NVIDIA GeForce RTX 4070 Laptop GPU,9.1922,45.4722,31.70067596435547,machine,0.0,13.125,47.05625,14.919914245605469,N,1.0,0.0
2026-05-02T23:58:02,Q170_llama3.2_HellaSwag,5acfa1bb-9491-43c7-8546-22d9fb30d197,5b0fa12a-3dd7-45bb-9766-cc326314d9f1,8.98229239997454,6.419626204566443e-05,7.14697976719689e-06,12.859881291200002,46.78124394675405,20.0,3.029228162985071e-05,0.000116709260034,4.71102455556522e-05,0.0001941117872195,0.0,Italy,ITA,lombardy,,,Windows-11-10.0.26200-SP0,3.13.13,3.2.6,32,13th Gen Intel(R) Core(TM) i9-13900HX,1,1 x NVIDIA GeForce RTX 4070 Laptop GPU,9.1922,45.4722,31.70067596435547,machine,0.0,43.42857142857143,28.11428571428572,8.913613455636161,N,1.0,0.0
2026-05-02T23:58:28,Q170_llama3.1_HellaSwag,b6242879-2beb-4e93-90df-6cfcaab426b0,5b0fa12a-3dd7-45bb-9766-cc326314d9f1,10.495246300008148,7.535993878867797e-05,7.180387828403748e-06,12.8556749312,46.88279062084488,20.0,3.568461285061451e-05,0.0001366681648899,5.551488833346715e-05,0.000227867666074,0.0,Italy,ITA,lombardy,,,Windows-11-10.0.26200-SP0,3.13.13,3.2.6,32,13th Gen Intel(R) Core(TM) i9-13900HX,1,1 x NVIDIA GeForce RTX 4070 Laptop GPU,9.1922,45.4722,31.70067596435547,machine,0.0,42.625,22.0625,6.986979007720947,N,1.0,0.0
2026-05-02T23:59:19,Q170_gemma2:27b_HellaSwag,ff48e1b9-1bff-4a7c-93f9-0188d57739ca,5b0fa12a-3dd7-45bb-9766-cc326314d9f1,25.878100399975665,0.0001418605120656,5.481875016829425e-06,13.454821580567272,26.56606759176358,20.0,9.197798408631442e-05,0.0001987948812579,0.0001381741894444,0.0004289470547887,0.0,Italy,ITA,lombardy,,,Windows-11-10.0.26200-SP0,3.13.13,3.2.6,32,13th Gen Intel(R) Core(TM) i9-13900HX,1,1 x NVIDIA GeForce RTX 4070 Laptop GPU,9.1922,45.4722,31.70067596435547,machine,0.0,16.083333333333332,49.04583333333333,15.546611150105797,N,1.0,0.0
2026-05-03T00:00:12,Q171_llama3.2_GSM8K,12da84ff-39a4-4fc6-8a9d-a7a40de7f786,5b0fa12a-3dd7-45bb-9766-cc326314d9f1,7.913284500013106,5.077799002986672e-05,6.416803291955776e-06,12.868270186057146,39.0701215280961,20.0,2.6491797736878635e-05,8.58736798099724e-05,4.117315666678931e-05,0.0001535386342136,0.0,Italy,ITA,lombardy,,,Windows-11-10.0.26200-SP0,3.13.13,3.2.6,32,13th Gen Intel(R) Core(TM) i9-13900HX,1,1 x NVIDIA GeForce RTX 4070 Laptop GPU,9.1922,45.4722,31.70067596435547,machine,0.0,35.0,29.933333333333334,9.489845275878906,N,1.0,0.0
2026-05-03T00:00:38,Q171_llama3.1_GSM8K,a35fce66-e08b-4f2e-b86a-ada673383113,5b0fa12a-3dd7-45bb-9766-cc326314d9f1,10.539984499977436,7.401280228502992e-05,7.022097829953011e-06,12.8728926848,45.17866131813936,20.0,3.587143004402814e-05,0.0001321920501979,5.573081666661892e-05,0.0002237942969086,0.0,Italy,ITA,lombardy,,,Windows-11-10.0.26200-SP0,3.13.13,3.2.6,32,13th Gen Intel(R) Core(TM) i9-13900HX,1,1 x NVIDIA GeForce RTX 4070 Laptop GPU,9.1922,45.4722,31.70067596435547,machine,0.0,52.625,22.3375,7.084704399108887,N,1.0,0.0
2026-05-03T00:01:50,Q171_gemma2:27b_GSM8K,eb581680-b397-4f05-a5c7-a1fe64be153a,5b0fa12a-3dd7-45bb-9766-cc326314d9f1,46.38872019998962,0.0002506628282979,5.403529720529592e-06,13.509188966720002,26.13231802840249,20.0,0.0001681739552645,0.0003404227723379,0.0002493385172222,0.0007579352448248,0.0,Italy,ITA,lombardy,,,Windows-11-10.0.26200-SP0,3.13.13,3.2.6,32,13th Gen Intel(R) Core(TM) i9-13900HX,1,1 x NVIDIA GeForce RTX 4070 Laptop GPU,9.1922,45.4722,31.70067596435547,machine,0.0,19.113636363636363,50.82954545454545,16.118055603720926,N,1.0,0.0
2026-05-03T00:02:52,Q172_llama3.2_SQuAD,3a57ad55-7c5e-42cb-b214-ea4d86fe5cc4,5b0fa12a-3dd7-45bb-9766-cc326314d9f1,6.17785019997973,3.235362329138481e-05,5.237035901500325e-06,12.893223226880002,26.79668100715884,20.0,2.0325053302127e-05,4.597614789200733e-05,3.152723055552795e-05,9.782843174966228e-05,0.0,Italy,ITA,lombardy,,,Windows-11-10.0.26200-SP0,3.13.13,3.2.6,32,13th Gen Intel(R) Core(TM) i9-13900HX,1,1 x NVIDIA GeForce RTX 4070 Laptop GPU,9.1922,45.4722,31.70067596435547,machine,0.0,5.0,34.25,10.85801601409912,N,1.0,0.0
2026-05-03T00:03:14,Q172_llama3.1_SQuAD,a801b2fc-fc7b-432c-bcb1-84adfe8823ce,5b0fa12a-3dd7-45bb-9766-cc326314d9f1,6.953296900028363,4.0199259773972826e-05,5.7813236443001375e-06,12.8635174976,32.45705392630578,20.0,2.3047317035233865e-05,6.267143902602412e-05,3.5832716111326594e-05,0.0001215514721725,0.0,Italy,ITA,lombardy,,,Windows-11-10.0.26200-SP0,3.13.13,3.2.6,32,13th Gen Intel(R) Core(TM) i9-13900HX,1,1 x NVIDIA GeForce RTX 4070 Laptop GPU,9.1922,45.4722,31.70067596435547,machine,0.0,16.6,22.16,7.023725891113282,N,1.0,0.0
2026-05-03T00:03:47,Q172_gemma2:27b_SQuAD,27d60065-69c8-48a3-8d00-b3b5ddbaf14c,5b0fa12a-3dd7-45bb-9766-cc326314d9f1,18.146033599972725,9.960924622687177e-05,5.489312343553772e-06,13.235378147840002,31.0554881078673,20.0,6.189726985403702e-05,0.0001440842819339,9.520933055545256e-05,0.0003011908823434,0.0,Italy,ITA,lombardy,,,Windows-11-10.0.26200-SP0,3.13.13,3.2.6,32,13th Gen Intel(R) Core(TM) i9-13900HX,1,1 x NVIDIA GeForce RTX 4070 Laptop GPU,9.1922,45.4722,31.70067596435547,machine,0.0,15.0,47.2375,14.972917079925535,N,1.0,0.0
2026-05-03T00:04:33,Q173_llama3.2_HumanEval,3915691b-bc7d-46d8-af81-cbd99b09a2ce,5b0fa12a-3dd7-45bb-9766-cc326314d9f1,10.772165999980643,8.342499218633174e-05,7.744495599722623e-06,12.85204708352,53.011826010636014,20.0,3.665222364466362e-05,0.0001585662379639,5.70357011110496e-05,0.0002522541627196,0.0,Italy,ITA,lombardy,,,Windows-11-10.0.26200-SP0,3.13.13,3.2.6,32,13th Gen Intel(R) Core(TM) i9-13900HX,1,1 x NVIDIA GeForce RTX 4070 Laptop GPU,9.1922,45.4722,31.70067596435547,machine,0.0,54.888888888888886,27.45555555555556,8.700077480740017,N,1.0,0.0
2026-05-03T00:05:12,Q173_llama3.1_HumanEval,23a20c51-be6f-4a37-a276-6163432bf0c9,5b0fa12a-3dd7-45bb-9766-cc326314d9f1,13.844979400048032,0.000110226456343,7.961474925898197e-06,12.848572795076926,55.02608644364594,20.0,4.761251650007538e-05,0.0002115698914779,7.411198888892411e-05,0.0003332943968669,0.0,Italy,ITA,lombardy,,,Windows-11-10.0.26200-SP0,3.13.13,3.2.6,32,13th Gen Intel(R) Core(TM) i9-13900HX,1,1 x NVIDIA GeForce RTX 4070 Laptop GPU,9.1922,45.4722,31.70067596435547,machine,0.0,67.25,22.258333333333336,7.06069819132487,N,1.0,0.0
2026-05-03T00:06:41,Q173_gemma2:27b_HumanEval,6afc28c3-248d-4b0f-9128-94774eddd1e5,5b0fa12a-3dd7-45bb-9766-cc326314d9f1,53.443712799984496,0.0002766318111328,5.176133854475167e-06,13.665788388200005,23.66088324021765,20.0,0.0001947022780591,0.0003560277848219,0.0002857282222222,0.0008364582851034,0.0,Italy,ITA,lombardy,,,Windows-11-10.0.26200-SP0,3.13.13,3.2.6,32,13th Gen Intel(R) Core(TM) i9-13900HX,1,1 x NVIDIA GeForce RTX 4070 Laptop GPU,9.1922,45.4722,31.70067596435547,machine,1.96078431372549,20.41176470588235,51.16274509803922,16.222062653186274,N,1.0,0.0
2026-05-03T00:07:44,Q174_llama3.2_MMLU,cc6c68b3-713a-4346-9208-6bf43b3dabd2,5b0fa12a-3dd7-45bb-9766-cc326314d9f1,7.132608700019773,4.105707847252548e-05,5.756249949953326e-06,12.8643435968,32.11479610517149,20.0,2.3693391163089737e-05,6.361699533799503e-05,3.683489277771312e-05,0.0001241452792787,0.0,Italy,ITA,lombardy,,,Windows-11-10.0.26200-SP0,3.13.13,3.2.6,32,13th Gen Intel(R) Core(TM) i9-13900HX,1,1 x NVIDIA GeForce RTX 4070 Laptop GPU,9.1922,45.4722,31.70067596435547,machine,0.0,31.2,31.18,9.88475341796875,N,1.0,0.0
2026-05-03T00:08:07,Q174_llama3.1_MMLU,d70aa372-51d6-4399-b2af-4411326eae49,5b0fa12a-3dd7-45bb-9766-cc326314d9f1,8.212341299979016,5.3962334140889365e-05,6.57088303685421e-06,12.866014257371432,40.67367383053116,20.0,2.755643648410178e-05,9.277562977602628e-05,4.283514611080237e-05,0.0001631672123709,0.0,Italy,ITA,lombardy,,,Windows-11-10.0.26200-SP0,3.13.13,3.2.6,32,13th Gen Intel(R) Core(TM) i9-13900HX,1,1 x NVIDIA GeForce RTX 4070 Laptop GPU,9.1922,45.4722,31.70067596435547,machine,0.0,39.5,22.316666666666663,7.073040008544922,N,1.0,0.0
2026-05-03T00:08:49,Q174_gemma2:27b_MMLU,1de461e4-4ec6-4913-bd6f-71301e39f9f7,5b0fa12a-3dd7-45bb-9766-cc326314d9f1,16.902140300022438,0.0001466045019363,8.673724116238538e-06,13.21645938176,44.04498366810226,20.0,0.0001189981005059,0.000144271504306,0.0001800219666668,0.0004432915714788,0.0,Italy,ITA,lombardy,,,Windows-11-10.0.26200-SP0,3.13.13,3.2.6,32,13th Gen Intel(R) Core(TM) i9-13900HX,1,1 x NVIDIA GeForce RTX 4070 Laptop GPU,9.1922,45.4722,31.70067596435547,machine,0.0,16.333333333333332,46.873333333333335,14.858840942382812,N,1.0,0.0
2026-05-03T00:09:21,Q175_llama3.2_MMLU,5a9c018c-d950-44d9-b8ca-fba6367f21f4,5b0fa12a-3dd7-45bb-9766-cc326314d9f1,6.65668530005496,3.863020695924501e-05,5.803219653319959e-06,12.8778886784,32.77552507338881,20.0,2.201721860001843e-05,6.059754847798082e-05,3.419232222238659e-05,0.0001168070893003,0.0,Italy,ITA,lombardy,,,Windows-11-10.0.26200-SP0,3.13.13,3.2.6,32,13th Gen Intel(R) Core(TM) i9-13900HX,1,1 x NVIDIA GeForce RTX 4070 Laptop GPU,9.1922,45.4722,31.70067596435547,machine,20.0,27.6,31.6,10.021229553222655,N,1.0,0.0
2026-05-03T00:09:45,Q175_llama3.1_MMLU,6c3570f7-f4cf-4386-8045-0173bee89b7a,5b0fa12a-3dd7-45bb-9766-cc326314d9f1,8.684739399992395,5.650965416177711e-05,6.506776030818679e-06,12.8537566688,39.87723971992822,20.0,2.921740012302407e-05,9.61917436199944e-05,4.5460461666354805e-05,0.0001708696054093,0.0,Italy,ITA,lombardy,,,Windows-11-10.0.26200-SP0,3.13.13,3.2.6,32,13th Gen Intel(R) Core(TM) i9-13900HX,1,1 x NVIDIA GeForce RTX 4070 Laptop GPU,9.1922,45.4722,31.70067596435547,machine,2.042857142857143,36.85714285714285,22.357142857142858,7.094117300851004,N,1.0,0.0
2026-05-03T00:10:27,Q175_gemma2:27b_MMLU,b9d78304-5828-4942-bad7-5be7517ca84a,5b0fa12a-3dd7-45bb-9766-cc326314d9f1,17.462015600001905,9.892639954533252e-05,5.665233717081419e-06,13.50232059968,31.90207942275668,20.0,5.9335566432518986e-05,0.0001483676186939,9.142295722235252e-05,0.0002991261423488,0.0,Italy,ITA,lombardy,,,Windows-11-10.0.26200-SP0,3.13.13,3.2.6,32,13th Gen Intel(R) Core(TM) i9-13900HX,1,1 x NVIDIA GeForce RTX 4070 Laptop GPU,9.1922,45.4722,31.70067596435547,machine,2.6666666666666665,13.533333333333331,46.95333333333333,14.88406219482422,N,1.0,0.0
2026-05-03T00:11:00,Q176_llama3.2_MMLU,dba07c1e-98d1-4d14-ba90-0eb196149066,5b0fa12a-3dd7-45bb-9766-cc326314d9f1,7.88993369997479,5.350597126040745e-05,6.781548907131934e-06,12.861210186971432,43.08566990806158,20.0,2.638219974207953e-05,9.43800755039692e-05,4.102502166675145e-05,0.0001617872969128,0.0,Italy,ITA,lombardy,,,Windows-11-10.0.26200-SP0,3.13.13,3.2.6,32,13th Gen Intel(R) Core(TM) i9-13900HX,1,1 x NVIDIA GeForce RTX 4070 Laptop GPU,9.1922,45.4722,31.70067596435547,machine,0.0,32.833333333333336,30.133333333333336,9.546887079874674,N,1.0,0.0
2026-05-03T00:11:23,Q176_llama3.1_MMLU,26bf24a8-b871-4fd2-8939-11328137fec6,5b0fa12a-3dd7-45bb-9766-cc326314d9f1,7.164416700019501,4.290971203630106e-05,5.989282007589573e-06,12.8807326784,34.639117522090274,20.0,2.3832310867513048e-05,6.891116624002658e-05,3.700365499987836e-05,0.0001297471321074,0.0,Italy,ITA,lombardy,,,Windows-11-10.0.26200-SP0,3.13.13,3.2.6,32,13th Gen Intel(R) Core(TM) i9-13900HX,1,1 x NVIDIA GeForce RTX 4070 Laptop GPU,9.1922,45.4722,31.70067596435547,machine,11.42,30.2,22.36,7.081352996826172,N,1.0,0.0
2026-05-03T00:11:58,Q176_gemma2:27b_MMLU,2f5f637d-6b28-40cb-82ea-b8c44a31f094,5b0fa12a-3dd7-45bb-9766-cc326314d9f1,20.48267269995995,0.0001159545089144,5.661102465141178e-06,13.520851658240002,29.44785000405661,20.0,7.134648529239862e-05,0.000171064859074,0.0001082031033334,0.0003506144476999,0.0,Italy,ITA,lombardy,,,Windows-11-10.0.26200-SP0,3.13.13,3.2.6,32,13th Gen Intel(R) Core(TM) i9-13900HX,1,1 x NVIDIA GeForce RTX 4070 Laptop GPU,9.1922,45.4722,31.70067596435547,machine,5.555555555555555,18.444444444444443,47.894444444444446,15.184086905585396,N,1.0,0.0
2026-05-03T00:12:40,Q177_llama3.2_SQuAD,57e35bf6-7367-488e-986c-8c136c20612f,5b0fa12a-3dd7-45bb-9766-cc326314d9f1,6.224053399986588,3.386083694404934e-05,5.440319156664419e-06,12.88116729344,28.99154137391892,20.0,2.047598940421509e-05,5.011865120599368e-05,3.179118944454887e-05,0.0001023858300547,0.0,Italy,ITA,lombardy,,,Windows-11-10.0.26200-SP0,3.13.13,3.2.6,32,13th Gen Intel(R) Core(TM) i9-13900HX,1,1 x NVIDIA GeForce RTX 4070 Laptop GPU,9.1922,45.4722,31.70067596435547,machine,0.0,20.75,33.725,10.687999725341797,N,1.0,0.0
2026-05-03T00:13:02,Q177_llama3.1_SQuAD,b543e5b5-7f83-4d41-8c0b-87600ff57794,5b0fa12a-3dd7-45bb-9766-cc326314d9f1,7.017325600027107,3.896021213108996e-05,5.5520029070532886e-06,12.8697961472,29.948873561331844,20.0,2.3280456671271373e-05,5.83469911220047e-05,3.617748611140997e-05,0.0001178049339046,0.0,Italy,ITA,lombardy,,,Windows-11-10.0.26200-SP0,3.13.13,3.2.6,32,13th Gen Intel(R) Core(TM) i9-13900HX,1,1 x NVIDIA GeForce RTX 4070 Laptop GPU,9.1922,45.4722,31.70067596435547,machine,0.0,26.0,22.380000000000003,7.09530029296875,N,1.0,0.0
2026-05-03T00:13:34,Q177_gemma2:27b_SQuAD,98f4bc74-05b1-4e58-8b42-bb06d606fd5c,5b0fa12a-3dd7-45bb-9766-cc326314d9f1,16.74713969998993,0.0001488374766477,8.887337140195728e-06,12.89721633152,37.75824816385307,20.0,0.0001155456839814,0.0001553223464799,0.0001791754405554,0.0004500434710168,0.0,Italy,ITA,lombardy,,,Windows-11-10.0.26200-SP0,3.13.13,3.2.6,32,13th Gen Intel(R) Core(TM) i9-13900HX,1,1 x NVIDIA GeForce RTX 4070 Laptop GPU,9.1922,45.4722,31.70067596435547,machine,0.0,11.266666666666667,46.92,14.87907206217448,N,1.0,0.0
2026-05-03T00:14:10,Q178_llama3.2_MMLU,8d6c5f25-066a-4cf4-9018-1d661f10bf0a,5b0fa12a-3dd7-45bb-9766-cc326314d9f1,10.995037899992894,8.541351496100766e-05,7.768369307855033e-06,12.851156115200004,53.215828870619326,20.0,3.745600924237781e-05,0.0001625195744599,5.829132333326723e-05,0.0002582669070356,0.0,Italy,ITA,lombardy,,,Windows-11-10.0.26200-SP0,3.13.13,3.2.6,32,13th Gen Intel(R) Core(TM) i9-13900HX,1,1 x NVIDIA GeForce RTX 4070 Laptop GPU,9.1922,45.4722,31.70067596435547,machine,0.0,56.22222222222222,27.51111111111112,8.721023135715061,N,1.0,0.0
2026-05-03T00:14:42,Q178_llama3.1_MMLU,6affaca9-960b-4e34-b52a-d127b1330135,5b0fa12a-3dd7-45bb-9766-cc326314d9f1,6.701960299978964,3.3488102744527745e-05,4.996762327081056e-06,12.870904256,24.0350734440442,20.0,2.214482445041824e-05,4.4704202429995954e-05,3.440975777759579e-05,0.000101258784658,0.0,Italy,ITA,lombardy,,,Windows-11-10.0.26200-SP0,3.13.13,3.2.6,32,13th Gen Intel(R) Core(TM) i9-13900HX,1,1 x NVIDIA GeForce RTX 4070 Laptop GPU,9.1922,45.4722,31.70067596435547,machine,0.0,11.0,22.32,7.080738067626953,N,1.0,0.0
2026-05-03T00:16:34,Q178_gemma2:27b_MMLU,b3e5949c-5016-4872-bcdb-c410ae2c77f3,5b0fa12a-3dd7-45bb-9766-cc326314d9f1,96.85481590003474,0.0004877506465115,5.0358946220599976e-06,13.66712992214857,22.17846256818547,20.0,0.0003540697255015,0.0006022429817939,0.0005185106966667,0.0014748234039622,0.0,Italy,ITA,lombardy,,,Windows-11-10.0.26200-SP0,3.13.13,3.2.6,32,13th Gen Intel(R) Core(TM) i9-13900HX,1,1 x NVIDIA GeForce RTX 4070 Laptop GPU,9.1922,45.4722,31.70067596435547,machine,2.0308510638297874,23.25531914893617,52.20638297872341,16.549588548376207,N,1.0,0.0
2026-05-03T00:17:49,Q179_llama3.2_HellaSwag,bfc71e4a-7f1b-45f9-8141-77c474ea1869,5b0fa12a-3dd7-45bb-9766-cc326314d9f1,8.939159100002144,6.388900836666215e-05,7.147093776040615e-06,12.8543419568,46.79122462817987,20.0,3.0128508354733946e-05,0.0001161789818319,4.687524666660465e-05,0.0001931827368533,0.0,Italy,ITA,lombardy,,,Windows-11-10.0.26200-SP0,3.13.13,3.2.6,32,13th Gen Intel(R) Core(TM) i9-13900HX,1,1 x NVIDIA GeForce RTX 4070 Laptop GPU,9.1922,45.4722,31.70067596435547,machine,0.0,43.57142857142857,28.885714285714283,9.15569087437221,N,1.0,0.0
2026-05-03T00:18:32,Q179_llama3.1_HellaSwag,721594a7-0d52-4afb-adf0-53526eda1f5c,5b0fa12a-3dd7-45bb-9766-cc326314d9f1,8.242248800001107,5.035731696407432e-05,6.109657471643851e-06,12.864460900571432,35.68537627819655,20.0,2.7643181813440296e-05,8.164839865201778e-05,4.297505444426659e-05,0.0001522666349097,0.0,Italy,ITA,lombardy,,,Windows-11-10.0.26200-SP0,3.13.13,3.2.6,32,13th Gen Intel(R) Core(TM) i9-13900HX,1,1 x NVIDIA GeForce RTX 4070 Laptop GPU,9.1922,45.4722,31.70067596435547,machine,0.0,33.166666666666664,22.55,7.142981847127278,N,1.0,0.0
2026-05-03T00:19:17,Q179_gemma2:27b_HellaSwag,5430ec59-a710-43d7-a2d6-7989517d4be8,5b0fa12a-3dd7-45bb-9766-cc326314d9f1,19.29168279998703,0.0001095797988776,5.680157610602414e-06,13.5453818672,30.79482392251708,20.0,6.693719782509983e-05,0.0001628176302539,0.0001015842549997,0.0003313390830788,0.0,Italy,ITA,lombardy,,,Windows-11-10.0.26200-SP0,3.13.13,3.2.6,32,13th Gen Intel(R) Core(TM) i9-13900HX,1,1 x NVIDIA GeForce RTX 4070 Laptop GPU,9.1922,45.4722,31.70067596435547,machine,0.0,16.88235294117647,47.811764705882354,15.155287574319278,N,1.0,0.0
2026-05-03T00:20:01,Q180_llama3.2_HumanEval,de9bb790-7ed1-491b-85b7-70c16aebb76c,5b0fa12a-3dd7-45bb-9766-cc326314d9f1,8.834219800017308,6.051398450331479e-05,6.8499523300514015e-06,12.872687830400002,43.56256930436119,20.0,2.9794576878197897e-05,0.000106892863292,4.6290155555794224e-05,0.000182977595726,0.0,Italy,ITA,lombardy,,,Windows-11-10.0.26200-SP0,3.13.13,3.2.6,32,13th Gen Intel(R) Core(TM) i9-13900HX,1,1 x NVIDIA GeForce RTX 4070 Laptop GPU,9.1922,45.4722,31.70067596435547,machine,0.0,46.42857142857143,29.085714285714285,9.2180415562221,N,1.0,0.0
2026-05-03T00:20:29,Q180_llama3.1_HumanEval,3bebf807-ab55-4e00-b8c8-edf0626533ca,5b0fa12a-3dd7-45bb-9766-cc326314d9f1,12.773350800038315,9.933280125039324e-05,7.776565664359212e-06,12.85478624,53.09288017228529,20.0,4.38177088584365e-05,0.000188364872914,6.817240722238138e-05,0.0003003549889948,0.0,Italy,ITA,lombardy,,,Windows-11-10.0.26200-SP0,3.13.13,3.2.6,32,13th Gen Intel(R) Core(TM) i9-13900HX,1,1 x NVIDIA GeForce RTX 4070 Laptop GPU,9.1922,45.4722,31.70067596435547,machine,3.027272727272727,65.36363636363636,22.42727272727273,7.111208135431463,N,1.0,0.0
2026-05-03T00:22:02,Q180_gemma2:27b_HumanEval,5bf4d4cc-a3fd-4750-b22e-616786a34125,5b0fa12a-3dd7-45bb-9766-cc326314d9f1,58.10128619999159,0.000313429610196,5.394538239948411e-06,13.57201489745231,25.86200225874861,20.0,0.0002113035513299,0.000424828950974,0.0003115921761109,0.0009477246784149,0.0,Italy,ITA,lombardy,,,Windows-11-10.0.26200-SP0,3.13.13,3.2.6,32,13th Gen Intel(R) Core(TM) i9-13900HX,1,1 x NVIDIA GeForce RTX 4070 Laptop GPU,9.1922,45.4722,31.70067596435547,machine,0.0,33.767857142857146,51.62857142857143,16.374286106654576,N,1.0,0.0
2026-05-03T00:23:04,Q181_llama3.2_SQuAD,902b5a3a-ab6c-4d81-b8b8-c346ae583d22,5b0fa12a-3dd7-45bb-9766-cc326314d9f1,6.07105029997183,3.4370742507702835e-05,5.661416198093815e-06,12.868117391360002,31.50445837679594,20.0,1.989860188979031e-05,5.3102820260025885e-05,3.0926221666676505e-05,0.0001039276438164,0.0,Italy,ITA,lombardy,,,Windows-11-10.0.26200-SP0,3.13.13,3.2.6,32,13th Gen Intel(R) Core(TM) i9-13900HX,1,1 x NVIDIA GeForce RTX 4070 Laptop GPU,9.1922,45.4722,31.70067596435547,machine,0.0,12.75,33.55,10.634584426879885,N,1.0,0.0
2026-05-03T00:23:36,Q181_llama3.1_SQuAD,765d7346-8061-440f-aa67-77c73e627428,5b0fa12a-3dd7-45bb-9766-cc326314d9f1,6.831401500036009,3.497852694576774e-05,5.1202563552418e-06,12.8543571776,25.296973153352244,20.0,2.260162233891949e-05,4.7998927287989934e-05,3.5164866666632913e-05,0.0001057654162935,0.0,Italy,ITA,lombardy,,,Windows-11-10.0.26200-SP0,3.13.13,3.2.6,32,13th Gen Intel(R) Core(TM) i9-13900HX,1,1 x NVIDIA GeForce RTX 4070 Laptop GPU,9.1922,45.4722,31.70067596435547,machine,0.0,9.2,22.68,7.185527801513672,N,1.0,0.0
2026-05-03T00:24:10,Q181_gemma2:27b_SQuAD,b55915ef-4898-48a5-8675-a7c101850154,5b0fa12a-3dd7-45bb-9766-cc326314d9f1,18.91057080001337,0.0001058784972592,5.598905415333585e-06,13.28802268064,30.654329226430427,20.0,6.476531274510914e-05,0.0001559084580599,9.947359722217596e-05,0.0003201473680272,0.0,Italy,ITA,lombardy,,,Windows-11-10.0.26200-SP0,3.13.13,3.2.6,32,13th Gen Intel(R) Core(TM) i9-13900HX,1,1 x NVIDIA GeForce RTX 4070 Laptop GPU,9.1922,45.4722,31.70067596435547,machine,0.0,17.764705882352942,47.93529411764706,15.192719403435202,N,1.0,0.0
2026-05-03T00:24:44,Q182_llama3.2_GSM8K,97694be4-da23-472d-aa73-8ba655638960,5b0fa12a-3dd7-45bb-9766-cc326314d9f1,7.862887299968861,5.037578981341618e-05,6.406780091279661e-06,12.866089680457142,38.975354537821474,20.0,2.6308271392426045e-05,8.511979031802785e-05,4.0894429999752905e-05,0.0001523224917102,0.0,Italy,ITA,lombardy,,,Windows-11-10.0.26200-SP0,3.13.13,3.2.6,32,13th Gen Intel(R) Core(TM) i9-13900HX,1,1 x NVIDIA GeForce RTX 4070 Laptop GPU,9.1922,45.4722,31.70067596435547,machine,0.0,36.333333333333336,30.28333333333333,9.60065015157064,N,1.0,0.0
2026-05-03T00:25:20,Q182_llama3.1_GSM8K,fe65fc9e-9ad6-4eea-816e-5246f38f3e9c,5b0fa12a-3dd7-45bb-9766-cc326314d9f1,10.821826799947305,8.068197282143573e-05,7.4554855028569315e-06,12.870065020160002,49.83026199344385,20.0,3.6883072374860126e-05,0.0001497617864759,5.731516999981573e-05,0.0002439600288506,0.0,Italy,ITA,lombardy,,,Windows-11-10.0.26200-SP0,3.13.13,3.2.6,32,13th Gen Intel(R) Core(TM) i9-13900HX,1,1 x NVIDIA GeForce RTX 4070 Laptop GPU,9.1922,45.4722,31.70067596435547,machine,4.166666666666667,48.44444444444444,22.56666666666667,7.145150078667535,N,1.0,0.0
2026-05-03T00:26:31,Q182_gemma2:27b_GSM8K,c413cc39-6c30-48d6-9d4e-19adad832813,5b0fa12a-3dd7-45bb-9766-cc326314d9f1,45.7906027000281,0.0002425628272087,5.297218488206359e-06,13.650303383360002,24.89625084818476,20.0,0.0001675704278757,0.0003198780336799,0.0002459946144446,0.0007334430760004,0.0,Italy,ITA,lombardy,,,Windows-11-10.0.26200-SP0,3.13.13,3.2.6,32,13th Gen Intel(R) Core(TM) i9-13900HX,1,1 x NVIDIA GeForce RTX 4070 Laptop GPU,9.1922,45.4722,31.70067596435547,machine,1.6227272727272728,21.84090909090909,51.54318181818182,16.34084597500888,N,1.0,0.0
2026-05-03T00:27:32,Q183_llama3.2_SQuAD,1e62a8b4-9d10-43c7-9d90-1a53301a8be2,5b0fa12a-3dd7-45bb-9766-cc326314d9f1,6.145702100009657,3.2546374799521175e-05,5.29579440556841e-06,12.87085097216,27.485912312710823,20.0,2.016997384007855e-05,4.6900037520031246e-05,3.134124777764858e-05,9.841125913775836e-05,0.0,Italy,ITA,lombardy,,,Windows-11-10.0.26200-SP0,3.13.13,3.2.6,32,13th Gen Intel(R) Core(TM) i9-13900HX,1,1 x NVIDIA GeForce RTX 4070 Laptop GPU,9.1922,45.4722,31.70067596435547,machine,0.0,5.25,34.625,10.972460746765137,N,1.0,0.0
2026-05-03T00:27:54,Q183_llama3.1_SQuAD,3f6a9bb1-0d98-427d-a10d-fd56e32acbf2,5b0fa12a-3dd7-45bb-9766-cc326314d9f1,6.973784399975557,3.981377700632418e-05,5.70906336113054e-06,12.8728802432,31.63972745257041,20.0,2.314391681679181e-05,6.128532680599319e-05,3.5956634999860805e-05,0.0001203858786226,0.0,Italy,ITA,lombardy,,,Windows-11-10.0.26200-SP0,3.13.13,3.2.6,32,13th Gen Intel(R) Core(TM) i9-13900HX,1,1 x NVIDIA GeForce RTX 4070 Laptop GPU,9.1922,45.4722,31.70067596435547,machine,0.0,7.0,22.66,7.1864570617675785,N,1.0,0.0
2026-05-03T00:28:28,Q183_gemma2:27b_SQuAD,f2255124-cbdf-408c-9106-04c6bce3717a,5b0fa12a-3dd7-45bb-9766-cc326314d9f1,18.7179362999741,0.0001089788340137,5.822160748238063e-06,13.247202314240004,30.82284943630472,20.0,6.408942415498422e-05,0.00016703068918,9.84018177777115e-05,0.0003295219311126,0.0,Italy,ITA,lombardy,,,Windows-11-10.0.26200-SP0,3.13.13,3.2.6,32,13th Gen Intel(R) Core(TM) i9-13900HX,1,1 x NVIDIA GeForce RTX 4070 Laptop GPU,9.1922,45.4722,31.70067596435547,machine,0.0,10.352941176470589,48.14117647058824,15.260827905991498,N,1.0,0.0
2026-05-03T00:29:13,Q184_llama3.2_HumanEval,c4c6c05b-979c-41db-827e-a8e34470d60b,5b0fa12a-3dd7-45bb-9766-cc326314d9f1,9.311301800014917,6.551552467126593e-05,7.036129434786549e-06,12.8763051248,45.49111584178494,20.0,3.150911267927415e-05,0.00011765148301,4.8940277777728623e-05,0.000198100873467,0.0,Italy,ITA,lombardy,,,Windows-11-10.0.26200-SP0,3.13.13,3.2.6,32,13th Gen Intel(R) Core(TM) i9-13900HX,1,1 x NVIDIA GeForce RTX 4070 Laptop GPU,9.1922,45.4722,31.70067596435547,machine,0.0,43.85714285714285,28.82857142857143,9.136912754603795,N,1.0,0.0
2026-05-03T00:29:44,Q184_llama3.1_HumanEval,2a407c36-1d26-4a52-8e3e-a92f0f0afbd1,5b0fa12a-3dd7-45bb-9766-cc326314d9f1,15.672102899989111,0.0001285824422707,8.204543008126868e-06,12.84433964288,57.52480231949141,20.0,5.412152818813132e-05,0.0002504046447679,8.427166166657116e-05,0.0003887978346227,0.0,Italy,ITA,lombardy,,,Windows-11-10.0.26200-SP0,3.13.13,3.2.6,32,13th Gen Intel(R) Core(TM) i9-13900HX,1,1 x NVIDIA GeForce RTX 4070 Laptop GPU,9.1922,45.4722,31.70067596435547,machine,0.0,66.14285714285714,22.435714285714283,7.10796628679548,N,1.0,0.0
2026-05-03T00:30:39,Q184_gemma2:27b_HumanEval,65a91e55-fa39-4cdc-a45a-7befdbd39989,5b0fa12a-3dd7-45bb-9766-cc326314d9f1,20.04442449996713,0.0001142066434389,5.697676350804578e-06,13.31388264704,31.52052057907981,20.0,6.88727197836764e-05,0.0001706904143299,0.0001057662505553,0.0003453293846689,0.0,Italy,ITA,lombardy,,,Windows-11-10.0.26200-SP0,3.13.13,3.2.6,32,13th Gen Intel(R) Core(TM) i9-13900HX,1,1 x NVIDIA GeForce RTX 4070 Laptop GPU,9.1922,45.4722,31.70067596435547,machine,0.0,21.11111111111111,48.2,15.277965333726671,N,1.0,0.0
2026-05-03T00:31:23,Q185_llama3.2_HumanEval,de0244dc-4f33-4cff-bbd9-f55c037c7ccf,5b0fa12a-3dd7-45bb-9766-cc326314d9f1,8.962211200036108,6.355901011667154e-05,7.091889344943742e-06,12.862720697600002,46.18524782455927,20.0,3.0225354540977908e-05,0.000114963703082,4.699585555580497e-05,0.0001921849131788,0.0,Italy,ITA,lombardy,,,Windows-11-10.0.26200-SP0,3.13.13,3.2.6,32,13th Gen Intel(R) Core(TM) i9-13900HX,1,1 x NVIDIA GeForce RTX 4070 Laptop GPU,9.1922,45.4722,31.70067596435547,machine,0.0,43.42857142857143,29.08571428571429,9.218512398856026,N,1.0,0.0
2026-05-03T00:31:50,Q185_llama3.1_HumanEval,774c5e97-8c1a-41ca-bae6-9de24f1c8e59,5b0fa12a-3dd7-45bb-9766-cc326314d9f1,11.262742599996272,8.39712396395037e-05,7.4556653402992174e-06,12.867743141120002,49.79506352994045,20.0,3.844545087603804e-05,0.000155706513454,5.975389999997181e-05,0.00025390586433,0.0,Italy,ITA,lombardy,,,Windows-11-10.0.26200-SP0,3.13.13,3.2.6,32,13th Gen Intel(R) Core(TM) i9-13900HX,1,1 x NVIDIA GeForce RTX 4070 Laptop GPU,9.1922,45.4722,31.70067596435547,machine,0.0,58.66666666666666,22.466666666666665,7.1180979410807295,N,1.0,0.0
2026-05-03T00:33:14,Q185_gemma2:27b_HumanEval,2b780427-b649-416d-9153-d16838c3f47d,5b0fa12a-3dd7-45bb-9766-cc326314d9f1,58.9458033000119,0.0003078880716735,5.223239898972117e-06,13.45299194646286,24.26545633746606,20.0,0.0002125844901538,0.0004021030994599,0.0003162810050002,0.000930968594614,0.0,Italy,ITA,lombardy,,,Windows-11-10.0.26200-SP0,3.13.13,3.2.6,32,13th Gen Intel(R) Core(TM) i9-13900HX,1,1 x NVIDIA GeForce RTX 4070 Laptop GPU,9.1922,45.4722,31.70067596435547,machine,1.0789473684210529,25.31578947368421,51.60701754385965,16.36323580825538,N,1.0,0.0
2026-05-03T00:34:18,Q186_llama3.2_MMLU,4b9d373c-af30-44e2-b412-badfad999a67,5b0fa12a-3dd7-45bb-9766-cc326314d9f1,8.325631399988197,5.295337578621311e-05,6.360283471868353e-06,12.8638025984,38.37050080692248,20.0,2.794981244525964e-05,8.87131265259744e-05,4.345346166681136e-05,0.000160116400638,0.0,Italy,ITA,lombardy,,,Windows-11-10.0.26200-SP0,3.13.13,3.2.6,32,13th Gen Intel(R) Core(TM) i9-13900HX,1,1 x NVIDIA GeForce RTX 4070 Laptop GPU,9.1922,45.4722,31.70067596435547,machine,0.0,36.66666666666666,30.75,9.748417536417644,N,1.0,0.0
2026-05-03T00:35:04,Q186_llama3.1_MMLU,e638fb1e-1c47-4644-a294-c88f45006aa8,5b0fa12a-3dd7-45bb-9766-cc326314d9f1,10.726761300000362,7.929636187111369e-05,7.392386168890605e-06,12.84969972224,49.16263323000349,20.0,3.649387750233544e-05,0.000146476228292,5.680021777774932e-05,0.000239770323572,0.0,Italy,ITA,lombardy,,,Windows-11-10.0.26200-SP0,3.13.13,3.2.6,32,13th Gen Intel(R) Core(TM) i9-13900HX,1,1 x NVIDIA GeForce RTX 4070 Laptop GPU,9.1922,45.4722,31.70067596435547,machine,0.0,59.11111111111112,22.45555555555556,7.114436679416233,N,1.0,0.0
2026-05-03T00:35:49,Q186_gemma2:27b_MMLU,92a757cd-24fd-4334-8a0a-d6e9833d83e3,5b0fa12a-3dd7-45bb-9766-cc326314d9f1,19.89185620000353,0.0001140819454058,5.735108089402693e-06,13.38223791872,35.128508665950264,20.0,6.859401672195694e-05,0.0001714512482719,0.0001049070672222,0.0003449523322161,0.0,Italy,ITA,lombardy,,,Windows-11-10.0.26200-SP0,3.13.13,3.2.6,32,13th Gen Intel(R) Core(TM) i9-13900HX,1,1 x NVIDIA GeForce RTX 4070 Laptop GPU,9.1922,45.4722,31.70067596435547,machine,2.7777777777777777,16.5,48.28888888888888,15.309481302897137,N,1.0,0.0
2026-05-03T00:36:32,Q187_llama3.2_MMLU,df2d9a2c-f578-4399-b0f6-0524fb60a893,5b0fa12a-3dd7-45bb-9766-cc326314d9f1,7.132812199997716,4.292499025157675e-05,6.01796164654251e-06,12.871409945600002,34.955384317135234,20.0,2.3706979370956745e-05,6.925061095600094e-05,3.683573888879943e-05,0.0001297933292157,0.0,Italy,ITA,lombardy,,,Windows-11-10.0.26200-SP0,3.13.13,3.2.6,32,13th Gen Intel(R) Core(TM) i9-13900HX,1,1 x NVIDIA GeForce RTX 4070 Laptop GPU,9.1922,45.4722,31.70067596435547,machine,0.0,23.6,31.5,9.990189361572266,N,1.0,0.0
2026-05-03T00:36:54,Q187_llama3.1_MMLU,fc98a8ff-4d5b-4c31-bcc7-6f076669b591,5b0fa12a-3dd7-45bb-9766-cc326314d9f1,6.70614470000146,3.851177066425135e-05,5.742758676865856e-06,12.8526402176,32.15512989367593,20.0,2.213880772753015e-05,5.986088122197919e-05,3.444928166669949e-05,0.0001164489706162,0.0,Italy,ITA,lombardy,,,Windows-11-10.0.26200-SP0,3.13.13,3.2.6,32,13th Gen Intel(R) Core(TM) i9-13900HX,1,1 x NVIDIA GeForce RTX 4070 Laptop GPU,9.1922,45.4722,31.70067596435547,machine,0.0,9.0,22.78,7.219806671142578,N,1.0,0.0
2026-05-03T00:37:39,Q187_gemma2:27b_MMLU,b8c85597-b02c-49fd-a763-b36b39ac313b,5b0fa12a-3dd7-45bb-9766-cc326314d9f1,29.827775200014003,0.0001601931816225,5.370604429877637e-06,13.42553006336,25.919928390313544,20.0,0.0001070730520782,0.0002171860070819,0.0001601209311112,0.0004843799902714,0.0,Italy,ITA,lombardy,,,Windows-11-10.0.26200-SP0,3.13.13,3.2.6,32,13th Gen Intel(R) Core(TM) i9-13900HX,1,1 x NVIDIA GeForce RTX 4070 Laptop GPU,9.1922,45.4722,31.70067596435547,machine,6.428571428571429,12.285714285714286,50.160714285714285,15.897872379847936,N,1.0,0.0
2026-05-03T00:38:34,Q188_llama3.2_HumanEval,2777480c-4c13-407b-81d5-69d2c3c7a73c,5b0fa12a-3dd7-45bb-9766-cc326314d9f1,9.651909600012004,6.758388616319757e-05,7.002125896735866e-06,12.8542944,45.08347421782746,20.0,3.266921635442391e-05,0.0001208567633519,5.0829048333172165e-05,0.0002043550280395,0.0,Italy,ITA,lombardy,,,Windows-11-10.0.26200-SP0,3.13.13,3.2.6,32,13th Gen Intel(R) Core(TM) i9-13900HX,1,1 x NVIDIA GeForce RTX 4070 Laptop GPU,9.1922,45.4722,31.70067596435547,machine,0.0,50.375,28.1125,8.917829513549805,N,1.0,0.0
2026-05-03T00:39:13,Q188_llama3.1_HumanEval,9c641e38-359f-4d4d-8aaa-502b9f6d1e0f,5b0fa12a-3dd7-45bb-9766-cc326314d9f1,14.07709929998964,0.0001144427871894,8.129713710940751e-06,12.862180928000004,56.81291865000935,20.0,4.849936774524759e-05,0.0002221310110379,7.541303944437662e-05,0.0003460434182276,0.0,Italy,ITA,lombardy,,,Windows-11-10.0.26200-SP0,3.13.13,3.2.6,32,13th Gen Intel(R) Core(TM) i9-13900HX,1,1 x NVIDIA GeForce RTX 4070 Laptop GPU,9.1922,45.4722,31.70067596435547,machine,0.0,60.583333333333336,22.641666666666666,7.182211558024089,N,1.0,0.0
2026-05-03T00:40:17,Q188_gemma2:27b_HumanEval,ed59cbdd-1242-48c6-bf4c-71d6c0883030,5b0fa12a-3dd7-45bb-9766-cc326314d9f1,28.223283800005447,0.0001547040304579,5.481432690619773e-06,13.27263125504,27.090151768696607,20.0,9.985065241488432e-05,0.0002167740623079,0.0001511575966662,0.0004677823113891,0.0,Italy,ITA,lombardy,,,Windows-11-10.0.26200-SP0,3.13.13,3.2.6,32,13th Gen Intel(R) Core(TM) i9-13900HX,1,1 x NVIDIA GeForce RTX 4070 Laptop GPU,9.1922,45.4722,31.70067596435547,machine,0.0,18.07692307692308,49.88461538461539,15.811243057250977,N,1.0,0.0
2026-05-03T00:41:11,Q189_llama3.2_MMLU,533dcab9-6a0b-480f-b8f6-f205e5d27280,5b0fa12a-3dd7-45bb-9766-cc326314d9f1,9.177482600032818,6.350778051980992e-05,6.9199565161347e-06,12.8634252752,44.26627409993524,20.0,3.0999107631433354e-05,0.000112834534712,4.819636666668682e-05,0.0001920300090101,0.0,Italy,ITA,lombardy,,,Windows-11-10.0.26200-SP0,3.13.13,3.2.6,32,13th Gen Intel(R) Core(TM) i9-13900HX,1,1 x NVIDIA GeForce RTX 4070 Laptop GPU,9.1922,45.4722,31.70067596435547,machine,10.714285714285714,44.142857142857146,29.285714285714285,9.282479422433036,N,1.0,0.0
2026-05-03T00:41:59,Q189_llama3.1_MMLU,0ef3a1d0-9173-4f07-b97b-1c0d2966d377,5b0fa12a-3dd7-45bb-9766-cc326314d9f1,12.2363156999927,9.27532785958797e-05,7.580163904722973e-06,12.859647460072727,51.15219240609531,20.0,4.1839222009761e-05,0.0001735512499519,6.506985555558155e-05,0.0002804603275173,0.0,Italy,ITA,lombardy,,,Windows-11-10.0.26200-SP0,3.13.13,3.2.6,32,13th Gen Intel(R) Core(TM) i9-13900HX,1,1 x NVIDIA GeForce RTX 4070 Laptop GPU,9.1922,45.4722,31.70067596435547,machine,0.0,53.5,22.74,7.208343124389648,N,1.0,0.0
2026-05-03T00:42:58,Q189_gemma2:27b_MMLU,b1f206fb-283b-48cf-a85a-6bf651005f6c,5b0fa12a-3dd7-45bb-9766-cc326314d9f1,34.55258220003452,0.0001843888790788,5.336471758068935e-06,13.55040315264,25.331820135885422,20.0,0.0001244640879175,0.00024950575516,0.0001835712616668,0.0005575411047443,0.0,Italy,ITA,lombardy,,,Windows-11-10.0.26200-SP0,3.13.13,3.2.6,32,13th Gen Intel(R) Core(TM) i9-13900HX,1,1 x NVIDIA GeForce RTX 4070 Laptop GPU,9.1922,45.4722,31.70067596435547,machine,7.465625,23.4375,50.6875,16.062559723854065,N,1.0,0.0
2026-05-03T00:43:51,Q190_llama3.2_GSM8K,925505c5-31b2-41ac-9add-027b8c314139,5b0fa12a-3dd7-45bb-9766-cc326314d9f1,7.757225900015328,4.9246125554214536e-05,6.34841967849837e-06,12.896292207542858,38.34040421103026,20.0,2.5991546978503505e-05,8.260756608599595e-05,4.0307585555516806e-05,0.00014890669862,0.0,Italy,ITA,lombardy,,,Windows-11-10.0.26200-SP0,3.13.13,3.2.6,32,13th Gen Intel(R) Core(TM) i9-13900HX,1,1 x NVIDIA GeForce RTX 4070 Laptop GPU,9.1922,45.4722,31.70067596435547,machine,0.0,35.0,30.883333333333336,9.78902498881022,N,1.0,0.0
2026-05-03T00:44:29,Q190_llama3.1_GSM8K,9aa5ba2d-690c-4426-819d-acabe3ba3e67,5b0fa12a-3dd7-45bb-9766-cc326314d9f1,12.34073090000311,9.198915155945564e-05,7.454108861528814e-06,12.855625650036364,49.65636088513206,20.0,4.225941258954144e-05,0.0001701470805619,6.574332500005968e-05,0.0002781498181515,0.0,Italy,ITA,lombardy,,,Windows-11-10.0.26200-SP0,3.13.13,3.2.6,32,13th Gen Intel(R) Core(TM) i9-13900HX,1,1 x NVIDIA GeForce RTX 4070 Laptop GPU,9.1922,45.4722,31.70067596435547,machine,0.0,62.2,22.78,7.22314567565918,N,1.0,0.0
2026-05-03T00:45:39,Q190_gemma2:27b_GSM8K,59e1523a-f3aa-4a25-aafd-8d74e561505c,5b0fa12a-3dd7-45bb-9766-cc326314d9f1,45.12384379998548,0.0002398428171058,5.315212466583169e-06,13.55705093408,25.20331749922893,20.0,0.0001637862087986,0.0003191591442159,0.0002422731627778,0.0007252185157924,0.0,Italy,ITA,lombardy,,,Windows-11-10.0.26200-SP0,3.13.13,3.2.6,32,13th Gen Intel(R) Core(TM) i9-13900HX,1,1 x NVIDIA GeForce RTX 4070 Laptop GPU,9.1922,45.4722,31.70067596435547,machine,1.9023255813953488,16.930232558139537,51.73488372093023,16.391594287961027,N,1.0,0.0
2026-05-03T00:46:45,Q191_llama3.2_HellaSwag,8e385204-17bb-46e2-ae2c-b1bccab38254,5b0fa12a-3dd7-45bb-9766-cc326314d9f1,9.027422499959355,6.067587639213054e-05,6.721284662638058e-06,12.8605480976,42.13346016781201,20.0,3.0456938732045657e-05,0.000105646751184,4.736342222216384e-05,0.0001834671121382,0.0,Italy,ITA,lombardy,,,Windows-11-10.0.26200-SP0,3.13.13,3.2.6,32,13th Gen Intel(R) Core(TM) i9-13900HX,1,1 x NVIDIA GeForce RTX 4070 Laptop GPU,9.1922,45.4722,31.70067596435547,machine,0.0,47.57142857142857,29.5,9.351730346679688,N,1.0,0.0
2026-05-03T00:47:44,Q191_llama3.1_HellaSwag,8f7ab628-6c07-4ade-967c-c4b609c78d5a,5b0fa12a-3dd7-45bb-9766-cc326314d9f1,14.572944600018673,0.0001203789386939,8.260440288356105e-06,12.865047235657144,58.19081323161845,20.0,5.0283707175138096e-05,0.0002355387995419,7.817019611118464e-05,0.0003639927028283,0.0,Italy,ITA,lombardy,,,Windows-11-10.0.26200-SP0,3.13.13,3.2.6,32,13th Gen Intel(R) Core(TM) i9-13900HX,1,1 x NVIDIA GeForce RTX 4070 Laptop GPU,9.1922,45.4722,31.70067596435547,machine,4.276923076923077,65.0,23.09230769230769,7.323756584754357,N,1.0,0.0
2026-05-03T00:48:39,Q191_gemma2:27b_HellaSwag,cf300845-a275-46eb-a078-fd2bd614dc1e,5b0fa12a-3dd7-45bb-9766-cc326314d9f1,19.02285050001228,0.0001038415501491,5.458779700188075e-06,13.27295533664,29.87572364509404,20.0,6.542910866516587e-05,0.000148462340992,0.0001000967522222,0.0003139882018794,0.0,Italy,ITA,lombardy,,,Windows-11-10.0.26200-SP0,3.13.13,3.2.6,32,13th Gen Intel(R) Core(TM) i9-13900HX,1,1 x NVIDIA GeForce RTX 4070 Laptop GPU,9.1922,45.4722,31.70067596435547,machine,4.705882352941177,12.235294117647058,48.49411764705882,15.3732712689568,N,1.0,0.0
2026-05-03T00:49:10,Q192_llama3.2_SQuAD,beed9503-6ae2-4e26-8d0d-3c7847cbbd26,5b0fa12a-3dd7-45bb-9766-cc326314d9f1,6.082477900024969,3.384248167963565e-05,5.563930068615083e-06,12.85336577792,30.428989902049405,20.0,1.9923917674419248e-05,5.140531890202027e-05,3.100109222222172e-05,0.0001023303287986,0.0,Italy,ITA,lombardy,,,Windows-11-10.0.26200-SP0,3.13.13,3.2.6,32,13th Gen Intel(R) Core(TM) i9-13900HX,1,1 x NVIDIA GeForce RTX 4070 Laptop GPU,9.1922,45.4722,31.70067596435547,machine,0.0,8.5,34.05,10.791105270385742,N,1.0,0.0
2026-05-03T00:49:32,Q192_llama3.1_SQuAD,aa7cf1f9-b036-46e6-bdae-ee4a2418f589,5b0fa12a-3dd7-45bb-9766-cc326314d9f1,7.12578719999874,3.924053125123338e-05,5.5068345643608775e-06,12.859356550400005,29.408576445550207,20.0,2.365806836799701e-05,5.82003243380369e-05,3.679414888902102e-05,0.000118652541595,0.0,Italy,ITA,lombardy,,,Windows-11-10.0.26200-SP0,3.13.13,3.2.6,32,13th Gen Intel(R) Core(TM) i9-13900HX,1,1 x NVIDIA GeForce RTX 4070 Laptop GPU,9.1922,45.4722,31.70067596435547,machine,0.0,9.4,23.06,7.309619140625,N,1.0,0.0
2026-05-03T00:50:04,Q192_gemma2:27b_SQuAD,0b089589-8049-4474-b40d-673115bb2a94,5b0fa12a-3dd7-45bb-9766-cc326314d9f1,16.757247900008224,0.0001497042317791,8.933700370873703e-06,12.87884493056,61.37165417869507,20.0,0.0001154053652173,0.000158044293102,0.0001792146411113,0.0004526642994307,0.0,Italy,ITA,lombardy,,,Windows-11-10.0.26200-SP0,3.13.13,3.2.6,32,13th Gen Intel(R) Core(TM) i9-13900HX,1,1 x NVIDIA GeForce RTX 4070 Laptop GPU,9.1922,45.4722,31.70067596435547,machine,0.0,14.066666666666666,47.67333333333333,15.111849212646485,N,1.0,0.0
2026-05-03T00:50:37,Q193_llama3.2_HellaSwag,d893a418-ef65-4bf2-9548-f5c50ca0af49,5b0fa12a-3dd7-45bb-9766-cc326314d9f1,6.956654699984938,3.912151318913504e-05,5.623610036188764e-06,12.8582775296,30.73017967049348,20.0,2.3055486305887268e-05,5.937726972399249e-05,3.585990777776008e-05,0.0001182926638076,0.0,Italy,ITA,lombardy,,,Windows-11-10.0.26200-SP0,3.13.13,3.2.6,32,13th Gen Intel(R) Core(TM) i9-13900HX,1,1 x NVIDIA GeForce RTX 4070 Laptop GPU,9.1922,45.4722,31.70067596435547,machine,0.0,22.6,32.1,10.178998565673828,N,1.0,0.0
2026-05-03T00:50:59,Q193_llama3.1_HellaSwag,58b014ed-1930-48fa-b047-f7e3baec943d,5b0fa12a-3dd7-45bb-9766-cc326314d9f1,6.902989199967124,3.827942384574302e-05,5.545340248529627e-06,12.863116755200002,29.89310731974573,20.0,2.287202152647489e-05,5.731310140599799e-05,3.556129499985319e-05,0.0001157464179323,0.0,Italy,ITA,lombardy,,,Windows-11-10.0.26200-SP0,3.13.13,3.2.6,32,13th Gen Intel(R) Core(TM) i9-13900HX,1,1 x NVIDIA GeForce RTX 4070 Laptop GPU,9.1922,45.4722,31.70067596435547,machine,0.0,29.2,23.1,7.332756805419922,N,1.0,0.0
2026-05-03T00:51:33,Q193_gemma2:27b_HellaSwag,2571f3f8-8e89-4002-a88d-2960ef0af3d0,5b0fa12a-3dd7-45bb-9766-cc326314d9f1,18.976723500003573,0.0001141327452163,6.014354649596373e-06,13.18368839744,33.89492830960393,20.0,6.489687086832893e-05,0.00018036819985,9.984086611107664e-05,0.0003451059368294,0.0,Italy,ITA,lombardy,,,Windows-11-10.0.26200-SP0,3.13.13,3.2.6,32,13th Gen Intel(R) Core(TM) i9-13900HX,1,1 x NVIDIA GeForce RTX 4070 Laptop GPU,9.1922,45.4722,31.70067596435547,machine,5.882352941176471,11.294117647058824,48.57647058823529,15.399309046128216,N,1.0,0.0
2026-05-03T00:52:19,Q194_llama3.2_HumanEval,bab5a62a-b04f-4bab-a428-ccb3ab384b63,5b0fa12a-3dd7-45bb-9766-cc326314d9f1,11.068062700040173,8.447714204514134e-05,7.632513867565525e-06,12.85305337856,51.72787799015335,20.0,3.772182976502906e-05,0.00015901818277,5.869556111121913e-05,0.0002554355736462,0.0,Italy,ITA,lombardy,,,Windows-11-10.0.26200-SP0,3.13.13,3.2.6,32,13th Gen Intel(R) Core(TM) i9-13900HX,1,1 x NVIDIA GeForce RTX 4070 Laptop GPU,9.1922,45.4722,31.70067596435547,machine,6.666666666666667,55.888888888888886,27.95555555555556,8.865151723225912,N,1.0,0.0
2026-05-03T00:53:01,Q194_llama3.1_HumanEval,e3fe061e-07fb-4b8c-99b3-088833c46fc8,5b0fa12a-3dd7-45bb-9766-cc326314d9f1,16.983533899998292,0.000195956105785,1.1538005396216174e-05,12.84112120448,58.89142827628149,20.0,0.0001159109799499,0.0002960732924139,0.0001805329350001,0.0005925172073639,0.0,Italy,ITA,lombardy,,,Windows-11-10.0.26200-SP0,3.13.13,3.2.6,32,13th Gen Intel(R) Core(TM) i9-13900HX,1,1 x NVIDIA GeForce RTX 4070 Laptop GPU,9.1922,45.4722,31.70067596435547,machine,0.0,67.93333333333334,23.08,7.313267008463542,N,1.0,0.0
2026-05-03T00:54:02,Q194_gemma2:27b_HumanEval,3359e54e-5e3e-4c5b-8386-34a9cc7ebe5b,5b0fa12a-3dd7-45bb-9766-cc326314d9f1,25.666924899967853,0.0001376767852678,5.363976627681442e-06,13.316351012480002,25.55414567412891,20.0,9.036662126831055e-05,0.000188927651142,0.0001370023466666,0.0004162966190769,0.0,Italy,ITA,lombardy,,,Windows-11-10.0.26200-SP0,3.13.13,3.2.6,32,13th Gen Intel(R) Core(TM) i9-13900HX,1,1 x NVIDIA GeForce RTX 4070 Laptop GPU,9.1922,45.4722,31.70067596435547,machine,3.865217391304348,19.26086956521739,49.83913043478261,15.7972878165867,N,1.0,0.0
2026-05-03T00:54:56,Q195_llama3.2_GSM8K,21f3c370-410e-4f22-a036-dce23d36ff69,5b0fa12a-3dd7-45bb-9766-cc326314d9f1,7.802667999989353,5.209973045601884e-05,6.67716868846527e-06,12.857779481600002,41.94613087921928,20.0,2.607395492267765e-05,9.090479494597292e-05,4.055646277783025e-05,0.0001575352126464,0.0,Italy,ITA,lombardy,,,Windows-11-10.0.26200-SP0,3.13.13,3.2.6,32,13th Gen Intel(R) Core(TM) i9-13900HX,1,1 x NVIDIA GeForce RTX 4070 Laptop GPU,9.1922,45.4722,31.70067596435547,machine,0.0,37.5,30.08333333333333,9.53380266825358,N,1.0,0.0
2026-05-03T00:55:21,Q195_llama3.1_GSM8K,b185e482-bff7-48b4-8f21-cc3bdc47cf03,5b0fa12a-3dd7-45bb-9766-cc326314d9f1,9.63350229995558,6.46371534766706e-05,6.709621429889382e-06,12.869818547200005,41.90106429030115,20.0,3.263587216372773e-05,0.00011209314523,5.0715903888663487e-05,0.0001954449212823,0.0,Italy,ITA,lombardy,,,Windows-11-10.0.26200-SP0,3.13.13,3.2.6,32,13th Gen Intel(R) Core(TM) i9-13900HX,1,1 x NVIDIA GeForce RTX 4070 Laptop GPU,9.1922,45.4722,31.70067596435547,machine,0.0,42.125,23.05,7.315988540649414,N,1.0,0.0
2026-05-03T00:56:20,Q195_gemma2:27b_GSM8K,c783ca15-cf76-4d34-96d3-e6a1c7d83351,5b0fa12a-3dd7-45bb-9766-cc326314d9f1,33.570287799986545,0.0001827725130172,5.444472627289727e-06,13.322346180000002,24.80591960982235,20.0,0.0001183393863239,0.0002562602050079,0.0001780540683335,0.0005526536596655,0.0,Italy,ITA,lombardy,,,Windows-11-10.0.26200-SP0,3.13.13,3.2.6,32,13th Gen Intel(R) Core(TM) i9-13900HX,1,1 x NVIDIA GeForce RTX 4070 Laptop GPU,9.1922,45.4722,31.70067596435547,machine,4.516129032258065,19.225806451612904,50.87096774193548,16.124122742683657,N,1.0,0.0
2026-05-03T00:57:12,Q196_llama3.2_SQuAD,a291639d-ed72-437a-ba6a-67340af11e87,5b0fa12a-3dd7-45bb-9766-cc326314d9f1,6.186444399994798,3.428593016664147e-05,5.542105925444073e-06,12.870630433280002,30.13352707645432,20.0,2.032102438587434e-05,5.177365253000721e-05,3.1576517777607984e-05,0.0001036711946934,0.0,Italy,ITA,lombardy,,,Windows-11-10.0.26200-SP0,3.13.13,3.2.6,32,13th Gen Intel(R) Core(TM) i9-13900HX,1,1 x NVIDIA GeForce RTX 4070 Laptop GPU,9.1922,45.4722,31.70067596435547,machine,0.0,3.75,34.475,10.933623313903809,N,1.0,0.0
2026-05-03T00:57:34,Q196_llama3.1_SQuAD,cdee957d-d57e-40b7-9f7f-df57a9eb4180,5b0fa12a-3dd7-45bb-9766-cc326314d9f1,7.008745500002988,3.9665524964962655e-05,5.659432913485837e-06,12.8705489024,31.09251486121236,20.0,2.3262776369413818e-05,6.052699286598906e-05,3.614783611103323e-05,0.0001199376053464,0.0,Italy,ITA,lombardy,,,Windows-11-10.0.26200-SP0,3.13.13,3.2.6,32,13th Gen Intel(R) Core(TM) i9-13900HX,1,1 x NVIDIA GeForce RTX 4070 Laptop GPU,9.1922,45.4722,31.70067596435547,machine,28.34,16.0,23.12,7.329749298095703,N,1.0,0.0
2026-05-03T00:58:18,Q196_gemma2:27b_SQuAD,75f0000e-20a8-4d5f-acc6-ce0879c39321,5b0fa12a-3dd7-45bb-9766-cc326314d9f1,18.40590750001138,0.000100467462329,5.458435685877838e-06,13.347176998400002,29.73910686307547,20.0,6.304045914331208e-05,0.0001440981708339,9.664726111125976e-05,0.0003037858910885,0.0,Italy,ITA,lombardy,,,Windows-11-10.0.26200-SP0,3.13.13,3.2.6,32,13th Gen Intel(R) Core(TM) i9-13900HX,1,1 x NVIDIA GeForce RTX 4070 Laptop GPU,9.1922,45.4722,31.70067596435547,machine,0.0,13.0625,48.0625,15.235456943511965,N,1.0,0.0
2026-05-03T00:58:51,Q197_llama3.2_MMLU,b5922f37-f6f3-4e2f-9bca-989369b7f8ca,5b0fa12a-3dd7-45bb-9766-cc326314d9f1,6.926866199995857,4.128967320930528e-05,5.960801323018189e-06,12.858871865600005,34.41171819722864,20.0,2.294964474603704e-05,6.620533074197521e-05,3.569360611113047e-05,0.0001248485815991,0.0,Italy,ITA,lombardy,,,Windows-11-10.0.26200-SP0,3.13.13,3.2.6,32,13th Gen Intel(R) Core(TM) i9-13900HX,1,1 x NVIDIA GeForce RTX 4070 Laptop GPU,9.1922,45.4722,31.70067596435547,machine,0.0,26.8,31.72,10.056846618652344,N,1.0,0.0
2026-05-03T00:59:26,Q197_llama3.1_MMLU,8e47c167-1d7b-4562-8d36-84d26cc54dce,5b0fa12a-3dd7-45bb-9766-cc326314d9f1,10.053387299994938,7.003880365086745e-05,6.966687103649405e-06,12.8632440192,44.62354584169936,20.0,3.412453274143799e-05,0.0001245970441219,5.305644444435732e-05,0.0002117780213077,0.0,Italy,ITA,lombardy,,,Windows-11-10.0.26200-SP0,3.13.13,3.2.6,32,13th Gen Intel(R) Core(TM) i9-13900HX,1,1 x NVIDIA GeForce RTX 4070 Laptop GPU,9.1922,45.4722,31.70067596435547,machine,12.5,45.625,22.975,7.28786039352417,N,1.0,0.0
2026-05-03T01:00:01,Q197_gemma2:27b_MMLU,e3a60d3c-6590-460e-91c5-7b413880034d,5b0fa12a-3dd7-45bb-9766-cc326314d9f1,19.670029899978545,0.0001116419320731,5.675737792002908e-06,13.3666850432,29.881269610870447,20.0,6.780113102423601e-05,0.0001660826328659,0.0001036906411108,0.000337574405001,0.0,Italy,ITA,lombardy,,,Windows-11-10.0.26200-SP0,3.13.13,3.2.6,32,13th Gen Intel(R) Core(TM) i9-13900HX,1,1 x NVIDIA GeForce RTX 4070 Laptop GPU,9.1922,45.4722,31.70067596435547,machine,0.0,12.555555555555555,48.66666666666666,15.429543601142036,N,1.0,0.0
2026-05-03T01:00:43,Q198_llama3.2_MMLU,cbad9d2f-aeaf-4704-a90d-a9c0bf852a4d,5b0fa12a-3dd7-45bb-9766-cc326314d9f1,7.243711200018879,4.432949410072961e-05,6.119721352310964e-06,12.871384736,36.05653212803465,20.0,2.409342451132323e-05,7.251061356397526e-05,3.743612333330222e-05,0.0001340401614086,0.0,Italy,ITA,lombardy,,,Windows-11-10.0.26200-SP0,3.13.13,3.2.6,32,13th Gen Intel(R) Core(TM) i9-13900HX,1,1 x NVIDIA GeForce RTX 4070 Laptop GPU,9.1922,45.4722,31.70067596435547,machine,0.0,22.6,31.8,10.07674331665039,N,1.0,0.0
2026-05-03T01:01:05,Q198_llama3.1_MMLU,32717946-e28d-43af-8ae8-d3aecf22fdce,5b0fa12a-3dd7-45bb-9766-cc326314d9f1,6.724997099954635,3.714191057864543e-05,5.522963062526224e-06,12.8438429504,29.734747908244746,20.0,2.219966884287117e-05,5.553948887596083e-05,3.456773388865663e-05,0.0001123068916074,0.0,Italy,ITA,lombardy,,,Windows-11-10.0.26200-SP0,3.13.13,3.2.6,32,13th Gen Intel(R) Core(TM) i9-13900HX,1,1 x NVIDIA GeForce RTX 4070 Laptop GPU,9.1922,45.4722,31.70067596435547,machine,0.0,14.2,22.94,7.272021484375,N,1.0,0.0
2026-05-03T01:01:38,Q198_gemma2:27b_MMLU,9025c564-8d58-42f6-acc6-09c992dc7fea,5b0fa12a-3dd7-45bb-9766-cc326314d9f1,17.3849104999681,0.000102318896126,5.8855003093788685e-06,13.4075217824,39.12517382956857,20.0,5.944906956510572e-05,0.0001589306826999,9.100436388851247e-05,0.0003093841161535,0.0,Italy,ITA,lombardy,,,Windows-11-10.0.26200-SP0,3.13.13,3.2.6,32,13th Gen Intel(R) Core(TM) i9-13900HX,1,1 x NVIDIA GeForce RTX 4070 Laptop GPU,9.1922,45.4722,31.70067596435547,machine,0.0,15.2,47.64,15.100482940673828,N,1.0,0.0
2026-05-03T01:02:11,Q199_llama3.2_GSM8K,659f1e8a-4d56-4723-97c7-16120991f84e,5b0fa12a-3dd7-45bb-9766-cc326314d9f1,7.62409190001199,4.92756851762174e-05,6.46315467106842e-06,12.872079965257145,39.65288143376855,20.0,2.54655215910726e-05,8.396451161601926e-05,3.956604555553188e-05,0.0001489960787626,0.0,Italy,ITA,lombardy,,,Windows-11-10.0.26200-SP0,3.13.13,3.2.6,32,13th Gen Intel(R) Core(TM) i9-13900HX,1,1 x NVIDIA GeForce RTX 4070 Laptop GPU,9.1922,45.4722,31.70067596435547,machine,0.0,23.33333333333333,30.23333333333333,9.57968839009603,N,1.0,0.0
2026-05-03T01:02:37,Q199_llama3.1_GSM8K,9df59226-0f1c-49a4-accb-76b20132cf31,5b0fa12a-3dd7-45bb-9766-cc326314d9f1,11.43668099999195,8.461034518154416e-05,7.398155564678574e-06,12.87774353792,49.11245455660494,20.0,3.910851450249981e-05,0.0001559926247939,6.07372038887762e-05,0.0002558383431852,0.0,Italy,ITA,lombardy,,,Windows-11-10.0.26200-SP0,3.13.13,3.2.6,32,13th Gen Intel(R) Core(TM) i9-13900HX,1,1 x NVIDIA GeForce RTX 4070 Laptop GPU,9.1922,45.4722,31.70067596435547,machine,0.0,48.333333333333336,22.27777777777778,7.064863840738933,N,1.0,0.0
2026-05-03T01:03:58,Q199_gemma2:27b_GSM8K,ae50e18d-4449-4e68-80f0-8f4272e37bae,5b0fa12a-3dd7-45bb-9766-cc326314d9f1,55.39151509996736,0.000290293965309,5.240765932926099e-06,13.401668124800002,24.39684251568417,20.0,0.0001984554137075,0.000382778361778,0.0002965350949994,0.000877768870485,0.0,Italy,ITA,lombardy,,,Windows-11-10.0.26200-SP0,3.13.13,3.2.6,32,13th Gen Intel(R) Core(TM) i9-13900HX,1,1 x NVIDIA GeForce RTX 4070 Laptop GPU,9.1922,45.4722,31.70067596435547,machine,7.128301886792453,21.32075471698113,51.34905660377358,16.269603441346366,N,1.0,0.0
2026-05-03T01:05:05,Q200_llama3.2_HumanEval,5e538072-3517-4899-ba6b-a01dd7404eab,5b0fa12a-3dd7-45bb-9766-cc326314d9f1,10.747345399984624,8.313322696854132e-05,7.735233573926103e-06,12.88022956544,52.85984615173947,20.0,3.665760561825911e-05,0.000157795126236,5.6919213333296485e-05,0.0002513719451875,0.0,Italy,ITA,lombardy,,,Windows-11-10.0.26200-SP0,3.13.13,3.2.6,32,13th Gen Intel(R) Core(TM) i9-13900HX,1,1 x NVIDIA GeForce RTX 4070 Laptop GPU,9.1922,45.4722,31.70067596435547,machine,0.0,56.77777777777778,27.45555555555556,8.702977922227648,N,1.0,0.0
2026-05-03T01:06:04,Q200_llama3.1_HumanEval,c61a6846-888b-485f-b349-3bcdea146df1,5b0fa12a-3dd7-45bb-9766-cc326314d9f1,13.850064699945506,0.0001111820459305,8.027547043224e-06,12.853280505107694,55.74098513005759,20.0,4.764825798765994e-05,0.000214395171516,7.414040666642702e-05,0.0003361838361701,0.0,Italy,ITA,lombardy,,,Windows-11-10.0.26200-SP0,3.13.13,3.2.6,32,13th Gen Intel(R) Core(TM) i9-13900HX,1,1 x NVIDIA GeForce RTX 4070 Laptop GPU,9.1922,45.4722,31.70067596435547,machine,8.333333333333334,62.41666666666666,22.341666666666665,7.077471733093262,N,1.0,0.0
2026-05-03T01:07:44,Q200_gemma2:27b_HumanEval,1c41f355-9790-4902-861f-5f457568e5c4,5b0fa12a-3dd7-45bb-9766-cc326314d9f1,65.10813690000214,0.0003403647103435,5.227683152204614e-06,13.447670518208003,24.1128025176938,20.0,0.0002341975125701,0.0004472598022519,0.0003477116761114,0.0010291689909335,0.0,Italy,ITA,lombardy,,,Windows-11-10.0.26200-SP0,3.13.13,3.2.6,32,13th Gen Intel(R) Core(TM) i9-13900HX,1,1 x NVIDIA GeForce RTX 4070 Laptop GPU,9.1922,45.4722,31.70067596435547,machine,3.1047619047619053,21.84126984126984,51.680952380952384,16.382997361440506,N,1.0,0.0
2026-05-03T01:08:56,Q201_llama3.2_SQuAD,3fadf040-e863-4c72-b008-5ff66fe4a175,5b0fa12a-3dd7-45bb-9766-cc326314d9f1,6.539554100017995,3.849724942082316e-05,5.886830941687175e-06,12.886097408,33.723502887534366,20.0,2.1610890601441937e-05,6.125366011400235e-05,3.3540511666473724e-05,0.0001164050623819,0.0,Italy,ITA,lombardy,,,Windows-11-10.0.26200-SP0,3.13.13,3.2.6,32,13th Gen Intel(R) Core(TM) i9-13900HX,1,1 x NVIDIA GeForce RTX 4070 Laptop GPU,9.1922,45.4722,31.70067596435547,machine,0.0,25.2,31.380000000000003,9.9503662109375,N,1.0,0.0
2026-05-03T01:09:18,Q201_llama3.1_SQuAD,2dbf1988-58cf-468c-926d-77ee52ea3721,5b0fa12a-3dd7-45bb-9766-cc326314d9f1,6.842415800027084,3.5804380859522446e-05,5.232710479152805e-06,12.875528441600002,26.545254622126954,20.0,2.265832204756286e-05,5.040920699397877e-05,3.519504166680337e-05,0.0001082625707083,0.0,Italy,ITA,lombardy,,,Windows-11-10.0.26200-SP0,3.13.13,3.2.6,32,13th Gen Intel(R) Core(TM) i9-13900HX,1,1 x NVIDIA GeForce RTX 4070 Laptop GPU,9.1922,45.4722,31.70067596435547,machine,20.0,26.6,22.42,7.111237335205078,N,1.0,0.0
2026-05-03T01:09:54,Q201_gemma2:27b_SQuAD,11d83bc5-1ebe-44fb-9fc3-cb4899de0ce1,5b0fa12a-3dd7-45bb-9766-cc326314d9f1,20.510052300000098,0.000114922881481,5.603246632436636e-06,13.478408583680002,28.43713497323605,20.0,7.115798598514432e-05,0.000167982634386,0.0001083544705554,0.0003474950909266,0.0,Italy,ITA,lombardy,,,Windows-11-10.0.26200-SP0,3.13.13,3.2.6,32,13th Gen Intel(R) Core(TM) i9-13900HX,1,1 x NVIDIA GeForce RTX 4070 Laptop GPU,9.1922,45.4722,31.70067596435547,machine,5.0,17.77777777777778,48.00555555555556,15.218597412109377,N,1.0,0.0
2026-05-03T01:10:36,Q202_llama3.2_SQuAD,5f2d17f8-0d26-4894-ac2f-157312abff1b,5b0fa12a-3dd7-45bb-9766-cc326314d9f1,6.426952900015749,3.370950593114169e-05,5.245021467491863e-06,12.87380248832,26.793119867484744,20.0,2.1187134111963365e-05,4.7826982705972965e-05,3.291413000002245e-05,0.0001019282468179,0.0,Italy,ITA,lombardy,,,Windows-11-10.0.26200-SP0,3.13.13,3.2.6,32,13th Gen Intel(R) Core(TM) i9-13900HX,1,1 x NVIDIA GeForce RTX 4070 Laptop GPU,9.1922,45.4722,31.70067596435547,machine,20.0,8.0,33.475,10.608510971069336,N,1.0,0.0
2026-05-03T01:10:57,Q202_llama3.1_SQuAD,8367fbdd-d5b9-42b1-9a34-36f9a31f1eab,5b0fa12a-3dd7-45bb-9766-cc326314d9f1,6.709370399999898,3.84488203034362e-05,5.73061524572213e-06,12.8580635072,31.9842995909837,20.0,2.2171432853596728e-05,5.960171434798989e-05,3.448547888902896e-05,0.0001162586260906,0.0,Italy,ITA,lombardy,,,Windows-11-10.0.26200-SP0,3.13.13,3.2.6,32,13th Gen Intel(R) Core(TM) i9-13900HX,1,1 x NVIDIA GeForce RTX 4070 Laptop GPU,9.1922,45.4722,31.70067596435547,machine,20.0,8.6,22.58,7.155446624755859,N,1.0,0.0
2026-05-03T01:11:33,Q202_gemma2:27b_SQuAD,29b06932-d013-45b9-843d-28f82a16e509,5b0fa12a-3dd7-45bb-9766-cc326314d9f1,20.250205199990887,0.0001138094695352,5.620163766799511e-06,13.42757370752,28.69792316160128,20.0,6.987555813859119e-05,0.00016734596721,0.000106906915,0.0003441284403487,0.0,Italy,ITA,lombardy,,,Windows-11-10.0.26200-SP0,3.13.13,3.2.6,32,13th Gen Intel(R) Core(TM) i9-13900HX,1,1 x NVIDIA GeForce RTX 4070 Laptop GPU,9.1922,45.4722,31.70067596435547,machine,0.0,13.11111111111111,48.18888888888889,15.277418772379557,N,1.0,0.0
2026-05-03T01:12:19,Q203_llama3.2_HellaSwag,fdcdfc9a-1b2c-4817-9adf-1df7b224f1f2,5b0fa12a-3dd7-45bb-9766-cc326314d9f1,10.976912799989805,8.121406558524875e-05,7.398625375371861e-06,12.85661518976,49.1881320700377,20.0,3.740767505325429e-05,0.0001499706755319,5.819057999987207e-05,0.0002455689305851,0.0,Italy,ITA,lombardy,,,Windows-11-10.0.26200-SP0,3.13.13,3.2.6,32,13th Gen Intel(R) Core(TM) i9-13900HX,1,1 x NVIDIA GeForce RTX 4070 Laptop GPU,9.1922,45.4722,31.70067596435547,machine,0.0,55.11111111111112,27.6,8.740954928927952,N,1.0,0.0
2026-05-03T01:13:04,Q203_llama3.1_HellaSwag,278a7ddc-ccf2-4581-a1fa-d618e73d2867,5b0fa12a-3dd7-45bb-9766-cc326314d9f1,9.37562850001268,6.318892769436668e-05,6.739700457871301e-06,12.8610383312,42.2659588721422,20.0,3.170204686144376e-05,0.0001100653658299,4.929847333340958e-05,0.0001910658860248,0.0,Italy,ITA,lombardy,,,Windows-11-10.0.26200-SP0,3.13.13,3.2.6,32,13th Gen Intel(R) Core(TM) i9-13900HX,1,1 x NVIDIA GeForce RTX 4070 Laptop GPU,9.1922,45.4722,31.70067596435547,machine,14.285714285714286,48.285714285714285,22.47142857142857,7.12725830078125,N,1.0,0.0
2026-05-03T01:13:49,Q203_gemma2:27b_HellaSwag,7cf98698-515d-48e0-ba73-7ae1d41ce34b,5b0fa12a-3dd7-45bb-9766-cc326314d9f1,20.56234999996377,0.0001073222711921,5.219358253914051e-06,13.361785664,24.65687744890948,20.0,7.116034131022943e-05,0.000144762893588,0.0001085897072221,0.0003245129421204,0.0,Italy,ITA,lombardy,,,Windows-11-10.0.26200-SP0,3.13.13,3.2.6,32,13th Gen Intel(R) Core(TM) i9-13900HX,1,1 x NVIDIA GeForce RTX 4070 Laptop GPU,9.1922,45.4722,31.70067596435547,machine,4.444444444444445,12.77777777777778,48.17777777777778,15.278772142198353,N,1.0,0.0
2026-05-03T01:14:35,Q204_llama3.2_HumanEval,bdb10130-b978-4046-a1cd-634ce6aa2647,5b0fa12a-3dd7-45bb-9766-cc326314d9f1,10.139694400015289,7.349285598670153e-05,7.248034614000864e-06,12.847414758400005,47.67986856923635,20.0,3.439425086182707e-05,0.000134285940762,5.354193111124914e-05,0.000222222122735,0.0,Italy,ITA,lombardy,,,Windows-11-10.0.26200-SP0,3.13.13,3.2.6,32,13th Gen Intel(R) Core(TM) i9-13900HX,1,1 x NVIDIA GeForce RTX 4070 Laptop GPU,9.1922,45.4722,31.70067596435547,machine,0.0,51.125,28.3,8.978025436401367,N,1.0,0.0
2026-05-03T01:15:15,Q204_llama3.1_HumanEval,d10839a5-6564-4ba7-9003-b96ee0ca80e5,5b0fa12a-3dd7-45bb-9766-cc326314d9f1,14.737105600012,0.000117553738279,7.976718188064428e-06,12.845302013257143,55.10914424240308,20.0,5.079075233714594e-05,0.000225579902686,7.907942111131787e-05,0.0003554500761344,0.0,Italy,ITA,lombardy,,,Windows-11-10.0.26200-SP0,3.13.13,3.2.6,32,13th Gen Intel(R) Core(TM) i9-13900HX,1,1 x NVIDIA GeForce RTX 4070 Laptop GPU,9.1922,45.4722,31.70067596435547,machine,0.0,63.30769230769231,22.50769230769231,7.1376339839054985,N,1.0,0.0
2026-05-03T01:16:34,Q204_gemma2:27b_HumanEval,de607151-02b2-4ed9-b1ab-349024ae9df5,5b0fa12a-3dd7-45bb-9766-cc326314d9f1,44.08259830001043,0.0002378582363996,5.3957399421166425e-06,13.315184118765714,26.00844149847821,20.0,0.0001571771590864,0.0003255638715619,0.0002364766605557,0.0007192176912041,0.0,Italy,ITA,lombardy,,,Windows-11-10.0.26200-SP0,3.13.13,3.2.6,32,13th Gen Intel(R) Core(TM) i9-13900HX,1,1 x NVIDIA GeForce RTX 4070 Laptop GPU,9.1922,45.4722,31.70067596435547,machine,2.1166666666666667,18.88095238095238,51.28809523809524,16.25572022937593,N,1.0,0.0
2026-05-03T01:17:36,Q205_llama3.2_SQuAD,b106278f-fedb-4d06-b7a3-cb578790cce6,5b0fa12a-3dd7-45bb-9766-cc326314d9f1,6.214859500003513,3.38295785178336e-05,5.443337619750611e-06,12.871626106880004,29.041005868096143,20.0,2.0425720315814925e-05,5.012892899200483e-05,3.173666388902348e-05,0.0001022913131968,0.0,Italy,ITA,lombardy,,,Windows-11-10.0.26200-SP0,3.13.13,3.2.6,32,13th Gen Intel(R) Core(TM) i9-13900HX,1,1 x NVIDIA GeForce RTX 4070 Laptop GPU,9.1922,45.4722,31.70067596435547,machine,0.0,6.25,33.6,10.646674156188965,N,1.0,0.0
2026-05-03T01:17:59,Q205_llama3.1_SQuAD,543981db-fbd4-4500-81bf-9eeaea2fa2b6,5b0fa12a-3dd7-45bb-9766-cc326314d9f1,7.137394999968819,3.918952696275192e-05,5.490732537981031e-06,12.8562743552,29.22753270076094,20.0,2.3696194567324025e-05,5.793976857404459e-05,3.686235555538183e-05,0.0001184983186967,0.0,Italy,ITA,lombardy,,,Windows-11-10.0.26200-SP0,3.13.13,3.2.6,32,13th Gen Intel(R) Core(TM) i9-13900HX,1,1 x NVIDIA GeForce RTX 4070 Laptop GPU,9.1922,45.4722,31.70067596435547,machine,0.0,29.6,22.54,7.151583099365235,N,1.0,0.0
2026-05-03T01:18:38,Q205_gemma2:27b_SQuAD,61aa0a6c-3549-4b3f-8aef-c681aafa47f0,5b0fa12a-3dd7-45bb-9766-cc326314d9f1,24.072547799965832,0.0001276181538094,5.301397877361872e-06,13.438801868800002,25.47240949302465,20.0,8.477849117073705e-05,0.000172970416154,0.0001281331849999,0.0003858820923246,0.0,Italy,ITA,lombardy,,,Windows-11-10.0.26200-SP0,3.13.13,3.2.6,32,13th Gen Intel(R) Core(TM) i9-13900HX,1,1 x NVIDIA GeForce RTX 4070 Laptop GPU,9.1922,45.4722,31.70067596435547,machine,3.0318181818181817,20.181818181818183,49.28636363636363,15.616307171908293,N,1.0,0.0
2026-05-03T01:19:23,Q206_llama3.2_HumanEval,0315e3d7-7dc4-4556-8270-2021ac49006a,5b0fa12a-3dd7-45bb-9766-cc326314d9f1,10.03138850000687,7.375840493276989e-05,7.352761278532815e-06,12.8518187264,48.83764132590122,20.0,3.4017899527006324e-05,0.0001360695532999,5.293761666657196e-05,0.0002230250694935,0.0,Italy,ITA,lombardy,,,Windows-11-10.0.26200-SP0,3.13.13,3.2.6,32,13th Gen Intel(R) Core(TM) i9-13900HX,1,1 x NVIDIA GeForce RTX 4070 Laptop GPU,9.1922,45.4722,31.70067596435547,machine,0.0,50.0,28.3,8.973479270935059,N,1.0,0.0
2026-05-03T01:20:05,Q206_llama3.1_HumanEval,c10ca2c1-7906-4fe5-b727-cbb5d835b0e6,5b0fa12a-3dd7-45bb-9766-cc326314d9f1,16.555594399978872,0.0001699738835604,1.0266854783583695e-05,6.4223019827200005,126.31358805230136,20.0,5.712396848657798e-05,0.000278754667448,0.0001780754988886,0.0005139541348233,0.0,Italy,ITA,lombardy,,,Windows-11-10.0.26200-SP0,3.13.13,3.2.6,32,13th Gen Intel(R) Core(TM) i9-13900HX,1,1 x NVIDIA GeForce RTX 4070 Laptop GPU,9.1922,45.4722,31.70067596435547,machine,3.571428571428572,72.57142857142857,22.65,7.182456697736468,N,1.0,0.0
2026-05-03T01:21:50,Q206_gemma2:27b_HumanEval,5af0b23e-d829-46cc-9858-369a5f54b9c8,5b0fa12a-3dd7-45bb-9766-cc326314d9f1,69.61937480000779,0.000363761591666,5.225005147073471e-06,13.575192564416003,24.108608152481526,20.0,0.0002525821877894,0.0004745717685459,0.0003727607494443,0.0010999147057797,0.0,Italy,ITA,lombardy,,,Windows-11-10.0.26200-SP0,3.13.13,3.2.6,32,13th Gen Intel(R) Core(TM) i9-13900HX,1,1 x NVIDIA GeForce RTX 4070 Laptop GPU,9.1922,45.4722,31.70067596435547,machine,0.9955223880597016,24.73134328358209,52.04328358208955,16.49897606693097,N,1.0,0.0
2026-05-03T01:23:04,Q207_llama3.2_GSM8K,33cb89e6-ca7f-43bb-9bf3-70e2171199c0,5b0fa12a-3dd7-45bb-9766-cc326314d9f1,7.595443599973805,4.889199879108595e-05,6.437016896716153e-06,12.90501632,39.355456321176895,20.0,2.542427445824701e-05,8.30106219640303e-05,3.940102055558883e-05,0.0001478359169778,0.0,Italy,ITA,lombardy,,,Windows-11-10.0.26200-SP0,3.13.13,3.2.6,32,13th Gen Intel(R) Core(TM) i9-13900HX,1,1 x NVIDIA GeForce RTX 4070 Laptop GPU,9.1922,45.4722,31.70067596435547,machine,0.0,33.166666666666664,30.71666666666667,9.74094009399414,N,1.0,0.0
2026-05-03T01:23:30,Q207_llama3.1_GSM8K,dd8b93fd-53c4-42d9-9236-23a38e860cdf,5b0fa12a-3dd7-45bb-9766-cc326314d9f1,10.674813600024208,7.931914585405579e-05,7.430494697713121e-06,12.856193200640002,49.57552841750215,20.0,3.633045956935659e-05,0.0001469915064819,5.6517249999968855e-05,0.0002398392160513,0.0,Italy,ITA,lombardy,,,Windows-11-10.0.26200-SP0,3.13.13,3.2.6,32,13th Gen Intel(R) Core(TM) i9-13900HX,1,1 x NVIDIA GeForce RTX 4070 Laptop GPU,9.1922,45.4722,31.70067596435547,machine,0.0,59.11111111111112,22.766666666666666,7.218919542100695,N,1.0,0.0
2026-05-03T01:24:33,Q207_gemma2:27b_GSM8K,9931c214-46da-47af-be76-89f124ddb56a,5b0fa12a-3dd7-45bb-9766-cc326314d9f1,37.817716100020334,0.0002104092268894,5.563774034712907e-06,13.60747180672,26.92834996555001,20.0,0.000136705878607,0.000297833016044,0.0002016805638889,0.00063621945854,0.0,Italy,ITA,lombardy,,,Windows-11-10.0.26200-SP0,3.13.13,3.2.6,32,13th Gen Intel(R) Core(TM) i9-13900HX,1,1 x NVIDIA GeForce RTX 4070 Laptop GPU,9.1922,45.4722,31.70067596435547,machine,4.725,18.52777777777778,50.94722222222222,16.14880869123671,N,1.0,0.0
2026-05-03T01:25:26,Q208_llama3.2_MMLU,06ae0879-734f-4730-b58a-0756fa7fa956,5b0fa12a-3dd7-45bb-9766-cc326314d9f1,7.614854299987201,5.094550026830884e-05,6.690279060020159e-06,12.872294138514288,42.124901512690485,20.0,2.5433315466098592e-05,8.909646016597161e-05,3.9515363333177655e-05,0.0001540451389652,0.0,Italy,ITA,lombardy,,,Windows-11-10.0.26200-SP0,3.13.13,3.2.6,32,13th Gen Intel(R) Core(TM) i9-13900HX,1,1 x NVIDIA GeForce RTX 4070 Laptop GPU,9.1922,45.4722,31.70067596435547,machine,16.666666666666668,38.16666666666666,30.666666666666668,9.718694686889648,N,1.0,0.0
2026-05-03T01:25:59,Q208_llama3.1_MMLU,ca5ee0c3-69ab-4668-bc14-9ca793b49bbe,5b0fa12a-3dd7-45bb-9766-cc326314d9f1,8.568259900028352,5.526037945393028e-05,6.449428483576628e-06,12.876680648,39.30599592978656,20.0,2.883120631101769e-05,9.34811858959994e-05,4.477975111124882e-05,0.0001670921433182,0.0,Italy,ITA,lombardy,,,Windows-11-10.0.26200-SP0,3.13.13,3.2.6,32,13th Gen Intel(R) Core(TM) i9-13900HX,1,1 x NVIDIA GeForce RTX 4070 Laptop GPU,9.1922,45.4722,31.70067596435547,machine,4.2,34.285714285714285,22.77142857142857,7.211599622453962,N,1.0,0.0
2026-05-03T01:26:33,Q208_gemma2:27b_MMLU,4eace97e-c275-4183-8927-6601585b1739,5b0fa12a-3dd7-45bb-9766-cc326314d9f1,18.226031800033525,0.0001114622344659,6.115551409588841e-06,13.361001428480002,34.435850719664515,20.0,6.227415573644839e-05,0.000179089865494,9.566702777778524e-05,0.0003370310490082,0.0,Italy,ITA,lombardy,,,Windows-11-10.0.26200-SP0,3.13.13,3.2.6,32,13th Gen Intel(R) Core(TM) i9-13900HX,1,1 x NVIDIA GeForce RTX 4070 Laptop GPU,9.1922,45.4722,31.70067596435547,machine,0.0,14.5,47.85,15.172250509262083,N,1.0,0.0
2026-05-03T01:27:16,Q209_llama3.2_SQuAD,2254a794-23cc-468b-9213-a6731dee72ec,5b0fa12a-3dd7-45bb-9766-cc326314d9f1,8.350633599970024,5.2269379341250574e-05,6.2593309496225776e-06,12.8762407424,37.25598636280612,20.0,2.8065808297392163e-05,8.639006911201341e-05,4.359230666660652e-05,0.000158048184076,0.0,Italy,ITA,lombardy,,,Windows-11-10.0.26200-SP0,3.13.13,3.2.6,32,13th Gen Intel(R) Core(TM) i9-13900HX,1,1 x NVIDIA GeForce RTX 4070 Laptop GPU,9.1922,45.4722,31.70067596435547,machine,0.0,38.833333333333336,30.916666666666668,9.794621785481771,N,1.0,0.0
2026-05-03T01:27:53,Q209_llama3.1_SQuAD,76585115-f1d0-496e-9cd3-404ca6fc2add,5b0fa12a-3dd7-45bb-9766-cc326314d9f1,11.441352100053336,8.347266875683474e-05,7.295699671409083e-06,12.88783817984,47.97561391062362,20.0,3.916194487922387e-05,0.0001524637330819,6.07726455556177e-05,0.0002523983235168,0.0,Italy,ITA,lombardy,,,Windows-11-10.0.26200-SP0,3.13.13,3.2.6,32,13th Gen Intel(R) Core(TM) i9-13900HX,1,1 x NVIDIA GeForce RTX 4070 Laptop GPU,9.1922,45.4722,31.70067596435547,machine,0.0,50.0,22.81111111111112,7.232922024197048,N,1.0,0.0
2026-05-03T01:28:44,Q209_gemma2:27b_SQuAD,9f51b0a3-a505-4016-980b-a066546932f3,5b0fa12a-3dd7-45bb-9766-cc326314d9f1,26.19134979997761,0.0001472439334202,5.62185357168296e-06,13.604161416494549,28.33898229881906,20.0,9.402938628716076e-05,0.000211311835716,0.000139883813889,0.0004452250358922,0.0,Italy,ITA,lombardy,,,Windows-11-10.0.26200-SP0,3.13.13,3.2.6,32,13th Gen Intel(R) Core(TM) i9-13900HX,1,1 x NVIDIA GeForce RTX 4070 Laptop GPU,9.1922,45.4722,31.70067596435547,machine,3.5708333333333333,19.08333333333333,49.70416666666667,15.75105333328247,N,1.0,0.0
2026-05-03T01:29:37,Q210_llama3.2_GSM8K,0822a904-e73b-48fd-872f-b33ef4df54c8,5b0fa12a-3dd7-45bb-9766-cc326314d9f1,7.075154599966481,4.333938448698194e-05,6.125574201189506e-06,12.867049337600005,36.15128020928489,20.0,2.349299179421364e-05,7.10375568299948e-05,3.651579444445411e-05,0.0001310463430686,0.0,Italy,ITA,lombardy,,,Windows-11-10.0.26200-SP0,3.13.13,3.2.6,32,13th Gen Intel(R) Core(TM) i9-13900HX,1,1 x NVIDIA GeForce RTX 4070 Laptop GPU,9.1922,45.4722,31.70067596435547,machine,0.0,27.8,31.56,10.0087158203125,N,1.0,0.0
2026-05-03T01:30:21,Q210_llama3.1_GSM8K,1d1bbee2-9078-41f1-ab6f-68db27d7eef6,5b0fa12a-3dd7-45bb-9766-cc326314d9f1,8.381568900018465,5.859698459117383e-05,6.991171377359284e-06,12.86156753737143,45.21377631395783,20.0,2.8150745944043872e-05,0.000105256473094,4.377389777801e-05,0.000177181116816,0.0,Italy,ITA,lombardy,,,Windows-11-10.0.26200-SP0,3.13.13,3.2.6,32,13th Gen Intel(R) Core(TM) i9-13900HX,1,1 x NVIDIA GeForce RTX 4070 Laptop GPU,9.1922,45.4722,31.70067596435547,machine,0.0,40.0,22.666666666666668,7.184531529744466,N,1.0,0.0
2026-05-03T01:31:15,Q210_gemma2:27b_GSM8K,0073df53-76fc-4689-8ff2-a35499edff95,5b0fa12a-3dd7-45bb-9766-cc326314d9f1,39.08555499999784,0.0002071591406777,5.3001458128900445e-06,13.570928292160003,24.79049834739152,20.0,0.0001412117576929,0.0002764466100459,0.0002087337266669,0.0006263920944058,0.0,Italy,ITA,lombardy,,,Windows-11-10.0.26200-SP0,3.13.13,3.2.6,32,13th Gen Intel(R) Core(TM) i9-13900HX,1,1 x NVIDIA GeForce RTX 4070 Laptop GPU,9.1922,45.4722,31.70067596435547,machine,1.351351351351351,20.91891891891892,50.9945945945946,16.167629448143213,N,1.0,0.0
2026-05-03T01:32:09,Q211_llama3.2_HellaSwag,68a4f880-0887-4abe-8cad-840545ae3734,5b0fa12a-3dd7-45bb-9766-cc326314d9f1,7.506118800025433,4.492244425841489e-05,5.984776614282027e-06,12.8652268352,34.52747897767855,20.0,2.5012274896457902e-05,7.193839088401321e-05,3.888241333350177e-05,0.0001358330791139,0.0,Italy,ITA,lombardy,,,Windows-11-10.0.26200-SP0,3.13.13,3.2.6,32,13th Gen Intel(R) Core(TM) i9-13900HX,1,1 x NVIDIA GeForce RTX 4070 Laptop GPU,9.1922,45.4722,31.70067596435547,machine,0.0,25.4,32.160000000000004,10.196710205078125,N,1.0,0.0
2026-05-03T01:32:31,Q211_llama3.1_HellaSwag,b9f93e25-10fa-4f08-8357-944498c4b143,5b0fa12a-3dd7-45bb-9766-cc326314d9f1,7.092931099992711,3.935703977096249e-05,5.548769502498472e-06,12.856676883200002,29.87281949101741,20.0,2.3538515804991696e-05,5.885032485797304e-05,3.661599055566411e-05,0.0001190048312186,0.0,Italy,ITA,lombardy,,,Windows-11-10.0.26200-SP0,3.13.13,3.2.6,32,13th Gen Intel(R) Core(TM) i9-13900HX,1,1 x NVIDIA GeForce RTX 4070 Laptop GPU,9.1922,45.4722,31.70067596435547,machine,0.0,9.0,22.66,7.1802520751953125,N,1.0,0.0
2026-05-03T01:33:23,Q211_gemma2:27b_HellaSwag,c6eb3f48-0649-4d5f-8dd9-fbceb27f515a,5b0fa12a-3dd7-45bb-9766-cc326314d9f1,37.35508419998223,0.0001963233257786,5.255598534529457e-06,13.417632411017143,24.491925734084493,20.0,0.0001333890909922,0.000261108264442,0.000199130223889,0.0005936275793233,0.0,Italy,ITA,lombardy,,,Windows-11-10.0.26200-SP0,3.13.13,3.2.6,32,13th Gen Intel(R) Core(TM) i9-13900HX,1,1 x NVIDIA GeForce RTX 4070 Laptop GPU,9.1922,45.4722,31.70067596435547,machine,0.0,16.6,50.78857142857142,16.108826773507253,N,1.0,0.0
2026-05-03T01:34:19,Q212_llama3.2_HellaSwag,dee7b07a-f6ed-47e0-908c-c77b1d9d5d03,5b0fa12a-3dd7-45bb-9766-cc326314d9f1,9.678212600003462,6.820018340504991e-05,7.046774670461932e-06,12.8748602752,45.54356595524984,20.0,3.281661905801097e-05,0.0001224250979399,5.097682388893898e-05,0.0002062185408869,0.0,Italy,ITA,lombardy,,,Windows-11-10.0.26200-SP0,3.13.13,3.2.6,32,13th Gen Intel(R) Core(TM) i9-13900HX,1,1 x NVIDIA GeForce RTX 4070 Laptop GPU,9.1922,45.4722,31.70067596435547,machine,5.0,50.625,28.425,9.014237403869627,N,1.0,0.0
2026-05-03T01:35:12,Q212_llama3.1_HellaSwag,4bdfdc57-19e6-4e82-9e0d-6ec4e6b34eec,5b0fa12a-3dd7-45bb-9766-cc326314d9f1,7.605660400004126,4.544840474753087e-05,5.975602690268187e-06,12.868980920685717,34.35189340511184,20.0,2.539406048955341e-05,7.256478027400926e-05,3.946459777782568e-05,0.0001374234385413,0.0,Italy,ITA,lombardy,,,Windows-11-10.0.26200-SP0,3.13.13,3.2.6,32,13th Gen Intel(R) Core(TM) i9-13900HX,1,1 x NVIDIA GeForce RTX 4070 Laptop GPU,9.1922,45.4722,31.70067596435547,machine,6.866666666666667,28.0,22.616666666666664,7.170654296875,N,1.0,0.0
2026-05-03T01:36:15,Q212_gemma2:27b_HellaSwag,6e515487-dbc1-4e85-8714-1c5dea6bff46,5b0fa12a-3dd7-45bb-9766-cc326314d9f1,47.95367489999626,0.0002554096455169,5.326174606005261e-06,13.42180889852,25.69649991144562,20.0,0.000172507252775,0.000344548608972,0.0002552324488891,0.0007722883106362,0.0,Italy,ITA,lombardy,,,Windows-11-10.0.26200-SP0,3.13.13,3.2.6,32,13th Gen Intel(R) Core(TM) i9-13900HX,1,1 x NVIDIA GeForce RTX 4070 Laptop GPU,9.1922,45.4722,31.70067596435547,machine,4.3478260869565215,16.956521739130434,51.49782608695652,16.31963406438413,N,1.0,0.0
2026-05-03T01:37:20,Q213_llama3.2_HumanEval,c0cd8f28-bb00-411c-96f1-a6078c86b908,5b0fa12a-3dd7-45bb-9766-cc326314d9f1,9.605452199990395,6.850037450900391e-05,7.131405485425497e-06,12.8666298624,46.482620252324416,20.0,3.253701565186472e-05,0.0001240145436559,5.057467666661574e-05,0.0002071262359744,0.0,Italy,ITA,lombardy,,,Windows-11-10.0.26200-SP0,3.13.13,3.2.6,32,13th Gen Intel(R) Core(TM) i9-13900HX,1,1 x NVIDIA GeForce RTX 4070 Laptop GPU,9.1922,45.4722,31.70067596435547,machine,0.0,52.0,28.8,9.12659215927124,N,1.0,0.0
2026-05-03T01:37:59,Q213_llama3.1_HumanEval,4a59f4c8-cf35-497f-a5e9-dcf3d5695af1,5b0fa12a-3dd7-45bb-9766-cc326314d9f1,13.637842600001022,0.0001080073944612,7.919683312760155e-06,12.854888564184616,54.569702403090446,20.0,4.690404718850593e-05,0.0002067073875879,7.297313111129269e-05,0.0003265845658877,0.0,Italy,ITA,lombardy,,,Windows-11-10.0.26200-SP0,3.13.13,3.2.6,32,13th Gen Intel(R) Core(TM) i9-13900HX,1,1 x NVIDIA GeForce RTX 4070 Laptop GPU,9.1922,45.4722,31.70067596435547,machine,0.0,62.66666666666666,22.941666666666663,7.271128336588542,N,1.0,0.0
2026-05-03T01:39:40,Q213_gemma2:27b_HumanEval,ccd7c27d-99a3-4059-91de-c4e88aba07b6,5b0fa12a-3dd7-45bb-9766-cc326314d9f1,65.21910809999099,0.0003352520766893,5.140396525743864e-06,13.457814771296004,24.011039278308672,20.0,0.000234089777663,0.0004312861783619,0.0003483338411111,0.0010137097971362,0.0,Italy,ITA,lombardy,,,Windows-11-10.0.26200-SP0,3.13.13,3.2.6,32,13th Gen Intel(R) Core(TM) i9-13900HX,1,1 x NVIDIA GeForce RTX 4070 Laptop GPU,9.1922,45.4722,31.70067596435547,machine,0.0,25.22222222222222,52.05714285714286,16.50696781703404,N,1.0,0.0
2026-05-03T01:40:52,Q214_llama3.2_SQuAD,5ff7b04e-f76e-41dd-bfea-5041e81d4c6e,5b0fa12a-3dd7-45bb-9766-cc326314d9f1,6.651393599982839,4.109609621246351e-05,6.178569286979128e-06,12.8571382592,36.88130544713545,20.0,2.196372143109815e-05,6.813477672998336e-05,3.416475999983959e-05,0.0001242632581609,0.0,Italy,ITA,lombardy,,,Windows-11-10.0.26200-SP0,3.13.13,3.2.6,32,13th Gen Intel(R) Core(TM) i9-13900HX,1,1 x NVIDIA GeForce RTX 4070 Laptop GPU,9.1922,45.4722,31.70067596435547,machine,0.0,13.0,31.76,10.066981506347656,N,1.0,0.0
2026-05-03T01:41:14,Q214_llama3.1_SQuAD,9157e2f8-ac6d-48ce-b13d-9aa3f17fa045,5b0fa12a-3dd7-45bb-9766-cc326314d9f1,6.724232900014613,3.501096808509257e-05,5.206685819138788e-06,12.8473311488,26.33138234208585,20.0,2.2185968370750617e-05,4.914059486799127e-05,3.453694611089304e-05,0.0001058635093496,0.0,Italy,ITA,lombardy,,,Windows-11-10.0.26200-SP0,3.13.13,3.2.6,32,13th Gen Intel(R) Core(TM) i9-13900HX,1,1 x NVIDIA GeForce RTX 4070 Laptop GPU,9.1922,45.4722,31.70067596435547,machine,8.58,16.6,22.5,7.133882141113281,N,1.0,0.0
2026-05-03T01:41:45,Q214_gemma2:27b_SQuAD,7182d02b-4e33-42ad-869a-a3238838330d,5b0fa12a-3dd7-45bb-9766-cc326314d9f1,16.6427908000187,0.0001477062902577,8.875091445453993e-06,12.84296169344,40.00685064892683,20.0,0.0001146729166126,0.000153374289366,0.0001785758694443,0.0004466230754229,0.0,Italy,ITA,lombardy,,,Windows-11-10.0.26200-SP0,3.13.13,3.2.6,32,13th Gen Intel(R) Core(TM) i9-13900HX,1,1 x NVIDIA GeForce RTX 4070 Laptop GPU,9.1922,45.4722,31.70067596435547,machine,0.0,11.933333333333334,47.25333333333333,14.980914306640624,N,1.0,0.0
2026-05-03T01:42:21,Q215_llama3.2_HumanEval,c5d6bf87-128e-4fab-8150-b21787def34a,5b0fa12a-3dd7-45bb-9766-cc326314d9f1,9.901323800033424,7.386615075424245e-05,7.460229788060572e-06,12.865151206400002,50.01758672535612,20.0,3.3587150316930326e-05,0.0001375503878179,5.221332499996708e-05,0.0002233508631348,0.0,Italy,ITA,lombardy,,,Windows-11-10.0.26200-SP0,3.13.13,3.2.6,32,13th Gen Intel(R) Core(TM) i9-13900HX,1,1 x NVIDIA GeForce RTX 4070 Laptop GPU,9.1922,45.4722,31.70067596435547,machine,0.0,50.25,28.6875,9.087666034698486,N,1.0,0.0
2026-05-03T01:42:59,Q215_llama3.1_HumanEval,c2aa19dc-3fc7-4856-a6d4-a5912b990a62,5b0fa12a-3dd7-45bb-9766-cc326314d9f1,13.493976199999452,0.0001063964650815,7.884737864107457e-06,12.8635260128,54.19158320681819,20.0,4.642322512197703e-05,0.000203113218046,7.217711666695928e-05,0.0003217135598349,0.0,Italy,ITA,lombardy,,,Windows-11-10.0.26200-SP0,3.13.13,3.2.6,32,13th Gen Intel(R) Core(TM) i9-13900HX,1,1 x NVIDIA GeForce RTX 4070 Laptop GPU,9.1922,45.4722,31.70067596435547,machine,0.0,58.45454545454545,22.736363636363635,7.203884818337181,N,1.0,0.0
2026-05-03T01:44:22,Q215_gemma2:27b_HumanEval,4c5a901d-56aa-4ed6-b8d9-c8b8c23a4463,5b0fa12a-3dd7-45bb-9766-cc326314d9f1,47.33116719999816,0.0002508863498317,5.300658417563815e-06,13.3344065564,24.690317930893592,20.0,0.0001682509053065,0.0003385808264199,0.0002517793805558,0.0007586111122823,0.0,Italy,ITA,lombardy,,,Windows-11-10.0.26200-SP0,3.13.13,3.2.6,32,13th Gen Intel(R) Core(TM) i9-13900HX,1,1 x NVIDIA GeForce RTX 4070 Laptop GPU,9.1922,45.4722,31.70067596435547,machine,1.7088888888888891,19.488888888888887,51.477777777777774,16.322172292073567,N,1.0,0.0
2026-05-03T01:45:29,Q216_llama3.2_HellaSwag,54c2419f-b4b2-4199-b4df-38f64f8aa64e,5b0fa12a-3dd7-45bb-9766-cc326314d9f1,10.96523770003114,8.404947188185473e-05,7.665084349390442e-06,12.868273337600002,52.07741967117949,20.0,3.740192849401174e-05,0.000158611238,5.812925055571314e-05,0.0002541424170497,0.0,Italy,ITA,lombardy,,,Windows-11-10.0.26200-SP0,3.13.13,3.2.6,32,13th Gen Intel(R) Core(TM) i9-13900HX,1,1 x NVIDIA GeForce RTX 4070 Laptop GPU,9.1922,45.4722,31.70067596435547,machine,0.0,56.888888888888886,27.855555555555554,8.82571283976237,N,1.0,0.0
2026-05-03T01:46:22,Q216_llama3.1_HellaSwag,04585873-2e8b-4048-a16e-9940c6047af6,5b0fa12a-3dd7-45bb-9766-cc326314d9f1,7.283320799993817,4.222362157570512e-05,5.797303556331195e-06,12.861052985600002,32.51529507228532,20.0,2.4225504532850783e-05,6.57753303979769e-05,3.767174888893755e-05,0.0001276725838197,0.0,Italy,ITA,lombardy,,,Windows-11-10.0.26200-SP0,3.13.13,3.2.6,32,13th Gen Intel(R) Core(TM) i9-13900HX,1,1 x NVIDIA GeForce RTX 4070 Laptop GPU,9.1922,45.4722,31.70067596435547,machine,0.0,30.2,22.74,7.206743621826172,N,1.0,0.0
2026-05-03T01:47:01,Q216_gemma2:27b_HellaSwag,492a1ea8-c361-4ef5-8b3c-53a191335d00,5b0fa12a-3dd7-45bb-9766-cc326314d9f1,24.06913960003294,0.0001342032562101,5.575739658343981e-06,13.24756048896,27.571847102386894,20.0,8.400899548675902e-05,0.0001936607104839,0.0001281239194446,0.0004057936254153,0.0,Italy,ITA,lombardy,,,Windows-11-10.0.26200-SP0,3.13.13,3.2.6,32,13th Gen Intel(R) Core(TM) i9-13900HX,1,1 x NVIDIA GeForce RTX 4070 Laptop GPU,9.1922,45.4722,31.70067596435547,machine,0.0,13.045454545454543,49.36818181818182,15.647099928422408,N,1.0,0.0
2026-05-03T01:47:43,Q217_llama3.2_SQuAD,7086c783-7059-44ac-a465-17dd19af4db4,5b0fa12a-3dd7-45bb-9766-cc326314d9f1,6.426156200002879,3.236372192574602e-05,5.036248873896268e-06,12.8625903488,24.52794438021221,20.0,2.116780665574437e-05,4.377836835600668e-05,3.29127922224062e-05,9.785896723415724e-05,0.0,Italy,ITA,lombardy,,,Windows-11-10.0.26200-SP0,3.13.13,3.2.6,32,13th Gen Intel(R) Core(TM) i9-13900HX,1,1 x NVIDIA GeForce RTX 4070 Laptop GPU,9.1922,45.4722,31.70067596435547,machine,0.0,12.25,34.6,10.966193199157717,N,1.0,0.0
2026-05-03T01:48:05,Q217_llama3.1_SQuAD,dce5c122-ff6d-442b-8638-d73324ca21a8,5b0fa12a-3dd7-45bb-9766-cc326314d9f1,7.557205400022212,4.579745790130892e-05,6.060104956413426e-06,12.8617792832,35.32036608937769,20.0,2.5195346370383545e-05,7.410589261802603e-05,3.917764000006072e-05,0.0001384788789884,0.0,Italy,ITA,lombardy,,,Windows-11-10.0.26200-SP0,3.13.13,3.2.6,32,13th Gen Intel(R) Core(TM) i9-13900HX,1,1 x NVIDIA GeForce RTX 4070 Laptop GPU,9.1922,45.4722,31.70067596435547,machine,0.0,21.2,22.74,7.20164794921875,N,1.0,0.0
2026-05-03T01:48:38,Q217_gemma2:27b_SQuAD,6ef83fd7-5cf2-4baf-974c-b2289442cb9c,5b0fa12a-3dd7-45bb-9766-cc326314d9f1,17.547650400025304,9.977046713455446e-05,5.685688104112821e-06,13.29595140608,32.499777436234574,20.0,5.9747357074714586e-05,0.0001500517867079,9.187922611114724e-05,0.0003016783698938,0.0,Italy,ITA,lombardy,,,Windows-11-10.0.26200-SP0,3.13.13,3.2.6,32,13th Gen Intel(R) Core(TM) i9-13900HX,1,1 x NVIDIA GeForce RTX 4070 Laptop GPU,9.1922,45.4722,31.70067596435547,machine,0.0,10.733333333333333,47.45333333333333,15.044327036539714,N,1.0,0.0
2026-05-03T01:49:14,Q218_llama3.2_HumanEval,c25ae984-9665-4f97-af5f-0bff18d83222,5b0fa12a-3dd7-45bb-9766-cc326314d9f1,11.126918199995998,8.29686313746915e-05,7.456568825564058e-06,12.844512842240002,49.80696480608841,20.0,3.791049759177195e-05,0.0001539345675919,5.90291883334026e-05,0.0002508742535171,0.0,Italy,ITA,lombardy,,,Windows-11-10.0.26200-SP0,3.13.13,3.2.6,32,13th Gen Intel(R) Core(TM) i9-13900HX,1,1 x NVIDIA GeForce RTX 4070 Laptop GPU,9.1922,45.4722,31.70067596435547,machine,0.0,55.333333333333336,28.066666666666663,8.889626397026909,N,1.0,0.0
2026-05-03T01:50:17,Q218_llama3.1_HumanEval,ab6f855f-1579-4407-ad04-d5503264f876,5b0fa12a-3dd7-45bb-9766-cc326314d9f1,17.186185300000943,0.0001484633575222,8.638528849231269e-06,12.83113015808,66.62981507586865,20.0,5.7781079222502176e-05,0.000301233018764,8.989813999958441e-05,0.0004489122379861,0.0,Italy,ITA,lombardy,,,Windows-11-10.0.26200-SP0,3.13.13,3.2.6,32,13th Gen Intel(R) Core(TM) i9-13900HX,1,1 x NVIDIA GeForce RTX 4070 Laptop GPU,9.1922,45.4722,31.70067596435547,machine,0.0,74.13333333333334,22.726666666666667,7.205091603597006,N,1.0,0.0
2026-05-03T01:52:25,Q218_gemma2:27b_HumanEval,f678c134-cf43-4da4-841e-76bfa5e45c43,5b0fa12a-3dd7-45bb-9766-cc326314d9f1,93.10169799998404,0.000487901592946,5.240523034779832e-06,13.537583623520003,25.29681440455156,20.0,0.0003380299715616,0.000639584678334,0.0004976651744441,0.0014752798243398,0.0,Italy,ITA,lombardy,,,Windows-11-10.0.26200-SP0,3.13.13,3.2.6,32,13th Gen Intel(R) Core(TM) i9-13900HX,1,1 x NVIDIA GeForce RTX 4070 Laptop GPU,9.1922,45.4722,31.70067596435547,machine,1.3923076923076922,23.53846153846154,52.55714285714286,16.66046410864526,N,1.0,0.0
2026-05-03T01:53:41,Q219_llama3.2_HumanEval,668eb27e-9a4f-4a80-9efa-77358aaa1504,5b0fa12a-3dd7-45bb-9766-cc326314d9f1,9.583105100027751,6.715928164882239e-05,7.008091943876093e-06,12.8560876928,45.15215661546717,20.0,3.243242274934347e-05,0.000120185096148,5.04536222223477e-05,0.0002030711411196,0.0,Italy,ITA,lombardy,,,Windows-11-10.0.26200-SP0,3.13.13,3.2.6,32,13th Gen Intel(R) Core(TM) i9-13900HX,1,1 x NVIDIA GeForce RTX 4070 Laptop GPU,9.1922,45.4722,31.70067596435547,machine,0.0,49.25,28.675,9.085082530975342,N,1.0,0.0
2026-05-03T01:54:23,Q219_llama3.1_HumanEval,050c3643-4009-4e4a-9977-048308c09410,5b0fa12a-3dd7-45bb-9766-cc326314d9f1,16.25336430000607,0.0001398431922714,8.603953599404987e-06,12.84413739776,61.83306666309928,20.0,5.6196812357360303e-05,0.0002791463344279,8.75040894445394e-05,0.0004228472362298,0.0,Italy,ITA,lombardy,,,Windows-11-10.0.26200-SP0,3.13.13,3.2.6,32,13th Gen Intel(R) Core(TM) i9-13900HX,1,1 x NVIDIA GeForce RTX 4070 Laptop GPU,9.1922,45.4722,31.70067596435547,machine,0.0,65.64285714285714,23.32857142857143,7.39182254246303,N,1.0,0.0
2026-05-03T01:56:00,Q219_gemma2:27b_HumanEval,56da694f-6d68-4906-ba22-ea335f968a00,5b0fa12a-3dd7-45bb-9766-cc326314d9f1,61.98303649999434,0.0003691855619387,5.956235492573496e-06,13.49898762896,25.05910366210548,20.0,0.000278967112845,0.0004236150611139,0.0004137331216667,0.0011163152956257,0.0,Italy,ITA,lombardy,,,Windows-11-10.0.26200-SP0,3.13.13,3.2.6,32,13th Gen Intel(R) Core(TM) i9-13900HX,1,1 x NVIDIA GeForce RTX 4070 Laptop GPU,9.1922,45.4722,31.70067596435547,machine,2.1666666666666665,26.866666666666667,52.42833333333333,16.61953894297282,N,1.0,0.0
2026-05-03T01:57:13,Q220_llama3.2_MMLU,0669ced5-7d78-477f-a372-c5a608e3c4dc,5b0fa12a-3dd7-45bb-9766-cc326314d9f1,7.16903230000753,4.4675637407493386e-05,6.231752841655695e-06,12.858681824,37.28273720959237,20.0,2.381324611438064e-05,7.42361705000083e-05,3.703738666663412e-05,0.000135086803281,0.0,Italy,ITA,lombardy,,,Windows-11-10.0.26200-SP0,3.13.13,3.2.6,32,13th Gen Intel(R) Core(TM) i9-13900HX,1,1 x NVIDIA GeForce RTX 4070 Laptop GPU,9.1922,45.4722,31.70067596435547,machine,0.0,26.4,32.32,10.243770599365234,N,1.0,0.0
2026-05-03T01:57:48,Q220_llama3.1_MMLU,b7e149e1-32e0-4f45-b8aa-dcaddf45141f,5b0fa12a-3dd7-45bb-9766-cc326314d9f1,9.592848300002515,6.668569087472652e-05,6.951604861166108e-06,12.883422144,44.550767589729766,20.0,3.251568612363727e-05,0.00011864731714,5.047613000012159e-05,0.0002016391332637,0.0,Italy,ITA,lombardy,,,Windows-11-10.0.26200-SP0,3.13.13,3.2.6,32,13th Gen Intel(R) Core(TM) i9-13900HX,1,1 x NVIDIA GeForce RTX 4070 Laptop GPU,9.1922,45.4722,31.70067596435547,machine,12.5,43.0,23.175,7.349673271179199,N,1.0,0.0
2026-05-03T01:58:32,Q220_gemma2:27b_MMLU,e1367e23-0876-480f-9efd-2e247b148581,5b0fa12a-3dd7-45bb-9766-cc326314d9f1,18.45803270000033,0.0001028797814518,5.5737132512421095e-06,13.287613886720004,31.15128112455304,20.0,6.296113050329998e-05,0.000151159009816,9.695993833334392e-05,0.0003110800786526,0.0,Italy,ITA,lombardy,,,Windows-11-10.0.26200-SP0,3.13.13,3.2.6,32,13th Gen Intel(R) Core(TM) i9-13900HX,1,1 x NVIDIA GeForce RTX 4070 Laptop GPU,9.1922,45.4722,31.70067596435547,machine,1.925,11.375,48.29375,15.3109929561615,N,1.0,0.0
2026-05-03T01:59:13,Q221_llama3.2_SQuAD,52c68647-7964-4d63-8350-5387d323d26d,5b0fa12a-3dd7-45bb-9766-cc326314d9f1,6.147298199997749,3.479370982389292e-05,5.660000327282912e-06,12.87555597056,31.506298441068523,20.0,2.0162651765094434e-05,5.372532075800796e-05,3.13186077776158e-05,0.0001052065803007,0.0,Italy,ITA,lombardy,,,Windows-11-10.0.26200-SP0,3.13.13,3.2.6,32,13th Gen Intel(R) Core(TM) i9-13900HX,1,1 x NVIDIA GeForce RTX 4070 Laptop GPU,9.1922,45.4722,31.70067596435547,machine,0.0,5.75,33.975,10.779094696044922,N,1.0,0.0
2026-05-03T01:59:35,Q221_llama3.1_SQuAD,4ed8e563-7631-4147-9942-d0eb4d7ede4f,5b0fa12a-3dd7-45bb-9766-cc326314d9f1,6.963855900045019,3.901486047642953e-05,5.6024795797651866e-06,12.8701996736,30.536403464862865,20.0,2.308228876576146e-05,5.901949165998399e-05,3.586839499993302e-05,0.0001179701754256,0.0,Italy,ITA,lombardy,,,Windows-11-10.0.26200-SP0,3.13.13,3.2.6,32,13th Gen Intel(R) Core(TM) i9-13900HX,1,1 x NVIDIA GeForce RTX 4070 Laptop GPU,9.1922,45.4722,31.70067596435547,machine,0.0,9.0,23.14,7.325930786132813,N,1.0,0.0
2026-05-03T02:00:09,Q221_gemma2:27b_SQuAD,58e22f58-2c9f-43b6-8680-43e4dd4f1d49,5b0fa12a-3dd7-45bb-9766-cc326314d9f1,18.55203050002456,0.0001056129956181,5.692799805285033e-06,13.457531240960002,31.347420565303107,20.0,6.384574287280123e-05,0.0001580417930999,9.74570283333176e-05,0.000319344564306,0.0,Italy,ITA,lombardy,,,Windows-11-10.0.26200-SP0,3.13.13,3.2.6,32,13th Gen Intel(R) Core(TM) i9-13900HX,1,1 x NVIDIA GeForce RTX 4070 Laptop GPU,9.1922,45.4722,31.70067596435547,machine,0.0,15.9375,48.13125,15.256147384643556,N,1.0,0.0
2026-05-03T02:00:43,Q222_llama3.2_HumanEval,0b292249-d6d3-409c-9225-944cb711db4a,5b0fa12a-3dd7-45bb-9766-cc326314d9f1,8.81654739996884,6.088280914995e-05,6.905516001668087e-06,12.8555203952,44.19233617506641,20.0,2.9689054807020447e-05,0.0001082164754619,4.618728944430283e-05,0.0001840928197133,0.0,Italy,ITA,lombardy,,,Windows-11-10.0.26200-SP0,3.13.13,3.2.6,32,13th Gen Intel(R) Core(TM) i9-13900HX,1,1 x NVIDIA GeForce RTX 4070 Laptop GPU,9.1922,45.4722,31.70067596435547,machine,14.285714285714286,44.42857142857143,29.0,9.188334328787668,N,1.0,0.0
2026-05-03T02:01:22,Q222_llama3.1_HumanEval,10c1b60e-05ee-4fd7-9384-aebe1e061aba,5b0fa12a-3dd7-45bb-9766-cc326314d9f1,13.303241999994498,0.0001062360892786,7.985729289044445e-06,12.874293536,55.298193533392926,20.0,4.578025862842487e-05,0.0002043307190199,7.111764999992577e-05,0.0003212286276483,0.0,Italy,ITA,lombardy,,,Windows-11-10.0.26200-SP0,3.13.13,3.2.6,32,13th Gen Intel(R) Core(TM) i9-13900HX,1,1 x NVIDIA GeForce RTX 4070 Laptop GPU,9.1922,45.4722,31.70067596435547,machine,0.0,59.09090909090909,23.42727272727273,7.42925401167436,N,1.0,0.0
2026-05-03T02:02:33,Q222_gemma2:27b_HumanEval,e3bfc19a-bbb8-4bc6-9536-0a66de63c9b1,5b0fa12a-3dd7-45bb-9766-cc326314d9f1,35.888717699970584,0.0001902806717573,5.301963512547691e-06,13.300736252480002,24.60664904692848,20.0,0.0001269107072971,0.0002574657615279,0.0001909797916667,0.0005753562604919,0.0,Italy,ITA,lombardy,,,Windows-11-10.0.26200-SP0,3.13.13,3.2.6,32,13th Gen Intel(R) Core(TM) i9-13900HX,1,1 x NVIDIA GeForce RTX 4070 Laptop GPU,9.1922,45.4722,31.70067596435547,machine,0.0,18.61764705882353,51.4,16.298193090102252,N,1.0,0.0
2026-05-03T02:03:25,Q223_llama3.2_MMLU,4e04762a-1590-4e24-b5f6-2ae250eb0404,5b0fa12a-3dd7-45bb-9766-cc326314d9f1,6.673023300012574,3.682768957949573e-05,5.518891201747539e-06,12.8799100928,29.675638816781284,20.0,2.2078143323106283e-05,5.499671066400147e-05,3.428192000008292e-05,0.0001113567739871,0.0,Italy,ITA,lombardy,,,Windows-11-10.0.26200-SP0,3.13.13,3.2.6,32,13th Gen Intel(R) Core(TM) i9-13900HX,1,1 x NVIDIA GeForce RTX 4070 Laptop GPU,9.1922,45.4722,31.70067596435547,machine,11.12,23.4,33.260000000000005,10.539615631103516,N,1.0,0.0
2026-05-03T02:03:46,Q223_llama3.1_MMLU,de3f7f3c-86ef-41a0-bbda-6e5a2eaafeb8,5b0fa12a-3dd7-45bb-9766-cc326314d9f1,6.62895220000064,3.6123301440392266e-05,5.449322962441754e-06,12.855313664,28.954497105999813,20.0,2.1879185364237464e-05,5.3309487091979246e-05,3.4038226111119406e-05,0.0001092268985673,0.0,Italy,ITA,lombardy,,,Windows-11-10.0.26200-SP0,3.13.13,3.2.6,32,13th Gen Intel(R) Core(TM) i9-13900HX,1,1 x NVIDIA GeForce RTX 4070 Laptop GPU,9.1922,45.4722,31.70067596435547,machine,0.0,10.6,23.34,7.394354248046875,N,1.0,0.0
2026-05-03T02:04:23,Q223_gemma2:27b_MMLU,5035cfb7-3440-4b86-8376-6305320ac8f8,5b0fa12a-3dd7-45bb-9766-cc326314d9f1,21.75723980000476,0.0001195945243827,5.496769143608448e-06,13.41490878354286,27.29722262544611,20.0,7.626140039123101e-05,0.0001700748582819,0.0001152845916668,0.00036162085034,0.0,Italy,ITA,lombardy,,,Windows-11-10.0.26200-SP0,3.13.13,3.2.6,32,13th Gen Intel(R) Core(TM) i9-13900HX,1,1 x NVIDIA GeForce RTX 4070 Laptop GPU,9.1922,45.4722,31.70067596435547,machine,5.165,13.0,49.52,15.700410652160643,N,1.0,0.0
2026-05-03T02:05:08,Q224_llama3.2_HellaSwag,e7432dd5-e0a1-4f74-9b11-15b6687ec3d0,5b0fa12a-3dd7-45bb-9766-cc326314d9f1,8.926477700006217,6.392032876816555e-05,7.16075600212624e-06,12.8885559104,46.91653352251859,20.0,3.015923694094184e-05,0.0001163192597219,4.679894444448615e-05,0.0001932774411074,0.0,Italy,ITA,lombardy,,,Windows-11-10.0.26200-SP0,3.13.13,3.2.6,32,13th Gen Intel(R) Core(TM) i9-13900HX,1,1 x NVIDIA GeForce RTX 4070 Laptop GPU,9.1922,45.4722,31.70067596435547,machine,0.0,46.57142857142857,29.885714285714283,9.476547241210938,N,1.0,0.0
2026-05-03T02:05:40,Q224_llama3.1_HellaSwag,6a8db6db-6d41-4aaf-b72d-7580fbdd0ea3,5b0fa12a-3dd7-45bb-9766-cc326314d9f1,7.485752000007778,4.619014956876878e-05,6.170408740327062e-06,12.8521410176,36.5651114512885,20.0,2.491644614797844e-05,7.59767274479961e-05,3.877309666681362e-05,0.0001396662702627,0.0,Italy,ITA,lombardy,,,Windows-11-10.0.26200-SP0,3.13.13,3.2.6,32,13th Gen Intel(R) Core(TM) i9-13900HX,1,1 x NVIDIA GeForce RTX 4070 Laptop GPU,9.1922,45.4722,31.70067596435547,machine,0.0,9.6,23.32,7.390341949462891,N,1.0,0.0
2026-05-03T02:06:22,Q224_gemma2:27b_HellaSwag,e328567e-8e35-486d-a302-a962132a8a95,5b0fa12a-3dd7-45bb-9766-cc326314d9f1,26.47412610001629,0.0001442622351745,5.449178364927413e-06,13.517656909847275,26.286191544717337,20.0,9.477916685595746e-05,0.000199954048852,0.0001414759872219,0.0004362092029298,0.0,Italy,ITA,lombardy,,,Windows-11-10.0.26200-SP0,3.13.13,3.2.6,32,13th Gen Intel(R) Core(TM) i9-13900HX,1,1 x NVIDIA GeForce RTX 4070 Laptop GPU,9.1922,45.4722,31.70067596435547,machine,0.0,13.291666666666666,50.24583333333334,15.926057497660318,N,1.0,0.0
2026-05-03T02:07:04,Q225_llama3.2_GSM8K,87075d4a-5ff3-4b7e-bf0d-5a6f75f8aa7c,5b0fa12a-3dd7-45bb-9766-cc326314d9f1,7.30265689996304,4.192277521868708e-05,5.740756520945036e-06,12.9360168128,31.82564179670839,20.0,2.4435978011711915e-05,6.454810719400128e-05,3.7778822222026063e-05,0.0001267629074277,0.0,Italy,ITA,lombardy,,,Windows-11-10.0.26200-SP0,3.13.13,3.2.6,32,13th Gen Intel(R) Core(TM) i9-13900HX,1,1 x NVIDIA GeForce RTX 4070 Laptop GPU,9.1922,45.4722,31.70067596435547,machine,0.0,23.6,32.08,10.177864074707031,N,1.0,0.0
2026-05-03T02:07:30,Q225_llama3.1_GSM8K,0d6ad84b-29b0-4c89-8a63-1b5c4806bcb5,5b0fa12a-3dd7-45bb-9766-cc326314d9f1,10.33882080001058,7.501296919779947e-05,7.255466619338513e-06,12.9787055744,47.623809088926166,20.0,3.545510747480257e-05,0.0001367284427159,5.463497555562451e-05,0.0002268185257464,0.0,Italy,ITA,lombardy,,,Windows-11-10.0.26200-SP0,3.13.13,3.2.6,32,13th Gen Intel(R) Core(TM) i9-13900HX,1,1 x NVIDIA GeForce RTX 4070 Laptop GPU,9.1922,45.4722,31.70067596435547,machine,11.3875,42.25,22.9875,7.285889625549316,N,1.0,0.0
2026-05-03T02:08:37,Q225_gemma2:27b_GSM8K,b9c14e82-6e8e-471e-959b-728ecc0c2f46,5b0fa12a-3dd7-45bb-9766-cc326314d9f1,42.18586269998923,0.0002292486383583,5.434252701875722e-06,13.44310632288,26.127711733920364,20.0,0.0001513999163556,0.000315801919308,0.0002259828061107,0.0006931846417744,0.0,Italy,ITA,lombardy,,,Windows-11-10.0.26200-SP0,3.13.13,3.2.6,32,13th Gen Intel(R) Core(TM) i9-13900HX,1,1 x NVIDIA GeForce RTX 4070 Laptop GPU,9.1922,45.4722,31.70067596435547,machine,2.5,18.6,51.235,16.246829414367674,N,1.0,0.0
2026-05-03T02:09:32,Q226_llama3.2_HumanEval,7eae77a6-2979-4aa3-9660-e365d5bc5001,5b0fa12a-3dd7-45bb-9766-cc326314d9f1,8.985366099979728,6.12430414465865e-05,6.815864903570781e-06,12.8466413984,43.188555794996965,20.0,3.027285102453197e-05,0.000107780919558,4.712829222197696e-05,0.0001851820628045,0.0,Italy,ITA,lombardy,,,Windows-11-10.0.26200-SP0,3.13.13,3.2.6,32,13th Gen Intel(R) Core(TM) i9-13900HX,1,1 x NVIDIA GeForce RTX 4070 Laptop GPU,9.1922,45.4722,31.70067596435547,machine,0.0,43.285714285714285,29.87142857142857,9.472183772495814,N,1.0,0.0
2026-05-03T02:10:22,Q226_llama3.1_HumanEval,1d50ab35-c5e1-4f22-bf7c-08fad7672bf8,5b0fa12a-3dd7-45bb-9766-cc326314d9f1,15.38079230004223,0.000125266947497,8.144375468665208e-06,12.85575126217143,56.934875549205614,20.0,5.3096128581140846e-05,0.0002430746389039,8.260192555575891e-05,0.0003787726930408,0.0,Italy,ITA,lombardy,,,Windows-11-10.0.26200-SP0,3.13.13,3.2.6,32,13th Gen Intel(R) Core(TM) i9-13900HX,1,1 x NVIDIA GeForce RTX 4070 Laptop GPU,9.1922,45.4722,31.70067596435547,machine,0.0,63.23076923076923,22.83076923076923,7.23780998816857,N,1.0,0.0
2026-05-03T02:12:17,Q226_gemma2:27b_HumanEval,10f726f8-606c-4bd3-a4ad-1fbd873f59e9,5b0fa12a-3dd7-45bb-9766-cc326314d9f1,79.15048910002224,0.0004132201041459,5.2206892066550045e-06,13.55060580104,24.003425037532,20.0,0.0002876984122124,0.0005388823755499,0.0004228828161114,0.0012494636038738,0.0,Italy,ITA,lombardy,,,Windows-11-10.0.26200-SP0,3.13.13,3.2.6,32,13th Gen Intel(R) Core(TM) i9-13900HX,1,1 x NVIDIA GeForce RTX 4070 Laptop GPU,9.1922,45.4722,31.70067596435547,machine,2.361038961038961,22.75324675324676,52.32857142857143,16.59321945983094,N,1.0,0.0
2026-05-03T02:13:29,Q227_llama3.2_MMLU,c62b2976-96fc-4e7c-8638-b302d8e2385d,5b0fa12a-3dd7-45bb-9766-cc326314d9f1,6.490962100040633,3.464633760409462e-05,5.337627468796611e-06,12.84759386624,27.83055553738096,20.0,2.136181780114782e-05,5.014587344998045e-05,3.3253276111079484e-05,0.0001047609673622,0.0,Italy,ITA,lombardy,,,Windows-11-10.0.26200-SP0,3.13.13,3.2.6,32,13th Gen Intel(R) Core(TM) i9-13900HX,1,1 x NVIDIA GeForce RTX 4070 Laptop GPU,9.1922,45.4722,31.70067596435547,machine,0.0,7.5,33.975,10.76624870300293,N,1.0,0.0
2026-05-03T02:13:51,Q227_llama3.1_MMLU,c4a8fbc9-63b7-402e-b4d4-cd249a5530f0,5b0fa12a-3dd7-45bb-9766-cc326314d9f1,6.795427699980792,3.826921050297996e-05,5.631611753162812e-06,12.88994864,30.8462825869918,20.0,2.253404458173903e-05,5.8218657685987774e-05,3.49628333335406e-05,0.0001157155356012,0.0,Italy,ITA,lombardy,,,Windows-11-10.0.26200-SP0,3.13.13,3.2.6,32,13th Gen Intel(R) Core(TM) i9-13900HX,1,1 x NVIDIA GeForce RTX 4070 Laptop GPU,9.1922,45.4722,31.70067596435547,machine,0.0,11.0,22.880000000000003,7.2426918029785154,N,1.0,0.0
2026-05-03T02:14:33,Q227_gemma2:27b_MMLU,26ca18f0-5f82-4ff1-856b-192bf516bdd4,5b0fa12a-3dd7-45bb-9766-cc326314d9f1,16.668673099949956,0.0001479520200546,8.876052650829e-06,12.861135921920004,47.2797343107033,20.0,0.0001149074215272,0.000153768456348,0.0001786902166663,0.0004473660945416,0.0,Italy,ITA,lombardy,,,Windows-11-10.0.26200-SP0,3.13.13,3.2.6,32,13th Gen Intel(R) Core(TM) i9-13900HX,1,1 x NVIDIA GeForce RTX 4070 Laptop GPU,9.1922,45.4722,31.70067596435547,machine,0.0,9.466666666666669,47.46,15.044593302408854,N,1.0,0.0
2026-05-03T02:15:05,Q228_llama3.2_HellaSwag,a9ce1e19-ab7a-4390-b143-1ee93c381dfc,5b0fa12a-3dd7-45bb-9766-cc326314d9f1,6.615265600034036,3.765554017071806e-05,5.692218944394965e-06,12.874147232,31.58437612325915,20.0,2.18633038219014e-05,5.80331019819913e-05,3.396355999995851e-05,0.0001138599658038,0.0,Italy,ITA,lombardy,,,Windows-11-10.0.26200-SP0,3.13.13,3.2.6,32,13th Gen Intel(R) Core(TM) i9-13900HX,1,1 x NVIDIA GeForce RTX 4070 Laptop GPU,9.1922,45.4722,31.70067596435547,machine,0.0,17.0,31.380000000000003,9.94866714477539,N,1.0,0.0
2026-05-03T02:15:29,Q228_llama3.1_HellaSwag,3cdaa434-029f-4573-9a21-93a5ff4d26fe,5b0fa12a-3dd7-45bb-9766-cc326314d9f1,8.654165600019041,5.40495808087665e-05,6.245498792933611e-06,12.9058472864,37.01546967874707,20.0,2.9214610516031e-05,8.894396004399674e-05,4.527245166666237e-05,0.0001634310222266,0.0,Italy,ITA,lombardy,,,Windows-11-10.0.26200-SP0,3.13.13,3.2.6,32,13th Gen Intel(R) Core(TM) i9-13900HX,1,1 x NVIDIA GeForce RTX 4070 Laptop GPU,9.1922,45.4722,31.70067596435547,machine,14.285714285714286,34.285714285714285,23.071428571428573,7.322693416050503,N,1.0,0.0
2026-05-03T02:16:11,Q228_gemma2:27b_HellaSwag,103da35c-1d79-4d56-bdb8-26da4471c1ba,5b0fa12a-3dd7-45bb-9766-cc326314d9f1,17.3060911000357,9.33561645023234e-05,5.3944107865080405e-06,13.20411872192,33.782701616942994,20.0,5.894439029588882e-05,0.0001327792728899,9.055962500020136e-05,0.000282283288186,0.0,Italy,ITA,lombardy,,,Windows-11-10.0.26200-SP0,3.13.13,3.2.6,32,13th Gen Intel(R) Core(TM) i9-13900HX,1,1 x NVIDIA GeForce RTX 4070 Laptop GPU,9.1922,45.4722,31.70067596435547,machine,0.0,16.933333333333334,47.74,15.133079020182292,N,1.0,0.0
2026-05-03T02:16:43,Q229_llama3.2_GSM8K,1fe3bdba-f0b7-4507-8f3b-0df8e231ace4,5b0fa12a-3dd7-45bb-9766-cc326314d9f1,6.783890200022142,4.124316240579375e-05,6.079573989222162e-06,12.867236134400002,35.78924743641609,20.0,2.2439504068727805e-05,6.739172057998455e-05,3.4876721111100374e-05,0.0001247079457598,0.0,Italy,ITA,lombardy,,,Windows-11-10.0.26200-SP0,3.13.13,3.2.6,32,13th Gen Intel(R) Core(TM) i9-13900HX,1,1 x NVIDIA GeForce RTX 4070 Laptop GPU,9.1922,45.4722,31.70067596435547,machine,0.0,23.4,31.76,10.070130157470704,N,1.0,0.0
2026-05-03T02:17:17,Q229_llama3.1_GSM8K,2a52f72a-2185-4763-b455-32c0c4dc060e,5b0fa12a-3dd7-45bb-9766-cc326314d9f1,8.660556599963456,5.601948142539637e-05,6.468346552418207e-06,12.8628316496,39.457739873906256,20.0,2.914948789742796e-05,9.491507593201164e-05,4.532289444436578e-05,0.0001693874582738,0.0,Italy,ITA,lombardy,,,Windows-11-10.0.26200-SP0,3.13.13,3.2.6,32,13th Gen Intel(R) Core(TM) i9-13900HX,1,1 x NVIDIA GeForce RTX 4070 Laptop GPU,9.1922,45.4722,31.70067596435547,machine,0.0,42.42857142857143,22.97142857142857,7.281148093087332,N,1.0,0.0
2026-05-03T02:18:23,Q229_gemma2:27b_GSM8K,8f877b2c-51e0-4d3e-a1c4-7de064900d25,5b0fa12a-3dd7-45bb-9766-cc326314d9f1,40.68720470002154,0.0002136125889933,5.250117096228141e-06,13.555832292480003,24.354499775277134,20.0,0.0001470747452254,0.00028121133608,0.0002176194605559,0.0006459055418613,0.0,Italy,ITA,lombardy,,,Windows-11-10.0.26200-SP0,3.13.13,3.2.6,32,13th Gen Intel(R) Core(TM) i9-13900HX,1,1 x NVIDIA GeForce RTX 4070 Laptop GPU,9.1922,45.4722,31.70067596435547,machine,1.7552631578947369,17.94736842105263,51.23684210526316,16.247629165649414,N,1.0,0.0
2026-05-03T02:19:18,Q230_llama3.2_HumanEval,85a6ba5f-b0b1-4442-ae91-ec4cddbdb676,5b0fa12a-3dd7-45bb-9766-cc326314d9f1,9.292522500036284,6.521087978951906e-05,7.017564906543345e-06,12.862719848,45.31795221846235,20.0,3.140271337915705e-05,0.000116950371338,4.882662666689916e-05,0.000197179711384,0.0,Italy,ITA,lombardy,,,Windows-11-10.0.26200-SP0,3.13.13,3.2.6,32,13th Gen Intel(R) Core(TM) i9-13900HX,1,1 x NVIDIA GeForce RTX 4070 Laptop GPU,9.1922,45.4722,31.70067596435547,machine,0.0,44.71428571428572,29.442857142857143,9.330627986363002,N,1.0,0.0
2026-05-03T02:19:59,Q230_llama3.1_HumanEval,379d5fc5-a056-4a2c-b90b-47ada42f4bbe,5b0fa12a-3dd7-45bb-9766-cc326314d9f1,15.690732399991248,0.0001357620177284,8.65236970891681e-06,12.86460764672,62.37582690908675,20.0,5.427654832179215e-05,0.000271849939702,8.438040222228867e-05,0.000410506890246,0.0,Italy,ITA,lombardy,,,Windows-11-10.0.26200-SP0,3.13.13,3.2.6,32,13th Gen Intel(R) Core(TM) i9-13900HX,1,1 x NVIDIA GeForce RTX 4070 Laptop GPU,9.1922,45.4722,31.70067596435547,machine,0.0,72.07142857142857,22.9,7.267496381487165,N,1.0,0.0
2026-05-03T02:21:27,Q230_gemma2:27b_HumanEval,e50258d8-bd49-46fc-a8a9-c63a1db7dc76,5b0fa12a-3dd7-45bb-9766-cc326314d9f1,52.13386200001696,0.0002730384181069,5.237256700969148e-06,13.583072249154288,23.79461804644996,20.0,0.0001886353784932,0.0003585244534859,0.0002784330238888,0.0008255928558681,0.0,Italy,ITA,lombardy,,,Windows-11-10.0.26200-SP0,3.13.13,3.2.6,32,13th Gen Intel(R) Core(TM) i9-13900HX,1,1 x NVIDIA GeForce RTX 4070 Laptop GPU,9.1922,45.4722,31.70067596435547,machine,2.0,21.5,51.938,16.464777069091795,N,1.0,0.0
2026-05-03T02:22:34,Q231_llama3.2_HumanEval,c1f40592-792e-4757-bfc9-1a94e694e0cc,5b0fa12a-3dd7-45bb-9766-cc326314d9f1,11.044570899975952,8.334340688490898e-05,7.546097321453244e-06,12.8756463104,50.76258435085584,20.0,3.770848724834877e-05,0.0001557273468039,5.8571637222000086e-05,0.0002520074712743,0.0,Italy,ITA,lombardy,,,Windows-11-10.0.26200-SP0,3.13.13,3.2.6,32,13th Gen Intel(R) Core(TM) i9-13900HX,1,1 x NVIDIA GeForce RTX 4070 Laptop GPU,9.1922,45.4722,31.70067596435547,machine,0.0,55.0,28.133333333333333,8.922903696695963,N,1.0,0.0
2026-05-03T02:23:33,Q231_llama3.1_HumanEval,96c6dbfb-f13c-4481-baa4-97c295e977ab,5b0fa12a-3dd7-45bb-9766-cc326314d9f1,13.845232699997725,0.0001116237718041,8.062253211836193e-06,12.859054896246157,56.1027308252179,20.0,4.765797243267521e-05,0.000215739339258,7.412218166670451e-05,0.0003375194933574,0.0,Italy,ITA,lombardy,,,Windows-11-10.0.26200-SP0,3.13.13,3.2.6,32,13th Gen Intel(R) Core(TM) i9-13900HX,1,1 x NVIDIA GeForce RTX 4070 Laptop GPU,9.1922,45.4722,31.70067596435547,machine,0.0,60.583333333333336,23.125,7.323006947835286,N,1.0,0.0
2026-05-03T02:24:54,Q231_gemma2:27b_HumanEval,083d0be7-43ad-436b-b663-822458cb7983,5b0fa12a-3dd7-45bb-9766-cc326314d9f1,55.16025299998,0.000289696679189,5.251909906742329e-06,13.45840594544,24.50140493398792,20.0,0.0001981758476791,0.000382516139346,0.0002952708550004,0.0008759628420255,0.0,Italy,ITA,lombardy,,,Windows-11-10.0.26200-SP0,3.13.13,3.2.6,32,13th Gen Intel(R) Core(TM) i9-13900HX,1,1 x NVIDIA GeForce RTX 4070 Laptop GPU,9.1922,45.4722,31.70067596435547,machine,3.5849056603773586,22.245283018867923,52.06415094339623,16.51014594311984,N,1.0,0.0
2026-05-03T02:25:58,Q232_llama3.2_HumanEval,aa174f0f-b3e4-4461-a45b-b9098645236d,5b0fa12a-3dd7-45bb-9766-cc326314d9f1,8.4641377000371,5.605135405891447e-05,6.622216703618703e-06,12.877118632228571,41.16053601560632,20.0,2.8481657133869696e-05,9.6767021858013e-05,4.423515333328396e-05,0.0001694838323251,0.0,Italy,ITA,lombardy,,,Windows-11-10.0.26200-SP0,3.13.13,3.2.6,32,13th Gen Intel(R) Core(TM) i9-13900HX,1,1 x NVIDIA GeForce RTX 4070 Laptop GPU,9.1922,45.4722,31.70067596435547,machine,0.0,38.0,31.166666666666668,9.881531397501629,N,1.0,0.0
2026-05-03T02:26:35,Q232_llama3.1_HumanEval,24084daa-3af7-44c1-975c-f8547943b556,5b0fa12a-3dd7-45bb-9766-cc326314d9f1,11.905903499980925,8.995509942562235e-05,7.555503824280659e-06,12.8742862592,50.76109523535202,20.0,4.07820085446734e-05,0.0001678640231799,6.335337388866012e-05,0.0002719994056133,0.0,Italy,ITA,lombardy,,,Windows-11-10.0.26200-SP0,3.13.13,3.2.6,32,13th Gen Intel(R) Core(TM) i9-13900HX,1,1 x NVIDIA GeForce RTX 4070 Laptop GPU,9.1922,45.4722,31.70067596435547,machine,6.67,57.1,23.17,7.341303253173828,N,1.0,0.0
2026-05-03T02:27:41,Q232_gemma2:27b_HumanEval,2bf077e3-2dc3-4da7-812b-1cd48516f691,5b0fa12a-3dd7-45bb-9766-cc326314d9f1,41.3104514000006,0.0002264375651797,5.481362645669738e-06,13.420509466705456,26.65428292277392,20.0,0.0001481998818727,0.0003153691411839,0.0002211157088892,0.000684684731946,0.0,Italy,ITA,lombardy,,,Windows-11-10.0.26200-SP0,3.13.13,3.2.6,32,13th Gen Intel(R) Core(TM) i9-13900HX,1,1 x NVIDIA GeForce RTX 4070 Laptop GPU,9.1922,45.4722,31.70067596435547,machine,2.27948717948718,17.76923076923077,51.57692307692308,16.351222894130608,N,1.0,0.0
2026-05-03T02:28:45,Q233_llama3.2_SQuAD,d6d9ee14-3a39-444b-8667-9bbb2b85ceaa,5b0fa12a-3dd7-45bb-9766-cc326314d9f1,7.326133899972774,4.751507006959867e-05,6.48569500890166e-06,12.876807891200004,39.97857390939724,20.0,2.4410462062501764e-05,8.134923174599185e-05,3.79127705557039e-05,0.0001436724643641,0.0,Italy,ITA,lombardy,,,Windows-11-10.0.26200-SP0,3.13.13,3.2.6,32,13th Gen Intel(R) Core(TM) i9-13900HX,1,1 x NVIDIA GeForce RTX 4070 Laptop GPU,9.1922,45.4722,31.70067596435547,machine,0.0,33.0,32.260000000000005,10.221923828125,N,1.0,0.0
2026-05-03T02:29:08,Q233_llama3.1_SQuAD,e1ffab1f-5be2-45b5-ac35-680b8af86f53,5b0fa12a-3dd7-45bb-9766-cc326314d9f1,7.811042500019539,5.044178274474037e-05,6.457752949700913e-06,12.869658987885716,39.54349427809757,20.0,2.6128580831421183e-05,8.578951307600113e-05,4.060394222227236e-05,0.0001525220361296,0.0,Italy,ITA,lombardy,,,Windows-11-10.0.26200-SP0,3.13.13,3.2.6,32,13th Gen Intel(R) Core(TM) i9-13900HX,1,1 x NVIDIA GeForce RTX 4070 Laptop GPU,9.1922,45.4722,31.70067596435547,machine,0.0,37.333333333333336,23.23333333333333,7.362498601277669,N,1.0,0.0
2026-05-03T02:29:45,Q233_gemma2:27b_SQuAD,05fa989f-0899-40b8-b9bc-b3cb29579793,5b0fa12a-3dd7-45bb-9766-cc326314d9f1,22.389638299995568,0.0001284297520697,5.736124467438988e-06,13.313919854445716,28.179894643894706,20.0,7.791272771930964e-05,0.0001916270977459,0.0001187963161106,0.0003883361415759,0.0,Italy,ITA,lombardy,,,Windows-11-10.0.26200-SP0,3.13.13,3.2.6,32,13th Gen Intel(R) Core(TM) i9-13900HX,1,1 x NVIDIA GeForce RTX 4070 Laptop GPU,9.1922,45.4722,31.70067596435547,machine,0.0,18.0,49.405,15.662717628479005,N,1.0,0.0
2026-05-03T02:30:31,Q234_llama3.2_HumanEval,2c070b4f-8b46-477d-aef7-ffcd652d47fe,5b0fa12a-3dd7-45bb-9766-cc326314d9f1,10.810112300037872,8.280538296015047e-05,7.65999285316031e-06,12.84497138432,52.06624460823991,20.0,3.678053083476796e-05,0.000156332625066,5.7267479444595264e-05,0.0002503806353453,0.0,Italy,ITA,lombardy,,,Windows-11-10.0.26200-SP0,3.13.13,3.2.6,32,13th Gen Intel(R) Core(TM) i9-13900HX,1,1 x NVIDIA GeForce RTX 4070 Laptop GPU,9.1922,45.4722,31.70067596435547,machine,0.0,54.44444444444444,28.044444444444444,8.892325931125217,N,1.0,0.0
2026-05-03T02:31:13,Q234_llama3.1_HumanEval,a8263cef-6141-4592-92b4-b47afcd222ae,5b0fa12a-3dd7-45bb-9766-cc326314d9f1,15.992586999956984,0.0001337740695329,8.3647548413124e-06,12.8622891392,59.22776229814346,20.0,5.534454226762951e-05,0.000263095488254,8.605585277772561e-05,0.0004044958832993,0.0,Italy,ITA,lombardy,,,Windows-11-10.0.26200-SP0,3.13.13,3.2.6,32,13th Gen Intel(R) Core(TM) i9-13900HX,1,1 x NVIDIA GeForce RTX 4070 Laptop GPU,9.1922,45.4722,31.70067596435547,machine,0.0,72.92857142857143,23.057142857142857,7.304157257080078,N,1.0,0.0
2026-05-03T02:32:42,Q234_gemma2:27b_HumanEval,d1d515e9-a0f1-4266-b0d0-0f2c6da405e6,5b0fa12a-3dd7-45bb-9766-cc326314d9f1,54.33576040004846,0.0002887059662786,5.313369393434625e-06,13.40514448328,24.858525028529726,20.0,0.000194602848215,0.00038769614349,0.0002906682077779,0.0008729671994829,0.0,Italy,ITA,lombardy,,,Windows-11-10.0.26200-SP0,3.13.13,3.2.6,32,13th Gen Intel(R) Core(TM) i9-13900HX,1,1 x NVIDIA GeForce RTX 4070 Laptop GPU,9.1922,45.4722,31.70067596435547,machine,0.6403846153846153,25.134615384615383,52.15961538461538,16.537715618426983,N,1.0,0.0
2026-05-03T02:33:46,Q235_llama3.2_GSM8K,50dcb1c3-7e4c-4a26-bca8-d9af1036112e,5b0fa12a-3dd7-45bb-9766-cc326314d9f1,7.4923002999858,4.426700694935552e-05,5.908333245724203e-06,12.8710296512,33.70356620193472,20.0,2.4970518658377548e-05,7.008061161997703e-05,3.880008722222151e-05,0.0001338512175005,0.0,Italy,ITA,lombardy,,,Windows-11-10.0.26200-SP0,3.13.13,3.2.6,32,13th Gen Intel(R) Core(TM) i9-13900HX,1,1 x NVIDIA GeForce RTX 4070 Laptop GPU,9.1922,45.4722,31.70067596435547,machine,0.0,24.4,32.34,10.250354766845703,N,1.0,0.0
2026-05-03T02:34:13,Q235_llama3.1_GSM8K,b76f38b8-9a6a-4eb2-97cd-7992eb69aa1b,5b0fa12a-3dd7-45bb-9766-cc326314d9f1,11.50898409995716,8.30629201941083e-05,7.217224341670389e-06,12.858333351680002,47.14680845917579,20.0,3.9311003555394365e-05,0.0001507045650079,6.114378833315439e-05,0.0002511593568965,0.0,Italy,ITA,lombardy,,,Windows-11-10.0.26200-SP0,3.13.13,3.2.6,32,13th Gen Intel(R) Core(TM) i9-13900HX,1,1 x NVIDIA GeForce RTX 4070 Laptop GPU,9.1922,45.4722,31.70067596435547,machine,0.0,49.888888888888886,23.177777777777777,7.34735827975803,N,1.0,0.0
2026-05-03T02:35:23,Q235_gemma2:27b_GSM8K,160812f9-04cd-4a3c-a469-d27b85e3ec16,5b0fa12a-3dd7-45bb-9766-cc326314d9f1,44.77941980003379,0.0002440436076038,5.44990553012248e-06,13.427563870400002,26.62518090959053,20.0,0.0001611231166368,0.0003364041580119,0.0002403932727779,0.0007379205474267,0.0,Italy,ITA,lombardy,,,Windows-11-10.0.26200-SP0,3.13.13,3.2.6,32,13th Gen Intel(R) Core(TM) i9-13900HX,1,1 x NVIDIA GeForce RTX 4070 Laptop GPU,9.1922,45.4722,31.70067596435547,machine,3.7,25.41860465116279,51.746511627906976,16.400587835977245,N,1.0,0.0
2026-05-03T02:36:25,Q236_llama3.2_HellaSwag,9cbadfcf-7537-4492-932e-e76d37a3408c,5b0fa12a-3dd7-45bb-9766-cc326314d9f1,6.592060599999968,3.613574886569957e-05,5.481707626549997e-06,12.859043321600002,29.316253548262534,20.0,2.175456265171825e-05,5.367559849600578e-05,3.3834374999989653e-05,0.0001092645361477,0.0,Italy,ITA,lombardy,,,Windows-11-10.0.26200-SP0,3.13.13,3.2.6,32,13th Gen Intel(R) Core(TM) i9-13900HX,1,1 x NVIDIA GeForce RTX 4070 Laptop GPU,9.1922,45.4722,31.70067596435547,machine,0.0,3.6,32.68,10.364720153808594,N,1.0,0.0
2026-05-03T02:36:58,Q236_llama3.1_HellaSwag,6d7d56f8-bbab-49ef-a7cb-4b676829f7d5,5b0fa12a-3dd7-45bb-9766-cc326314d9f1,7.737554999999702,4.841184245833972e-05,6.256736457232496e-06,12.888764085028573,37.35562752921143,20.0,2.590571301522207e-05,8.028034200202594e-05,4.019800166651192e-05,0.0001463840566837,0.0,Italy,ITA,lombardy,,,Windows-11-10.0.26200-SP0,3.13.13,3.2.6,32,13th Gen Intel(R) Core(TM) i9-13900HX,1,1 x NVIDIA GeForce RTX 4070 Laptop GPU,9.1922,45.4722,31.70067596435547,machine,6.666666666666667,25.166666666666668,22.933333333333334,7.272854487101237,N,1.0,0.0
2026-05-03T02:37:32,Q236_gemma2:27b_HellaSwag,cbbe4f93-a383-4339-914b-28553bfad965,5b0fa12a-3dd7-45bb-9766-cc326314d9f1,18.45051329996204,0.0001054099087333,5.713115240733968e-06,13.229167297280002,31.016064602580805,20.0,6.28138467215034e-05,0.000159002627202,9.69140116665383e-05,0.00031873048559,0.0,Italy,ITA,lombardy,,,Windows-11-10.0.26200-SP0,3.13.13,3.2.6,32,13th Gen Intel(R) Core(TM) i9-13900HX,1,1 x NVIDIA GeForce RTX 4070 Laptop GPU,9.1922,45.4722,31.70067596435547,machine,0.0,17.0,47.8375,15.161994695663452,N,1.0,0.0
2026-05-03T02:38:06,Q237_llama3.2_MMLU,5be57ab6-85a5-4f18-8975-cb130a2475a1,5b0fa12a-3dd7-45bb-9766-cc326314d9f1,8.807145299972035,5.845233488106652e-05,6.636921827695079e-06,12.856259504000002,41.27136811216024,20.0,2.965714690129537e-05,0.0001009517474279,4.613484166653102e-05,0.0001767437359958,0.0,Italy,ITA,lombardy,,,Windows-11-10.0.26200-SP0,3.13.13,3.2.6,32,13th Gen Intel(R) Core(TM) i9-13900HX,1,1 x NVIDIA GeForce RTX 4070 Laptop GPU,9.1922,45.4722,31.70067596435547,machine,0.0,43.85714285714285,29.47142857142857,9.338976723807198,N,1.0,0.0
2026-05-03T02:38:48,Q237_llama3.1_MMLU,6ea7323a-d5c5-47ea-a5d8-7d4a20efb07b,5b0fa12a-3dd7-45bb-9766-cc326314d9f1,6.776791199983563,3.430070739193713e-05,5.061496861821613e-06,12.8614927424,24.67801506545985,20.0,2.241453867787489e-05,4.644698160199967e-05,3.4854356666457736e-05,0.0001037158769463,0.0,Italy,ITA,lombardy,,,Windows-11-10.0.26200-SP0,3.13.13,3.2.6,32,13th Gen Intel(R) Core(TM) i9-13900HX,1,1 x NVIDIA GeForce RTX 4070 Laptop GPU,9.1922,45.4722,31.70067596435547,machine,0.0,9.0,22.98,7.281673431396484,N,1.0,0.0
2026-05-03T02:39:21,Q237_gemma2:27b_MMLU,81e952b6-6a5a-4be5-8b81-5fcff51d9f91,5b0fa12a-3dd7-45bb-9766-cc326314d9f1,18.120731099974364,0.000102520638194,5.657643592214566e-06,13.3363458368,33.92693927499096,20.0,6.179010097184551e-05,0.0001531781780979,9.502584944453298e-05,0.0003099941285143,0.0,Italy,ITA,lombardy,,,Windows-11-10.0.26200-SP0,3.13.13,3.2.6,32,13th Gen Intel(R) Core(TM) i9-13900HX,1,1 x NVIDIA GeForce RTX 4070 Laptop GPU,9.1922,45.4722,31.70067596435547,machine,2.68125,10.9375,47.88125,15.179651498794556,N,1.0,0.0
2026-05-03T02:39:57,Q238_llama3.2_HumanEval,82c9eb95-2bbd-47af-a447-0bb506fe7a04,5b0fa12a-3dd7-45bb-9766-cc326314d9f1,9.74755719996756,6.969383972879672e-05,7.149877482024795e-06,12.8561107456,46.67034093002611,20.0,3.301663115138245e-05,0.000126355934418,5.13623799999348e-05,0.0002107349455693,0.0,Italy,ITA,lombardy,,,Windows-11-10.0.26200-SP0,3.13.13,3.2.6,32,13th Gen Intel(R) Core(TM) i9-13900HX,1,1 x NVIDIA GeForce RTX 4070 Laptop GPU,9.1922,45.4722,31.70067596435547,machine,0.0,42.875,28.9625,9.179047107696531,N,1.0,0.0
2026-05-03T02:40:46,Q238_llama3.1_HumanEval,8708dc43-de2b-462d-a00c-19f914c373bb,5b0fa12a-3dd7-45bb-9766-cc326314d9f1,14.08105490001617,0.0001129814737219,8.023651248018074e-06,12.86154612283077,55.66200400367078,20.0,4.850901249558943e-05,0.000217684063036,7.543173388888439e-05,0.0003416248094204,0.0,Italy,ITA,lombardy,,,Windows-11-10.0.26200-SP0,3.13.13,3.2.6,32,13th Gen Intel(R) Core(TM) i9-13900HX,1,1 x NVIDIA GeForce RTX 4070 Laptop GPU,9.1922,45.4722,31.70067596435547,machine,5.0,60.583333333333336,22.866666666666664,7.247862815856934,N,1.0,0.0
2026-05-03T02:42:24,Q238_gemma2:27b_HumanEval,1840f1cc-078d-442b-a093-82160b550225,5b0fa12a-3dd7-45bb-9766-cc326314d9f1,72.71827949996805,0.0003759388632116,5.169798650307928e-06,13.790687657792,23.45666272499482,20.0,0.0002682423801015,0.000478534827272,0.000389958208333,0.0011367354157065,0.0,Italy,ITA,lombardy,,,Windows-11-10.0.26200-SP0,3.13.13,3.2.6,32,13th Gen Intel(R) Core(TM) i9-13900HX,1,1 x NVIDIA GeForce RTX 4070 Laptop GPU,9.1922,45.4722,31.70067596435547,machine,5.067142857142857,25.97142857142857,52.707142857142856,16.712321090698243,N,1.0,0.0
2026-05-03T02:43:38,Q239_llama3.2_GSM8K,f95c1d41-928f-40a0-b394-fe912f8705bd,5b0fa12a-3dd7-45bb-9766-cc326314d9f1,7.75530770001933,4.767972456900916e-05,6.14801196977527e-06,12.865195037257145,36.18786697287166,20.0,2.592174734285228e-05,7.795200680599246e-05,4.029657999991388e-05,0.0001441703341487,0.0,Italy,ITA,lombardy,,,Windows-11-10.0.26200-SP0,3.13.13,3.2.6,32,13th Gen Intel(R) Core(TM) i9-13900HX,1,1 x NVIDIA GeForce RTX 4070 Laptop GPU,9.1922,45.4722,31.70067596435547,machine,0.0,38.16666666666666,33.766666666666666,10.702102661132812,N,1.0,0.0
2026-05-03T02:44:03,Q239_llama3.1_GSM8K,9079c7a3-bd20-48fb-b68b-8d868eba774a,5b0fa12a-3dd7-45bb-9766-cc326314d9f1,10.027464299986605,6.987826000207408e-05,6.96868698920897e-06,12.8977621888,44.60946894862416,20.0,3.412711331508339e-05,0.000124247043842,5.29184244443766e-05,0.0002112925816014,0.0,Italy,ITA,lombardy,,,Windows-11-10.0.26200-SP0,3.13.13,3.2.6,32,13th Gen Intel(R) Core(TM) i9-13900HX,1,1 x NVIDIA GeForce RTX 4070 Laptop GPU,9.1922,45.4722,31.70067596435547,machine,9.375,41.5,23.45,7.437149524688721,N,1.0,0.0
2026-05-03T02:45:16,Q239_gemma2:27b_GSM8K,bf025060-67ed-4833-9e25-60f4147a87ae,5b0fa12a-3dd7-45bb-9766-cc326314d9f1,47.95380969997496,0.0002443733463958,5.0960152681258e-06,13.226160494360002,24.730978792774227,20.0,0.0001694237662793,0.000314254695848,0.0002552391244444,0.0007389175865718,0.0,Italy,ITA,lombardy,,,Windows-11-10.0.26200-SP0,3.13.13,3.2.6,32,13th Gen Intel(R) Core(TM) i9-13900HX,1,1 x NVIDIA GeForce RTX 4070 Laptop GPU,9.1922,45.4722,31.70067596435547,machine,2.1739130434782608,22.565217391304348,48.53478260869565,15.384707077689791,N,1.0,0.0
2026-05-03T02:46:18,Q240_llama3.2_SQuAD,b3d60215-3068-48b4-ac05-50f5d6cf0784,5b0fa12a-3dd7-45bb-9766-cc326314d9f1,6.551042500010226,3.539938036676468e-05,5.403625509483327e-06,12.8960362304,28.44805884717583,20.0,2.166979286530438e-05,5.1762541409983154e-05,3.360562666655621e-05,0.0001070379609418,0.0,Italy,ITA,lombardy,,,Windows-11-10.0.26200-SP0,3.13.13,3.2.6,32,13th Gen Intel(R) Core(TM) i9-13900HX,1,1 x NVIDIA GeForce RTX 4070 Laptop GPU,9.1922,45.4722,31.70067596435547,machine,0.0,24.2,32.0,10.146598052978517,N,1.0,0.0
2026-05-03T02:46:40,Q240_llama3.1_SQuAD,339507f9-ff54-4d4a-8918-95b899b1c0ec,5b0fa12a-3dd7-45bb-9766-cc326314d9f1,6.707243300043047,3.585946059116718e-05,5.3463783833422346e-06,12.836370752,27.821451218180343,20.0,2.2126642381875345e-05,5.18286525739986e-05,3.447382166664789e-05,0.0001084291166225,0.0,Italy,ITA,lombardy,,,Windows-11-10.0.26200-SP0,3.13.13,3.2.6,32,13th Gen Intel(R) Core(TM) i9-13900HX,1,1 x NVIDIA GeForce RTX 4070 Laptop GPU,9.1922,45.4722,31.70067596435547,machine,0.0,8.0,23.56,7.46614990234375,N,1.0,0.0
2026-05-03T02:47:12,Q240_gemma2:27b_SQuAD,67150f8c-020d-43d4-aed9-6cfc75f28ae4,5b0fa12a-3dd7-45bb-9766-cc326314d9f1,16.684017599967774,0.0001347656590941,8.077530384193544e-06,12.907680888320002,68.60127937374406,20.0,0.0001154089376485,0.0001132625906099,0.0001788226483334,0.000407494176592,0.0,Italy,ITA,lombardy,,,Windows-11-10.0.26200-SP0,3.13.13,3.2.6,32,13th Gen Intel(R) Core(TM) i9-13900HX,1,1 x NVIDIA GeForce RTX 4070 Laptop GPU,9.1922,45.4722,31.70067596435547,machine,0.0,20.466666666666665,48.2,15.27819366455078,N,1.0,0.0
2026-05-03T02:47:46,Q241_llama3.2_HumanEval,0c375c9e-2947-4e37-9acd-767c69199751,5b0fa12a-3dd7-45bb-9766-cc326314d9f1,9.126882300013676,6.136144090835946e-05,6.723154620747932e-06,12.8525334752,42.157846613891415,20.0,3.078476018931719e-05,0.000106851752148,4.790355777788339e-05,0.0001855400701152,0.0,Italy,ITA,lombardy,,,Windows-11-10.0.26200-SP0,3.13.13,3.2.6,32,13th Gen Intel(R) Core(TM) i9-13900HX,1,1 x NVIDIA GeForce RTX 4070 Laptop GPU,9.1922,45.4722,31.70067596435547,machine,10.714285714285714,43.142857142857146,29.9,9.477523258754186,N,1.0,0.0
2026-05-03T02:48:34,Q241_llama3.1_HumanEval,82a0b1e1-cc04-4564-af72-968f6f1a7349,5b0fa12a-3dd7-45bb-9766-cc326314d9f1,12.284497599990573,9.496876642276111e-05,7.730781470691484e-06,12.8869838336,52.613641183147024,20.0,4.217796403265424e-05,0.0001795240325079,6.545735499983291e-05,0.0002871593515404,0.0,Italy,ITA,lombardy,,,Windows-11-10.0.26200-SP0,3.13.13,3.2.6,32,13th Gen Intel(R) Core(TM) i9-13900HX,1,1 x NVIDIA GeForce RTX 4070 Laptop GPU,9.1922,45.4722,31.70067596435547,machine,0.0,53.0,23.42,7.429156875610351,N,1.0,0.0
2026-05-03T02:49:51,Q241_gemma2:27b_HumanEval,19fb15ae-be4b-4209-bbe4-77ee49f9a192,5b0fa12a-3dd7-45bb-9766-cc326314d9f1,52.31689949997235,0.0002794865115491,5.342184155031748e-06,13.600181798788574,24.695695855516007,20.0,0.0001901022034557,0.000375537522652,0.0002794503855557,0.0008450901116635,0.0,Italy,ITA,lombardy,,,Windows-11-10.0.26200-SP0,3.13.13,3.2.6,32,13th Gen Intel(R) Core(TM) i9-13900HX,1,1 x NVIDIA GeForce RTX 4070 Laptop GPU,9.1922,45.4722,31.70067596435547,machine,0.0,22.52,52.334,16.59193733215332,N,1.0,0.0
2026-05-03T02:50:56,Q242_llama3.2_MMLU,7397860c-9f5d-4940-93f0-ae55612b7a2e,5b0fa12a-3dd7-45bb-9766-cc326314d9f1,8.225138399982825,5.457926544641658e-05,6.6356652973195615e-06,12.855491626057145,41.38536611518912,20.0,2.757985570369676e-05,9.45464645260019e-05,4.2906322222228885e-05,0.0001650326424519,0.0,Italy,ITA,lombardy,,,Windows-11-10.0.26200-SP0,3.13.13,3.2.6,32,13th Gen Intel(R) Core(TM) i9-13900HX,1,1 x NVIDIA GeForce RTX 4070 Laptop GPU,9.1922,45.4722,31.70067596435547,machine,0.0,38.16666666666666,30.96666666666667,9.807467142740885,N,1.0,0.0
2026-05-03T02:51:39,Q242_llama3.1_MMLU,363537dd-6581-4271-ac44-9a8fff23f78f,5b0fa12a-3dd7-45bb-9766-cc326314d9f1,7.777538500027731,4.922246812328433e-05,6.328797745341772e-06,12.888448848457143,38.1295586927581,20.0,2.6048016958766624e-05,8.236756589402594e-05,4.041958222223911e-05,0.000148835165075,0.0,Italy,ITA,lombardy,,,Windows-11-10.0.26200-SP0,3.13.13,3.2.6,32,13th Gen Intel(R) Core(TM) i9-13900HX,1,1 x NVIDIA GeForce RTX 4070 Laptop GPU,9.1922,45.4722,31.70067596435547,machine,4.166666666666667,27.666666666666668,23.45,7.435063044230143,N,1.0,0.0
2026-05-03T02:52:11,Q242_gemma2:27b_MMLU,9ebd2161-3d71-4ebc-805a-20ad3b916bf0,5b0fa12a-3dd7-45bb-9766-cc326314d9f1,17.4632187000243,0.0001085401763975,6.215359164998346e-06,13.131545079680002,34.9584984247126,20.0,5.9212780543895226e-05,0.000177571253168,9.141151777779064e-05,0.0003281955514896,0.0,Italy,ITA,lombardy,,,Windows-11-10.0.26200-SP0,3.13.13,3.2.6,32,13th Gen Intel(R) Core(TM) i9-13900HX,1,1 x NVIDIA GeForce RTX 4070 Laptop GPU,9.1922,45.4722,31.70067596435547,machine,0.0,14.6,47.99333333333333,15.219041697184243,N,1.0,0.0
2026-05-03T02:52:45,Q243_llama3.2_GSM8K,43e82775-b0c9-433f-81c3-86ea13a13f52,5b0fa12a-3dd7-45bb-9766-cc326314d9f1,8.07553040003404,5.052930472952325e-05,6.257088045796999e-06,12.882707757714286,37.27538822345615,20.0,2.710302491491334e-05,8.360784466401872e-05,4.2075808888896266e-05,0.0001527866784678,0.0,Italy,ITA,lombardy,,,Windows-11-10.0.26200-SP0,3.13.13,3.2.6,32,13th Gen Intel(R) Core(TM) i9-13900HX,1,1 x NVIDIA GeForce RTX 4070 Laptop GPU,9.1922,45.4722,31.70067596435547,machine,0.0,36.16666666666666,31.08333333333333,9.852113723754885,N,1.0,0.0
2026-05-03T02:53:11,Q243_llama3.1_GSM8K,59627d31-df05-422c-a039-e681c766d858,5b0fa12a-3dd7-45bb-9766-cc326314d9f1,11.15084229997592,8.585110570451425e-05,7.699069128141076e-06,12.88118312192,52.41231999419659,20.0,3.810090197523517e-05,0.000162332629866,5.915652888878767e-05,0.00025959006073,0.0,Italy,ITA,lombardy,,,Windows-11-10.0.26200-SP0,3.13.13,3.2.6,32,13th Gen Intel(R) Core(TM) i9-13900HX,1,1 x NVIDIA GeForce RTX 4070 Laptop GPU,9.1922,45.4722,31.70067596435547,machine,9.255555555555556,48.11111111111112,23.366666666666667,7.409265730116102,N,1.0,0.0
2026-05-03T02:54:21,Q243_gemma2:27b_GSM8K,3f9f978a-aeea-4546-96c8-3916208751c9,5b0fa12a-3dd7-45bb-9766-cc326314d9f1,45.07194549997803,0.0002341299573117,5.194582898843251e-06,13.41395051104,24.05244710362592,20.0,0.000162159240717,0.000303762465232,0.0002420226977779,0.0007079444037269,0.0,Italy,ITA,lombardy,,,Windows-11-10.0.26200-SP0,3.13.13,3.2.6,32,13th Gen Intel(R) Core(TM) i9-13900HX,1,1 x NVIDIA GeForce RTX 4070 Laptop GPU,9.1922,45.4722,31.70067596435547,machine,2.9906976744186045,19.72093023255814,51.944186046511625,16.46505293735238,N,1.0,0.0
2026-05-03T02:55:24,Q244_llama3.2_SQuAD,28c7217c-86ee-455e-8872-66c4e1b48195,5b0fa12a-3dd7-45bb-9766-cc326314d9f1,6.482677099993452,3.655809539598645e-05,5.639351587637054e-06,12.869297200640002,31.071119876484754,20.0,2.1378475794641287e-05,5.594032253000703e-05,3.322279722196982e-05,0.0001105415955466,0.0,Italy,ITA,lombardy,,,Windows-11-10.0.26200-SP0,3.13.13,3.2.6,32,13th Gen Intel(R) Core(TM) i9-13900HX,1,1 x NVIDIA GeForce RTX 4070 Laptop GPU,9.1922,45.4722,31.70067596435547,machine,0.0,5.5,34.325,10.891806602478027,N,1.0,0.0
2026-05-03T02:55:46,Q244_llama3.1_SQuAD,1b62c979-f236-486c-8fae-13bbdcffb870,5b0fa12a-3dd7-45bb-9766-cc326314d9f1,6.723664200049825,3.624310499254729e-05,5.390379994330876e-06,12.927265587200004,28.212700095353085,20.0,2.2340292088176846e-05,5.2686708816002126e-05,3.456215055581803e-05,0.0001095891514599,0.0,Italy,ITA,lombardy,,,Windows-11-10.0.26200-SP0,3.13.13,3.2.6,32,13th Gen Intel(R) Core(TM) i9-13900HX,1,1 x NVIDIA GeForce RTX 4070 Laptop GPU,9.1922,45.4722,31.70067596435547,machine,0.0,15.0,23.32,7.390950775146484,N,1.0,0.0
2026-05-03T02:56:21,Q244_gemma2:27b_SQuAD,facb48c1-6234-4542-b335-21d5eedb77a4,5b0fa12a-3dd7-45bb-9766-cc326314d9f1,20.34136749996105,0.0001236197690324,6.077259507391481e-06,13.37106187136,30.81120011266308,20.0,7.029751399076413e-05,0.0001960946013199,0.0001073999644444,0.0003737920797552,0.0,Italy,ITA,lombardy,,,Windows-11-10.0.26200-SP0,3.13.13,3.2.6,32,13th Gen Intel(R) Core(TM) i9-13900HX,1,1 x NVIDIA GeForce RTX 4070 Laptop GPU,9.1922,45.4722,31.70067596435547,machine,4.550000000000001,15.5,49.083333333333336,15.556377622816298,N,1.0,0.0
2026-05-03T02:57:04,Q245_llama3.2_SQuAD,199c88dd-1c46-4388-8a54-71a56a951c35,5b0fa12a-3dd7-45bb-9766-cc326314d9f1,7.364555100037251,4.354486659853804e-05,5.912762686549495e-06,12.8820254336,33.72457882093551,20.0,2.455805854766386e-05,6.898311074196584e-05,3.812649500000084e-05,0.0001316676642896,0.0,Italy,ITA,lombardy,,,Windows-11-10.0.26200-SP0,3.13.13,3.2.6,32,13th Gen Intel(R) Core(TM) i9-13900HX,1,1 x NVIDIA GeForce RTX 4070 Laptop GPU,9.1922,45.4722,31.70067596435547,machine,0.0,23.4,32.36,10.263394165039063,N,1.0,0.0
2026-05-03T02:57:26,Q245_llama3.1_SQuAD,eee713dd-fbd1-4f6e-884b-0196c2234e60,5b0fa12a-3dd7-45bb-9766-cc326314d9f1,6.767438199953176,3.4591156723121515e-05,5.111410802888581e-06,12.865049657600002,25.216991021251182,20.0,2.23899132377722e-05,4.739781569598756e-05,3.480638666660525e-05,0.0001045941156003,0.0,Italy,ITA,lombardy,,,Windows-11-10.0.26200-SP0,3.13.13,3.2.6,32,13th Gen Intel(R) Core(TM) i9-13900HX,1,1 x NVIDIA GeForce RTX 4070 Laptop GPU,9.1922,45.4722,31.70067596435547,machine,0.0,14.4,23.26,7.377787780761719,N,1.0,0.0
2026-05-03T02:58:03,Q245_gemma2:27b_SQuAD,6e74c52e-82b3-4a50-904d-fc59a43a3623,5b0fa12a-3dd7-45bb-9766-cc326314d9f1,21.83834049996221,0.0001248665588179,5.717767740557576e-06,13.30211534281143,28.65260834699613,20.0,7.598493885192079e-05,0.000185899037608,0.0001156780516667,0.0003775620281266,0.0,Italy,ITA,lombardy,,,Windows-11-10.0.26200-SP0,3.13.13,3.2.6,32,13th Gen Intel(R) Core(TM) i9-13900HX,1,1 x NVIDIA GeForce RTX 4070 Laptop GPU,9.1922,45.4722,31.70067596435547,machine,0.0,15.25,49.5,15.690889930725096,N,1.0,0.0
2026-05-03T02:58:44,Q246_llama3.2_SQuAD,25091686-fa12-406e-896c-09756245bf63,5b0fa12a-3dd7-45bb-9766-cc326314d9f1,5.9869388999650255,3.2430934116292536e-05,5.416947568394592e-06,12.88005814784,28.884327647958784,20.0,1.9610779400789368e-05,4.800114951200585e-05,3.045026944439289e-05,9.806219835718812e-05,0.0,Italy,ITA,lombardy,,,Windows-11-10.0.26200-SP0,3.13.13,3.2.6,32,13th Gen Intel(R) Core(TM) i9-13900HX,1,1 x NVIDIA GeForce RTX 4070 Laptop GPU,9.1922,45.4722,31.70067596435547,machine,8.325,5.5,33.425,10.589228630065918,N,1.0,0.0
2026-05-03T02:59:07,Q246_llama3.1_SQuAD,3851915f-6325-48a6-ab81-b481079d0b3a,5b0fa12a-3dd7-45bb-9766-cc326314d9f1,7.377314299985301,4.260748200505558e-05,5.7754733325026525e-06,12.8462057216,32.258689858182535,20.0,2.4535243430549865e-05,6.610060843598164e-05,3.819741999969766e-05,0.0001288332718662,0.0,Italy,ITA,lombardy,,,Windows-11-10.0.26200-SP0,3.13.13,3.2.6,32,13th Gen Intel(R) Core(TM) i9-13900HX,1,1 x NVIDIA GeForce RTX 4070 Laptop GPU,9.1922,45.4722,31.70067596435547,machine,0.0,30.2,22.68,7.190512847900391,N,1.0,0.0
2026-05-03T02:59:38,Q246_gemma2:27b_SQuAD,bff44916-1bca-43a2-b9ac-52c5b97f0a5e,5b0fa12a-3dd7-45bb-9766-cc326314d9f1,16.632103400013875,0.0001455643553812,8.75201120870433e-06,12.81927843584,82.61130807368363,20.0,0.0001144448575092,0.000147153173278,0.0001785484244442,0.0004401464552314,0.0,Italy,ITA,lombardy,,,Windows-11-10.0.26200-SP0,3.13.13,3.2.6,32,13th Gen Intel(R) Core(TM) i9-13900HX,1,1 x NVIDIA GeForce RTX 4070 Laptop GPU,9.1922,45.4722,31.70067596435547,machine,0.0,14.6,47.24,14.970778401692709,N,1.0,0.0
2026-05-03T03:00:00,Q247_llama3.2_MMLU,a61cbb15-2de4-4745-902b-4b1fd9bb1583,5b0fa12a-3dd7-45bb-9766-cc326314d9f1,6.0842838999815285,3.2853670903759006e-05,5.3997596831171454e-06,12.87254761472,28.624829581804224,20.0,1.995902131103002e-05,4.8371983141976e-05,3.1009433333141106e-05,9.934043778614712e-05,0.0,Italy,ITA,lombardy,,,Windows-11-10.0.26200-SP0,3.13.13,3.2.6,32,13th Gen Intel(R) Core(TM) i9-13900HX,1,1 x NVIDIA GeForce RTX 4070 Laptop GPU,9.1922,45.4722,31.70067596435547,machine,0.0,5.75,33.075,10.485967636108398,N,1.0,0.0
2026-05-03T03:00:22,Q247_llama3.1_MMLU,3788f637-5c09-4487-8b0b-ef8175434562,5b0fa12a-3dd7-45bb-9766-cc326314d9f1,6.640400899981614,3.704934753422214e-05,5.5793841504847584e-06,12.838895705600002,30.39463318563513,20.0,2.188585387858788e-05,5.6049211505981855e-05,3.409194111106141e-05,0.0001120270064956,0.0,Italy,ITA,lombardy,,,Windows-11-10.0.26200-SP0,3.13.13,3.2.6,32,13th Gen Intel(R) Core(TM) i9-13900HX,1,1 x NVIDIA GeForce RTX 4070 Laptop GPU,9.1922,45.4722,31.70067596435547,machine,1.54,8.0,22.76,7.211444854736328,N,1.0,0.0
2026-05-03T03:00:58,Q247_gemma2:27b_MMLU,ac067634-ba64-45dd-8a7e-87365aae3721,5b0fa12a-3dd7-45bb-9766-cc326314d9f1,21.618222899967805,0.0001292401692288,5.978297560668915e-06,13.36953467648,31.12415903808053,20.0,7.545961274103574e-05,0.00020081404954,0.0001145129572221,0.0003907866195032,0.0,Italy,ITA,lombardy,,,Windows-11-10.0.26200-SP0,3.13.13,3.2.6,32,13th Gen Intel(R) Core(TM) i9-13900HX,1,1 x NVIDIA GeForce RTX 4070 Laptop GPU,9.1922,45.4722,31.70067596435547,machine,10.526315789473683,9.526315789473683,48.642105263157895,15.421126114694696,N,1.0,0.0
2026-05-03T03:01:42,Q248_llama3.2_HumanEval,994e93bb-c1d0-4290-be8e-5d96565b3554,5b0fa12a-3dd7-45bb-9766-cc326314d9f1,8.758251600025687,6.192853938518807e-05,7.070879236331419e-06,12.8573914304,46.02285544722745,20.0,2.9477368817613656e-05,0.0001119256450959,4.585180555554366e-05,0.0001872548194691,0.0,Italy,ITA,lombardy,,,Windows-11-10.0.26200-SP0,3.13.13,3.2.6,32,13th Gen Intel(R) Core(TM) i9-13900HX,1,1 x NVIDIA GeForce RTX 4070 Laptop GPU,9.1922,45.4722,31.70067596435547,machine,0.0,42.71428571428572,28.7,9.098773411342076,N,1.0,0.0
2026-05-03T03:02:29,Q248_llama3.1_HumanEval,fbae4a8d-acf3-43a4-9012-2154db764b96,5b0fa12a-3dd7-45bb-9766-cc326314d9f1,11.346583800041117,8.651664378613173e-05,7.62490678346889e-06,12.85714689536,51.603494251979775,20.0,3.87279775210648e-05,0.00016263207455,6.0242412222174205e-05,0.0002616024642932,0.0,Italy,ITA,lombardy,,,Windows-11-10.0.26200-SP0,3.13.13,3.2.6,32,13th Gen Intel(R) Core(TM) i9-13900HX,1,1 x NVIDIA GeForce RTX 4070 Laptop GPU,9.1922,45.4722,31.70067596435547,machine,0.0,59.333333333333336,22.744444444444444,7.215309143066406,N,1.0,0.0
2026-05-03T03:03:51,Q248_gemma2:27b_HumanEval,929cd2e7-df66-47a5-959c-11458aaffc4e,5b0fa12a-3dd7-45bb-9766-cc326314d9f1,56.5889734000084,0.0002981706378665,5.269058969472984e-06,13.461760858803638,24.6939875148754,20.0,0.0002038747803845,0.0003945105933859,0.0003032003816663,0.0009015857554369,0.0,Italy,ITA,lombardy,,,Windows-11-10.0.26200-SP0,3.13.13,3.2.6,32,13th Gen Intel(R) Core(TM) i9-13900HX,1,1 x NVIDIA GeForce RTX 4070 Laptop GPU,9.1922,45.4722,31.70067596435547,machine,1.851851851851852,26.5,51.69814814814814,16.391046241477685,N,1.0,0.0
2026-05-03T03:04:54,Q249_llama3.2_GSM8K,095a9097-19bc-4df1-b44a-0339860ccff8,5b0fa12a-3dd7-45bb-9766-cc326314d9f1,7.193299399979878,4.258696171410328e-05,5.920365516027653e-06,12.883179584000002,33.8574979557858,20.0,2.3948533939825952e-05,6.764560967198463e-05,3.717708055531451e-05,0.0001287712241671,0.0,Italy,ITA,lombardy,,,Windows-11-10.0.26200-SP0,3.13.13,3.2.6,32,13th Gen Intel(R) Core(TM) i9-13900HX,1,1 x NVIDIA GeForce RTX 4070 Laptop GPU,9.1922,45.4722,31.70067596435547,machine,0.0,22.6,31.8,10.079084014892578,N,1.0,0.0
2026-05-03T03:05:18,Q249_llama3.1_GSM8K,9bc40422-7726-4aed-8e73-b3f143eb5f08,5b0fa12a-3dd7-45bb-9766-cc326314d9f1,9.202824699983466,6.456738089665454e-05,7.01603942284922e-06,12.8717523488,45.29869505860092,20.0,3.11083245044235e-05,0.0001157906481879,4.833497555551327e-05,0.0001952339482479,0.0,Italy,ITA,lombardy,,,Windows-11-10.0.26200-SP0,3.13.13,3.2.6,32,13th Gen Intel(R) Core(TM) i9-13900HX,1,1 x NVIDIA GeForce RTX 4070 Laptop GPU,9.1922,45.4722,31.70067596435547,machine,0.0,38.142857142857146,22.6,7.15990230015346,N,1.0,0.0
2026-05-03T03:06:11,Q249_gemma2:27b_GSM8K,7e8c37a5-1e39-4f60-bfd6-3d6ef854c4e3,5b0fa12a-3dd7-45bb-9766-cc326314d9f1,27.468372499977704,0.000154670076248,5.6308423896684935e-06,13.54218615296,28.415980713466265,20.0,9.865624728463773e-05,0.0002220090664959,0.0001470143294443,0.0004676796432249,0.0,Italy,ITA,lombardy,,,Windows-11-10.0.26200-SP0,3.13.13,3.2.6,32,13th Gen Intel(R) Core(TM) i9-13900HX,1,1 x NVIDIA GeForce RTX 4070 Laptop GPU,9.1922,45.4722,31.70067596435547,machine,0.0,10.36,49.696,15.750139923095704,N,1.0,0.0
2026-05-03T03:06:54,Q250_llama3.2_GSM8K,a5b98d66-2ad4-4ec3-a8b6-7e4ce3b01966,5b0fa12a-3dd7-45bb-9766-cc326314d9f1,7.701684200030286,5.028886347780038e-05,6.529593030781842e-06,12.8580007808,40.36427228689654,20.0,2.571617693057352e-05,8.634479129798756e-05,3.999868222227734e-05,0.0001520596504508,0.0,Italy,ITA,lombardy,,,Windows-11-10.0.26200-SP0,3.13.13,3.2.6,32,13th Gen Intel(R) Core(TM) i9-13900HX,1,1 x NVIDIA GeForce RTX 4070 Laptop GPU,9.1922,45.4722,31.70067596435547,machine,0.0,36.16666666666666,30.58333333333333,9.694073994954428,N,1.0,0.0
2026-05-03T03:07:40,Q250_llama3.1_GSM8K,d543539c-8c5d-419c-ae23-e9ecedef243e,5b0fa12a-3dd7-45bb-9766-cc326314d9f1,10.774689399986528,7.888515806253081e-05,7.321339403308409e-06,12.86600183552,48.37546610347324,20.0,3.6707665327595886e-05,0.00014475844914,5.706084222215901e-05,0.0002385269566897,0.0,Italy,ITA,lombardy,,,Windows-11-10.0.26200-SP0,3.13.13,3.2.6,32,13th Gen Intel(R) Core(TM) i9-13900HX,1,1 x NVIDIA GeForce RTX 4070 Laptop GPU,9.1922,45.4722,31.70067596435547,machine,6.177777777777778,52.888888888888886,22.91111111111111,7.261234707302517,N,1.0,0.0
2026-05-03T03:08:49,Q250_gemma2:27b_GSM8K,da34e2be-4812-4cdc-9fdb-75f8662d0b3f,5b0fa12a-3dd7-45bb-9766-cc326314d9f1,44.05430349998642,0.000233881607875,5.308938952469809e-06,13.632176253805715,25.004156997001505,20.0,0.000160727302637,0.000310156359236,0.0002363098016668,0.0007071934635399,0.0,Italy,ITA,lombardy,,,Windows-11-10.0.26200-SP0,3.13.13,3.2.6,32,13th Gen Intel(R) Core(TM) i9-13900HX,1,1 x NVIDIA GeForce RTX 4070 Laptop GPU,9.1922,45.4722,31.70067596435547,machine,0.9523809523809524,19.73809523809524,51.411904761904765,16.295218694777716,N,1.0,0.0
2026-05-03T03:09:45,Q251_llama3.2_SQuAD,583cab4e-e3fb-451c-ba45-090ecfc2d524,5b0fa12a-3dd7-45bb-9766-cc326314d9f1,9.40756840002723,6.748830996702775e-05,7.173831440527439e-06,12.8543189888,46.99084090043984,20.0,3.180028653501819e-05,0.0001227887093419,4.9477036111056806e-05,0.000204066031988,0.0,Italy,ITA,lombardy,,,Windows-11-10.0.26200-SP0,3.13.13,3.2.6,32,13th Gen Intel(R) Core(TM) i9-13900HX,1,1 x NVIDIA GeForce RTX 4070 Laptop GPU,9.1922,45.4722,31.70067596435547,machine,0.0,54.85714285714285,29.442857142857143,9.323483058384486,N,1.0,0.0
2026-05-03T03:10:30,Q251_llama3.1_SQuAD,37086d04-4bfb-4e4a-9796-e22a184825bb,5b0fa12a-3dd7-45bb-9766-cc326314d9f1,9.717240699974354,6.717446775028609e-05,6.912915901163524e-06,12.864388582400002,44.08893539032036,20.0,3.292820394834263e-05,0.0001189970396419,5.119181611096589e-05,0.0002031170597012,0.0,Italy,ITA,lombardy,,,Windows-11-10.0.26200-SP0,3.13.13,3.2.6,32,13th Gen Intel(R) Core(TM) i9-13900HX,1,1 x NVIDIA GeForce RTX 4070 Laptop GPU,9.1922,45.4722,31.70067596435547,machine,6.25,42.125,22.875,7.2554097175598145,N,1.0,0.0
2026-05-03T03:11:21,Q251_gemma2:27b_SQuAD,58ddccc6-af1a-4727-aacc-3a803e4f00ac,5b0fa12a-3dd7-45bb-9766-cc326314d9f1,26.175188299966976,0.0001436839933663,5.489320333430142e-06,13.411853360872728,26.906715445952543,20.0,9.281440774286544e-05,0.0002018415503619,0.000139804801111,0.0004344607592159,0.0,Italy,ITA,lombardy,,,Windows-11-10.0.26200-SP0,3.13.13,3.2.6,32,13th Gen Intel(R) Core(TM) i9-13900HX,1,1 x NVIDIA GeForce RTX 4070 Laptop GPU,9.1922,45.4722,31.70067596435547,machine,0.0,13.041666666666666,49.80833333333334,15.787400245666504,N,1.0,0.0
2026-05-03T03:12:08,Q252_llama3.2_HumanEval,a40f4fe7-263a-4430-802c-a838a50f65ee,5b0fa12a-3dd7-45bb-9766-cc326314d9f1,11.099723200022709,8.32698065517423e-05,7.5019714502044465e-06,12.85315162112,50.30381024117632,20.0,3.783320788187703e-05,0.000155082624066,5.886909222236783e-05,0.0002517849241702,0.0,Italy,ITA,lombardy,,,Windows-11-10.0.26200-SP0,3.13.13,3.2.6,32,13th Gen Intel(R) Core(TM) i9-13900HX,1,1 x NVIDIA GeForce RTX 4070 Laptop GPU,9.1922,45.4722,31.70067596435547,machine,0.0,60.888888888888886,27.855555555555554,8.839110056559244,N,1.0,0.0
2026-05-03T03:12:50,Q252_llama3.1_HumanEval,f8433e28-6211-43de-a6f7-1764a07cf6e1,5b0fa12a-3dd7-45bb-9766-cc326314d9f1,17.194208199973218,0.0001507851154696,8.769529466897602e-06,12.824511395840002,64.5019744333519,20.0,5.771557411157147e-05,0.0003083110799819,8.990593944423986e-05,0.0004559325935378,0.0,Italy,ITA,lombardy,,,Windows-11-10.0.26200-SP0,3.13.13,3.2.6,32,13th Gen Intel(R) Core(TM) i9-13900HX,1,1 x NVIDIA GeForce RTX 4070 Laptop GPU,9.1922,45.4722,31.70067596435547,machine,0.0,73.73333333333333,22.826666666666664,7.237309519449869,N,1.0,0.0
2026-05-03T03:14:49,Q252_gemma2:27b_HumanEval,dd620cc0-dcf0-46b8-891a-4491329f0c71,5b0fa12a-3dd7-45bb-9766-cc326314d9f1,83.12111900001764,0.0004349250628126,5.232425502026701e-06,13.58385645792,24.191427573779848,20.0,0.0003025418439534,0.0005675710096119,0.000444980557778,0.0013150934113434,0.0,Italy,ITA,lombardy,,,Windows-11-10.0.26200-SP0,3.13.13,3.2.6,32,13th Gen Intel(R) Core(TM) i9-13900HX,1,1 x NVIDIA GeForce RTX 4070 Laptop GPU,9.1922,45.4722,31.70067596435547,machine,0.6172839506172839,21.88888888888889,52.48148148148148,16.634796990288628,N,1.0,0.0
2026-05-03T03:16:04,Q253_llama3.2_HumanEval,c7186868-1da3-4ef8-a0a9-33fdfea97afa,5b0fa12a-3dd7-45bb-9766-cc326314d9f1,8.70886790001532,5.855460745454257e-05,6.723561331598514e-06,12.8729921888,42.21378763924971,20.0,2.93470494665818e-05,0.0001021120261339,4.559390444450805e-05,0.000177052980045,0.0,Italy,ITA,lombardy,,,Windows-11-10.0.26200-SP0,3.13.13,3.2.6,32,13th Gen Intel(R) Core(TM) i9-13900HX,1,1 x NVIDIA GeForce RTX 4070 Laptop GPU,9.1922,45.4722,31.70067596435547,machine,0.0,32.142857142857146,29.785714285714285,9.440013340541295,N,1.0,0.0
2026-05-03T03:16:36,Q253_llama3.1_HumanEval,db360eb4-76ce-40ac-a990-79d98b185000,5b0fa12a-3dd7-45bb-9766-cc326314d9f1,17.163838600041345,0.0001489956882455,8.680790568911388e-06,12.83243787776,65.4291325553117,20.0,5.769125569098187e-05,0.0003030530202199,8.977758333332733e-05,0.0004505218592442,0.0,Italy,ITA,lombardy,,,Windows-11-10.0.26200-SP0,3.13.13,3.2.6,32,13th Gen Intel(R) Core(TM) i9-13900HX,1,1 x NVIDIA GeForce RTX 4070 Laptop GPU,9.1922,45.4722,31.70067596435547,machine,6.666666666666667,74.86666666666666,23.046666666666667,7.299954477945963,N,1.0,0.0
2026-05-03T03:18:14,Q253_gemma2:27b_HumanEval,e37dd798-be04-443e-8a39-b1bf5730767f,5b0fa12a-3dd7-45bb-9766-cc326314d9f1,63.09237049997319,0.0003211953817797,5.090875160252213e-06,13.486285107776002,24.157736787943183,20.0,0.00022848362667,0.00040621004719,0.0003365125555551,0.0009712062294152,0.0,Italy,ITA,lombardy,,,Windows-11-10.0.26200-SP0,3.13.13,3.2.6,32,13th Gen Intel(R) Core(TM) i9-13900HX,1,1 x NVIDIA GeForce RTX 4070 Laptop GPU,9.1922,45.4722,31.70067596435547,machine,1.639344262295082,25.885245901639344,52.22950819672131,16.555378335421203,N,1.0,0.0
2026-05-03T03:19:19,Q254_llama3.2_HumanEval,9fb117e9-4f5f-4631-aa74-bfc9f666dc4b,5b0fa12a-3dd7-45bb-9766-cc326314d9f1,8.86341240000911,5.8934459530414665e-05,6.649183956548619e-06,12.8597304656,41.38258150906759,20.0,2.986971532257342e-05,0.000101878137058,4.6453695555747904e-05,0.0001782015479363,0.0,Italy,ITA,lombardy,,,Windows-11-10.0.26200-SP0,3.13.13,3.2.6,32,13th Gen Intel(R) Core(TM) i9-13900HX,1,1 x NVIDIA GeForce RTX 4070 Laptop GPU,9.1922,45.4722,31.70067596435547,machine,0.0,45.85714285714285,29.31428571428572,9.293999808175224,N,1.0,0.0
2026-05-03T03:20:01,Q254_llama3.1_HumanEval,edab753b-161a-4e6b-82b9-3898e39cb7b6,5b0fa12a-3dd7-45bb-9766-cc326314d9f1,16.281126099987887,0.0001435496454059,8.81693591244112e-06,12.8453324672,64.15194881469024,20.0,5.6299847633720894e-05,0.0002900977320779,8.765694833321807e-05,0.0004340545280449,0.0,Italy,ITA,lombardy,,,Windows-11-10.0.26200-SP0,3.13.13,3.2.6,32,13th Gen Intel(R) Core(TM) i9-13900HX,1,1 x NVIDIA GeForce RTX 4070 Laptop GPU,9.1922,45.4722,31.70067596435547,machine,3.571428571428572,67.28571428571429,22.9,7.262450081961496,N,1.0,0.0
2026-05-03T03:21:26,Q254_gemma2:27b_HumanEval,1bd0c453-50b7-49f5-b593-8b5d8c71b67a,5b0fa12a-3dd7-45bb-9766-cc326314d9f1,49.70832249999512,0.0002634896876189,5.300715742699685e-06,13.577100738560002,24.590655527499603,20.0,0.0001797277012545,0.000352028892734,0.0002649635350001,0.0007967201289887,0.0,Italy,ITA,lombardy,,,Windows-11-10.0.26200-SP0,3.13.13,3.2.6,32,13th Gen Intel(R) Core(TM) i9-13900HX,1,1 x NVIDIA GeForce RTX 4070 Laptop GPU,9.1922,45.4722,31.70067596435547,machine,2.127659574468085,22.127659574468087,51.840425531914896,16.42702362385202,N,1.0,0.0
2026-05-03T03:22:30,Q255_llama3.2_HumanEval,6fb6a366-8b71-4900-b077-51aeace9a875,5b0fa12a-3dd7-45bb-9766-cc326314d9f1,8.174586999986786,5.445178890091371e-05,6.661105802776547e-06,12.875424254171431,41.65430073863685,20.0,2.744285843831906e-05,9.457702010601254e-05,4.26273099997262e-05,0.000164647188544,0.0,Italy,ITA,lombardy,,,Windows-11-10.0.26200-SP0,3.13.13,3.2.6,32,13th Gen Intel(R) Core(TM) i9-13900HX,1,1 x NVIDIA GeForce RTX 4070 Laptop GPU,9.1922,45.4722,31.70067596435547,machine,0.0,32.333333333333336,30.616666666666664,9.70809237162272,N,1.0,0.0
2026-05-03T03:22:59,Q255_llama3.1_HumanEval,046dc4d3-cf6f-4876-a5b1-4a93f0df428a,5b0fa12a-3dd7-45bb-9766-cc326314d9f1,13.189154300023802,0.0001076320337909,8.160647100073132e-06,12.861724496,57.276320069238906,20.0,4.5300177668018464e-05,0.0002097082233219,7.04411777777649e-05,0.0003254495787677,0.0,Italy,ITA,lombardy,,,Windows-11-10.0.26200-SP0,3.13.13,3.2.6,32,13th Gen Intel(R) Core(TM) i9-13900HX,1,1 x NVIDIA GeForce RTX 4070 Laptop GPU,9.1922,45.4722,31.70067596435547,machine,0.0,64.36363636363636,23.036363636363635,7.306056976318359,N,1.0,0.0
2026-05-03T03:24:14,Q255_gemma2:27b_HumanEval,5c5995da-20ef-4c13-81c6-cf707ad4fbc3,5b0fa12a-3dd7-45bb-9766-cc326314d9f1,39.87945970002329,0.0002157601404128,5.410307512584252e-06,13.294762036480003,25.99999106813212,20.0,0.000141344389399,0.0002978855160859,0.0002131692394446,0.0006523991449296,0.0,Italy,ITA,lombardy,,,Windows-11-10.0.26200-SP0,3.13.13,3.2.6,32,13th Gen Intel(R) Core(TM) i9-13900HX,1,1 x NVIDIA GeForce RTX 4070 Laptop GPU,9.1922,45.4722,31.70067596435547,machine,6.492105263157894,15.105263157894736,51.25263157894737,16.25048215765702,N,1.0,0.0
2026-05-03T03:25:07,Q256_llama3.2_GSM8K,f1c60dee-b4c1-4eb9-a3e3-54ef809974d3,5b0fa12a-3dd7-45bb-9766-cc326314d9f1,8.060450199991465,5.085957710660697e-05,6.309768790167679e-06,12.873987265828571,37.86572023139078,20.0,2.702669154196167e-05,8.477312337401566e-05,4.198551611108188e-05,0.000153785331027,0.0,Italy,ITA,lombardy,,,Windows-11-10.0.26200-SP0,3.13.13,3.2.6,32,13th Gen Intel(R) Core(TM) i9-13900HX,1,1 x NVIDIA GeForce RTX 4070 Laptop GPU,9.1922,45.4722,31.70067596435547,machine,0.0,34.5,30.1,9.542322794596354,N,1.0,0.0
2026-05-03T03:25:44,Q256_llama3.1_GSM8K,0f7c6167-b20f-4884-bf41-09f87139c2bf,5b0fa12a-3dd7-45bb-9766-cc326314d9f1,11.18369299999904,8.045917084321984e-05,7.194329354644012e-06,12.86856987392,46.92863552446497,20.0,3.817877551328353e-05,0.0001457720610619,5.933550055552688e-05,0.0002432863371307,0.0,Italy,ITA,lombardy,,,Windows-11-10.0.26200-SP0,3.13.13,3.2.6,32,13th Gen Intel(R) Core(TM) i9-13900HX,1,1 x NVIDIA GeForce RTX 4070 Laptop GPU,9.1922,45.4722,31.70067596435547,machine,0.0,58.55555555555556,22.466666666666665,7.117672390407986,N,1.0,0.0
2026-05-03T03:27:04,Q256_gemma2:27b_GSM8K,8dd79226-762d-452b-aac3-25f8afcf05c4,5b0fa12a-3dd7-45bb-9766-cc326314d9f1,54.891470599977765,0.0002807158157865,5.114015214353436e-06,13.36563707612,23.29217935391018,20.0,0.0001960811713951,0.000358958064944,0.0002937679522218,0.000848807188561,0.0,Italy,ITA,lombardy,,,Windows-11-10.0.26200-SP0,3.13.13,3.2.6,32,13th Gen Intel(R) Core(TM) i9-13900HX,1,1 x NVIDIA GeForce RTX 4070 Laptop GPU,9.1922,45.4722,31.70067596435547,machine,1.8867924528301887,22.62264150943396,51.703773584905655,16.38566063934902,N,1.0,0.0
2026-05-03T03:28:06,Q257_llama3.2_SQuAD,5262f810-7701-4d31-bb6e-54ec59e63672,5b0fa12a-3dd7-45bb-9766-cc326314d9f1,6.193452099978458,3.064533419297856e-05,4.948021506953311e-06,12.85999162112,23.679743322795563,20.0,2.0326504185234983e-05,4.0725588136003577e-05,3.161094444415842e-05,9.266303676539698e-05,0.0,Italy,ITA,lombardy,,,Windows-11-10.0.26200-SP0,3.13.13,3.2.6,32,13th Gen Intel(R) Core(TM) i9-13900HX,1,1 x NVIDIA GeForce RTX 4070 Laptop GPU,9.1922,45.4722,31.70067596435547,machine,0.0,9.25,33.525,10.625720024108888,N,1.0,0.0
2026-05-03T03:28:28,Q257_llama3.1_SQuAD,459017c5-816a-4d27-a5b2-cdfa40b757ac,5b0fa12a-3dd7-45bb-9766-cc326314d9f1,6.900656100013293,3.507323905320964e-05,5.082594835169669e-06,12.885631232,24.8378234777286,20.0,2.29017487173839e-05,4.760476030596372e-05,3.5545290555779096e-05,0.0001060517995791,0.0,Italy,ITA,lombardy,,,Windows-11-10.0.26200-SP0,3.13.13,3.2.6,32,13th Gen Intel(R) Core(TM) i9-13900HX,1,1 x NVIDIA GeForce RTX 4070 Laptop GPU,9.1922,45.4722,31.70067596435547,machine,0.0,29.8,22.7,7.198759460449219,N,1.0,0.0
2026-05-03T03:29:01,Q257_gemma2:27b_SQuAD,70b03502-3748-4f48-8cc9-4a58ac3e497f,5b0fa12a-3dd7-45bb-9766-cc326314d9f1,17.32423030002974,9.479748017946265e-05,5.471959131096284e-06,13.295210353280002,35.493750816094604,20.0,5.903854463351368e-05,0.0001369478873359,9.065499722233248e-05,0.0002866414291918,0.0,Italy,ITA,lombardy,,,Windows-11-10.0.26200-SP0,3.13.13,3.2.6,32,13th Gen Intel(R) Core(TM) i9-13900HX,1,1 x NVIDIA GeForce RTX 4070 Laptop GPU,9.1922,45.4722,31.70067596435547,machine,0.0,11.4,47.32666666666667,15.001869455973308,N,1.0,0.0
2026-05-03T03:29:36,Q258_llama3.2_HumanEval,ffba77d8-61d2-489b-b154-8cafe7063021,5b0fa12a-3dd7-45bb-9766-cc326314d9f1,10.352324999985283,7.763186401300504e-05,7.498978636501016e-06,12.8711221376,50.37120886210276,20.0,3.521181092399112e-05,0.000144812338072,5.471319222221306e-05,0.0002347373412182,0.0,Italy,ITA,lombardy,,,Windows-11-10.0.26200-SP0,3.13.13,3.2.6,32,13th Gen Intel(R) Core(TM) i9-13900HX,1,1 x NVIDIA GeForce RTX 4070 Laptop GPU,9.1922,45.4722,31.70067596435547,machine,0.0,49.875,28.475,9.02225112915039,N,1.0,0.0
2026-05-03T03:30:16,Q258_llama3.1_HumanEval,2aa636ab-558e-40c0-ae8b-00c994728faa,5b0fa12a-3dd7-45bb-9766-cc326314d9f1,14.20280329999514,0.0001149101586475,8.090667470381761e-06,12.85595921526154,56.436369642370586,20.0,4.889495647950521e-05,0.0002224965668859,7.606509722213054e-05,0.0003474566205876,0.0,Italy,ITA,lombardy,,,Windows-11-10.0.26200-SP0,3.13.13,3.2.6,32,13th Gen Intel(R) Core(TM) i9-13900HX,1,1 x NVIDIA GeForce RTX 4070 Laptop GPU,9.1922,45.4722,31.70067596435547,machine,0.0,69.16666666666667,22.58333333333333,7.160442034403483,N,1.0,0.0
2026-05-03T03:32:20,Q258_gemma2:27b_HumanEval,8bb7c60a-4c94-4df3-96a1-9c3b3661ee80,5b0fa12a-3dd7-45bb-9766-cc326314d9f1,89.5909365999978,0.0004544907818288,5.072954911254931e-06,13.57026669552,22.6670608978128,20.0,0.0003261306228073,0.000567209342656,0.0004809147827779,0.0013742547482413,0.0,Italy,ITA,lombardy,,,Windows-11-10.0.26200-SP0,3.13.13,3.2.6,32,13th Gen Intel(R) Core(TM) i9-13900HX,1,1 x NVIDIA GeForce RTX 4070 Laptop GPU,9.1922,45.4722,31.70067596435547,machine,3.4482758620689653,28.367816091954023,52.27816091954023,16.580668833063935,N,1.0,0.0
2026-05-03T03:33:23,Q259_llama3.2_GSM8K,f74b0e6b-01b3-46eb-8db7-efd234838e6d,5b0fa12a-3dd7-45bb-9766-cc326314d9f1,6.694774499977939,3.959477142867163e-05,5.9142800745270965e-06,12.858180416000002,33.987471875501846,20.0,2.2120236722994463e-05,6.319866167003863e-05,3.4404767777757825e-05,0.0001197236661707,0.0,Italy,ITA,lombardy,,,Windows-11-10.0.26200-SP0,3.13.13,3.2.6,32,13th Gen Intel(R) Core(TM) i9-13900HX,1,1 x NVIDIA GeForce RTX 4070 Laptop GPU,9.1922,45.4722,31.70067596435547,machine,0.0,24.0,32.22,10.210291290283203,N,1.0,0.0
2026-05-03T03:33:57,Q259_llama3.1_GSM8K,1153c000-1a19-421e-966f-d6c6e132a8f5,5b0fa12a-3dd7-45bb-9766-cc326314d9f1,7.823269199987408,4.655431821564884e-05,5.950749875221445e-06,12.860674128457145,34.0519946028653,20.0,2.614402717282747e-05,7.3967559173993e-05,4.065582944442415e-05,0.0001407674157912,0.0,Italy,ITA,lombardy,,,Windows-11-10.0.26200-SP0,3.13.13,3.2.6,32,13th Gen Intel(R) Core(TM) i9-13900HX,1,1 x NVIDIA GeForce RTX 4070 Laptop GPU,9.1922,45.4722,31.70067596435547,machine,0.0,26.33333333333333,22.566666666666663,7.159755706787109,N,1.0,0.0
2026-05-03T03:34:57,Q259_gemma2:27b_GSM8K,a5a1ffef-11dc-4322-9daa-0d290b285b20,5b0fa12a-3dd7-45bb-9766-cc326314d9f1,35.26667530002305,0.000192195123979,5.449765886463029e-06,13.55750812,25.580983604383373,20.0,0.0001267635824191,0.000266836880136,0.0001875445733335,0.0005811450358886,0.0,Italy,ITA,lombardy,,,Windows-11-10.0.26200-SP0,3.13.13,3.2.6,32,13th Gen Intel(R) Core(TM) i9-13900HX,1,1 x NVIDIA GeForce RTX 4070 Laptop GPU,9.1922,45.4722,31.70067596435547,machine,0.0,17.575757575757574,50.52727272727272,16.019701871004973,N,1.0,0.0
2026-05-03T03:35:49,Q260_llama3.2_SQuAD,ca5ef179-691e-4f49-ac00-7b2e313d9764,5b0fa12a-3dd7-45bb-9766-cc326314d9f1,6.584331699996255,3.697058712439022e-05,5.6149338777102085e-06,12.8724142592,30.756933593686547,20.0,2.1750082857156347e-05,5.624643388596473e-05,3.379234000005656e-05,0.0001117888567431,0.0,Italy,ITA,lombardy,,,Windows-11-10.0.26200-SP0,3.13.13,3.2.6,32,13th Gen Intel(R) Core(TM) i9-13900HX,1,1 x NVIDIA GeForce RTX 4070 Laptop GPU,9.1922,45.4722,31.70067596435547,machine,10.0,4.6,32.239999999999995,10.212602233886718,N,1.0,0.0
2026-05-03T03:36:12,Q260_llama3.1_SQuAD,c45b6690-20e3-4b4d-8934-1d211254194f,5b0fa12a-3dd7-45bb-9766-cc326314d9f1,7.41548490000423,4.550050586302474e-05,6.135877353482142e-06,12.872475584,36.146074006036685,20.0,2.4722035604889464e-05,7.444922622601435e-05,3.840971611110338e-05,0.000137580977942,0.0,Italy,ITA,lombardy,,,Windows-11-10.0.26200-SP0,3.13.13,3.2.6,32,13th Gen Intel(R) Core(TM) i9-13900HX,1,1 x NVIDIA GeForce RTX 4070 Laptop GPU,9.1922,45.4722,31.70067596435547,machine,0.0,30.0,22.5,7.141335296630859,N,1.0,0.0
2026-05-03T03:36:44,Q260_gemma2:27b_SQuAD,11b68e86-6f59-4476-902f-69cd24ffd69a,5b0fa12a-3dd7-45bb-9766-cc326314d9f1,16.64257640001597,0.0001482088009201,8.905400062938698e-06,12.819439934720002,60.608022214254376,20.0,0.0001144921000193,0.000155030124024,0.0001786203049999,0.0004481425290433,0.0,Italy,ITA,lombardy,,,Windows-11-10.0.26200-SP0,3.13.13,3.2.6,32,13th Gen Intel(R) Core(TM) i9-13900HX,1,1 x NVIDIA GeForce RTX 4070 Laptop GPU,9.1922,45.4722,31.70067596435547,machine,0.0,12.666666666666666,47.473333333333336,15.052999623616536,N,1.0,0.0
2026-05-03T03:37:17,Q261_llama3.2_GSM8K,57e4533b-f7d5-48f4-9ccd-108e852ea25c,5b0fa12a-3dd7-45bb-9766-cc326314d9f1,8.370251199987251,5.592040897602934e-05,6.6808519409924655e-06,12.860730148571433,41.83820157414145,20.0,2.8108901592222784e-05,9.726730003600804e-05,4.371168888885425e-05,0.000169087890517,0.0,Italy,ITA,lombardy,,,Windows-11-10.0.26200-SP0,3.13.13,3.2.6,32,13th Gen Intel(R) Core(TM) i9-13900HX,1,1 x NVIDIA GeForce RTX 4070 Laptop GPU,9.1922,45.4722,31.70067596435547,machine,0.0,36.5,30.53333333333333,9.67382558186849,N,1.0,0.0
2026-05-03T03:37:43,Q261_llama3.1_GSM8K,969c19f4-b6b3-4652-9ff9-6f758531b4f3,5b0fa12a-3dd7-45bb-9766-cc326314d9f1,10.397551400004886,7.571051406738331e-05,7.281571511860738e-06,12.8892790144,47.9662282178677,20.0,3.542863985278439e-05,0.000138526221932,5.497284722223412e-05,0.000228927709007,0.0,Italy,ITA,lombardy,,,Windows-11-10.0.26200-SP0,3.13.13,3.2.6,32,13th Gen Intel(R) Core(TM) i9-13900HX,1,1 x NVIDIA GeForce RTX 4070 Laptop GPU,9.1922,45.4722,31.70067596435547,machine,0.0,54.375,22.85,7.237511157989502,N,1.0,0.0
2026-05-03T03:38:55,Q261_gemma2:27b_GSM8K,68683372-9f54-440c-865c-70ca3f3b348d,5b0fa12a-3dd7-45bb-9766-cc326314d9f1,47.26041510002688,0.0002548964416148,5.393444832750082e-06,13.54020172688,26.22443902143152,20.0,0.0001710114371285,0.000348379167592,0.0002513459188883,0.0007707365236088,0.0,Italy,ITA,lombardy,,,Windows-11-10.0.26200-SP0,3.13.13,3.2.6,32,13th Gen Intel(R) Core(TM) i9-13900HX,1,1 x NVIDIA GeForce RTX 4070 Laptop GPU,9.1922,45.4722,31.70067596435547,machine,6.031111111111111,20.288888888888888,51.620000000000005,16.36589813232422,N,1.0,0.0
2026-05-03T03:39:58,Q262_llama3.2_HellaSwag,bbc42edb-edc1-45a8-9a75-9618b2e29ad3,5b0fa12a-3dd7-45bb-9766-cc326314d9f1,6.446644000010565,3.684347725844133e-05,5.715140662084171e-06,12.874067540480002,31.900354379204263,20.0,2.1259259210642423e-05,5.711976791800133e-05,3.302548444448298e-05,0.0001114045115731,0.0,Italy,ITA,lombardy,,,Windows-11-10.0.26200-SP0,3.13.13,3.2.6,32,13th Gen Intel(R) Core(TM) i9-13900HX,1,1 x NVIDIA GeForce RTX 4070 Laptop GPU,9.1922,45.4722,31.70067596435547,machine,0.0,5.5,34.025,10.783454895019531,N,1.0,0.0
2026-05-03T03:40:21,Q262_llama3.1_HellaSwag,a07b5a0f-ab69-4c1f-8145-8ca871f874c1,5b0fa12a-3dd7-45bb-9766-cc326314d9f1,8.111801200022455,5.121262371275094e-05,6.313347979066495e-06,12.8617549184,37.91140366944207,20.0,2.7182390472708154e-05,8.540256832201276e-05,4.226788777773941e-05,0.0001548528465724,0.0,Italy,ITA,lombardy,,,Windows-11-10.0.26200-SP0,3.13.13,3.2.6,32,13th Gen Intel(R) Core(TM) i9-13900HX,1,1 x NVIDIA GeForce RTX 4070 Laptop GPU,9.1922,45.4722,31.70067596435547,machine,16.666666666666668,40.16666666666666,22.933333333333334,7.26480229695638,N,1.0,0.0
2026-05-03T03:40:56,Q262_gemma2:27b_HellaSwag,03cf9da0-9358-4c44-918b-583c48252748,5b0fa12a-3dd7-45bb-9766-cc326314d9f1,19.891891600040253,0.0001094601711708,5.502753251009294e-06,13.41439923584,27.99786640036315,20.0,6.891040394915744e-05,0.000157153736834,0.0001049132211107,0.0003309773618939,0.0,Italy,ITA,lombardy,,,Windows-11-10.0.26200-SP0,3.13.13,3.2.6,32,13th Gen Intel(R) Core(TM) i9-13900HX,1,1 x NVIDIA GeForce RTX 4070 Laptop GPU,9.1922,45.4722,31.70067596435547,machine,0.0,13.055555555555555,48.61111111111112,15.411950641208223,N,1.0,0.0
2026-05-03T03:41:38,Q263_llama3.2_MMLU,97c68ab7-b810-44b7-bbae-2b63327e2b78,5b0fa12a-3dd7-45bb-9766-cc326314d9f1,6.781121599953622,3.880463859499418e-05,5.722451370767276e-06,12.856740800000004,31.868231800756902,20.0,2.242650831900932e-05,6.002282579598006e-05,3.4885188333121026e-05,0.0001173345224481,0.0,Italy,ITA,lombardy,,,Windows-11-10.0.26200-SP0,3.13.13,3.2.6,32,13th Gen Intel(R) Core(TM) i9-13900HX,1,1 x NVIDIA GeForce RTX 4070 Laptop GPU,9.1922,45.4722,31.70067596435547,machine,0.0,22.8,32.480000000000004,10.294711303710937,N,1.0,0.0
2026-05-03T03:42:01,Q263_llama3.1_MMLU,3d4895f3-288b-4354-ab6c-8daad62294e3,5b0fa12a-3dd7-45bb-9766-cc326314d9f1,7.953089100017678,4.939179643112264e-05,6.210391435324527e-06,12.864980567771427,36.81502604934221,20.0,2.6627693773932588e-05,8.132478728201109e-05,4.139468611101621e-05,0.0001493471671669,0.0,Italy,ITA,lombardy,,,Windows-11-10.0.26200-SP0,3.13.13,3.2.6,32,13th Gen Intel(R) Core(TM) i9-13900HX,1,1 x NVIDIA GeForce RTX 4070 Laptop GPU,9.1922,45.4722,31.70067596435547,machine,0.0,26.33333333333333,23.066666666666663,7.311277389526367,N,1.0,0.0
2026-05-03T03:42:55,Q263_gemma2:27b_MMLU,6e27d136-416c-430f-aead-2377c0b4147d,5b0fa12a-3dd7-45bb-9766-cc326314d9f1,28.342097399989143,0.0001588632704641,5.605205155502031e-06,13.34009931835077,28.11156467337615,20.0,0.0001008388108946,0.0002276576821259,0.0001518622127775,0.0004803587057981,0.0,Italy,ITA,lombardy,,,Windows-11-10.0.26200-SP0,3.13.13,3.2.6,32,13th Gen Intel(R) Core(TM) i9-13900HX,1,1 x NVIDIA GeForce RTX 4070 Laptop GPU,9.1922,45.4722,31.70067596435547,machine,0.0,18.53846153846154,50.22307692307693,15.91996589073768,N,1.0,0.0
2026-05-03T03:43:46,Q264_llama3.2_SQuAD,66402bd6-3507-476f-8165-a3e22e8e5208,5b0fa12a-3dd7-45bb-9766-cc326314d9f1,6.360561300010886,3.4362227805350024e-05,5.402389220789557e-06,12.856938613760002,28.574337786416017,20.0,2.091320956168061e-05,5.045754036597794e-05,3.2531147777788444e-05,0.0001039018977054,0.0,Italy,ITA,lombardy,,,Windows-11-10.0.26200-SP0,3.13.13,3.2.6,32,13th Gen Intel(R) Core(TM) i9-13900HX,1,1 x NVIDIA GeForce RTX 4070 Laptop GPU,9.1922,45.4722,31.70067596435547,machine,0.0,10.5,34.225,10.849823951721191,N,1.0,0.0
2026-05-03T03:44:08,Q264_llama3.1_SQuAD,75a22b6a-33b6-41d7-9d6a-74b7b75b7234,5b0fa12a-3dd7-45bb-9766-cc326314d9f1,6.776672700012568,3.5305300358177506e-05,5.209828173952097e-06,12.848548121600002,26.298591738133545,20.0,2.239500046014364e-05,4.949948404397997e-05,3.4859004444701395e-05,0.0001067534889488,0.0,Italy,ITA,lombardy,,,Windows-11-10.0.26200-SP0,3.13.13,3.2.6,32,13th Gen Intel(R) Core(TM) i9-13900HX,1,1 x NVIDIA GeForce RTX 4070 Laptop GPU,9.1922,45.4722,31.70067596435547,machine,0.0,10.0,22.86,7.259591674804687,N,1.0,0.0
2026-05-03T03:44:41,Q264_gemma2:27b_SQuAD,a9a63c8e-d900-4bf7-9376-051e1da0a349,5b0fa12a-3dd7-45bb-9766-cc326314d9f1,17.518905100005213,0.0001037114677003,5.919974285398019e-06,13.33748377472,34.91258240022941,20.0,5.947702849629728e-05,0.0001624284632759,9.16893766665857e-05,0.0003135948684388,0.0,Italy,ITA,lombardy,,,Windows-11-10.0.26200-SP0,3.13.13,3.2.6,32,13th Gen Intel(R) Core(TM) i9-13900HX,1,1 x NVIDIA GeForce RTX 4070 Laptop GPU,9.1922,45.4722,31.70067596435547,machine,0.0,16.266666666666666,47.65333333333333,15.105026245117188,N,1.0,0.0
2026-05-03T03:45:15,Q265_llama3.2_MMLU,cc6cfdf3-2c5c-4a1a-a6a1-060d81f51e47,5b0fa12a-3dd7-45bb-9766-cc326314d9f1,8.842475900019053,5.95466911961356e-05,6.734164940840528e-06,12.8684707184,42.35245554398744,20.0,2.979384943865613e-05,0.000103955360942,4.6303557222321006e-05,0.000180052767603,0.0,Italy,ITA,lombardy,,,Windows-11-10.0.26200-SP0,3.13.13,3.2.6,32,13th Gen Intel(R) Core(TM) i9-13900HX,1,1 x NVIDIA GeForce RTX 4070 Laptop GPU,9.1922,45.4722,31.70067596435547,machine,0.0,44.85714285714285,29.085714285714285,9.220880235944476,N,1.0,0.0
2026-05-03T03:45:57,Q265_llama3.1_MMLU,6921d4e5-0436-4967-8f1e-5f886010affb,5b0fa12a-3dd7-45bb-9766-cc326314d9f1,6.799453900021035,3.658954915356178e-05,5.381248213690894e-06,12.8592170048,28.1525782569499,20.0,2.2492248279745383e-05,5.31630980860065e-05,3.498135666692785e-05,0.0001106367030326,0.0,Italy,ITA,lombardy,,,Windows-11-10.0.26200-SP0,3.13.13,3.2.6,32,13th Gen Intel(R) Core(TM) i9-13900HX,1,1 x NVIDIA GeForce RTX 4070 Laptop GPU,9.1922,45.4722,31.70067596435547,machine,0.0,13.4,23.2,7.365158081054687,N,1.0,0.0
2026-05-03T03:46:48,Q265_gemma2:27b_MMLU,aeac1273-3fe7-4a18-ae09-eec1d6fa8b4a,5b0fa12a-3dd7-45bb-9766-cc326314d9f1,36.08018340001581,0.0001946090430424,5.393793065985582e-06,13.4435962472,25.400536296977208,20.0,0.0001284771430187,0.0002679052143239,0.0001920617038891,0.0005884440612319,0.0,Italy,ITA,lombardy,,,Windows-11-10.0.26200-SP0,3.13.13,3.2.6,32,13th Gen Intel(R) Core(TM) i9-13900HX,1,1 x NVIDIA GeForce RTX 4070 Laptop GPU,9.1922,45.4722,31.70067596435547,machine,0.0,19.676470588235293,51.09117647058823,16.199592253741095,N,1.0,0.0
2026-05-03T03:47:42,Q266_llama3.2_HumanEval,fe0b552c-fcd7-4ac5-94f1-7341c35de01d,5b0fa12a-3dd7-45bb-9766-cc326314d9f1,8.134338399977423,5.494811761596902e-05,6.755081349470478e-06,12.862920084114288,42.70241531947917,20.0,2.727008803427697e-05,9.64781327379982e-05,4.239972888867164e-05,0.0001661479496609,0.0,Italy,ITA,lombardy,,,Windows-11-10.0.26200-SP0,3.13.13,3.2.6,32,13th Gen Intel(R) Core(TM) i9-13900HX,1,1 x NVIDIA GeForce RTX 4070 Laptop GPU,9.1922,45.4722,31.70067596435547,machine,0.0,37.833333333333336,30.816666666666663,9.766161600748696,N,1.0,0.0
2026-05-03T03:48:28,Q266_llama3.1_HumanEval,325b394c-592e-4954-965a-2a6b74096b59,5b0fa12a-3dd7-45bb-9766-cc326314d9f1,11.152226700040046,8.288320817839409e-05,7.431987387603631e-06,12.86419808,49.51968883103347,20.0,3.805706517803317e-05,0.0001533923449359,5.91665472224122e-05,0.0002506159573364,0.0,Italy,ITA,lombardy,,,Windows-11-10.0.26200-SP0,3.13.13,3.2.6,32,13th Gen Intel(R) Core(TM) i9-13900HX,1,1 x NVIDIA GeForce RTX 4070 Laptop GPU,9.1922,45.4722,31.70067596435547,machine,0.0,58.77777777777778,23.03333333333333,7.296945359971788,N,1.0,0.0
2026-05-03T03:49:34,Q266_gemma2:27b_HumanEval,2289bff0-42be-40c0-9de4-6503416d2c55,5b0fa12a-3dd7-45bb-9766-cc326314d9f1,40.85988130001351,0.000217980606281,5.334832098029861e-06,13.380916090516363,25.31015908159713,20.0,0.0001458287793228,0.0002946782912979,0.0002186061505554,0.0006591132211763,0.0,Italy,ITA,lombardy,,,Windows-11-10.0.26200-SP0,3.13.13,3.2.6,32,13th Gen Intel(R) Core(TM) i9-13900HX,1,1 x NVIDIA GeForce RTX 4070 Laptop GPU,9.1922,45.4722,31.70067596435547,machine,0.0,19.435897435897434,51.43076923076923,16.30605991070087,N,1.0,0.0
2026-05-03T03:50:30,Q267_llama3.2_HumanEval,8b9007dc-3962-431b-8dfb-35c25ef68327,5b0fa12a-3dd7-45bb-9766-cc326314d9f1,11.064308999979405,8.506162392956805e-05,7.687929172054613e-06,12.85037128064,52.34015698802308,20.0,3.769860807477431e-05,0.00016083207311,5.867220444456002e-05,0.0002572028856293,0.0,Italy,ITA,lombardy,,,Windows-11-10.0.26200-SP0,3.13.13,3.2.6,32,13th Gen Intel(R) Core(TM) i9-13900HX,1,1 x NVIDIA GeForce RTX 4070 Laptop GPU,9.1922,45.4722,31.70067596435547,machine,0.0,55.0,28.22222222222222,8.951050228542751,N,1.0,0.0
2026-05-03T03:51:13,Q267_llama3.1_HumanEval,b80b72b7-8930-468c-aae8-d2cf246edb88,5b0fa12a-3dd7-45bb-9766-cc326314d9f1,17.220254299987573,0.0001544888064579,8.971342917859696e-06,12.82502701568,66.84869368578399,20.0,5.7838170781692286e-05,0.0003192266442699,9.006671833307742e-05,0.0004671315333847,0.0,Italy,ITA,lombardy,,,Windows-11-10.0.26200-SP0,3.13.13,3.2.6,32,13th Gen Intel(R) Core(TM) i9-13900HX,1,1 x NVIDIA GeForce RTX 4070 Laptop GPU,9.1922,45.4722,31.70067596435547,machine,0.0,67.73333333333333,23.526666666666664,7.462368774414062,N,1.0,0.0
2026-05-03T03:54:07,Q267_gemma2:27b_HumanEval,0ba50154-89e2-4c2e-afd4-64579d65b897,5b0fa12a-3dd7-45bb-9766-cc326314d9f1,139.2915240000002,0.0007098271470487,5.095982344545213e-06,13.629377640656,22.63492523604978,20.0,0.0005076745829833,0.0008928359920459,0.000745810904445,0.0021463214794743,0.0,Italy,ITA,lombardy,,,Windows-11-10.0.26200-SP0,3.13.13,3.2.6,32,13th Gen Intel(R) Core(TM) i9-13900HX,1,1 x NVIDIA GeForce RTX 4070 Laptop GPU,9.1922,45.4722,31.70067596435547,machine,0.7683823529411765,19.433823529411764,53.41102941176471,16.933639330022476,N,1.0,0.0
2026-05-03T03:55:20,Q268_llama3.2_HellaSwag,c9893ed2-e76f-4c90-bd47-1fb638d27504,5b0fa12a-3dd7-45bb-9766-cc326314d9f1,6.424502499983646,3.3809988975063384e-05,5.262662591406798e-06,12.894867407360003,26.971711554821308,20.0,2.121082076862465e-05,4.812420516597804e-05,3.289705388888251e-05,0.0001022320798234,0.0,Italy,ITA,lombardy,,,Windows-11-10.0.26200-SP0,3.13.13,3.2.6,32,13th Gen Intel(R) Core(TM) i9-13900HX,1,1 x NVIDIA GeForce RTX 4070 Laptop GPU,9.1922,45.4722,31.70067596435547,machine,0.0,8.0,34.7,10.995474815368652,N,1.0,0.0
2026-05-03T03:55:45,Q268_llama3.1_HellaSwag,351fffe0-6c98-48f3-8073-9347eed48514,5b0fa12a-3dd7-45bb-9766-cc326314d9f1,9.6304272999987,6.903265100648918e-05,7.168181520512438e-06,12.875072704,46.87071034563584,20.0,3.264789408086201e-05,0.0001253739891879,5.071380999999949e-05,0.0002087356932688,0.0,Italy,ITA,lombardy,,,Windows-11-10.0.26200-SP0,3.13.13,3.2.6,32,13th Gen Intel(R) Core(TM) i9-13900HX,1,1 x NVIDIA GeForce RTX 4070 Laptop GPU,9.1922,45.4722,31.70067596435547,machine,0.0,45.125,23.125,7.332450866699219,N,1.0,0.0
2026-05-03T03:56:30,Q268_gemma2:27b_HellaSwag,0e9368d4-2aad-4acf-b08e-37fc0e68ea56,5b0fa12a-3dd7-45bb-9766-cc326314d9f1,20.23337990004802,0.0001106353129453,5.4679600487831335e-06,13.54595886464,28.744774090698527,20.0,7.058441352422262e-05,0.000157122625698,0.0001068236272225,0.0003345306664448,0.0,Italy,ITA,lombardy,,,Windows-11-10.0.26200-SP0,3.13.13,3.2.6,32,13th Gen Intel(R) Core(TM) i9-13900HX,1,1 x NVIDIA GeForce RTX 4070 Laptop GPU,9.1922,45.4722,31.70067596435547,machine,0.0,19.55555555555556,48.922222222222224,15.51229582892524,N,1.0,0.0
2026-05-03T03:57:17,Q269_llama3.2_HellaSwag,98c28fb3-20d5-4672-b73a-2cabcba594ca,5b0fa12a-3dd7-45bb-9766-cc326314d9f1,11.006748499989044,8.346048946868358e-05,7.5826652592967535e-06,12.853509824000003,51.19691501490858,20.0,3.750262206008337e-05,0.000156505958538,5.835291611114776e-05,0.0002523614967092,0.0,Italy,ITA,lombardy,,,Windows-11-10.0.26200-SP0,3.13.13,3.2.6,32,13th Gen Intel(R) Core(TM) i9-13900HX,1,1 x NVIDIA GeForce RTX 4070 Laptop GPU,9.1922,45.4722,31.70067596435547,machine,0.0,47.888888888888886,28.1,8.90615971883138,N,1.0,0.0
2026-05-03T03:57:56,Q269_llama3.1_HellaSwag,f8ef917b-780f-4e3f-a32e-cd2e3f403b8e,5b0fa12a-3dd7-45bb-9766-cc326314d9f1,13.96207480004523,0.0001111896889609,7.963693831563463e-06,12.8604941696,55.01585910133729,20.0,4.80813870147784e-05,0.000213352670682,7.477288888896712e-05,0.0003362069465857,0.0,Italy,ITA,lombardy,,,Windows-11-10.0.26200-SP0,3.13.13,3.2.6,32,13th Gen Intel(R) Core(TM) i9-13900HX,1,1 x NVIDIA GeForce RTX 4070 Laptop GPU,9.1922,45.4722,31.70067596435547,machine,0.0,68.33333333333333,23.175,7.341282208760579,N,1.0,0.0
2026-05-03T03:59:04,Q269_gemma2:27b_HellaSwag,00afda87-8e51-409d-b30b-70b667d753f8,5b0fa12a-3dd7-45bb-9766-cc326314d9f1,32.14377050002804,0.0001720249952938,5.351736669898845e-06,13.37975496832,28.51461933601701,20.0,0.0001142708189911,0.00023570018856,0.0001701851233332,0.0005201561308843,0.0,Italy,ITA,lombardy,,,Windows-11-10.0.26200-SP0,3.13.13,3.2.6,32,13th Gen Intel(R) Core(TM) i9-13900HX,1,1 x NVIDIA GeForce RTX 4070 Laptop GPU,9.1922,45.4722,31.70067596435547,machine,1.2133333333333334,15.466666666666669,50.85666666666667,16.12635752360026,N,1.0,0.0
2026-05-03T03:59:56,Q270_llama3.2_MMLU,04dc13db-c622-4ae7-afd0-dcfd70895779,5b0fa12a-3dd7-45bb-9766-cc326314d9f1,6.867270799994003,4.052111456980272e-05,5.900614050320851e-06,12.8431951424,33.84247297581575,20.0,2.268977068631527e-05,6.450227382404083e-05,3.533262777782511e-05,0.0001225246722881,0.0,Italy,ITA,lombardy,,,Windows-11-10.0.26200-SP0,3.13.13,3.2.6,32,13th Gen Intel(R) Core(TM) i9-13900HX,1,1 x NVIDIA GeForce RTX 4070 Laptop GPU,9.1922,45.4722,31.70067596435547,machine,0.0,23.0,32.04,10.158696746826172,N,1.0,0.0
2026-05-03T04:00:19,Q270_llama3.1_MMLU,93a33962-261a-4290-9f43-957870b8a3c4,5b0fa12a-3dd7-45bb-9766-cc326314d9f1,7.802368699980434,4.5588821748458726e-05,5.842946354044131e-06,12.866591277714289,32.854914579267664,20.0,2.6091663301319857e-05,7.120005696004128e-05,4.055630055534291e-05,0.0001378480208167,0.0,Italy,ITA,lombardy,,,Windows-11-10.0.26200-SP0,3.13.13,3.2.6,32,13th Gen Intel(R) Core(TM) i9-13900HX,1,1 x NVIDIA GeForce RTX 4070 Laptop GPU,9.1922,45.4722,31.70067596435547,machine,0.0,25.5,22.9,7.264294306437175,N,1.0,0.0
2026-05-03T04:01:02,Q270_gemma2:27b_MMLU,ec15472a-5195-47a7-a5c6-eecc2cbc7b2d,5b0fa12a-3dd7-45bb-9766-cc326314d9f1,17.415030000032857,0.0001036728208026,5.953065874845696e-06,13.23523448192,35.34896112749373,20.0,5.905079470973559e-05,0.00016326957506,9.115764111144623e-05,0.0003134780108812,0.0,Italy,ITA,lombardy,,,Windows-11-10.0.26200-SP0,3.13.13,3.2.6,32,13th Gen Intel(R) Core(TM) i9-13900HX,1,1 x NVIDIA GeForce RTX 4070 Laptop GPU,9.1922,45.4722,31.70067596435547,machine,6.666666666666667,12.933333333333334,47.406666666666666,15.026610310872396,N,1.0,0.0
2026-05-03T04:01:35,Q271_llama3.2_GSM8K,67dce707-7922-47c9-be06-cdb2ae53a3f6,5b0fa12a-3dd7-45bb-9766-cc326314d9f1,7.143018500006292,4.464820034901256e-05,6.250606847647564e-06,12.8531772416,37.50164592521699,20.0,2.370996221963001e-05,7.440117063195473e-05,3.6892708333390246e-05,0.0001350038411849,0.0,Italy,ITA,lombardy,,,Windows-11-10.0.26200-SP0,3.13.13,3.2.6,32,13th Gen Intel(R) Core(TM) i9-13900HX,1,1 x NVIDIA GeForce RTX 4070 Laptop GPU,9.1922,45.4722,31.70067596435547,machine,0.0,23.4,31.660000000000004,10.033181762695312,N,1.0,0.0
2026-05-03T04:01:59,Q271_llama3.1_GSM8K,f5c7fad0-e14d-4d52-b42d-5dea7bb5e978,5b0fa12a-3dd7-45bb-9766-cc326314d9f1,9.00873760000104,5.839019411342055e-05,6.4815068110557245e-06,12.87308252,39.52961518946957,20.0,3.0412939230845618e-05,9.889341244800898e-05,4.724948777778385e-05,0.0001765558394566,0.0,Italy,ITA,lombardy,,,Windows-11-10.0.26200-SP0,3.13.13,3.2.6,32,13th Gen Intel(R) Core(TM) i9-13900HX,1,1 x NVIDIA GeForce RTX 4070 Laptop GPU,9.1922,45.4722,31.70067596435547,machine,0.0,34.142857142857146,22.77142857142857,7.222225734165737,N,1.0,0.0
2026-05-03T04:02:58,Q271_gemma2:27b_GSM8K,7dd9ce7e-cad2-4199-9807-0a734d9f2362,5b0fa12a-3dd7-45bb-9766-cc326314d9f1,33.97474480001256,0.0001817438128089,5.3493797783839246e-06,13.45622163984,25.802767272527635,20.0,0.0001217800288775,0.0002473918645799,0.0001803712605556,0.0005495431540132,0.0,Italy,ITA,lombardy,,,Windows-11-10.0.26200-SP0,3.13.13,3.2.6,32,13th Gen Intel(R) Core(TM) i9-13900HX,1,1 x NVIDIA GeForce RTX 4070 Laptop GPU,9.1922,45.4722,31.70067596435547,machine,1.171875,11.0625,50.584375,16.031731247901917,N,1.0,0.0
2026-05-03T04:03:54,Q272_llama3.2_HellaSwag,59411724-b059-4532-b739-a624fc939e37,5b0fa12a-3dd7-45bb-9766-cc326314d9f1,10.000507099961396,7.415371786939798e-05,7.414995772532798e-06,12.860209984,49.510708809587975,20.0,3.3931353968728776e-05,0.000137520387794,5.2768644999984345e-05,0.0002242203867627,0.0,Italy,ITA,lombardy,,,Windows-11-10.0.26200-SP0,3.13.13,3.2.6,32,13th Gen Intel(R) Core(TM) i9-13900HX,1,1 x NVIDIA GeForce RTX 4070 Laptop GPU,9.1922,45.4722,31.70067596435547,machine,0.0,52.375,28.6,9.062943935394289,N,1.0,0.0
2026-05-03T04:04:27,Q272_llama3.1_HellaSwag,3fbff342-e31e-45ac-bf79-f32367e9d132,5b0fa12a-3dd7-45bb-9766-cc326314d9f1,7.579451800032984,4.554337485252919e-05,6.008795365956545e-06,12.838845308342858,34.746861016668504,20.0,2.524210675520999e-05,7.314811407399535e-05,3.93203811112067e-05,0.0001377106019404,0.0,Italy,ITA,lombardy,,,Windows-11-10.0.26200-SP0,3.13.13,3.2.6,32,13th Gen Intel(R) Core(TM) i9-13900HX,1,1 x NVIDIA GeForce RTX 4070 Laptop GPU,9.1922,45.4722,31.70067596435547,machine,0.0,24.0,22.633333333333336,7.17528788248698,N,1.0,0.0
2026-05-03T04:05:11,Q272_gemma2:27b_HellaSwag,3eec5590-fea7-4d88-af15-4cab2d036d77,5b0fa12a-3dd7-45bb-9766-cc326314d9f1,29.474817999987863,0.0001606988933534,5.452074152027025e-06,13.580827489554288,26.443320613768584,20.0,0.0001068014579444,0.000220952676762,0.0001581549883331,0.0004859091230396,0.0,Italy,ITA,lombardy,,,Windows-11-10.0.26200-SP0,3.13.13,3.2.6,32,13th Gen Intel(R) Core(TM) i9-13900HX,1,1 x NVIDIA GeForce RTX 4070 Laptop GPU,9.1922,45.4722,31.70067596435547,machine,1.851851851851852,21.51851851851852,50.048148148148144,15.861823046648944,N,1.0,0.0
2026-05-03T04:05:54,Q273_llama3.2_GSM8K,bfaacf13-a700-4b46-8b58-ccf20c7de177,5b0fa12a-3dd7-45bb-9766-cc326314d9f1,6.92720019997796,3.960187195829715e-05,5.716865517821059e-06,12.8783179904,31.738615657689305,20.0,2.2985110694774484e-05,6.106532663002762e-05,3.569469888882142e-05,0.0001197451362136,0.0,Italy,ITA,lombardy,,,Windows-11-10.0.26200-SP0,3.13.13,3.2.6,32,13th Gen Intel(R) Core(TM) i9-13900HX,1,1 x NVIDIA GeForce RTX 4070 Laptop GPU,9.1922,45.4722,31.70067596435547,machine,0.0,27.8,32.04,10.153156280517578,N,1.0,0.0
2026-05-03T04:06:18,Q273_llama3.1_GSM8K,55a41685-3b44-40fa-a722-adbba0d44472,5b0fa12a-3dd7-45bb-9766-cc326314d9f1,8.377760500006843,5.387196293865158e-05,6.43035366535097e-06,12.864141302857146,39.11051335950795,20.0,2.8141159205362967e-05,9.10025728019792e-05,4.375022277785725e-05,0.0001628939547851,0.0,Italy,ITA,lombardy,,,Windows-11-10.0.26200-SP0,3.13.13,3.2.6,32,13th Gen Intel(R) Core(TM) i9-13900HX,1,1 x NVIDIA GeForce RTX 4070 Laptop GPU,9.1922,45.4722,31.70067596435547,machine,0.0,40.333333333333336,22.683333333333334,7.191215515136719,N,1.0,0.0
2026-05-03T04:07:07,Q273_gemma2:27b_GSM8K,b6a3036f-7e4c-4bfb-9626-186574f9c05d,5b0fa12a-3dd7-45bb-9766-cc326314d9f1,34.50322219997179,0.000182098669574,5.277729381871644e-06,13.37655384992,24.02693615831696,20.0,0.0001226387633458,0.0002446818624119,0.000183295517222,0.0005506161429799,0.0,Italy,ITA,lombardy,,,Windows-11-10.0.26200-SP0,3.13.13,3.2.6,32,13th Gen Intel(R) Core(TM) i9-13900HX,1,1 x NVIDIA GeForce RTX 4070 Laptop GPU,9.1922,45.4722,31.70067596435547,machine,1.5625,16.0625,50.71875,16.084145069122314,N,1.0,0.0
2026-05-03T04:08:03,Q274_llama3.2_HellaSwag,7b269cb4-0e1f-4328-8421-1615ec2f157e,5b0fa12a-3dd7-45bb-9766-cc326314d9f1,9.24174279998988,6.649893675586515e-05,7.195497450539088e-06,12.865793384000002,47.249471067119465,20.0,3.1234866631072656e-05,0.00012128620814,4.855336555532025e-05,0.0002010744403263,0.0,Italy,ITA,lombardy,,,Windows-11-10.0.26200-SP0,3.13.13,3.2.6,32,13th Gen Intel(R) Core(TM) i9-13900HX,1,1 x NVIDIA GeForce RTX 4070 Laptop GPU,9.1922,45.4722,31.70067596435547,machine,7.142857142857143,45.142857142857146,29.328571428571426,9.300047193254745,N,1.0,0.0
2026-05-03T04:08:38,Q274_llama3.1_HellaSwag,94f70f2f-593d-41f9-96f4-be134050aab6,5b0fa12a-3dd7-45bb-9766-cc326314d9f1,9.443977999966592,6.714835876849312e-05,7.110177381684992e-06,12.8583666704,46.289752528312434,20.0,3.193875231589973e-05,0.000121422597138,4.967676388882359e-05,0.0002030381133427,0.0,Italy,ITA,lombardy,,,Windows-11-10.0.26200-SP0,3.13.13,3.2.6,32,13th Gen Intel(R) Core(TM) i9-13900HX,1,1 x NVIDIA GeForce RTX 4070 Laptop GPU,9.1922,45.4722,31.70067596435547,machine,0.0,36.85714285714285,22.857142857142858,7.238039834158761,N,1.0,0.0
2026-05-03T04:09:18,Q274_gemma2:27b_HellaSwag,968cacb1-dad0-4d58-8bee-b3f1858cb383,5b0fa12a-3dd7-45bb-9766-cc326314d9f1,25.34213699999964,0.0001414664967638,5.582263909466514e-06,13.478776453760002,27.72535662361551,20.0,9.016180817112416e-05,0.000202408773038,0.0001351850800002,0.0004277556612094,0.0,Italy,ITA,lombardy,,,Windows-11-10.0.26200-SP0,3.13.13,3.2.6,32,13th Gen Intel(R) Core(TM) i9-13900HX,1,1 x NVIDIA GeForce RTX 4070 Laptop GPU,9.1922,45.4722,31.70067596435547,machine,2.482608695652174,14.304347826086955,49.51739130434783,15.69710573942765,N,1.0,0.0
2026-05-03T04:10:00,Q275_llama3.2_MMLU,2b47b1cd-9392-4d3b-8e92-e75e39072840,5b0fa12a-3dd7-45bb-9766-cc326314d9f1,6.541939899965655,3.3576054178059545e-05,5.132430852542045e-06,12.860249638400004,25.532914524782207,20.0,2.157686897218125e-05,4.639281489199343e-05,3.355504166651776e-05,0.0001015247255306,0.0,Italy,ITA,lombardy,,,Windows-11-10.0.26200-SP0,3.13.13,3.2.6,32,13th Gen Intel(R) Core(TM) i9-13900HX,1,1 x NVIDIA GeForce RTX 4070 Laptop GPU,9.1922,45.4722,31.70067596435547,machine,0.0,2.4,31.98,10.12973861694336,N,1.0,0.0
2026-05-03T04:10:24,Q275_llama3.1_MMLU,633f22b5-2ade-4551-868c-54e562a6a257,5b0fa12a-3dd7-45bb-9766-cc326314d9f1,8.882294500013813,5.956874183408137e-05,6.706458768507251e-06,12.8784002672,41.98696556135937,20.0,2.9978722559039687e-05,0.000103585082868,4.655563722222319e-05,0.0001801194426492,0.0,Italy,ITA,lombardy,,,Windows-11-10.0.26200-SP0,3.13.13,3.2.6,32,13th Gen Intel(R) Core(TM) i9-13900HX,1,1 x NVIDIA GeForce RTX 4070 Laptop GPU,9.1922,45.4722,31.70067596435547,machine,2.042857142857143,34.714285714285715,22.87142857142857,7.246564592633929,N,1.0,0.0
2026-05-03T04:10:56,Q275_gemma2:27b_MMLU,45219903-4e2c-41e2-8e38-f761c644442b,5b0fa12a-3dd7-45bb-9766-cc326314d9f1,16.992435799969826,0.0001473070466217,8.668977676646046e-06,13.02224244608,49.53193330646972,20.0,0.0001175391904531,0.000147382617906,0.0001804940644441,0.0004454158728033,0.0,Italy,ITA,lombardy,,,Windows-11-10.0.26200-SP0,3.13.13,3.2.6,32,13th Gen Intel(R) Core(TM) i9-13900HX,1,1 x NVIDIA GeForce RTX 4070 Laptop GPU,9.1922,45.4722,31.70067596435547,machine,0.0,15.666666666666666,47.46666666666667,15.048253122965496,N,1.0,0.0
2026-05-03T04:11:28,Q276_llama3.2_SQuAD,0c4c94e5-f84d-4806-9133-eb15223afd8e,5b0fa12a-3dd7-45bb-9766-cc326314d9f1,6.757577599957585,4.250775254544095e-05,6.290383190820888e-06,12.846087526400002,38.06708066289918,20.0,2.2325239776826423e-05,7.144950160403729e-05,3.475697611089951e-05,0.0001285317174917,0.0,Italy,ITA,lombardy,,,Windows-11-10.0.26200-SP0,3.13.13,3.2.6,32,13th Gen Intel(R) Core(TM) i9-13900HX,1,1 x NVIDIA GeForce RTX 4070 Laptop GPU,9.1922,45.4722,31.70067596435547,machine,0.0,25.6,32.04,10.153040313720703,N,1.0,0.0
2026-05-03T04:11:51,Q276_llama3.1_SQuAD,bb35c00f-e2c1-46c6-b93b-99d988e04cb4,5b0fa12a-3dd7-45bb-9766-cc326314d9f1,7.443608300003689,4.446620722575692e-05,5.973743570807572e-06,12.867467168,34.380968557130856,20.0,2.481068454291582e-05,7.108033464198193e-05,3.856252500004808e-05,0.0001344535441849,0.0,Italy,ITA,lombardy,,,Windows-11-10.0.26200-SP0,3.13.13,3.2.6,32,13th Gen Intel(R) Core(TM) i9-13900HX,1,1 x NVIDIA GeForce RTX 4070 Laptop GPU,9.1922,45.4722,31.70067596435547,machine,0.0,13.2,22.98,7.280917358398438,N,1.0,0.0
2026-05-03T04:12:36,Q276_gemma2:27b_SQuAD,be47e561-e447-42dd-89da-a583f45a24ce,5b0fa12a-3dd7-45bb-9766-cc326314d9f1,20.262692499964032,0.0001132580602087,5.589487192233605e-06,13.4435580416,28.22655249285299,20.0,7.00605721932078e-05,0.0001654415212419,0.000106959037222,0.0003424611306572,0.0,Italy,ITA,lombardy,,,Windows-11-10.0.26200-SP0,3.13.13,3.2.6,32,13th Gen Intel(R) Core(TM) i9-13900HX,1,1 x NVIDIA GeForce RTX 4070 Laptop GPU,9.1922,45.4722,31.70067596435547,machine,0.0,13.944444444444445,48.54444444444445,15.390563117133247,N,1.0,0.0
2026-05-03T04:13:08,Q277_llama3.2_SQuAD,8295e7c1-4b70-440c-9470-d7c1da1fad4f,5b0fa12a-3dd7-45bb-9766-cc326314d9f1,6.707563899981324,3.698059348319956e-05,5.513267414910878e-06,12.865886604800002,29.61140441691697,20.0,2.2178010189883053e-05,5.5166433022002526e-05,3.447466999997333e-05,0.0001118191132118,0.0,Italy,ITA,lombardy,,,Windows-11-10.0.26200-SP0,3.13.13,3.2.6,32,13th Gen Intel(R) Core(TM) i9-13900HX,1,1 x NVIDIA GeForce RTX 4070 Laptop GPU,9.1922,45.4722,31.70067596435547,machine,0.0,3.6,32.38,10.262438201904295,N,1.0,0.0
2026-05-03T04:13:30,Q277_llama3.1_SQuAD,8b54a3a3-08a0-4508-8e8e-2d7eefb5ac50,5b0fa12a-3dd7-45bb-9766-cc326314d9f1,7.019649199966807,3.767788343166045e-05,5.367488083569563e-06,12.8599178432,27.92746087238799,20.0,2.3279467661265685e-05,5.444448800001611e-05,3.620357000003828e-05,0.0001139275256613,0.0,Italy,ITA,lombardy,,,Windows-11-10.0.26200-SP0,3.13.13,3.2.6,32,13th Gen Intel(R) Core(TM) i9-13900HX,1,1 x NVIDIA GeForce RTX 4070 Laptop GPU,9.1922,45.4722,31.70067596435547,machine,0.0,16.2,22.96,7.280886840820313,N,1.0,0.0
2026-05-03T04:14:03,Q277_gemma2:27b_SQuAD,ea16b2bf-d5d8-4b20-bb12-1af5a3d9741d,5b0fa12a-3dd7-45bb-9766-cc326314d9f1,17.29259430000093,0.0001074670250926,6.214627095755559e-06,13.10597476736,41.408945960636544,20.0,5.8286303607624295e-05,0.0001763034743759,9.036086000010578e-05,0.0003249506379837,0.0,Italy,ITA,lombardy,,,Windows-11-10.0.26200-SP0,3.13.13,3.2.6,32,13th Gen Intel(R) Core(TM) i9-13900HX,1,1 x NVIDIA GeForce RTX 4070 Laptop GPU,9.1922,45.4722,31.70067596435547,machine,0.0,16.266666666666666,47.473333333333336,15.053271484375,N,1.0,0.0
2026-05-03T04:14:34,Q278_llama3.2_SQuAD,fecc33de-feb5-45d0-a225-d99713889db6,5b0fa12a-3dd7-45bb-9766-cc326314d9f1,6.212192700011656,3.3176590127695146e-05,5.340560367297186e-06,12.88196086016,27.91242316199127,20.0,2.043363791109185e-05,4.8159760750010605e-05,3.1723457777601044e-05,0.0001003168564387,0.0,Italy,ITA,lombardy,,,Windows-11-10.0.26200-SP0,3.13.13,3.2.6,32,13th Gen Intel(R) Core(TM) i9-13900HX,1,1 x NVIDIA GeForce RTX 4070 Laptop GPU,9.1922,45.4722,31.70067596435547,machine,0.0,12.5,34.225,10.847898483276367,N,1.0,0.0
2026-05-03T04:14:56,Q278_llama3.1_SQuAD,8a229330-16d7-466b-b3f8-a1a906ad3cb0,5b0fa12a-3dd7-45bb-9766-cc326314d9f1,6.869077100011054,3.665270646010498e-05,5.335899703330742e-06,12.8562413504,27.63407641304154,20.0,2.273728668488619e-05,5.271976439802373e-05,3.537062222215657e-05,0.000110827673305,0.0,Italy,ITA,lombardy,,,Windows-11-10.0.26200-SP0,3.13.13,3.2.6,32,13th Gen Intel(R) Core(TM) i9-13900HX,1,1 x NVIDIA GeForce RTX 4070 Laptop GPU,9.1922,45.4722,31.70067596435547,machine,0.0,15.6,22.98,7.29009780883789,N,1.0,0.0
2026-05-03T04:15:28,Q278_gemma2:27b_SQuAD,3e0f20cd-4391-4ba8-bbd1-1fc221d61297,5b0fa12a-3dd7-45bb-9766-cc326314d9f1,16.727554599987343,0.0001529596117041,9.144170523540517e-06,12.85843286528,50.209047405083,20.0,0.0001151595746014,0.000168226801248,0.000179121294444,0.0004625076702934,0.0,Italy,ITA,lombardy,,,Windows-11-10.0.26200-SP0,3.13.13,3.2.6,32,13th Gen Intel(R) Core(TM) i9-13900HX,1,1 x NVIDIA GeForce RTX 4070 Laptop GPU,9.1922,45.4722,31.70067596435547,machine,0.0,15.466666666666669,47.39333333333333,15.02283223470052,N,1.0,0.0
2026-05-03T04:16:00,Q279_llama3.2_HellaSwag,0c3fc369-51d3-4d75-8457-718c7eda2c62,5b0fa12a-3dd7-45bb-9766-cc326314d9f1,6.561638600018341,3.7955645909952285e-05,5.784476747903518e-06,12.9093032576,32.57889334193899,20.0,2.172918416138397e-05,5.937449194404199e-05,3.366372666658006e-05,0.000114767402772,0.0,Italy,ITA,lombardy,,,Windows-11-10.0.26200-SP0,3.13.13,3.2.6,32,13th Gen Intel(R) Core(TM) i9-13900HX,1,1 x NVIDIA GeForce RTX 4070 Laptop GPU,9.1922,45.4722,31.70067596435547,machine,0.0,25.6,31.44,9.97348175048828,N,1.0,0.0
2026-05-03T04:16:24,Q279_llama3.1_HellaSwag,81fc0e3a-4ae0-4837-8b56-82f2c4904340,5b0fa12a-3dd7-45bb-9766-cc326314d9f1,8.749816800002009,5.8315656912616026e-05,6.664786045874999e-06,12.8560122128,41.58595805304208,20.0,2.945207978560052e-05,0.0001010609141819,4.581746555567305e-05,0.0001763304595232,0.0,Italy,ITA,lombardy,,,Windows-11-10.0.26200-SP0,3.13.13,3.2.6,32,13th Gen Intel(R) Core(TM) i9-13900HX,1,1 x NVIDIA GeForce RTX 4070 Laptop GPU,9.1922,45.4722,31.70067596435547,machine,0.0,37.142857142857146,23.085714285714285,7.322228022984096,N,1.0,0.0
2026-05-03T04:17:08,Q279_gemma2:27b_HellaSwag,b5d5723b-ba6b-47ee-bb6a-fe401fe70a3d,5b0fa12a-3dd7-45bb-9766-cc326314d9f1,18.976583200041205,0.0001040937768997,5.485380366026831e-06,13.411729629440002,28.80163372002977,20.0,6.528070462184766e-05,0.000149631786372,9.983837500007616e-05,0.0003147508659939,0.0,Italy,ITA,lombardy,,,Windows-11-10.0.26200-SP0,3.13.13,3.2.6,32,13th Gen Intel(R) Core(TM) i9-13900HX,1,1 x NVIDIA GeForce RTX 4070 Laptop GPU,9.1922,45.4722,31.70067596435547,machine,8.964705882352941,12.705882352941176,48.52352941176471,15.377536324893727,N,1.0,0.0
2026-05-03T04:17:40,Q280_llama3.2_HellaSwag,f7d256aa-dfda-4b68-874e-b1da6d72aab4,5b0fa12a-3dd7-45bb-9766-cc326314d9f1,6.479288500035182,3.713096766769578e-05,5.730716832179053e-06,12.88214803712,32.05180292134204,20.0,2.1388551008468632e-05,5.767976836595912e-05,3.320548388906496e-05,0.0001122738032634,0.0,Italy,ITA,lombardy,,,Windows-11-10.0.26200-SP0,3.13.13,3.2.6,32,13th Gen Intel(R) Core(TM) i9-13900HX,1,1 x NVIDIA GeForce RTX 4070 Laptop GPU,9.1922,45.4722,31.70067596435547,machine,0.0,5.5,34.025,10.794920921325684,N,1.0,0.0
2026-05-03T04:18:03,Q280_llama3.1_HellaSwag,aee8c6fd-1a15-42dd-8437-4f2e30cede53,5b0fa12a-3dd7-45bb-9766-cc326314d9f1,7.9204725999734364,5.186021167437948e-05,6.5476158170856375e-06,12.871966509714284,40.533144999364005,20.0,2.6508321520950568e-05,8.911590462601371e-05,4.118674777758618e-05,0.0001568109739245,0.0,Italy,ITA,lombardy,,,Windows-11-10.0.26200-SP0,3.13.13,3.2.6,32,13th Gen Intel(R) Core(TM) i9-13900HX,1,1 x NVIDIA GeForce RTX 4070 Laptop GPU,9.1922,45.4722,31.70067596435547,machine,0.0,37.16666666666666,22.98333333333333,7.291651407877604,N,1.0,0.0
2026-05-03T04:18:37,Q280_gemma2:27b_HellaSwag,51851136-1703-4cfb-bf97-75055f5e4680,5b0fa12a-3dd7-45bb-9766-cc326314d9f1,18.599012099963147,0.0001018494534081,5.476067914828936e-06,13.415067656960002,26.74282661708011,20.0,6.373069089554242e-05,0.00014650289498,9.77310649995666e-05,0.0003079646508751,0.0,Italy,ITA,lombardy,,,Windows-11-10.0.26200-SP0,3.13.13,3.2.6,32,13th Gen Intel(R) Core(TM) i9-13900HX,1,1 x NVIDIA GeForce RTX 4070 Laptop GPU,9.1922,45.4722,31.70067596435547,machine,0.0,11.5625,48.09375,15.245400428771973,N,1.0,0.0
2026-05-03T04:19:09,Q281_llama3.2_GSM8K,7f60f03c-bd9d-4179-aa22-e7ef431b2115,5b0fa12a-3dd7-45bb-9766-cc326314d9f1,6.725106900034007,3.826129682985186e-05,5.689321731028304e-06,12.8807848256,31.570202147161428,20.0,2.224238359410383e-05,5.891449157596762e-05,3.4534731666725645e-05,0.0001156916068367,0.0,Italy,ITA,lombardy,,,Windows-11-10.0.26200-SP0,3.13.13,3.2.6,32,13th Gen Intel(R) Core(TM) i9-13900HX,1,1 x NVIDIA GeForce RTX 4070 Laptop GPU,9.1922,45.4722,31.70067596435547,machine,0.0,24.4,32.160000000000004,10.191151428222655,N,1.0,0.0
2026-05-03T04:19:31,Q281_llama3.1_GSM8K,e2bb71ed-9078-42f6-94fb-32073c48b8fa,5b0fa12a-3dd7-45bb-9766-cc326314d9f1,7.648221999988891,4.679435544499517e-05,6.118331220650125e-06,12.8713380608,35.93580814725745,20.0,2.5532330569591617e-05,7.628867214198864e-05,3.96722194444414e-05,0.000141493222156,0.0,Italy,ITA,lombardy,,,Windows-11-10.0.26200-SP0,3.13.13,3.2.6,32,13th Gen Intel(R) Core(TM) i9-13900HX,1,1 x NVIDIA GeForce RTX 4070 Laptop GPU,9.1922,45.4722,31.70067596435547,machine,0.0,24.0,23.016666666666666,7.297265370686849,N,1.0,0.0
2026-05-03T04:20:18,Q281_gemma2:27b_GSM8K,7da3e12b-1f86-4e27-8396-6dd349852d99,5b0fa12a-3dd7-45bb-9766-cc326314d9f1,31.198957399989013,0.0001639080340504,5.253638188899072e-06,13.31803241336,24.785232672226822,20.0,0.0001115062139146,0.0002163696175399,0.0001677368477779,0.0004956126792325,0.0,Italy,ITA,lombardy,,,Windows-11-10.0.26200-SP0,3.13.13,3.2.6,32,13th Gen Intel(R) Core(TM) i9-13900HX,1,1 x NVIDIA GeForce RTX 4070 Laptop GPU,9.1922,45.4722,31.70067596435547,machine,5.386206896551724,21.24137931034483,50.65172413793103,16.05464922148606,N,1.0,0.0
2026-05-03T04:21:11,Q282_llama3.2_GSM8K,2a9102ef-7d77-4ffe-8f58-581bb193f569,5b0fa12a-3dd7-45bb-9766-cc326314d9f1,7.615329100051895,4.720982160636429e-05,6.199314696201714e-06,12.874290258285717,36.77691964055198,20.0,2.544008498541639e-05,7.778978445399654e-05,3.951960777792717e-05,0.0001427494772173,0.0,Italy,ITA,lombardy,,,Windows-11-10.0.26200-SP0,3.13.13,3.2.6,32,13th Gen Intel(R) Core(TM) i9-13900HX,1,1 x NVIDIA GeForce RTX 4070 Laptop GPU,9.1922,45.4722,31.70067596435547,machine,0.0,37.5,30.766666666666666,9.752824783325195,N,1.0,0.0
2026-05-03T04:21:35,Q282_llama3.1_GSM8K,d5bde3a0-6ca7-4653-8d0e-dc59e9d1fbbc,5b0fa12a-3dd7-45bb-9766-cc326314d9f1,9.308795199962333,6.273043742613265e-05,6.738835271226772e-06,12.8790895376,42.25429002532903,20.0,3.150524775501369e-05,0.000109250642956,4.892364722197979e-05,0.000189679537933,0.0,Italy,ITA,lombardy,,,Windows-11-10.0.26200-SP0,3.13.13,3.2.6,32,13th Gen Intel(R) Core(TM) i9-13900HX,1,1 x NVIDIA GeForce RTX 4070 Laptop GPU,9.1922,45.4722,31.70067596435547,machine,0.0,48.142857142857146,23.25714285714286,7.367958613804409,N,1.0,0.0
2026-05-03T04:22:27,Q282_gemma2:27b_GSM8K,b2540f32-71b8-45bb-afa4-8b3259e233c0,5b0fa12a-3dd7-45bb-9766-cc326314d9f1,36.506118300021626,0.0001901814520681,5.209577487947262e-06,13.381022936320004,24.53145841623048,20.0,0.0001296164533802,0.0002510110341419,0.0001944287600002,0.0005750562475224,0.0,Italy,ITA,lombardy,,,Windows-11-10.0.26200-SP0,3.13.13,3.2.6,32,13th Gen Intel(R) Core(TM) i9-13900HX,1,1 x NVIDIA GeForce RTX 4070 Laptop GPU,9.1922,45.4722,31.70067596435547,machine,2.3529411764705883,15.5,51.24411764705882,16.244032691506778,N,1.0,0.0
2026-05-03T04:23:20,Q283_llama3.2_HellaSwag,62d31db7-2349-4a67-804a-a2280e9dd0ca,5b0fa12a-3dd7-45bb-9766-cc326314d9f1,7.365725099982228,4.566142992653241e-05,6.199176497456114e-06,12.8847242048,36.84131584988547,20.0,2.456602984317519e-05,7.537061585199956e-05,3.813092222230302e-05,0.0001380675679174,0.0,Italy,ITA,lombardy,,,Windows-11-10.0.26200-SP0,3.13.13,3.2.6,32,13th Gen Intel(R) Core(TM) i9-13900HX,1,1 x NVIDIA GeForce RTX 4070 Laptop GPU,9.1922,45.4722,31.70067596435547,machine,0.0,22.4,31.76,10.065327453613282,N,1.0,0.0
2026-05-03T04:23:44,Q283_llama3.1_HellaSwag,0f9c64ef-49ad-4855-9841-f596c03c1ca2,5b0fa12a-3dd7-45bb-9766-cc326314d9f1,8.809332700038794,5.705636248941922e-05,6.4768086791826985e-06,12.8813235536,39.49901201383279,20.0,2.972470714813483e-05,9.664729954000915e-05,4.615069388884068e-05,0.0001725227005769,0.0,Italy,ITA,lombardy,,,Windows-11-10.0.26200-SP0,3.13.13,3.2.6,32,13th Gen Intel(R) Core(TM) i9-13900HX,1,1 x NVIDIA GeForce RTX 4070 Laptop GPU,9.1922,45.4722,31.70067596435547,machine,0.0,34.57142857142857,22.585714285714285,7.162027631487165,N,1.0,0.0
2026-05-03T04:24:16,Q283_gemma2:27b_HellaSwag,2137b3cf-d39b-4b74-9de5-5d2c2fc46fea,5b0fa12a-3dd7-45bb-9766-cc326314d9f1,16.813816999958362,0.0001425645636623,8.479012449266527e-06,12.968081312,43.97637429300502,20.0,0.0001164333723141,0.000135076774728,0.000179565765555,0.0004310759125972,0.0,Italy,ITA,lombardy,,,Windows-11-10.0.26200-SP0,3.13.13,3.2.6,32,13th Gen Intel(R) Core(TM) i9-13900HX,1,1 x NVIDIA GeForce RTX 4070 Laptop GPU,9.1922,45.4722,31.70067596435547,machine,0.0,10.266666666666667,47.34,15.010477701822916,N,1.0,0.0
2026-05-03T04:24:52,Q284_llama3.2_HellaSwag,1c307e20-cfc7-48f1-9f23-c99ccf953311,5b0fa12a-3dd7-45bb-9766-cc326314d9f1,10.25813620002009,7.584897667045155e-05,7.394030961521354e-06,12.8649342464,49.23265095566112,20.0,3.486572894339188e-05,0.0001402792788899,5.42013738889687e-05,0.0002293463817223,0.0,Italy,ITA,lombardy,,,Windows-11-10.0.26200-SP0,3.13.13,3.2.6,32,13th Gen Intel(R) Core(TM) i9-13900HX,1,1 x NVIDIA GeForce RTX 4070 Laptop GPU,9.1922,45.4722,31.70067596435547,machine,0.0,49.875,28.1875,8.94260311126709,N,1.0,0.0
2026-05-03T04:25:37,Q284_llama3.1_HellaSwag,4b5b15e9-1874-4ea5-941f-4a7175cf82fa,5b0fa12a-3dd7-45bb-9766-cc326314d9f1,9.903178100008518,6.971144138658642e-05,7.039299978511591e-06,12.876089600000002,45.44588496899561,20.0,3.361353371061656e-05,0.0001249648221939,5.220981222228147e-05,0.0002107881681268,0.0,Italy,ITA,lombardy,,,Windows-11-10.0.26200-SP0,3.13.13,3.2.6,32,13th Gen Intel(R) Core(TM) i9-13900HX,1,1 x NVIDIA GeForce RTX 4070 Laptop GPU,9.1922,45.4722,31.70067596435547,machine,0.0,54.875,22.7125,7.201722145080566,N,1.0,0.0
2026-05-03T04:26:42,Q284_gemma2:27b_HellaSwag,ef187a25-e758-475d-ac30-dc5d7491e758,5b0fa12a-3dd7-45bb-9766-cc326314d9f1,39.62357900000643,0.0002071070409406,5.226863553659126e-06,13.581824551253336,24.19722597384663,20.0,0.0001432007154643,0.000271303272598,0.0002117305711109,0.0006262345591732,0.0,Italy,ITA,lombardy,,,Windows-11-10.0.26200-SP0,3.13.13,3.2.6,32,13th Gen Intel(R) Core(TM) i9-13900HX,1,1 x NVIDIA GeForce RTX 4070 Laptop GPU,9.1922,45.4722,31.70067596435547,machine,4.505405405405405,19.16216216216216,51.18108108108108,16.222366436107738,N,1.0,0.0
2026-05-03T04:27:34,Q285_llama3.2_HellaSwag,0d70e212-5ac1-4b7d-8ea6-6e903ec0e3c6,5b0fa12a-3dd7-45bb-9766-cc326314d9f1,6.343772899999749,3.3509760483526725e-05,5.2823077073783725e-06,12.900313948160004,27.250039123286832,20.0,2.091790385989711e-05,4.797726060401519e-05,3.242910722231803e-05,0.0001013242716862,0.0,Italy,ITA,lombardy,,,Windows-11-10.0.26200-SP0,3.13.13,3.2.6,32,13th Gen Intel(R) Core(TM) i9-13900HX,1,1 x NVIDIA GeForce RTX 4070 Laptop GPU,9.1922,45.4722,31.70067596435547,machine,0.0,10.0,34.4,10.909183502197266,N,1.0,0.0
2026-05-03T04:27:57,Q285_llama3.1_HellaSwag,aef4856e-7d58-4b58-8f56-9f3de73014f9,5b0fa12a-3dd7-45bb-9766-cc326314d9f1,7.749379599990789,4.732296197136165e-05,6.1066774908559e-06,12.884933273600002,35.74214883105606,20.0,2.5931328719703905e-05,7.691061708398061e-05,4.02496366664612e-05,0.0001430915824701,0.0,Italy,ITA,lombardy,,,Windows-11-10.0.26200-SP0,3.13.13,3.2.6,32,13th Gen Intel(R) Core(TM) i9-13900HX,1,1 x NVIDIA GeForce RTX 4070 Laptop GPU,9.1922,45.4722,31.70067596435547,machine,0.0,38.333333333333336,22.816666666666663,7.238403956095378,N,1.0,0.0
2026-05-03T04:28:31,Q285_gemma2:27b_HellaSwag,0f2ca616-8f76-47d0-9735-7692a69177f9,5b0fa12a-3dd7-45bb-9766-cc326314d9f1,19.147829100023955,9.920167730936368e-05,5.180831560129162e-06,13.32465264512,27.32838987520305,20.0,6.567443735111055e-05,0.0001334945512399,0.0001007895177779,0.000299958506369,0.0,Italy,ITA,lombardy,,,Windows-11-10.0.26200-SP0,3.13.13,3.2.6,32,13th Gen Intel(R) Core(TM) i9-13900HX,1,1 x NVIDIA GeForce RTX 4070 Laptop GPU,9.1922,45.4722,31.70067596435547,machine,0.0,17.941176470588236,48.3,15.30883093441234,N,1.0,0.0
2026-05-03T04:29:04,Q286_llama3.2_HellaSwag,08203a91-dc4c-4d15-9434-af63e3207520,5b0fa12a-3dd7-45bb-9766-cc326314d9f1,6.731375900038984,4.05450929937644e-05,6.023299485255248e-06,12.8743254656,35.183575820187976,20.0,2.22648688311649e-05,6.574560815197916e-05,3.458669944439963e-05,0.0001225971764275,0.0,Italy,ITA,lombardy,,,Windows-11-10.0.26200-SP0,3.13.13,3.2.6,32,13th Gen Intel(R) Core(TM) i9-13900HX,1,1 x NVIDIA GeForce RTX 4070 Laptop GPU,9.1922,45.4722,31.70067596435547,machine,0.0,26.4,31.96,10.138540649414065,N,1.0,0.0
2026-05-03T04:29:46,Q286_llama3.1_HellaSwag,ec6fdd31-a502-4705-98df-50ad3fe7970d,5b0fa12a-3dd7-45bb-9766-cc326314d9f1,7.598954099987168,4.434674086733156e-05,5.835900609980846e-06,12.845932873142855,32.85646997463389,20.0,2.532342762042464e-05,6.934366658606361e-05,3.942521666661681e-05,0.0001340923108731,0.0,Italy,ITA,lombardy,,,Windows-11-10.0.26200-SP0,3.13.13,3.2.6,32,13th Gen Intel(R) Core(TM) i9-13900HX,1,1 x NVIDIA GeForce RTX 4070 Laptop GPU,9.1922,45.4722,31.70067596435547,machine,0.0,24.33333333333333,22.866666666666664,7.2490584055582685,N,1.0,0.0
2026-05-03T04:30:25,Q286_gemma2:27b_HellaSwag,d22c0676-1455-4dba-bdac-ddcda8ceae42,5b0fa12a-3dd7-45bb-9766-cc326314d9f1,23.35150320001412,0.0001301460478297,5.5733477504651366e-06,13.27558047824,27.024960615456926,20.0,8.139971554977481e-05,0.000187988761502,0.0001241372694445,0.0003935257464963,0.0,Italy,ITA,lombardy,,,Windows-11-10.0.26200-SP0,3.13.13,3.2.6,32,13th Gen Intel(R) Core(TM) i9-13900HX,1,1 x NVIDIA GeForce RTX 4070 Laptop GPU,9.1922,45.4722,31.70067596435547,machine,0.0,13.19047619047619,49.219047619047615,15.60622042701358,N,1.0,0.0
2026-05-03T04:31:07,Q287_llama3.2_HellaSwag,5d597e0c-be9f-48f2-b1c9-c237f61368a1,5b0fa12a-3dd7-45bb-9766-cc326314d9f1,6.45125869999174,3.469771315768535e-05,5.378440823917009e-06,12.85230324224,28.25512441809938,20.0,2.1239105139722027e-05,5.0627262724034505e-05,3.304994500002875e-05,0.0001049163128637,0.0,Italy,ITA,lombardy,,,Windows-11-10.0.26200-SP0,3.13.13,3.2.6,32,13th Gen Intel(R) Core(TM) i9-13900HX,1,1 x NVIDIA GeForce RTX 4070 Laptop GPU,9.1922,45.4722,31.70067596435547,machine,0.0,5.0,34.425,10.917799949645996,N,1.0,0.0
2026-05-03T04:31:39,Q287_llama3.1_HellaSwag,d6988f80-700b-46c2-9045-8baad10ad16d,5b0fa12a-3dd7-45bb-9766-cc326314d9f1,7.427360099973157,4.475971278962498e-05,6.026328626477494e-06,12.8520525632,34.98390326576976,20.0,2.4718522984400526e-05,7.215727994802634e-05,3.846522111109354e-05,0.0001353410240435,0.0,Italy,ITA,lombardy,,,Windows-11-10.0.26200-SP0,3.13.13,3.2.6,32,13th Gen Intel(R) Core(TM) i9-13900HX,1,1 x NVIDIA GeForce RTX 4070 Laptop GPU,9.1922,45.4722,31.70067596435547,machine,0.0,11.0,23.14,7.334651947021484,N,1.0,0.0
2026-05-03T04:32:11,Q287_gemma2:27b_HellaSwag,320abd9d-d913-44e4-920a-9a71a4fa709c,5b0fa12a-3dd7-45bb-9766-cc326314d9f1,16.75046760000987,0.0001448778423098,8.649181967301922e-06,12.88277312,47.11357066396452,20.0,0.000115438904909,0.0001434151147319,0.0001792166094444,0.0004380706290854,0.0,Italy,ITA,lombardy,,,Windows-11-10.0.26200-SP0,3.13.13,3.2.6,32,13th Gen Intel(R) Core(TM) i9-13900HX,1,1 x NVIDIA GeForce RTX 4070 Laptop GPU,9.1922,45.4722,31.70067596435547,machine,0.0,15.133333333333333,47.84666666666667,15.163436126708984,N,1.0,0.0
2026-05-03T04:32:44,Q288_llama3.2_MMLU,6aaeab3d-d3b3-4ec8-86ac-5a2adee5c5fc,5b0fa12a-3dd7-45bb-9766-cc326314d9f1,7.162467400019523,4.666151076425416e-05,6.514725744389004e-06,12.8611853312,40.36247534138133,20.0,2.379453114041401e-05,8.02958975699708e-05,3.7001107777662887e-05,0.000141091536488,0.0,Italy,ITA,lombardy,,,Windows-11-10.0.26200-SP0,3.13.13,3.2.6,32,13th Gen Intel(R) Core(TM) i9-13900HX,1,1 x NVIDIA GeForce RTX 4070 Laptop GPU,9.1922,45.4722,31.70067596435547,machine,0.0,23.6,31.8,10.081774139404295,N,1.0,0.0
2026-05-03T04:33:06,Q288_llama3.1_MMLU,d3d8c967-5c92-4297-ad38-424701d1fb76,5b0fa12a-3dd7-45bb-9766-cc326314d9f1,6.740985899989028,3.5509437594879605e-05,5.267692014448125e-06,12.845233184,26.94562597155413,20.0,2.2261254390746108e-05,5.044976258200551e-05,3.465972666648061e-05,0.0001073707436392,0.0,Italy,ITA,lombardy,,,Windows-11-10.0.26200-SP0,3.13.13,3.2.6,32,13th Gen Intel(R) Core(TM) i9-13900HX,1,1 x NVIDIA GeForce RTX 4070 Laptop GPU,9.1922,45.4722,31.70067596435547,machine,0.0,9.0,23.16,7.336255645751953,N,1.0,0.0
2026-05-03T04:33:37,Q288_gemma2:27b_MMLU,b0bab075-b911-45a3-ac88-608ed6845ba1,5b0fa12a-3dd7-45bb-9766-cc326314d9f1,16.756672500050627,0.0001392545173635,8.310392016264665e-06,12.88845990656,46.88700394455514,20.0,0.0001155166674438,0.0001262928788119,0.0001792576994446,0.0004210672457005,0.0,Italy,ITA,lombardy,,,Windows-11-10.0.26200-SP0,3.13.13,3.2.6,32,13th Gen Intel(R) Core(TM) i9-13900HX,1,1 x NVIDIA GeForce RTX 4070 Laptop GPU,9.1922,45.4722,31.70067596435547,machine,0.0,12.466666666666669,47.78666666666666,15.146305084228516,N,1.0,0.0
2026-05-03T04:34:09,Q289_llama3.2_SQuAD,a969f61b-2b9a-4380-b4df-2f277ebd7503,5b0fa12a-3dd7-45bb-9766-cc326314d9f1,6.67845980002312,3.817193148453434e-05,5.715678858230485e-06,12.8668582592,31.834969022815635,20.0,2.2071533450089568e-05,5.90433805680024e-05,3.4306476666824894e-05,0.0001154213906849,0.0,Italy,ITA,lombardy,,,Windows-11-10.0.26200-SP0,3.13.13,3.2.6,32,13th Gen Intel(R) Core(TM) i9-13900HX,1,1 x NVIDIA GeForce RTX 4070 Laptop GPU,9.1922,45.4722,31.70067596435547,machine,0.0,26.0,31.96,10.1341552734375,N,1.0,0.0
2026-05-03T04:34:32,Q289_llama3.1_SQuAD,ad65d0cb-4595-4815-a41f-d70c62ec39e3,5b0fa12a-3dd7-45bb-9766-cc326314d9f1,7.545026600011624,4.495582273382816e-05,5.958338534387525e-06,12.8619432896,34.18434177357793,20.0,2.516512410508676e-05,7.163866842202493e-05,3.91302138887113e-05,0.0001359340064158,0.0,Italy,ITA,lombardy,,,Windows-11-10.0.26200-SP0,3.13.13,3.2.6,32,13th Gen Intel(R) Core(TM) i9-13900HX,1,1 x NVIDIA GeForce RTX 4070 Laptop GPU,9.1922,45.4722,31.70067596435547,machine,16.0,28.8,22.96,7.2793830871582035,N,1.0,0.0
2026-05-03T04:35:07,Q289_gemma2:27b_SQuAD,075c0120-4779-4a7e-8b73-8cedc4c8d725,5b0fa12a-3dd7-45bb-9766-cc326314d9f1,19.86445290001575,0.000119575526165,6.0195730920428e-06,13.23706811264,33.59401860688277,20.0,6.808911789832622e-05,0.00018870153985,0.0001047727472223,0.0003615634049706,0.0,Italy,ITA,lombardy,,,Windows-11-10.0.26200-SP0,3.13.13,3.2.6,32,13th Gen Intel(R) Core(TM) i9-13900HX,1,1 x NVIDIA GeForce RTX 4070 Laptop GPU,9.1922,45.4722,31.70067596435547,machine,3.333333333333333,17.77777777777778,48.71111111111111,15.439853880140516,N,1.0,0.0
2026-05-03T04:35:39,Q290_llama3.2_SQuAD,ad86c231-8e76-4eef-91ab-924241542c28,5b0fa12a-3dd7-45bb-9766-cc326314d9f1,6.731968800013419,4.057758675851669e-05,6.027595784228204e-06,12.876743244800002,35.19297401386236,20.0,2.2283253188352526e-05,6.580310819798152e-05,3.460906722207761e-05,0.0001226954286084,0.0,Italy,ITA,lombardy,,,Windows-11-10.0.26200-SP0,3.13.13,3.2.6,32,13th Gen Intel(R) Core(TM) i9-13900HX,1,1 x NVIDIA GeForce RTX 4070 Laptop GPU,9.1922,45.4722,31.70067596435547,machine,0.0,18.0,32.1,10.181107330322266,N,1.0,0.0
2026-05-03T04:36:02,Q290_llama3.1_SQuAD,1bd04899-cb5d-45c0-86c3-ce4722b1959c,5b0fa12a-3dd7-45bb-9766-cc326314d9f1,8.280407599988393,5.395210858526949e-05,6.515634397676886e-06,12.877828576914286,40.04566623991833,20.0,2.782430109821459e-05,9.21003514580132e-05,4.321164055533397e-05,0.0001631362931115,0.0,Italy,ITA,lombardy,,,Windows-11-10.0.26200-SP0,3.13.13,3.2.6,32,13th Gen Intel(R) Core(TM) i9-13900HX,1,1 x NVIDIA GeForce RTX 4070 Laptop GPU,9.1922,45.4722,31.70067596435547,machine,0.0,26.166666666666668,22.98333333333333,7.291269938151042,N,1.0,0.0
2026-05-03T04:36:35,Q290_gemma2:27b_SQuAD,31d7c4a6-bbeb-4719-b4b7-c8d6831371d7,5b0fa12a-3dd7-45bb-9766-cc326314d9f1,17.211053299950436,9.790456061371612e-05,5.688470014441131e-06,13.22087696,32.29987834673622,20.0,5.847526359284958e-05,0.0001475565069339,9.000461277771845e-05,0.0002960363833045,0.0,Italy,ITA,lombardy,,,Windows-11-10.0.26200-SP0,3.13.13,3.2.6,32,13th Gen Intel(R) Core(TM) i9-13900HX,1,1 x NVIDIA GeForce RTX 4070 Laptop GPU,9.1922,45.4722,31.70067596435547,machine,4.446666666666667,10.0,47.79333333333333,15.155499267578126,N,1.0,0.0
2026-05-03T04:37:08,Q291_llama3.2_MMLU,98cd330a-5016-4948-8eb9-9a88cb5111ff,5b0fa12a-3dd7-45bb-9766-cc326314d9f1,7.8526039000134915,4.947759410671745e-05,6.3007882145478445e-06,12.86920610377143,37.821427407859424,20.0,2.6277838565554136e-05,8.249145488198328e-05,4.083730222223999e-05,0.0001496065956697,0.0,Italy,ITA,lombardy,,,Windows-11-10.0.26200-SP0,3.13.13,3.2.6,32,13th Gen Intel(R) Core(TM) i9-13900HX,1,1 x NVIDIA GeForce RTX 4070 Laptop GPU,9.1922,45.4722,31.70067596435547,machine,0.0,35.0,30.6,9.699074427286783,N,1.0,0.0
2026-05-03T04:37:32,Q291_llama3.1_MMLU,8a149dda-f34a-4164-bd94-6893f3c52dfb,5b0fa12a-3dd7-45bb-9766-cc326314d9f1,9.058740300009958,5.965820205188863e-05,6.585706188290113e-06,12.8514036224,40.66133943099965,20.0,3.054558382264934e-05,0.0001023084151799,4.753594666674164e-05,0.0001803899456693,0.0,Italy,ITA,lombardy,,,Windows-11-10.0.26200-SP0,3.13.13,3.2.6,32,13th Gen Intel(R) Core(TM) i9-13900HX,1,1 x NVIDIA GeForce RTX 4070 Laptop GPU,9.1922,45.4722,31.70067596435547,machine,0.0,34.57142857142857,23.12857142857143,7.338740757533482,N,1.0,0.0
2026-05-03T04:38:17,Q291_gemma2:27b_MMLU,8d940744-0063-444e-93fb-9017dbc31a0d,5b0fa12a-3dd7-45bb-9766-cc326314d9f1,20.453551100043114,0.0001080279942643,5.281625363535351e-06,13.512999549440002,26.341269521960555,20.0,7.135341175075561e-05,0.0001472681733699,0.0001080252688889,0.0003266468540096,0.0,Italy,ITA,lombardy,,,Windows-11-10.0.26200-SP0,3.13.13,3.2.6,32,13th Gen Intel(R) Core(TM) i9-13900HX,1,1 x NVIDIA GeForce RTX 4070 Laptop GPU,9.1922,45.4722,31.70067596435547,machine,0.0,16.11111111111111,48.77777777777778,15.464204788208008,N,1.0,0.0
2026-05-03T04:38:49,Q292_llama3.2_MMLU,da37568b-011b-4f92-961c-a34d3b01205f,5b0fa12a-3dd7-45bb-9766-cc326314d9f1,5.991434700030368,3.069765015918847e-05,5.1235892062769006e-06,12.86201743616,25.66581598769102,20.0,1.9613468313029168e-05,4.271114528003883e-05,3.049661222224434e-05,9.282122581531234e-05,0.0,Italy,ITA,lombardy,,,Windows-11-10.0.26200-SP0,3.13.13,3.2.6,32,13th Gen Intel(R) Core(TM) i9-13900HX,1,1 x NVIDIA GeForce RTX 4070 Laptop GPU,9.1922,45.4722,31.70067596435547,machine,0.0,5.75,34.175,10.838082313537598,N,1.0,0.0
2026-05-03T04:39:11,Q292_llama3.1_MMLU,f1fc4b63-e477-41d9-9c7e-4c6b4ff12921,5b0fa12a-3dd7-45bb-9766-cc326314d9f1,6.815892999991775,3.621321362150875e-05,5.313054888266651e-06,12.909817664000004,27.355966959781977,20.0,2.264001788271581e-05,5.178559698398866e-05,3.5073153333117566e-05,0.0001094987681998,0.0,Italy,ITA,lombardy,,,Windows-11-10.0.26200-SP0,3.13.13,3.2.6,32,13th Gen Intel(R) Core(TM) i9-13900HX,1,1 x NVIDIA GeForce RTX 4070 Laptop GPU,9.1922,45.4722,31.70067596435547,machine,6.659999999999999,12.8,23.18,7.348629760742187,N,1.0,0.0
2026-05-03T04:39:44,Q292_gemma2:27b_MMLU,8153f03e-14f8-496d-ba23-6aa4a875515b,5b0fa12a-3dd7-45bb-9766-cc326314d9f1,17.89839619997656,0.0001108483899938,6.193202382792023e-06,13.1973128192,36.38791179345519,20.0,6.095500447721797e-05,0.0001803679220719,9.3852026110916e-05,0.0003351749526601,0.0,Italy,ITA,lombardy,,,Windows-11-10.0.26200-SP0,3.13.13,3.2.6,32,13th Gen Intel(R) Core(TM) i9-13900HX,1,1 x NVIDIA GeForce RTX 4070 Laptop GPU,9.1922,45.4722,31.70067596435547,machine,0.0,11.75,48.18125,15.277252674102783,N,1.0,0.0
2026-05-03T04:40:15,Q293_llama3.2_SQuAD,2255795b-98be-4ca4-b317-3437ef69cb71,5b0fa12a-3dd7-45bb-9766-cc326314d9f1,6.387946200033184,3.418623817262693e-05,5.351679100310729e-06,12.9109119104,27.937574477648365,20.0,2.110772172995032e-05,4.956559520802317e-05,3.26964366666895e-05,0.0001033697536046,0.0,Italy,ITA,lombardy,,,Windows-11-10.0.26200-SP0,3.13.13,3.2.6,32,13th Gen Intel(R) Core(TM) i9-13900HX,1,1 x NVIDIA GeForce RTX 4070 Laptop GPU,9.1922,45.4722,31.70067596435547,machine,43.75,10.0,33.1,10.495485305786133,N,1.0,0.0
2026-05-03T04:40:37,Q293_llama3.1_SQuAD,de78001f-3fbf-489a-9de2-c991fa4098a9,5b0fa12a-3dd7-45bb-9766-cc326314d9f1,7.029597600048874,4.199107777787454e-05,5.973468207850559e-06,12.866680198400005,34.50912357795949,20.0,2.332887773283633e-05,6.737866501399514e-05,3.626189277791935e-05,0.0001269694355247,0.0,Italy,ITA,lombardy,,,Windows-11-10.0.26200-SP0,3.13.13,3.2.6,32,13th Gen Intel(R) Core(TM) i9-13900HX,1,1 x NVIDIA GeForce RTX 4070 Laptop GPU,9.1922,45.4722,31.70067596435547,machine,0.0,26.6,23.02,7.306536865234375,N,1.0,0.0
2026-05-03T04:41:15,Q293_gemma2:27b_SQuAD,7bbc21ff-520a-4cbc-b459-ad7a2a028a8f,5b0fa12a-3dd7-45bb-9766-cc326314d9f1,22.845040999993216,0.0001294032773891,5.6643924337552174e-06,13.3014985208,29.019904369513885,20.0,7.980817258495514e-05,0.0001901387632219,0.000121332877778,0.0003912798135849,0.0,Italy,ITA,lombardy,,,Windows-11-10.0.26200-SP0,3.13.13,3.2.6,32,13th Gen Intel(R) Core(TM) i9-13900HX,1,1 x NVIDIA GeForce RTX 4070 Laptop GPU,9.1922,45.4722,31.70067596435547,machine,0.0,13.80952380952381,49.62857142857143,15.732479458763486,N,1.0,0.0
2026-05-03T04:42:01,Q294_llama3.2_HumanEval,aa11f1fd-6458-4f81-b216-a65fdc4b515b,5b0fa12a-3dd7-45bb-9766-cc326314d9f1,10.220632300013676,7.599729379402528e-05,7.435674385226008e-06,12.861859148800002,49.696871801776815,20.0,3.472186781259892e-05,0.000141081779532,5.3991204444577714e-05,0.0002297948517892,0.0,Italy,ITA,lombardy,,,Windows-11-10.0.26200-SP0,3.13.13,3.2.6,32,13th Gen Intel(R) Core(TM) i9-13900HX,1,1 x NVIDIA GeForce RTX 4070 Laptop GPU,9.1922,45.4722,31.70067596435547,machine,0.0,49.0,29.0,9.19581937789917,N,1.0,0.0
2026-05-03T04:42:42,Q294_llama3.1_HumanEval,8bbb98a8-b482-4878-805f-d820dba96016,5b0fa12a-3dd7-45bb-9766-cc326314d9f1,15.65276880003512,0.0001300752178661,8.31004530430836e-06,12.84620530688,58.67087095520554,20.0,5.406220271575122e-05,0.0002550818707319,8.416750277780617e-05,0.0003933115762255,0.0,Italy,ITA,lombardy,,,Windows-11-10.0.26200-SP0,3.13.13,3.2.6,32,13th Gen Intel(R) Core(TM) i9-13900HX,1,1 x NVIDIA GeForce RTX 4070 Laptop GPU,9.1922,45.4722,31.70067596435547,machine,0.0,66.21428571428571,23.335714285714285,7.397021157400949,N,1.0,0.0
2026-05-03T04:43:45,Q294_gemma2:27b_HumanEval,c6aadaeb-4030-4128-aaa5-60732fc54fcb,5b0fa12a-3dd7-45bb-9766-cc326314d9f1,27.863567099964712,0.0001521056211974,5.458942878769589e-06,13.519477738436922,26.968069771622936,20.0,0.0001000394911496,0.0002106815574339,0.0001492043899999,0.0004599254385835,0.0,Italy,ITA,lombardy,,,Windows-11-10.0.26200-SP0,3.13.13,3.2.6,32,13th Gen Intel(R) Core(TM) i9-13900HX,1,1 x NVIDIA GeForce RTX 4070 Laptop GPU,9.1922,45.4722,31.70067596435547,machine,1.2807692307692309,14.807692307692308,50.37307692307692,15.966399706326998,N,1.0,0.0
2026-05-03T04:44:27,Q295_llama3.2_SQuAD,6aa0b4d5-f2bf-43c8-9b6e-c824d6dca0e3,5b0fa12a-3dd7-45bb-9766-cc326314d9f1,6.104149600025266,3.197825687502149e-05,5.238773452552527e-06,12.8866892672,26.84740372992401,20.0,2.005409473098695e-05,4.551642530198352e-05,3.112290722233916e-05,9.669342725530964e-05,0.0,Italy,ITA,lombardy,,,Windows-11-10.0.26200-SP0,3.13.13,3.2.6,32,13th Gen Intel(R) Core(TM) i9-13900HX,1,1 x NVIDIA GeForce RTX 4070 Laptop GPU,9.1922,45.4722,31.70067596435547,machine,0.0,7.5,34.6,10.969283103942873,N,1.0,0.0
2026-05-03T04:44:49,Q295_llama3.1_SQuAD,4de0972a-1f63-4aa2-9793-1ba0115ff2ac,5b0fa12a-3dd7-45bb-9766-cc326314d9f1,7.017699600022752,3.894165371009956e-05,5.54906250332706e-06,12.859846400000002,29.898108895871854,20.0,2.3274960626413388e-05,5.827699106597528e-05,3.619686666675585e-05,0.0001177488183591,0.0,Italy,ITA,lombardy,,,Windows-11-10.0.26200-SP0,3.13.13,3.2.6,32,13th Gen Intel(R) Core(TM) i9-13900HX,1,1 x NVIDIA GeForce RTX 4070 Laptop GPU,9.1922,45.4722,31.70067596435547,machine,8.58,12.8,23.06,7.310606384277344,N,1.0,0.0
2026-05-03T04:45:23,Q295_gemma2:27b_SQuAD,035c15f0-59ea-4cda-96dd-65d5b6db1334,5b0fa12a-3dd7-45bb-9766-cc326314d9f1,18.37452660000417,0.0001064361688047,5.792593796933232e-06,13.566147653120002,34.14037904409492,20.0,6.296554026249799e-05,0.0001623767965679,9.64912761109493e-05,0.0003218336129414,0.0,Italy,ITA,lombardy,,,Windows-11-10.0.26200-SP0,3.13.13,3.2.6,32,13th Gen Intel(R) Core(TM) i9-13900HX,1,1 x NVIDIA GeForce RTX 4070 Laptop GPU,9.1922,45.4722,31.70067596435547,machine,1.04375,12.0625,48.1875,15.273382663726808,N,1.0,0.0
2026-05-03T04:45:56,Q296_llama3.2_MMLU,9d7de2f3-e669-47d5-a2e7-60778154935c,5b0fa12a-3dd7-45bb-9766-cc326314d9f1,8.002292099990882,5.301287338230048e-05,6.624711110253133e-06,12.86313345097143,41.31885602842169,20.0,2.6796428152597383e-05,9.183701791398712e-05,4.166285888899842e-05,0.0001602963049555,0.0,Italy,ITA,lombardy,,,Windows-11-10.0.26200-SP0,3.13.13,3.2.6,32,13th Gen Intel(R) Core(TM) i9-13900HX,1,1 x NVIDIA GeForce RTX 4070 Laptop GPU,9.1922,45.4722,31.70067596435547,machine,0.0,35.333333333333336,30.666666666666668,9.717585245768229,N,1.0,0.0
2026-05-03T04:46:18,Q296_llama3.1_MMLU,d9634970-c32c-4dea-a242-0a32e8c0b322,5b0fa12a-3dd7-45bb-9766-cc326314d9f1,6.959084399975836,3.5404226119993046e-05,5.087483364925992e-06,12.858192531199998,24.896582339025954,20.0,2.30623041117526e-05,4.811948293997892e-05,3.587082611112338e-05,0.0001070526131628,0.0,Italy,ITA,lombardy,,,Windows-11-10.0.26200-SP0,3.13.13,3.2.6,32,13th Gen Intel(R) Core(TM) i9-13900HX,1,1 x NVIDIA GeForce RTX 4070 Laptop GPU,9.1922,45.4722,31.70067596435547,machine,0.0,18.8,23.06,7.3092399597167965,N,1.0,0.0
2026-05-03T04:47:02,Q296_gemma2:27b_MMLU,a62e01b9-1fb7-446d-b283-0f2477cc2c50,5b0fa12a-3dd7-45bb-9766-cc326314d9f1,29.09625889995368,0.0001573503309996,5.407923112750068e-06,13.40665544850286,26.18659492026197,20.0,0.000104069309473,0.0002156535058559,0.0001560611788885,0.0004757839942174,0.0,Italy,ITA,lombardy,,,Windows-11-10.0.26200-SP0,3.13.13,3.2.6,32,13th Gen Intel(R) Core(TM) i9-13900HX,1,1 x NVIDIA GeForce RTX 4070 Laptop GPU,9.1922,45.4722,31.70067596435547,machine,5.144444444444445,16.77777777777778,50.52222222222222,16.010682706479674,N,1.0,0.0
2026-05-03T04:47:48,Q297_llama3.2_HumanEval,958c537b-69bc-4e3a-8662-9893c7ddd1b9,5b0fa12a-3dd7-45bb-9766-cc326314d9f1,10.141674300015438,7.377513659254068e-05,7.274453350609808e-06,12.866866368,47.97102635956045,20.0,3.4442460006037907e-05,0.0001350973303,5.353587111102469e-05,0.0002230756614171,0.0,Italy,ITA,lombardy,,,Windows-11-10.0.26200-SP0,3.13.13,3.2.6,32,13th Gen Intel(R) Core(TM) i9-13900HX,1,1 x NVIDIA GeForce RTX 4070 Laptop GPU,9.1922,45.4722,31.70067596435547,machine,0.0,50.625,28.625,9.063971042633057,N,1.0,0.0
2026-05-03T04:48:40,Q297_llama3.1_HumanEval,5c5699b6-9f5c-4378-8a55-f19e70da4c55,5b0fa12a-3dd7-45bb-9766-cc326314d9f1,16.572359399986453,0.0001733756649605,1.0461736966718984e-05,6.4269346585600005,31.4953577449426,20.0,5.715751171011656e-05,0.0002888688422059,0.0001782138294443,0.0005242401833604,0.0,Italy,ITA,lombardy,,,Windows-11-10.0.26200-SP0,3.13.13,3.2.6,32,13th Gen Intel(R) Core(TM) i9-13900HX,1,1 x NVIDIA GeForce RTX 4070 Laptop GPU,9.1922,45.4722,31.70067596435547,machine,0.0428571428571428,72.71428571428571,23.17142857142857,7.344429016113281,N,1.0,0.0
2026-05-03T04:50:19,Q297_gemma2:27b_HumanEval,e4c5474c-6b4a-4ae5-bfd2-0c2d253fc93e,5b0fa12a-3dd7-45bb-9766-cc326314d9f1,64.59536350000417,0.0003265556964788,5.055404579909577e-06,13.444639806656005,22.82466040246312,20.0,0.0002315120623592,0.000411120328896,0.0003447819511115,0.0009874143423667,0.0,Italy,ITA,lombardy,,,Windows-11-10.0.26200-SP0,3.13.13,3.2.6,32,13th Gen Intel(R) Core(TM) i9-13900HX,1,1 x NVIDIA GeForce RTX 4070 Laptop GPU,9.1922,45.4722,31.70067596435547,machine,2.5983870967741933,24.483870967741936,52.443548387096776,16.618804747058498,N,1.0,0.0
2026-05-03T04:51:22,Q298_llama3.2_HellaSwag,c6db9beb-6387-43d3-83ff-5c2cb45a20f0,5b0fa12a-3dd7-45bb-9766-cc326314d9f1,6.721595499955583,4.029836482984477e-05,5.995357029459905e-06,12.9375975296,34.79332817712748,20.0,2.235029378359664e-05,6.495144085000293e-05,3.4549403888781344e-05,0.0001218511385223,0.0,Italy,ITA,lombardy,,,Windows-11-10.0.26200-SP0,3.13.13,3.2.6,32,13th Gen Intel(R) Core(TM) i9-13900HX,1,1 x NVIDIA GeForce RTX 4070 Laptop GPU,9.1922,45.4722,31.70067596435547,machine,0.0,6.2,32.28,10.23467788696289,N,1.0,0.0
2026-05-03T04:51:55,Q298_llama3.1_HellaSwag,1537c34f-f1f5-4a1a-a83f-72898113e17e,5b0fa12a-3dd7-45bb-9766-cc326314d9f1,7.475710800033994,4.23766596493024e-05,5.668579320793107e-06,12.8563277504,31.083437933692743,20.0,2.4894039902155872e-05,6.451588494599259e-05,3.872540388903063e-05,0.0001281353287371,0.0,Italy,ITA,lombardy,,,Windows-11-10.0.26200-SP0,3.13.13,3.2.6,32,13th Gen Intel(R) Core(TM) i9-13900HX,1,1 x NVIDIA GeForce RTX 4070 Laptop GPU,9.1922,45.4722,31.70067596435547,machine,0.0,15.6,23.24,7.366827392578125,N,1.0,0.0
2026-05-03T04:52:28,Q298_gemma2:27b_HellaSwag,354dc8e2-a14e-41f6-aaf6-ebb947c9bc72,5b0fa12a-3dd7-45bb-9766-cc326314d9f1,17.535602000018116,0.0001035065465971,5.902651451435084e-06,13.27656537728,33.33623970686874,20.0,5.956685204657286e-05,0.0001616045737279,9.180381777793324e-05,0.0003129752435524,0.0,Italy,ITA,lombardy,,,Windows-11-10.0.26200-SP0,3.13.13,3.2.6,32,13th Gen Intel(R) Core(TM) i9-13900HX,1,1 x NVIDIA GeForce RTX 4070 Laptop GPU,9.1922,45.4722,31.70067596435547,machine,0.0,13.6,47.85333333333333,15.1693842569987,N,1.0,0.0
2026-05-03T04:53:00,Q299_llama3.2_GSM8K,ed9c8625-8085-4de1-aa0d-5bb6d7f95022,5b0fa12a-3dd7-45bb-9766-cc326314d9f1,7.512737200013362,4.797810251953651e-05,6.38623463621903e-06,12.8745468224,38.89462911684517,20.0,2.5053393546333256e-05,8.110089821400379e-05,3.891825500015531e-05,0.0001450725467604,0.0,Italy,ITA,lombardy,,,Windows-11-10.0.26200-SP0,3.13.13,3.2.6,32,13th Gen Intel(R) Core(TM) i9-13900HX,1,1 x NVIDIA GeForce RTX 4070 Laptop GPU,9.1922,45.4722,31.70067596435547,machine,0.0,21.6,31.78,10.069583129882812,N,1.0,0.0
2026-05-03T04:53:25,Q299_llama3.1_GSM8K,829806d3-5af6-4568-8ce6-881a4f4f216c,5b0fa12a-3dd7-45bb-9766-cc326314d9f1,9.881434399983846,7.052330034333451e-05,7.136949706760165e-06,12.875534592000005,46.50440111146336,20.0,3.353785023055986e-05,0.000127610657644,5.2094497777741504e-05,0.0002132430056523,0.0,Italy,ITA,lombardy,,,Windows-11-10.0.26200-SP0,3.13.13,3.2.6,32,13th Gen Intel(R) Core(TM) i9-13900HX,1,1 x NVIDIA GeForce RTX 4070 Laptop GPU,9.1922,45.4722,31.70067596435547,machine,0.0,42.25,22.725,7.206455230712891,N,1.0,0.0
2026-05-03T04:54:32,Q299_gemma2:27b_GSM8K,ecf01198-fece-49e3-b9ce-d4691b31cf62,5b0fa12a-3dd7-45bb-9766-cc326314d9f1,40.84330619999673,0.0002129765012765,5.214477501739449e-06,13.53526409639273,24.264763083693826,20.0,0.0001474490017595,0.0002780357779839,0.0002184974083337,0.0006439821880772,0.0,Italy,ITA,lombardy,,,Windows-11-10.0.26200-SP0,3.13.13,3.2.6,32,13th Gen Intel(R) Core(TM) i9-13900HX,1,1 x NVIDIA GeForce RTX 4070 Laptop GPU,9.1922,45.4722,31.70067596435547,machine,4.202564102564103,18.487179487179485,51.08717948717948,16.200999333308292,N,1.0,0.0
2026-05-03T04:55:26,Q300_llama3.2_MMLU,576c48ae-76e6-4db4-b062-603e6a840254,5b0fa12a-3dd7-45bb-9766-cc326314d9f1,8.334936900006142,5.552130608874885e-05,6.661274914835641e-06,12.868539293257143,41.62577166862553,20.0,2.7999483611178404e-05,9.636702153803522e-05,4.351460833341763e-05,0.0001678811134826,0.0,Italy,ITA,lombardy,,,Windows-11-10.0.26200-SP0,3.13.13,3.2.6,32,13th Gen Intel(R) Core(TM) i9-13900HX,1,1 x NVIDIA GeForce RTX 4070 Laptop GPU,9.1922,45.4722,31.70067596435547,machine,0.0,35.833333333333336,30.183333333333334,9.57270876566569,N,1.0,0.0
2026-05-03T04:55:58,Q300_llama3.1_MMLU,a5d42d63-e0c0-4311-b39d-d39237bb8b5d,5b0fa12a-3dd7-45bb-9766-cc326314d9f1,6.78306689998135,3.663298997406004e-05,5.400652907339122e-06,12.8884757696,28.339446606999235,20.0,2.248542171045229e-05,5.3391431602045625e-05,3.4891202777766416e-05,0.0001107680560902,0.0,Italy,ITA,lombardy,,,Windows-11-10.0.26200-SP0,3.13.13,3.2.6,32,13th Gen Intel(R) Core(TM) i9-13900HX,1,1 x NVIDIA GeForce RTX 4070 Laptop GPU,9.1922,45.4722,31.70067596435547,machine,0.0,28.0,22.82,7.227296447753906,N,1.0,0.0
2026-05-03T04:57:01,Q300_gemma2:27b_MMLU,f9b468dd-8b25-4578-a548-257586d7fde9,5b0fa12a-3dd7-45bb-9766-cc326314d9f1,48.37510579999071,0.0002474147751955,5.114506130869552e-06,13.38363865628,23.22844482408816,20.0,0.0001719686478022,0.0003186183104499,0.00025752707,0.0007481140282522,0.0,Italy,ITA,lombardy,,,Windows-11-10.0.26200-SP0,3.13.13,3.2.6,32,13th Gen Intel(R) Core(TM) i9-13900HX,1,1 x NVIDIA GeForce RTX 4070 Laptop GPU,9.1922,45.4722,31.70067596435547,machine,3.9847826086956526,20.73913043478261,51.52391304347826,16.32408855272376,N,1.0,0.0
2026-05-03T04:58:07,Q301_llama3.2_GSM8K,0c87e22d-ba6f-4592-82ea-7c379ad6bb03,5b0fa12a-3dd7-45bb-9766-cc326314d9f1,9.002886100031901,6.172104623346573e-05,6.855695556700093e-06,12.872763128000004,43.58872279782255,20.0,3.039920355159884e-05,0.000108998976088,4.722923777784066e-05,0.0001866274174174,0.0,Italy,ITA,lombardy,,,Windows-11-10.0.26200-SP0,3.13.13,3.2.6,32,13th Gen Intel(R) Core(TM) i9-13900HX,1,1 x NVIDIA GeForce RTX 4070 Laptop GPU,9.1922,45.4722,31.70067596435547,machine,0.0,44.85714285714285,28.857142857142858,9.149640764508929,N,1.0,0.0
2026-05-03T04:58:42,Q301_llama3.1_GSM8K,a898793a-a526-4d7f-8930-3779fcea8290,5b0fa12a-3dd7-45bb-9766-cc326314d9f1,10.520829699991737,7.774624416444011e-05,7.389744571618832e-06,12.853423001600005,49.174812938240784,20.0,3.576365586104291e-05,0.0001436720593819,5.564748000017264e-05,0.0002350831952431,0.0,Italy,ITA,lombardy,,,Windows-11-10.0.26200-SP0,3.13.13,3.2.6,32,13th Gen Intel(R) Core(TM) i9-13900HX,1,1 x NVIDIA GeForce RTX 4070 Laptop GPU,9.1922,45.4722,31.70067596435547,machine,0.0,54.5,22.7625,7.22100305557251,N,1.0,0.0
2026-05-03T04:59:56,Q301_gemma2:27b_GSM8K,5f305476-2a69-4d29-996c-150e1bb3cdd2,5b0fa12a-3dd7-45bb-9766-cc326314d9f1,48.48044310003752,0.0002449283124844,5.0521054846602455e-06,13.486668695720002,22.52963866285281,20.0,0.0001743848639078,0.000308083857578,0.0002581269294447,0.0007405956509305,0.0,Italy,ITA,lombardy,,,Windows-11-10.0.26200-SP0,3.13.13,3.2.6,32,13th Gen Intel(R) Core(TM) i9-13900HX,1,1 x NVIDIA GeForce RTX 4070 Laptop GPU,9.1922,45.4722,31.70067596435547,machine,4.3478260869565215,21.782608695652176,51.53695652173913,16.34451658829399,N,1.0,0.0
2026-05-03T05:00:49,Q302_llama3.2_GSM8K,02abe631-6eeb-40e3-985d-78f126a340d2,5b0fa12a-3dd7-45bb-9766-cc326314d9f1,7.006440299970564,4.2900606007831975e-05,6.123024556137618e-06,12.872483360000002,36.139570174940005,20.0,2.325725561561587e-05,7.032838959597498e-05,3.613395277772927e-05,0.0001297195979893,0.0,Italy,ITA,lombardy,,,Windows-11-10.0.26200-SP0,3.13.13,3.2.6,32,13th Gen Intel(R) Core(TM) i9-13900HX,1,1 x NVIDIA GeForce RTX 4070 Laptop GPU,9.1922,45.4722,31.70067596435547,machine,0.0,26.0,31.78,10.075205993652345,N,1.0,0.0
2026-05-03T05:01:14,Q302_llama3.1_GSM8K,0203c5b5-e961-4658-b315-174a25d18595,5b0fa12a-3dd7-45bb-9766-cc326314d9f1,9.200933300016914,5.8715427989217664e-05,6.381464366132263e-06,12.8602759088,38.40354121508816,20.0,3.107353735354366e-05,9.814174517996932e-05,4.832397444438862e-05,0.0001775392569779,0.0,Italy,ITA,lombardy,,,Windows-11-10.0.26200-SP0,3.13.13,3.2.6,32,13th Gen Intel(R) Core(TM) i9-13900HX,1,1 x NVIDIA GeForce RTX 4070 Laptop GPU,9.1922,45.4722,31.70067596435547,machine,0.0,35.142857142857146,22.82857142857143,7.234246390206473,N,1.0,0.0
2026-05-03T05:02:18,Q302_gemma2:27b_GSM8K,e9734dcc-ccab-4eaa-8277-bae43335cf50,5b0fa12a-3dd7-45bb-9766-cc326314d9f1,38.85325780004496,0.0002064268350876,5.312986523550121e-06,13.568282946933335,25.26101149751862,20.0,0.0001403759576968,0.0002763291099519,0.0002074727366668,0.0006241778043156,0.0,Italy,ITA,lombardy,,,Windows-11-10.0.26200-SP0,3.13.13,3.2.6,32,13th Gen Intel(R) Core(TM) i9-13900HX,1,1 x NVIDIA GeForce RTX 4070 Laptop GPU,9.1922,45.4722,31.70067596435547,machine,0.0,20.10810810810811,51.07027027027027,16.19439542615736,N,1.0,0.0
2026-05-03T05:03:13,Q303_llama3.2_HellaSwag,025b50a8-e827-4d46-aec3-43e79a534fab,5b0fa12a-3dd7-45bb-9766-cc326314d9f1,8.89873150002677,6.230843247087763e-05,7.001945442526296e-06,12.86199704,45.245287352242,20.0,2.998817304553276e-05,0.0001117856449839,4.662969333326652e-05,0.0001884035113627,0.0,Italy,ITA,lombardy,,,Windows-11-10.0.26200-SP0,3.13.13,3.2.6,32,13th Gen Intel(R) Core(TM) i9-13900HX,1,1 x NVIDIA GeForce RTX 4070 Laptop GPU,9.1922,45.4722,31.70067596435547,machine,4.085714285714286,45.71428571428572,29.32857142857143,9.293687002999445,N,1.0,0.0
2026-05-03T05:03:46,Q303_llama3.1_HellaSwag,eee68331-c855-48df-8aa1-6c91aa3210b9,5b0fa12a-3dd7-45bb-9766-cc326314d9f1,7.5605150000192225,4.5117868286376096e-05,5.967565474873257e-06,12.869524253257143,34.27929718522124,20.0,2.523082598887388e-05,7.198394647600637e-05,3.920921499989668e-05,0.0001364239874647,0.0,Italy,ITA,lombardy,,,Windows-11-10.0.26200-SP0,3.13.13,3.2.6,32,13th Gen Intel(R) Core(TM) i9-13900HX,1,1 x NVIDIA GeForce RTX 4070 Laptop GPU,9.1922,45.4722,31.70067596435547,machine,0.0,24.166666666666668,22.883333333333336,7.255639394124349,N,1.0,0.0
2026-05-03T05:04:21,Q303_gemma2:27b_HellaSwag,47487fcd-1692-477e-8cf8-4def61bf50f4,5b0fa12a-3dd7-45bb-9766-cc326314d9f1,20.49306589999469,0.0001197897756297,5.845380882212877e-06,13.40918682752,28.72330437946445,20.0,7.09709554301278e-05,0.0001829682019299,0.0001082720788887,0.0003622112362488,0.0,Italy,ITA,lombardy,,,Windows-11-10.0.26200-SP0,3.13.13,3.2.6,32,13th Gen Intel(R) Core(TM) i9-13900HX,1,1 x NVIDIA GeForce RTX 4070 Laptop GPU,9.1922,45.4722,31.70067596435547,machine,0.0,11.22222222222222,48.577777777777776,15.400944391886393,N,1.0,0.0
2026-05-03T05:05:04,Q304_llama3.2_HellaSwag,4d974d89-8f29-466f-98e2-ae905bc684a3,5b0fa12a-3dd7-45bb-9766-cc326314d9f1,7.876851600012742,5.2581129486861e-05,6.675399278409147e-06,12.86414433097143,41.94671224151692,20.0,2.6336061592907305e-05,9.171062892399108e-05,4.0944139999919575e-05,0.0001589908305168,0.0,Italy,ITA,lombardy,,,Windows-11-10.0.26200-SP0,3.13.13,3.2.6,32,13th Gen Intel(R) Core(TM) i9-13900HX,1,1 x NVIDIA GeForce RTX 4070 Laptop GPU,9.1922,45.4722,31.70067596435547,machine,8.333333333333334,38.0,30.433333333333334,9.652910868326822,N,1.0,0.0
2026-05-03T05:05:28,Q304_llama3.1_HellaSwag,177e0ab3-c2b6-49a6-93dd-1341f0d347af,5b0fa12a-3dd7-45bb-9766-cc326314d9f1,8.607203699997626,5.7196390713709385e-05,6.64517684340678e-06,12.877016816,41.38120461962873,20.0,2.899103093428864e-05,9.892841247599592e-05,4.502666388871149e-05,0.0001729461072989,0.0,Italy,ITA,lombardy,,,Windows-11-10.0.26200-SP0,3.13.13,3.2.6,32,13th Gen Intel(R) Core(TM) i9-13900HX,1,1 x NVIDIA GeForce RTX 4070 Laptop GPU,9.1922,45.4722,31.70067596435547,machine,0.0,37.0,22.87142857142857,7.248607635498047,N,1.0,0.0
2026-05-03T05:06:02,Q304_gemma2:27b_HellaSwag,0d4a0a7e-4600-416f-9a80-0b33d121457d,5b0fa12a-3dd7-45bb-9766-cc326314d9f1,18.9552758000209,9.9358615632569e-05,5.241739380677302e-06,13.22135176448,27.78547995408291,20.0,6.478851248822566e-05,0.0001359298309659,9.971470111114387e-05,0.0003004330445653,0.0,Italy,ITA,lombardy,,,Windows-11-10.0.26200-SP0,3.13.13,3.2.6,32,13th Gen Intel(R) Core(TM) i9-13900HX,1,1 x NVIDIA GeForce RTX 4070 Laptop GPU,9.1922,45.4722,31.70067596435547,machine,4.705882352941177,16.705882352941178,48.25882352941176,15.293554193833296,N,1.0,0.0
2026-05-03T05:06:45,Q305_llama3.2_MMLU,ef38bd32-1c6c-4e38-b9bd-cb9dd8ea3ec5,5b0fa12a-3dd7-45bb-9766-cc326314d9f1,6.821656899992377,3.994551467555734e-05,5.855690964991508e-06,12.862782233600004,33.30160683345634,20.0,2.2580080405500004e-05,6.309588380998266e-05,3.510825277771801e-05,0.0001207842169932,0.0,Italy,ITA,lombardy,,,Windows-11-10.0.26200-SP0,3.13.13,3.2.6,32,13th Gen Intel(R) Core(TM) i9-13900HX,1,1 x NVIDIA GeForce RTX 4070 Laptop GPU,9.1922,45.4722,31.70067596435547,machine,0.0,23.4,32.739999999999995,10.380979919433594,N,1.0,0.0
2026-05-03T05:07:08,Q305_llama3.1_MMLU,d51fbf08-8dd4-411b-a89b-cbd191168f0b,5b0fa12a-3dd7-45bb-9766-cc326314d9f1,7.974665899993852,5.0010118890971873e-05,6.271124021761266e-06,12.90001461577143,37.5353010895074,20.0,2.6737602293805607e-05,8.302645530999797e-05,4.145274611105884e-05,0.0001512168037148,0.0,Italy,ITA,lombardy,,,Windows-11-10.0.26200-SP0,3.13.13,3.2.6,32,13th Gen Intel(R) Core(TM) i9-13900HX,1,1 x NVIDIA GeForce RTX 4070 Laptop GPU,9.1922,45.4722,31.70067596435547,machine,0.0,21.5,23.0,7.288066864013672,N,1.0,0.0
2026-05-03T05:08:03,Q305_gemma2:27b_MMLU,7b59c634-cf5f-4c65-8562-4065a52c2754,5b0fa12a-3dd7-45bb-9766-cc326314d9f1,30.219255900010467,0.0001626216012361,5.381389991012776e-06,13.26041686784,26.03684142034469,20.0,0.0001073640380676,0.0002220690665439,0.0001622897566664,0.000491722861278,0.0,Italy,ITA,lombardy,,,Windows-11-10.0.26200-SP0,3.13.13,3.2.6,32,13th Gen Intel(R) Core(TM) i9-13900HX,1,1 x NVIDIA GeForce RTX 4070 Laptop GPU,9.1922,45.4722,31.70067596435547,machine,0.7142857142857143,17.857142857142858,50.42142857142857,15.989486013139995,N,1.0,0.0
2026-05-03T05:08:55,Q306_llama3.2_SQuAD,f567a049-4828-443c-9f83-0fba3cf5c967,5b0fa12a-3dd7-45bb-9766-cc326314d9f1,6.9116198000265285,3.902608485800541e-05,5.646445549255417e-06,12.880979609600002,30.97493341529482,20.0,2.29340478451698e-05,5.946199201400937e-05,3.5608075000022335e-05,0.0001180041148592,0.0,Italy,ITA,lombardy,,,Windows-11-10.0.26200-SP0,3.13.13,3.2.6,32,13th Gen Intel(R) Core(TM) i9-13900HX,1,1 x NVIDIA GeForce RTX 4070 Laptop GPU,9.1922,45.4722,31.70067596435547,machine,0.0,22.4,32.22,10.219173431396484,N,1.0,0.0
2026-05-03T05:09:19,Q306_llama3.1_SQuAD,a7762b9b-1080-46f0-a6db-0e338629d4c4,5b0fa12a-3dd7-45bb-9766-cc326314d9f1,8.236132799996994,5.262078811604032e-05,6.389016470941255e-06,12.878699949714289,38.67501811757536,20.0,2.76688476025134e-05,8.847451522397964e-05,4.296738444471784e-05,0.0001591107472712,0.0,Italy,ITA,lombardy,,,Windows-11-10.0.26200-SP0,3.13.13,3.2.6,32,13th Gen Intel(R) Core(TM) i9-13900HX,1,1 x NVIDIA GeForce RTX 4070 Laptop GPU,9.1922,45.4722,31.70067596435547,machine,0.0,38.16666666666666,23.1,7.320437749226888,N,1.0,0.0
2026-05-03T05:09:54,Q306_gemma2:27b_SQuAD,33cf8066-4462-4ba9-9d17-806d6cb30129,5b0fa12a-3dd7-45bb-9766-cc326314d9f1,19.903102899959777,0.0001167985583819,5.868359268852776e-06,13.388053671680002,35.32224947591634,20.0,6.867937240619567e-05,0.000179499310266,0.0001049879377775,0.0003531666204497,0.0,Italy,ITA,lombardy,,,Windows-11-10.0.26200-SP0,3.13.13,3.2.6,32,13th Gen Intel(R) Core(TM) i9-13900HX,1,1 x NVIDIA GeForce RTX 4070 Laptop GPU,9.1922,45.4722,31.70067596435547,machine,0.0,16.0,48.81111111111111,15.47518433464898,N,1.0,0.0
2026-05-03T05:10:36,Q307_llama3.2_GSM8K,3b865f8b-4cd4-4647-bea6-9ab6a67bb3f3,5b0fa12a-3dd7-45bb-9766-cc326314d9f1,6.991842900053598,4.304567384755548e-05,6.156556213130232e-06,12.8609312,36.52319074325978,20.0,2.318274804472554e-05,7.092505674000105e-05,3.605043833344502e-05,0.0001301582431181,0.0,Italy,ITA,lombardy,,,Windows-11-10.0.26200-SP0,3.13.13,3.2.6,32,13th Gen Intel(R) Core(TM) i9-13900HX,1,1 x NVIDIA GeForce RTX 4070 Laptop GPU,9.1922,45.4722,31.70067596435547,machine,0.0,25.4,31.92,10.116455078125,N,1.0,0.0
2026-05-03T05:11:00,Q307_llama3.1_GSM8K,25b9005c-f1b1-4970-ab1e-84c3546649ed,5b0fa12a-3dd7-45bb-9766-cc326314d9f1,8.491205200029071,5.587157022461347e-05,6.5799340504010175e-06,12.85530411337143,40.75656779813264,20.0,2.8513194862035104e-05,9.606813240997658e-05,4.435888833346932e-05,0.0001689402156054,0.0,Italy,ITA,lombardy,,,Windows-11-10.0.26200-SP0,3.13.13,3.2.6,32,13th Gen Intel(R) Core(TM) i9-13900HX,1,1 x NVIDIA GeForce RTX 4070 Laptop GPU,9.1922,45.4722,31.70067596435547,machine,0.0,41.5,23.1,7.323533376057942,N,1.0,0.0
2026-05-03T05:11:59,Q307_gemma2:27b_GSM8K,5d66c530-c726-49f2-b645-84908b1c8000,5b0fa12a-3dd7-45bb-9766-cc326314d9f1,33.91910890000872,0.0001769063063307,5.215535197350393e-06,13.346406233440002,24.443114912184388,20.0,0.0001207328104807,0.000234134631752,0.0001800484266668,0.0005349158688996,0.0,Italy,ITA,lombardy,,,Windows-11-10.0.26200-SP0,3.13.13,3.2.6,32,13th Gen Intel(R) Core(TM) i9-13900HX,1,1 x NVIDIA GeForce RTX 4070 Laptop GPU,9.1922,45.4722,31.70067596435547,machine,2.1625,12.65625,50.85625,16.126502633094788,N,1.0,0.0
2026-05-03T05:12:52,Q308_llama3.2_HellaSwag,1622df4c-e21a-43c0-9538-e8c9b6561e2e,5b0fa12a-3dd7-45bb-9766-cc326314d9f1,6.858699999982491,4.139027449330844e-05,6.034711314595201e-06,12.879415865600002,35.24940347114118,20.0,2.2731586209123225e-05,6.71236648099871e-05,3.5297521110947455e-05,0.00012515277213,0.0,Italy,ITA,lombardy,,,Windows-11-10.0.26200-SP0,3.13.13,3.2.6,32,13th Gen Intel(R) Core(TM) i9-13900HX,1,1 x NVIDIA GeForce RTX 4070 Laptop GPU,9.1922,45.4722,31.70067596435547,machine,0.0,23.8,32.7,10.36860122680664,N,1.0,0.0
2026-05-03T05:13:17,Q308_llama3.1_HellaSwag,d026cdd8-9a38-496c-ace4-14e01e9c2053,5b0fa12a-3dd7-45bb-9766-cc326314d9f1,9.578854499966836,6.50609008899482e-05,6.7921379211025126e-06,12.900561779200002,42.76430851659961,20.0,3.2526399989815704e-05,0.000113774535464,5.042528111112511e-05,0.000196726216565,0.0,Italy,ITA,lombardy,,,Windows-11-10.0.26200-SP0,3.13.13,3.2.6,32,13th Gen Intel(R) Core(TM) i9-13900HX,1,1 x NVIDIA GeForce RTX 4070 Laptop GPU,9.1922,45.4722,31.70067596435547,machine,5.0,42.0,22.9375,7.268435001373291,N,1.0,0.0
2026-05-03T05:14:03,Q308_gemma2:27b_HellaSwag,eae08a65-8cb8-46bb-bd41-dbe2c7e06354,5b0fa12a-3dd7-45bb-9766-cc326314d9f1,21.19040900003165,0.0001221318338316,5.763543017575165e-06,13.51494611264,32.72995999693983,20.0,7.398091596520759e-05,0.000183173202094,0.0001121388561111,0.0003692929741704,0.0,Italy,ITA,lombardy,,,Windows-11-10.0.26200-SP0,3.13.13,3.2.6,32,13th Gen Intel(R) Core(TM) i9-13900HX,1,1 x NVIDIA GeForce RTX 4070 Laptop GPU,9.1922,45.4722,31.70067596435547,machine,0.0,15.052631578947368,48.82105263157895,15.480181844610916,N,1.0,0.0
2026-05-03T05:14:49,Q309_llama3.2_MMLU,bbe37e2d-1dff-462a-a778-4b35cf6e1634,5b0fa12a-3dd7-45bb-9766-cc326314d9f1,11.054739200044423,8.732629327660017e-05,7.89944400282634e-06,12.85476436352,54.63026972673316,20.0,3.768140680655e-05,0.0001677445786399,5.8624635555639136e-05,0.0002640506210021,0.0,Italy,ITA,lombardy,,,Windows-11-10.0.26200-SP0,3.13.13,3.2.6,32,13th Gen Intel(R) Core(TM) i9-13900HX,1,1 x NVIDIA GeForce RTX 4070 Laptop GPU,9.1922,45.4722,31.70067596435547,machine,5.555555555555555,59.55555555555556,28.044444444444444,8.885510762532553,N,1.0,0.0
2026-05-03T05:15:21,Q309_llama3.1_MMLU,099c566a-8010-4d68-ad73-4acd4c7aeb1d,5b0fa12a-3dd7-45bb-9766-cc326314d9f1,6.752211200015154,3.5959099059131936e-05,5.325529370149327e-06,12.848772838400002,27.56478469172584,20.0,2.2309401728818427e-05,5.169587469000536e-05,3.4725119444515765e-05,0.0001087303958633,0.0,Italy,ITA,lombardy,,,Windows-11-10.0.26200-SP0,3.13.13,3.2.6,32,13th Gen Intel(R) Core(TM) i9-13900HX,1,1 x NVIDIA GeForce RTX 4070 Laptop GPU,9.1922,45.4722,31.70067596435547,machine,0.0,26.0,23.1,7.326361846923828,N,1.0,0.0
2026-05-03T05:15:55,Q309_gemma2:27b_MMLU,a996dc9d-9b09-4c49-a480-59ec2f1e9af6,5b0fa12a-3dd7-45bb-9766-cc326314d9f1,18.42979839997133,0.0001031107656398,5.594785325486645e-06,13.211459302400002,30.400246039625145,20.0,6.292831114278376e-05,0.000152052343864,9.679785611095012e-05,0.0003117785111177,0.0,Italy,ITA,lombardy,,,Windows-11-10.0.26200-SP0,3.13.13,3.2.6,32,13th Gen Intel(R) Core(TM) i9-13900HX,1,1 x NVIDIA GeForce RTX 4070 Laptop GPU,9.1922,45.4722,31.70067596435547,machine,0.89375,9.375,48.11875,15.253973245620728,N,1.0,0.0
2026-05-03T05:16:27,Q310_llama3.2_SQuAD,c8f37abb-1027-4878-b2ca-1dbb090ff598,5b0fa12a-3dd7-45bb-9766-cc326314d9f1,6.546588500030339,3.865860481019643e-05,5.905152708165065e-06,12.8667216128,33.939927508540976,20.0,2.160256330913504e-05,6.17122715920182e-05,3.3578121666667155e-05,0.0001168929565678,0.0,Italy,ITA,lombardy,,,Windows-11-10.0.26200-SP0,3.13.13,3.2.6,32,13th Gen Intel(R) Core(TM) i9-13900HX,1,1 x NVIDIA GeForce RTX 4070 Laptop GPU,9.1922,45.4722,31.70067596435547,machine,0.0,7.5,32.760000000000005,10.386566162109377,N,1.0,0.0
2026-05-03T05:17:00,Q310_llama3.1_SQuAD,0b967c63-4709-4731-ab26-67cf3f98b9ff,5b0fa12a-3dd7-45bb-9766-cc326314d9f1,8.150301000045147,4.971710138177847e-05,6.100032548675574e-06,12.875296826514289,35.55519875342553,20.0,2.7353566319665995e-05,8.048784216801996e-05,4.248939111130312e-05,0.0001503307995989,0.0,Italy,ITA,lombardy,,,Windows-11-10.0.26200-SP0,3.13.13,3.2.6,32,13th Gen Intel(R) Core(TM) i9-13900HX,1,1 x NVIDIA GeForce RTX 4070 Laptop GPU,9.1922,45.4722,31.70067596435547,machine,0.0,27.0,23.03333333333333,7.300041834513347,N,1.0,0.0
2026-05-03T05:17:36,Q310_gemma2:27b_SQuAD,b9009265-44ab-46d7-89d8-7de2f8f9bfab,5b0fa12a-3dd7-45bb-9766-cc326314d9f1,21.17787340003997,0.0001260882701816,5.953773912982806e-06,13.516053505280002,31.00889345965976,20.0,7.383650276508394e-05,0.000195351267392,0.0001120683761113,0.0003812561462684,0.0,Italy,ITA,lombardy,,,Windows-11-10.0.26200-SP0,3.13.13,3.2.6,32,13th Gen Intel(R) Core(TM) i9-13900HX,1,1 x NVIDIA GeForce RTX 4070 Laptop GPU,9.1922,45.4722,31.70067596435547,machine,0.0,17.31578947368421,49.310526315789474,15.627548619320518,N,1.0,0.0
2026-05-03T05:18:21,Q311_llama3.2_SQuAD,691ca616-85cd-417d-8cfd-0fe43b472bc8,5b0fa12a-3dd7-45bb-9766-cc326314d9f1,9.58593210001709,6.848816907102607e-05,7.144654098989912e-06,12.8610979328,46.63945398811942,20.0,3.245216298118604e-05,0.0001241728771159,5.0464289999864485e-05,0.000207089330097,0.0,Italy,ITA,lombardy,,,Windows-11-10.0.26200-SP0,3.13.13,3.2.6,32,13th Gen Intel(R) Core(TM) i9-13900HX,1,1 x NVIDIA GeForce RTX 4070 Laptop GPU,9.1922,45.4722,31.70067596435547,machine,0.0,40.125,28.9,9.162245750427246,N,1.0,0.0
2026-05-03T05:18:46,Q311_llama3.1_SQuAD,f3795278-8326-42ff-9e61-6ff6b9c3aa84,5b0fa12a-3dd7-45bb-9766-cc326314d9f1,9.368175600015093,6.492031553459405e-05,6.9298781648039845e-06,12.913697676800002,44.340088213113816,20.0,3.1781759660487055e-05,0.000115298425572,4.922093999986019e-05,0.0001963011252323,0.0,Italy,ITA,lombardy,,,Windows-11-10.0.26200-SP0,3.13.13,3.2.6,32,13th Gen Intel(R) Core(TM) i9-13900HX,1,1 x NVIDIA GeForce RTX 4070 Laptop GPU,9.1922,45.4722,31.70067596435547,machine,0.1285714285714286,50.0,23.142857142857142,7.338693346296038,N,1.0,0.0
2026-05-03T05:19:33,Q311_gemma2:27b_SQuAD,c7e4cfc0-f955-48ef-a19f-ae34f3c249d9,5b0fa12a-3dd7-45bb-9766-cc326314d9f1,21.503419499960728,0.0001239513254963,5.764261144447984e-06,13.27906579136,29.42778295280042,20.0,7.438852690243941e-05,0.0001865595936919,0.0001138464944443,0.0003747946150387,0.0,Italy,ITA,lombardy,,,Windows-11-10.0.26200-SP0,3.13.13,3.2.6,32,13th Gen Intel(R) Core(TM) i9-13900HX,1,1 x NVIDIA GeForce RTX 4070 Laptop GPU,9.1922,45.4722,31.70067596435547,machine,5.2631578947368425,15.263157894736842,49.1,15.564314390483656,N,1.0,0.0
2026-05-03T05:20:14,Q312_llama3.2_MMLU,b7309334-12ca-4c17-8978-b8a9f1b8af35,5b0fa12a-3dd7-45bb-9766-cc326314d9f1,6.642195000022184,3.635808613815119e-05,5.473805893688722e-06,12.878773452800004,29.19904252947488,20.0,2.1964679079329907e-05,5.386337642399042e-05,3.410876722223798e-05,0.0001099368227255,0.0,Italy,ITA,lombardy,,,Windows-11-10.0.26200-SP0,3.13.13,3.2.6,32,13th Gen Intel(R) Core(TM) i9-13900HX,1,1 x NVIDIA GeForce RTX 4070 Laptop GPU,9.1922,45.4722,31.70067596435547,machine,0.0,12.2,32.06,10.167284393310547,N,1.0,0.0
2026-05-03T05:20:37,Q312_llama3.1_MMLU,a92aae39-f1f3-4f91-8219-ff83bd78a240,5b0fa12a-3dd7-45bb-9766-cc326314d9f1,7.407109099964146,4.268059125333017e-05,5.76211186811556e-06,12.870461177600005,32.083428715742244,20.0,2.4687247372075016e-05,6.600533058198632e-05,3.836175611100367e-05,0.000129054334065,0.0,Italy,ITA,lombardy,,,Windows-11-10.0.26200-SP0,3.13.13,3.2.6,32,13th Gen Intel(R) Core(TM) i9-13900HX,1,1 x NVIDIA GeForce RTX 4070 Laptop GPU,9.1922,45.4722,31.70067596435547,machine,0.0,28.8,23.18,7.359138488769531,N,1.0,0.0
2026-05-03T05:21:09,Q312_gemma2:27b_MMLU,66eaf9ad-939b-466d-918b-29d606ab2133,5b0fa12a-3dd7-45bb-9766-cc326314d9f1,16.66960880003171,0.0001428368777192,8.568700047657843e-06,12.86091861632,50.62425427272095,20.0,0.0001149555557539,0.000138177054986,0.0001787667044448,0.0004318993151847,0.0,Italy,ITA,lombardy,,,Windows-11-10.0.26200-SP0,3.13.13,3.2.6,32,13th Gen Intel(R) Core(TM) i9-13900HX,1,1 x NVIDIA GeForce RTX 4070 Laptop GPU,9.1922,45.4722,31.70067596435547,machine,0.0,13.8,47.92,15.190250905354818,N,1.0,0.0
2026-05-03T05:21:42,Q313_llama3.2_GSM8K,ae0c4f1e-d237-4ea2-9fbf-40b94fb802dd,5b0fa12a-3dd7-45bb-9766-cc326314d9f1,8.055675800016616,5.435589572661225e-05,6.747527715365623e-06,12.864519241142858,42.63997687581029,20.0,2.699127938132451e-05,9.540424298998262e-05,4.196171166679253e-05,0.000164357234038,0.0,Italy,ITA,lombardy,,,Windows-11-10.0.26200-SP0,3.13.13,3.2.6,32,13th Gen Intel(R) Core(TM) i9-13900HX,1,1 x NVIDIA GeForce RTX 4070 Laptop GPU,9.1922,45.4722,31.70067596435547,machine,0.0,35.166666666666664,30.7,9.728806177775065,N,1.0,0.0
2026-05-03T05:22:07,Q313_llama3.1_GSM8K,1331987f-3bf7-4314-8a0d-9f0ca34418db,5b0fa12a-3dd7-45bb-9766-cc326314d9f1,10.109603799995966,7.238883476298906e-05,7.160402741304061e-06,12.869400486400002,46.71302479085172,20.0,3.4343070507935434e-05,0.0001311698271579,5.337096944438397e-05,0.0002188838671103,0.0,Italy,ITA,lombardy,,,Windows-11-10.0.26200-SP0,3.13.13,3.2.6,32,13th Gen Intel(R) Core(TM) i9-13900HX,1,1 x NVIDIA GeForce RTX 4070 Laptop GPU,9.1922,45.4722,31.70067596435547,machine,0.0,45.25,23.3125,7.381674289703369,N,1.0,0.0
2026-05-03T05:23:16,Q313_gemma2:27b_GSM8K,5aa12d7e-c976-46b0-9fe0-2699158ebb75,5b0fa12a-3dd7-45bb-9766-cc326314d9f1,43.17293089994928,0.0002227919077164,5.160453623886803e-06,13.616198807384617,23.4864039549628,20.0,0.0001572462442697,0.0002849724502,0.0002314425749998,0.0006736612694696,0.0,Italy,ITA,lombardy,,,Windows-11-10.0.26200-SP0,3.13.13,3.2.6,32,13th Gen Intel(R) Core(TM) i9-13900HX,1,1 x NVIDIA GeForce RTX 4070 Laptop GPU,9.1922,45.4722,31.70067596435547,machine,0.0,23.02439024390244,51.760975609756095,16.40015532330769,N,1.0,0.0
2026-05-03T05:24:10,Q314_llama3.2_HellaSwag,6fb8c9c9-599a-495d-bb6e-52117330f17e,5b0fa12a-3dd7-45bb-9766-cc326314d9f1,8.535650999983773,5.549791794979418e-05,6.501896334550193e-06,12.8622289808,39.8886438524878,20.0,2.8686643587379485e-05,9.451868672599728e-05,4.460506388891696e-05,0.0001678103942022,0.0,Italy,ITA,lombardy,,,Windows-11-10.0.26200-SP0,3.13.13,3.2.6,32,13th Gen Intel(R) Core(TM) i9-13900HX,1,1 x NVIDIA GeForce RTX 4070 Laptop GPU,9.1922,45.4722,31.70067596435547,machine,0.0,39.333333333333336,29.928571428571427,9.4976806640625,N,1.0,0.0
2026-05-03T05:24:57,Q314_llama3.1_HellaSwag,c0d31034-4e77-4d27-98ce-f9bef07f1ee2,5b0fa12a-3dd7-45bb-9766-cc326314d9f1,11.642472000035925,8.975017036541504e-05,7.708858596794402e-06,12.867396702254547,52.467031378388896,20.0,3.981921815339495e-05,0.0001696698579579,6.189068055569401e-05,0.000271379756667,0.0,Italy,ITA,lombardy,,,Windows-11-10.0.26200-SP0,3.13.13,3.2.6,32,13th Gen Intel(R) Core(TM) i9-13900HX,1,1 x NVIDIA GeForce RTX 4070 Laptop GPU,9.1922,45.4722,31.70067596435547,machine,0.0,57.6,23.25,7.37384147644043,N,1.0,0.0
2026-05-03T05:25:41,Q314_gemma2:27b_HellaSwag,6f6ea0b3-2ae7-4394-9ee2-18753cb310cd,5b0fa12a-3dd7-45bb-9766-cc326314d9f1,18.785807900014333,0.0001087221125808,5.787460042150944e-06,13.348035026240002,32.24280235765873,20.0,6.46194745931882e-05,0.0001653517989479,9.87744027777808e-05,0.0003287456763189,0.0,Italy,ITA,lombardy,,,Windows-11-10.0.26200-SP0,3.13.13,3.2.6,32,13th Gen Intel(R) Core(TM) i9-13900HX,1,1 x NVIDIA GeForce RTX 4070 Laptop GPU,9.1922,45.4722,31.70067596435547,machine,1.0588235294117647,18.705882352941178,48.59411764705882,15.40658187866211,N,1.0,0.0
2026-05-03T05:26:16,Q315_llama3.2_HumanEval,4a953d56-9feb-46eb-84b4-61ecaa7172d9,5b0fa12a-3dd7-45bb-9766-cc326314d9f1,9.774182499968449,6.949719983410998e-05,7.110282607710091e-06,12.8597685376,46.24671743286771,20.0,3.311497313107806e-05,0.0001255248226419,5.15005649998784e-05,0.0002101403607729,0.0,Italy,ITA,lombardy,,,Windows-11-10.0.26200-SP0,3.13.13,3.2.6,32,13th Gen Intel(R) Core(TM) i9-13900HX,1,1 x NVIDIA GeForce RTX 4070 Laptop GPU,9.1922,45.4722,31.70067596435547,machine,0.0,49.625,29.6125,9.387901782989502,N,1.0,0.0
2026-05-03T05:27:05,Q315_llama3.1_HumanEval,02f9b1db-08f3-4c96-8240-e7878944f3ba,5b0fa12a-3dd7-45bb-9766-cc326314d9f1,13.994796700018924,0.0001151841971106,8.230501634262772e-06,13.017598098707692,57.763388772166586,20.0,4.8788743782977904e-05,0.000224539901854,7.495659166694774e-05,0.0003482852373039,0.0,Italy,ITA,lombardy,,,Windows-11-10.0.26200-SP0,3.13.13,3.2.6,32,13th Gen Intel(R) Core(TM) i9-13900HX,1,1 x NVIDIA GeForce RTX 4070 Laptop GPU,9.1922,45.4722,31.70067596435547,machine,0.0,60.083333333333336,23.48333333333333,7.440686543782552,N,1.0,0.0
2026-05-03T05:28:25,Q315_gemma2:27b_HumanEval,919b3ddf-3faf-4dc8-9c66-e954fa644f8c,5b0fa12a-3dd7-45bb-9766-cc326314d9f1,44.17992439999944,0.0002367850890058,5.359563019212192e-06,13.401364507794286,25.63630221842104,20.0,0.0001585331715314,0.000320407756326,0.0002370318616666,0.000715972789524,0.0,Italy,ITA,lombardy,,,Windows-11-10.0.26200-SP0,3.13.13,3.2.6,32,13th Gen Intel(R) Core(TM) i9-13900HX,1,1 x NVIDIA GeForce RTX 4070 Laptop GPU,9.1922,45.4722,31.70067596435547,machine,0.7928571428571428,19.73809523809524,51.86666666666667,16.447477704002743,N,1.0,0.0
2026-05-03T05:29:17,Q316_llama3.2_HellaSwag,c3484582-ec15-45cd-9aa3-1e3ed25929c5,5b0fa12a-3dd7-45bb-9766-cc326314d9f1,6.7867977999849245,4.128126594719892e-05,6.082583740345207e-06,12.951991059200004,35.69931711112145,20.0,2.2612731522912665e-05,6.729366494601097e-05,3.491676388884015e-05,0.0001248231603577,0.0,Italy,ITA,lombardy,,,Windows-11-10.0.26200-SP0,3.13.13,3.2.6,32,13th Gen Intel(R) Core(TM) i9-13900HX,1,1 x NVIDIA GeForce RTX 4070 Laptop GPU,9.1922,45.4722,31.70067596435547,machine,0.0,25.2,32.1,10.175257110595703,N,1.0,0.0
2026-05-03T05:29:40,Q316_llama3.1_HellaSwag,7fb569b1-9990-4c2f-9172-f8ed73e47837,5b0fa12a-3dd7-45bb-9766-cc326314d9f1,7.34031880000839,4.037452815723727e-05,5.50037801589641e-06,12.857007392,29.267509370529783,20.0,2.442239767871692e-05,5.9669214401980586e-05,3.79898233332723e-05,0.0001220814354139,0.0,Italy,ITA,lombardy,,,Windows-11-10.0.26200-SP0,3.13.13,3.2.6,32,13th Gen Intel(R) Core(TM) i9-13900HX,1,1 x NVIDIA GeForce RTX 4070 Laptop GPU,9.1922,45.4722,31.70067596435547,machine,0.0,23.2,22.98,7.284072875976562,N,1.0,0.0
2026-05-03T05:30:11,Q316_gemma2:27b_HellaSwag,c9b0cd7c-b1d4-4b98-b661-ef91648793e6,5b0fa12a-3dd7-45bb-9766-cc326314d9f1,16.78409480000846,0.0001419947314148,8.460076823135864e-06,12.947560179200002,56.078107141947406,20.0,0.0001161165166403,0.000133876218212,0.0001793601622226,0.000429352897075,0.0,Italy,ITA,lombardy,,,Windows-11-10.0.26200-SP0,3.13.13,3.2.6,32,13th Gen Intel(R) Core(TM) i9-13900HX,1,1 x NVIDIA GeForce RTX 4070 Laptop GPU,9.1922,45.4722,31.70067596435547,machine,4.446666666666667,18.4,47.68666666666666,15.11569849650065,N,1.0,0.0
2026-05-03T05:30:43,Q317_llama3.2_HellaSwag,cbda338b-7fb0-499a-8984-9956ccc50a55,5b0fa12a-3dd7-45bb-9766-cc326314d9f1,6.591176800022367,3.665812544954965e-05,5.5616965773737484e-06,12.8502818816,30.201556826997912,20.0,2.173241849234772e-05,5.528865534198957e-05,3.382298499992531e-05,0.0001108440588342,0.0,Italy,ITA,lombardy,,,Windows-11-10.0.26200-SP0,3.13.13,3.2.6,32,13th Gen Intel(R) Core(TM) i9-13900HX,1,1 x NVIDIA GeForce RTX 4070 Laptop GPU,9.1922,45.4722,31.70067596435547,machine,0.0,23.8,31.940000000000005,10.12018585205078,N,1.0,0.0
2026-05-03T05:31:09,Q317_llama3.1_HellaSwag,ec86ab8c-a11c-4390-b1ca-ee7c9bd4d1fb,5b0fa12a-3dd7-45bb-9766-cc326314d9f1,10.740297500044107,7.606863915539975e-05,7.082544888080369e-06,12.87770797568,45.76003184941598,20.0,3.662295127218748e-05,0.000136510664764,5.687696444446273e-05,0.0002300105804806,0.0,Italy,ITA,lombardy,,,Windows-11-10.0.26200-SP0,3.13.13,3.2.6,32,13th Gen Intel(R) Core(TM) i9-13900HX,1,1 x NVIDIA GeForce RTX 4070 Laptop GPU,9.1922,45.4722,31.70067596435547,machine,0.0,49.333333333333336,22.92222222222222,7.2641724480523004,N,1.0,0.0
2026-05-03T05:31:52,Q317_gemma2:27b_HellaSwag,107d87be-6323-4899-8058-300cacd621d0,5b0fa12a-3dd7-45bb-9766-cc326314d9f1,17.511161500005983,9.55462540533892e-05,5.456305913994144e-06,13.24537944128,30.32261373980616,20.0,5.954822247702315e-05,0.000137662887908,9.169440444448912e-05,0.0002889055148295,0.0,Italy,ITA,lombardy,,,Windows-11-10.0.26200-SP0,3.13.13,3.2.6,32,13th Gen Intel(R) Core(TM) i9-13900HX,1,1 x NVIDIA GeForce RTX 4070 Laptop GPU,9.1922,45.4722,31.70067596435547,machine,0.0,12.666666666666666,47.586666666666666,15.08417994181315,N,1.0,0.0
2026-05-03T05:32:25,Q318_llama3.2_GSM8K,484b30fe-e850-4d92-be72-923d2f751829,5b0fa12a-3dd7-45bb-9766-cc326314d9f1,7.5877329999930225,4.7977658248899234e-05,6.3230556806549935e-06,12.859867777828573,38.192947331706,20.0,2.529410072342477e-05,8.044006435203865e-05,3.9337038333178496e-05,0.0001450712034086,0.0,Italy,ITA,lombardy,,,Windows-11-10.0.26200-SP0,3.13.13,3.2.6,32,13th Gen Intel(R) Core(TM) i9-13900HX,1,1 x NVIDIA GeForce RTX 4070 Laptop GPU,9.1922,45.4722,31.70067596435547,machine,0.0,18.666666666666668,30.36666666666667,9.624469757080078,N,1.0,0.0
2026-05-03T05:32:49,Q318_llama3.1_GSM8K,53b114bd-61df-4561-83f0-2e13e798cf1d,5b0fa12a-3dd7-45bb-9766-cc326314d9f1,9.168313300004227,6.342297525444245e-05,6.91762739547886e-06,12.8837627552,44.222905633110045,20.0,3.101465119037489e-05,0.000112614534536,4.814439555565413e-05,0.000191773581282,0.0,Italy,ITA,lombardy,,,Windows-11-10.0.26200-SP0,3.13.13,3.2.6,32,13th Gen Intel(R) Core(TM) i9-13900HX,1,1 x NVIDIA GeForce RTX 4070 Laptop GPU,9.1922,45.4722,31.70067596435547,machine,0.0,40.142857142857146,22.842857142857145,7.244403839111328,N,1.0,0.0
2026-05-03T05:33:55,Q318_gemma2:27b_GSM8K,75e230e2-17e2-4412-80a0-e9273deb54f5,5b0fa12a-3dd7-45bb-9766-cc326314d9f1,40.63370669999858,0.0002173485000813,5.348970540295572e-06,13.4306343768,25.2562311193798,20.0,0.0001458308528506,0.000294022179662,0.0002173488738888,0.0006572019064015,0.0,Italy,ITA,lombardy,,,Windows-11-10.0.26200-SP0,3.13.13,3.2.6,32,13th Gen Intel(R) Core(TM) i9-13900HX,1,1 x NVIDIA GeForce RTX 4070 Laptop GPU,9.1922,45.4722,31.70067596435547,machine,2.894736842105264,24.473684210526315,51.20263157894737,16.23274722852205,N,1.0,0.0
2026-05-03T05:34:49,Q319_llama3.2_MMLU,450d04e1-795d-4dbd-8f04-8ed56daa6a2e,5b0fa12a-3dd7-45bb-9766-cc326314d9f1,7.638122299977113,4.755821885980523e-05,6.226428039774611e-06,12.857043254857144,37.08834765175496,20.0,2.548466757268771e-05,7.867672960798489e-05,3.9641537222067e-05,0.0001438029344027,0.0,Italy,ITA,lombardy,,,Windows-11-10.0.26200-SP0,3.13.13,3.2.6,32,13th Gen Intel(R) Core(TM) i9-13900HX,1,1 x NVIDIA GeForce RTX 4070 Laptop GPU,9.1922,45.4722,31.70067596435547,machine,0.0,19.666666666666668,30.866666666666664,9.785144170125326,N,1.0,0.0
2026-05-03T05:35:33,Q319_llama3.1_MMLU,a7426755-968c-4188-a4be-2bcbf08ed7f0,5b0fa12a-3dd7-45bb-9766-cc326314d9f1,9.041841600032058,5.739768448552517e-05,6.348008185115924e-06,12.883150956800002,38.10066976822595,20.0,3.053589597721962e-05,9.561507649197276e-05,4.740379166679405e-05,0.0001735547641359,0.0,Italy,ITA,lombardy,,,Windows-11-10.0.26200-SP0,3.13.13,3.2.6,32,13th Gen Intel(R) Core(TM) i9-13900HX,1,1 x NVIDIA GeForce RTX 4070 Laptop GPU,9.1922,45.4722,31.70067596435547,machine,0.0,34.57142857142857,22.957142857142856,7.278410230364118,N,1.0,0.0
2026-05-03T05:36:15,Q319_gemma2:27b_MMLU,84a9f09d-2613-4660-bb6a-9ff3f8d86e24,5b0fa12a-3dd7-45bb-9766-cc326314d9f1,16.636058400035836,0.0001383728041671,8.31764356915392e-06,12.85040039552,53.42911329309781,20.0,0.000114739917046,0.000125083711178,0.0001785775600001,0.0004184011882241,0.0,Italy,ITA,lombardy,,,Windows-11-10.0.26200-SP0,3.13.13,3.2.6,32,13th Gen Intel(R) Core(TM) i9-13900HX,1,1 x NVIDIA GeForce RTX 4070 Laptop GPU,9.1922,45.4722,31.70067596435547,machine,0.0,11.533333333333331,47.77333333333333,15.147706349690756,N,1.0,0.0
2026-05-03T05:36:47,Q320_llama3.2_SQuAD,f815fef5-39a3-4fa6-a937-420899869dcc,5b0fa12a-3dd7-45bb-9766-cc326314d9f1,6.612290199962445,3.9474827870625645e-05,5.969917634717521e-06,12.8370842624,34.64242313656562,20.0,2.178939403884817e-05,6.362505090001802e-05,3.394654500007164e-05,0.0001193609899389,0.0,Italy,ITA,lombardy,,,Windows-11-10.0.26200-SP0,3.13.13,3.2.6,32,13th Gen Intel(R) Core(TM) i9-13900HX,1,1 x NVIDIA GeForce RTX 4070 Laptop GPU,9.1922,45.4722,31.70067596435547,machine,0.0,3.4,33.64,10.662281799316409,N,1.0,0.0
2026-05-03T05:37:09,Q320_llama3.1_SQuAD,91accae6-d7b6-42e3-9e3c-5885611df4e1,5b0fa12a-3dd7-45bb-9766-cc326314d9f1,7.634011499991175,4.683509453163815e-05,6.13505684811875e-06,12.896019413942858,36.09607073209387,20.0,2.553047638867548e-05,7.649228341599645e-05,3.959364611105735e-05,0.0001416164059157,0.0,Italy,ITA,lombardy,,,Windows-11-10.0.26200-SP0,3.13.13,3.2.6,32,13th Gen Intel(R) Core(TM) i9-13900HX,1,1 x NVIDIA GeForce RTX 4070 Laptop GPU,9.1922,45.4722,31.70067596435547,machine,6.666666666666667,24.0,23.05,7.302740732828776,N,1.0,0.0
2026-05-03T05:37:44,Q320_gemma2:27b_SQuAD,6cd0c7cd-fe7b-49c5-807b-20f92b2e38fc,5b0fa12a-3dd7-45bb-9766-cc326314d9f1,18.895868699997663,0.0001093767651496,5.788395700994244e-06,13.30045604768,33.109039484845326,20.0,6.500249366880066e-05,0.000166365133092,9.935753833334375e-05,0.0003307251650941,0.0,Italy,ITA,lombardy,,,Windows-11-10.0.26200-SP0,3.13.13,3.2.6,32,13th Gen Intel(R) Core(TM) i9-13900HX,1,1 x NVIDIA GeForce RTX 4070 Laptop GPU,9.1922,45.4722,31.70067596435547,machine,0.0,11.764705882352942,48.48235294117647,15.367978264303767,N,1.0,0.0
2026-05-03T05:38:17,Q321_llama3.2_MMLU,9ba1c454-fdbb-4bfb-b417-1470b37ece1f,5b0fa12a-3dd7-45bb-9766-cc326314d9f1,7.952066400030162,5.178325986707383e-05,6.511924984288036e-06,12.876693906285714,40.0910415318166,20.0,2.6646935940540685e-05,8.854451528000906e-05,4.138684166666483e-05,0.0001565782928872,0.0,Italy,ITA,lombardy,,,Windows-11-10.0.26200-SP0,3.13.13,3.2.6,32,13th Gen Intel(R) Core(TM) i9-13900HX,1,1 x NVIDIA GeForce RTX 4070 Laptop GPU,9.1922,45.4722,31.70067596435547,machine,13.883333333333333,34.666666666666664,30.73333333333333,9.745149612426758,N,1.0,0.0
2026-05-03T05:39:04,Q321_llama3.1_MMLU,08027edf-325e-4cc5-8af4-98e783840226,5b0fa12a-3dd7-45bb-9766-cc326314d9f1,12.351074699952733,9.738411650427854e-05,7.884667437453942e-06,12.860956404363636,54.32128777728302,20.0,4.232232482691055e-05,0.000186326260172,6.581411888861719e-05,0.0002944627038875,0.0,Italy,ITA,lombardy,,,Windows-11-10.0.26200-SP0,3.13.13,3.2.6,32,13th Gen Intel(R) Core(TM) i9-13900HX,1,1 x NVIDIA GeForce RTX 4070 Laptop GPU,9.1922,45.4722,31.70067596435547,machine,0.0,55.7,23.14,7.337050247192383,N,1.0,0.0
2026-05-03T05:39:49,Q321_gemma2:27b_MMLU,a4b7f2a5-de2b-4d7f-9e5d-789cd12a7551,5b0fa12a-3dd7-45bb-9766-cc326314d9f1,19.778393499960657,0.0001211874935809,6.127266786416175e-06,13.18863571328,35.77407104325778,20.0,6.78645882244632e-05,0.000194278210978,0.0001042947505558,0.0003664375497583,0.0,Italy,ITA,lombardy,,,Windows-11-10.0.26200-SP0,3.13.13,3.2.6,32,13th Gen Intel(R) Core(TM) i9-13900HX,1,1 x NVIDIA GeForce RTX 4070 Laptop GPU,9.1922,45.4722,31.70067596435547,machine,0.0,15.77777777777778,48.86111111111112,15.488177405463324,N,1.0,0.0
2026-05-03T05:40:31,Q322_llama3.2_SQuAD,2dd27f5f-cfdd-4d53-835d-6256a601b6ad,5b0fa12a-3dd7-45bb-9766-cc326314d9f1,6.297171099984553,3.4869125720434085e-05,5.537268269639302e-06,12.8575529984,30.040478517392664,20.0,2.069835846832984e-05,5.254087536599173e-05,3.219538333327768e-05,0.0001054346171675,0.0,Italy,ITA,lombardy,,,Windows-11-10.0.26200-SP0,3.13.13,3.2.6,32,13th Gen Intel(R) Core(TM) i9-13900HX,1,1 x NVIDIA GeForce RTX 4070 Laptop GPU,9.1922,45.4722,31.70067596435547,machine,0.0,8.0,34.3,10.87482452392578,N,1.0,0.0
2026-05-03T05:40:55,Q322_llama3.1_SQuAD,aa9e6e4e-26f6-4309-815f-0be80992e501,5b0fa12a-3dd7-45bb-9766-cc326314d9f1,8.50105269998312,5.3167874634533874e-05,6.254269501780579e-06,12.89550096457143,37.13224245310859,20.0,2.865210917583516e-05,8.76764590300172e-05,4.443641777777682e-05,0.0001607649859836,0.0,Italy,ITA,lombardy,,,Windows-11-10.0.26200-SP0,3.13.13,3.2.6,32,13th Gen Intel(R) Core(TM) i9-13900HX,1,1 x NVIDIA GeForce RTX 4070 Laptop GPU,9.1922,45.4722,31.70067596435547,machine,8.333333333333334,28.5,23.08333333333333,7.321242014567058,N,1.0,0.0
2026-05-03T05:41:26,Q322_gemma2:27b_SQuAD,51e1ef0b-892e-4b47-b507-6f5f943de2b8,5b0fa12a-3dd7-45bb-9766-cc326314d9f1,16.610402899968904,0.0001382574915415,8.32354834342079e-06,12.82419394688,53.00354813844152,20.0,0.000114402251133,0.000125235933522,0.0001784143299996,0.0004180525146547,0.0,Italy,ITA,lombardy,,,Windows-11-10.0.26200-SP0,3.13.13,3.2.6,32,13th Gen Intel(R) Core(TM) i9-13900HX,1,1 x NVIDIA GeForce RTX 4070 Laptop GPU,9.1922,45.4722,31.70067596435547,machine,0.0,14.0,47.8,15.148520151774088,N,1.0,0.0
2026-05-03T05:42:03,Q323_llama3.2_HumanEval,c25317e9-dc67-4982-b08f-24f3b732c888,5b0fa12a-3dd7-45bb-9766-cc326314d9f1,11.002648400026374,8.585617595318965e-05,7.803228171226834e-06,12.843554355200002,53.598915337369306,20.0,3.746344183046102e-05,0.0001638051310439,5.833681888891281e-05,0.0002596053917633,0.0,Italy,ITA,lombardy,,,Windows-11-10.0.26200-SP0,3.13.13,3.2.6,32,13th Gen Intel(R) Core(TM) i9-13900HX,1,1 x NVIDIA GeForce RTX 4070 Laptop GPU,9.1922,45.4722,31.70067596435547,machine,0.0,54.77777777777778,28.177777777777777,8.936422983805338,N,1.0,0.0
2026-05-03T05:42:45,Q323_llama3.1_HumanEval,56e6a976-2df9-4ca3-961b-47675c26e034,5b0fa12a-3dd7-45bb-9766-cc326314d9f1,17.222147699969355,0.0001484424725852,8.619277640123196e-06,12.8293134944,62.65799763028379,20.0,5.78623075329036e-05,0.0003009013518319,9.00854283329358e-05,0.0004488490876978,0.0,Italy,ITA,lombardy,,,Windows-11-10.0.26200-SP0,3.13.13,3.2.6,32,13th Gen Intel(R) Core(TM) i9-13900HX,1,1 x NVIDIA GeForce RTX 4070 Laptop GPU,9.1922,45.4722,31.70067596435547,machine,0.0,67.46666666666667,23.30666666666667,7.391157531738282,N,1.0,0.0
2026-05-03T05:44:43,Q323_gemma2:27b_HumanEval,19104975-7382-41b5-aa6f-1b0b96db9d7b,5b0fa12a-3dd7-45bb-9766-cc326314d9f1,82.6591841999907,0.0004313632108149,5.218575709280147e-06,13.664996673588574,24.11035936050864,20.0,0.0003025214242836,0.000559407669748,0.0004423942594446,0.0013043233534763,0.0,Italy,ITA,lombardy,,,Windows-11-10.0.26200-SP0,3.13.13,3.2.6,32,13th Gen Intel(R) Core(TM) i9-13900HX,1,1 x NVIDIA GeForce RTX 4070 Laptop GPU,9.1922,45.4722,31.70067596435547,machine,1.25,16.0625,52.825,16.742734384536742,N,1.0,0.0
2026-05-03T05:45:46,Q324_llama3.2_MMLU,790e92fd-5e2b-405f-8f53-6a9faa988e9b,5b0fa12a-3dd7-45bb-9766-cc326314d9f1,6.651735899969935,3.8668339513422736e-05,5.813270414659354e-06,12.8669639936,32.94013023986876,20.0,2.196536186136228e-05,6.0815881985976095e-05,3.4141147777619254e-05,0.0001169223916249,0.0,Italy,ITA,lombardy,,,Windows-11-10.0.26200-SP0,3.13.13,3.2.6,32,13th Gen Intel(R) Core(TM) i9-13900HX,1,1 x NVIDIA GeForce RTX 4070 Laptop GPU,9.1922,45.4722,31.70067596435547,machine,0.0,27.6,31.92,10.123145294189452,N,1.0,0.0
2026-05-03T05:46:10,Q324_llama3.1_MMLU,323d3c44-f17d-4827-97c4-e24638be9d0a,5b0fa12a-3dd7-45bb-9766-cc326314d9f1,8.861151600023732,5.761764394744374e-05,6.502274935380795e-06,12.846635652800002,39.800237615090495,20.0,2.9827613060885983e-05,9.79567450319907e-05,4.6435502777846224e-05,0.0001742198608707,0.0,Italy,ITA,lombardy,,,Windows-11-10.0.26200-SP0,3.13.13,3.2.6,32,13th Gen Intel(R) Core(TM) i9-13900HX,1,1 x NVIDIA GeForce RTX 4070 Laptop GPU,9.1922,45.4722,31.70067596435547,machine,0.0,34.57142857142857,23.214285714285715,7.358672005789621,N,1.0,0.0
2026-05-03T05:46:54,Q324_gemma2:27b_MMLU,c249739d-7431-499c-a281-1bfa2bae65ee,5b0fa12a-3dd7-45bb-9766-cc326314d9f1,18.957971499999985,0.0001117823000608,5.896321769492811e-06,13.4476512656,36.22176245201037,20.0,6.510697721434937e-05,0.000173157916304,9.973394555563572e-05,0.0003379988390739,0.0,Italy,ITA,lombardy,,,Windows-11-10.0.26200-SP0,3.13.13,3.2.6,32,13th Gen Intel(R) Core(TM) i9-13900HX,1,1 x NVIDIA GeForce RTX 4070 Laptop GPU,9.1922,45.4722,31.70067596435547,machine,0.0,14.588235294117649,48.57058823529412,15.401260824764476,N,1.0,0.0
2026-05-03T05:47:28,Q325_llama3.2_HumanEval,03ce8501-f8a0-4049-907a-0f7411669ae9,5b0fa12a-3dd7-45bb-9766-cc326314d9f1,8.985138999996707,6.292015860278572e-05,7.002691733851728e-06,12.8634084848,45.20401850869199,20.0,3.0312072183785408e-05,0.000112813701362,4.712742888886068e-05,0.0001902532024346,0.0,Italy,ITA,lombardy,,,Windows-11-10.0.26200-SP0,3.13.13,3.2.6,32,13th Gen Intel(R) Core(TM) i9-13900HX,1,1 x NVIDIA GeForce RTX 4070 Laptop GPU,9.1922,45.4722,31.70067596435547,machine,0.0,46.142857142857146,29.342857142857145,9.304385593959264,N,1.0,0.0
2026-05-03T05:48:15,Q325_llama3.1_HumanEval,274268e4-cdc4-4b85-814e-575e9808f0ee,5b0fa12a-3dd7-45bb-9766-cc326314d9f1,11.702655800036156,8.625241752826499e-05,7.370328496545076e-06,12.8665137152,48.799065435023685,20.0,4.002009289585697e-05,0.0001585762379719,6.220718611115848e-05,0.000260803516979,0.0,Italy,ITA,lombardy,,,Windows-11-10.0.26200-SP0,3.13.13,3.2.6,32,13th Gen Intel(R) Core(TM) i9-13900HX,1,1 x NVIDIA GeForce RTX 4070 Laptop GPU,9.1922,45.4722,31.70067596435547,machine,0.0,53.9,23.17,7.349394989013672,N,1.0,0.0
2026-05-03T05:49:53,Q325_gemma2:27b_HumanEval,b3b3098b-9e7e-4719-834d-56007e9a5d49,5b0fa12a-3dd7-45bb-9766-cc326314d9f1,72.76231750001898,0.0003764319463607,5.173446356496908e-06,13.538998094624002,23.715451578761577,20.0,0.0002639730636831,0.0004840278872219,0.0003902254122222,0.0011382263631273,0.0,Italy,ITA,lombardy,,,Windows-11-10.0.26200-SP0,3.13.13,3.2.6,32,13th Gen Intel(R) Core(TM) i9-13900HX,1,1 x NVIDIA GeForce RTX 4070 Laptop GPU,9.1922,45.4722,31.70067596435547,machine,0.0,21.428571428571427,52.65857142857143,16.692388589041574,N,1.0,0.0
2026-05-03T05:50:57,Q326_llama3.2_MMLU,96272b3e-9af6-4f02-87d9-c917fc0007ce,5b0fa12a-3dd7-45bb-9766-cc326314d9f1,7.969187400012743,5.032877597143462e-05,6.315421315271635e-06,12.8695457792,37.96784334034575,20.0,2.668729538226793e-05,8.40211783279532e-05,4.147186111109072e-05,0.0001521803348213,0.0,Italy,ITA,lombardy,,,Windows-11-10.0.26200-SP0,3.13.13,3.2.6,32,13th Gen Intel(R) Core(TM) i9-13900HX,1,1 x NVIDIA GeForce RTX 4070 Laptop GPU,9.1922,45.4722,31.70067596435547,machine,0.0,47.16666666666666,30.916666666666668,9.797405242919922,N,1.0,0.0
2026-05-03T05:51:42,Q326_llama3.1_MMLU,d8e6ec0d-54ad-4157-9792-488112138d22,5b0fa12a-3dd7-45bb-9766-cc326314d9f1,8.98757509997813,6.172605831682804e-05,6.867932410042196e-06,12.8673091712,43.73263336029138,20.0,3.0329328570381007e-05,0.000109172587338,4.7140656666468e-05,0.0001866425725749,0.0,Italy,ITA,lombardy,,,Windows-11-10.0.26200-SP0,3.13.13,3.2.6,32,13th Gen Intel(R) Core(TM) i9-13900HX,1,1 x NVIDIA GeForce RTX 4070 Laptop GPU,9.1922,45.4722,31.70067596435547,machine,0.0,48.57142857142857,23.457142857142856,7.4376084463936945,N,1.0,0.0
2026-05-03T05:52:25,Q326_gemma2:27b_MMLU,af2f7e25-e5ac-48e5-a4aa-2469d15854e3,5b0fa12a-3dd7-45bb-9766-cc326314d9f1,18.14884919999168,0.0001036905224964,5.713338700090876e-06,13.313002396160002,27.503961127251056,20.0,6.205208202072422e-05,0.0001562631805659,9.52162733333858e-05,0.0003135315359201,0.0,Italy,ITA,lombardy,,,Windows-11-10.0.26200-SP0,3.13.13,3.2.6,32,13th Gen Intel(R) Core(TM) i9-13900HX,1,1 x NVIDIA GeForce RTX 4070 Laptop GPU,9.1922,45.4722,31.70067596435547,machine,0.0,12.1875,48.28125,15.301597833633425,N,1.0,0.0
2026-05-03T05:52:57,Q327_llama3.2_SQuAD,05684114-7ede-4dfc-9f51-3819228a0056,5b0fa12a-3dd7-45bb-9766-cc326314d9f1,6.576126399973873,3.362661063725753e-05,5.113437393385737e-06,12.855894924800005,25.318208886590263,20.0,2.169030843244086e-05,4.624448143997206e-05,3.374280444436913e-05,0.0001016775943167,0.0,Italy,ITA,lombardy,,,Windows-11-10.0.26200-SP0,3.13.13,3.2.6,32,13th Gen Intel(R) Core(TM) i9-13900HX,1,1 x NVIDIA GeForce RTX 4070 Laptop GPU,9.1922,45.4722,31.70067596435547,machine,0.0,1.0,32.480000000000004,10.29645538330078,N,1.0,0.0
2026-05-03T05:53:31,Q327_llama3.1_SQuAD,d3932017-870d-4cde-930e-21d5a69b6566,5b0fa12a-3dd7-45bb-9766-cc326314d9f1,8.959104799956549,5.889026343977841e-05,6.57323078083248e-06,12.8674851968,40.530253590007135,20.0,3.022824046513041e-05,0.0001008567473519,4.698292333309331e-05,0.0001780679111502,0.0,Italy,ITA,lombardy,,,Windows-11-10.0.26200-SP0,3.13.13,3.2.6,32,13th Gen Intel(R) Core(TM) i9-13900HX,1,1 x NVIDIA GeForce RTX 4070 Laptop GPU,9.1922,45.4722,31.70067596435547,machine,0.0,37.42857142857143,23.15714285714285,7.341352190290179,N,1.0,0.0
2026-05-03T05:54:15,Q327_gemma2:27b_SQuAD,2a085ae4-5f48-45b0-bc87-798612415a3d,5b0fa12a-3dd7-45bb-9766-cc326314d9f1,18.44732810003916,0.0001105720282455,5.993931893332182e-06,13.36809248,34.82828603182538,20.0,6.298902195876575e-05,0.000174459028456,9.689126055584188e-05,0.0003343393109706,0.0,Italy,ITA,lombardy,,,Windows-11-10.0.26200-SP0,3.13.13,3.2.6,32,13th Gen Intel(R) Core(TM) i9-13900HX,1,1 x NVIDIA GeForce RTX 4070 Laptop GPU,9.1922,45.4722,31.70067596435547,machine,6.25,25.25,48.35625,15.33009123802185,N,1.0,0.0
2026-05-03T05:54:50,Q328_llama3.2_HumanEval,4e66ced0-ba50-48bd-a443-af2afc699da1,5b0fa12a-3dd7-45bb-9766-cc326314d9f1,9.77902020001784,7.423670830374809e-05,7.591426010513064e-06,12.854446336,51.47164328873573,20.0,3.312579287491667e-05,0.0001398067785119,5.153875555552077e-05,0.0002244713269424,0.0,Italy,ITA,lombardy,,,Windows-11-10.0.26200-SP0,3.13.13,3.2.6,32,13th Gen Intel(R) Core(TM) i9-13900HX,1,1 x NVIDIA GeForce RTX 4070 Laptop GPU,9.1922,45.4722,31.70067596435547,machine,0.0,50.0,28.3125,8.97258186340332,N,1.0,0.0
2026-05-03T05:55:29,Q328_llama3.1_HumanEval,b4173423-acb1-4e6c-9f42-2bb0f355d389,5b0fa12a-3dd7-45bb-9766-cc326314d9f1,14.040342299966142,0.0001138019768002,8.105356291816745e-06,12.85321837686154,56.55545546252197,20.0,4.833662349477483e-05,0.000220557398668,7.521176222233205e-05,0.0003441057843851,0.0,Italy,ITA,lombardy,,,Windows-11-10.0.26200-SP0,3.13.13,3.2.6,32,13th Gen Intel(R) Core(TM) i9-13900HX,1,1 x NVIDIA GeForce RTX 4070 Laptop GPU,9.1922,45.4722,31.70067596435547,machine,8.333333333333334,61.41666666666666,23.23333333333333,7.369236310323079,N,1.0,0.0
2026-05-03T05:56:55,Q328_gemma2:27b_HumanEval,93e16876-feee-4348-9515-d5f0687259e5,5b0fa12a-3dd7-45bb-9766-cc326314d9f1,60.738694700005,0.0003172854624751,5.22377808812465e-06,13.57648657136,24.243518321050573,20.0,0.0002211088451841,0.0004120308851799,0.0003262439816659,0.0009593837120301,0.0,Italy,ITA,lombardy,,,Windows-11-10.0.26200-SP0,3.13.13,3.2.6,32,13th Gen Intel(R) Core(TM) i9-13900HX,1,1 x NVIDIA GeForce RTX 4070 Laptop GPU,9.1922,45.4722,31.70067596435547,machine,5.172413793103448,19.5,52.41034482758621,16.618792303677264,N,1.0,0.0
2026-05-03T05:58:00,Q329_llama3.2_HumanEval,cb7da269-9c42-4602-8b88-fe50d7da9551,5b0fa12a-3dd7-45bb-9766-cc326314d9f1,9.109632599982431,6.625410932241671e-05,7.272972712702428e-06,12.8688893552,48.15935905530097,20.0,3.07520467184477e-05,0.0001217900974319,4.77920055554326e-05,0.0002003341497058,0.0,Italy,ITA,lombardy,,,Windows-11-10.0.26200-SP0,3.13.13,3.2.6,32,13th Gen Intel(R) Core(TM) i9-13900HX,1,1 x NVIDIA GeForce RTX 4070 Laptop GPU,9.1922,45.4722,31.70067596435547,machine,0.0,43.285714285714285,29.4,9.309225354875837,N,1.0,0.0
2026-05-03T05:58:51,Q329_llama3.1_HumanEval,34ed6e3a-2415-4501-b619-107037534005,5b0fa12a-3dd7-45bb-9766-cc326314d9f1,15.679584300029092,0.0001335278158848,8.51603035704433e-06,12.857359616,60.91325771626541,20.0,5.419835800163273e-05,0.000265246878864,8.43060433334257e-05,0.000403751280199,0.0,Italy,ITA,lombardy,,,Windows-11-10.0.26200-SP0,3.13.13,3.2.6,32,13th Gen Intel(R) Core(TM) i9-13900HX,1,1 x NVIDIA GeForce RTX 4070 Laptop GPU,9.1922,45.4722,31.70067596435547,machine,0.0,66.14285714285714,23.192857142857143,7.358530044555664,N,1.0,0.0
2026-05-03T06:00:50,Q329_gemma2:27b_HumanEval,769a7266-6d66-4a63-8656-793b08fdf3e9,5b0fa12a-3dd7-45bb-9766-cc326314d9f1,83.17279649997363,0.0004280940999147,5.1470446820304255e-06,13.609822674960002,23.28269307647224,20.0,0.0003036205402791,0.000545538769764,0.0004452791538891,0.0012944384639323,0.0,Italy,ITA,lombardy,,,Windows-11-10.0.26200-SP0,3.13.13,3.2.6,32,13th Gen Intel(R) Core(TM) i9-13900HX,1,1 x NVIDIA GeForce RTX 4070 Laptop GPU,9.1922,45.4722,31.70067596435547,machine,7.572839506172839,22.76543209876544,52.51111111111111,16.640694983211564,N,1.0,0.0
2026-05-03T06:02:05,Q330_llama3.2_HumanEval,0597d822-9c58-48c0-ab4a-ea22fe8066cc,5b0fa12a-3dd7-45bb-9766-cc326314d9f1,8.677999500010628,5.750889641906609e-05,6.626976230984532e-06,12.8662993424,41.20650886630688,20.0,2.920779114066589e-05,9.92820238699954e-05,4.540122333338432e-05,0.000173891038344,0.0,Italy,ITA,lombardy,,,Windows-11-10.0.26200-SP0,3.13.13,3.2.6,32,13th Gen Intel(R) Core(TM) i9-13900HX,1,1 x NVIDIA GeForce RTX 4070 Laptop GPU,9.1922,45.4722,31.70067596435547,machine,0.0,43.42857142857143,29.585714285714285,9.377971649169922,N,1.0,0.0
2026-05-03T06:02:34,Q330_llama3.1_HumanEval,f3864c6e-6036-4b08-b759-c1c0c0585c9f,5b0fa12a-3dd7-45bb-9766-cc326314d9f1,14.043419900001028,0.0001135096310327,8.082762734503952e-06,12.854175928123077,56.341330311639865,20.0,4.833144012145739e-05,0.000219692120198,7.51982511111742e-05,0.0003432218114306,0.0,Italy,ITA,lombardy,,,Windows-11-10.0.26200-SP0,3.13.13,3.2.6,32,13th Gen Intel(R) Core(TM) i9-13900HX,1,1 x NVIDIA GeForce RTX 4070 Laptop GPU,9.1922,45.4722,31.70067596435547,machine,3.333333333333333,68.33333333333333,23.025,7.2987321217854815,N,1.0,0.0
2026-05-03T06:04:12,Q330_gemma2:27b_HumanEval,a0756954-de3a-48c3-bc0e-652b6b0049c6,5b0fa12a-3dd7-45bb-9766-cc326314d9f1,62.97832890000427,0.0003254494315192,5.167641587251439e-06,13.441939906976,22.840522174049912,20.0,0.0002269922019836,0.000421233948098,0.000335843152222,0.0009840693023036,0.0,Italy,ITA,lombardy,,,Windows-11-10.0.26200-SP0,3.13.13,3.2.6,32,13th Gen Intel(R) Core(TM) i9-13900HX,1,1 x NVIDIA GeForce RTX 4070 Laptop GPU,9.1922,45.4722,31.70067596435547,machine,1.639344262295082,30.0327868852459,52.2655737704918,16.569068283331198,N,1.0,0.0
2026-05-03T06:05:18,Q331_llama3.2_HellaSwag,e27e75e9-71d2-4049-afe6-b8d3915db267,5b0fa12a-3dd7-45bb-9766-cc326314d9f1,9.29021989996545,6.422735068068503e-05,6.913437073854828e-06,12.8509839344,44.18479715257769,20.0,3.137077890905411e-05,0.0001140142578779,4.882075388870564e-05,0.0001942057906756,0.0,Italy,ITA,lombardy,,,Windows-11-10.0.26200-SP0,3.13.13,3.2.6,32,13th Gen Intel(R) Core(TM) i9-13900HX,1,1 x NVIDIA GeForce RTX 4070 Laptop GPU,9.1922,45.4722,31.70067596435547,machine,0.0,43.285714285714285,29.6,9.37724358694894,N,1.0,0.0
2026-05-03T06:06:04,Q331_llama3.1_HellaSwag,f047b4d0-19eb-4f04-ba78-2e5c10ea86a0,5b0fa12a-3dd7-45bb-9766-cc326314d9f1,11.201653900032396,8.24861741846047e-05,7.363749578476633e-06,12.87196673024,48.76619971132992,20.0,3.82552802434802e-05,0.0001517215102659,5.943864555576712e-05,0.0002494154360651,0.0,Italy,ITA,lombardy,,,Windows-11-10.0.26200-SP0,3.13.13,3.2.6,32,13th Gen Intel(R) Core(TM) i9-13900HX,1,1 x NVIDIA GeForce RTX 4070 Laptop GPU,9.1922,45.4722,31.70067596435547,machine,0.0,59.77777777777778,22.944444444444443,7.272878011067708,N,1.0,0.0
2026-05-03T06:07:22,Q331_gemma2:27b_HellaSwag,383fe008-6bc0-4a2c-8b5b-e2313c11424e,5b0fa12a-3dd7-45bb-9766-cc326314d9f1,52.45119199994952,0.0002789934998523,5.319106949040058e-06,13.65912626221143,25.05568398695644,20.0,0.0001910269923984,0.0003723714090079,0.0002802009788885,0.0008435993802948,0.0,Italy,ITA,lombardy,,,Windows-11-10.0.26200-SP0,3.13.13,3.2.6,32,13th Gen Intel(R) Core(TM) i9-13900HX,1,1 x NVIDIA GeForce RTX 4070 Laptop GPU,9.1922,45.4722,31.70067596435547,machine,6.41,21.7,52.098,16.513728103637696,N,1.0,0.0
2026-05-03T06:08:28,Q332_llama3.2_HumanEval,dbd55531-010c-48f5-9b4e-bb6c82d1c204,5b0fa12a-3dd7-45bb-9766-cc326314d9f1,10.70048359996872,7.991399400997182e-05,7.468260033612446e-06,12.85334200064,49.98528132622292,20.0,3.6413757816866224e-05,0.0001485648410739,5.665927388892872e-05,0.0002416378727797,0.0,Italy,ITA,lombardy,,,Windows-11-10.0.26200-SP0,3.13.13,3.2.6,32,13th Gen Intel(R) Core(TM) i9-13900HX,1,1 x NVIDIA GeForce RTX 4070 Laptop GPU,9.1922,45.4722,31.70067596435547,machine,0.0,54.66666666666666,27.922222222222224,8.850489722357857,N,1.0,0.0
2026-05-03T06:09:10,Q332_llama3.1_HumanEval,11531d9c-9668-4b30-9ac8-28330942369e,5b0fa12a-3dd7-45bb-9766-cc326314d9f1,17.21634639997501,0.0001481237787783,8.603670914671042e-06,12.83259502784,63.10015907218076,20.0,5.7837083282325726e-05,0.0003000455178139,9.000284444450194e-05,0.0004478854455408,0.0,Italy,ITA,lombardy,,,Windows-11-10.0.26200-SP0,3.13.13,3.2.6,32,13th Gen Intel(R) Core(TM) i9-13900HX,1,1 x NVIDIA GeForce RTX 4070 Laptop GPU,9.1922,45.4722,31.70067596435547,machine,0.0,73.66666666666667,23.0,7.296274566650391,N,1.0,0.0
2026-05-03T06:11:10,Q332_gemma2:27b_HumanEval,d0860e11-cf83-45c9-86c4-8b5bf29bed2e,5b0fa12a-3dd7-45bb-9766-cc326314d9f1,84.23350600001868,0.0004365950140244,5.183151393749744e-06,13.49140542536,23.82443538307909,20.0,0.0003043570825463,0.000564624896144,0.000451160904444,0.0013201428831343,0.0,Italy,ITA,lombardy,,,Windows-11-10.0.26200-SP0,3.13.13,3.2.6,32,13th Gen Intel(R) Core(TM) i9-13900HX,1,1 x NVIDIA GeForce RTX 4070 Laptop GPU,9.1922,45.4722,31.70067596435547,machine,3.658536585365854,22.32926829268293,52.75243902439024,16.719618867083295,N,1.0,0.0
2026-05-03T06:12:26,Q333_llama3.2_HumanEval,e677952d-64c0-4dec-a6b9-b39378014d79,5b0fa12a-3dd7-45bb-9766-cc326314d9f1,10.484938400040846,7.784210614634053e-05,7.424183450237273e-06,12.8587868032,49.5378315121214,20.0,3.565626780155429e-05,0.0001442601154079,5.54566722224182e-05,0.0002353730554319,0.0,Italy,ITA,lombardy,,,Windows-11-10.0.26200-SP0,3.13.13,3.2.6,32,13th Gen Intel(R) Core(TM) i9-13900HX,1,1 x NVIDIA GeForce RTX 4070 Laptop GPU,9.1922,45.4722,31.70067596435547,machine,0.0,50.0,29.25,9.270644187927246,N,1.0,0.0
2026-05-03T06:13:05,Q333_llama3.1_HumanEval,4f459467-d6cc-41a2-a4d2-df9ade174cd2,5b0fa12a-3dd7-45bb-9766-cc326314d9f1,13.872600100003185,0.0001109578907473,7.998348539384844e-06,12.87526685046154,55.38325532021839,20.0,4.7818860894256025e-05,0.0002134079485039,7.427924333347214e-05,0.0003355060527317,0.0,Italy,ITA,lombardy,,,Windows-11-10.0.26200-SP0,3.13.13,3.2.6,32,13th Gen Intel(R) Core(TM) i9-13900HX,1,1 x NVIDIA GeForce RTX 4070 Laptop GPU,9.1922,45.4722,31.70067596435547,machine,0.0,60.91666666666666,23.258333333333336,7.377784411112468,N,1.0,0.0
2026-05-03T06:14:49,Q333_gemma2:27b_HumanEval,a8624161-1db9-4ecc-9f10-479a412509d3,5b0fa12a-3dd7-45bb-9766-cc326314d9f1,68.65477219998138,0.0003526806369454,5.137015616600539e-06,13.549642442144002,23.47509472199339,20.0,0.0002492822990753,0.000449699804204,0.0003674268522218,0.0010664089555012,0.0,Italy,ITA,lombardy,,,Windows-11-10.0.26200-SP0,3.13.13,3.2.6,32,13th Gen Intel(R) Core(TM) i9-13900HX,1,1 x NVIDIA GeForce RTX 4070 Laptop GPU,9.1922,45.4722,31.70067596435547,machine,3.190909090909091,20.78787878787879,52.5,16.64654928265196,N,1.0,0.0
2026-05-03T06:15:52,Q334_llama3.2_MMLU,98811eb2-3cbe-480d-a393-c34ba55d9e31,5b0fa12a-3dd7-45bb-9766-cc326314d9f1,7.385668799979612,4.502480600422341e-05,6.096239517854862e-06,12.8758913216,35.72481359568208,20.0,2.461930472409212e-05,7.328394751604517e-05,3.8239340555608376e-05,0.0001361425927957,0.0,Italy,ITA,lombardy,,,Windows-11-10.0.26200-SP0,3.13.13,3.2.6,32,13th Gen Intel(R) Core(TM) i9-13900HX,1,1 x NVIDIA GeForce RTX 4070 Laptop GPU,9.1922,45.4722,31.70067596435547,machine,0.0,22.4,32.28,10.226728820800782,N,1.0,0.0
2026-05-03T06:16:26,Q334_llama3.1_MMLU,dc56b4fe-11d3-4f42-8c31-036e51d2dfb6,5b0fa12a-3dd7-45bb-9766-cc326314d9f1,9.248758399975486,5.957498355041088e-05,6.441403372648244e-06,12.896208056,39.010012192484005,20.0,3.1333820708471384e-05,0.0001002114690579,4.8593026111161126e-05,0.0001801383158776,0.0,Italy,ITA,lombardy,,,Windows-11-10.0.26200-SP0,3.13.13,3.2.6,32,13th Gen Intel(R) Core(TM) i9-13900HX,1,1 x NVIDIA GeForce RTX 4070 Laptop GPU,9.1922,45.4722,31.70067596435547,machine,7.142857142857143,35.714285714285715,23.357142857142858,7.406177520751953,N,1.0,0.0
2026-05-03T06:17:23,Q334_gemma2:27b_MMLU,136502e0-f641-4f48-9df9-98856b4c1d49,5b0fa12a-3dd7-45bb-9766-cc326314d9f1,31.29308269999456,0.0001701894032809,5.438563049620896e-06,13.3131600608,26.75130891673019,20.0,0.0001118149766018,0.0002345315765139,0.0001682592538887,0.0005146058070045,0.0,Italy,ITA,lombardy,,,Windows-11-10.0.26200-SP0,3.13.13,3.2.6,32,13th Gen Intel(R) Core(TM) i9-13900HX,1,1 x NVIDIA GeForce RTX 4070 Laptop GPU,9.1922,45.4722,31.70067596435547,machine,0.6275862068965516,23.724137931034484,50.82758620689656,16.108502618197736,N,1.0,0.0
2026-05-03T06:18:15,Q335_llama3.2_MMLU,ed33c62a-2d6d-407d-b680-e264c1b7e36d,5b0fa12a-3dd7-45bb-9766-cc326314d9f1,7.1187699000001885,4.08228349021904e-05,5.734534965400317e-06,12.8729199104,31.92466002296773,20.0,2.363931699457529e-05,6.307143934597415e-05,3.672623500008033e-05,0.0001234369913406,0.0,Italy,ITA,lombardy,,,Windows-11-10.0.26200-SP0,3.13.13,3.2.6,32,13th Gen Intel(R) Core(TM) i9-13900HX,1,1 x NVIDIA GeForce RTX 4070 Laptop GPU,9.1922,45.4722,31.70067596435547,machine,0.0,26.2,32.14,10.186613464355467,N,1.0,0.0
2026-05-03T06:18:38,Q335_llama3.1_MMLU,0ae98cbc-4360-45ae-b151-0e996d3746a1,5b0fa12a-3dd7-45bb-9766-cc326314d9f1,7.980751600000076,4.740041602420984e-05,5.939342357705932e-06,12.860016682057145,33.865668094895355,20.0,2.6713433216046705e-05,7.506839338800031e-05,4.154395555540557e-05,0.0001433257821594,0.0,Italy,ITA,lombardy,,,Windows-11-10.0.26200-SP0,3.13.13,3.2.6,32,13th Gen Intel(R) Core(TM) i9-13900HX,1,1 x NVIDIA GeForce RTX 4070 Laptop GPU,9.1922,45.4722,31.70067596435547,machine,0.0,40.16666666666666,23.366666666666664,7.409340540568034,N,1.0,0.0
2026-05-03T06:19:23,Q335_gemma2:27b_MMLU,1f4d6915-5bdf-4c35-866a-e28ecd253a6b,5b0fa12a-3dd7-45bb-9766-cc326314d9f1,29.201413300004788,0.0001532285947438,5.247300641569066e-06,13.302641804617144,24.81668850738661,20.0,0.0001037698012483,0.0002029168289999,0.0001566343705554,0.0004633210008038,0.0,Italy,ITA,lombardy,,,Windows-11-10.0.26200-SP0,3.13.13,3.2.6,32,13th Gen Intel(R) Core(TM) i9-13900HX,1,1 x NVIDIA GeForce RTX 4070 Laptop GPU,9.1922,45.4722,31.70067596435547,machine,5.555555555555555,17.814814814814813,50.60740740740741,16.037139892578125,N,1.0,0.0
2026-05-03T06:20:16,Q336_llama3.2_SQuAD,ab1d4b09-7a22-4247-b9bc-1246ee918e54,5b0fa12a-3dd7-45bb-9766-cc326314d9f1,6.437935699999798,3.6411087256118205e-05,5.655708437118958e-06,12.884834432000002,31.249085128793865,20.0,2.124527378499146e-05,5.587560025599458e-05,3.2976209444394856e-05,0.0001100970834853,0.0,Italy,ITA,lombardy,,,Windows-11-10.0.26200-SP0,3.13.13,3.2.6,32,13th Gen Intel(R) Core(TM) i9-13900HX,1,1 x NVIDIA GeForce RTX 4070 Laptop GPU,9.1922,45.4722,31.70067596435547,machine,0.0,7.5,35.275,11.184070587158203,N,1.0,0.0
2026-05-03T06:20:40,Q336_llama3.1_SQuAD,5608e661-f393-4773-8cb3-11a33efd71e5,5b0fa12a-3dd7-45bb-9766-cc326314d9f1,8.85259089997271,5.62826152964518e-05,6.357756269593944e-06,12.8549112464,38.21895119693861,20.0,2.981730621976474e-05,9.397618629203296e-05,4.638960999986416e-05,0.0001701831025116,0.0,Italy,ITA,lombardy,,,Windows-11-10.0.26200-SP0,3.13.13,3.2.6,32,13th Gen Intel(R) Core(TM) i9-13900HX,1,1 x NVIDIA GeForce RTX 4070 Laptop GPU,9.1922,45.4722,31.70067596435547,machine,0.0,33.42857142857143,23.228571428571428,7.363985334123884,N,1.0,0.0
2026-05-03T06:21:16,Q336_gemma2:27b_SQuAD,ae515cab-f67e-41b0-b72c-1765897a4cc4,5b0fa12a-3dd7-45bb-9766-cc326314d9f1,21.316265300032683,0.0001187655874482,5.571594544192242e-06,13.624880435840002,27.29190449396294,20.0,7.490152046767622e-05,0.0001714281926979,0.0001127846605551,0.0003591143737208,0.0,Italy,ITA,lombardy,,,Windows-11-10.0.26200-SP0,3.13.13,3.2.6,32,13th Gen Intel(R) Core(TM) i9-13900HX,1,1 x NVIDIA GeForce RTX 4070 Laptop GPU,9.1922,45.4722,31.70067596435547,machine,0.0,16.31578947368421,49.21578947368421,15.601014990555612,N,1.0,0.0
2026-05-03T06:21:59,Q337_llama3.2_GSM8K,aded4ff1-4fd1-4ceb-a773-747dddb333a4,5b0fa12a-3dd7-45bb-9766-cc326314d9f1,7.829598499985877,4.894028315432416e-05,6.250675964343821e-06,12.857960954514288,37.29566368114027,20.0,2.6170750133488208e-05,8.110478710599e-05,4.070637833307652e-05,0.0001479819155725,0.0,Italy,ITA,lombardy,,,Windows-11-10.0.26200-SP0,3.13.13,3.2.6,32,13th Gen Intel(R) Core(TM) i9-13900HX,1,1 x NVIDIA GeForce RTX 4070 Laptop GPU,9.1922,45.4722,31.70067596435547,machine,0.0,32.333333333333336,30.816666666666663,9.763357798258465,N,1.0,0.0
2026-05-03T06:22:27,Q337_llama3.1_GSM8K,c9e750b7-97b9-4032-851d-5b683338ee50,5b0fa12a-3dd7-45bb-9766-cc326314d9f1,12.654552399995737,9.622507586804444e-05,7.603988890834009e-06,12.8641873568,51.21439584489004,20.0,4.342681683491231e-05,0.0001800165329019,6.751473500011747e-05,0.0002909580847369,0.0,Italy,ITA,lombardy,,,Windows-11-10.0.26200-SP0,3.13.13,3.2.6,32,13th Gen Intel(R) Core(TM) i9-13900HX,1,1 x NVIDIA GeForce RTX 4070 Laptop GPU,9.1922,45.4722,31.70067596435547,machine,2.272727272727273,57.0,23.35454545454545,7.403705596923828,N,1.0,0.0
2026-05-03T06:24:12,Q337_gemma2:27b_GSM8K,befdcbe6-d57b-45c4-8e7e-3b7edaa82b56,5b0fa12a-3dd7-45bb-9766-cc326314d9f1,79.96741939999629,0.0004126924632353,5.160757547659574e-06,13.598104535840005,23.57638326854164,20.0,0.0002911716721614,0.000529220978932,0.000427475512222,0.0012478681633155,0.0,Italy,ITA,lombardy,,,Windows-11-10.0.26200-SP0,3.13.13,3.2.6,32,13th Gen Intel(R) Core(TM) i9-13900HX,1,1 x NVIDIA GeForce RTX 4070 Laptop GPU,9.1922,45.4722,31.70067596435547,machine,1.3857142857142857,25.662337662337663,52.96493506493507,16.78992338304396,N,1.0,0.0
2026-05-03T06:25:25,Q338_llama3.2_SQuAD,eed4cff5-c559-4e08-920c-907737efc9dd,5b0fa12a-3dd7-45bb-9766-cc326314d9f1,6.296625199960545,3.5544708227926694e-05,5.6450411290399534e-06,12.86184714752,31.210783294707937,20.0,2.070282252671608e-05,5.458282144399362e-05,3.219174833308595e-05,0.0001074773923037,0.0,Italy,ITA,lombardy,,,Windows-11-10.0.26200-SP0,3.13.13,3.2.6,32,13th Gen Intel(R) Core(TM) i9-13900HX,1,1 x NVIDIA GeForce RTX 4070 Laptop GPU,9.1922,45.4722,31.70067596435547,machine,0.0,11.5,34.9,11.066100120544434,N,1.0,0.0
2026-05-03T06:25:47,Q338_llama3.1_SQuAD,b27ba1a1-b4e2-4a2e-becb-6bc9037850e0,5b0fa12a-3dd7-45bb-9766-cc326314d9f1,7.203226500016172,3.791436777274841e-05,5.2635256954176425e-06,12.869093273600004,26.72483492850771,20.0,2.3952487965978327e-05,5.346615388396314e-05,3.722394722216349e-05,0.0001146425890721,0.0,Italy,ITA,lombardy,,,Windows-11-10.0.26200-SP0,3.13.13,3.2.6,32,13th Gen Intel(R) Core(TM) i9-13900HX,1,1 x NVIDIA GeForce RTX 4070 Laptop GPU,9.1922,45.4722,31.70067596435547,machine,20.0,9.6,23.4,7.423014831542969,N,1.0,0.0
2026-05-03T06:26:23,Q338_gemma2:27b_SQuAD,9516bf8a-9993-4d70-98cd-d46502cc3695,5b0fa12a-3dd7-45bb-9766-cc326314d9f1,20.83148040005472,0.0001176567418506,5.648025948762643e-06,13.3100201792,31.04414477315867,20.0,7.209487613179232e-05,0.0001735412499439,0.0001101254044446,0.0003557615305204,0.0,Italy,ITA,lombardy,,,Windows-11-10.0.26200-SP0,3.13.13,3.2.6,32,13th Gen Intel(R) Core(TM) i9-13900HX,1,1 x NVIDIA GeForce RTX 4070 Laptop GPU,9.1922,45.4722,31.70067596435547,machine,0.0,13.947368421052632,49.48947368421053,15.692983928479649,N,1.0,0.0
2026-05-03T06:27:05,Q339_llama3.2_SQuAD,aa914195-7532-4c2e-8832-f2c4ffc70f71,5b0fa12a-3dd7-45bb-9766-cc326314d9f1,6.0391676999861374,2.986847834542785e-05,4.9457938294206345e-06,12.862839664640005,23.707032046611243,20.0,1.9785483840477765e-05,3.9765309589989695e-05,3.076324555570156e-05,9.031403898616902e-05,0.0,Italy,ITA,lombardy,,,Windows-11-10.0.26200-SP0,3.13.13,3.2.6,32,13th Gen Intel(R) Core(TM) i9-13900HX,1,1 x NVIDIA GeForce RTX 4070 Laptop GPU,9.1922,45.4722,31.70067596435547,machine,0.0,28.25,34.425,10.916272163391112,N,1.0,0.0
2026-05-03T06:27:27,Q339_llama3.1_SQuAD,97831606-1200-4ee8-957e-eb49cb2131ef,5b0fa12a-3dd7-45bb-9766-cc326314d9f1,7.106486700009555,3.890238339874864e-05,5.474207585401706e-06,12.883424844800002,29.02963765513331,20.0,2.3637166597621577e-05,5.7299768062013534e-05,3.6693141111108064e-05,0.0001176300757707,0.0,Italy,ITA,lombardy,,,Windows-11-10.0.26200-SP0,3.13.13,3.2.6,32,13th Gen Intel(R) Core(TM) i9-13900HX,1,1 x NVIDIA GeForce RTX 4070 Laptop GPU,9.1922,45.4722,31.70067596435547,machine,0.0,30.6,23.380000000000003,7.416727447509766,N,1.0,0.0
2026-05-03T06:27:59,Q339_gemma2:27b_SQuAD,5645c284-3c94-47b1-96b4-6bfb9e164ee0,5b0fa12a-3dd7-45bb-9766-cc326314d9f1,16.902769599983003,0.0001448959815457,8.572321872383476e-06,13.040907649280005,46.26213448387138,20.0,0.0001173789734164,0.0001407542792699,0.0001799922244445,0.0004381254771309,0.0,Italy,ITA,lombardy,,,Windows-11-10.0.26200-SP0,3.13.13,3.2.6,32,13th Gen Intel(R) Core(TM) i9-13900HX,1,1 x NVIDIA GeForce RTX 4070 Laptop GPU,9.1922,45.4722,31.70067596435547,machine,6.666666666666667,11.933333333333334,48.013333333333335,15.220789845784504,N,1.0,0.0
2026-05-03T06:28:32,Q340_llama3.2_HumanEval,7c8249d4-5f08-4fb7-8a37-8bd1358f0d45,5b0fa12a-3dd7-45bb-9766-cc326314d9f1,8.059790199971758,5.098986515690115e-05,6.3264506757359296e-06,12.855156789028571,38.0958892823727,20.0,2.697291351152085e-05,8.524256819397724e-05,4.196380444433696e-05,0.0001541792861498,0.0,Italy,ITA,lombardy,,,Windows-11-10.0.26200-SP0,3.13.13,3.2.6,32,13th Gen Intel(R) Core(TM) i9-13900HX,1,1 x NVIDIA GeForce RTX 4070 Laptop GPU,9.1922,45.4722,31.70067596435547,machine,0.0,35.166666666666664,30.98333333333333,9.816207885742188,N,1.0,0.0
2026-05-03T06:29:12,Q340_llama3.1_HumanEval,fbb3363a-84a5-4d83-9bec-c9df1a11d009,5b0fa12a-3dd7-45bb-9766-cc326314d9f1,14.318097800016403,0.0001161102853778,8.109337357491421e-06,12.84016529526154,56.58877937480654,20.0,4.9277213820206674e-05,0.0002250549022659,7.675335666669222e-05,0.0003510854727528,0.0,Italy,ITA,lombardy,,,Windows-11-10.0.26200-SP0,3.13.13,3.2.6,32,13th Gen Intel(R) Core(TM) i9-13900HX,1,1 x NVIDIA GeForce RTX 4070 Laptop GPU,9.1922,45.4722,31.70067596435547,machine,0.0,60.66666666666666,23.525,7.449921290079753,N,1.0,0.0
2026-05-03T06:30:34,Q340_gemma2:27b_HumanEval,2c607de7-b34f-407b-88d2-ac69cd2e150d,5b0fa12a-3dd7-45bb-9766-cc326314d9f1,46.73804440000095,0.0002737783323039,5.857719034217033e-06,10.05351611148,24.54360044658363,20.0,0.0001673745881806,0.0003287438741059,0.0003317116900001,0.0008278301522867,0.0,Italy,ITA,lombardy,,,Windows-11-10.0.26200-SP0,3.13.13,3.2.6,32,13th Gen Intel(R) Core(TM) i9-13900HX,1,1 x NVIDIA GeForce RTX 4070 Laptop GPU,9.1922,45.4722,31.70067596435547,machine,0.975,22.181818181818183,52.16363636363636,16.540233438665215,N,1.0,0.0
2026-05-03T06:31:27,Q341_llama3.2_GSM8K,5d415fca-d891-405a-8e85-8ff72e7df5df,5b0fa12a-3dd7-45bb-9766-cc326314d9f1,7.243539499992039,4.283790761507279e-05,5.9139468508620506e-06,12.860586425600005,33.81035021004546,20.0,2.4078186494369026e-05,6.800838774007056e-05,3.744344111118052e-05,0.0001295300153456,0.0,Italy,ITA,lombardy,,,Windows-11-10.0.26200-SP0,3.13.13,3.2.6,32,13th Gen Intel(R) Core(TM) i9-13900HX,1,1 x NVIDIA GeForce RTX 4070 Laptop GPU,9.1922,45.4722,31.70067596435547,machine,0.0,23.6,32.44,10.27727279663086,N,1.0,0.0
2026-05-03T06:31:51,Q341_llama3.1_GSM8K,0d7cc916-ec88-4483-8e85-b02d570d080b,5b0fa12a-3dd7-45bb-9766-cc326314d9f1,8.340295400004834,5.176939964887341e-05,6.207142213313381e-06,12.857037791085714,36.69314610194107,20.0,2.7993023744674952e-05,8.499923466609438e-05,4.354412500009251e-05,0.0001565363834108,0.0,Italy,ITA,lombardy,,,Windows-11-10.0.26200-SP0,3.13.13,3.2.6,32,13th Gen Intel(R) Core(TM) i9-13900HX,1,1 x NVIDIA GeForce RTX 4070 Laptop GPU,9.1922,45.4722,31.70067596435547,machine,0.0,23.666666666666668,23.65,7.493085225423177,N,1.0,0.0
2026-05-03T06:32:49,Q341_gemma2:27b_GSM8K,22a8cffc-47df-48fd-9806-b5cb34e1454d,5b0fa12a-3dd7-45bb-9766-cc326314d9f1,33.16680519998772,0.0001825247002951,5.503234308958704e-06,13.29699940992,24.40984786000369,20.0,0.0001169731334091,0.0002590999295019,0.0001758312794444,0.0005519043423554,0.0,Italy,ITA,lombardy,,,Windows-11-10.0.26200-SP0,3.13.13,3.2.6,32,13th Gen Intel(R) Core(TM) i9-13900HX,1,1 x NVIDIA GeForce RTX 4070 Laptop GPU,9.1922,45.4722,31.70067596435547,machine,0.0,25.225806451612904,51.403225806451616,16.298956840269028,N,1.0,0.0
2026-05-03T06:33:46,Q342_llama3.2_GSM8K,17f5b8c5-babe-46d9-a8e5-d0009bf1790b,5b0fa12a-3dd7-45bb-9766-cc326314d9f1,11.031687599956058,8.359807966381954e-05,7.5779955610918976e-06,12.8726647616,51.1165481504729,20.0,3.76517445344316e-05,0.000156628458636,5.849732833319448e-05,0.0002527775315036,0.0,Italy,ITA,lombardy,,,Windows-11-10.0.26200-SP0,3.13.13,3.2.6,32,13th Gen Intel(R) Core(TM) i9-13900HX,1,1 x NVIDIA GeForce RTX 4070 Laptop GPU,9.1922,45.4722,31.70067596435547,machine,0.0,55.888888888888886,28.78888888888889,9.130101521809896,N,1.0,0.0
2026-05-03T06:34:21,Q342_llama3.1_GSM8K,e1a34226-3735-411f-8cf2-0cbd289f952f,5b0fa12a-3dd7-45bb-9766-cc326314d9f1,9.742682899988722,7.082730960004672e-05,7.269795222435979e-06,12.870988608,48.00266936533665,20.0,3.3020194136081e-05,0.0001298334372,5.130861444437566e-05,0.0002141622457805,0.0,Italy,ITA,lombardy,,,Windows-11-10.0.26200-SP0,3.13.13,3.2.6,32,13th Gen Intel(R) Core(TM) i9-13900HX,1,1 x NVIDIA GeForce RTX 4070 Laptop GPU,9.1922,45.4722,31.70067596435547,machine,0.0,43.375,23.575,7.476950645446777,N,1.0,0.0
2026-05-03T06:35:49,Q342_gemma2:27b_GSM8K,4903e0c9-0e84-4d48-b158-ab070a067b3f,5b0fa12a-3dd7-45bb-9766-cc326314d9f1,62.52440170000773,0.0003277913838697,5.242615282309646e-06,13.509888973952002,25.62429336012992,20.0,0.0002260580759006,0.000431712567592,0.0003333800766668,0.0009911507201595,0.0,Italy,ITA,lombardy,,,Windows-11-10.0.26200-SP0,3.13.13,3.2.6,32,13th Gen Intel(R) Core(TM) i9-13900HX,1,1 x NVIDIA GeForce RTX 4070 Laptop GPU,9.1922,45.4722,31.70067596435547,machine,0.0,22.25,52.891666666666666,16.760945383707682,N,1.0,0.0
2026-05-03T06:36:53,Q343_llama3.2_MMLU,5d16fb7c-3637-41a9-a3d2-c47e3e3c288b,5b0fa12a-3dd7-45bb-9766-cc326314d9f1,7.787832499947399,5.127803314773801e-05,6.584378021494987e-06,12.872661494857145,40.924361641894144,20.0,2.6052463620203986e-05,8.852229303996095e-05,4.047586999982337e-05,0.0001550506266599,0.0,Italy,ITA,lombardy,,,Windows-11-10.0.26200-SP0,3.13.13,3.2.6,32,13th Gen Intel(R) Core(TM) i9-13900HX,1,1 x NVIDIA GeForce RTX 4070 Laptop GPU,9.1922,45.4722,31.70067596435547,machine,0.0,34.833333333333336,31.33333333333333,9.934351603190104,N,1.0,0.0
2026-05-03T06:37:45,Q343_llama3.1_MMLU,04420bdd-b275-4a6e-b0f0-5eba12bd7e0e,5b0fa12a-3dd7-45bb-9766-cc326314d9f1,6.720632900018245,3.8133018668281726e-05,5.674021961261744e-06,12.884397152,31.355164334781257,20.0,2.2250789473454904e-05,5.851476903401265e-05,3.453817055560649e-05,0.000115303729063,0.0,Italy,ITA,lombardy,,,Windows-11-10.0.26200-SP0,3.13.13,3.2.6,32,13th Gen Intel(R) Core(TM) i9-13900HX,1,1 x NVIDIA GeForce RTX 4070 Laptop GPU,9.1922,45.4722,31.70067596435547,machine,0.0,25.8,23.9,7.575042724609375,N,1.0,0.0
2026-05-03T06:38:17,Q343_gemma2:27b_MMLU,36f249e1-bb75-41ce-af7d-a34571a3af31,5b0fa12a-3dd7-45bb-9766-cc326314d9f1,17.129422899975907,9.287962277438704e-05,5.422227200340631e-06,13.25087963648,38.71257040010057,20.0,5.799420306190057e-05,0.000133275662176,8.957249222181012e-05,0.0002808423574597,0.0,Italy,ITA,lombardy,,,Windows-11-10.0.26200-SP0,3.13.13,3.2.6,32,13th Gen Intel(R) Core(TM) i9-13900HX,1,1 x NVIDIA GeForce RTX 4070 Laptop GPU,9.1922,45.4722,31.70067596435547,machine,8.886666666666667,17.4,48.49333333333333,15.37236557006836,N,1.0,0.0
2026-05-03T06:38:51,Q344_llama3.2_HellaSwag,ffdfbde0-8f11-447e-8ea8-4adc9da68f9e,5b0fa12a-3dd7-45bb-9766-cc326314d9f1,8.082865400006995,5.44496344720561e-05,6.736427217012544e-06,12.87491702857143,42.50071674724535,20.0,2.7111450591396628e-05,9.541479855401658e-05,4.211442500010081e-05,0.0001646406741455,0.0,Italy,ITA,lombardy,,,Windows-11-10.0.26200-SP0,3.13.13,3.2.6,32,13th Gen Intel(R) Core(TM) i9-13900HX,1,1 x NVIDIA GeForce RTX 4070 Laptop GPU,9.1922,45.4722,31.70067596435547,machine,0.0,35.5,30.883333333333336,9.796152114868164,N,1.0,0.0
2026-05-03T06:39:15,Q344_llama3.1_HellaSwag,be7f6203-f604-429a-8916-f6e14ad59817,5b0fa12a-3dd7-45bb-9766-cc326314d9f1,9.448312299966346,6.40707813433825e-05,6.781187931691326e-06,12.865457864,42.73778007736273,20.0,3.195501017567409e-05,0.000112102589682,4.967476833327156e-05,0.0001937323681909,0.0,Italy,ITA,lombardy,,,Windows-11-10.0.26200-SP0,3.13.13,3.2.6,32,13th Gen Intel(R) Core(TM) i9-13900HX,1,1 x NVIDIA GeForce RTX 4070 Laptop GPU,9.1922,45.4722,31.70067596435547,machine,0.0,45.142857142857146,23.442857142857143,7.438805171421596,N,1.0,0.0
2026-05-03T06:40:00,Q344_gemma2:27b_HellaSwag,587488e7-843b-4c18-a2e4-258cce81b602,5b0fa12a-3dd7-45bb-9766-cc326314d9f1,19.440953799989074,0.0001130855043842,5.816870177652575e-06,13.52075060864,31.071334951913546,20.0,6.709127593067634e-05,0.0001724490268479,0.0001023990666668,0.0003419393694455,0.0,Italy,ITA,lombardy,,,Windows-11-10.0.26200-SP0,3.13.13,3.2.6,32,13th Gen Intel(R) Core(TM) i9-13900HX,1,1 x NVIDIA GeForce RTX 4070 Laptop GPU,9.1922,45.4722,31.70067596435547,machine,1.9588235294117649,10.235294117647058,48.71176470588235,15.441763933967142,N,1.0,0.0
2026-05-03T06:40:35,Q345_llama3.2_HumanEval,783f0e42-a73d-4aad-905f-ee08af911c41,5b0fa12a-3dd7-45bb-9766-cc326314d9f1,10.130531900038475,7.504365585328502e-05,7.407671837349428e-06,12.8514318336,49.415657070036325,20.0,3.4372771934429025e-05,0.0001390467779039,5.349176388893587e-05,0.0002269113137273,0.0,Italy,ITA,lombardy,,,Windows-11-10.0.26200-SP0,3.13.13,3.2.6,32,13th Gen Intel(R) Core(TM) i9-13900HX,1,1 x NVIDIA GeForce RTX 4070 Laptop GPU,9.1922,45.4722,31.70067596435547,machine,6.25,49.75,28.5625,9.050531387329102,N,1.0,0.0
2026-05-03T06:41:13,Q345_llama3.1_HumanEval,7cd1fab1-f93f-4bc5-bf1c-6066444ec422,5b0fa12a-3dd7-45bb-9766-cc326314d9f1,12.035490300040692,9.193912082705602e-05,7.63900086619198e-06,12.867163233745456,51.66081518450588,20.0,4.1223302524329855e-05,0.0001727009714939,6.407426500000939e-05,0.0002779985390183,0.0,Italy,ITA,lombardy,,,Windows-11-10.0.26200-SP0,3.13.13,3.2.6,32,13th Gen Intel(R) Core(TM) i9-13900HX,1,1 x NVIDIA GeForce RTX 4070 Laptop GPU,9.1922,45.4722,31.70067596435547,machine,6.67,52.9,23.4,7.419412994384766,N,1.0,0.0
2026-05-03T06:42:21,Q345_gemma2:27b_HumanEval,77791b5e-d831-4fad-9dd0-97c336f99326,5b0fa12a-3dd7-45bb-9766-cc326314d9f1,43.1851641999674,0.0002238748460094,5.184068421571823e-06,13.393880582006156,24.03167867265306,20.0,0.0001547505324942,0.0002906535658559,0.0002315316777776,0.0006769357761278,0.0,Italy,ITA,lombardy,,,Windows-11-10.0.26200-SP0,3.13.13,3.2.6,32,13th Gen Intel(R) Core(TM) i9-13900HX,1,1 x NVIDIA GeForce RTX 4070 Laptop GPU,9.1922,45.4722,31.70067596435547,machine,2.4390243902439024,21.29268292682927,52.12682926829268,16.51801793168231,N,1.0,0.0
2026-05-03T06:43:17,Q346_llama3.2_HumanEval,fc8788d0-e32c-42dc-a32f-e26e5ba0e23f,5b0fa12a-3dd7-45bb-9766-cc326314d9f1,11.07278009998845,8.439182161122708e-05,7.621556722806688e-06,12.85549584896,51.60524963064984,20.0,3.774670900299867e-05,0.00015870707141,5.872380777760151e-05,0.0002551775881906,0.0,Italy,ITA,lombardy,,,Windows-11-10.0.26200-SP0,3.13.13,3.2.6,32,13th Gen Intel(R) Core(TM) i9-13900HX,1,1 x NVIDIA GeForce RTX 4070 Laptop GPU,9.1922,45.4722,31.70067596435547,machine,0.0,54.888888888888886,28.444444444444443,9.013035244411892,N,1.0,0.0
2026-05-03T06:44:00,Q346_llama3.1_HumanEval,10674d3f-db9b-415f-89d9-128e71d2e0f9,5b0fa12a-3dd7-45bb-9766-cc326314d9f1,17.306649000034668,0.0001512272664023,8.738102124916874e-06,12.83558734784,69.05327183793966,20.0,5.823107254566592e-05,0.0003084674689959,9.0570994444877e-05,0.0004572695359865,0.0,Italy,ITA,lombardy,,,Windows-11-10.0.26200-SP0,3.13.13,3.2.6,32,13th Gen Intel(R) Core(TM) i9-13900HX,1,1 x NVIDIA GeForce RTX 4070 Laptop GPU,9.1922,45.4722,31.70067596435547,machine,0.0,67.73333333333333,23.506666666666668,7.452689361572266,N,1.0,0.0
2026-05-03T06:45:10,Q346_gemma2:27b_HumanEval,47988c2f-c2cd-4216-b3d5-b75035b958ad,5b0fa12a-3dd7-45bb-9766-cc326314d9f1,35.00488090002909,0.0001872886992373,5.350359561921672e-06,13.726178654400004,25.241771105591607,20.0,0.0001268195443494,0.0002533999249419,0.0001860898916667,0.0005663093609582,0.0,Italy,ITA,lombardy,,,Windows-11-10.0.26200-SP0,3.13.13,3.2.6,32,13th Gen Intel(R) Core(TM) i9-13900HX,1,1 x NVIDIA GeForce RTX 4070 Laptop GPU,9.1922,45.4722,31.70067596435547,machine,0.0,14.727272727272728,51.43939393939394,16.30769174749201,N,1.0,0.0
2026-05-03T06:46:06,Q347_llama3.2_HumanEval,7a78b107-ffb5-4bf0-8546-ec3668051643,5b0fa12a-3dd7-45bb-9766-cc326314d9f1,10.078018700005488,7.352335046058379e-05,7.295417149855434e-06,12.843077760000002,48.21135766635643,20.0,3.416243664904627e-05,0.0001349534412959,5.319845166684698e-05,0.0002223143296118,0.0,Italy,ITA,lombardy,,,Windows-11-10.0.26200-SP0,3.13.13,3.2.6,32,13th Gen Intel(R) Core(TM) i9-13900HX,1,1 x NVIDIA GeForce RTX 4070 Laptop GPU,9.1922,45.4722,31.70067596435547,machine,0.0,49.625,29.25,9.277557373046877,N,1.0,0.0
2026-05-03T06:46:56,Q347_llama3.1_HumanEval,0406750d-b342-446a-a704-240b2e2c2176,5b0fa12a-3dd7-45bb-9766-cc326314d9f1,15.025435299961828,0.0001253742669952,8.344135427181742e-06,12.864625233371427,59.06634894732229,20.0,5.18992637202137e-05,0.000246514363878,8.068356999978682e-05,0.000379097197598,0.0,Italy,ITA,lombardy,,,Windows-11-10.0.26200-SP0,3.13.13,3.2.6,32,13th Gen Intel(R) Core(TM) i9-13900HX,1,1 x NVIDIA GeForce RTX 4070 Laptop GPU,9.1922,45.4722,31.70067596435547,machine,0.0,70.76923076923077,23.607692307692307,7.485623873197115,N,1.0,0.0
2026-05-03T06:48:24,Q347_gemma2:27b_HumanEval,0cca86ee-3f8d-4ce4-97e9-3b25c4ed8a34,5b0fa12a-3dd7-45bb-9766-cc326314d9f1,52.79816210002173,0.0002742909273366,5.195084761038698e-06,13.495666317902858,23.70230613800372,20.0,0.0001902625204555,0.0003569794522499,0.0002821381255554,0.0008293800982609,0.0,Italy,ITA,lombardy,,,Windows-11-10.0.26200-SP0,3.13.13,3.2.6,32,13th Gen Intel(R) Core(TM) i9-13900HX,1,1 x NVIDIA GeForce RTX 4070 Laptop GPU,9.1922,45.4722,31.70067596435547,machine,2.0,19.52,52.356,16.60621810913086,N,1.0,0.0
2026-05-03T06:49:27,Q348_llama3.2_MMLU,7298d5eb-2f8f-49b8-81d3-1db98ad41c07,5b0fa12a-3dd7-45bb-9766-cc326314d9f1,6.785604300035629,3.860419348881135e-05,5.689131252261298e-06,12.8537690816,31.51042128656979,20.0,2.2434806454828446e-05,5.938671417599073e-05,3.490691111106167e-05,0.0001167284317418,0.0,Italy,ITA,lombardy,,,Windows-11-10.0.26200-SP0,3.13.13,3.2.6,32,13th Gen Intel(R) Core(TM) i9-13900HX,1,1 x NVIDIA GeForce RTX 4070 Laptop GPU,9.1922,45.4722,31.70067596435547,machine,0.0,23.2,32.92,10.438780975341796,N,1.0,0.0
2026-05-03T06:49:50,Q348_llama3.1_MMLU,aaca7ae1-a51a-4cb4-990b-dd413ee402b4,5b0fa12a-3dd7-45bb-9766-cc326314d9f1,7.407815999991726,4.059785552980292e-05,5.4804081972133575e-06,12.8688403904,29.017815354465867,20.0,2.468689635175979e-05,5.970393665194473e-05,3.836588277772535e-05,0.0001227567157814,0.0,Italy,ITA,lombardy,,,Windows-11-10.0.26200-SP0,3.13.13,3.2.6,32,13th Gen Intel(R) Core(TM) i9-13900HX,1,1 x NVIDIA GeForce RTX 4070 Laptop GPU,9.1922,45.4722,31.70067596435547,machine,0.0,29.0,23.520000000000003,7.448483276367187,N,1.0,0.0
2026-05-03T06:50:28,Q348_gemma2:27b_MMLU,fbdff709-0b6a-446b-8167-1141dad39a69,5b0fa12a-3dd7-45bb-9766-cc326314d9f1,22.992484999995213,0.0001359221307542,5.911589406464e-06,13.28475049712,32.711442556539644,20.0,8.00516435992165e-05,0.000208807667046,0.0001221317172221,0.0004109910278674,0.0,Italy,ITA,lombardy,,,Windows-11-10.0.26200-SP0,3.13.13,3.2.6,32,13th Gen Intel(R) Core(TM) i9-13900HX,1,1 x NVIDIA GeForce RTX 4070 Laptop GPU,9.1922,45.4722,31.70067596435547,machine,0.0,14.476190476190476,50.0,15.85489999680292,N,1.0,0.0
2026-05-03T06:51:11,Q349_llama3.2_MMLU,868ac671-e04a-4485-9637-0c68db36d6bf,5b0fa12a-3dd7-45bb-9766-cc326314d9f1,7.35604310000781,4.6926352640271846e-05,6.379292780410983e-06,12.873171296,38.81658210986558,20.0,2.4508747371440024e-05,7.930728566796219e-05,3.807631222233694e-05,0.0001418923452617,0.0,Italy,ITA,lombardy,,,Windows-11-10.0.26200-SP0,3.13.13,3.2.6,32,13th Gen Intel(R) Core(TM) i9-13900HX,1,1 x NVIDIA GeForce RTX 4070 Laptop GPU,9.1922,45.4722,31.70067596435547,machine,0.0,41.0,31.72,10.04398193359375,N,1.0,0.0
2026-05-03T06:51:33,Q349_llama3.1_MMLU,3a84e9d1-9775-4576-a51e-597fbad376a4,5b0fa12a-3dd7-45bb-9766-cc326314d9f1,6.8983198999776505,3.922672749497732e-05,5.68641757177779e-06,12.870183104000002,31.425369364203004,20.0,2.286680467578928e-05,6.02103259459974e-05,3.553367222225966e-05,0.000118610802844,0.0,Italy,ITA,lombardy,,,Windows-11-10.0.26200-SP0,3.13.13,3.2.6,32,13th Gen Intel(R) Core(TM) i9-13900HX,1,1 x NVIDIA GeForce RTX 4070 Laptop GPU,9.1922,45.4722,31.70067596435547,machine,0.0,11.0,23.58,7.475825500488281,N,1.0,0.0
2026-05-03T06:52:04,Q349_gemma2:27b_MMLU,388a41b8-eaa2-405a-a5b7-dbfcdfab597b,5b0fa12a-3dd7-45bb-9766-cc326314d9f1,16.68019819998881,0.0001498471170867,8.983533366341023e-06,12.88276779776,80.6156690130128,20.0,0.0001151770673408,0.0001591106828439,0.0001788085949998,0.0004530963451846,0.0,Italy,ITA,lombardy,,,Windows-11-10.0.26200-SP0,3.13.13,3.2.6,32,13th Gen Intel(R) Core(TM) i9-13900HX,1,1 x NVIDIA GeForce RTX 4070 Laptop GPU,9.1922,45.4722,31.70067596435547,machine,3.333333333333333,14.533333333333331,48.373333333333335,15.33803990681966,N,1.0,0.0
2026-05-03T06:52:37,Q350_llama3.2_MMLU,690cc236-d5ca-41da-85f9-94d7d0b18415,5b0fa12a-3dd7-45bb-9766-cc326314d9f1,7.472927299968433,4.596562813822629e-05,6.150953474205545e-06,12.880397792000002,36.28796475537378,20.0,2.4941244137702863e-05,7.531978247798943e-05,3.872635277770719e-05,0.0001389873793933,0.0,Italy,ITA,lombardy,,,Windows-11-10.0.26200-SP0,3.13.13,3.2.6,32,13th Gen Intel(R) Core(TM) i9-13900HX,1,1 x NVIDIA GeForce RTX 4070 Laptop GPU,9.1922,45.4722,31.70067596435547,machine,0.0,28.6,32.62,10.343012237548828,N,1.0,0.0
2026-05-03T06:53:00,Q350_llama3.1_MMLU,d63f9ac3-34a1-4c0a-aa3b-c3a7b36987fb,5b0fa12a-3dd7-45bb-9766-cc326314d9f1,7.946054300002288,5.109539729761059e-05,6.430285443379852e-06,12.893043765028574,39.188018626263286,20.0,2.6658266485064743e-05,8.6488124745987e-05,4.135199500015005e-05,0.0001544983862312,0.0,Italy,ITA,lombardy,,,Windows-11-10.0.26200-SP0,3.13.13,3.2.6,32,13th Gen Intel(R) Core(TM) i9-13900HX,1,1 x NVIDIA GeForce RTX 4070 Laptop GPU,9.1922,45.4722,31.70067596435547,machine,0.0,41.16666666666666,23.55,7.461249669392903,N,1.0,0.0
2026-05-03T06:53:33,Q350_gemma2:27b_MMLU,980a4c45-9813-4c19-b4bb-440bb7f59e37,5b0fa12a-3dd7-45bb-9766-cc326314d9f1,17.137906500021927,9.557463274848558e-05,5.576797419706036e-06,13.1915139488,34.58088404755135,20.0,5.794071713955755e-05,0.000141433168702,8.961743833335478e-05,0.0002889913241749,0.0,Italy,ITA,lombardy,,,Windows-11-10.0.26200-SP0,3.13.13,3.2.6,32,13th Gen Intel(R) Core(TM) i9-13900HX,1,1 x NVIDIA GeForce RTX 4070 Laptop GPU,9.1922,45.4722,31.70067596435547,machine,1.6666666666666667,18.066666666666663,48.14,15.25747044881185,N,1.0,0.0
2026-05-03T06:54:05,Q351_llama3.2_MMLU,95cd655d-0dcb-463a-b0ec-212c08c671ba,5b0fa12a-3dd7-45bb-9766-cc326314d9f1,7.364297399995848,4.503638373378156e-05,6.115503121018299e-06,12.8732395328,35.94216118716873,20.0,2.453864128725067e-05,7.351672548006061e-05,3.812223388878111e-05,0.000136177600656,0.0,Italy,ITA,lombardy,,,Windows-11-10.0.26200-SP0,3.13.13,3.2.6,32,13th Gen Intel(R) Core(TM) i9-13900HX,1,1 x NVIDIA GeForce RTX 4070 Laptop GPU,9.1922,45.4722,31.70067596435547,machine,0.0,26.8,32.02,10.152359771728516,N,1.0,0.0
2026-05-03T06:54:29,Q351_llama3.1_MMLU,ff606941-9f61-4cc2-8ce2-d825580667ca,5b0fa12a-3dd7-45bb-9766-cc326314d9f1,8.438115500030108,5.310805321879269e-05,6.293828665725563e-06,12.870923307885716,37.62083536535118,20.0,2.8364674786743234e-05,8.814479273799858e-05,4.407463500004572e-05,0.0001605841025247,0.0,Italy,ITA,lombardy,,,Windows-11-10.0.26200-SP0,3.13.13,3.2.6,32,13th Gen Intel(R) Core(TM) i9-13900HX,1,1 x NVIDIA GeForce RTX 4070 Laptop GPU,9.1922,45.4722,31.70067596435547,machine,9.516666666666667,40.66666666666666,23.4,7.413557052612305,N,1.0,0.0
2026-05-03T06:55:12,Q351_gemma2:27b_MMLU,bf218049-43a1-4df9-8b76-17234fd35d2e,5b0fa12a-3dd7-45bb-9766-cc326314d9f1,28.209086399991065,0.0001602792311758,5.6818299218600256e-06,13.679954765193848,28.469234470701025,20.0,0.0001024199182474,0.0002311418515799,0.0001510784105552,0.0004846401803826,0.0,Italy,ITA,lombardy,,,Windows-11-10.0.26200-SP0,3.13.13,3.2.6,32,13th Gen Intel(R) Core(TM) i9-13900HX,1,1 x NVIDIA GeForce RTX 4070 Laptop GPU,9.1922,45.4722,31.70067596435547,machine,5.615384615384615,14.346153846153848,50.59615384615385,16.035275826087364,N,1.0,0.0
2026-05-03T06:55:54,Q352_llama3.2_SQuAD,12228f95-0f9e-4130-836c-47480b08312b,5b0fa12a-3dd7-45bb-9766-cc326314d9f1,6.2039053999469616,3.375805187505543e-05,5.441419508966728e-06,12.881750021120002,29.01651997517292,20.0,2.0402138584298817e-05,4.9998095554004696e-05,3.167480222214686e-05,0.0001020750363604,0.0,Italy,ITA,lombardy,,,Windows-11-10.0.26200-SP0,3.13.13,3.2.6,32,13th Gen Intel(R) Core(TM) i9-13900HX,1,1 x NVIDIA GeForce RTX 4070 Laptop GPU,9.1922,45.4722,31.70067596435547,machine,0.0,29.5,34.3,10.879528045654297,N,1.0,0.0
2026-05-03T06:56:17,Q352_llama3.1_SQuAD,eb457698-0b31-4b2b-819f-236fe3d35c93,5b0fa12a-3dd7-45bb-9766-cc326314d9f1,7.878081000002567,4.955226712522632e-05,6.289890536186436e-06,12.870802742857142,37.71546490101218,20.0,2.636395527638288e-05,8.250228822398453e-05,4.0966142778052016e-05,0.0001498323862784,0.0,Italy,ITA,lombardy,,,Windows-11-10.0.26200-SP0,3.13.13,3.2.6,32,13th Gen Intel(R) Core(TM) i9-13900HX,1,1 x NVIDIA GeForce RTX 4070 Laptop GPU,9.1922,45.4722,31.70067596435547,machine,0.0,38.0,23.383333333333336,7.412898381551106,N,1.0,0.0
2026-05-03T06:56:50,Q352_gemma2:27b_SQuAD,7b6aeeac-87ec-49ad-9c2b-3709c5265be2,5b0fa12a-3dd7-45bb-9766-cc326314d9f1,18.652242799988016,0.0001036374481016,5.556299540647227e-06,13.7067158384,31.290877835640792,20.0,6.496715330089778e-05,0.0001503628980679,9.804100222245324e-05,0.0003133710535913,0.0,Italy,ITA,lombardy,,,Windows-11-10.0.26200-SP0,3.13.13,3.2.6,32,13th Gen Intel(R) Core(TM) i9-13900HX,1,1 x NVIDIA GeForce RTX 4070 Laptop GPU,9.1922,45.4722,31.70067596435547,machine,0.0,14.470588235294118,49.6764705882353,15.745176203110638,N,1.0,0.0
2026-05-03T06:57:33,Q353_llama3.2_SQuAD,4ac91596-3dcc-445e-bd24-bcffe38f2f6f,5b0fa12a-3dd7-45bb-9766-cc326314d9f1,6.87001049995888,3.885378767385997e-05,5.65556452556987e-06,12.8627215232,31.10481033273948,20.0,2.2753512667680847e-05,5.9351714147948265e-05,3.5377908888686864e-05,0.0001174831357043,0.0,Italy,ITA,lombardy,,,Windows-11-10.0.26200-SP0,3.13.13,3.2.6,32,13th Gen Intel(R) Core(TM) i9-13900HX,1,1 x NVIDIA GeForce RTX 4070 Laptop GPU,9.1922,45.4722,31.70067596435547,machine,0.0,16.0,36.46,11.558110809326172,N,1.0,0.0
2026-05-03T06:57:55,Q353_llama3.1_SQuAD,ae216cdb-2a67-48b6-8aa8-6a74553e30c1,5b0fa12a-3dd7-45bb-9766-cc326314d9f1,7.398750699998345,4.004514889562336e-05,5.412420355727395e-06,12.8833170368,28.26762487111785,20.0,2.468150914029046e-05,5.808949091606896e-05,3.8314483333185005e-05,0.0001210854833895,0.0,Italy,ITA,lombardy,,,Windows-11-10.0.26200-SP0,3.13.13,3.2.6,32,13th Gen Intel(R) Core(TM) i9-13900HX,1,1 x NVIDIA GeForce RTX 4070 Laptop GPU,9.1922,45.4722,31.70067596435547,machine,0.0,9.2,23.96,7.590479278564453,N,1.0,0.0
2026-05-03T06:58:35,Q353_gemma2:27b_SQuAD,3b10b319-b4f7-4f4e-95cf-ebe76619840d,5b0fa12a-3dd7-45bb-9766-cc326314d9f1,24.917693499999583,0.0001358088993412,5.450299777597807e-06,13.09069426688,29.223364726536005,20.0,8.65394270754416e-05,0.000191266541902,0.0001328426783332,0.0004106486473106,0.0,Italy,ITA,lombardy,,,Windows-11-10.0.26200-SP0,3.13.13,3.2.6,32,13th Gen Intel(R) Core(TM) i9-13900HX,1,1 x NVIDIA GeForce RTX 4070 Laptop GPU,9.1922,45.4722,31.70067596435547,machine,3.6217391304347823,9.347826086956522,43.63478260869565,13.830534893533455,N,1.0,0.0
2026-05-03T06:59:07,Q354_llama3.2_MMLU,bc02db47-5fc0-4daa-b008-752249c47a87,5b0fa12a-3dd7-45bb-9766-cc326314d9f1,6.634085999976378,3.734848298694037e-05,5.629785774117694e-06,12.876771219200002,30.898117875631545,20.0,2.193351126159253e-05,5.693226776798399e-05,3.406573055544868e-05,0.000112931509585,0.0,Italy,ITA,lombardy,,,Windows-11-10.0.26200-SP0,3.13.13,3.2.6,32,13th Gen Intel(R) Core(TM) i9-13900HX,1,1 x NVIDIA GeForce RTX 4070 Laptop GPU,9.1922,45.4722,31.70067596435547,machine,0.0,11.2,32.78,10.388654327392578,N,1.0,0.0
2026-05-03T06:59:41,Q354_llama3.1_MMLU,210bed18-f457-4fe6-99f5-d659ccc9b3ee,5b0fa12a-3dd7-45bb-9766-cc326314d9f1,8.122801800025627,5.032061503114564e-05,6.194982503572459e-06,12.884485507657145,36.58665938653903,20.0,2.727521568809912e-05,8.254312159000632e-05,4.233732111105282e-05,0.0001521556583891,0.0,Italy,ITA,lombardy,,,Windows-11-10.0.26200-SP0,3.13.13,3.2.6,32,13th Gen Intel(R) Core(TM) i9-13900HX,1,1 x NVIDIA GeForce RTX 4070 Laptop GPU,9.1922,45.4722,31.70067596435547,machine,0.0,41.0,24.05,7.619860967000325,N,1.0,0.0
2026-05-03T07:00:22,Q354_gemma2:27b_MMLU,f3b5d8ec-404b-4ac8-b8e2-82fc54f4c575,5b0fa12a-3dd7-45bb-9766-cc326314d9f1,16.443951399996877,9.46822389840066e-05,5.757876357140328e-06,12.95599768832,30.73110101000875,20.0,5.737040153963868e-05,0.0001403623345119,8.856023555563297e-05,0.0002862929716072,0.0,Italy,ITA,lombardy,,,Windows-11-10.0.26200-SP0,3.13.13,3.2.6,32,13th Gen Intel(R) Core(TM) i9-13900HX,1,1 x NVIDIA GeForce RTX 4070 Laptop GPU,9.1922,45.4722,31.70067596435547,machine,0.0,22.857142857142858,48.31428571428571,15.319652012416295,N,1.0,0.0
2026-05-03T07:00:54,Q355_llama3.2_HellaSwag,e93006d8-dd53-45e9-9f96-180972b877bc,5b0fa12a-3dd7-45bb-9766-cc326314d9f1,6.808390300022438,3.892250250080795e-05,5.716843598211412e-06,12.8685600704,31.788782365075694,20.0,2.254313673963644e-05,6.011282586798616e-05,3.503494777768436e-05,0.0001176909103853,0.0,Italy,ITA,lombardy,,,Windows-11-10.0.26200-SP0,3.13.13,3.2.6,32,13th Gen Intel(R) Core(TM) i9-13900HX,1,1 x NVIDIA GeForce RTX 4070 Laptop GPU,9.1922,45.4722,31.70067596435547,machine,0.0,19.6,33.02,10.46688232421875,N,1.0,0.0
2026-05-03T07:01:18,Q355_llama3.1_HellaSwag,a19297fe-652f-434b-9cef-d7aea3002725,5b0fa12a-3dd7-45bb-9766-cc326314d9f1,8.557612099975813,5.435848682593414e-05,6.352062490199547e-06,12.86554608457143,38.21159442414013,20.0,2.8788479481520205e-05,9.082479488198292e-05,4.475179444416427e-05,0.0001643650688076,0.0,Italy,ITA,lombardy,,,Windows-11-10.0.26200-SP0,3.13.13,3.2.6,32,13th Gen Intel(R) Core(TM) i9-13900HX,1,1 x NVIDIA GeForce RTX 4070 Laptop GPU,9.1922,45.4722,31.70067596435547,machine,0.0,26.33333333333333,24.0,7.6100718180338545,N,1.0,0.0
2026-05-03T07:01:56,Q355_gemma2:27b_HellaSwag,4547a79b-44ea-447b-86cc-18177020b34c,5b0fa12a-3dd7-45bb-9766-cc326314d9f1,23.4536761000054,0.0001310754474139,5.5886952158399895e-06,13.67611791056,28.80648081612817,20.0,8.357216067857103e-05,0.0001880532059979,0.0001247106277778,0.0003963359944543,0.0,Italy,ITA,lombardy,,,Windows-11-10.0.26200-SP0,3.13.13,3.2.6,32,13th Gen Intel(R) Core(TM) i9-13900HX,1,1 x NVIDIA GeForce RTX 4070 Laptop GPU,9.1922,45.4722,31.70067596435547,machine,0.0,15.523809523809524,50.42380952380952,15.986510322207495,N,1.0,0.0
2026-05-03T07:02:41,Q356_llama3.2_HumanEval,ce340ecc-363b-4003-b55a-df7062c2dfbd,5b0fa12a-3dd7-45bb-9766-cc326314d9f1,9.387408400012646,6.582302147233415e-05,7.011841678502608e-06,12.859314924800003,45.228132451618826,20.0,3.1739094623898325e-05,0.0001179292610099,4.936230333340872e-05,0.0001990306589672,0.0,Italy,ITA,lombardy,,,Windows-11-10.0.26200-SP0,3.13.13,3.2.6,32,13th Gen Intel(R) Core(TM) i9-13900HX,1,1 x NVIDIA GeForce RTX 4070 Laptop GPU,9.1922,45.4722,31.70067596435547,machine,0.0,43.57142857142857,30.27142857142857,9.597455160958429,N,1.0,0.0
2026-05-03T07:03:10,Q356_llama3.1_HumanEval,a7cf48fe-964c-40cc-8e20-36ab3f52fb24,5b0fa12a-3dd7-45bb-9766-cc326314d9f1,13.86649679997936,0.0001161025630893,8.372883559856018e-06,12.848631095138462,59.48611719370709,20.0,4.769919383431015e-05,0.0002291162944039,7.42466344443124e-05,0.0003510621226825,0.0,Italy,ITA,lombardy,,,Windows-11-10.0.26200-SP0,3.13.13,3.2.6,32,13th Gen Intel(R) Core(TM) i9-13900HX,1,1 x NVIDIA GeForce RTX 4070 Laptop GPU,9.1922,45.4722,31.70067596435547,machine,0.0,60.583333333333336,24.008333333333336,7.615140597025554,N,1.0,0.0
2026-05-03T07:05:02,Q356_gemma2:27b_HumanEval,fdf12a20-1478-40af-9518-eee0f4f23d05,5b0fa12a-3dd7-45bb-9766-cc326314d9f1,76.64444470003946,0.0004192888907405,5.470571185967755e-06,11.288138366586669,28.893483567703907,20.0,0.000278234333196,0.0004971967866459,0.0004923828205559,0.0012678139403979,0.0,Italy,ITA,lombardy,,,Windows-11-10.0.26200-SP0,3.13.13,3.2.6,32,13th Gen Intel(R) Core(TM) i9-13900HX,1,1 x NVIDIA GeForce RTX 4070 Laptop GPU,9.1922,45.4722,31.70067596435547,machine,1.891891891891892,24.027027027027028,52.71216216216216,16.71915781175768,N,1.0,0.0
2026-05-03T07:06:05,Q357_llama3.2_SQuAD,ce2db27f-bb47-4a8c-ab8d-778cca4a34b5,5b0fa12a-3dd7-45bb-9766-cc326314d9f1,6.277865300013218,3.520889134798697e-05,5.608417776646599e-06,12.87066854144,30.80998484162109,20.0,2.065072060828652e-05,5.37225429780297e-05,3.2088711111120775e-05,0.0001064619746974,0.0,Italy,ITA,lombardy,,,Windows-11-10.0.26200-SP0,3.13.13,3.2.6,32,13th Gen Intel(R) Core(TM) i9-13900HX,1,1 x NVIDIA GeForce RTX 4070 Laptop GPU,9.1922,45.4722,31.70067596435547,machine,0.0,8.25,34.225,10.844285011291504,N,1.0,0.0
2026-05-03T07:06:47,Q357_llama3.1_SQuAD,80a492e4-1e77-4719-b54f-f2179fefa217,5b0fa12a-3dd7-45bb-9766-cc326314d9f1,6.695761299983133,3.624911474299997e-05,5.4137405918414805e-06,12.869887923200002,28.529956894237344,20.0,2.214222139797657e-05,5.305670911198712e-05,3.4408392777550034e-05,0.0001096073232875,0.0,Italy,ITA,lombardy,,,Windows-11-10.0.26200-SP0,3.13.13,3.2.6,32,13th Gen Intel(R) Core(TM) i9-13900HX,1,1 x NVIDIA GeForce RTX 4070 Laptop GPU,9.1922,45.4722,31.70067596435547,machine,6.659999999999999,10.6,23.46,7.43157730102539,N,1.0,0.0
2026-05-03T07:07:19,Q357_gemma2:27b_SQuAD,91bef695-1e81-471a-ba99-8e0303135f63,5b0fa12a-3dd7-45bb-9766-cc326314d9f1,16.763929500011727,0.0001522110740685,9.079677534340282e-06,12.84495531392,61.09098486562373,20.0,0.0001151449507665,0.0001658167993199,0.0001792825488887,0.0004602442989753,0.0,Italy,ITA,lombardy,,,Windows-11-10.0.26200-SP0,3.13.13,3.2.6,32,13th Gen Intel(R) Core(TM) i9-13900HX,1,1 x NVIDIA GeForce RTX 4070 Laptop GPU,9.1922,45.4722,31.70067596435547,machine,7.653333333333333,13.533333333333331,47.91333333333333,15.196474965413412,N,1.0,0.0
2026-05-03T07:07:50,Q358_llama3.2_SQuAD,8e4aea58-f1f8-4e4f-999f-6dde76926346,5b0fa12a-3dd7-45bb-9766-cc326314d9f1,6.483043699990958,3.496896129434208e-05,5.393911087532982e-06,12.872118149120002,28.394952420539653,20.0,2.1384135944504816e-05,5.1128096458019634e-05,3.322425999989112e-05,0.0001057364924024,0.0,Italy,ITA,lombardy,,,Windows-11-10.0.26200-SP0,3.13.13,3.2.6,32,13th Gen Intel(R) Core(TM) i9-13900HX,1,1 x NVIDIA GeForce RTX 4070 Laptop GPU,9.1922,45.4722,31.70067596435547,machine,0.0,9.75,35.025,11.10211944580078,N,1.0,0.0
2026-05-03T07:08:12,Q358_llama3.1_SQuAD,aa65ec2b-4b6e-4981-b800-02330c252c3d,5b0fa12a-3dd7-45bb-9766-cc326314d9f1,6.708041100006085,3.852999431944408e-05,5.743851855560206e-06,12.8576565248,32.129179235159974,20.0,2.216546658917761e-05,5.986115900002975e-05,3.447744833311946e-05,0.0001165040739223,0.0,Italy,ITA,lombardy,,,Windows-11-10.0.26200-SP0,3.13.13,3.2.6,32,13th Gen Intel(R) Core(TM) i9-13900HX,1,1 x NVIDIA GeForce RTX 4070 Laptop GPU,9.1922,45.4722,31.70067596435547,machine,0.0,10.0,23.36,7.395891571044922,N,1.0,0.0
2026-05-03T07:08:49,Q358_gemma2:27b_SQuAD,e65528f1-1018-40c0-b9b6-6bd1e9a5fb5d,5b0fa12a-3dd7-45bb-9766-cc326314d9f1,21.17101019999245,0.0001284017555298,6.06498009858094e-06,13.58411927168,31.481374723153525,20.0,7.396337817019786e-05,0.000202267939592,0.0001120201700001,0.0003882514877624,0.0,Italy,ITA,lombardy,,,Windows-11-10.0.26200-SP0,3.13.13,3.2.6,32,13th Gen Intel(R) Core(TM) i9-13900HX,1,1 x NVIDIA GeForce RTX 4070 Laptop GPU,9.1922,45.4722,31.70067596435547,machine,0.0,19.0,49.194736842105264,15.597349869577508,N,1.0,0.0
2026-05-03T07:09:30,Q359_llama3.2_SQuAD,f77ba078-61c6-4417-8363-f96c709cc1f4,5b0fa12a-3dd7-45bb-9766-cc326314d9f1,6.234765400004108,3.4120625293475234e-05,5.472639803488477e-06,12.87393462272,29.35209911032032,20.0,2.049892936246209e-05,5.0827818440013495e-05,3.18446105556278e-05,0.0001031713583581,0.0,Italy,ITA,lombardy,,,Windows-11-10.0.26200-SP0,3.13.13,3.2.6,32,13th Gen Intel(R) Core(TM) i9-13900HX,1,1 x NVIDIA GeForce RTX 4070 Laptop GPU,9.1922,45.4722,31.70067596435547,machine,0.0,4.75,33.95,10.765425682067873,N,1.0,0.0
2026-05-03T07:09:53,Q359_llama3.1_SQuAD,c1286193-67ff-4c06-8647-d400658930d0,5b0fa12a-3dd7-45bb-9766-cc326314d9f1,7.281558800023049,4.190043970606754e-05,5.754322784008131e-06,12.8755345088,32.03494127263514,20.0,2.424651416941401e-05,6.478699627399109e-05,3.766186055565615e-05,0.000126695370999,0.0,Italy,ITA,lombardy,,,Windows-11-10.0.26200-SP0,3.13.13,3.2.6,32,13th Gen Intel(R) Core(TM) i9-13900HX,1,1 x NVIDIA GeForce RTX 4070 Laptop GPU,9.1922,45.4722,31.70067596435547,machine,0.0,9.4,23.4,7.412662506103516,N,1.0,0.0
2026-05-03T07:10:26,Q359_gemma2:27b_SQuAD,49ceabd8-7fdc-49d3-915b-b94fd66364c7,5b0fa12a-3dd7-45bb-9766-cc326314d9f1,18.16640929999994,0.000103286203045,5.685559613867983e-06,13.28061872768,34.37986256668853,20.0,6.177885239430246e-05,0.0001551892908179,9.534084222266556e-05,0.0003123089854349,0.0,Italy,ITA,lombardy,,,Windows-11-10.0.26200-SP0,3.13.13,3.2.6,32,13th Gen Intel(R) Core(TM) i9-13900HX,1,1 x NVIDIA GeForce RTX 4070 Laptop GPU,9.1922,45.4722,31.70067596435547,machine,0.0,19.8125,48.35625,15.331238031387327,N,1.0,0.0
2026-05-03T07:10:58,Q360_llama3.2_SQuAD,16ad90bb-9cfd-48af-a702-e81bfd9156ec,5b0fa12a-3dd7-45bb-9766-cc326314d9f1,6.432457599963527,3.684910163722036e-05,5.728619437371697e-06,12.875466391040002,32.0530294534216,20.0,2.121053510912328e-05,5.726476803402658e-05,3.294621499986129e-05,0.000111421518143,0.0,Italy,ITA,lombardy,,,Windows-11-10.0.26200-SP0,3.13.13,3.2.6,32,13th Gen Intel(R) Core(TM) i9-13900HX,1,1 x NVIDIA GeForce RTX 4070 Laptop GPU,9.1922,45.4722,31.70067596435547,machine,0.0,5.25,34.45,10.918085098266602,N,1.0,0.0
2026-05-03T07:11:20,Q360_llama3.1_SQuAD,f685e32d-e23c-4ddc-a2be-0883931319b6,5b0fa12a-3dd7-45bb-9766-cc326314d9f1,7.094874100002926,3.956797329961857e-05,5.576980330010683e-06,12.8523933248,30.18883947465164,20.0,2.3534811766339697e-05,5.948532536598217e-05,3.6622498888755214e-05,0.000119642636021,0.0,Italy,ITA,lombardy,,,Windows-11-10.0.26200-SP0,3.13.13,3.2.6,32,13th Gen Intel(R) Core(TM) i9-13900HX,1,1 x NVIDIA GeForce RTX 4070 Laptop GPU,9.1922,45.4722,31.70067596435547,machine,15.0,28.4,23.48,7.431647491455078,N,1.0,0.0
2026-05-03T07:11:53,Q360_gemma2:27b_SQuAD,7698144d-d291-4b19-9330-241dc5c0ed3d,5b0fa12a-3dd7-45bb-9766-cc326314d9f1,17.565415300021414,0.000106996795888,6.091333114562057e-06,13.24442950592,36.2397121022958,20.0,5.9544785338203246e-05,0.000171977082026,9.20069272222463e-05,0.0003235287945864,0.0,Italy,ITA,lombardy,,,Windows-11-10.0.26200-SP0,3.13.13,3.2.6,32,13th Gen Intel(R) Core(TM) i9-13900HX,1,1 x NVIDIA GeForce RTX 4070 Laptop GPU,9.1922,45.4722,31.70067596435547,machine,0.0,14.066666666666666,48.10666666666667,15.25447769165039,N,1.0,0.0
2026-05-03T07:12:28,Q361_llama3.2_GSM8K,c13eab7a-b3c4-4ae3-9f64-3b7892c7da36,5b0fa12a-3dd7-45bb-9766-cc326314d9f1,9.819523099984508,7.076493783658467e-05,7.206555462626928e-06,12.8767667328,47.26111300807438,20.0,3.3324680993894035e-05,0.000128891492002,5.175747777781605e-05,0.0002139736507737,0.0,Italy,ITA,lombardy,,,Windows-11-10.0.26200-SP0,3.13.13,3.2.6,32,13th Gen Intel(R) Core(TM) i9-13900HX,1,1 x NVIDIA GeForce RTX 4070 Laptop GPU,9.1922,45.4722,31.70067596435547,machine,0.0,49.875,29.2875,9.287321090698242,N,1.0,0.0
2026-05-03T07:13:17,Q361_llama3.1_GSM8K,526f8245-cd5f-42a5-b2fc-6c6ee4dd8aa8,5b0fa12a-3dd7-45bb-9766-cc326314d9f1,13.649566299980506,0.0001098545244548,8.048206224322136e-06,12.851011180307696,55.99903096806799,20.0,4.691688820385856e-05,0.00021223766979,7.301521944431848e-05,0.0003321697774381,0.0,Italy,ITA,lombardy,,,Windows-11-10.0.26200-SP0,3.13.13,3.2.6,32,13th Gen Intel(R) Core(TM) i9-13900HX,1,1 x NVIDIA GeForce RTX 4070 Laptop GPU,9.1922,45.4722,31.70067596435547,machine,0.0,67.41666666666667,23.45833333333333,7.443367958068848,N,1.0,0.0
2026-05-03T07:14:40,Q361_gemma2:27b_GSM8K,fcae746f-964a-4347-ae70-4a70cc848040,5b0fa12a-3dd7-45bb-9766-cc326314d9f1,58.011892699985765,0.0003112955774305,5.3660648350232525e-06,13.520040690836924,25.517158664223743,20.0,0.0002100999709357,0.0004201150583139,0.0003110569227774,0.0009412719520272,0.0,Italy,ITA,lombardy,,,Windows-11-10.0.26200-SP0,3.13.13,3.2.6,32,13th Gen Intel(R) Core(TM) i9-13900HX,1,1 x NVIDIA GeForce RTX 4070 Laptop GPU,9.1922,45.4722,31.70067596435547,machine,4.210714285714286,21.607142857142858,52.58928571428572,16.677106176103866,N,1.0,0.0
2026-05-03T07:15:43,Q362_llama3.2_SQuAD,a5d2f74b-77f7-4485-ac71-2807fa0d839f,5b0fa12a-3dd7-45bb-9766-cc326314d9f1,6.242515499994624,3.3947071462778687e-05,5.438043600021164e-06,12.87237391616,28.97054546216957,20.0,2.0526552045459563e-05,5.022865129400422e-05,3.18913761112425e-05,0.0001026465794507,0.0,Italy,ITA,lombardy,,,Windows-11-10.0.26200-SP0,3.13.13,3.2.6,32,13th Gen Intel(R) Core(TM) i9-13900HX,1,1 x NVIDIA GeForce RTX 4070 Laptop GPU,9.1922,45.4722,31.70067596435547,machine,0.0,6.0,34.65,10.98623752593994,N,1.0,0.0
2026-05-03T07:16:05,Q362_llama3.1_SQuAD,a14d63ac-4768-4e87-adb2-ebe7edd3cdf3,5b0fa12a-3dd7-45bb-9766-cc326314d9f1,7.265405199956149,4.325573774510139e-05,5.953657993550376e-06,12.865556288,34.22029039569845,20.0,2.4169757599206705e-05,6.905172190796449e-05,3.757193888886832e-05,0.000130793418396,0.0,Italy,ITA,lombardy,,,Windows-11-10.0.26200-SP0,3.13.13,3.2.6,32,13th Gen Intel(R) Core(TM) i9-13900HX,1,1 x NVIDIA GeForce RTX 4070 Laptop GPU,9.1922,45.4722,31.70067596435547,machine,0.0,28.8,23.78,7.528509521484375,N,1.0,0.0
2026-05-03T07:16:39,Q362_gemma2:27b_SQuAD,f83ab767-8903-46b8-b888-e41eea16422b,5b0fa12a-3dd7-45bb-9766-cc326314d9f1,18.61951589997625,0.0001106990858217,5.9453256688507175e-06,13.35021443072,34.63689697304675,20.0,6.35752160569794e-05,0.000173300971974,9.784730999963358e-05,0.0003347234980306,0.0,Italy,ITA,lombardy,,,Windows-11-10.0.26200-SP0,3.13.13,3.2.6,32,13th Gen Intel(R) Core(TM) i9-13900HX,1,1 x NVIDIA GeForce RTX 4070 Laptop GPU,9.1922,45.4722,31.70067596435547,machine,5.55625,11.9375,48.5875,15.405738353729248,N,1.0,0.0
2026-05-03T07:17:25,Q363_llama3.2_HumanEval,19edb243-bb8f-495c-b6c4-f509f19a27a9,5b0fa12a-3dd7-45bb-9766-cc326314d9f1,11.069221399957314,8.617629839861179e-05,7.785217702750449e-06,12.84931111808,53.4245608588827,20.0,3.770185404496288e-05,0.00016418902024,5.86824794442186e-05,0.0002605733537291,0.0,Italy,ITA,lombardy,,,Windows-11-10.0.26200-SP0,3.13.13,3.2.6,32,13th Gen Intel(R) Core(TM) i9-13900HX,1,1 x NVIDIA GeForce RTX 4070 Laptop GPU,9.1922,45.4722,31.70067596435547,machine,0.0,55.22222222222222,28.65555555555555,9.081500159369575,N,1.0,0.0
2026-05-03T07:18:00,Q363_llama3.1_HumanEval,313f1dc1-2fa3-4f50-8ff0-d2ab941cbca7,5b0fa12a-3dd7-45bb-9766-cc326314d9f1,9.697314799996091,6.815324105921799e-05,7.028052864618302e-06,12.8726030464,45.34855146754855,20.0,3.287485748241095e-05,0.0001221256532559,5.107608944429861e-05,0.0002060766001826,0.0,Italy,ITA,lombardy,,,Windows-11-10.0.26200-SP0,3.13.13,3.2.6,32,13th Gen Intel(R) Core(TM) i9-13900HX,1,1 x NVIDIA GeForce RTX 4070 Laptop GPU,9.1922,45.4722,31.70067596435547,machine,0.0,42.0,23.4875,7.448986530303955,N,1.0,0.0
2026-05-03T07:19:28,Q363_gemma2:27b_HumanEval,8c92c17d-6cba-43c1-90bc-cafb39f3c9a7,5b0fa12a-3dd7-45bb-9766-cc326314d9f1,72.09243160003098,0.0003698349222951,5.13001037816347e-06,13.559056622048,23.395805932884493,20.0,0.0002619918925113,0.000469763431366,0.0003865234583334,0.0011182787822108,0.0,Italy,ITA,lombardy,,,Windows-11-10.0.26200-SP0,3.13.13,3.2.6,32,13th Gen Intel(R) Core(TM) i9-13900HX,1,1 x NVIDIA GeForce RTX 4070 Laptop GPU,9.1922,45.4722,31.70067596435547,machine,0.0,13.142857142857142,52.88428571428572,16.757080568586076,N,1.0,0.0
2026-05-03T07:20:42,Q364_llama3.2_GSM8K,38d5d6a6-1549-4566-937f-0508fd6b504b,5b0fa12a-3dd7-45bb-9766-cc326314d9f1,7.925211599969771,5.203373952078728e-05,6.565596244898465e-06,12.8619913088,40.698027682682834,20.0,2.65190348201482e-05,8.958118277602178e-05,4.1235456666456434e-05,0.0001573356742626,0.0,Italy,ITA,lombardy,,,Windows-11-10.0.26200-SP0,3.13.13,3.2.6,32,13th Gen Intel(R) Core(TM) i9-13900HX,1,1 x NVIDIA GeForce RTX 4070 Laptop GPU,9.1922,45.4722,31.70067596435547,machine,0.0,31.666666666666668,30.566666666666663,9.691177368164062,N,1.0,0.0
2026-05-03T07:21:27,Q364_llama3.1_GSM8K,b0816493-6ef2-4fda-9f70-628000213e20,5b0fa12a-3dd7-45bb-9766-cc326314d9f1,9.871313000039663,6.928692899986307e-05,7.01901854389428e-06,12.8945731584,45.193290197517335,20.0,3.355466731725403e-05,0.000123906210236,5.204368222233219e-05,0.0002095045597755,0.0,Italy,ITA,lombardy,,,Windows-11-10.0.26200-SP0,3.13.13,3.2.6,32,13th Gen Intel(R) Core(TM) i9-13900HX,1,1 x NVIDIA GeForce RTX 4070 Laptop GPU,9.1922,45.4722,31.70067596435547,machine,0.0,55.0,23.45,7.432210445404053,N,1.0,0.0
2026-05-03T07:23:05,Q364_gemma2:27b_GSM8K,7bea42e1-f48a-4fa2-9e17-5e4ab87d6e31,5b0fa12a-3dd7-45bb-9766-cc326314d9f1,73.00322499999311,0.0003795126349441,5.198573555404347e-06,13.48331136396062,24.082165345864183,20.0,0.000263812568977,0.000492261782698,0.0003914671638886,0.0011475415155637,0.0,Italy,ITA,lombardy,,,Windows-11-10.0.26200-SP0,3.13.13,3.2.6,32,13th Gen Intel(R) Core(TM) i9-13900HX,1,1 x NVIDIA GeForce RTX 4070 Laptop GPU,9.1922,45.4722,31.70067596435547,machine,0.93943661971831,30.88732394366197,52.89718309859156,16.763679128297618,N,1.0,0.0
2026-05-03T07:24:21,Q365_llama3.2_HumanEval,31706f04-8c81-4404-ab42-690a11eb9c87,5b0fa12a-3dd7-45bb-9766-cc326314d9f1,9.963624000025447,7.26627341832838e-05,7.292801713824029e-06,12.862075481600002,48.18291567329324,20.0,3.380385061124181e-05,0.000133346217788,5.2561994999996384e-05,0.0002197120633992,0.0,Italy,ITA,lombardy,,,Windows-11-10.0.26200-SP0,3.13.13,3.2.6,32,13th Gen Intel(R) Core(TM) i9-13900HX,1,1 x NVIDIA GeForce RTX 4070 Laptop GPU,9.1922,45.4722,31.70067596435547,machine,0.0,52.375,29.5375,9.356568813323976,N,1.0,0.0
2026-05-03T07:25:09,Q365_llama3.1_HumanEval,9e0d805b-8be4-456f-ba76-10547e837741,5b0fa12a-3dd7-45bb-9766-cc326314d9f1,12.118076799961273,9.47829283802608e-05,7.821614761557189e-06,12.877031077236364,53.63365660380944,20.0,4.15487219289424e-05,0.000180517922192,6.453078444432727e-05,0.0002865974285653,0.0,Italy,ITA,lombardy,,,Windows-11-10.0.26200-SP0,3.13.13,3.2.6,32,13th Gen Intel(R) Core(TM) i9-13900HX,1,1 x NVIDIA GeForce RTX 4070 Laptop GPU,9.1922,45.4722,31.70067596435547,machine,0.0,52.9,23.55,7.461614990234375,N,1.0,0.0
2026-05-03T07:25:57,Q365_gemma2:27b_HumanEval,a695013a-2228-4bfd-b421-56c40929fd4f,5b0fa12a-3dd7-45bb-9766-cc326314d9f1,22.57918379997136,0.0001292089260591,5.722479926814254e-06,13.437073522468571,28.12859987315836,20.0,7.911289039587866e-05,0.0001917268200479,0.000119852438333,0.0003906921487768,0.0,Italy,ITA,lombardy,,,Windows-11-10.0.26200-SP0,3.13.13,3.2.6,32,13th Gen Intel(R) Core(TM) i9-13900HX,1,1 x NVIDIA GeForce RTX 4070 Laptop GPU,9.1922,45.4722,31.70067596435547,machine,0.0,7.85,49.645,15.737911987304688,N,1.0,0.0
2026-05-03T07:26:41,Q366_llama3.2_HumanEval,068e7503-3e95-4518-a10c-deda3b6db71d,5b0fa12a-3dd7-45bb-9766-cc326314d9f1,9.436470899963751,6.702224640585339e-05,7.102469463039497e-06,12.878676531200002,46.19050040464764,20.0,3.196115249743804e-05,0.00012106259685,4.963303500003854e-05,0.0002026567843475,0.0,Italy,ITA,lombardy,,,Windows-11-10.0.26200-SP0,3.13.13,3.2.6,32,13th Gen Intel(R) Core(TM) i9-13900HX,1,1 x NVIDIA GeForce RTX 4070 Laptop GPU,9.1922,45.4722,31.70067596435547,machine,0.0,45.285714285714285,30.385714285714283,9.636248997279576,N,1.0,0.0
2026-05-03T07:27:22,Q366_llama3.1_HumanEval,d0528739-8e24-45e4-82d4-b310cdd0ff2b,5b0fa12a-3dd7-45bb-9766-cc326314d9f1,15.350031099980695,0.0001274002440954,8.299673353469331e-06,12.848333377828572,58.57460106119635,20.0,5.299226755691448e-05,0.000249742977572,8.24879483332754e-05,0.0003852231934622,0.0,Italy,ITA,lombardy,,,Windows-11-10.0.26200-SP0,3.13.13,3.2.6,32,13th Gen Intel(R) Core(TM) i9-13900HX,1,1 x NVIDIA GeForce RTX 4070 Laptop GPU,9.1922,45.4722,31.70067596435547,machine,0.0,64.61538461538461,23.63076923076923,7.486538520226111,N,1.0,0.0
2026-05-03T07:28:20,Q366_gemma2:27b_HumanEval,381b0e91-e62b-4121-aca8-879bc34cac2f,5b0fa12a-3dd7-45bb-9766-cc326314d9f1,22.37876779999351,0.0001245218605793,5.564285830757787e-06,13.319961622125716,26.982704227962746,20.0,7.795745575948468e-05,0.000179838754982,0.000118723545,0.0003765197557415,0.0,Italy,ITA,lombardy,,,Windows-11-10.0.26200-SP0,3.13.13,3.2.6,32,13th Gen Intel(R) Core(TM) i9-13900HX,1,1 x NVIDIA GeForce RTX 4070 Laptop GPU,9.1922,45.4722,31.70067596435547,machine,5.0,13.85,49.86,15.803190231323242,N,1.0,0.0
2026-05-03T07:29:02,Q367_llama3.2_MMLU,b84d57a8-c006-485a-b5bf-1adf7ab903b7,5b0fa12a-3dd7-45bb-9766-cc326314d9f1,7.195227099990007,4.532688814209492e-05,6.299577138038892e-06,12.8488175744,38.02063655716815,20.0,2.388917228417698e-05,7.598283856397048e-05,3.718399500002205e-05,0.0001370560058481,0.0,Italy,ITA,lombardy,,,Windows-11-10.0.26200-SP0,3.13.13,3.2.6,32,13th Gen Intel(R) Core(TM) i9-13900HX,1,1 x NVIDIA GeForce RTX 4070 Laptop GPU,9.1922,45.4722,31.70067596435547,machine,0.0,28.6,32.64,10.349131011962893,N,1.0,0.0
2026-05-03T07:29:27,Q367_llama3.1_MMLU,f7a2139e-6f68-49c2-827a-eb5d6afcca98,5b0fa12a-3dd7-45bb-9766-cc326314d9f1,9.743427300010808,7.056390817134112e-05,7.242206053229631e-06,12.856020160000002,47.751755122558926,20.0,3.296948368101243e-05,0.00012910704773,5.1289261111135903e-05,0.0002133657925221,0.0,Italy,ITA,lombardy,,,Windows-11-10.0.26200-SP0,3.13.13,3.2.6,32,13th Gen Intel(R) Core(TM) i9-13900HX,1,1 x NVIDIA GeForce RTX 4070 Laptop GPU,9.1922,45.4722,31.70067596435547,machine,0.0,53.125,23.8,7.547924995422363,N,1.0,0.0
2026-05-03T07:30:13,Q367_gemma2:27b_MMLU,8d302d2b-90ab-4fd8-8da4-3f6b31518b8e,5b0fa12a-3dd7-45bb-9766-cc326314d9f1,20.76315600000089,0.0001231153009828,5.929508066251908e-06,13.445057922560002,35.983031096099154,20.0,7.234990430304759e-05,0.0001901523743439,0.0001097644288888,0.0003722667075358,0.0,Italy,ITA,lombardy,,,Windows-11-10.0.26200-SP0,3.13.13,3.2.6,32,13th Gen Intel(R) Core(TM) i9-13900HX,1,1 x NVIDIA GeForce RTX 4070 Laptop GPU,9.1922,45.4722,31.70067596435547,machine,0.0,12.31578947368421,49.63684210526316,15.733475936086554,N,1.0,0.0
2026-05-03T07:30:55,Q368_llama3.2_SQuAD,9705d40d-3684-491c-8e41-b6fce118eb8b,5b0fa12a-3dd7-45bb-9766-cc326314d9f1,6.154332000005525,3.429054040974674e-05,5.571772925106407e-06,12.86807278592,30.513887148734604,20.0,2.018845810055417e-05,5.212004169602436e-05,3.137663500027783e-05,0.0001036851347968,0.0,Italy,ITA,lombardy,,,Windows-11-10.0.26200-SP0,3.13.13,3.2.6,32,13th Gen Intel(R) Core(TM) i9-13900HX,1,1 x NVIDIA GeForce RTX 4070 Laptop GPU,9.1922,45.4722,31.70067596435547,machine,0.0,5.75,33.975,10.772674560546877,N,1.0,0.0
2026-05-03T07:31:19,Q368_llama3.1_SQuAD,653783f7-e41c-4cb6-96cf-0ed4327dabd5,5b0fa12a-3dd7-45bb-9766-cc326314d9f1,8.520945900003426,5.666306159128012e-05,6.649855808996198e-06,12.881059048228574,41.447240265672,20.0,2.869209423827998e-05,9.80931340299751e-05,4.454823888890032e-05,0.0001713334671571,0.0,Italy,ITA,lombardy,,,Windows-11-10.0.26200-SP0,3.13.13,3.2.6,32,13th Gen Intel(R) Core(TM) i9-13900HX,1,1 x NVIDIA GeForce RTX 4070 Laptop GPU,9.1922,45.4722,31.70067596435547,machine,0.0,24.0,23.183333333333334,7.350648244222005,N,1.0,0.0
2026-05-03T07:31:52,Q368_gemma2:27b_SQuAD,0e3519d4-fa42-4fe2-9c5d-65008719a001,5b0fa12a-3dd7-45bb-9766-cc326314d9f1,18.04862820002017,0.0001061394965431,5.880751454727788e-06,13.32787104512,33.59498479151925,20.0,6.142163488575254e-05,0.00016483207631,9.468284666654654e-05,0.0003209365578623,0.0,Italy,ITA,lombardy,,,Windows-11-10.0.26200-SP0,3.13.13,3.2.6,32,13th Gen Intel(R) Core(TM) i9-13900HX,1,1 x NVIDIA GeForce RTX 4070 Laptop GPU,9.1922,45.4722,31.70067596435547,machine,0.0,17.5625,48.1875,15.279421091079712,N,1.0,0.0
2026-05-03T07:32:23,Q369_llama3.2_HellaSwag,4d80bacf-93ad-4f78-b0b4-868c506b9230,5b0fa12a-3dd7-45bb-9766-cc326314d9f1,6.216487600002438,3.2250529380685844e-05,5.187902149225424e-06,12.866858001920004,26.2952360331562,20.0,2.041246068020362e-05,4.53764251899802e-05,3.1727818333052305e-05,9.751670420323612e-05,0.0,Italy,ITA,lombardy,,,Windows-11-10.0.26200-SP0,3.13.13,3.2.6,32,13th Gen Intel(R) Core(TM) i9-13900HX,1,1 x NVIDIA GeForce RTX 4070 Laptop GPU,9.1922,45.4722,31.70067596435547,machine,0.0,5.75,34.65,10.978228569030762,N,1.0,0.0
2026-05-03T07:32:56,Q369_llama3.1_HellaSwag,155a5f93-dfb9-4eda-b5b0-2f7e56cd79b2,5b0fa12a-3dd7-45bb-9766-cc326314d9f1,7.31088850001106,4.095025393040513e-05,5.601269111181654e-06,12.869497184000002,30.36299070512959,20.0,2.4341196453008364e-05,6.165421599002574e-05,3.782685888905285e-05,0.000123822271332,0.0,Italy,ITA,lombardy,,,Windows-11-10.0.26200-SP0,3.13.13,3.2.6,32,13th Gen Intel(R) Core(TM) i9-13900HX,1,1 x NVIDIA GeForce RTX 4070 Laptop GPU,9.1922,45.4722,31.70067596435547,machine,0.0,30.4,23.380000000000003,7.412703704833984,N,1.0,0.0
2026-05-03T07:33:30,Q369_gemma2:27b_HellaSwag,eb407134-b8c9-4ee2-97bc-9d8d623c8350,5b0fa12a-3dd7-45bb-9766-cc326314d9f1,18.91772020002827,0.0001054705789103,5.5752267078221785e-06,13.47754126976,33.94767160227723,20.0,6.508101978505419e-05,0.000154326790128,9.950612555549012e-05,0.0003189139354686,0.0,Italy,ITA,lombardy,,,Windows-11-10.0.26200-SP0,3.13.13,3.2.6,32,13th Gen Intel(R) Core(TM) i9-13900HX,1,1 x NVIDIA GeForce RTX 4070 Laptop GPU,9.1922,45.4722,31.70067596435547,machine,3.3588235294117648,14.235294117647058,48.71176470588235,15.443095263312845,N,1.0,0.0
2026-05-03T07:34:01,Q370_llama3.2_SQuAD,388c169a-dac5-4d6a-9c0b-e43c1d1c5938,5b0fa12a-3dd7-45bb-9766-cc326314d9f1,5.976260600029491,3.220709157576668e-05,5.38917121110946e-06,12.89390203136,28.5868326770352,20.0,1.958907677863327e-05,4.741226015197997e-05,3.03840233333176e-05,9.738536026393085e-05,0.0,Italy,ITA,lombardy,,,Windows-11-10.0.26200-SP0,3.13.13,3.2.6,32,13th Gen Intel(R) Core(TM) i9-13900HX,1,1 x NVIDIA GeForce RTX 4070 Laptop GPU,9.1922,45.4722,31.70067596435547,machine,0.0,5.75,34.15,10.831198692321776,N,1.0,0.0
2026-05-03T07:34:23,Q370_llama3.1_SQuAD,9a105464-0d52-4e9b-962f-58a056429b8e,5b0fa12a-3dd7-45bb-9766-cc326314d9f1,6.723420599999372,3.3010191600911736e-05,4.9097317518578e-06,12.87598832,23.026876027910824,20.0,2.2251515462713384e-05,4.300031217802092e-05,3.456188555574045e-05,9.981371319647477e-05,0.0,Italy,ITA,lombardy,,,Windows-11-10.0.26200-SP0,3.13.13,3.2.6,32,13th Gen Intel(R) Core(TM) i9-13900HX,1,1 x NVIDIA GeForce RTX 4070 Laptop GPU,9.1922,45.4722,31.70067596435547,machine,0.0,13.8,23.18,7.353003692626953,N,1.0,0.0
2026-05-03T07:34:55,Q370_gemma2:27b_SQuAD,8b921271-4e2b-439d-b83d-f31a6d139c30,5b0fa12a-3dd7-45bb-9766-cc326314d9f1,16.480474399984814,9.492362889843313e-05,5.759763135126777e-06,12.88167318272,30.82215867870848,20.0,5.717079246863184e-05,0.000141090112872,8.876196277787029e-05,0.0002870228681185,0.0,Italy,ITA,lombardy,,,Windows-11-10.0.26200-SP0,3.13.13,3.2.6,32,13th Gen Intel(R) Core(TM) i9-13900HX,1,1 x NVIDIA GeForce RTX 4070 Laptop GPU,9.1922,45.4722,31.70067596435547,machine,2.378571428571429,11.857142857142858,47.52857142857143,15.063710621425084,N,1.0,0.0
2026-05-03T07:35:26,Q371_llama3.2_SQuAD,cf3d98b9-0b79-4dab-9253-525a0526141c,5b0fa12a-3dd7-45bb-9766-cc326314d9f1,6.174898300028872,3.455467337822377e-05,5.595990686690694e-06,12.88552063232,30.714016432814955,20.0,2.0302641782855707e-05,5.26694865800037e-05,3.151167166684496e-05,0.0001044838000297,0.0,Italy,ITA,lombardy,,,Windows-11-10.0.26200-SP0,3.13.13,3.2.6,32,13th Gen Intel(R) Core(TM) i9-13900HX,1,1 x NVIDIA GeForce RTX 4070 Laptop GPU,9.1922,45.4722,31.70067596435547,machine,11.1,7.25,34.325,10.881086349487305,N,1.0,0.0
2026-05-03T07:35:48,Q371_llama3.1_SQuAD,1e48e3b0-828d-4dac-a5fe-e530d0b6ee29,5b0fa12a-3dd7-45bb-9766-cc326314d9f1,7.195620799961034,4.087943435368986e-05,5.681154620308957e-06,12.8562675008,31.283115851291885,20.0,2.390304856287626e-05,6.25208833500146e-05,3.718420055552592e-05,0.0001236081324684,0.0,Italy,ITA,lombardy,,,Windows-11-10.0.26200-SP0,3.13.13,3.2.6,32,13th Gen Intel(R) Core(TM) i9-13900HX,1,1 x NVIDIA GeForce RTX 4070 Laptop GPU,9.1922,45.4722,31.70067596435547,machine,0.0,8.8,23.28,7.376649475097656,N,1.0,0.0
2026-05-03T07:36:23,Q371_gemma2:27b_SQuAD,8328357a-acd4-49ab-a888-a0b944b10e61,5b0fa12a-3dd7-45bb-9766-cc326314d9f1,19.61860800004797,0.0001202826756853,6.131050464185345e-06,13.453158686720002,33.344126069372024,20.0,6.773524209242516e-05,0.000192580154064,0.0001033862338889,0.0003637016300454,0.0,Italy,ITA,lombardy,,,Windows-11-10.0.26200-SP0,3.13.13,3.2.6,32,13th Gen Intel(R) Core(TM) i9-13900HX,1,1 x NVIDIA GeForce RTX 4070 Laptop GPU,9.1922,45.4722,31.70067596435547,machine,5.555555555555555,16.944444444444443,49.08888888888889,15.56384997897678,N,1.0,0.0
2026-05-03T07:36:55,Q372_llama3.2_HellaSwag,4a9824b6-a583-4a8e-b656-2569c92d4df3,5b0fa12a-3dd7-45bb-9766-cc326314d9f1,6.866938600025605,3.8680743355156254e-05,5.632894890746806e-06,12.841026886400002,30.87788863361801,20.0,2.270517308403569e-05,5.889282489202064e-05,3.53618994445747e-05,0.0001169598974206,0.0,Italy,ITA,lombardy,,,Windows-11-10.0.26200-SP0,3.13.13,3.2.6,32,13th Gen Intel(R) Core(TM) i9-13900HX,1,1 x NVIDIA GeForce RTX 4070 Laptop GPU,9.1922,45.4722,31.70067596435547,machine,0.0,24.2,32.32,10.243743896484377,N,1.0,0.0
2026-05-03T07:37:29,Q372_llama3.1_HellaSwag,7ea0b25b-79c5-497e-88be-95563a942377,5b0fa12a-3dd7-45bb-9766-cc326314d9f1,8.162836399977095,4.968867237599335e-05,6.087182192715853e-06,12.8818414208,35.40812125085996,20.0,2.741119557315448e-05,8.027673088795151e-05,4.255691166682582e-05,0.0001502448381279,0.0,Italy,ITA,lombardy,,,Windows-11-10.0.26200-SP0,3.13.13,3.2.6,32,13th Gen Intel(R) Core(TM) i9-13900HX,1,1 x NVIDIA GeForce RTX 4070 Laptop GPU,9.1922,45.4722,31.70067596435547,machine,0.0,24.33333333333333,23.48333333333333,7.443544387817383,N,1.0,0.0
2026-05-03T07:38:05,Q372_gemma2:27b_HellaSwag,a54b9a36-0b46-4261-a06e-2b138f51630e,5b0fa12a-3dd7-45bb-9766-cc326314d9f1,20.79479660000652,0.000119768398378,5.759536901552622e-06,13.40714748416,33.73866536891623,20.0,7.216141663264089e-05,0.0001800465329259,0.0001099386477781,0.0003621465973367,0.0,Italy,ITA,lombardy,,,Windows-11-10.0.26200-SP0,3.13.13,3.2.6,32,13th Gen Intel(R) Core(TM) i9-13900HX,1,1 x NVIDIA GeForce RTX 4070 Laptop GPU,9.1922,45.4722,31.70067596435547,machine,0.0,18.36842105263158,49.43684210526315,15.673348878559311,N,1.0,0.0
2026-05-03T07:38:46,Q373_llama3.2_HellaSwag,0991fdc9-6077-49a5-ae79-b8d26f1a8010,5b0fa12a-3dd7-45bb-9766-cc326314d9f1,6.307946599961724,3.515438528798927e-05,5.573031529500041e-06,12.85503313664,30.43155639467443,20.0,2.0730303533552605e-05,5.3315598207981374e-05,3.225126166653354e-05,0.000106297163408,0.0,Italy,ITA,lombardy,,,Windows-11-10.0.26200-SP0,3.13.13,3.2.6,32,13th Gen Intel(R) Core(TM) i9-13900HX,1,1 x NVIDIA GeForce RTX 4070 Laptop GPU,9.1922,45.4722,31.70067596435547,machine,0.0,5.75,34.25,10.852745056152344,N,1.0,0.0
2026-05-03T07:39:09,Q373_llama3.1_HellaSwag,7886294c-d757-41c2-93ee-2988b1e7f9c6,5b0fa12a-3dd7-45bb-9766-cc326314d9f1,7.934509799990337,4.982577687284317e-05,6.279628878006282e-06,12.86005708434286,37.58148121591397,20.0,2.6548878046853427e-05,8.282256625796736e-05,4.128795999988344e-05,0.0001506594043047,0.0,Italy,ITA,lombardy,,,Windows-11-10.0.26200-SP0,3.13.13,3.2.6,32,13th Gen Intel(R) Core(TM) i9-13900HX,1,1 x NVIDIA GeForce RTX 4070 Laptop GPU,9.1922,45.4722,31.70067596435547,machine,0.0,27.666666666666668,23.366666666666664,7.410724639892578,N,1.0,0.0
2026-05-03T07:39:48,Q373_gemma2:27b_HellaSwag,c420dc6f-ce6b-4e81-b613-f4b9a739a976,5b0fa12a-3dd7-45bb-9766-cc326314d9f1,23.503816600015853,0.000134965127105,5.742264305488968e-06,13.3040285,28.614486932761068,20.0,8.230169995378136e-05,0.0002008196050999,0.0001249760077777,0.0004080973128315,0.0,Italy,ITA,lombardy,,,Windows-11-10.0.26200-SP0,3.13.13,3.2.6,32,13th Gen Intel(R) Core(TM) i9-13900HX,1,1 x NVIDIA GeForce RTX 4070 Laptop GPU,9.1922,45.4722,31.70067596435547,machine,2.142857142857143,13.476190476190476,49.85714285714285,15.802201225644064,N,1.0,0.0
2026-05-03T07:40:31,Q374_llama3.2_HellaSwag,105c3247-7c12-46be-a010-52ae87611579,5b0fa12a-3dd7-45bb-9766-cc326314d9f1,7.645403900009114,4.804230186298739e-05,6.283814758685296e-06,12.84764923794286,37.71109472541534,20.0,2.549584157649949e-05,8.008284184402026e-05,3.968798444451143e-05,0.000145266667865,0.0,Italy,ITA,lombardy,,,Windows-11-10.0.26200-SP0,3.13.13,3.2.6,32,13th Gen Intel(R) Core(TM) i9-13900HX,1,1 x NVIDIA GeForce RTX 4070 Laptop GPU,9.1922,45.4722,31.70067596435547,machine,0.0,35.0,31.36666666666667,9.947097142537435,N,1.0,0.0
2026-05-03T07:41:03,Q374_llama3.1_HellaSwag,ab2d15ad-12f4-4b94-9059-488c5c7a9512,5b0fa12a-3dd7-45bb-9766-cc326314d9f1,7.108940000005532,3.890799723864853e-05,5.47310812000358e-06,12.883785862400002,29.020084883460537,20.0,2.364452852375314e-05,5.729893472800063e-05,3.670358722221055e-05,0.0001176470504739,0.0,Italy,ITA,lombardy,,,Windows-11-10.0.26200-SP0,3.13.13,3.2.6,32,13th Gen Intel(R) Core(TM) i9-13900HX,1,1 x NVIDIA GeForce RTX 4070 Laptop GPU,9.1922,45.4722,31.70067596435547,machine,0.0,13.4,23.52,7.460408020019531,N,1.0,0.0
2026-05-03T07:41:37,Q374_gemma2:27b_HellaSwag,4a31698e-860a-49a4-b9b1-b96f7312cf77,5b0fa12a-3dd7-45bb-9766-cc326314d9f1,18.589857200044207,0.0001038909112954,5.588580384315871e-06,13.35697895168,29.069521388371296,20.0,6.363024186312738e-05,0.0001528542889499,9.765292555578832e-05,0.0003141374563688,0.0,Italy,ITA,lombardy,,,Windows-11-10.0.26200-SP0,3.13.13,3.2.6,32,13th Gen Intel(R) Core(TM) i9-13900HX,1,1 x NVIDIA GeForce RTX 4070 Laptop GPU,9.1922,45.4722,31.70067596435547,machine,0.0,16.5,48.56875,15.394562482833862,N,1.0,0.0
2026-05-03T07:42:09,Q375_llama3.2_HellaSwag,5108e38d-55c0-473c-a91d-820f95254139,5b0fa12a-3dd7-45bb-9766-cc326314d9f1,7.064832300005946,3.988685203452093e-05,5.645831399916931e-06,12.8521512128,30.95085004416737,20.0,2.3426902658731417e-05,6.072477080198979e-05,3.6455163888685e-05,0.0001206068373494,0.0,Italy,ITA,lombardy,,,Windows-11-10.0.26200-SP0,3.13.13,3.2.6,32,13th Gen Intel(R) Core(TM) i9-13900HX,1,1 x NVIDIA GeForce RTX 4070 Laptop GPU,9.1922,45.4722,31.70067596435547,machine,0.0,27.6,32.62,10.339996337890623,N,1.0,0.0
2026-05-03T07:42:32,Q375_llama3.1_HellaSwag,4976c12a-4754-4fec-b482-9ede6febcf15,5b0fa12a-3dd7-45bb-9766-cc326314d9f1,7.462655999988783,4.2485802570823e-05,5.693120863521896e-06,12.8818395008,31.305638182651336,20.0,2.4906986578758083e-05,6.488949635596875e-05,3.866886388892049e-05,0.0001284653468236,0.0,Italy,ITA,lombardy,,,Windows-11-10.0.26200-SP0,3.13.13,3.2.6,32,13th Gen Intel(R) Core(TM) i9-13900HX,1,1 x NVIDIA GeForce RTX 4070 Laptop GPU,9.1922,45.4722,31.70067596435547,machine,0.0,9.4,23.66,7.494944763183594,N,1.0,0.0
2026-05-03T07:43:04,Q375_gemma2:27b_HellaSwag,13737dec-eb58-4c6d-aa2c-f06377e87d5f,5b0fa12a-3dd7-45bb-9766-cc326314d9f1,17.39631229999941,9.65348005058684e-05,5.549153110218174e-06,13.145281068800005,29.861543742459137,20.0,5.911501764990499e-05,0.0001417445578399,9.103503111109602e-05,0.0002918946066009,0.0,Italy,ITA,lombardy,,,Windows-11-10.0.26200-SP0,3.13.13,3.2.6,32,13th Gen Intel(R) Core(TM) i9-13900HX,1,1 x NVIDIA GeForce RTX 4070 Laptop GPU,9.1922,45.4722,31.70067596435547,machine,0.0,18.266666666666666,48.333333333333336,15.32013168334961,N,1.0,0.0
2026-05-03T07:43:36,Q376_llama3.2_SQuAD,50648733-d31f-4d34-93b7-8f069776ba30,5b0fa12a-3dd7-45bb-9766-cc326314d9f1,5.96709530003136,3.258662575259357e-05,5.46105334574132e-06,12.8696242304,29.35634705640308,20.0,1.9533764112184344e-05,4.864392780401516e-05,3.0355275000005755e-05,9.853296691620526e-05,0.0,Italy,ITA,lombardy,,,Windows-11-10.0.26200-SP0,3.13.13,3.2.6,32,13th Gen Intel(R) Core(TM) i9-13900HX,1,1 x NVIDIA GeForce RTX 4070 Laptop GPU,9.1922,45.4722,31.70067596435547,machine,0.0,5.5,34.25,10.85813808441162,N,1.0,0.0
2026-05-03T07:43:58,Q376_llama3.1_SQuAD,583ae773-2608-4f00-a33b-f922989b9c6a,5b0fa12a-3dd7-45bb-9766-cc326314d9f1,6.864770599990152,3.99415532684417e-05,5.81833765406509e-06,12.863727334400002,32.88194829979837,20.0,2.2733568635245824e-05,6.269449460005738e-05,3.534417555557512e-05,0.0001207722387908,0.0,Italy,ITA,lombardy,,,Windows-11-10.0.26200-SP0,3.13.13,3.2.6,32,13th Gen Intel(R) Core(TM) i9-13900HX,1,1 x NVIDIA GeForce RTX 4070 Laptop GPU,9.1922,45.4722,31.70067596435547,machine,0.0,9.4,23.54,7.462146759033203,N,1.0,0.0
2026-05-03T07:44:29,Q376_gemma2:27b_SQuAD,24d8e8b8-b127-436a-b212-040996e0904c,5b0fa12a-3dd7-45bb-9766-cc326314d9f1,16.64971589995548,0.0001460666941676,8.772924117462004e-06,12.86211375104,90.8949849107242,20.0,0.0001148706039381,0.000148176785208,0.0001786179999998,0.000441665389146,0.0,Italy,ITA,lombardy,,,Windows-11-10.0.26200-SP0,3.13.13,3.2.6,32,13th Gen Intel(R) Core(TM) i9-13900HX,1,1 x NVIDIA GeForce RTX 4070 Laptop GPU,9.1922,45.4722,31.70067596435547,machine,0.0,11.866666666666667,48.07333333333334,15.238760630289711,N,1.0,0.0
2026-05-03T07:45:02,Q377_llama3.2_GSM8K,2b16ee5f-4c58-4b55-bc5c-86d40d6b2354,5b0fa12a-3dd7-45bb-9766-cc326314d9f1,7.014543700031936,4.203434987321122e-05,5.992456768502254e-06,12.865086156800004,34.721243048862384,20.0,2.327399650939345e-05,6.764616522797473e-05,3.618011666662319e-05,0.0001271002784039,0.0,Italy,ITA,lombardy,,,Windows-11-10.0.26200-SP0,3.13.13,3.2.6,32,13th Gen Intel(R) Core(TM) i9-13900HX,1,1 x NVIDIA GeForce RTX 4070 Laptop GPU,9.1922,45.4722,31.70067596435547,machine,0.0,26.2,32.4,10.264005279541015,N,1.0,0.0
2026-05-03T07:45:46,Q377_llama3.1_GSM8K,adf7afd2-2beb-445d-ad70-b3a952e0daaf,5b0fa12a-3dd7-45bb-9766-cc326314d9f1,9.6682064999477,6.597824734983497e-05,6.82424887699615e-06,12.8683003776,43.12610747819206,20.0,3.276537044002422e-05,0.0001158114815379,5.092316722212773e-05,0.0001995000192001,0.0,Italy,ITA,lombardy,,,Windows-11-10.0.26200-SP0,3.13.13,3.2.6,32,13th Gen Intel(R) Core(TM) i9-13900HX,1,1 x NVIDIA GeForce RTX 4070 Laptop GPU,9.1922,45.4722,31.70067596435547,machine,0.0,43.5,23.8625,7.561439514160156,N,1.0,0.0
2026-05-03T07:46:37,Q377_gemma2:27b_GSM8K,d8cde4f2-aad9-4eac-9ba5-0cd3e46d435e,5b0fa12a-3dd7-45bb-9766-cc326314d9f1,35.850222799985204,0.0001904533437997,5.312473087331431e-06,13.35903038912,24.83612756471,20.0,0.0001272378212723,0.000257858817398,0.0001907817344443,0.0005758783731147,0.0,Italy,ITA,lombardy,,,Windows-11-10.0.26200-SP0,3.13.13,3.2.6,32,13th Gen Intel(R) Core(TM) i9-13900HX,1,1 x NVIDIA GeForce RTX 4070 Laptop GPU,9.1922,45.4722,31.70067596435547,machine,0.0,21.61764705882353,51.59705882352941,16.35660452001235,N,1.0,0.0
2026-05-03T07:47:31,Q378_llama3.2_MMLU,1f88891c-12c8-405c-b710-510406abbba5,5b0fa12a-3dd7-45bb-9766-cc326314d9f1,8.382742299989332,5.720244987653478e-05,6.823834949167837e-06,12.871265040457144,43.38394796635396,20.0,2.817659606346015e-05,0.000101007303028,4.378052944440343e-05,0.0001729644285358,0.0,Italy,ITA,lombardy,,,Windows-11-10.0.26200-SP0,3.13.13,3.2.6,32,13th Gen Intel(R) Core(TM) i9-13900HX,1,1 x NVIDIA GeForce RTX 4070 Laptop GPU,9.1922,45.4722,31.70067596435547,machine,0.0,34.833333333333336,31.383333333333336,9.947962443033854,N,1.0,0.0
2026-05-03T07:48:05,Q378_llama3.1_MMLU,c968ee14-18cf-4e9b-a5ec-9a103b4f8893,5b0fa12a-3dd7-45bb-9766-cc326314d9f1,8.608645599975716,5.905081983323856e-05,6.859478549495072e-06,12.856510697600005,43.73218682147338,20.0,2.895049185032577e-05,0.0001045675836539,4.5035313888608165e-05,0.0001785533893928,0.0,Italy,ITA,lombardy,,,Windows-11-10.0.26200-SP0,3.13.13,3.2.6,32,13th Gen Intel(R) Core(TM) i9-13900HX,1,1 x NVIDIA GeForce RTX 4070 Laptop GPU,9.1922,45.4722,31.70067596435547,machine,0.0,37.0,23.61428571428572,7.485692705426898,N,1.0,0.0
2026-05-03T07:49:02,Q378_gemma2:27b_MMLU,ea8dc424-db22-4063-a965-2ffa0174698b,5b0fa12a-3dd7-45bb-9766-cc326314d9f1,31.58127780002542,0.00020026421613,6.341232213533469e-06,8.873816288053334,18.3442953879946,20.0,0.0001127002723234,0.000242442138398,0.0002504013338889,0.0006055437446104,0.0,Italy,ITA,lombardy,,,Windows-11-10.0.26200-SP0,3.13.13,3.2.6,32,13th Gen Intel(R) Core(TM) i9-13900HX,1,1 x NVIDIA GeForce RTX 4070 Laptop GPU,9.1922,45.4722,31.70067596435547,machine,3.4482758620689653,11.827586206896552,51.13793103448276,16.213877316178948,N,1.0,0.0
2026-05-03T07:49:58,Q379_llama3.2_GSM8K,622f4c86-d8e9-4134-9289-57d75cc23109,5b0fa12a-3dd7-45bb-9766-cc326314d9f1,10.35431060002884,7.931770023448881e-05,7.660355507808304e-06,12.8735919488,52.11192236287089,20.0,3.523112833286774e-05,0.000149871231008,5.47324855556427e-05,0.0002398348448965,0.0,Italy,ITA,lombardy,,,Windows-11-10.0.26200-SP0,3.13.13,3.2.6,32,13th Gen Intel(R) Core(TM) i9-13900HX,1,1 x NVIDIA GeForce RTX 4070 Laptop GPU,9.1922,45.4722,31.70067596435547,machine,0.0,50.25,29.025,9.20375919342041,N,1.0,0.0
2026-05-03T07:50:34,Q379_llama3.1_GSM8K,3ad5d074-2b72-4dfb-910b-d0a1e6404e34,5b0fa12a-3dd7-45bb-9766-cc326314d9f1,11.16055089997826,8.206038994846894e-05,7.352718578491388e-06,12.89030986496,48.659363961213,20.0,3.815007191828894e-05,0.0001507867872959,5.919112277786351e-05,0.0002481279819921,0.0,Italy,ITA,lombardy,,,Windows-11-10.0.26200-SP0,3.13.13,3.2.6,32,13th Gen Intel(R) Core(TM) i9-13900HX,1,1 x NVIDIA GeForce RTX 4070 Laptop GPU,9.1922,45.4722,31.70067596435547,machine,0.0,57.77777777777778,23.47777777777777,7.447069380018446,N,1.0,0.0
2026-05-03T07:52:13,Q379_gemma2:27b_GSM8K,56c34330-53f5-4e83-aac7-72e195be8340,5b0fa12a-3dd7-45bb-9766-cc326314d9f1,73.44063269998878,0.0003821732798102,5.2038396969086496e-06,13.536997168994464,24.04542920063899,20.0,0.0002664439021278,0.000495263729544,0.0003938789400003,0.0011555865716722,0.0,Italy,ITA,lombardy,,,Windows-11-10.0.26200-SP0,3.13.13,3.2.6,32,13th Gen Intel(R) Core(TM) i9-13900HX,1,1 x NVIDIA GeForce RTX 4070 Laptop GPU,9.1922,45.4722,31.70067596435547,machine,3.102816901408451,21.80281690140845,53.1169014084507,16.846481215785925,N,1.0,0.0
2026-05-03T07:53:26,Q380_llama3.2_SQuAD,83d63659-b5c5-48cd-a8f4-e08411e14e05,5b0fa12a-3dd7-45bb-9766-cc326314d9f1,6.358247400028631,3.7012927638354766e-05,5.821246848335611e-06,12.889640668160002,33.07623704890842,20.0,2.096935438095988e-05,5.8412268951979485e-05,3.253525944439591e-05,0.0001119168827773,0.0,Italy,ITA,lombardy,,,Windows-11-10.0.26200-SP0,3.13.13,3.2.6,32,13th Gen Intel(R) Core(TM) i9-13900HX,1,1 x NVIDIA GeForce RTX 4070 Laptop GPU,9.1922,45.4722,31.70067596435547,machine,0.0,10.0,34.5,10.936888694763184,N,1.0,0.0
2026-05-03T07:53:59,Q380_llama3.1_SQuAD,6783bc86-b2cb-4f93-9614-8529ffc90664,5b0fa12a-3dd7-45bb-9766-cc326314d9f1,7.514867199992295,4.224713068860068e-05,5.621806688565833e-06,12.870084224,30.52570582111301,20.0,2.507061125380456e-05,6.371449541603402e-05,3.895856222208952e-05,0.0001277436688919,0.0,Italy,ITA,lombardy,,,Windows-11-10.0.26200-SP0,3.13.13,3.2.6,32,13th Gen Intel(R) Core(TM) i9-13900HX,1,1 x NVIDIA GeForce RTX 4070 Laptop GPU,9.1922,45.4722,31.70067596435547,machine,0.0,31.0,23.62,7.487823486328125,N,1.0,0.0
2026-05-03T07:54:42,Q380_gemma2:27b_SQuAD,cb79e9e5-195d-4610-9ddb-26aabf4e7cd6,5b0fa12a-3dd7-45bb-9766-cc326314d9f1,18.38488289999077,0.0001042325648033,5.6694712373407e-06,13.18004844032,32.943264492083216,20.0,6.240606957340637e-05,0.000156221513866,9.654293888888789e-05,0.0003151705223283,0.0,Italy,ITA,lombardy,,,Windows-11-10.0.26200-SP0,3.13.13,3.2.6,32,13th Gen Intel(R) Core(TM) i9-13900HX,1,1 x NVIDIA GeForce RTX 4070 Laptop GPU,9.1922,45.4722,31.70067596435547,machine,0.0,17.125,48.74375,15.45076036453247,N,1.0,0.0
2026-05-03T07:55:14,Q381_llama3.2_GSM8K,7061cfc0-ab95-4eea-8edb-cb6ea57a235d,5b0fa12a-3dd7-45bb-9766-cc326314d9f1,6.810750000004191,4.0772548205927e-05,5.986499020798283e-06,12.854838272000002,34.73664922143016,20.0,2.252800623219392e-05,6.5708108122009e-05,3.504882388903449e-05,0.0001232849382432,0.0,Italy,ITA,lombardy,,,Windows-11-10.0.26200-SP0,3.13.13,3.2.6,32,13th Gen Intel(R) Core(TM) i9-13900HX,1,1 x NVIDIA GeForce RTX 4070 Laptop GPU,9.1922,45.4722,31.70067596435547,machine,0.0,28.6,32.32,10.243920135498048,N,1.0,0.0
2026-05-03T07:55:38,Q381_llama3.1_GSM8K,24faa43b-00a4-4f83-9f88-98f4b1342bdf,5b0fa12a-3dd7-45bb-9766-cc326314d9f1,8.721694500010926,5.791177287922783e-05,6.6399680565692e-06,12.8728482752,41.30279492183532,20.0,2.939130613371769e-05,0.0001000548022659,4.566311722220336e-05,0.0001751092256219,0.0,Italy,ITA,lombardy,,,Windows-11-10.0.26200-SP0,3.13.13,3.2.6,32,13th Gen Intel(R) Core(TM) i9-13900HX,1,1 x NVIDIA GeForce RTX 4070 Laptop GPU,9.1922,45.4722,31.70067596435547,machine,0.0,33.0,23.74285714285714,7.526525769914899,N,1.0,0.0
2026-05-03T07:56:24,Q381_gemma2:27b_GSM8K,e2e014ed-ff85-4760-96e0-4daa58120a7c,5b0fa12a-3dd7-45bb-9766-cc326314d9f1,30.88700449996395,0.0001702566214948,5.512241288890746e-06,13.42446882824,27.50988992342328,20.0,0.0001111209422635,0.0002377351901879,0.000165952923889,0.0005148090563406,0.0,Italy,ITA,lombardy,,,Windows-11-10.0.26200-SP0,3.13.13,3.2.6,32,13th Gen Intel(R) Core(TM) i9-13900HX,1,1 x NVIDIA GeForce RTX 4070 Laptop GPU,9.1922,45.4722,31.70067596435547,machine,0.0,18.448275862068964,51.3448275862069,16.2781437840955,N,1.0,0.0
2026-05-03T07:57:21,Q382_llama3.2_HumanEval,73a52e87-a0a1-4e90-bbd2-a8a02e73ca50,5b0fa12a-3dd7-45bb-9766-cc326314d9f1,11.059752999979535,8.458173016306689e-05,7.647705166943907e-06,12.85133707136,51.892637018231575,20.0,3.768878673509635e-05,0.000159410127528,5.8652904999972735e-05,0.0002557518192631,0.0,Italy,ITA,lombardy,,,Windows-11-10.0.26200-SP0,3.13.13,3.2.6,32,13th Gen Intel(R) Core(TM) i9-13900HX,1,1 x NVIDIA GeForce RTX 4070 Laptop GPU,9.1922,45.4722,31.70067596435547,machine,0.0,55.22222222222222,28.83333333333333,9.1466916402181,N,1.0,0.0
2026-05-03T07:58:23,Q382_llama3.1_HumanEval,bc65a04b-a08d-451a-b9a9-a5230bc6e8b9,5b0fa12a-3dd7-45bb-9766-cc326314d9f1,17.27127779996954,0.0001474873466383,8.539457725510796e-06,12.8339253728,65.82950258109162,20.0,5.811422622485053e-05,0.0002974755157579,9.037130833312404e-05,0.0004459610503159,0.0,Italy,ITA,lombardy,,,Windows-11-10.0.26200-SP0,3.13.13,3.2.6,32,13th Gen Intel(R) Core(TM) i9-13900HX,1,1 x NVIDIA GeForce RTX 4070 Laptop GPU,9.1922,45.4722,31.70067596435547,machine,0.0,74.66666666666667,23.73333333333333,7.526305898030599,N,1.0,0.0
2026-05-03T08:01:01,Q382_gemma2:27b_HumanEval,7cd211ed-61d8-467b-93ce-9cfa54c22015,5b0fa12a-3dd7-45bb-9766-cc326314d9f1,121.884305900021,0.0006612057246355,5.42486351916346e-06,12.153963765297776,24.31732752063769,20.0,0.0004460769331656,0.000817903987656,0.0007353227900001,0.0019993037108218,0.0,Italy,ITA,lombardy,,,Windows-11-10.0.26200-SP0,3.13.13,3.2.6,32,13th Gen Intel(R) Core(TM) i9-13900HX,1,1 x NVIDIA GeForce RTX 4070 Laptop GPU,9.1922,45.4722,31.70067596435547,machine,4.7899159663865545,25.294117647058822,53.3109243697479,16.899381172757188,N,1.0,0.0
2026-05-03T08:02:14,Q383_llama3.2_GSM8K,46565b43-abc5-4c3f-a60f-9fcd443153bf,5b0fa12a-3dd7-45bb-9766-cc326314d9f1,7.035554600006435,4.070910922054567e-05,5.78619761127409e-06,12.852829107200002,32.48145882041698,20.0,2.3325846585098127e-05,6.347199522205305e-05,3.629527444459705e-05,0.0001230931162517,0.0,Italy,ITA,lombardy,,,Windows-11-10.0.26200-SP0,3.13.13,3.2.6,32,13th Gen Intel(R) Core(TM) i9-13900HX,1,1 x NVIDIA GeForce RTX 4070 Laptop GPU,9.1922,45.4722,31.70067596435547,machine,0.0,25.8,32.08,10.168097686767576,N,1.0,0.0
2026-05-03T08:02:38,Q383_llama3.1_GSM8K,9b12b888-b708-4ce1-b3ec-d12198bca99f,5b0fa12a-3dd7-45bb-9766-cc326314d9f1,8.318747599958442,5.392722888669609e-05,6.482613907767257e-06,12.877059205485711,39.67840515385192,20.0,2.79590254237084e-05,9.167840667601011e-05,4.34236316666809e-05,0.0001630610637663,0.0,Italy,ITA,lombardy,,,Windows-11-10.0.26200-SP0,3.13.13,3.2.6,32,13th Gen Intel(R) Core(TM) i9-13900HX,1,1 x NVIDIA GeForce RTX 4070 Laptop GPU,9.1922,45.4722,31.70067596435547,machine,0.0,40.333333333333336,23.3,7.387425740559895,N,1.0,0.0
2026-05-03T08:03:32,Q383_gemma2:27b_GSM8K,b1a0201a-5b46-46cf-a5d1-f4f71cea5150,5b0fa12a-3dd7-45bb-9766-cc326314d9f1,29.469280700024683,0.0001622425495829,5.505480477601916e-06,13.317059610148572,27.09466313896434,20.0,0.0001048887154621,0.0002275887931819,0.000158099205,0.0004905767136441,0.0,Italy,ITA,lombardy,,,Windows-11-10.0.26200-SP0,3.13.13,3.2.6,32,13th Gen Intel(R) Core(TM) i9-13900HX,1,1 x NVIDIA GeForce RTX 4070 Laptop GPU,9.1922,45.4722,31.70067596435547,machine,3.703703703703704,19.185185185185187,50.75185185185185,16.089628714102286,N,1.0,0.0
2026-05-03T08:04:25,Q384_llama3.2_MMLU,1ecc9217-e088-4c8a-af37-0b18e3c7763b,5b0fa12a-3dd7-45bb-9766-cc326314d9f1,6.87403990002349,4.196046215945692e-05,6.104192406464434e-06,12.9045092672,35.9502974849418,20.0,2.2840493540749388e-05,6.863811046603496e-05,3.539825833350834e-05,0.0001268768623402,0.0,Italy,ITA,lombardy,,,Windows-11-10.0.26200-SP0,3.13.13,3.2.6,32,13th Gen Intel(R) Core(TM) i9-13900HX,1,1 x NVIDIA GeForce RTX 4070 Laptop GPU,9.1922,45.4722,31.70067596435547,machine,0.0,23.2,32.92,10.438526153564451,N,1.0,0.0
2026-05-03T08:04:58,Q384_llama3.1_MMLU,cf15de8b-7ec5-42f1-866a-e2e78ecdb498,5b0fa12a-3dd7-45bb-9766-cc326314d9f1,7.01503040001262,3.907244155574543e-05,5.569817852204196e-06,12.855102656,30.130922516728543,20.0,2.325643331543532e-05,5.87067136320063e-05,3.618113777774852e-05,0.0001181442847251,0.0,Italy,ITA,lombardy,,,Windows-11-10.0.26200-SP0,3.13.13,3.2.6,32,13th Gen Intel(R) Core(TM) i9-13900HX,1,1 x NVIDIA GeForce RTX 4070 Laptop GPU,9.1922,45.4722,31.70067596435547,machine,0.0,27.0,23.4,7.425316619873047,N,1.0,0.0
2026-05-03T08:05:32,Q384_gemma2:27b_MMLU,ee5bf0a6-0c42-4232-a2b7-177721075afa,5b0fa12a-3dd7-45bb-9766-cc326314d9f1,19.3158738000202,0.0001045006579306,5.410092187005312e-06,13.20811433408,29.3386373396607,20.0,6.600576003717732e-05,0.000148272896396,0.0001017025055557,0.0003159811619889,0.0,Italy,ITA,lombardy,,,Windows-11-10.0.26200-SP0,3.13.13,3.2.6,32,13th Gen Intel(R) Core(TM) i9-13900HX,1,1 x NVIDIA GeForce RTX 4070 Laptop GPU,9.1922,45.4722,31.70067596435547,machine,5.882352941176471,12.705882352941176,48.71764705882353,15.44392754049862,N,1.0,0.0
2026-05-03T08:06:16,Q385_llama3.2_GSM8K,5a6ec987-e335-461c-9769-785bdf5a468e,5b0fa12a-3dd7-45bb-9766-cc326314d9f1,8.638047599990387,5.7966237617085e-05,6.710571682558164e-06,12.855822795200002,42.10337692419727,20.0,2.905526226114021e-05,0.00010101813637,4.520051333335383e-05,0.0001752739119645,0.0,Italy,ITA,lombardy,,,Windows-11-10.0.26200-SP0,3.13.13,3.2.6,32,13th Gen Intel(R) Core(TM) i9-13900HX,1,1 x NVIDIA GeForce RTX 4070 Laptop GPU,9.1922,45.4722,31.70067596435547,machine,0.0,37.42857142857143,29.8,9.4458988734654,N,1.0,0.0
2026-05-03T08:06:51,Q385_llama3.1_GSM8K,1eeecb77-ca6d-4d86-bd4e-de4de2434c46,5b0fa12a-3dd7-45bb-9766-cc326314d9f1,9.164785999979358,6.062576246462748e-05,6.615076714804255e-06,12.889503156800002,40.92320299579762,20.0,3.101640421811603e-05,0.000104173416672,4.812576055572007e-05,0.0001833155814459,0.0,Italy,ITA,lombardy,,,Windows-11-10.0.26200-SP0,3.13.13,3.2.6,32,13th Gen Intel(R) Core(TM) i9-13900HX,1,1 x NVIDIA GeForce RTX 4070 Laptop GPU,9.1922,45.4722,31.70067596435547,machine,0.0,48.142857142857146,23.428571428571427,7.428102220807757,N,1.0,0.0
2026-05-03T08:07:45,Q385_gemma2:27b_GSM8K,d46125cf-87de-4fa8-bbe6-eed36c28d056,5b0fa12a-3dd7-45bb-9766-cc326314d9f1,28.720772599976044,0.0001541539794586,5.367334006146198e-06,13.42242356178286,25.929127048682744,20.0,0.0001028458120003,0.0002093251674599,0.0001539481294441,0.0004661191089043,0.0,Italy,ITA,lombardy,,,Windows-11-10.0.26200-SP0,3.13.13,3.2.6,32,13th Gen Intel(R) Core(TM) i9-13900HX,1,1 x NVIDIA GeForce RTX 4070 Laptop GPU,9.1922,45.4722,31.70067596435547,machine,4.796296296296297,20.03703703703704,50.75925925925926,16.086098706280744,N,1.0,0.0
2026-05-03T08:08:38,Q386_llama3.2_HellaSwag,e92d3feb-e2aa-4a22-a718-50fb36756468,5b0fa12a-3dd7-45bb-9766-cc326314d9f1,7.872097799961921,5.165219063107359e-05,6.5614264384931095e-06,12.872364328228574,40.64833201404412,20.0,2.6355191238031545e-05,8.887895999204476e-05,4.09478244442855e-05,0.0001561819756743,0.0,Italy,ITA,lombardy,,,Windows-11-10.0.26200-SP0,3.13.13,3.2.6,32,13th Gen Intel(R) Core(TM) i9-13900HX,1,1 x NVIDIA GeForce RTX 4070 Laptop GPU,9.1922,45.4722,31.70067596435547,machine,16.666666666666668,35.333333333333336,30.950000000000003,9.808937072753906,N,1.0,0.0
2026-05-03T08:09:11,Q386_llama3.1_HellaSwag,19877720-6af4-41de-ae4f-76e8477cef1b,5b0fa12a-3dd7-45bb-9766-cc326314d9f1,7.895361799979582,4.70996538293977e-05,5.965483916078361e-06,12.893384543085716,34.16583570618281,20.0,2.646790367000933e-05,7.489283769190891e-05,4.1055618888802e-05,0.0001424163602507,0.0,Italy,ITA,lombardy,,,Windows-11-10.0.26200-SP0,3.13.13,3.2.6,32,13th Gen Intel(R) Core(TM) i9-13900HX,1,1 x NVIDIA GeForce RTX 4070 Laptop GPU,9.1922,45.4722,31.70067596435547,machine,0.0,24.666666666666668,23.53333333333333,7.458639780680339,N,1.0,0.0
2026-05-03T08:09:53,Q386_gemma2:27b_HellaSwag,cfc7fbf3-8261-4773-a905-e7c63037cff7,5b0fa12a-3dd7-45bb-9766-cc326314d9f1,16.865906600025482,0.0001464807173328,8.685018884941687e-06,12.999106284800002,29.599242954998928,20.0,0.00011688583569,0.0001462023391839,0.0001798291061112,0.0004429172809852,0.0,Italy,ITA,lombardy,,,Windows-11-10.0.26200-SP0,3.13.13,3.2.6,32,13th Gen Intel(R) Core(TM) i9-13900HX,1,1 x NVIDIA GeForce RTX 4070 Laptop GPU,9.1922,45.4722,31.70067596435547,machine,0.0,14.733333333333333,48.20666666666667,15.285003153483071,N,1.0,0.0
2026-05-03T08:10:28,Q387_llama3.2_HumanEval,0c87a9fc-6f33-4f92-a525-c9b0658df6a7,5b0fa12a-3dd7-45bb-9766-cc326314d9f1,9.29794000001857,6.540459051392552e-05,7.034309805590796e-06,12.849368340800003,45.50544874986657,20.0,3.139340183613184e-05,0.00011750981623,4.886222111138825e-05,0.0001977654391775,0.0,Italy,ITA,lombardy,,,Windows-11-10.0.26200-SP0,3.13.13,3.2.6,32,13th Gen Intel(R) Core(TM) i9-13900HX,1,1 x NVIDIA GeForce RTX 4070 Laptop GPU,9.1922,45.4722,31.70067596435547,machine,0.0,43.42857142857143,29.728571428571428,9.412953513009208,N,1.0,0.0
2026-05-03T08:11:19,Q387_llama3.1_HumanEval,f7344af8-59f0-4f14-b0bd-afe9e0a3f442,5b0fa12a-3dd7-45bb-9766-cc326314d9f1,15.536155299982056,0.0001276898242081,8.218881811016966e-06,12.848712813714286,57.68196949282788,20.0,5.365756525901471e-05,0.0002489201991359,8.352103944440994e-05,0.0003860988038393,0.0,Italy,ITA,lombardy,,,Windows-11-10.0.26200-SP0,3.13.13,3.2.6,32,13th Gen Intel(R) Core(TM) i9-13900HX,1,1 x NVIDIA GeForce RTX 4070 Laptop GPU,9.1922,45.4722,31.70067596435547,machine,5.769230769230769,63.15384615384615,23.476923076923075,7.4337789095365086,N,1.0,0.0
2026-05-03T08:12:45,Q387_gemma2:27b_HumanEval,46dbd509-9b76-48af-add6-041fbd86fc13,5b0fa12a-3dd7-45bb-9766-cc326314d9f1,51.29137230000924,0.0002728624732542,5.319851293083166e-06,13.37684348984,24.547199782535493,20.0,0.0001830314586562,0.0003682808501799,0.0002737485383333,0.0008250608471695,0.0,Italy,ITA,lombardy,,,Windows-11-10.0.26200-SP0,3.13.13,3.2.6,32,13th Gen Intel(R) Core(TM) i9-13900HX,1,1 x NVIDIA GeForce RTX 4070 Laptop GPU,9.1922,45.4722,31.70067596435547,machine,0.0,20.693877551020407,52.41428571428571,16.61269168464505,N,1.0,0.0
2026-05-03T08:13:37,Q388_llama3.2_SQuAD,584ad42b-4411-406f-b46d-deef56be9104,5b0fa12a-3dd7-45bb-9766-cc326314d9f1,6.102421699964907,3.0520732349731774e-05,5.001413184852055e-06,12.89136366848,24.260412811795938,20.0,2.005474782460097e-05,4.111892178404464e-05,3.111260555548749e-05,9.22862751641331e-05,0.0,Italy,ITA,lombardy,,,Windows-11-10.0.26200-SP0,3.13.13,3.2.6,32,13th Gen Intel(R) Core(TM) i9-13900HX,1,1 x NVIDIA GeForce RTX 4070 Laptop GPU,9.1922,45.4722,31.70067596435547,machine,0.0,9.0,34.8,11.03110122680664,N,1.0,0.0
2026-05-03T08:14:11,Q388_llama3.1_SQuAD,6ab82f96-7d98-499d-b8e3-687cae5983bd,5b0fa12a-3dd7-45bb-9766-cc326314d9f1,8.296733500028495,5.346225779898263e-05,6.44377185295864e-06,12.873134127542857,39.26366219334263,20.0,2.787240152425964e-05,9.04803501620144e-05,4.330236777799049e-05,0.0001616551194642,0.0,Italy,ITA,lombardy,,,Windows-11-10.0.26200-SP0,3.13.13,3.2.6,32,13th Gen Intel(R) Core(TM) i9-13900HX,1,1 x NVIDIA GeForce RTX 4070 Laptop GPU,9.1922,45.4722,31.70067596435547,machine,7.399999999999999,38.5,23.48333333333333,7.442704518636067,N,1.0,0.0
2026-05-03T08:14:54,Q388_gemma2:27b_SQuAD,95d9c222-b7d4-447f-a84e-82a6a392a2b1,5b0fa12a-3dd7-45bb-9766-cc326314d9f1,18.02514599997085,0.0001051220526102,5.831966776325636e-06,13.24501764224,35.30134961032345,20.0,6.132472238643681e-05,0.0001619804073619,9.455495833341652e-05,0.0003178600880818,0.0,Italy,ITA,lombardy,,,Windows-11-10.0.26200-SP0,3.13.13,3.2.6,32,13th Gen Intel(R) Core(TM) i9-13900HX,1,1 x NVIDIA GeForce RTX 4070 Laptop GPU,9.1922,45.4722,31.70067596435547,machine,0.0,18.0625,48.58125,15.40388321876526,N,1.0,0.0
2026-05-03T08:15:28,Q389_llama3.2_HellaSwag,df1e8076-d794-4f4e-8115-5d06c880eb26,5b0fa12a-3dd7-45bb-9766-cc326314d9f1,8.375707800034434,5.61885021197734e-05,6.708507920911758e-06,12.878015332571428,42.11942151276034,20.0,2.816752739376437e-05,9.798674505601124e-05,4.374425777770941e-05,0.0001698985302274,0.0,Italy,ITA,lombardy,,,Windows-11-10.0.26200-SP0,3.13.13,3.2.6,32,13th Gen Intel(R) Core(TM) i9-13900HX,1,1 x NVIDIA GeForce RTX 4070 Laptop GPU,9.1922,45.4722,31.70067596435547,machine,0.0,44.66666666666666,30.48333333333333,9.662532806396484,N,1.0,0.0
2026-05-03T08:16:13,Q389_llama3.1_HellaSwag,a60e7f07-2f17-45b7-8a3c-4f6bd5618b6d,5b0fa12a-3dd7-45bb-9766-cc326314d9f1,9.17929559998447,6.205365701287779e-05,6.760176348714902e-06,12.881796464,42.52513841715553,20.0,3.104244505487922e-05,0.0001083956422719,4.8195053333377775e-05,0.0001876331406602,0.0,Italy,ITA,lombardy,,,Windows-11-10.0.26200-SP0,3.13.13,3.2.6,32,13th Gen Intel(R) Core(TM) i9-13900HX,1,1 x NVIDIA GeForce RTX 4070 Laptop GPU,9.1922,45.4722,31.70067596435547,machine,0.0,38.57142857142857,23.528571428571432,7.459499904087612,N,1.0,0.0
2026-05-03T08:17:05,Q389_gemma2:27b_HellaSwag,cf58b3d3-3a59-43b2-b773-cc6c6c1fd78f,5b0fa12a-3dd7-45bb-9766-cc326314d9f1,27.283307000005152,0.0001474746067374,5.405305402947605e-06,13.66335822464,25.999157524055985,20.0,9.87731002056522e-05,0.0002011779387199,0.0001459714894441,0.0004459225283698,0.0,Italy,ITA,lombardy,,,Windows-11-10.0.26200-SP0,3.13.13,3.2.6,32,13th Gen Intel(R) Core(TM) i9-13900HX,1,1 x NVIDIA GeForce RTX 4070 Laptop GPU,9.1922,45.4722,31.70067596435547,machine,0.02,10.92,50.696,16.067555236816407,N,1.0,0.0
2026-05-03T08:17:51,Q390_llama3.2_HumanEval,9a59d1ca-f63f-4399-a3b5-33ff0b3b991e,5b0fa12a-3dd7-45bb-9766-cc326314d9f1,11.018527499982156,8.697442538697804e-05,7.893470827850535e-06,12.8642319488,54.56040354850746,20.0,3.758019931856632e-05,0.0001669815224739,5.842494777785356e-05,0.0002629866695703,0.0,Italy,ITA,lombardy,,,Windows-11-10.0.26200-SP0,3.13.13,3.2.6,32,13th Gen Intel(R) Core(TM) i9-13900HX,1,1 x NVIDIA GeForce RTX 4070 Laptop GPU,9.1922,45.4722,31.70067596435547,machine,0.0,57.77777777777778,28.83333333333333,9.145150502522789,N,1.0,0.0
2026-05-03T08:18:33,Q390_llama3.1_HumanEval,d9c98bef-1759-498e-b277-111d1cf71d12,5b0fa12a-3dd7-45bb-9766-cc326314d9f1,16.050033600011375,0.0001330049772019,8.286897119134629e-06,12.84482112512,58.40802189991325,20.0,5.546468975393274e-05,0.0002603457638319,8.635990666645942e-05,0.0004021703602523,0.0,Italy,ITA,lombardy,,,Windows-11-10.0.26200-SP0,3.13.13,3.2.6,32,13th Gen Intel(R) Core(TM) i9-13900HX,1,1 x NVIDIA GeForce RTX 4070 Laptop GPU,9.1922,45.4722,31.70067596435547,machine,0.0,72.78571428571429,23.821428571428573,7.550446101597378,N,1.0,0.0
2026-05-03T08:20:11,Q390_gemma2:27b_HumanEval,e618fcea-ab37-4b26-bf90-8c6464df1a04,5b0fa12a-3dd7-45bb-9766-cc326314d9f1,62.94520929997088,0.0003293027182842,5.231577143781404e-06,13.616160391328,23.436293072498497,20.0,0.0002298023365603,0.000430217844174,0.0003357003977774,0.0009957205785117,0.0,Italy,ITA,lombardy,,,Windows-11-10.0.26200-SP0,3.13.13,3.2.6,32,13th Gen Intel(R) Core(TM) i9-13900HX,1,1 x NVIDIA GeForce RTX 4070 Laptop GPU,9.1922,45.4722,31.70067596435547,machine,0.0,19.737704918032787,53.10819672131147,16.843578088478964,N,1.0,0.0
2026-05-03T08:21:14,Q391_llama3.2_GSM8K,61882d4d-319c-4a6b-994b-9794ec41b93c,5b0fa12a-3dd7-45bb-9766-cc326314d9f1,6.967255599971395,4.307691078102307e-05,6.182765963286882e-06,12.8686664576,36.81134135795055,20.0,2.310883522615911e-05,7.123005698400631e-05,3.591380277777919e-05,0.0001302526949879,0.0,Italy,ITA,lombardy,,,Windows-11-10.0.26200-SP0,3.13.13,3.2.6,32,13th Gen Intel(R) Core(TM) i9-13900HX,1,1 x NVIDIA GeForce RTX 4070 Laptop GPU,9.1922,45.4722,31.70067596435547,machine,0.0,27.0,33.660000000000004,10.669146728515624,N,1.0,0.0
2026-05-03T08:21:38,Q391_llama3.1_GSM8K,1392f9de-d1d3-4ab3-be58-c614b46e40c2,5b0fa12a-3dd7-45bb-9766-cc326314d9f1,8.669318600033876,5.53970887216473e-05,6.3900164796609084e-06,12.8595969632,38.64139122903706,20.0,2.9159296144776585e-05,9.299674106394427e-05,4.5349477222448e-05,0.0001675055144311,0.0,Italy,ITA,lombardy,,,Windows-11-10.0.26200-SP0,3.13.13,3.2.6,32,13th Gen Intel(R) Core(TM) i9-13900HX,1,1 x NVIDIA GeForce RTX 4070 Laptop GPU,9.1922,45.4722,31.70067596435547,machine,0.0,37.42857142857143,23.942857142857143,7.594714028494699,N,1.0,0.0
2026-05-03T08:22:36,Q391_gemma2:27b_GSM8K,f630cb8d-9077-48c7-ad09-80a90ba59d85,5b0fa12a-3dd7-45bb-9766-cc326314d9f1,33.13497079996159,0.000175098090541,5.284389462667082e-06,13.409382441280002,25.446073163329444,20.0,0.0001182923036722,0.00023547935505,0.0001756766644445,0.0005294483231668,0.0,Italy,ITA,lombardy,,,Windows-11-10.0.26200-SP0,3.13.13,3.2.6,32,13th Gen Intel(R) Core(TM) i9-13900HX,1,1 x NVIDIA GeForce RTX 4070 Laptop GPU,9.1922,45.4722,31.70067596435547,machine,0.4032258064516129,17.774193548387096,51.71935483870968,16.39411138719128,N,1.0,0.0
2026-05-03T08:23:33,Q392_llama3.2_HumanEval,5469245f-9a32-498f-a0d4-7dfaafcfc686,5b0fa12a-3dd7-45bb-9766-cc326314d9f1,11.030619599972852,8.795395461124314e-05,7.973618690600082e-06,12.850399377920002,55.44573375753956,20.0,3.758192927496354e-05,0.0001698762470119,5.849031944429346e-05,0.0002659484957312,0.0,Italy,ITA,lombardy,,,Windows-11-10.0.26200-SP0,3.13.13,3.2.6,32,13th Gen Intel(R) Core(TM) i9-13900HX,1,1 x NVIDIA GeForce RTX 4070 Laptop GPU,9.1922,45.4722,31.70067596435547,machine,0.0,61.66666666666666,28.922222222222224,9.159256829155815,N,1.0,0.0
2026-05-03T08:24:21,Q392_llama3.1_HumanEval,dd30c3ab-d657-487b-a163-e68982042935,5b0fa12a-3dd7-45bb-9766-cc326314d9f1,12.646646900044288,9.944415806891068e-05,7.863282564531981e-06,12.8598105344,54.041837391849086,20.0,4.3384374426234704e-05,0.000189835985202,6.747134166685605e-05,0.000300691701295,0.0,Italy,ITA,lombardy,,,Windows-11-10.0.26200-SP0,3.13.13,3.2.6,32,13th Gen Intel(R) Core(TM) i9-13900HX,1,1 x NVIDIA GeForce RTX 4070 Laptop GPU,9.1922,45.4722,31.70067596435547,machine,0.0,66.45454545454545,23.954545454545453,7.592031652277166,N,1.0,0.0
2026-05-03T08:25:41,Q392_gemma2:27b_HumanEval,c9b94d12-e0ba-490c-ba69-1b2566228654,5b0fa12a-3dd7-45bb-9766-cc326314d9f1,54.97291050001513,0.0002762184132741,5.024627780515747e-06,13.407846846440002,22.17943847425786,20.0,0.0001971659878352,0.0003438408306279,0.0002942014655557,0.0008352082840189,0.0,Italy,ITA,lombardy,,,Windows-11-10.0.26200-SP0,3.13.13,3.2.6,32,13th Gen Intel(R) Core(TM) i9-13900HX,1,1 x NVIDIA GeForce RTX 4070 Laptop GPU,9.1922,45.4722,31.70067596435547,machine,5.660377358490566,21.264150943396228,52.99245283018868,16.806284706547576,N,1.0,0.0
2026-05-03T08:26:43,Q393_llama3.2_SQuAD,7383e0a1-79a8-462c-98d4-08f6299a1e3f,5b0fa12a-3dd7-45bb-9766-cc326314d9f1,6.07986900000833,3.199095528381237e-05,5.261783647603023e-06,12.86436606464,27.12840986437482,20.0,1.9933070425649345e-05,4.581003664799743e-05,3.0988716666858334e-05,9.673182374050512e-05,0.0,Italy,ITA,lombardy,,,Windows-11-10.0.26200-SP0,3.13.13,3.2.6,32,13th Gen Intel(R) Core(TM) i9-13900HX,1,1 x NVIDIA GeForce RTX 4070 Laptop GPU,9.1922,45.4722,31.70067596435547,machine,0.0,4.25,35.425,11.229117393493652,N,1.0,0.0
2026-05-03T08:27:06,Q393_llama3.1_SQuAD,a000c039-93a3-4432-a9e6-79153fa082b4,5b0fa12a-3dd7-45bb-9766-cc326314d9f1,7.532723000040278,4.6407936342075406e-05,6.1608446695606965e-06,12.8482139456,36.42677654905646,20.0,2.5085034210008817e-05,7.619256095403593e-05,3.904720222247609e-05,0.0001403247973865,0.0,Italy,ITA,lombardy,,,Windows-11-10.0.26200-SP0,3.13.13,3.2.6,32,13th Gen Intel(R) Core(TM) i9-13900HX,1,1 x NVIDIA GeForce RTX 4070 Laptop GPU,9.1922,45.4722,31.70067596435547,machine,0.0,10.6,24.160000000000004,7.665744018554688,N,1.0,0.0
2026-05-03T08:27:38,Q393_gemma2:27b_SQuAD,cae3363e-af84-4bda-b3c8-447fd631f19c,5b0fa12a-3dd7-45bb-9766-cc326314d9f1,16.48978669999633,9.841594653046384e-05,5.9682971236059554e-06,12.865057556480002,33.10622513107504,20.0,5.713324138500426e-05,0.000151631232416,8.8818199444601e-05,0.0002975826732456,0.0,Italy,ITA,lombardy,,,Windows-11-10.0.26200-SP0,3.13.13,3.2.6,32,13th Gen Intel(R) Core(TM) i9-13900HX,1,1 x NVIDIA GeForce RTX 4070 Laptop GPU,9.1922,45.4722,31.70067596435547,machine,7.142857142857143,17.5,48.17857142857143,15.271324702671595,N,1.0,0.0
2026-05-03T08:28:12,Q394_llama3.2_HumanEval,c993c7ca-e44c-45da-8701-26065dba3975,5b0fa12a-3dd7-45bb-9766-cc326314d9f1,9.341118399985136,6.658367609100613e-05,7.128019712405325e-06,12.8429422832,46.51817850798073,20.0,3.1532984367625446e-05,0.0001206931521099,4.9104532222069485e-05,0.0002013306686996,0.0,Italy,ITA,lombardy,,,Windows-11-10.0.26200-SP0,3.13.13,3.2.6,32,13th Gen Intel(R) Core(TM) i9-13900HX,1,1 x NVIDIA GeForce RTX 4070 Laptop GPU,9.1922,45.4722,31.70067596435547,machine,7.142857142857143,43.0,30.985714285714288,9.822692326136998,N,1.0,0.0
2026-05-03T08:28:48,Q394_llama3.1_HumanEval,5e2abfb5-c07d-425a-80cc-477e6a2b9298,5b0fa12a-3dd7-45bb-9766-cc326314d9f1,10.713416300015524,7.950335728635396e-05,7.420915519379076e-06,12.87061710464,49.45361276181618,20.0,3.650716398844292e-05,0.000147160673284,5.672838333347399e-05,0.0002403962206059,0.0,Italy,ITA,lombardy,,,Windows-11-10.0.26200-SP0,3.13.13,3.2.6,32,13th Gen Intel(R) Core(TM) i9-13900HX,1,1 x NVIDIA GeForce RTX 4070 Laptop GPU,9.1922,45.4722,31.70067596435547,machine,0.0,48.66666666666666,23.91111111111111,7.583436330159505,N,1.0,0.0
2026-05-03T08:30:00,Q394_gemma2:27b_HumanEval,ea713672-e0e2-41c2-b653-78d2b84a069b,5b0fa12a-3dd7-45bb-9766-cc326314d9f1,47.037111299985554,0.0002947791670184,6.266948774520179e-06,13.280631699080002,24.2205255363464,20.0,0.0002212465649853,0.000336613324846,0.0003334709933331,0.0008913308831645,0.0,Italy,ITA,lombardy,,,Windows-11-10.0.26200-SP0,3.13.13,3.2.6,32,13th Gen Intel(R) Core(TM) i9-13900HX,1,1 x NVIDIA GeForce RTX 4070 Laptop GPU,9.1922,45.4722,31.70067596435547,machine,0.5555555555555556,20.488888888888887,52.68666666666667,16.69676793416341,N,1.0,0.0
2026-05-03T08:31:08,Q395_llama3.2_HumanEval,357110e7-4267-4e50-ab04-fe4f6615c8d3,5b0fa12a-3dd7-45bb-9766-cc326314d9f1,11.035597899986897,8.525000856361976e-05,7.72500133986587e-06,12.85571027072,52.78021039677251,20.0,3.7593754995269954e-05,0.0001616942960219,5.848445777761905e-05,0.0002577725087948,0.0,Italy,ITA,lombardy,,,Windows-11-10.0.26200-SP0,3.13.13,3.2.6,32,13th Gen Intel(R) Core(TM) i9-13900HX,1,1 x NVIDIA GeForce RTX 4070 Laptop GPU,9.1922,45.4722,31.70067596435547,machine,11.11111111111111,57.22222222222222,28.77777777777778,9.128790537516275,N,1.0,0.0
2026-05-03T08:31:48,Q395_llama3.1_HumanEval,5f7c4e01-2dc5-4a5a-90b3-0b70a6f0fc5c,5b0fa12a-3dd7-45bb-9766-cc326314d9f1,14.615052700042725,0.0001200616730395,8.214932611171969e-06,12.847514717257145,57.715407723803565,20.0,5.0361238812364985e-05,0.000234275465198,7.83966750000319e-05,0.0003630333790104,0.0,Italy,ITA,lombardy,,,Windows-11-10.0.26200-SP0,3.13.13,3.2.6,32,13th Gen Intel(R) Core(TM) i9-13900HX,1,1 x NVIDIA GeForce RTX 4070 Laptop GPU,9.1922,45.4722,31.70067596435547,machine,0.0,63.61538461538461,24.03846153846154,7.618704282320463,N,1.0,0.0
2026-05-03T08:32:56,Q395_gemma2:27b_HumanEval,a48f5473-5426-4431-a3b3-8c191700d103,5b0fa12a-3dd7-45bb-9766-cc326314d9f1,32.5684969999711,0.0001705168784471,5.235638551183615e-06,13.416196036000002,25.902758763916125,20.0,0.0001164953603026,0.000226583792378,0.000172516848889,0.0005155960015697,0.0,Italy,ITA,lombardy,,,Windows-11-10.0.26200-SP0,3.13.13,3.2.6,32,13th Gen Intel(R) Core(TM) i9-13900HX,1,1 x NVIDIA GeForce RTX 4070 Laptop GPU,9.1922,45.4722,31.70067596435547,machine,4.443333333333333,14.733333333333333,51.72,16.39715639750163,N,1.0,0.0
2026-05-03T08:33:53,Q396_llama3.2_HumanEval,21b9d49d-fb25-4ee5-8518-7bd47b8955bf,5b0fa12a-3dd7-45bb-9766-cc326314d9f1,11.03292709996458,8.544366280077424e-05,7.744423762307695e-06,12.851474366720002,52.948727747595605,20.0,3.759442153479759e-05,0.0001622592964739,5.850434777773141e-05,0.0002583580657864,0.0,Italy,ITA,lombardy,,,Windows-11-10.0.26200-SP0,3.13.13,3.2.6,32,13th Gen Intel(R) Core(TM) i9-13900HX,1,1 x NVIDIA GeForce RTX 4070 Laptop GPU,9.1922,45.4722,31.70067596435547,machine,2.7777777777777777,56.66666666666666,28.12222222222222,8.921728346082899,N,1.0,0.0
2026-05-03T08:34:44,Q396_llama3.1_HumanEval,8fbf511f-747b-489b-ae6a-4f48a42aabf0,5b0fa12a-3dd7-45bb-9766-cc326314d9f1,15.473632199980784,0.0001329843785327,8.594257431872112e-06,12.84824281417143,61.7760241568355,20.0,5.3430657598258e-05,0.000265506879072,8.317053888879146e-05,0.000402108075559,0.0,Italy,ITA,lombardy,,,Windows-11-10.0.26200-SP0,3.13.13,3.2.6,32,13th Gen Intel(R) Core(TM) i9-13900HX,1,1 x NVIDIA GeForce RTX 4070 Laptop GPU,9.1922,45.4722,31.70067596435547,machine,0.0,70.53846153846153,23.423076923076923,7.431683466984675,N,1.0,0.0
2026-05-03T08:37:04,Q396_gemma2:27b_HumanEval,d9ff9e6b-17da-425a-853e-fac1a881bdbf,5b0fa12a-3dd7-45bb-9766-cc326314d9f1,105.1529352000216,0.0005453376930649,5.186138570717122e-06,13.599441917051433,23.79622470413176,20.0,0.0003835472510778,0.000700845838454,0.000564557657222,0.0016489507467538,0.0,Italy,ITA,lombardy,,,Windows-11-10.0.26200-SP0,3.13.13,3.2.6,32,13th Gen Intel(R) Core(TM) i9-13900HX,1,1 x NVIDIA GeForce RTX 4070 Laptop GPU,9.1922,45.4722,31.70067596435547,machine,1.941747572815534,26.194174757281555,53.341747572815535,16.91047546238575,N,1.0,0.0
2026-05-03T08:38:17,Q397_llama3.2_SQuAD,73543ff1-4205-468a-8b37-245c6869cefe,5b0fa12a-3dd7-45bb-9766-cc326314d9f1,7.266003600030672,4.662783857501228e-05,6.417260593542157e-06,12.8700310016,39.26377128355437,20.0,2.4180164910844897e-05,7.923478561000508e-05,3.757477055575388e-05,0.0001409897210766,0.0,Italy,ITA,lombardy,,,Windows-11-10.0.26200-SP0,3.13.13,3.2.6,32,13th Gen Intel(R) Core(TM) i9-13900HX,1,1 x NVIDIA GeForce RTX 4070 Laptop GPU,9.1922,45.4722,31.70067596435547,machine,0.0,23.2,32.5,10.298102569580076,N,1.0,0.0
2026-05-03T08:38:39,Q397_llama3.1_SQuAD,543f3c1e-d6a7-4523-8eba-c3e0e9b5835c,5b0fa12a-3dd7-45bb-9766-cc326314d9f1,6.722503099997994,3.491090785513841e-05,5.193141205862566e-06,12.860525273600004,26.145908379364904,20.0,2.2213050773439475e-05,4.880448348798527e-05,3.454342055548396e-05,0.0001055609548169,0.0,Italy,ITA,lombardy,,,Windows-11-10.0.26200-SP0,3.13.13,3.2.6,32,13th Gen Intel(R) Core(TM) i9-13900HX,1,1 x NVIDIA GeForce RTX 4070 Laptop GPU,9.1922,45.4722,31.70067596435547,machine,0.0,10.0,23.8,7.537744140625,N,1.0,0.0
2026-05-03T08:39:12,Q397_gemma2:27b_SQuAD,a14772b1-8e2b-48a9-8363-07ce98b1226f,5b0fa12a-3dd7-45bb-9766-cc326314d9f1,17.62335999996867,0.0001058769063575,6.007759380601222e-06,13.27322548352,34.21552415305319,20.0,5.967575917639903e-05,0.000168142912292,9.232388611093887e-05,0.0003201425575793,0.0,Italy,ITA,lombardy,,,Windows-11-10.0.26200-SP0,3.13.13,3.2.6,32,13th Gen Intel(R) Core(TM) i9-13900HX,1,1 x NVIDIA GeForce RTX 4070 Laptop GPU,9.1922,45.4722,31.70067596435547,machine,0.0,10.6,48.15333333333333,15.266536204020182,N,1.0,0.0
2026-05-03T08:39:45,Q398_llama3.2_MMLU,1ec85a33-458c-4722-945a-1f8ff3e356eb,5b0fa12a-3dd7-45bb-9766-cc326314d9f1,7.517665499995928,4.758701269644081e-05,6.330025284640104e-06,12.8730876224,38.23077274540625,20.0,2.508734349339079e-05,7.982728608402212e-05,3.897536944423336e-05,0.0001438899990216,0.0,Italy,ITA,lombardy,,,Windows-11-10.0.26200-SP0,3.13.13,3.2.6,32,13th Gen Intel(R) Core(TM) i9-13900HX,1,1 x NVIDIA GeForce RTX 4070 Laptop GPU,9.1922,45.4722,31.70067596435547,machine,0.0,27.4,32.92,10.433707427978517,N,1.0,0.0
2026-05-03T08:40:06,Q398_llama3.1_MMLU,ec2622d5-b611-44a7-8fc2-72960c7209fb,5b0fa12a-3dd7-45bb-9766-cc326314d9f1,6.728223500016611,3.591703881869397e-05,5.338264821108469e-06,12.8701619456,27.6979085236674,20.0,2.2258253671273263e-05,5.175698584997113e-05,3.4587977777765546e-05,0.000108603217299,0.0,Italy,ITA,lombardy,,,Windows-11-10.0.26200-SP0,3.13.13,3.2.6,32,13th Gen Intel(R) Core(TM) i9-13900HX,1,1 x NVIDIA GeForce RTX 4070 Laptop GPU,9.1922,45.4722,31.70067596435547,machine,0.0,12.2,23.78,7.530252075195312,N,1.0,0.0
2026-05-03T08:40:53,Q398_gemma2:27b_MMLU,8670715d-6697-4e8c-9e8d-f7e76721c91b,5b0fa12a-3dd7-45bb-9766-cc326314d9f1,31.907600499980617,0.0002195995992446,6.882360183894533e-06,13.291738226080003,38.87524350423943,20.0,0.0001674296893323,0.0002443824177279,0.0002521965022221,0.0006640086092824,0.0,Italy,ITA,lombardy,,,Windows-11-10.0.26200-SP0,3.13.13,3.2.6,32,13th Gen Intel(R) Core(TM) i9-13900HX,1,1 x NVIDIA GeForce RTX 4070 Laptop GPU,9.1922,45.4722,31.70067596435547,machine,5.556666666666667,20.366666666666667,51.45333333333333,16.314318466186524,N,1.0,0.0
2026-05-03T08:41:50,Q399_llama3.2_HumanEval,3e43819c-8ca7-44d6-bede-9d3a3f1f89c7,5b0fa12a-3dd7-45bb-9766-cc326314d9f1,11.182111400004942,8.466419771023667e-05,7.571396374230295e-06,12.85234044032,51.07836816388495,20.0,3.8111858732248926e-05,0.0001585829046439,5.930641500001204e-05,0.0002560011783762,0.0,Italy,ITA,lombardy,,,Windows-11-10.0.26200-SP0,3.13.13,3.2.6,32,13th Gen Intel(R) Core(TM) i9-13900HX,1,1 x NVIDIA GeForce RTX 4070 Laptop GPU,9.1922,45.4722,31.70067596435547,machine,0.0,54.77777777777778,29.0,9.189022488064236,N,1.0,0.0
2026-05-03T08:42:29,Q399_llama3.1_HumanEval,6f4bc99d-bb22-42a6-b85a-2db4c456f4a5,5b0fa12a-3dd7-45bb-9766-cc326314d9f1,14.13581599999452,0.0001158652789451,8.196575206212574e-06,12.871326345846157,57.525392020159344,20.0,4.87437718652672e-05,0.000225861569578,7.57392994445076e-05,0.0003503446408878,0.0,Italy,ITA,lombardy,,,Windows-11-10.0.26200-SP0,3.13.13,3.2.6,32,13th Gen Intel(R) Core(TM) i9-13900HX,1,1 x NVIDIA GeForce RTX 4070 Laptop GPU,9.1922,45.4722,31.70067596435547,machine,0.0,68.66666666666667,23.691666666666663,7.514054934183757,N,1.0,0.0
2026-05-03T08:44:22,Q399_gemma2:27b_HumanEval,55fdc9da-f989-4a9f-8209-405ee8b11f4f,5b0fa12a-3dd7-45bb-9766-cc326314d9f1,77.16640720004216,0.0004010051827692,5.196628913015835e-06,13.605975514240004,24.594716523743987,20.0,0.0002831507483611,0.0005174929139939,0.0004118853888888,0.0012125290512439,0.0,Italy,ITA,lombardy,,,Windows-11-10.0.26200-SP0,3.13.13,3.2.6,32,13th Gen Intel(R) Core(TM) i9-13900HX,1,1 x NVIDIA GeForce RTX 4070 Laptop GPU,9.1922,45.4722,31.70067596435547,machine,6.133333333333334,16.28,53.29333333333334,16.889514668782553,N,1.0,0.0
2026-05-03T08:45:36,Q400_llama3.2_HellaSwag,5f8ee4f4-e9a0-4535-82f6-983e21862f10,5b0fa12a-3dd7-45bb-9766-cc326314d9f1,7.291482199972961,4.394725075408352e-05,6.027204009940049e-06,12.870180128,35.00774015195552,20.0,2.4271110145080446e-05,7.089755671796372e-05,3.771569611110156e-05,0.0001328843629741,0.0,Italy,ITA,lombardy,,,Windows-11-10.0.26200-SP0,3.13.13,3.2.6,32,13th Gen Intel(R) Core(TM) i9-13900HX,1,1 x NVIDIA GeForce RTX 4070 Laptop GPU,9.1922,45.4722,31.70067596435547,machine,0.0,24.2,32.4,10.268798828125,N,1.0,0.0
2026-05-03T08:46:01,Q400_llama3.1_HellaSwag,58adc475-e9dc-4c91-9923-9d7175d8dcc0,5b0fa12a-3dd7-45bb-9766-cc326314d9f1,10.80315720004728,7.82194342896558e-05,7.240423594809253e-06,12.88381614464,47.46634760003453,20.0,3.6862453259399984e-05,0.000142429558388,5.722198000003118e-05,0.0002365139916474,0.0,Italy,ITA,lombardy,,,Windows-11-10.0.26200-SP0,3.13.13,3.2.6,32,13th Gen Intel(R) Core(TM) i9-13900HX,1,1 x NVIDIA GeForce RTX 4070 Laptop GPU,9.1922,45.4722,31.70067596435547,machine,0.0,59.11111111111112,23.666666666666668,7.502982245551215,N,1.0,0.0
2026-05-03T08:46:48,Q400_gemma2:27b_HellaSwag,375ed882-ca03-48bc-a5e5-f1d48998b5d0,5b0fa12a-3dd7-45bb-9766-cc326314d9f1,21.819180299993604,0.0001162948661548,5.329937447508203e-06,13.260579910948572,28.128422247054505,20.0,7.558762076201526e-05,0.000160427628342,0.0001156283449999,0.0003516435941039,0.0,Italy,ITA,lombardy,,,Windows-11-10.0.26200-SP0,3.13.13,3.2.6,32,13th Gen Intel(R) Core(TM) i9-13900HX,1,1 x NVIDIA GeForce RTX 4070 Laptop GPU,9.1922,45.4722,31.70067596435547,machine,3.335,14.45,49.945,15.837183380126952,N,1.0,0.0
2026-05-03T08:47:31,Q401_llama3.2_MMLU,67036616-1ead-49f0-b24d-f44942bf3cbc,5b0fa12a-3dd7-45bb-9766-cc326314d9f1,7.395420800021384,4.55913527397165e-05,6.16480846358123e-06,12.8611548224,36.50106688905792,20.0,2.4619982208542987e-05,7.495089329401239e-05,3.8284798333511895e-05,0.000137855673836,0.0,Italy,ITA,lombardy,,,Windows-11-10.0.26200-SP0,3.13.13,3.2.6,32,13th Gen Intel(R) Core(TM) i9-13900HX,1,1 x NVIDIA GeForce RTX 4070 Laptop GPU,9.1922,45.4722,31.70067596435547,machine,0.0,22.2,32.68,10.366758728027344,N,1.0,0.0
2026-05-03T08:47:53,Q401_llama3.1_MMLU,b0057e28-b812-49c7-9907-3cda20b568ce,5b0fa12a-3dd7-45bb-9766-cc326314d9f1,6.805524000024889,3.98947330175764e-05,5.862110399938418e-06,12.8620586624,33.418240380731554,20.0,2.250574120843315e-05,6.313032828203502e-05,3.4994597777646655e-05,0.0001206306672681,0.0,Italy,ITA,lombardy,,,Windows-11-10.0.26200-SP0,3.13.13,3.2.6,32,13th Gen Intel(R) Core(TM) i9-13900HX,1,1 x NVIDIA GeForce RTX 4070 Laptop GPU,9.1922,45.4722,31.70067596435547,machine,0.0,11.6,23.66,7.503610992431641,N,1.0,0.0
2026-05-03T08:48:34,Q401_gemma2:27b_MMLU,3e984a97-f3f1-4066-b51a-bc163d8e5ee3,5b0fa12a-3dd7-45bb-9766-cc326314d9f1,25.466666000022087,0.0001372796764292,5.390563351683276e-06,13.60377107456,26.712097784189467,20.0,9.12272672246716e-05,0.000187977650382,0.0001358909538888,0.0004150958714955,0.0,Italy,ITA,lombardy,,,Windows-11-10.0.26200-SP0,3.13.13,3.2.6,32,13th Gen Intel(R) Core(TM) i9-13900HX,1,1 x NVIDIA GeForce RTX 4070 Laptop GPU,9.1922,45.4722,31.70067596435547,machine,0.0,14.347826086956522,50.54782608695652,16.020935556162957,N,1.0,0.0
2026-05-03T08:49:16,Q402_llama3.2_HellaSwag,9353ee9b-8655-49d3-9d2d-a97671ed715e,5b0fa12a-3dd7-45bb-9766-cc326314d9f1,6.47775099996943,3.4587112602365745e-05,5.339370501047195e-06,12.86255362304,27.80777839216828,20.0,2.1351653936316565e-05,5.003142891396584e-05,3.319880444452994e-05,0.0001045818872948,0.0,Italy,ITA,lombardy,,,Windows-11-10.0.26200-SP0,3.13.13,3.2.6,32,13th Gen Intel(R) Core(TM) i9-13900HX,1,1 x NVIDIA GeForce RTX 4070 Laptop GPU,9.1922,45.4722,31.70067596435547,machine,0.0,5.75,34.125,10.823119163513184,N,1.0,0.0
2026-05-03T08:49:58,Q402_llama3.1_HellaSwag,378938a1-387c-4750-aa9b-a0bf7dc8b1ba,5b0fa12a-3dd7-45bb-9766-cc326314d9f1,7.302524899947457,4.089326648034268e-05,5.599880457872442e-06,12.8776067648,30.345645029430973,20.0,2.4324509987181425e-05,6.154838257205197e-05,3.777706444444549e-05,0.0001236499570036,0.0,Italy,ITA,lombardy,,,Windows-11-10.0.26200-SP0,3.13.13,3.2.6,32,13th Gen Intel(R) Core(TM) i9-13900HX,1,1 x NVIDIA GeForce RTX 4070 Laptop GPU,9.1922,45.4722,31.70067596435547,machine,0.0,22.4,23.84,7.561077117919922,N,1.0,0.0
2026-05-03T08:50:33,Q402_gemma2:27b_HellaSwag,9c3c28c3-a6c5-4253-8d16-dcb4ac9a8ae5,5b0fa12a-3dd7-45bb-9766-cc326314d9f1,19.99438749998808,0.0001183256191828,5.917941681528968e-06,13.29502032128,31.47117668714339,20.0,6.897247607273615e-05,0.0001833129244279,0.0001054986305554,0.0003577840310561,0.0,Italy,ITA,lombardy,,,Windows-11-10.0.26200-SP0,3.13.13,3.2.6,32,13th Gen Intel(R) Core(TM) i9-13900HX,1,1 x NVIDIA GeForce RTX 4070 Laptop GPU,9.1922,45.4722,31.70067596435547,machine,5.555555555555555,16.61111111111111,49.61666666666667,15.727035946316189,N,1.0,0.0
2026-05-03T08:51:15,Q403_llama3.2_HellaSwag,844201dd-bd76-40e4-8785-bf0542daa360,5b0fa12a-3dd7-45bb-9766-cc326314d9f1,6.468243500043172,3.4545495123687095e-05,5.34078457674893e-06,12.85887865088,27.83521341963555,20.0,2.130859640388877e-05,5.000615111594442e-05,3.314130000006925e-05,0.0001044560475199,0.0,Italy,ITA,lombardy,,,Windows-11-10.0.26200-SP0,3.13.13,3.2.6,32,13th Gen Intel(R) Core(TM) i9-13900HX,1,1 x NVIDIA GeForce RTX 4070 Laptop GPU,9.1922,45.4722,31.70067596435547,machine,0.0,8.0,34.575,10.951264381408691,N,1.0,0.0
2026-05-03T08:51:38,Q403_llama3.1_HellaSwag,c4c0ad2e-e1e7-4e85-ae82-cf3d0ca7c8d0,5b0fa12a-3dd7-45bb-9766-cc326314d9f1,7.932402000005823,4.920755182470384e-05,6.203360826224859e-06,12.880875139657146,36.730936191308885,20.0,2.6585072561039087e-05,8.092756474203933e-05,4.1277424999861975e-05,0.0001487900623029,0.0,Italy,ITA,lombardy,,,Windows-11-10.0.26200-SP0,3.13.13,3.2.6,32,13th Gen Intel(R) Core(TM) i9-13900HX,1,1 x NVIDIA GeForce RTX 4070 Laptop GPU,9.1922,45.4722,31.70067596435547,machine,5.55,23.83333333333333,24.08333333333333,7.635487874348958,N,1.0,0.0
2026-05-03T08:52:12,Q403_gemma2:27b_HellaSwag,9e76edf9-82cc-4130-a21a-1d57abdfa15f,5b0fa12a-3dd7-45bb-9766-cc326314d9f1,18.64152710000053,0.0001107711017982,5.9421688579480285e-06,13.492303880960002,31.33734731872012,20.0,6.43480708254168e-05,0.000172620693652,9.797248999982712e-05,0.0003349412544772,0.0,Italy,ITA,lombardy,,,Windows-11-10.0.26200-SP0,3.13.13,3.2.6,32,13th Gen Intel(R) Core(TM) i9-13900HX,1,1 x NVIDIA GeForce RTX 4070 Laptop GPU,9.1922,45.4722,31.70067596435547,machine,3.30625,14.5,48.8125,15.47039270401001,N,1.0,0.0
2026-05-03T08:52:47,Q404_llama3.2_HumanEval,db24b245-5eee-4d86-9dea-40cc99b6caff,5b0fa12a-3dd7-45bb-9766-cc326314d9f1,10.187705199990887,7.222487633121554e-05,7.0894156155284256e-06,12.8609266176,45.937015936634594,20.0,3.45999991667701e-05,0.0001299831595419,5.380494333350927e-05,0.0002183881020422,0.0,Italy,ITA,lombardy,,,Windows-11-10.0.26200-SP0,3.13.13,3.2.6,32,13th Gen Intel(R) Core(TM) i9-13900HX,1,1 x NVIDIA GeForce RTX 4070 Laptop GPU,9.1922,45.4722,31.70067596435547,machine,0.0,50.0,29.8625,9.4603910446167,N,1.0,0.0
2026-05-03T08:53:27,Q404_llama3.1_HumanEval,211a2f1b-ec8e-4520-9353-2ed6c7023b39,5b0fa12a-3dd7-45bb-9766-cc326314d9f1,14.07305449998239,0.0001147362702211,8.152904561076368e-06,12.848835663753846,57.07476421265396,20.0,4.843729869875092e-05,0.0002230987895899,7.539474166664554e-05,0.0003469308299553,0.0,Italy,ITA,lombardy,,,Windows-11-10.0.26200-SP0,3.13.13,3.2.6,32,13th Gen Intel(R) Core(TM) i9-13900HX,1,1 x NVIDIA GeForce RTX 4070 Laptop GPU,9.1922,45.4722,31.70067596435547,machine,14.583333333333334,68.5,23.88333333333333,7.565745671590169,N,1.0,0.0
2026-05-03T08:55:25,Q404_gemma2:27b_HumanEval,51ef623a-9877-4262-937e-3462f5190fd9,5b0fa12a-3dd7-45bb-9766-cc326314d9f1,82.64452589995926,0.0004307387279576,5.211945053433205e-06,13.576060764708572,23.947571042468883,20.0,0.0003004413979356,0.0005597021144279,0.0004422915772221,0.0013024350895857,0.0,Italy,ITA,lombardy,,,Windows-11-10.0.26200-SP0,3.13.13,3.2.6,32,13th Gen Intel(R) Core(TM) i9-13900HX,1,1 x NVIDIA GeForce RTX 4070 Laptop GPU,9.1922,45.4722,31.70067596435547,machine,2.5,31.775,53.46625,16.94973063468933,N,1.0,0.0
2026-05-03T08:56:39,Q405_llama3.2_GSM8K,719f56e5-022c-4302-83d5-cb03ecdd1e2b,5b0fa12a-3dd7-45bb-9766-cc326314d9f1,7.48722839995753,4.3996696122704514e-05,5.876232668814281e-06,12.8707242368,33.30413066505532,20.0,2.497239838903926e-05,6.925811096197831e-05,3.880336277781883e-05,0.0001330338721288,0.0,Italy,ITA,lombardy,,,Windows-11-10.0.26200-SP0,3.13.13,3.2.6,32,13th Gen Intel(R) Core(TM) i9-13900HX,1,1 x NVIDIA GeForce RTX 4070 Laptop GPU,9.1922,45.4722,31.70067596435547,machine,0.0,22.4,32.78,10.393608856201173,N,1.0,0.0
2026-05-03T08:57:02,Q405_llama3.1_GSM8K,41a7e040-71be-4537-aa75-4fd00130a3e4,5b0fa12a-3dd7-45bb-9766-cc326314d9f1,8.3953940999927,5.45447174968005e-05,6.4969811836287626e-06,12.862255232,39.83351144631324,20.0,2.8200305235129192e-05,9.287924096995635e-05,4.3848632777614206e-05,0.0001649281789826,0.0,Italy,ITA,lombardy,,,Windows-11-10.0.26200-SP0,3.13.13,3.2.6,32,13th Gen Intel(R) Core(TM) i9-13900HX,1,1 x NVIDIA GeForce RTX 4070 Laptop GPU,9.1922,45.4722,31.70067596435547,machine,0.0,29.666666666666668,23.85,7.569033940633138,N,1.0,0.0
2026-05-03T08:58:03,Q405_gemma2:27b_GSM8K,3cd88749-800d-4af4-be2c-7bb7398c9298,5b0fa12a-3dd7-45bb-9766-cc326314d9f1,45.90477310004644,0.0002411736069364,5.253780612548727e-06,13.323266500320004,24.73071394675712,20.0,0.000164130324572,0.000318472477,0.0002466396555559,0.000729242457128,0.0,Italy,ITA,lombardy,,,Windows-11-10.0.26200-SP0,3.13.13,3.2.6,32,13th Gen Intel(R) Core(TM) i9-13900HX,1,1 x NVIDIA GeForce RTX 4070 Laptop GPU,9.1922,45.4722,31.70067596435547,machine,0.0,18.545454545454547,52.618181818181824,16.67643165588379,N,1.0,0.0
2026-05-03T08:59:06,Q406_llama3.2_HellaSwag,f52df0fe-50ae-46b6-8925-60c3843f7020,5b0fa12a-3dd7-45bb-9766-cc326314d9f1,6.155356100003701,2.989126460275196e-05,4.85613896533687e-06,12.87013242368,22.67572636359243,20.0,2.021068788493114e-05,3.8766142123947134e-05,3.140610833361279e-05,9.038293834249106e-05,0.0,Italy,ITA,lombardy,,,Windows-11-10.0.26200-SP0,3.13.13,3.2.6,32,13th Gen Intel(R) Core(TM) i9-13900HX,1,1 x NVIDIA GeForce RTX 4070 Laptop GPU,9.1922,45.4722,31.70067596435547,machine,0.0,5.5,35.125,11.136731147766112,N,1.0,0.0
2026-05-03T08:59:28,Q406_llama3.1_HellaSwag,d1865324-5a03-438b-96cf-0a0cb369927e,5b0fa12a-3dd7-45bb-9766-cc326314d9f1,7.503112800011877,4.696830110315878e-05,6.259842062228417e-06,12.8571273536,37.488821475935325,20.0,2.500301556495171e-05,7.812367360998662e-05,3.889249666665112e-05,0.0001420191858415,0.0,Italy,ITA,lombardy,,,Windows-11-10.0.26200-SP0,3.13.13,3.2.6,32,13th Gen Intel(R) Core(TM) i9-13900HX,1,1 x NVIDIA GeForce RTX 4070 Laptop GPU,9.1922,45.4722,31.70067596435547,machine,0.0,12.4,23.84,7.559086608886719,N,1.0,0.0
2026-05-03T09:00:02,Q406_gemma2:27b_HellaSwag,64dfcc78-7075-482d-9fd4-36d68e1055ef,5b0fa12a-3dd7-45bb-9766-cc326314d9f1,18.53583969996544,0.0001036845158246,5.59373179219104e-06,13.45045806464,29.63607073274652,20.0,6.35229174186022e-05,0.0001526181776499,9.737227833312418e-05,0.0003135133734016,0.0,Italy,ITA,lombardy,,,Windows-11-10.0.26200-SP0,3.13.13,3.2.6,32,13th Gen Intel(R) Core(TM) i9-13900HX,1,1 x NVIDIA GeForce RTX 4070 Laptop GPU,9.1922,45.4722,31.70067596435547,machine,0.0,12.4375,48.90625,15.50523066520691,N,1.0,0.0
2026-05-03T09:00:37,Q407_llama3.2_GSM8K,2a009896-7fae-4859-8886-9379d288b8a1,5b0fa12a-3dd7-45bb-9766-cc326314d9f1,9.291186399990693,6.680702629813918e-05,7.19036551652931e-06,12.867063896,47.18480267144529,20.0,3.141265903173164e-05,0.0001217678751919,4.8825483888827466e-05,0.0002020060181125,0.0,Italy,ITA,lombardy,,,Windows-11-10.0.26200-SP0,3.13.13,3.2.6,32,13th Gen Intel(R) Core(TM) i9-13900HX,1,1 x NVIDIA GeForce RTX 4070 Laptop GPU,9.1922,45.4722,31.70067596435547,machine,0.0,43.142857142857146,29.77142857142857,9.43748528616769,N,1.0,0.0
2026-05-03T09:01:34,Q407_llama3.1_GSM8K,01784c27-178c-43fd-b02e-c9ee720931a5,5b0fa12a-3dd7-45bb-9766-cc326314d9f1,11.82245460001286,8.885780449238537e-05,7.516019938218981e-06,12.865403689890911,50.348518431577226,20.0,4.045628005673006e-05,0.0001653345767119,6.289063166671743e-05,0.0002686814884354,0.0,Italy,ITA,lombardy,,,Windows-11-10.0.26200-SP0,3.13.13,3.2.6,32,13th Gen Intel(R) Core(TM) i9-13900HX,1,1 x NVIDIA GeForce RTX 4070 Laptop GPU,9.1922,45.4722,31.70067596435547,machine,0.0,58.2,23.41,7.422088241577148,N,1.0,0.0
2026-05-03T09:02:36,Q407_gemma2:27b_GSM8K,7f218f2b-f50f-4963-9049-7ece39756b4d,5b0fa12a-3dd7-45bb-9766-cc326314d9f1,37.18479369999841,0.0001978815807964,5.321572640496231e-06,13.49756873776,25.182813036964674,20.0,0.0001335185293138,0.000266652713322,0.0001981680700002,0.0005983393126361,0.0,Italy,ITA,lombardy,,,Windows-11-10.0.26200-SP0,3.13.13,3.2.6,32,13th Gen Intel(R) Core(TM) i9-13900HX,1,1 x NVIDIA GeForce RTX 4070 Laptop GPU,9.1922,45.4722,31.70067596435547,machine,2.54,21.34285714285714,51.51428571428571,16.324410029820033,N,1.0,0.0
2026-05-03T09:03:30,Q408_llama3.2_GSM8K,0aa9e2ac-9978-47d1-9034-a3278fced48e,5b0fa12a-3dd7-45bb-9766-cc326314d9f1,8.325286099978257,5.723192461973907e-05,6.8744694095123705e-06,12.8717231744,43.9489931460139,20.0,2.79700796170664e-05,0.000101625359078,4.345811333332676e-05,0.0001730535520284,0.0,Italy,ITA,lombardy,,,Windows-11-10.0.26200-SP0,3.13.13,3.2.6,32,13th Gen Intel(R) Core(TM) i9-13900HX,1,1 x NVIDIA GeForce RTX 4070 Laptop GPU,9.1922,45.4722,31.70067596435547,machine,0.0,35.333333333333336,31.116666666666664,9.861199061075846,N,1.0,0.0
2026-05-03T09:04:04,Q408_llama3.1_GSM8K,de607f46-2af5-4804-9770-37cb64992e1c,5b0fa12a-3dd7-45bb-9766-cc326314d9f1,9.185594900045544,6.081867412733435e-05,6.621092568216001e-06,12.8678398832,41.00442723656344,20.0,3.103938051478115e-05,0.000104617028138,4.8242484444441895e-05,0.0001838988930972,0.0,Italy,ITA,lombardy,,,Windows-11-10.0.26200-SP0,3.13.13,3.2.6,32,13th Gen Intel(R) Core(TM) i9-13900HX,1,1 x NVIDIA GeForce RTX 4070 Laptop GPU,9.1922,45.4722,31.70067596435547,machine,0.0,48.71428571428572,23.342857142857145,7.394621167864118,N,1.0,0.0
2026-05-03T09:04:59,Q408_gemma2:27b_GSM8K,3784ee59-a2ef-4428-a290-16c55b4c2367,5b0fa12a-3dd7-45bb-9766-cc326314d9f1,29.229174400039483,0.0001621037480276,5.545957125199703e-06,13.33486976137143,27.5929919247,20.0,0.0001041660426736,0.0002291962944679,0.000156794678889,0.0004901570160305,0.0,Italy,ITA,lombardy,,,Windows-11-10.0.26200-SP0,3.13.13,3.2.6,32,13th Gen Intel(R) Core(TM) i9-13900HX,1,1 x NVIDIA GeForce RTX 4070 Laptop GPU,9.1922,45.4722,31.70067596435547,machine,0.0,18.296296296296298,50.9,16.14073294180411,N,1.0,0.0
2026-05-03T09:05:42,Q409_llama3.2_GSM8K,15f6dc92-0251-4801-8b52-4303acad3bdf,5b0fa12a-3dd7-45bb-9766-cc326314d9f1,7.44727609999245,4.554835839938263e-05,6.1161098081792345e-06,12.8721886592,35.925377060484905,20.0,2.483306247499801e-05,7.430950389197832e-05,3.8583104444357256e-05,0.0001377256708113,0.0,Italy,ITA,lombardy,,,Windows-11-10.0.26200-SP0,3.13.13,3.2.6,32,13th Gen Intel(R) Core(TM) i9-13900HX,1,1 x NVIDIA GeForce RTX 4070 Laptop GPU,9.1922,45.4722,31.70067596435547,machine,0.0,22.4,32.38,10.266405487060547,N,1.0,0.0
2026-05-03T09:06:08,Q409_llama3.1_GSM8K,ed842e20-8762-4cde-b3d1-9ef97c6de1f7,5b0fa12a-3dd7-45bb-9766-cc326314d9f1,11.069589000020642,8.047861237092267e-05,7.270243942279393e-06,12.86770882304,47.767036023676695,20.0,3.7771580453761657e-05,0.0001468670619379,5.8706480555702006e-05,0.0002433451229474,0.0,Italy,ITA,lombardy,,,Windows-11-10.0.26200-SP0,3.13.13,3.2.6,32,13th Gen Intel(R) Core(TM) i9-13900HX,1,1 x NVIDIA GeForce RTX 4070 Laptop GPU,9.1922,45.4722,31.70067596435547,machine,2.7777777777777777,48.22222222222222,23.433333333333334,7.4265869988335504,N,1.0,0.0
2026-05-03T09:07:19,Q409_gemma2:27b_GSM8K,6cc2dca1-9788-4b5a-8eed-092001504035,5b0fa12a-3dd7-45bb-9766-cc326314d9f1,45.58208580000792,0.0002362459096968,5.182867469764962e-06,13.61411477408,23.73466697250505,20.0,0.0001663259186081,0.0003031694092019,0.0002448471322219,0.0007143424600321,0.0,Italy,ITA,lombardy,,,Windows-11-10.0.26200-SP0,3.13.13,3.2.6,32,13th Gen Intel(R) Core(TM) i9-13900HX,1,1 x NVIDIA GeForce RTX 4070 Laptop GPU,9.1922,45.4722,31.70067596435547,machine,4.227906976744186,19.953488372093023,52.111627906976736,16.520672376765763,N,1.0,0.0
2026-05-03T09:08:22,Q410_llama3.2_MMLU,0211f116-04db-486d-91da-4ac9c27e86d7,5b0fa12a-3dd7-45bb-9766-cc326314d9f1,8.127064800006337,5.495063059882824e-05,6.76143625664033e-06,12.878726034285716,42.75727563546805,20.0,2.7278342681768147e-05,9.651618832395847e-05,4.236101722215406e-05,0.0001661555482278,0.0,Italy,ITA,lombardy,,,Windows-11-10.0.26200-SP0,3.13.13,3.2.6,32,13th Gen Intel(R) Core(TM) i9-13900HX,1,1 x NVIDIA GeForce RTX 4070 Laptop GPU,9.1922,45.4722,31.70067596435547,machine,0.0,33.666666666666664,30.883333333333336,9.79749615987142,N,1.0,0.0
2026-05-03T09:08:47,Q410_llama3.1_MMLU,1dc233b5-8e55-4d3b-b264-17fe5a7d6752,5b0fa12a-3dd7-45bb-9766-cc326314d9f1,9.051710300031118,6.0809993499016576e-05,6.718066694954601e-06,12.888308504,42.09102599817112,20.0,3.059739285781282e-05,0.0001057953624139,4.747989000008804e-05,0.0001838726452718,0.0,Italy,ITA,lombardy,,,Windows-11-10.0.26200-SP0,3.13.13,3.2.6,32,13th Gen Intel(R) Core(TM) i9-13900HX,1,1 x NVIDIA GeForce RTX 4070 Laptop GPU,9.1922,45.4722,31.70067596435547,machine,0.0,48.85714285714285,24.15714285714285,7.659432547433036,N,1.0,0.0
2026-05-03T09:09:40,Q410_gemma2:27b_MMLU,ccac6762-13f6-4cb5-8d53-9b623ebbfd3d,5b0fa12a-3dd7-45bb-9766-cc326314d9f1,28.16307130001951,0.0001494522682543,5.306675066163126e-06,13.43120868224,25.28971400416097,20.0,0.0001005824775219,0.000200479049272,0.0001508409044446,0.0004519024312386,0.0,Italy,ITA,lombardy,,,Windows-11-10.0.26200-SP0,3.13.13,3.2.6,32,13th Gen Intel(R) Core(TM) i9-13900HX,1,1 x NVIDIA GeForce RTX 4070 Laptop GPU,9.1922,45.4722,31.70067596435547,machine,0.0,17.615384615384617,51.25,16.243626227745644,N,1.0,0.0
2026-05-03T09:10:36,Q411_llama3.2_GSM8K,a4e7064c-cc10-48bf-82a1-a78626f19329,5b0fa12a-3dd7-45bb-9766-cc326314d9f1,10.428501300048085,7.945153604814863e-05,7.618691676030409e-06,12.848151308800002,51.669653486228,20.0,3.542753774430771e-05,0.000149665675288,5.514631444465421e-05,0.000240239527477,0.0,Italy,ITA,lombardy,,,Windows-11-10.0.26200-SP0,3.13.13,3.2.6,32,13th Gen Intel(R) Core(TM) i9-13900HX,1,1 x NVIDIA GeForce RTX 4070 Laptop GPU,9.1922,45.4722,31.70067596435547,machine,0.0,48.125,29.875,9.475355625152588,N,1.0,0.0
2026-05-03T09:11:12,Q411_llama3.1_GSM8K,815f6f0d-2a77-42ed-9626-79c6e781911d,5b0fa12a-3dd7-45bb-9766-cc326314d9f1,10.991156000003684,8.286309004266227e-05,7.539069597650556e-06,12.874207854080002,50.7005436316377,20.0,3.750922737814958e-05,0.00015477651271,5.826938555562973e-05,0.0002505551256437,0.0,Italy,ITA,lombardy,,,Windows-11-10.0.26200-SP0,3.13.13,3.2.6,32,13th Gen Intel(R) Core(TM) i9-13900HX,1,1 x NVIDIA GeForce RTX 4070 Laptop GPU,9.1922,45.4722,31.70067596435547,machine,20.0,47.888888888888886,23.933333333333334,7.592597961425781,N,1.0,0.0
2026-05-03T09:12:36,Q411_gemma2:27b_GSM8K,132763a6-5798-40ff-8056-cf53299df561,5b0fa12a-3dd7-45bb-9766-cc326314d9f1,58.64504089998081,0.0003022826263397,5.154444803872477e-06,13.641438373575388,23.415372892730744,20.0,0.0002141389049133,0.0003852761415539,0.0003146042277777,0.0009140192742451,0.0,Italy,ITA,lombardy,,,Windows-11-10.0.26200-SP0,3.13.13,3.2.6,32,13th Gen Intel(R) Core(TM) i9-13900HX,1,1 x NVIDIA GeForce RTX 4070 Laptop GPU,9.1922,45.4722,31.70067596435547,machine,2.0410714285714286,18.482142857142858,53.142857142857146,16.84322602408273,N,1.0,0.0
2026-05-03T09:13:41,Q412_llama3.2_HellaSwag,ae0d4705-2551-4172-b54b-74ad0f0b37a2,5b0fa12a-3dd7-45bb-9766-cc326314d9f1,8.962909699999727,6.249426299496436e-05,6.972541851555892e-06,12.8600727968,44.88371673031352,20.0,3.022479332631931e-05,0.000111736756056,4.700386222199692e-05,0.0001889654116043,0.0,Italy,ITA,lombardy,,,Windows-11-10.0.26200-SP0,3.13.13,3.2.6,32,13th Gen Intel(R) Core(TM) i9-13900HX,1,1 x NVIDIA GeForce RTX 4070 Laptop GPU,9.1922,45.4722,31.70067596435547,machine,0.0,46.0,30.514285714285712,9.671521868024554,N,1.0,0.0
2026-05-03T09:14:37,Q412_llama3.1_HellaSwag,ef11004b-55eb-4d6d-adc1-36b7c08370c4,5b0fa12a-3dd7-45bb-9766-cc326314d9f1,11.012082000030205,7.910273732660551e-05,7.183268098293178e-06,12.862936455680002,46.831906625138274,20.0,3.755267232309508e-05,0.000143244003484,5.8388180555711086e-05,0.0002391848563628,0.0,Italy,ITA,lombardy,,,Windows-11-10.0.26200-SP0,3.13.13,3.2.6,32,13th Gen Intel(R) Core(TM) i9-13900HX,1,1 x NVIDIA GeForce RTX 4070 Laptop GPU,9.1922,45.4722,31.70067596435547,machine,6.177777777777778,59.888888888888886,24.133333333333336,7.647191789415148,N,1.0,0.0
2026-05-03T09:15:26,Q412_gemma2:27b_HellaSwag,b5f7f4fe-1666-4f06-8bfc-c2212488732a,5b0fa12a-3dd7-45bb-9766-cc326314d9f1,23.257166100025643,0.0001367243567611,5.878805533448806e-06,13.493067852320005,29.1858424138316,20.0,8.210742296074908e-05,0.0002077007217159,0.0001236085933332,0.0004134167380099,0.0,Italy,ITA,lombardy,,,Windows-11-10.0.26200-SP0,3.13.13,3.2.6,32,13th Gen Intel(R) Core(TM) i9-13900HX,1,1 x NVIDIA GeForce RTX 4070 Laptop GPU,9.1922,45.4722,31.70067596435547,machine,0.0,14.80952380952381,50.49047619047619,16.00287373860677,N,1.0,0.0
2026-05-03T09:16:08,Q413_llama3.2_SQuAD,ad41b317-3fe3-4221-b587-2f94883b981b,5b0fa12a-3dd7-45bb-9766-cc326314d9f1,6.663428800005931,3.913714579661421e-05,5.873424474285577e-06,12.876485273600002,33.54010383971579,20.0,2.2037286173543707e-05,6.207504965999311e-05,3.422759666670269e-05,0.0001183399325002,0.0,Italy,ITA,lombardy,,,Windows-11-10.0.26200-SP0,3.13.13,3.2.6,32,13th Gen Intel(R) Core(TM) i9-13900HX,1,1 x NVIDIA GeForce RTX 4070 Laptop GPU,9.1922,45.4722,31.70067596435547,machine,0.0,26.2,33.760000000000005,10.698687744140624,N,1.0,0.0
2026-05-03T09:16:31,Q413_llama3.1_SQuAD,873d6c8f-a0d1-466a-8fbf-000ea3fb7a9d,5b0fa12a-3dd7-45bb-9766-cc326314d9f1,7.951031500007957,4.945440264721826e-05,6.219872559575291e-06,12.860863895771429,36.95553068839717,20.0,2.65976719429615e-05,8.157756526200322e-05,4.136123388889246e-05,0.0001495364710938,0.0,Italy,ITA,lombardy,,,Windows-11-10.0.26200-SP0,3.13.13,3.2.6,32,13th Gen Intel(R) Core(TM) i9-13900HX,1,1 x NVIDIA GeForce RTX 4070 Laptop GPU,9.1922,45.4722,31.70067596435547,machine,0.0,23.5,24.3,7.703655242919922,N,1.0,0.0
2026-05-03T09:17:06,Q413_gemma2:27b_SQuAD,500b9f38-b311-4f56-87fc-27cc5af5aaea,5b0fa12a-3dd7-45bb-9766-cc326314d9f1,20.326987000007648,0.0001211795054602,5.961508484271555e-06,13.675232395520002,31.22594506965116,20.0,7.093641260131217e-05,0.000188132372728,0.0001073446105554,0.0003664133958847,0.0,Italy,ITA,lombardy,,,Windows-11-10.0.26200-SP0,3.13.13,3.2.6,32,13th Gen Intel(R) Core(TM) i9-13900HX,1,1 x NVIDIA GeForce RTX 4070 Laptop GPU,9.1922,45.4722,31.70067596435547,machine,4.444444444444445,16.77777777777778,49.91666666666666,15.828393512301975,N,1.0,0.0
2026-05-03T09:17:52,Q414_llama3.2_HumanEval,a63176ba-de04-46a8-8b44-dd5119a443e1,5b0fa12a-3dd7-45bb-9766-cc326314d9f1,9.648136199975852,7.065368588403863e-05,7.323039851387615e-06,12.857540659200003,48.61732604290803,20.0,3.264598861227728e-05,0.0001302117708359,5.077949611101455e-05,0.0002136372555592,0.0,Italy,ITA,lombardy,,,Windows-11-10.0.26200-SP0,3.13.13,3.2.6,32,13th Gen Intel(R) Core(TM) i9-13900HX,1,1 x NVIDIA GeForce RTX 4070 Laptop GPU,9.1922,45.4722,31.70067596435547,machine,0.0,55.125,29.7,9.409972190856934,N,1.0,0.0
2026-05-03T09:18:44,Q414_llama3.1_HumanEval,0004cbf6-989a-4194-9256-2cfe43f8e323,5b0fa12a-3dd7-45bb-9766-cc326314d9f1,16.756628200004343,0.000197104069768,1.1762752471170495e-05,12.83017951616,78.46395827169185,20.0,0.0001149532389624,0.000301844408142,0.0001791906866665,0.000595988333771,0.0,Italy,ITA,lombardy,,,Windows-11-10.0.26200-SP0,3.13.13,3.2.6,32,13th Gen Intel(R) Core(TM) i9-13900HX,1,1 x NVIDIA GeForce RTX 4070 Laptop GPU,9.1922,45.4722,31.70067596435547,machine,1.9066666666666667,68.26666666666667,24.19333333333333,7.668299357096354,N,1.0,0.0
2026-05-03T09:20:12,Q414_gemma2:27b_HumanEval,fdc43566-9737-4f22-80f9-3da292b1bbbc,5b0fa12a-3dd7-45bb-9766-cc326314d9f1,53.37385500001256,0.0002863875526437,5.365689861519127e-06,13.74266207852,25.036506118933403,20.0,0.0001956026770717,0.0003850336413599,0.000285320637778,0.0008659569562096,0.0,Italy,ITA,lombardy,,,Windows-11-10.0.26200-SP0,3.13.13,3.2.6,32,13th Gen Intel(R) Core(TM) i9-13900HX,1,1 x NVIDIA GeForce RTX 4070 Laptop GPU,9.1922,45.4722,31.70067596435547,machine,4.509803921568627,24.23529411764705,53.101960784313725,16.84179448146446,N,1.0,0.0
2026-05-03T09:21:20,Q415_llama3.2_HumanEval,201ea55d-7ca8-4aba-8b86-6f56c827f4c6,5b0fa12a-3dd7-45bb-9766-cc326314d9f1,11.090455500001552,8.335186107240193e-05,7.515639107193592e-06,12.869244531200003,50.45371338241901,20.0,3.78425301011524e-05,0.0001553804020819,5.88101022220346e-05,0.0002520330344051,0.0,Italy,ITA,lombardy,,,Windows-11-10.0.26200-SP0,3.13.13,3.2.6,32,13th Gen Intel(R) Core(TM) i9-13900HX,1,1 x NVIDIA GeForce RTX 4070 Laptop GPU,9.1922,45.4722,31.70067596435547,machine,5.555555555555555,53.0,29.25555555555556,9.276587592230904,N,1.0,0.0
2026-05-03T09:22:22,Q415_llama3.1_HumanEval,2d88801d-97a0-4a4f-8dea-fd4a5f716497,5b0fa12a-3dd7-45bb-9766-cc326314d9f1,16.42197780002607,0.0001465107439872,8.921625992397141e-06,12.85702145024,65.26769684442694,20.0,5.685630847161155e-05,0.0002977085714999,8.844319333341748e-05,0.0004430080733049,0.0,Italy,ITA,lombardy,,,Windows-11-10.0.26200-SP0,3.13.13,3.2.6,32,13th Gen Intel(R) Core(TM) i9-13900HX,1,1 x NVIDIA GeForce RTX 4070 Laptop GPU,9.1922,45.4722,31.70067596435547,machine,7.142857142857143,65.64285714285714,24.285714285714285,7.70296015058245,N,1.0,0.0
2026-05-03T09:23:37,Q415_gemma2:27b_HumanEval,67ec4f11-c44d-487a-a3ea-32c0e94c1c69,5b0fa12a-3dd7-45bb-9766-cc326314d9f1,40.52825189998839,0.0002141741479509,5.284564172160839e-06,13.56632711024,24.678842857464087,20.0,0.0001463427047608,0.00028448494981,0.0002167758866665,0.0006476035412375,0.0,Italy,ITA,lombardy,,,Windows-11-10.0.26200-SP0,3.13.13,3.2.6,32,13th Gen Intel(R) Core(TM) i9-13900HX,1,1 x NVIDIA GeForce RTX 4070 Laptop GPU,9.1922,45.4722,31.70067596435547,machine,2.023684210526316,17.736842105263158,52.63947368421052,16.693435668945312,N,1.0,0.0
2026-05-03T09:24:30,Q416_llama3.2_MMLU,bbf04df2-79da-4720-8a86-9bc1b0ed87bc,5b0fa12a-3dd7-45bb-9766-cc326314d9f1,6.812567899993155,4.213375109472958e-05,6.184709160076322e-06,12.896605548800002,36.88438180330064,20.0,2.259725169018589e-05,6.976116691992384e-05,3.504242166689235e-05,0.000127400840277,0.0,Italy,ITA,lombardy,,,Windows-11-10.0.26200-SP0,3.13.13,3.2.6,32,13th Gen Intel(R) Core(TM) i9-13900HX,1,1 x NVIDIA GeForce RTX 4070 Laptop GPU,9.1922,45.4722,31.70067596435547,machine,0.0,23.6,33.86,10.733917236328123,N,1.0,0.0
2026-05-03T09:24:52,Q416_llama3.1_MMLU,4fe242ed-a6f7-4e42-8ff2-13469684217f,5b0fa12a-3dd7-45bb-9766-cc326314d9f1,6.79419520002557,3.831665652506476e-05,5.639616672320594e-06,12.882637280000004,30.97649140350874,20.0,2.2503049768736463e-05,5.842143562601043e-05,3.493451388882628e-05,0.0001158589992835,0.0,Italy,ITA,lombardy,,,Windows-11-10.0.26200-SP0,3.13.13,3.2.6,32,13th Gen Intel(R) Core(TM) i9-13900HX,1,1 x NVIDIA GeForce RTX 4070 Laptop GPU,9.1922,45.4722,31.70067596435547,machine,0.0,28.6,24.26,7.687037658691406,N,1.0,0.0
2026-05-03T09:25:24,Q416_gemma2:27b_MMLU,f872ef21-1a06-4efb-ba97-00d226705f76,5b0fa12a-3dd7-45bb-9766-cc326314d9f1,16.796738100005314,0.0001456615321557,8.672013059233405e-06,12.888016620800002,37.80381470539616,20.0,0.0001156461719419,0.0001453381718259,0.0001794559472224,0.0004404402909904,0.0,Italy,ITA,lombardy,,,Windows-11-10.0.26200-SP0,3.13.13,3.2.6,32,13th Gen Intel(R) Core(TM) i9-13900HX,1,1 x NVIDIA GeForce RTX 4070 Laptop GPU,9.1922,45.4722,31.70067596435547,machine,3.333333333333333,11.8,48.78,15.457278696695964,N,1.0,0.0
2026-05-03T09:25:59,Q417_llama3.2_HumanEval,ff4478fa-6962-41f7-a6c6-8a1f4e6e48ed,5b0fa12a-3dd7-45bb-9766-cc326314d9f1,10.442912700003944,7.796654485999767e-05,7.465976887843583e-06,12.859186496,50.0187255359121,20.0,3.5498073296668734e-05,0.0001450417826999,5.5209467777684846e-05,0.0002357493237743,0.0,Italy,ITA,lombardy,,,Windows-11-10.0.26200-SP0,3.13.13,3.2.6,32,13th Gen Intel(R) Core(TM) i9-13900HX,1,1 x NVIDIA GeForce RTX 4070 Laptop GPU,9.1922,45.4722,31.70067596435547,machine,0.0,49.375,30.0875,9.537497520446776,N,1.0,0.0
2026-05-03T09:26:38,Q417_llama3.1_HumanEval,3c17a450-eb0c-4e90-8bd9-4dae56a5b5f8,5b0fa12a-3dd7-45bb-9766-cc326314d9f1,13.084196500014514,0.0001008807775076,7.710124003987833e-06,12.850876793600005,52.33981248881405,20.0,4.491469610661402e-05,0.000190220152176,6.990079388876135e-05,0.0003050356421714,0.0,Italy,ITA,lombardy,,,Windows-11-10.0.26200-SP0,3.13.13,3.2.6,32,13th Gen Intel(R) Core(TM) i9-13900HX,1,1 x NVIDIA GeForce RTX 4070 Laptop GPU,9.1922,45.4722,31.70067596435547,machine,0.0,59.90909090909091,24.38181818181818,7.73253042047674,N,1.0,0.0
2026-05-03T09:27:53,Q417_gemma2:27b_HumanEval,9276c56f-129d-46ed-9b37-adfb251582c0,5b0fa12a-3dd7-45bb-9766-cc326314d9f1,49.807869100011885,0.0002677045207718,5.374743501559659e-06,13.59496943168,25.56136286373049,20.0,0.0001804533225986,0.0003635072352499,0.0002655040638889,0.0008094646217376,0.0,Italy,ITA,lombardy,,,Windows-11-10.0.26200-SP0,3.13.13,3.2.6,32,13th Gen Intel(R) Core(TM) i9-13900HX,1,1 x NVIDIA GeForce RTX 4070 Laptop GPU,9.1922,45.4722,31.70067596435547,machine,4.166666666666667,22.52083333333333,53.15625,16.853475093841553,N,1.0,0.0
2026-05-03T09:29:00,Q418_llama3.2_HumanEval,cc7c771e-bc79-431a-83a7-35eb05c04e96,5b0fa12a-3dd7-45bb-9766-cc326314d9f1,10.887763599981554,8.324049695946372e-05,7.645325524849268e-06,12.872045792000002,51.869761338585526,20.0,3.713501900240688e-05,0.000156863458824,5.769782222212396e-05,0.0002516963000485,0.0,Italy,ITA,lombardy,,,Windows-11-10.0.26200-SP0,3.13.13,3.2.6,32,13th Gen Intel(R) Core(TM) i9-13900HX,1,1 x NVIDIA GeForce RTX 4070 Laptop GPU,9.1922,45.4722,31.70067596435547,machine,0.0,55.22222222222222,29.633333333333333,9.392536163330078,N,1.0,0.0
2026-05-03T09:29:42,Q418_llama3.1_HumanEval,9068f912-17a9-44b2-9165-eae68d777453,5b0fa12a-3dd7-45bb-9766-cc326314d9f1,16.878713099984452,0.0001976428175404,1.170959043913376e-05,12.8362789376,76.41585853403963,20.0,0.000115452364926,0.000302279130712,0.0001798858627773,0.0005976173584155,0.0,Italy,ITA,lombardy,,,Windows-11-10.0.26200-SP0,3.13.13,3.2.6,32,13th Gen Intel(R) Core(TM) i9-13900HX,1,1 x NVIDIA GeForce RTX 4070 Laptop GPU,9.1922,45.4722,31.70067596435547,machine,0.0,68.66666666666667,24.35333333333333,7.713999430338542,N,1.0,0.0
2026-05-03T09:31:53,Q418_gemma2:27b_HumanEval,39636fe8-9eee-457c-8e2a-f984a4dcadb2,5b0fa12a-3dd7-45bb-9766-cc326314d9f1,95.71632900001714,0.0004974095455564,5.196705209582275e-06,13.685441940662855,23.900195678645296,20.0,0.00034974285366,0.000642161347062,0.0005121250494441,0.0015040292501662,0.0,Italy,ITA,lombardy,,,Windows-11-10.0.26200-SP0,3.13.13,3.2.6,32,13th Gen Intel(R) Core(TM) i9-13900HX,1,1 x NVIDIA GeForce RTX 4070 Laptop GPU,9.1922,45.4722,31.70067596435547,machine,4.074193548387097,22.86021505376344,54.10645161290323,17.14876388221659,N,1.0,0.0
2026-05-03T09:33:07,Q419_llama3.2_GSM8K,2f83f4b6-68d9-4896-beca-e52cf7177183,5b0fa12a-3dd7-45bb-9766-cc326314d9f1,7.343695399991702,4.305170619762643e-05,5.862403579221855e-06,12.8598708224,33.20417688541847,20.0,2.444036132127489e-05,6.77269986260054e-05,3.800912333341936e-05,0.0001301764832806,0.0,Italy,ITA,lombardy,,,Windows-11-10.0.26200-SP0,3.13.13,3.2.6,32,13th Gen Intel(R) Core(TM) i9-13900HX,1,1 x NVIDIA GeForce RTX 4070 Laptop GPU,9.1922,45.4722,31.70067596435547,machine,0.0,24.4,32.92,10.439878845214844,N,1.0,0.0
2026-05-03T09:33:33,Q419_llama3.1_GSM8K,b5c53bb8-fcc1-44f0-b50f-aa0953ba47c7,5b0fa12a-3dd7-45bb-9766-cc326314d9f1,10.75664409995079,7.695191465599938e-05,7.153896135352421e-06,12.88384853888,46.55933328372936,20.0,3.66819673542763e-05,0.0001390578890239,5.694150555549034e-05,0.0002326813619337,0.0,Italy,ITA,lombardy,,,Windows-11-10.0.26200-SP0,3.13.13,3.2.6,32,13th Gen Intel(R) Core(TM) i9-13900HX,1,1 x NVIDIA GeForce RTX 4070 Laptop GPU,9.1922,45.4722,31.70067596435547,machine,0.0,59.11111111111112,23.711111111111112,7.518602583143446,N,1.0,0.0
2026-05-03T09:35:05,Q419_gemma2:27b_GSM8K,fb3850b4-1300-4786-b689-73b2afccad5a,5b0fa12a-3dd7-45bb-9766-cc326314d9f1,66.98589750000974,0.000342540806606,5.1136256942135165e-06,13.631774121865144,23.06805632500473,20.0,0.0002440563044751,0.0004335167357019,0.0003581758655552,0.0010357489057323,0.0,Italy,ITA,lombardy,,,Windows-11-10.0.26200-SP0,3.13.13,3.2.6,32,13th Gen Intel(R) Core(TM) i9-13900HX,1,1 x NVIDIA GeForce RTX 4070 Laptop GPU,9.1922,45.4722,31.70067596435547,machine,1.5384615384615383,19.04615384615385,53.11846153846154,16.841448857234074,N,1.0,0.0
2026-05-03T09:36:21,Q420_llama3.2_HellaSwag,78626056-ca49-4979-b5e7-73af1d250c53,5b0fa12a-3dd7-45bb-9766-cc326314d9f1,9.609494100033771,6.704438168055896e-05,6.976889832350627e-06,12.8749789952,44.79768948264828,20.0,3.25696491075299e-05,0.00011956120676,5.059285944444127e-05,0.000202723715312,0.0,Italy,ITA,lombardy,,,Windows-11-10.0.26200-SP0,3.13.13,3.2.6,32,13th Gen Intel(R) Core(TM) i9-13900HX,1,1 x NVIDIA GeForce RTX 4070 Laptop GPU,9.1922,45.4722,31.70067596435547,machine,0.0,50.5,29.925,9.48353099822998,N,1.0,0.0
2026-05-03T09:36:55,Q420_llama3.1_HellaSwag,b3420866-84f1-437e-8543-300866c52f22,5b0fa12a-3dd7-45bb-9766-cc326314d9f1,8.37250800000038,5.392905971173961e-05,6.441207307504175e-06,12.873511637942856,39.21645824075527,20.0,2.8145273385768988e-05,9.119646184602148e-05,4.372486444448845e-05,0.0001630665996762,0.0,Italy,ITA,lombardy,,,Windows-11-10.0.26200-SP0,3.13.13,3.2.6,32,13th Gen Intel(R) Core(TM) i9-13900HX,1,1 x NVIDIA GeForce RTX 4070 Laptop GPU,9.1922,45.4722,31.70067596435547,machine,0.0,33.166666666666664,24.183333333333334,7.669395446777344,N,1.0,0.0
2026-05-03T09:37:30,Q420_gemma2:27b_HellaSwag,8855c43e-c072-4e78-9d37-e2d2324b76e8,5b0fa12a-3dd7-45bb-9766-cc326314d9f1,19.65944540000055,0.0001162394973538,5.912653942610946e-06,13.167887751680002,29.534593134951653,20.0,6.723730852170263e-05,0.0001806140333799,0.000103624832222,0.0003514761741237,0.0,Italy,ITA,lombardy,,,Windows-11-10.0.26200-SP0,3.13.13,3.2.6,32,13th Gen Intel(R) Core(TM) i9-13900HX,1,1 x NVIDIA GeForce RTX 4070 Laptop GPU,9.1922,45.4722,31.70067596435547,machine,5.555555555555555,15.38888888888889,49.75555555555556,15.775905185275608,N,1.0,0.0
2026-05-03T09:38:12,Q421_llama3.2_GSM8K,e3ed55df-9b2a-43bd-a7c3-bae015901a14,5b0fa12a-3dd7-45bb-9766-cc326314d9f1,7.232315200031735,4.526960598886237e-05,6.2593519138468586e-06,12.9031884032,37.51971245102551,20.0,2.412388956886712e-05,7.536783807199354e-05,3.739107277781133e-05,0.0001368828004186,0.0,Italy,ITA,lombardy,,,Windows-11-10.0.26200-SP0,3.13.13,3.2.6,32,13th Gen Intel(R) Core(TM) i9-13900HX,1,1 x NVIDIA GeForce RTX 4070 Laptop GPU,9.1922,45.4722,31.70067596435547,machine,0.0,43.8,32.78,10.393606567382813,N,1.0,0.0
2026-05-03T09:38:40,Q421_llama3.1_GSM8K,18888457-a96d-46a8-88e6-8b8e85f15f99,5b0fa12a-3dd7-45bb-9766-cc326314d9f1,12.154823100019712,9.38624034111978e-05,7.72223525088124e-06,12.874827824872728,52.90836271646638,20.0,4.149083214283776e-05,0.000177871253408,6.445192944439543e-05,0.0002838140149952,0.0,Italy,ITA,lombardy,,,Windows-11-10.0.26200-SP0,3.13.13,3.2.6,32,13th Gen Intel(R) Core(TM) i9-13900HX,1,1 x NVIDIA GeForce RTX 4070 Laptop GPU,9.1922,45.4722,31.70067596435547,machine,0.0,57.9,24.08,7.636706924438476,N,1.0,0.0
2026-05-03T09:39:47,Q421_gemma2:27b_GSM8K,08f28099-32a5-4709-ba07-af0f20ee9bce,5b0fa12a-3dd7-45bb-9766-cc326314d9f1,42.21200949995546,0.0002246156392092,5.321131163145683e-06,13.459204538880002,25.20114091654271,20.0,0.0001519941912352,0.00030105024084,0.0002261312983331,0.0006791757304084,0.0,Italy,ITA,lombardy,,,Windows-11-10.0.26200-SP0,3.13.13,3.2.6,32,13th Gen Intel(R) Core(TM) i9-13900HX,1,1 x NVIDIA GeForce RTX 4070 Laptop GPU,9.1922,45.4722,31.70067596435547,machine,5.0,21.95,52.59,16.67987480163574,N,1.0,0.0
2026-05-03T09:40:40,Q422_llama3.2_HellaSwag,b6de0cef-1441-4666-8a19-fd3d8f3c4438,5b0fa12a-3dd7-45bb-9766-cc326314d9f1,6.282230099954177,3.079098531784241e-05,4.901282638161726e-06,12.860766433280002,23.12070475997848,20.0,2.064946664716733e-05,4.0342532273973664e-05,3.211144666646659e-05,9.31034455876076e-05,0.0,Italy,ITA,lombardy,,,Windows-11-10.0.26200-SP0,3.13.13,3.2.6,32,13th Gen Intel(R) Core(TM) i9-13900HX,1,1 x NVIDIA GeForce RTX 4070 Laptop GPU,9.1922,45.4722,31.70067596435547,machine,0.0,4.25,35.425,11.223654747009276,N,1.0,0.0
2026-05-03T09:41:03,Q422_llama3.1_HellaSwag,63998120-b8e3-471a-9c38-7803e809d8e2,5b0fa12a-3dd7-45bb-9766-cc326314d9f1,8.040019000007305,5.035522306351264e-05,6.263072644911272e-06,12.866413408914289,37.36474429101367,20.0,2.694171677991052e-05,8.344006675198301e-05,4.187852000015684e-05,0.000152260303532,0.0,Italy,ITA,lombardy,,,Windows-11-10.0.26200-SP0,3.13.13,3.2.6,32,13th Gen Intel(R) Core(TM) i9-13900HX,1,1 x NVIDIA GeForce RTX 4070 Laptop GPU,9.1922,45.4722,31.70067596435547,machine,0.0,28.0,24.166666666666668,7.657201766967773,N,1.0,0.0
2026-05-03T09:41:37,Q422_gemma2:27b_HellaSwag,5d96180e-b9be-4757-8d8b-6cb8b5d64a3e,5b0fa12a-3dd7-45bb-9766-cc326314d9f1,18.83692410000367,0.0001156712831232,6.140667261235856e-06,13.26834749984,33.22892055573543,20.0,6.491635296891157e-05,0.0001857812597359,9.906043833341552e-05,0.0003497580510382,0.0,Italy,ITA,lombardy,,,Windows-11-10.0.26200-SP0,3.13.13,3.2.6,32,13th Gen Intel(R) Core(TM) i9-13900HX,1,1 x NVIDIA GeForce RTX 4070 Laptop GPU,9.1922,45.4722,31.70067596435547,machine,0.0,14.352941176470589,49.38823529411765,15.65990021649529,N,1.0,0.0
2026-05-03T09:42:18,Q423_llama3.2_MMLU,04628292-5958-45f9-a341-5ccf336f9bcd,5b0fa12a-3dd7-45bb-9766-cc326314d9f1,6.093209900020156,3.1001733952729285e-05,5.087914984288779e-06,12.88413173504,25.21276304911224,20.0,2.0010234408923305e-05,4.266947858000414e-05,3.1060978333375206e-05,9.374069132230263e-05,0.0,Italy,ITA,lombardy,,,Windows-11-10.0.26200-SP0,3.13.13,3.2.6,32,13th Gen Intel(R) Core(TM) i9-13900HX,1,1 x NVIDIA GeForce RTX 4070 Laptop GPU,9.1922,45.4722,31.70067596435547,machine,12.5,7.5,35.2,11.167826652526855,N,1.0,0.0
2026-05-03T09:42:42,Q423_llama3.1_MMLU,7a6a8095-b156-4258-9063-9464213ce909,5b0fa12a-3dd7-45bb-9766-cc326314d9f1,8.226422999985516,5.040485084109416e-05,6.12718928277611e-06,12.871114539885715,35.83521482181364,20.0,2.761741818177116e-05,8.188006550396976e-05,4.2912880555377344e-05,0.0001524103642411,0.0,Italy,ITA,lombardy,,,Windows-11-10.0.26200-SP0,3.13.13,3.2.6,32,13th Gen Intel(R) Core(TM) i9-13900HX,1,1 x NVIDIA GeForce RTX 4070 Laptop GPU,9.1922,45.4722,31.70067596435547,machine,0.0,37.5,24.116666666666664,7.639723459879558,N,1.0,0.0
2026-05-03T09:43:15,Q423_gemma2:27b_MMLU,7524679b-1847-4391-8367-b7d35be8e27d,5b0fa12a-3dd7-45bb-9766-cc326314d9f1,18.07206229999429,0.0001064409856531,5.889808472673477e-06,13.34699402624,31.950634243595964,20.0,6.18420933835526e-05,0.000165195687712,9.481039666667736e-05,0.0003218481777622,0.0,Italy,ITA,lombardy,,,Windows-11-10.0.26200-SP0,3.13.13,3.2.6,32,13th Gen Intel(R) Core(TM) i9-13900HX,1,1 x NVIDIA GeForce RTX 4070 Laptop GPU,9.1922,45.4722,31.70067596435547,machine,6.25,10.4375,49.25625,15.61699604988098,N,1.0,0.0
2026-05-03T09:43:47,Q424_llama3.2_MMLU,bc0655a6-496a-4160-8a57-a3b09dc005f6,5b0fa12a-3dd7-45bb-9766-cc326314d9f1,6.69074480002746,3.8470385339499285e-05,5.749791165154199e-06,12.8505535424,32.20331911902792,20.0,2.209361937855363e-05,5.984560343208489e-05,3.438461000009233e-05,0.0001163238328107,0.0,Italy,ITA,lombardy,,,Windows-11-10.0.26200-SP0,3.13.13,3.2.6,32,13th Gen Intel(R) Core(TM) i9-13900HX,1,1 x NVIDIA GeForce RTX 4070 Laptop GPU,9.1922,45.4722,31.70067596435547,machine,0.0,24.2,33.160000000000004,10.509841918945312,N,1.0,0.0
2026-05-03T09:44:20,Q424_llama3.1_MMLU,14fad752-ed0c-49f0-b778-b2e12c9d9027,5b0fa12a-3dd7-45bb-9766-cc326314d9f1,8.440977399994154,5.668554999400502e-05,6.7155196972858e-06,12.8982363392,42.16300500969766,20.0,2.844433513526492e-05,9.885230130390887e-05,4.410482944416192e-05,0.0001714014658833,0.0,Italy,ITA,lombardy,,,Windows-11-10.0.26200-SP0,3.13.13,3.2.6,32,13th Gen Intel(R) Core(TM) i9-13900HX,1,1 x NVIDIA GeForce RTX 4070 Laptop GPU,9.1922,45.4722,31.70067596435547,machine,0.0,27.33333333333333,24.166666666666668,7.664788564046224,N,1.0,0.0
2026-05-03T09:45:03,Q424_gemma2:27b_MMLU,e62dc333-b53d-4990-b827-e936ff95b165,5b0fa12a-3dd7-45bb-9766-cc326314d9f1,16.968371699971613,0.0001564661975258,9.221049626471872e-06,13.06251894272,34.08167428736657,20.0,0.0001178569491792,0.0001748334731999,0.000180420196111,0.0004731106184902,0.0,Italy,ITA,lombardy,,,Windows-11-10.0.26200-SP0,3.13.13,3.2.6,32,13th Gen Intel(R) Core(TM) i9-13900HX,1,1 x NVIDIA GeForce RTX 4070 Laptop GPU,9.1922,45.4722,31.70067596435547,machine,0.0,10.2,48.88666666666666,15.50011469523112,N,1.0,0.0
2026-05-03T09:45:36,Q425_llama3.2_HellaSwag,96aadbde-b7a8-4d71-acae-d7e7a88ffcf1,5b0fa12a-3dd7-45bb-9766-cc326314d9f1,7.986669500009157,5.137631472384545e-05,6.432758326081548e-06,12.870609486628572,39.22630906107205,20.0,2.675821842575715e-05,8.701034738606284e-05,4.157923722232227e-05,0.0001553478030341,0.0,Italy,ITA,lombardy,,,Windows-11-10.0.26200-SP0,3.13.13,3.2.6,32,13th Gen Intel(R) Core(TM) i9-13900HX,1,1 x NVIDIA GeForce RTX 4070 Laptop GPU,9.1922,45.4722,31.70067596435547,machine,0.0,34.833333333333336,32.050000000000004,10.16184933980306,N,1.0,0.0
2026-05-03T09:46:01,Q425_llama3.1_HellaSwag,7521d582-d446-4103-86cf-263bc3165354,5b0fa12a-3dd7-45bb-9766-cc326314d9f1,10.354794799990486,7.176250008322436e-05,6.930364287208309e-06,12.894551769600003,44.14498825228163,20.0,3.529001058139998e-05,0.000126964546016,5.473544722222464e-05,0.0002169900038196,0.0,Italy,ITA,lombardy,,,Windows-11-10.0.26200-SP0,3.13.13,3.2.6,32,13th Gen Intel(R) Core(TM) i9-13900HX,1,1 x NVIDIA GeForce RTX 4070 Laptop GPU,9.1922,45.4722,31.70067596435547,machine,0.0,41.625,24.225,7.678165912628174,N,1.0,0.0
2026-05-03T09:46:47,Q425_gemma2:27b_HellaSwag,66f2fc98-b9d8-445c-94ab-442de1607407,5b0fa12a-3dd7-45bb-9766-cc326314d9f1,20.68756220000796,0.0001176247553568,5.685771683469619e-06,13.49262513344,28.59765745750038,20.0,7.20763622304523e-05,0.000174251250512,0.0001093371994444,0.0003556648121868,0.0,Italy,ITA,lombardy,,,Windows-11-10.0.26200-SP0,3.13.13,3.2.6,32,13th Gen Intel(R) Core(TM) i9-13900HX,1,1 x NVIDIA GeForce RTX 4070 Laptop GPU,9.1922,45.4722,31.70067596435547,machine,0.0,16.157894736842106,50.26315789473684,15.934649216501336,N,1.0,0.0
2026-05-03T09:47:29,Q426_llama3.2_MMLU,7f509fac-9eef-41dc-88a0-77b900672d1e,5b0fa12a-3dd7-45bb-9766-cc326314d9f1,6.026565300009679,3.211490284329377e-05,5.328889880815228e-06,12.84968119808,27.8973647843738,20.0,1.971981072309332e-05,4.669531513407099e-05,3.069148111098912e-05,9.710660696815343e-05,0.0,Italy,ITA,lombardy,,,Windows-11-10.0.26200-SP0,3.13.13,3.2.6,32,13th Gen Intel(R) Core(TM) i9-13900HX,1,1 x NVIDIA GeForce RTX 4070 Laptop GPU,9.1922,45.4722,31.70067596435547,machine,0.0,5.5,35.4,11.224247932434082,N,1.0,0.0
2026-05-03T09:47:51,Q426_llama3.1_MMLU,c09ad3ca-528b-4239-8f96-eb8cab263582,5b0fa12a-3dd7-45bb-9766-cc326314d9f1,7.652803500008304,4.41551028977828e-05,5.769794415567431e-06,12.87866655817143,32.125484580557035,20.0,2.5565070365154604e-05,6.824727682003262e-05,3.970050333332943e-05,0.0001335128505185,0.0,Italy,ITA,lombardy,,,Windows-11-10.0.26200-SP0,3.13.13,3.2.6,32,13th Gen Intel(R) Core(TM) i9-13900HX,1,1 x NVIDIA GeForce RTX 4070 Laptop GPU,9.1922,45.4722,31.70067596435547,machine,0.0,25.0,24.25,7.685313542683919,N,1.0,0.0
2026-05-03T09:48:24,Q426_gemma2:27b_MMLU,d0b7836f-a1e0-433e-bc79-a716a06069bb,5b0fa12a-3dd7-45bb-9766-cc326314d9f1,17.045734599989373,9.991949960937024e-05,5.861847667711108e-06,13.05573844928,36.81381253514661,20.0,5.7506853553640834e-05,0.0001555401244319,8.908202499992007e-05,0.0003021290029855,0.0,Italy,ITA,lombardy,,,Windows-11-10.0.26200-SP0,3.13.13,3.2.6,32,13th Gen Intel(R) Core(TM) i9-13900HX,1,1 x NVIDIA GeForce RTX 4070 Laptop GPU,9.1922,45.4722,31.70067596435547,machine,0.0,19.33333333333333,48.9,15.499776967366536,N,1.0,0.0
2026-05-03T09:48:56,Q427_llama3.2_SQuAD,bce9cdbb-cfb1-47e4-8209-8985f7519da6,5b0fa12a-3dd7-45bb-9766-cc326314d9f1,6.994378399976995,4.122455050843144e-05,5.893954852166281e-06,12.8565530048,33.68526329348012,20.0,2.3178547293890875e-05,6.54175523339684e-05,3.60555688886153e-05,0.0001246516685164,0.0,Italy,ITA,lombardy,,,Windows-11-10.0.26200-SP0,3.13.13,3.2.6,32,13th Gen Intel(R) Core(TM) i9-13900HX,1,1 x NVIDIA GeForce RTX 4070 Laptop GPU,9.1922,45.4722,31.70067596435547,machine,0.0,23.2,33.480000000000004,10.611864471435547,N,1.0,0.0
2026-05-03T09:49:28,Q427_llama3.1_SQuAD,35fffac9-3920-451b-8e2c-31f293718143,5b0fa12a-3dd7-45bb-9766-cc326314d9f1,6.866976700024679,3.680735147269117e-05,5.3600518948256936e-06,12.862044204800002,27.89501765212142,20.0,2.273877293638597e-05,5.319948700394095e-05,3.5357017222365055e-05,0.0001112952771626,0.0,Italy,ITA,lombardy,,,Windows-11-10.0.26200-SP0,3.13.13,3.2.6,32,13th Gen Intel(R) Core(TM) i9-13900HX,1,1 x NVIDIA GeForce RTX 4070 Laptop GPU,9.1922,45.4722,31.70067596435547,machine,0.0,9.0,24.04,7.626753234863282,N,1.0,0.0
2026-05-03T09:50:01,Q427_gemma2:27b_SQuAD,e8a025af-39b0-4b66-807d-2b441e890aa2,5b0fa12a-3dd7-45bb-9766-cc326314d9f1,17.96165239997208,0.0001065097845243,5.929843321350196e-06,13.325266096640004,31.48455463100601,20.0,6.147798345596056e-05,0.000166392633114,9.418558999993065e-05,0.0003220562065699,0.0,Italy,ITA,lombardy,,,Windows-11-10.0.26200-SP0,3.13.13,3.2.6,32,13th Gen Intel(R) Core(TM) i9-13900HX,1,1 x NVIDIA GeForce RTX 4070 Laptop GPU,9.1922,45.4722,31.70067596435547,machine,3.75,18.75,49.3,15.626133680343628,N,1.0,0.0
2026-05-03T09:50:33,Q428_llama3.2_GSM8K,d6cb3e0d-e882-46d8-a108-8d0252e76df8,5b0fa12a-3dd7-45bb-9766-cc326314d9f1,6.69997690001037,4.085636993327088e-05,6.09798668607464e-06,12.8705801024,35.97636835274592,20.0,2.2158506242535617e-05,6.694838689208504e-05,3.4431498889009364e-05,0.0001235383920236,0.0,Italy,ITA,lombardy,,,Windows-11-10.0.26200-SP0,3.13.13,3.2.6,32,13th Gen Intel(R) Core(TM) i9-13900HX,1,1 x NVIDIA GeForce RTX 4070 Laptop GPU,9.1922,45.4722,31.70067596435547,machine,0.0,24.6,33.1,10.484535217285156,N,1.0,0.0
2026-05-03T09:50:56,Q428_llama3.1_GSM8K,05467d99-ea12-47d7-9269-0084d1264854,5b0fa12a-3dd7-45bb-9766-cc326314d9f1,8.207963299995754,5.3386334916999055e-05,6.504212185869139e-06,12.873199989028572,39.96978653111356,20.0,2.754482785436472e-05,9.108757286996338e-05,4.279314888893471e-05,0.0001614255496132,0.0,Italy,ITA,lombardy,,,Windows-11-10.0.26200-SP0,3.13.13,3.2.6,32,13th Gen Intel(R) Core(TM) i9-13900HX,1,1 x NVIDIA GeForce RTX 4070 Laptop GPU,9.1922,45.4722,31.70067596435547,machine,0.0,23.5,24.21666666666667,7.678170522054036,N,1.0,0.0
2026-05-03T09:51:42,Q428_gemma2:27b_GSM8K,00080b4b-6b5b-419a-a815-11c0d59989fa,5b0fa12a-3dd7-45bb-9766-cc326314d9f1,30.60226170002716,0.0001641621003102,5.364378029289763e-06,13.28946911744,25.923605834256712,20.0,0.0001089863715551,0.0002230060117379,0.0001643885222221,0.0004963809055152,0.0,Italy,ITA,lombardy,,,Windows-11-10.0.26200-SP0,3.13.13,3.2.6,32,13th Gen Intel(R) Core(TM) i9-13900HX,1,1 x NVIDIA GeForce RTX 4070 Laptop GPU,9.1922,45.4722,31.70067596435547,machine,3.571428571428572,15.035714285714286,51.66785714285714,16.372597013201034,N,1.0,0.0
2026-05-03T09:52:36,Q429_llama3.2_HellaSwag,909b726f-b431-4ff4-84dd-38c778c35ae7,5b0fa12a-3dd7-45bb-9766-cc326314d9f1,6.996887099987362,4.2851298396684986e-05,6.124337549588644e-06,12.8496274688,36.177680553373065,20.0,2.318190690696045e-05,7.03078340240082e-05,3.608076444426034e-05,0.0001295705053752,0.0,Italy,ITA,lombardy,,,Windows-11-10.0.26200-SP0,3.13.13,3.2.6,32,13th Gen Intel(R) Core(TM) i9-13900HX,1,1 x NVIDIA GeForce RTX 4070 Laptop GPU,9.1922,45.4722,31.70067596435547,machine,0.0,29.6,33.46,10.612410736083984,N,1.0,0.0
2026-05-03T09:53:02,Q429_llama3.1_HellaSwag,7b0b2ca1-2b0c-4db3-aeed-ad3253ddb6b9,5b0fa12a-3dd7-45bb-9766-cc326314d9f1,11.074629399983678,7.74569192204942e-05,6.994086792701917e-06,12.86866286336,44.75869469147795,20.0,3.779286961568171e-05,0.000137679832366,5.8735654444252655e-05,0.000234208356426,0.0,Italy,ITA,lombardy,,,Windows-11-10.0.26200-SP0,3.13.13,3.2.6,32,13th Gen Intel(R) Core(TM) i9-13900HX,1,1 x NVIDIA GeForce RTX 4070 Laptop GPU,9.1922,45.4722,31.70067596435547,machine,4.766666666666667,59.0,24.27777777777778,7.698632134331597,N,1.0,0.0
2026-05-03T09:53:52,Q429_gemma2:27b_HellaSwag,994058b6-5894-41ad-a408-e367f40a5680,5b0fa12a-3dd7-45bb-9766-cc326314d9f1,24.998661699995864,0.0001444555003496,5.77852935022127e-06,13.558703390720002,29.09346918012612,20.0,8.931194826673754e-05,0.000214187115794,0.0001332945194444,0.0004367935835052,0.0,Italy,ITA,lombardy,,,Windows-11-10.0.26200-SP0,3.13.13,3.2.6,32,13th Gen Intel(R) Core(TM) i9-13900HX,1,1 x NVIDIA GeForce RTX 4070 Laptop GPU,9.1922,45.4722,31.70067596435547,machine,4.3478260869565215,12.695652173913045,50.79130434782609,16.100031811258066,N,1.0,0.0
2026-05-03T09:54:47,Q430_llama3.2_HellaSwag,bfe7315c-5101-4266-b46b-edf23bc60c78,5b0fa12a-3dd7-45bb-9766-cc326314d9f1,9.068765399977565,6.484310198812612e-05,7.150157615532378e-06,12.8727938144,46.783018512282105,20.0,3.0633570162261726e-05,0.000117840649828,4.75934327777294e-05,0.0001960676527679,0.0,Italy,ITA,lombardy,,,Windows-11-10.0.26200-SP0,3.13.13,3.2.6,32,13th Gen Intel(R) Core(TM) i9-13900HX,1,1 x NVIDIA GeForce RTX 4070 Laptop GPU,9.1922,45.4722,31.70067596435547,machine,0.0,38.285714285714285,31.17142857142857,9.8904173714774,N,1.0,0.0
2026-05-03T09:55:10,Q430_llama3.1_HellaSwag,a8d74e1a-5fa3-423c-bb42-d717186f3bf2,5b0fa12a-3dd7-45bb-9766-cc326314d9f1,8.783177200006321,5.7404545021467175e-05,6.535738003945299e-06,12.85599404,40.21459826536139,20.0,2.9551891730194103e-05,9.805091177400582e-05,4.597270499992495e-05,0.0001735755085041,0.0,Italy,ITA,lombardy,,,Windows-11-10.0.26200-SP0,3.13.13,3.2.6,32,13th Gen Intel(R) Core(TM) i9-13900HX,1,1 x NVIDIA GeForce RTX 4070 Laptop GPU,9.1922,45.4722,31.70067596435547,machine,1.1,48.42857142857143,23.571428571428573,7.474486759730747,N,1.0,0.0
2026-05-03T09:55:49,Q430_gemma2:27b_HellaSwag,d96f60aa-fa87-4a71-ae51-442a4b56ad58,5b0fa12a-3dd7-45bb-9766-cc326314d9f1,22.89544270001352,0.0001251144360529,5.464599994516043e-06,13.60255369712,26.906371754900672,20.0,8.101737828400183e-05,0.000175693473888,0.0001216006883335,0.0003783115405056,0.0,Italy,ITA,lombardy,,,Windows-11-10.0.26200-SP0,3.13.13,3.2.6,32,13th Gen Intel(R) Core(TM) i9-13900HX,1,1 x NVIDIA GeForce RTX 4070 Laptop GPU,9.1922,45.4722,31.70067596435547,machine,11.904761904761903,15.238095238095235,50.01428571428571,15.851009550548737,N,1.0,0.0
2026-05-03T09:56:34,Q431_llama3.2_HumanEval,39b21d7b-7530-4b13-9ca1-90074f06703f,5b0fa12a-3dd7-45bb-9766-cc326314d9f1,9.888498400046956,7.097325618485184e-05,7.177354266904147e-06,12.864441638400002,46.94032779842716,20.0,3.3540588190069575e-05,0.0001289192698019,5.21436900000683e-05,0.0002146035479921,0.0,Italy,ITA,lombardy,,,Windows-11-10.0.26200-SP0,3.13.13,3.2.6,32,13th Gen Intel(R) Core(TM) i9-13900HX,1,1 x NVIDIA GeForce RTX 4070 Laptop GPU,9.1922,45.4722,31.70067596435547,machine,0.0,49.25,29.225,9.26645803451538,N,1.0,0.0
2026-05-03T09:57:26,Q431_llama3.1_HumanEval,556c9f39-ec06-4ada-b850-22ce0ec5a7ec,5b0fa12a-3dd7-45bb-9766-cc326314d9f1,17.235292900004424,0.0001495372783358,8.67622495326291e-06,12.831815381120002,64.73854028812022,20.0,5.792764279231577e-05,0.000304074409926,9.015742555558164e-05,0.0004521594782739,0.0,Italy,ITA,lombardy,,,Windows-11-10.0.26200-SP0,3.13.13,3.2.6,32,13th Gen Intel(R) Core(TM) i9-13900HX,1,1 x NVIDIA GeForce RTX 4070 Laptop GPU,9.1922,45.4722,31.70067596435547,machine,0.0,67.33333333333333,23.71333333333333,7.516110229492187,N,1.0,0.0
2026-05-03T09:59:18,Q431_gemma2:27b_HumanEval,415255b9-1953-4d3f-8f7a-61522b548c5b,5b0fa12a-3dd7-45bb-9766-cc326314d9f1,76.1134752999642,0.0003983240968271,5.233292728486718e-06,13.604452842560002,24.28845424113822,20.0,0.0002778223599882,0.0005177434697499,0.000408856357222,0.0012044221869603,0.0,Italy,ITA,lombardy,,,Windows-11-10.0.26200-SP0,3.13.13,3.2.6,32,13th Gen Intel(R) Core(TM) i9-13900HX,1,1 x NVIDIA GeForce RTX 4070 Laptop GPU,9.1922,45.4722,31.70067596435547,machine,1.351351351351351,25.58108108108108,53.21216216216216,16.870593560708535,N,1.0,0.0
2026-05-03T10:00:32,Q432_llama3.2_GSM8K,b7bc691f-2009-4b49-ac4a-629efc8858a8,5b0fa12a-3dd7-45bb-9766-cc326314d9f1,7.340192999981809,4.6143563937296886e-05,6.286423795315905e-06,12.876549344,37.80826858946972,20.0,2.4457734277461974e-05,7.708061722000448e-05,3.798705666688167e-05,0.0001395254081643,0.0,Italy,ITA,lombardy,,,Windows-11-10.0.26200-SP0,3.13.13,3.2.6,32,13th Gen Intel(R) Core(TM) i9-13900HX,1,1 x NVIDIA GeForce RTX 4070 Laptop GPU,9.1922,45.4722,31.70067596435547,machine,0.0,30.6,32.9,10.431243896484377,N,1.0,0.0
2026-05-03T10:00:56,Q432_llama3.1_GSM8K,afb944cf-53ba-4b27-86b4-70c4173fe315,5b0fa12a-3dd7-45bb-9766-cc326314d9f1,8.928166900004726,6.215841745779645e-05,6.962058186632191e-06,12.9075370688,44.766442240533245,20.0,3.0195598572221385e-05,0.000110967866552,4.678644222213835e-05,0.0001879499073464,0.0,Italy,ITA,lombardy,,,Windows-11-10.0.26200-SP0,3.13.13,3.2.6,32,13th Gen Intel(R) Core(TM) i9-13900HX,1,1 x NVIDIA GeForce RTX 4070 Laptop GPU,9.1922,45.4722,31.70067596435547,machine,9.528571428571428,48.142857142857146,23.785714285714285,7.542327880859375,N,1.0,0.0
2026-05-03T10:01:54,Q432_gemma2:27b_GSM8K,952ecff6-8082-4199-98a1-96200b7d1380,5b0fa12a-3dd7-45bb-9766-cc326314d9f1,43.14421990001574,0.0002427735861137,5.627024585827481e-06,13.517740139655388,28.063750061617736,20.0,0.0001560354242631,0.00034676833297,0.0002312765955559,0.0007340803527891,0.0,Italy,ITA,lombardy,,,Windows-11-10.0.26200-SP0,3.13.13,3.2.6,32,13th Gen Intel(R) Core(TM) i9-13900HX,1,1 x NVIDIA GeForce RTX 4070 Laptop GPU,9.1922,45.4722,31.70067596435547,machine,2.4390243902439024,21.07317073170732,52.356097560975606,16.593468642816312,N,1.0,0.0
2026-05-03T10:02:56,Q433_llama3.2_SQuAD,fc426c52-cf48-4d76-b88c-e7ba96633e63,5b0fa12a-3dd7-45bb-9766-cc326314d9f1,5.995386499969754,3.233854456713349e-05,5.3939048912520704e-06,12.87442401536,28.601094014329018,20.0,1.964353974686032e-05,4.762531587804153e-05,3.051398222224735e-05,9.77828378471492e-05,0.0,Italy,ITA,lombardy,,,Windows-11-10.0.26200-SP0,3.13.13,3.2.6,32,13th Gen Intel(R) Core(TM) i9-13900HX,1,1 x NVIDIA GeForce RTX 4070 Laptop GPU,9.1922,45.4722,31.70067596435547,machine,0.0,8.5,34.925,11.063127517700195,N,1.0,0.0
2026-05-03T10:03:19,Q433_llama3.1_SQuAD,8a72882a-c67b-496a-a0fa-6eed475ece9c,5b0fa12a-3dd7-45bb-9766-cc326314d9f1,7.342757000005804,4.128091490425165e-05,5.621991154578453e-06,12.871874297600002,30.5782572844538,20.0,2.445804178845532e-05,6.23628276680277e-05,3.800122944424705e-05,0.0001248220989007,0.0,Italy,ITA,lombardy,,,Windows-11-10.0.26200-SP0,3.13.13,3.2.6,32,13th Gen Intel(R) Core(TM) i9-13900HX,1,1 x NVIDIA GeForce RTX 4070 Laptop GPU,9.1922,45.4722,31.70067596435547,machine,0.0,8.8,23.880000000000003,7.568040466308593,N,1.0,0.0
2026-05-03T10:03:51,Q433_gemma2:27b_SQuAD,f7633312-b02a-49d7-ac71-377a8a8e11b7,5b0fa12a-3dd7-45bb-9766-cc326314d9f1,16.87370809999993,0.0001447827953223,8.580378092610327e-06,13.02321387008,30.325917787633305,20.0,0.0001171302878003,0.0001407959459699,0.0001798569994445,0.0004377832332148,0.0,Italy,ITA,lombardy,,,Windows-11-10.0.26200-SP0,3.13.13,3.2.6,32,13th Gen Intel(R) Core(TM) i9-13900HX,1,1 x NVIDIA GeForce RTX 4070 Laptop GPU,9.1922,45.4722,31.70067596435547,machine,0.0,16.6,48.406666666666666,15.343524169921874,N,1.0,0.0
2026-05-03T10:04:23,Q434_llama3.2_MMLU,5753c1c4-823d-4131-9702-f973f8d0ab87,5b0fa12a-3dd7-45bb-9766-cc326314d9f1,6.960393999994267,4.311812412972408e-05,6.194782095634182e-06,12.851238252800002,37.00514478197148,20.0,2.303723892744139e-05,7.148894608000056e-05,3.585112777784363e-05,0.0001303773127852,0.0,Italy,ITA,lombardy,,,Windows-11-10.0.26200-SP0,3.13.13,3.2.6,32,13th Gen Intel(R) Core(TM) i9-13900HX,1,1 x NVIDIA GeForce RTX 4070 Laptop GPU,9.1922,45.4722,31.70067596435547,machine,0.0,22.2,32.64,10.344672393798827,N,1.0,0.0
2026-05-03T10:04:46,Q434_llama3.1_MMLU,1ab64b09-034c-4335-8bff-5de14153355b,5b0fa12a-3dd7-45bb-9766-cc326314d9f1,7.519796300039161,4.408714525339487e-05,5.862811104758951e-06,12.847466912000002,33.16972753613981,20.0,2.5043809926052763e-05,6.92783887559778e-05,3.8985166666680017e-05,0.0001333073653487,0.0,Italy,ITA,lombardy,,,Windows-11-10.0.26200-SP0,3.13.13,3.2.6,32,13th Gen Intel(R) Core(TM) i9-13900HX,1,1 x NVIDIA GeForce RTX 4070 Laptop GPU,9.1922,45.4722,31.70067596435547,machine,0.0,7.6,23.74,7.526641082763672,N,1.0,0.0
2026-05-03T10:05:18,Q434_gemma2:27b_MMLU,54de4225-6df5-4f67-b7ee-f1655da8afc2,5b0fa12a-3dd7-45bb-9766-cc326314d9f1,17.44105770002352,0.000103794120645,5.951136819237624e-06,13.260640081280002,37.95635258300744,20.0,5.904252290071175e-05,0.00016349735302,9.130491222216129e-05,0.0003138447881429,0.0,Italy,ITA,lombardy,,,Windows-11-10.0.26200-SP0,3.13.13,3.2.6,32,13th Gen Intel(R) Core(TM) i9-13900HX,1,1 x NVIDIA GeForce RTX 4070 Laptop GPU,9.1922,45.4722,31.70067596435547,machine,0.0,16.533333333333335,48.333333333333336,15.317947642008464,N,1.0,0.0
2026-05-03T10:05:52,Q435_llama3.2_GSM8K,7c54ae16-5e6f-48af-971e-e8602726a7a0,5b0fa12a-3dd7-45bb-9766-cc326314d9f1,8.648361700004898,5.805516090628771e-05,6.712850701683167e-06,12.869182150400002,42.1149869202085,20.0,2.9121700528788943e-05,0.0001011648031539,4.525628777789987e-05,0.0001755427914606,0.0,Italy,ITA,lombardy,,,Windows-11-10.0.26200-SP0,3.13.13,3.2.6,32,13th Gen Intel(R) Core(TM) i9-13900HX,1,1 x NVIDIA GeForce RTX 4070 Laptop GPU,9.1922,45.4722,31.70067596435547,machine,0.0,47.42857142857143,30.52857142857143,9.67439488002232,N,1.0,0.0
2026-05-03T10:06:32,Q435_llama3.1_GSM8K,05dbc78b-861f-4197-8a27-514c0687770d,5b0fa12a-3dd7-45bb-9766-cc326314d9f1,14.577711699996144,0.0001170289636725,8.027937860272419e-06,12.86296803643077,55.68864575225397,20.0,5.0276396600505866e-05,0.0002254162914439,7.817061444446962e-05,0.0003538633024889,0.0,Italy,ITA,lombardy,,,Windows-11-10.0.26200-SP0,3.13.13,3.2.6,32,13th Gen Intel(R) Core(TM) i9-13900HX,1,1 x NVIDIA GeForce RTX 4070 Laptop GPU,9.1922,45.4722,31.70067596435547,machine,0.0,60.16666666666666,23.85833333333333,7.568811734517415,N,1.0,0.0
2026-05-03T10:08:32,Q435_gemma2:27b_GSM8K,7b64074f-0bd1-42f9-b26e-99c20d7b7e75,5b0fa12a-3dd7-45bb-9766-cc326314d9f1,84.69624199997634,0.0004430418003752,5.230949920721909e-06,13.568926379173336,24.092596959670896,20.0,0.0003074874844912,0.000578388796044,0.0004537599061108,0.001339636186646,0.0,Italy,ITA,lombardy,,,Windows-11-10.0.26200-SP0,3.13.13,3.2.6,32,13th Gen Intel(R) Core(TM) i9-13900HX,1,1 x NVIDIA GeForce RTX 4070 Laptop GPU,9.1922,45.4722,31.70067596435547,machine,2.4390243902439024,23.23170731707317,53.4609756097561,16.944824265270697,N,1.0,0.0
2026-05-03T10:09:45,Q436_llama3.2_MMLU,6ad81d2a-8b90-41e8-ae2a-0d92ccf9a63c,5b0fa12a-3dd7-45bb-9766-cc326314d9f1,6.782702900003642,3.756785473103969e-05,5.538773448416784e-06,12.8503913984,29.8741742578602,20.0,2.242110197766705e-05,5.627921168999128e-05,3.4894515555546e-05,0.0001135948292232,0.0,Italy,ITA,lombardy,,,Windows-11-10.0.26200-SP0,3.13.13,3.2.6,32,13th Gen Intel(R) Core(TM) i9-13900HX,1,1 x NVIDIA GeForce RTX 4070 Laptop GPU,9.1922,45.4722,31.70067596435547,machine,0.0,26.6,32.04,10.156977081298828,N,1.0,0.0
2026-05-03T10:10:07,Q436_llama3.1_MMLU,22031d87-9ca7-46e6-8368-f92f04da1d62,5b0fa12a-3dd7-45bb-9766-cc326314d9f1,6.713760699960403,3.683994783403826e-05,5.487229807618187e-06,12.8752758272,29.317622695301505,20.0,2.2216127498873705e-05,5.466893262401351e-05,3.450877944447307e-05,0.0001113938395673,0.0,Italy,ITA,lombardy,,,Windows-11-10.0.26200-SP0,3.13.13,3.2.6,32,13th Gen Intel(R) Core(TM) i9-13900HX,1,1 x NVIDIA GeForce RTX 4070 Laptop GPU,9.1922,45.4722,31.70067596435547,machine,0.0,27.6,23.74,7.517404174804687,N,1.0,0.0
2026-05-03T10:10:41,Q436_gemma2:27b_MMLU,9e54d9bd-5ee6-470a-80e1-98caa82c3a07,5b0fa12a-3dd7-45bb-9766-cc326314d9f1,19.105925199983176,0.000102470901502,5.36330486116208e-06,13.334175129920002,27.182339073110604,20.0,6.575682199099368e-05,0.000143525670376,0.0001005612461113,0.0003098437384783,0.0,Italy,ITA,lombardy,,,Windows-11-10.0.26200-SP0,3.13.13,3.2.6,32,13th Gen Intel(R) Core(TM) i9-13900HX,1,1 x NVIDIA GeForce RTX 4070 Laptop GPU,9.1922,45.4722,31.70067596435547,machine,2.523529411764706,10.176470588235292,49.1764705882353,15.586896335377412,N,1.0,0.0
2026-05-03T10:11:23,Q437_llama3.2_SQuAD,36d84d0a-0c6a-4099-8ab0-4e73e8fe301c,5b0fa12a-3dd7-45bb-9766-cc326314d9f1,6.815432899980806,3.675052407209023e-05,5.3922508828740325e-06,12.854425548800002,28.26469167278446,20.0,2.2544145087451628e-05,5.3504209470034425e-05,3.50750922222182e-05,0.0001111234467797,0.0,Italy,ITA,lombardy,,,Windows-11-10.0.26200-SP0,3.13.13,3.2.6,32,13th Gen Intel(R) Core(TM) i9-13900HX,1,1 x NVIDIA GeForce RTX 4070 Laptop GPU,9.1922,45.4722,31.70067596435547,machine,0.0,23.2,32.82,10.40797119140625,N,1.0,0.0
2026-05-03T10:11:47,Q437_llama3.1_SQuAD,2d52b163-6aa0-4ac8-8114-c47924ffadb2,5b0fa12a-3dd7-45bb-9766-cc326314d9f1,8.652259599999525,5.337388811325063e-05,6.1687802470991005e-06,12.872965952,36.18714070527867,20.0,2.914425045192717e-05,8.696479179398642e-05,4.527887166639427e-05,0.0001613879139123,0.0,Italy,ITA,lombardy,,,Windows-11-10.0.26200-SP0,3.13.13,3.2.6,32,13th Gen Intel(R) Core(TM) i9-13900HX,1,1 x NVIDIA GeForce RTX 4070 Laptop GPU,9.1922,45.4722,31.70067596435547,machine,0.0,34.285714285714285,23.75714285714286,7.535017286028179,N,1.0,0.0
2026-05-03T10:12:33,Q437_gemma2:27b_SQuAD,e3274137-0983-42a0-b46f-3a0a871b450f,5b0fa12a-3dd7-45bb-9766-cc326314d9f1,20.836360000015706,0.0001270314997465,6.096626269967219e-06,13.45429861952,32.64224781541374,20.0,7.260688840012684e-05,0.00020136960554,0.0001101317183331,0.0003841082122732,0.0,Italy,ITA,lombardy,,,Windows-11-10.0.26200-SP0,3.13.13,3.2.6,32,13th Gen Intel(R) Core(TM) i9-13900HX,1,1 x NVIDIA GeForce RTX 4070 Laptop GPU,9.1922,45.4722,31.70067596435547,machine,0.2842105263157894,14.894736842105264,50.16315789473684,15.902948680676912,N,1.0,0.0
2026-05-03T10:13:15,Q438_llama3.2_SQuAD,12d2083f-3b9c-4ed6-bf85-0785fc90490f,5b0fa12a-3dd7-45bb-9766-cc326314d9f1,5.98250610003015,3.1679484830044695e-05,5.2953535358509774e-06,12.86448237056,27.53988596662156,20.0,1.9584173624874688e-05,4.576003660805572e-05,3.044581277774544e-05,9.579002301067585e-05,0.0,Italy,ITA,lombardy,,,Windows-11-10.0.26200-SP0,3.13.13,3.2.6,32,13th Gen Intel(R) Core(TM) i9-13900HX,1,1 x NVIDIA GeForce RTX 4070 Laptop GPU,9.1922,45.4722,31.70067596435547,machine,0.0,5.5,35.475,11.249024391174316,N,1.0,0.0
2026-05-03T10:13:37,Q438_llama3.1_SQuAD,dad63249-36cf-4344-ae24-3f0e57d7bb0e,5b0fa12a-3dd7-45bb-9766-cc326314d9f1,6.786859000043478,3.768984738401757e-05,5.553356476652325e-06,12.885715424,30.00429226464853,20.0,2.249414277363571e-05,5.655726746794931e-05,3.491229111128228e-05,0.0001139637013528,0.0,Italy,ITA,lombardy,,,Windows-11-10.0.26200-SP0,3.13.13,3.2.6,32,13th Gen Intel(R) Core(TM) i9-13900HX,1,1 x NVIDIA GeForce RTX 4070 Laptop GPU,9.1922,45.4722,31.70067596435547,machine,0.0,12.0,24.16,7.659536743164063,N,1.0,0.0
2026-05-03T10:14:08,Q438_gemma2:27b_SQuAD,ba5b1f22-818f-4bcf-b820-e4d2b728c73a,5b0fa12a-3dd7-45bb-9766-cc326314d9f1,16.46094419999281,0.0001004799214992,6.104140824394156e-06,12.94776919808,34.50856468285473,20.0,5.739460407377836e-05,0.000157774570664,8.865438944453167e-05,0.0003038235641823,0.0,Italy,ITA,lombardy,,,Windows-11-10.0.26200-SP0,3.13.13,3.2.6,32,13th Gen Intel(R) Core(TM) i9-13900HX,1,1 x NVIDIA GeForce RTX 4070 Laptop GPU,9.1922,45.4722,31.70067596435547,machine,1.7857142857142858,15.142857142857142,48.10714285714285,15.248082842145648,N,1.0,0.0
2026-05-03T10:14:40,Q439_llama3.2_HellaSwag,260530a9-0d75-44d5-aa44-b91b954823ed,5b0fa12a-3dd7-45bb-9766-cc326314d9f1,6.422771800018381,3.605643120474453e-05,5.613842796756588e-06,12.86625046016,30.81322720670245,20.0,2.116235300314492e-05,5.496754397399384e-05,3.289480444444861e-05,0.0001090247014215,0.0,Italy,ITA,lombardy,,,Windows-11-10.0.26200-SP0,3.13.13,3.2.6,32,13th Gen Intel(R) Core(TM) i9-13900HX,1,1 x NVIDIA GeForce RTX 4070 Laptop GPU,9.1922,45.4722,31.70067596435547,machine,18.75,5.75,35.0,11.095643997192385,N,1.0,0.0
2026-05-03T10:15:03,Q439_llama3.1_HellaSwag,b1ac38ed-323a-4615-8fd0-8517f3904d0d,5b0fa12a-3dd7-45bb-9766-cc326314d9f1,7.8308755999896675,5.063022823489428e-05,6.465461951018745e-06,12.867694120228574,39.623321433140944,20.0,2.6195681028717133e-05,8.618173561197873e-05,4.07144266665758e-05,0.0001530918433072,0.0,Italy,ITA,lombardy,,,Windows-11-10.0.26200-SP0,3.13.13,3.2.6,32,13th Gen Intel(R) Core(TM) i9-13900HX,1,1 x NVIDIA GeForce RTX 4070 Laptop GPU,9.1922,45.4722,31.70067596435547,machine,0.0,37.833333333333336,23.98333333333333,7.606218338012695,N,1.0,0.0
2026-05-03T10:15:40,Q439_gemma2:27b_HellaSwag,f0781c6a-6dad-469f-bd48-3581f873faf8,5b0fa12a-3dd7-45bb-9766-cc326314d9f1,21.535264600010123,0.0001259833140214,5.850093619065862e-06,13.27947546944,29.75593093193073,20.0,7.45480933261799e-05,0.0001923895983559,0.0001140010961111,0.0003809387877932,0.0,Italy,ITA,lombardy,,,Windows-11-10.0.26200-SP0,3.13.13,3.2.6,32,13th Gen Intel(R) Core(TM) i9-13900HX,1,1 x NVIDIA GeForce RTX 4070 Laptop GPU,9.1922,45.4722,31.70067596435547,machine,0.0,19.05263157894737,50.05263157894737,15.866789566843131,N,1.0,0.0
2026-05-03T10:16:23,Q440_llama3.2_MMLU,0ed296af-dc25-4a9f-8379-d6d8edd3ac1f,5b0fa12a-3dd7-45bb-9766-cc326314d9f1,7.743047300027683,5.063382131900502e-05,6.539262819539278e-06,12.917027006171429,40.404150484434815,20.0,2.5981044397635658e-05,8.68950695159798e-05,4.022659388881746e-05,0.0001531027078024,0.0,Italy,ITA,lombardy,,,Windows-11-10.0.26200-SP0,3.13.13,3.2.6,32,13th Gen Intel(R) Core(TM) i9-13900HX,1,1 x NVIDIA GeForce RTX 4070 Laptop GPU,9.1922,45.4722,31.70067596435547,machine,0.0,32.666666666666664,31.78333333333333,10.075836181640623,N,1.0,0.0
2026-05-03T10:16:58,Q440_llama3.1_MMLU,e341e4c4-1c15-4b16-93d9-ba7889a61526,5b0fa12a-3dd7-45bb-9766-cc326314d9f1,10.052341700007672,6.940751970039849e-05,6.904612056745495e-06,12.866568268800002,43.93828174046314,20.0,3.413335297790561e-05,0.0001226792648099,5.305657499993685e-05,0.0002098691927878,0.0,Italy,ITA,lombardy,,,Windows-11-10.0.26200-SP0,3.13.13,3.2.6,32,13th Gen Intel(R) Core(TM) i9-13900HX,1,1 x NVIDIA GeForce RTX 4070 Laptop GPU,9.1922,45.4722,31.70067596435547,machine,0.0,54.5,24.2625,7.6930718421936035,N,1.0,0.0
2026-05-03T10:17:46,Q440_gemma2:27b_MMLU,5a8666b0-50e3-47ba-b7fd-2e751ac9ab1d,5b0fa12a-3dd7-45bb-9766-cc326314d9f1,22.596171999990474,0.0001286871279764,5.695085343505201e-06,13.510487469165716,28.504906659133503,20.0,7.94436135411642e-05,0.0001897209851099,0.0001199497766669,0.0003891143753181,0.0,Italy,ITA,lombardy,,,Windows-11-10.0.26200-SP0,3.13.13,3.2.6,32,13th Gen Intel(R) Core(TM) i9-13900HX,1,1 x NVIDIA GeForce RTX 4070 Laptop GPU,9.1922,45.4722,31.70067596435547,machine,0.0,12.95,50.375,15.96508731842041,N,1.0,0.0
2026-05-03T10:18:32,Q441_llama3.2_HumanEval,6da708fa-d4e6-49cf-8aef-4fdb3f3e0d35,5b0fa12a-3dd7-45bb-9766-cc326314d9f1,10.631697400007395,8.202180641539951e-05,7.714836430102163e-06,12.84622994432,52.68576472714512,20.0,3.614921434269218e-05,0.000155583735578,5.627836611108958e-05,0.0002480113160317,0.0,Italy,ITA,lombardy,,,Windows-11-10.0.26200-SP0,3.13.13,3.2.6,32,13th Gen Intel(R) Core(TM) i9-13900HX,1,1 x NVIDIA GeForce RTX 4070 Laptop GPU,9.1922,45.4722,31.70067596435547,machine,0.0,52.888888888888886,29.3,9.283544328477648,N,1.0,0.0
2026-05-03T10:19:15,Q441_llama3.1_HumanEval,60c38e1d-1e1a-4efd-abb6-34c1d9e2bcb8,5b0fa12a-3dd7-45bb-9766-cc326314d9f1,17.16449440002907,0.0001485898828315,8.656816761892338e-06,12.8317819136,64.79027070770194,20.0,5.767106302740318e-05,0.0003018496859239,8.977406666672323e-05,0.000449294815618,0.0,Italy,ITA,lombardy,,,Windows-11-10.0.26200-SP0,3.13.13,3.2.6,32,13th Gen Intel(R) Core(TM) i9-13900HX,1,1 x NVIDIA GeForce RTX 4070 Laptop GPU,9.1922,45.4722,31.70067596435547,machine,0.0,74.33333333333333,24.226666666666667,7.679309590657552,N,1.0,0.0
2026-05-03T10:21:04,Q441_gemma2:27b_HumanEval,9390054f-7811-4730-a517-fd34de472da6,5b0fa12a-3dd7-45bb-9766-cc326314d9f1,74.73151279997546,0.0003864442847119,5.171102125904124e-06,13.586030191684571,23.64807469209177,20.0,0.0002720514027051,0.000495320118478,0.0004011293911106,0.0011685009122938,0.0,Italy,ITA,lombardy,,,Windows-11-10.0.26200-SP0,3.13.13,3.2.6,32,13th Gen Intel(R) Core(TM) i9-13900HX,1,1 x NVIDIA GeForce RTX 4070 Laptop GPU,9.1922,45.4722,31.70067596435547,machine,0.2319444444444444,22.416666666666668,53.672222222222224,17.00896782345242,N,1.0,0.0
2026-05-03T10:22:20,Q442_llama3.2_GSM8K,eccb0606-14ef-4327-b16f-c4567831d4f0,5b0fa12a-3dd7-45bb-9766-cc326314d9f1,8.73043160000816,6.315801086781401e-05,7.234236949723651e-06,12.8719434368,47.76883014156113,20.0,2.9422569957434504e-05,0.000115835092668,4.571473944460094e-05,0.00019097240207,0.0,Italy,ITA,lombardy,,,Windows-11-10.0.26200-SP0,3.13.13,3.2.6,32,13th Gen Intel(R) Core(TM) i9-13900HX,1,1 x NVIDIA GeForce RTX 4070 Laptop GPU,9.1922,45.4722,31.70067596435547,machine,0.0,45.71428571428572,30.7,9.73541750226702,N,1.0,0.0
2026-05-03T10:23:08,Q442_llama3.1_GSM8K,7e9534ba-29fe-434d-ad5f-ce17c5bcc963,5b0fa12a-3dd7-45bb-9766-cc326314d9f1,13.402998900040984,0.0001057588937102,7.890688830090575e-06,12.859685312000002,54.30220029371902,20.0,4.6066422672420666e-05,0.0002020762727719,7.164302444467062e-05,0.000319785719889,0.0,Italy,ITA,lombardy,,,Windows-11-10.0.26200-SP0,3.13.13,3.2.6,32,13th Gen Intel(R) Core(TM) i9-13900HX,1,1 x NVIDIA GeForce RTX 4070 Laptop GPU,9.1922,45.4722,31.70067596435547,machine,0.0,56.90909090909091,24.21818181818181,7.676583723588423,N,1.0,0.0
2026-05-03T10:24:27,Q442_gemma2:27b_GSM8K,84a1efc8-de13-421f-8222-567185c35283,5b0fa12a-3dd7-45bb-9766-cc326314d9f1,53.23884949996136,0.0002844400239244,5.342715453020421e-06,13.523099008400004,25.285745801663783,20.0,0.0001912255647552,0.00038426141852,0.0002845811833333,0.0008600681666086,0.0,Italy,ITA,lombardy,,,Windows-11-10.0.26200-SP0,3.13.13,3.2.6,32,13th Gen Intel(R) Core(TM) i9-13900HX,1,1 x NVIDIA GeForce RTX 4070 Laptop GPU,9.1922,45.4722,31.70067596435547,machine,3.1725490196078434,23.725490196078432,53.24313725490196,16.884073070451326,N,1.0,0.0
2026-05-03T10:25:30,Q443_llama3.2_HellaSwag,ea2936c6-098c-4957-9ecd-df16444f439d,5b0fa12a-3dd7-45bb-9766-cc326314d9f1,6.442781399993692,3.661718114400045e-05,5.683443045892618e-06,12.86875449344,31.55997133309884,20.0,2.123833825809585e-05,5.647532295799396e-05,3.300659333310452e-05,0.0001107202545491,0.0,Italy,ITA,lombardy,,,Windows-11-10.0.26200-SP0,3.13.13,3.2.6,32,13th Gen Intel(R) Core(TM) i9-13900HX,1,1 x NVIDIA GeForce RTX 4070 Laptop GPU,9.1922,45.4722,31.70067596435547,machine,0.0,11.5,35.15,11.140939712524414,N,1.0,0.0
2026-05-03T10:26:02,Q443_llama3.1_HellaSwag,63cb8f67-92fd-498a-89c7-df3662fbc3a3,5b0fa12a-3dd7-45bb-9766-cc326314d9f1,7.504835799976718,4.5904358865827415e-05,6.1166373374844286e-06,12.8824568576,35.90301916833088,20.0,2.505899981025121e-05,7.484005987196118e-05,3.890305833321893e-05,0.0001388021180154,0.0,Italy,ITA,lombardy,,,Windows-11-10.0.26200-SP0,3.13.13,3.2.6,32,13th Gen Intel(R) Core(TM) i9-13900HX,1,1 x NVIDIA GeForce RTX 4070 Laptop GPU,9.1922,45.4722,31.70067596435547,machine,0.0,16.8,23.98,7.598365783691406,N,1.0,0.0
2026-05-03T10:26:36,Q443_gemma2:27b_HellaSwag,2285c05f-3e5d-49e7-9edb-1ced4b6996e6,5b0fa12a-3dd7-45bb-9766-cc326314d9f1,18.24319579999428,0.0001055613205012,5.786339282798934e-06,13.36126792832,31.76772577214212,20.0,6.28583206550585e-05,0.000160579572908,9.575041944465031e-05,0.0003191883130077,0.0,Italy,ITA,lombardy,,,Windows-11-10.0.26200-SP0,3.13.13,3.2.6,32,13th Gen Intel(R) Core(TM) i9-13900HX,1,1 x NVIDIA GeForce RTX 4070 Laptop GPU,9.1922,45.4722,31.70067596435547,machine,0.0,10.8125,49.08125,15.559081077575684,N,1.0,0.0
2026-05-03T10:27:19,Q444_llama3.2_GSM8K,8917a9be-0aa2-4ef1-9d3e-702eff2ca698,5b0fa12a-3dd7-45bb-9766-cc326314d9f1,7.302956800034735,4.6849360817035726e-05,6.41512227168219e-06,12.880686560000004,39.26266221674369,20.0,2.431623844545004e-05,7.958839700394904e-05,3.775490777786925e-05,0.0001416595432272,0.0,Italy,ITA,lombardy,,,Windows-11-10.0.26200-SP0,3.13.13,3.2.6,32,13th Gen Intel(R) Core(TM) i9-13900HX,1,1 x NVIDIA GeForce RTX 4070 Laptop GPU,9.1922,45.4722,31.70067596435547,machine,0.0,27.2,32.82,10.404016876220703,N,1.0,0.0
2026-05-03T10:27:44,Q444_llama3.1_GSM8K,7d42e9ee-a00f-447d-b24f-e9c654910399,5b0fa12a-3dd7-45bb-9766-cc326314d9f1,10.721317899995483,7.837169164560896e-05,7.309893464276624e-06,12.873128314880002,48.24345181040727,20.0,3.65404437360378e-05,0.000143664837154,5.676909500002188e-05,0.00023697437589,0.0,Italy,ITA,lombardy,,,Windows-11-10.0.26200-SP0,3.13.13,3.2.6,32,13th Gen Intel(R) Core(TM) i9-13900HX,1,1 x NVIDIA GeForce RTX 4070 Laptop GPU,9.1922,45.4722,31.70067596435547,machine,0.0,58.0,23.87777777777778,7.577362484402126,N,1.0,0.0
2026-05-03T10:28:53,Q444_gemma2:27b_GSM8K,ea652e36-c367-4661-a7d0-5829ed10c74b,5b0fa12a-3dd7-45bb-9766-cc326314d9f1,43.46439779998036,0.0002251008213883,5.178970209693426e-06,13.373998927298464,23.73987499793675,20.0,0.0001556095794708,0.0002919507891159,0.0002330824188888,0.0006806427874756,0.0,Italy,ITA,lombardy,,,Windows-11-10.0.26200-SP0,3.13.13,3.2.6,32,13th Gen Intel(R) Core(TM) i9-13900HX,1,1 x NVIDIA GeForce RTX 4070 Laptop GPU,9.1922,45.4722,31.70067596435547,machine,0.0,17.73170731707317,52.54390243902439,16.65372513561714,N,1.0,0.0
2026-05-03T10:29:59,Q445_llama3.2_HumanEval,bbb79f35-ad98-45e7-b152-9d9cf84ef7b3,5b0fa12a-3dd7-45bb-9766-cc326314d9f1,9.53627179999603,6.845200631303271e-05,7.178067881104355e-06,12.8592504704,47.01040404917571,20.0,3.227140316678886e-05,0.000124518432948,5.0190147777902896e-05,0.0002069799838927,0.0,Italy,ITA,lombardy,,,Windows-11-10.0.26200-SP0,3.13.13,3.2.6,32,13th Gen Intel(R) Core(TM) i9-13900HX,1,1 x NVIDIA GeForce RTX 4070 Laptop GPU,9.1922,45.4722,31.70067596435547,machine,0.0,44.0,30.4,9.630564553397042,N,1.0,0.0
2026-05-03T10:30:28,Q445_llama3.1_HumanEval,67fb8f21-679d-4eba-a03b-0034226a64a3,5b0fa12a-3dd7-45bb-9766-cc326314d9f1,13.43986969999969,0.0001095168504034,8.148654179546966e-06,12.857087456000004,57.11255340272181,20.0,4.618596598484575e-05,0.0002131190593839,7.18437188890271e-05,0.0003311487442578,0.0,Italy,ITA,lombardy,,,Windows-11-10.0.26200-SP0,3.13.13,3.2.6,32,13th Gen Intel(R) Core(TM) i9-13900HX,1,1 x NVIDIA GeForce RTX 4070 Laptop GPU,9.1922,45.4722,31.70067596435547,machine,4.545454545454546,57.18181818181818,24.00909090909091,7.616715171120384,N,1.0,0.0
2026-05-03T10:31:58,Q445_gemma2:27b_HumanEval,77fe9c3a-fe20-4173-ad2b-04655c3e6f48,5b0fa12a-3dd7-45bb-9766-cc326314d9f1,55.009035800001584,0.0002920231380015,5.308639458128653e-06,13.5280349786,24.78767206345128,20.0,0.0001990626578336,0.0003895511449739,0.000294383608889,0.0008829974116966,0.0,Italy,ITA,lombardy,,,Windows-11-10.0.26200-SP0,3.13.13,3.2.6,32,13th Gen Intel(R) Core(TM) i9-13900HX,1,1 x NVIDIA GeForce RTX 4070 Laptop GPU,9.1922,45.4722,31.70067596435547,machine,2.20188679245283,25.81132075471698,53.1,16.838181621623487,N,1.0,0.0
2026-05-03T10:33:02,Q446_llama3.2_GSM8K,6a01a243-80e9-4e52-bbc9-cfbe6f2597b9,5b0fa12a-3dd7-45bb-9766-cc326314d9f1,7.623901700018905,4.858036666191135e-05,6.372113462820603e-06,12.8590871168,38.67257487221092,20.0,2.543880020721635e-05,8.189062106800371e-05,3.956420611098616e-05,0.0001468936273862,0.0,Italy,ITA,lombardy,,,Windows-11-10.0.26200-SP0,3.13.13,3.2.6,32,13th Gen Intel(R) Core(TM) i9-13900HX,1,1 x NVIDIA GeForce RTX 4070 Laptop GPU,9.1922,45.4722,31.70067596435547,machine,0.0,35.166666666666664,32.06666666666667,10.159809748331703,N,1.0,0.0
2026-05-03T10:33:30,Q446_llama3.1_GSM8K,477ecc7d-70c7-4d40-ba00-8458c7e34536,5b0fa12a-3dd7-45bb-9766-cc326314d9f1,13.153832499985583,0.0001023154442058,7.77837517741861e-06,12.8505032,53.07715758505309,20.0,4.516189947056851e-05,0.000193924321806,7.028745722232593e-05,0.0003093736784989,0.0,Italy,ITA,lombardy,,,Windows-11-10.0.26200-SP0,3.13.13,3.2.6,32,13th Gen Intel(R) Core(TM) i9-13900HX,1,1 x NVIDIA GeForce RTX 4070 Laptop GPU,9.1922,45.4722,31.70067596435547,machine,0.0,59.36363636363637,24.09090909090909,7.632047826593572,N,1.0,0.0
2026-05-03T10:34:48,Q446_gemma2:27b_GSM8K,7c561ce0-7577-4878-ab48-3b7c6e9657db,5b0fa12a-3dd7-45bb-9766-cc326314d9f1,42.06744989997242,0.0002254146679457,5.358410564028272e-06,13.589395825280002,25.429729862440155,20.0,0.0001525477459993,0.0003037494096659,0.000225294617222,0.0006815917728873,0.0,Italy,ITA,lombardy,,,Windows-11-10.0.26200-SP0,3.13.13,3.2.6,32,13th Gen Intel(R) Core(TM) i9-13900HX,1,1 x NVIDIA GeForce RTX 4070 Laptop GPU,9.1922,45.4722,31.70067596435547,machine,4.3325000000000005,21.8,52.4375,16.622389125823975,N,1.0,0.0
2026-05-03T10:35:40,Q447_llama3.2_MMLU,0cf5bbd9-b273-4871-94f7-8193c16e64e6,5b0fa12a-3dd7-45bb-9766-cc326314d9f1,6.604812500008848,3.763624671267003e-05,5.698306607889265e-06,12.867182720000002,31.663045251694395,20.0,2.181285346325253e-05,5.808504646798163e-05,3.390372777778086e-05,0.000113801627709,0.0,Italy,ITA,lombardy,,,Windows-11-10.0.26200-SP0,3.13.13,3.2.6,32,13th Gen Intel(R) Core(TM) i9-13900HX,1,1 x NVIDIA GeForce RTX 4070 Laptop GPU,9.1922,45.4722,31.70067596435547,machine,0.0,27.0,32.72,10.366259002685547,N,1.0,0.0
2026-05-03T10:36:02,Q447_llama3.1_MMLU,747727ab-70fd-493f-a458-da9a698e10b7,5b0fa12a-3dd7-45bb-9766-cc326314d9f1,6.74396540003363,3.594315926973257e-05,5.329677294838039e-06,12.8587038848,27.607052195766748,20.0,2.229526196909896e-05,5.171059692393731e-05,3.467633944431631e-05,0.0001086821983373,0.0,Italy,ITA,lombardy,,,Windows-11-10.0.26200-SP0,3.13.13,3.2.6,32,13th Gen Intel(R) Core(TM) i9-13900HX,1,1 x NVIDIA GeForce RTX 4070 Laptop GPU,9.1922,45.4722,31.70067596435547,machine,0.0,29.0,24.02,7.61212387084961,N,1.0,0.0
2026-05-03T10:36:34,Q447_gemma2:27b_MMLU,307ad848-f999-4f85-a67b-7d1c64d9213a,5b0fa12a-3dd7-45bb-9766-cc326314d9f1,17.155727999983355,9.817150094017322e-05,5.722374529385664e-06,13.233756936320002,38.75008605880885,20.0,5.8291688080566105e-05,0.0001489162302439,8.963561888894119e-05,0.0002968435372134,0.0,Italy,ITA,lombardy,,,Windows-11-10.0.26200-SP0,3.13.13,3.2.6,32,13th Gen Intel(R) Core(TM) i9-13900HX,1,1 x NVIDIA GeForce RTX 4070 Laptop GPU,9.1922,45.4722,31.70067596435547,machine,1.9066666666666667,10.466666666666669,48.74666666666667,15.4535764058431,N,1.0,0.0
2026-05-03T10:37:07,Q448_llama3.2_GSM8K,7e8d7dcc-3495-4667-aa98-68910ea98db4,5b0fa12a-3dd7-45bb-9766-cc326314d9f1,7.982112500001676,5.327891838749706e-05,6.674789209934822e-06,12.851740022857143,41.89036471538219,20.0,2.6691927362414497e-05,9.287229651994132e-05,4.153652777765981e-05,0.00016110075166,0.0,Italy,ITA,lombardy,,,Windows-11-10.0.26200-SP0,3.13.13,3.2.6,32,13th Gen Intel(R) Core(TM) i9-13900HX,1,1 x NVIDIA GeForce RTX 4070 Laptop GPU,9.1922,45.4722,31.70067596435547,machine,0.0,36.333333333333336,31.266666666666666,9.909320195515951,N,1.0,0.0
2026-05-03T10:37:52,Q448_llama3.1_GSM8K,402f0e04-0c2d-4b4e-95c8-9fd1c06a452f,5b0fa12a-3dd7-45bb-9766-cc326314d9f1,9.386813900026027,6.322073171212989e-05,6.735057537675759e-06,12.8690284736,42.221982349519166,20.0,3.1753261774190695e-05,0.0001100614769379,4.934731388897894e-05,0.000191162052601,0.0,Italy,ITA,lombardy,,,Windows-11-10.0.26200-SP0,3.13.13,3.2.6,32,13th Gen Intel(R) Core(TM) i9-13900HX,1,1 x NVIDIA GeForce RTX 4070 Laptop GPU,9.1922,45.4722,31.70067596435547,machine,0.0,39.42857142857143,24.02857142857143,7.620855058942523,N,1.0,0.0
2026-05-03T10:39:06,Q448_gemma2:27b_GSM8K,99de8d13-caef-4b8f-b49b-8c00e86877fa,5b0fa12a-3dd7-45bb-9766-cc326314d9f1,49.01590409997152,0.0002524671796218,5.150719633915977e-06,13.40272957724,23.73761232384693,20.0,0.000174981379175,0.0003273244285259,0.0002610852977781,0.0007633911054791,0.0,Italy,ITA,lombardy,,,Windows-11-10.0.26200-SP0,3.13.13,3.2.6,32,13th Gen Intel(R) Core(TM) i9-13900HX,1,1 x NVIDIA GeForce RTX 4070 Laptop GPU,9.1922,45.4722,31.70067596435547,machine,0.0,21.80851063829787,52.85957446808511,16.755978685744264,N,1.0,0.0
2026-05-03T10:40:12,Q449_llama3.2_HumanEval,99b6f59f-f034-4a73-809d-756d866df191,5b0fa12a-3dd7-45bb-9766-cc326314d9f1,10.70721920003416,8.207534033635207e-05,7.665420759863608e-06,12.85211172224,52.13316263988703,20.0,3.64335843608872e-05,0.0001550442907019,5.669531277801273e-05,0.0002481731878408,0.0,Italy,ITA,lombardy,,,Windows-11-10.0.26200-SP0,3.13.13,3.2.6,32,13th Gen Intel(R) Core(TM) i9-13900HX,1,1 x NVIDIA GeForce RTX 4070 Laptop GPU,9.1922,45.4722,31.70067596435547,machine,6.666666666666667,54.66666666666666,28.877777777777776,9.154268052842882,N,1.0,0.0
2026-05-03T10:41:13,Q449_llama3.1_HumanEval,f1dafdd9-4b1a-4c8f-b0ae-67f9f12b1488,5b0fa12a-3dd7-45bb-9766-cc326314d9f1,14.817058200016618,0.0001261912317701,8.51661848571516e-06,12.860977573485714,60.98245620813665,20.0,5.112920074382708e-05,0.000250929089632,7.950918333339763e-05,0.0003815674737092,0.0,Italy,ITA,lombardy,,,Windows-11-10.0.26200-SP0,3.13.13,3.2.6,32,13th Gen Intel(R) Core(TM) i9-13900HX,1,1 x NVIDIA GeForce RTX 4070 Laptop GPU,9.1922,45.4722,31.70067596435547,machine,0.0,58.07692307692308,24.1,7.642874497633714,N,1.0,0.0
2026-05-03T10:43:41,Q449_gemma2:27b_HumanEval,85d6c904-06d5-49ef-8874-722214477a1c,5b0fa12a-3dd7-45bb-9766-cc326314d9f1,113.45932299998822,0.000590243390172,5.202246713318248e-06,13.60020614072,23.89129921987735,20.0,0.0004135368509387,0.0007632600550519,0.0006079362811113,0.001784733187102,0.0,Italy,ITA,lombardy,,,Windows-11-10.0.26200-SP0,3.13.13,3.2.6,32,13th Gen Intel(R) Core(TM) i9-13900HX,1,1 x NVIDIA GeForce RTX 4070 Laptop GPU,9.1922,45.4722,31.70067596435547,machine,1.844144144144144,23.34234234234234,54.05855855855856,17.13720538165118,N,1.0,0.0
2026-05-03T10:44:59,Q450_llama3.2_HumanEval,bd87898e-79af-41c8-83be-04a1bdbb7be7,5b0fa12a-3dd7-45bb-9766-cc326314d9f1,10.77851410000585,8.55312982918279e-05,7.935351524175441e-06,12.865458391040002,55.04744882277886,20.0,3.6727129494274505e-05,0.000164802631842,5.709328999995098e-05,0.0002586230513362,0.0,Italy,ITA,lombardy,,,Windows-11-10.0.26200-SP0,3.13.13,3.2.6,32,13th Gen Intel(R) Core(TM) i9-13900HX,1,1 x NVIDIA GeForce RTX 4070 Laptop GPU,9.1922,45.4722,31.70067596435547,machine,0.0,56.55555555555556,29.1,9.222745683458117,N,1.0,0.0
2026-05-03T10:45:40,Q450_llama3.1_HumanEval,07a6df65-8829-46cd-934f-edd561a5359b,5b0fa12a-3dd7-45bb-9766-cc326314d9f1,15.982591500040144,0.0001379625581363,8.63205182563662e-06,12.845717358080003,62.15464866997206,20.0,5.523757054872249e-05,0.0002759224429599,8.600070388897116e-05,0.0004171607173976,0.0,Italy,ITA,lombardy,,,Windows-11-10.0.26200-SP0,3.13.13,3.2.6,32,13th Gen Intel(R) Core(TM) i9-13900HX,1,1 x NVIDIA GeForce RTX 4070 Laptop GPU,9.1922,45.4722,31.70067596435547,machine,0.0,63.0,24.071428571428573,7.630346298217773,N,1.0,0.0
2026-05-03T10:47:18,Q450_gemma2:27b_HumanEval,51c9eea0-d418-43bd-90e2-28a324811a40,5b0fa12a-3dd7-45bb-9766-cc326314d9f1,63.21736900001997,0.0003334614048314,5.274838388661499e-06,13.542743540192005,24.44036628666108,20.0,0.0002297210829222,0.000441448408714,0.0003371258077774,0.0010082952994136,0.0,Italy,ITA,lombardy,,,Windows-11-10.0.26200-SP0,3.13.13,3.2.6,32,13th Gen Intel(R) Core(TM) i9-13900HX,1,1 x NVIDIA GeForce RTX 4070 Laptop GPU,9.1922,45.4722,31.70067596435547,machine,1.639344262295082,22.14754098360656,53.70655737704918,17.02784297505363,N,1.0,0.0
2026-05-03T10:48:32,Q451_llama3.2_GSM8K,91d84100-0f53-44ae-9526-1cfbd0d2f8b5,5b0fa12a-3dd7-45bb-9766-cc326314d9f1,7.951590600016061,4.976289008001044e-05,6.25823091041809e-06,12.843281940114286,37.3569339941387,20.0,2.657744098604468e-05,8.250645489399355e-05,4.138535611111567e-05,0.0001504692519911,0.0,Italy,ITA,lombardy,,,Windows-11-10.0.26200-SP0,3.13.13,3.2.6,32,13th Gen Intel(R) Core(TM) i9-13900HX,1,1 x NVIDIA GeForce RTX 4070 Laptop GPU,9.1922,45.4722,31.70067596435547,machine,0.0,38.0,32.1,10.178648630777994,N,1.0,0.0
2026-05-03T10:49:17,Q451_llama3.1_GSM8K,497bce38-9253-4960-b5d0-851af84aa1aa,5b0fa12a-3dd7-45bb-9766-cc326314d9f1,9.324421900033483,6.28099015926504e-05,6.7360638832124114e-06,12.8695466,42.22901218227331,20.0,3.1539137601841384e-05,0.0001093678652719,4.9012812777719874e-05,0.0001899198156515,0.0,Italy,ITA,lombardy,,,Windows-11-10.0.26200-SP0,3.13.13,3.2.6,32,13th Gen Intel(R) Core(TM) i9-13900HX,1,1 x NVIDIA GeForce RTX 4070 Laptop GPU,9.1922,45.4722,31.70067596435547,machine,0.0,42.142857142857146,24.357142857142858,7.724539075578962,N,1.0,0.0
2026-05-03T10:50:21,Q451_gemma2:27b_GSM8K,d5f06039-17ac-4e3e-b306-a655c2f2a68d,5b0fa12a-3dd7-45bb-9766-cc326314d9f1,38.72976969997399,0.0002031423733453,5.245122161040204e-06,13.574440445920002,24.042498842260706,20.0,0.0001397971528186,0.0002676627141299,0.0002067866311111,0.0006142464980597,0.0,Italy,ITA,lombardy,,,Windows-11-10.0.26200-SP0,3.13.13,3.2.6,32,13th Gen Intel(R) Core(TM) i9-13900HX,1,1 x NVIDIA GeForce RTX 4070 Laptop GPU,9.1922,45.4722,31.70067596435547,machine,3.3944444444444444,22.944444444444443,52.81944444444444,16.741703245374893,N,1.0,0.0
2026-05-03T10:51:17,Q452_llama3.2_HellaSwag,8da429c8-5aa4-4037-974f-290a75314283,5b0fa12a-3dd7-45bb-9766-cc326314d9f1,9.746589400048832,6.953198718653207e-05,7.133981368516837e-06,12.873901043200002,46.480070980680686,20.0,3.306038135813744e-05,0.000125826211772,5.135895500004861e-05,0.0002102455481302,0.0,Italy,ITA,lombardy,,,Windows-11-10.0.26200-SP0,3.13.13,3.2.6,32,13th Gen Intel(R) Core(TM) i9-13900HX,1,1 x NVIDIA GeForce RTX 4070 Laptop GPU,9.1922,45.4722,31.70067596435547,machine,12.5,35.75,30.2875,9.602620601654053,N,1.0,0.0
2026-05-03T10:51:54,Q452_llama3.1_HellaSwag,cc573aff-942f-4f40-98b5-0322d1bcd343,5b0fa12a-3dd7-45bb-9766-cc326314d9f1,11.379602399945725,8.445167758790929e-05,7.421320589224812e-06,12.875217190400004,49.36351132145633,20.0,3.890290077580957e-05,0.0001560265137099,6.042916166641387e-05,0.0002553585761522,0.0,Italy,ITA,lombardy,,,Windows-11-10.0.26200-SP0,3.13.13,3.2.6,32,13th Gen Intel(R) Core(TM) i9-13900HX,1,1 x NVIDIA GeForce RTX 4070 Laptop GPU,9.1922,45.4722,31.70067596435547,machine,0.0,59.0,24.51111111111111,7.771153767903645,N,1.0,0.0
2026-05-03T10:52:54,Q452_gemma2:27b_HellaSwag,1f9a00a6-a070-49d7-a260-92e5f570b70d,5b0fa12a-3dd7-45bb-9766-cc326314d9f1,34.93314090004424,0.0001942134716907,5.5595765707538445e-06,13.332100703680004,26.449300453126664,20.0,0.0001237667231076,0.000277820777812,0.0001856604616668,0.0005872479625866,0.0,Italy,ITA,lombardy,,,Windows-11-10.0.26200-SP0,3.13.13,3.2.6,32,13th Gen Intel(R) Core(TM) i9-13900HX,1,1 x NVIDIA GeForce RTX 4070 Laptop GPU,9.1922,45.4722,31.70067596435547,machine,3.0303030303030303,13.666666666666666,52.38787878787878,16.605822707667496,N,1.0,0.0
2026-05-03T10:53:48,Q453_llama3.2_GSM8K,99a27236-78e1-4268-b1b0-562207c04b3f,5b0fa12a-3dd7-45bb-9766-cc326314d9f1,8.360646400018595,5.7587921898191605e-05,6.887974821906536e-06,12.866420288,44.08798926432894,20.0,2.808796768715696e-05,0.0001023820263499,4.365999555577421e-05,0.0001741299895929,0.0,Italy,ITA,lombardy,,,Windows-11-10.0.26200-SP0,3.13.13,3.2.6,32,13th Gen Intel(R) Core(TM) i9-13900HX,1,1 x NVIDIA GeForce RTX 4070 Laptop GPU,9.1922,45.4722,31.70067596435547,machine,0.0,38.333333333333336,32.61666666666667,10.34132194519043,N,1.0,0.0
2026-05-03T10:54:35,Q453_llama3.1_GSM8K,0a7c8738-741f-4383-9b1b-c4197cd01dbf,5b0fa12a-3dd7-45bb-9766-cc326314d9f1,11.829615800001193,9.223654676538374e-05,7.797087270186276e-06,12.871999905745456,53.43713292578837,20.0,4.048457037704807e-05,0.0001755109737419,6.290232888875633e-05,0.0002788978730077,0.0,Italy,ITA,lombardy,,,Windows-11-10.0.26200-SP0,3.13.13,3.2.6,32,13th Gen Intel(R) Core(TM) i9-13900HX,1,1 x NVIDIA GeForce RTX 4070 Laptop GPU,9.1922,45.4722,31.70067596435547,machine,0.0,62.1,24.5,7.768419647216797,N,1.0,0.0
2026-05-03T10:55:51,Q453_gemma2:27b_GSM8K,72c85265-c0a5-434f-a269-f3156255cddc,5b0fa12a-3dd7-45bb-9766-cc326314d9f1,50.11784059996717,0.0002597695669627,5.183175568880358e-06,13.405288865000005,23.8574335466149,20.0,0.0001787495165032,0.000339541660522,0.0002671803333334,0.0007854715103586,0.0,Italy,ITA,lombardy,,,Windows-11-10.0.26200-SP0,3.13.13,3.2.6,32,13th Gen Intel(R) Core(TM) i9-13900HX,1,1 x NVIDIA GeForce RTX 4070 Laptop GPU,9.1922,45.4722,31.70067596435547,machine,1.7854166666666669,18.604166666666668,53.3625,16.910665035247803,N,1.0,0.0
2026-05-03T10:56:55,Q454_llama3.2_MMLU,773d903d-7656-4b41-b04e-7f268ab26fc0,5b0fa12a-3dd7-45bb-9766-cc326314d9f1,7.968665300053544,5.050955568381772e-05,6.338521418822588e-06,12.8617901696,38.21265114432922,20.0,2.6674662919683512e-05,8.457451210397426e-05,4.147778777793671e-05,0.0001527269628015,0.0,Italy,ITA,lombardy,,,Windows-11-10.0.26200-SP0,3.13.13,3.2.6,32,13th Gen Intel(R) Core(TM) i9-13900HX,1,1 x NVIDIA GeForce RTX 4070 Laptop GPU,9.1922,45.4722,31.70067596435547,machine,0.0,37.5,32.18333333333333,10.19921620686849,N,1.0,0.0
2026-05-03T10:57:17,Q454_llama3.1_MMLU,c63089f6-f709-4c28-b17a-3c001e0505c3,5b0fa12a-3dd7-45bb-9766-cc326314d9f1,6.828298799984623,3.5383157773608655e-05,5.181840866965039e-06,12.862286163200002,25.9669615620406,20.0,2.2600440564313083e-05,4.924698384201065e-05,3.5141483888987244e-05,0.0001069889082953,0.0,Italy,ITA,lombardy,,,Windows-11-10.0.26200-SP0,3.13.13,3.2.6,32,13th Gen Intel(R) Core(TM) i9-13900HX,1,1 x NVIDIA GeForce RTX 4070 Laptop GPU,9.1922,45.4722,31.70067596435547,machine,0.0,12.2,24.44,7.744105529785156,N,1.0,0.0
2026-05-03T10:57:56,Q454_gemma2:27b_MMLU,58f44873-0407-4cae-81af-b857dfcffc38,5b0fa12a-3dd7-45bb-9766-cc326314d9f1,23.814815299992915,0.0001314674620947,5.520406538478755e-06,13.532510132480002,28.70960425235505,20.0,8.420861328702279e-05,0.0001866376493099,0.0001266750761107,0.0003975213387077,0.0,Italy,ITA,lombardy,,,Windows-11-10.0.26200-SP0,3.13.13,3.2.6,32,13th Gen Intel(R) Core(TM) i9-13900HX,1,1 x NVIDIA GeForce RTX 4070 Laptop GPU,9.1922,45.4722,31.70067596435547,machine,0.0,18.363636363636363,51.1090909090909,16.20204110579057,N,1.0,0.0
2026-05-03T10:58:51,Q455_llama3.2_HumanEval,cfbcecd0-9935-489f-811f-65847df6899e,5b0fa12a-3dd7-45bb-9766-cc326314d9f1,9.274592800007667,6.418389498332723e-05,6.920400320246315e-06,12.861468358400002,44.25126882225406,20.0,3.134267421738588e-05,0.000113993702306,4.873801611118122e-05,0.0001940743926345,0.0,Italy,ITA,lombardy,,,Windows-11-10.0.26200-SP0,3.13.13,3.2.6,32,13th Gen Intel(R) Core(TM) i9-13900HX,1,1 x NVIDIA GeForce RTX 4070 Laptop GPU,9.1922,45.4722,31.70067596435547,machine,0.0,43.42857142857143,30.385714285714283,9.622472490583148,N,1.0,0.0
2026-05-03T10:59:18,Q455_llama3.1_HumanEval,543f20e7-2fad-4a6c-b829-62650f56331f,5b0fa12a-3dd7-45bb-9766-cc326314d9f1,11.661239599983674,8.980898798624919e-05,7.701495815794312e-06,12.884011453672729,52.36933993275689,20.0,3.993774811619024e-05,0.0001696248579219,6.199499888882403e-05,0.000271557604927,0.0,Italy,ITA,lombardy,,,Windows-11-10.0.26200-SP0,3.13.13,3.2.6,32,13th Gen Intel(R) Core(TM) i9-13900HX,1,1 x NVIDIA GeForce RTX 4070 Laptop GPU,9.1922,45.4722,31.70067596435547,machine,0.0,53.0,23.81,7.548145294189453,N,1.0,0.0
2026-05-03T11:00:20,Q455_gemma2:27b_HumanEval,28dc7c4a-1515-4066-a462-f35851532a3a,5b0fa12a-3dd7-45bb-9766-cc326314d9f1,36.7536870999611,0.0001978066741809,5.3819545680675295e-06,13.634430106468573,25.726549973408208,20.0,0.0001332531398709,0.0002690857708239,0.0001957739049998,0.0005981128156948,0.0,Italy,ITA,lombardy,,,Windows-11-10.0.26200-SP0,3.13.13,3.2.6,32,13th Gen Intel(R) Core(TM) i9-13900HX,1,1 x NVIDIA GeForce RTX 4070 Laptop GPU,9.1922,45.4722,31.70067596435547,machine,5.142857142857143,17.314285714285713,52.03428571428572,16.491170283726284,N,1.0,0.0
2026-05-03T11:01:12,Q456_llama3.2_GSM8K,81159d78-5f13-40ad-958d-8b80c9644c60,5b0fa12a-3dd7-45bb-9766-cc326314d9f1,6.784141300013289,3.918483244410778e-05,5.77594579936462e-06,12.872925036800002,32.43613361713661,20.0,2.2464296538613696e-05,6.111921556195554e-05,3.490061166683315e-05,0.0001184841237674,0.0,Italy,ITA,lombardy,,,Windows-11-10.0.26200-SP0,3.13.13,3.2.6,32,13th Gen Intel(R) Core(TM) i9-13900HX,1,1 x NVIDIA GeForce RTX 4070 Laptop GPU,9.1922,45.4722,31.70067596435547,machine,0.0,25.4,33.36,10.581900787353517,N,1.0,0.0
2026-05-03T11:01:36,Q456_llama3.1_GSM8K,11ddef32-61a7-4ac9-8e5b-b62aa589ce92,5b0fa12a-3dd7-45bb-9766-cc326314d9f1,9.282857700018212,6.299633578613348e-05,6.786308464688615e-06,12.8722907072,42.83309702204521,20.0,3.137429348806339e-05,0.0001103631438459,4.874610388877853e-05,0.0001904835412228,0.0,Italy,ITA,lombardy,,,Windows-11-10.0.26200-SP0,3.13.13,3.2.6,32,13th Gen Intel(R) Core(TM) i9-13900HX,1,1 x NVIDIA GeForce RTX 4070 Laptop GPU,9.1922,45.4722,31.70067596435547,machine,11.9,34.42857142857143,24.085714285714285,7.6364642551967075,N,1.0,0.0
2026-05-03T11:02:30,Q456_gemma2:27b_GSM8K,a8c6e487-8edf-48c0-9d2c-ba043956065c,5b0fa12a-3dd7-45bb-9766-cc326314d9f1,28.5943843999994,0.0001523041701856,5.326366466054867e-06,13.458608660184616,25.20117943236857,20.0,0.0001025483088419,0.000204720719332,0.000153256767778,0.0004605257959519,0.0,Italy,ITA,lombardy,,,Windows-11-10.0.26200-SP0,3.13.13,3.2.6,32,13th Gen Intel(R) Core(TM) i9-13900HX,1,1 x NVIDIA GeForce RTX 4070 Laptop GPU,9.1922,45.4722,31.70067596435547,machine,3.8461538461538463,18.884615384615383,51.37692307692308,16.287725008451023,N,1.0,0.0
2026-05-03T11:03:27,Q457_llama3.2_HumanEval,4156605d-19d1-4e39-b71b-2f11d6adb716,5b0fa12a-3dd7-45bb-9766-cc326314d9f1,11.108737399976237,8.336488360847958e-05,7.504442728897158e-06,12.85534740224,50.32343947317191,20.0,3.787412063039732e-05,0.000155275401998,5.892288833339181e-05,0.0002520724109618,0.0,Italy,ITA,lombardy,,,Windows-11-10.0.26200-SP0,3.13.13,3.2.6,32,13th Gen Intel(R) Core(TM) i9-13900HX,1,1 x NVIDIA GeForce RTX 4070 Laptop GPU,9.1922,45.4722,31.70067596435547,machine,11.11111111111111,55.66666666666666,29.444444444444443,9.342320760091146,N,1.0,0.0
2026-05-03T11:04:06,Q457_llama3.1_HumanEval,8d6b654b-6f32-4b45-ae0f-ff9ca82fb1c1,5b0fa12a-3dd7-45bb-9766-cc326314d9f1,13.598031500005163,0.0001095382183234,8.055446725754667e-06,12.870035875446156,56.03075547162293,20.0,4.6821361757903504e-05,0.000211633224862,7.27587683333291e-05,0.0003312133549532,0.0,Italy,ITA,lombardy,,,Windows-11-10.0.26200-SP0,3.13.13,3.2.6,32,13th Gen Intel(R) Core(TM) i9-13900HX,1,1 x NVIDIA GeForce RTX 4070 Laptop GPU,9.1922,45.4722,31.70067596435547,machine,0.0,61.75,24.008333333333336,7.609424591064453,N,1.0,0.0
2026-05-03T11:05:11,Q457_gemma2:27b_HumanEval,336349fd-96cd-4ce3-8445-753f9f59dd07,5b0fa12a-3dd7-45bb-9766-cc326314d9f1,30.155409600003622,0.0001578639837888,5.235013746549294e-06,13.260121214720002,24.9575892501996,20.0,0.0001070763807799,0.000208330999998,0.0001619297577776,0.0004773371385556,0.0,Italy,ITA,lombardy,,,Windows-11-10.0.26200-SP0,3.13.13,3.2.6,32,13th Gen Intel(R) Core(TM) i9-13900HX,1,1 x NVIDIA GeForce RTX 4070 Laptop GPU,9.1922,45.4722,31.70067596435547,machine,3.571428571428572,17.178571428571427,51.50357142857143,16.32774121420724,N,1.0,0.0
2026-05-03T11:06:07,Q458_llama3.2_HellaSwag,20d426c8-ad16-4887-a25a-d292a78684ea,5b0fa12a-3dd7-45bb-9766-cc326314d9f1,9.23906310001621,6.513495656555337e-05,7.049952561254733e-06,12.863745128,45.66734208433033,20.0,3.1219571189518115e-05,0.0001171925937539,4.853797555551864e-05,0.000196950140499,0.0,Italy,ITA,lombardy,,,Windows-11-10.0.26200-SP0,3.13.13,3.2.6,32,13th Gen Intel(R) Core(TM) i9-13900HX,1,1 x NVIDIA GeForce RTX 4070 Laptop GPU,9.1922,45.4722,31.70067596435547,machine,0.0,44.142857142857146,30.7,9.738561357770648,N,1.0,0.0
2026-05-03T11:06:30,Q458_llama3.1_HellaSwag,e37bb2eb-e4ea-481f-b5f3-c91e282bd8b1,5b0fa12a-3dd7-45bb-9766-cc326314d9f1,7.899757500039414,4.781795632869282e-05,6.053091671289182e-06,12.87792506514286,35.10424218784215,20.0,2.646383945885597e-05,7.702589495400813e-05,4.109857444450931e-05,0.0001445883088573,0.0,Italy,ITA,lombardy,,,Windows-11-10.0.26200-SP0,3.13.13,3.2.6,32,13th Gen Intel(R) Core(TM) i9-13900HX,1,1 x NVIDIA GeForce RTX 4070 Laptop GPU,9.1922,45.4722,31.70067596435547,machine,0.0,40.333333333333336,24.066666666666663,7.635232289632161,N,1.0,0.0
2026-05-03T11:07:07,Q458_gemma2:27b_HellaSwag,d04a6e65-0d99-417b-8193-3a1be7a107e3,5b0fa12a-3dd7-45bb-9766-cc326314d9f1,22.48312960000476,0.0001236302940568,5.49880271369256e-06,13.275431061028574,27.47089067674108,20.0,7.804798001883562e-05,0.00017646680784,0.0001193091166664,0.0003738239045253,0.0,Italy,ITA,lombardy,,,Windows-11-10.0.26200-SP0,3.13.13,3.2.6,32,13th Gen Intel(R) Core(TM) i9-13900HX,1,1 x NVIDIA GeForce RTX 4070 Laptop GPU,9.1922,45.4722,31.70067596435547,machine,5.0,15.15,50.3,15.9528621673584,N,1.0,0.0
2026-05-03T11:07:51,Q459_llama3.2_MMLU,baa23168-77a9-45d1-9918-b27320945cf5,5b0fa12a-3dd7-45bb-9766-cc326314d9f1,8.115255799959414,5.116747449319664e-05,6.305096937727156e-06,12.858028708571428,37.813504343175744,20.0,2.719119904667533e-05,8.523145707406421e-05,4.229367166667039e-05,0.0001547163277874,0.0,Italy,ITA,lombardy,,,Windows-11-10.0.26200-SP0,3.13.13,3.2.6,32,13th Gen Intel(R) Core(TM) i9-13900HX,1,1 x NVIDIA GeForce RTX 4070 Laptop GPU,9.1922,45.4722,31.70067596435547,machine,8.333333333333334,35.0,32.2,10.217683792114258,N,1.0,0.0
2026-05-03T11:08:43,Q459_llama3.1_MMLU,c7016a8d-474f-46c3-98eb-3a79c35c19a0,5b0fa12a-3dd7-45bb-9766-cc326314d9f1,6.7161037000478245,3.6072043581967024e-05,5.370977756300898e-06,12.832888832000002,28.08959388136985,20.0,2.215175591406004e-05,5.23975419180478e-05,3.452261111136371e-05,0.0001090719089434,0.0,Italy,ITA,lombardy,,,Windows-11-10.0.26200-SP0,3.13.13,3.2.6,32,13th Gen Intel(R) Core(TM) i9-13900HX,1,1 x NVIDIA GeForce RTX 4070 Laptop GPU,9.1922,45.4722,31.70067596435547,machine,0.0,11.4,24.18,7.665256500244141,N,1.0,0.0
2026-05-03T11:09:23,Q459_gemma2:27b_MMLU,ef14cd8f-4920-4d72-8cca-76f5ca4341bd,5b0fa12a-3dd7-45bb-9766-cc326314d9f1,24.434225899982263,0.0001428648814944,5.846916619303473e-06,13.508498933760002,29.79918934500927,20.0,8.665342704865738e-05,0.000215200727716,0.0001301298361109,0.0004319839908756,0.0,Italy,ITA,lombardy,,,Windows-11-10.0.26200-SP0,3.13.13,3.2.6,32,13th Gen Intel(R) Core(TM) i9-13900HX,1,1 x NVIDIA GeForce RTX 4070 Laptop GPU,9.1922,45.4722,31.70067596435547,machine,0.65,12.909090909090908,50.7090909090909,16.07973722978072,N,1.0,0.0
2026-05-03T11:10:08,Q460_llama3.2_HumanEval,60a8687d-ba6a-4cd7-bdd8-bed453fb27b8,5b0fa12a-3dd7-45bb-9766-cc326314d9f1,9.912936899985652,7.448195909747107e-05,7.513611742810435e-06,12.8517588736,50.60329607798835,20.0,3.359791733447121e-05,0.00013933066702,5.228431333315611e-05,0.0002252128976876,0.0,Italy,ITA,lombardy,,,Windows-11-10.0.26200-SP0,3.13.13,3.2.6,32,13th Gen Intel(R) Core(TM) i9-13900HX,1,1 x NVIDIA GeForce RTX 4070 Laptop GPU,9.1922,45.4722,31.70067596435547,machine,0.0,49.75,29.7,9.421955585479736,N,1.0,0.0
2026-05-03T11:10:50,Q460_llama3.1_HumanEval,88154531-443b-449f-a404-4f1264406b7d,5b0fa12a-3dd7-45bb-9766-cc326314d9f1,17.298291100014467,0.0001512855434405,8.74569300319032e-06,12.83260175936,63.83568678890887,20.0,5.813355481810506e-05,0.0003088469137439,9.04652811114728e-05,0.0004574457496735,0.0,Italy,ITA,lombardy,,,Windows-11-10.0.26200-SP0,3.13.13,3.2.6,32,13th Gen Intel(R) Core(TM) i9-13900HX,1,1 x NVIDIA GeForce RTX 4070 Laptop GPU,9.1922,45.4722,31.70067596435547,machine,0.0,69.4,24.08,7.637795003255208,N,1.0,0.0
2026-05-03T11:13:18,Q460_gemma2:27b_HumanEval,354beb60-dd77-435c-8f90-eecffbfdb137,5b0fa12a-3dd7-45bb-9766-cc326314d9f1,112.65909760002978,0.0005698555867192,5.058229640204966e-06,13.625076899000002,22.41979248544036,20.0,0.0004107153337507,0.000708901122676,0.0006034696372216,0.0017230860936484,0.0,Italy,ITA,lombardy,,,Windows-11-10.0.26200-SP0,3.13.13,3.2.6,32,13th Gen Intel(R) Core(TM) i9-13900HX,1,1 x NVIDIA GeForce RTX 4070 Laptop GPU,9.1922,45.4722,31.70067596435547,machine,3.363636363636364,25.081818181818186,54.05545454545454,17.133279280229047,N,1.0,0.0
2026-05-03T11:14:32,Q461_llama3.2_HellaSwag,0e927bad-d3a2-4b66-9640-15cb807837ab,5b0fa12a-3dd7-45bb-9766-cc326314d9f1,6.887286500015762,3.908751997844392e-05,5.675314941284128e-06,12.8601062144,31.31427795104663,20.0,2.281098312586801e-05,5.990421459001194e-05,3.547468000001067e-05,0.0001181898777158,0.0,Italy,ITA,lombardy,,,Windows-11-10.0.26200-SP0,3.13.13,3.2.6,32,13th Gen Intel(R) Core(TM) i9-13900HX,1,1 x NVIDIA GeForce RTX 4070 Laptop GPU,9.1922,45.4722,31.70067596435547,machine,0.0,24.4,32.58,10.331793212890624,N,1.0,0.0
2026-05-03T11:15:15,Q461_llama3.1_HellaSwag,1e199dbc-0bae-432a-9b3b-4272f12ecdf1,5b0fa12a-3dd7-45bb-9766-cc326314d9f1,7.733279499982018,4.973767106368922e-05,6.43164016815956e-06,12.872770013257142,39.27578638531193,20.0,2.585824970973808e-05,8.436062304401082e-05,4.01741238889776e-05,0.0001503929966427,0.0,Italy,ITA,lombardy,,,Windows-11-10.0.26200-SP0,3.13.13,3.2.6,32,13th Gen Intel(R) Core(TM) i9-13900HX,1,1 x NVIDIA GeForce RTX 4070 Laptop GPU,9.1922,45.4722,31.70067596435547,machine,0.0,26.166666666666668,24.183333333333334,7.67514165242513,N,1.0,0.0
2026-05-03T11:15:48,Q461_gemma2:27b_HellaSwag,9ea504e2-f2a3-4fff-a80c-9deda67cb1e3,5b0fa12a-3dd7-45bb-9766-cc326314d9f1,17.938011799997184,9.918229152512438e-05,5.529168596329051e-06,13.25252365184,29.754947792168373,20.0,6.149345084343637e-05,0.0001443553932619,9.405104499989344e-05,0.0002998998891052,0.0,Italy,ITA,lombardy,,,Windows-11-10.0.26200-SP0,3.13.13,3.2.6,32,13th Gen Intel(R) Core(TM) i9-13900HX,1,1 x NVIDIA GeForce RTX 4070 Laptop GPU,9.1922,45.4722,31.70067596435547,machine,0.0,20.125,49.2375,15.605873823165894,N,1.0,0.0
2026-05-03T11:16:30,Q462_llama3.2_MMLU,49f58f10-5597-45f9-9c08-d314761fdad0,5b0fa12a-3dd7-45bb-9766-cc326314d9f1,6.5098287999862805,3.693424737843396e-05,5.67361270368766e-06,12.87140918528,31.43265475846841,20.0,2.147787657948107e-05,5.682921213001624e-05,3.3371886666605456e-05,0.0001116789753761,0.0,Italy,ITA,lombardy,,,Windows-11-10.0.26200-SP0,3.13.13,3.2.6,32,13th Gen Intel(R) Core(TM) i9-13900HX,1,1 x NVIDIA GeForce RTX 4070 Laptop GPU,9.1922,45.4722,31.70067596435547,machine,0.0,5.75,35.525,11.26291847229004,N,1.0,0.0
2026-05-03T11:16:52,Q462_llama3.1_MMLU,ee0abc6c-d2a3-4014-a689-8b7cbbed5910,5b0fa12a-3dd7-45bb-9766-cc326314d9f1,6.726481200021226,3.40513280206749e-05,5.062279520021174e-06,12.8476285376,24.714907010564097,20.0,2.2211450581792944e-05,4.617475916202096e-05,3.457561277771472e-05,0.0001029618225215,0.0,Italy,ITA,lombardy,,,Windows-11-10.0.26200-SP0,3.13.13,3.2.6,32,13th Gen Intel(R) Core(TM) i9-13900HX,1,1 x NVIDIA GeForce RTX 4070 Laptop GPU,9.1922,45.4722,31.70067596435547,machine,0.0,10.0,24.2,7.67640380859375,N,1.0,0.0
2026-05-03T11:17:24,Q462_gemma2:27b_MMLU,8fe2d424-b224-4440-a301-403c83ccb3e9,5b0fa12a-3dd7-45bb-9766-cc326314d9f1,16.928856200014707,0.0001509828015135,8.918665250016376e-06,12.92737518464,39.67707825770254,20.0,0.0001164962693042,0.0001598154056299,0.0001802186666667,0.0004565303416009,0.0,Italy,ITA,lombardy,,,Windows-11-10.0.26200-SP0,3.13.13,3.2.6,32,13th Gen Intel(R) Core(TM) i9-13900HX,1,1 x NVIDIA GeForce RTX 4070 Laptop GPU,9.1922,45.4722,31.70067596435547,machine,0.0,11.866666666666667,48.7,15.4382448832194,N,1.0,0.0
2026-05-03T11:17:58,Q463_llama3.2_HumanEval,faaa8b47-838a-40db-8c91-f578e70fb50a,5b0fa12a-3dd7-45bb-9766-cc326314d9f1,8.92226630001096,6.214461826166546e-05,6.965115831791428e-06,12.8631938672,44.809015604255,20.0,3.0085907436644687e-05,0.0001110450888359,4.6777186111365966e-05,0.0001879081823839,0.0,Italy,ITA,lombardy,,,Windows-11-10.0.26200-SP0,3.13.13,3.2.6,32,13th Gen Intel(R) Core(TM) i9-13900HX,1,1 x NVIDIA GeForce RTX 4070 Laptop GPU,9.1922,45.4722,31.70067596435547,machine,0.0,43.285714285714285,31.47142857142857,9.972932543073382,N,1.0,0.0
2026-05-03T11:18:23,Q463_llama3.1_HumanEval,3ca10c8a-4284-4247-8890-147ea4bd5d0f,5b0fa12a-3dd7-45bb-9766-cc326314d9f1,9.889317799999844,6.734657318102135e-05,6.810032253288737e-06,12.8833292544,42.93698349476698,20.0,3.358679749535754e-05,0.000117911760996,5.213890055537276e-05,0.0002036374590467,0.0,Italy,ITA,lombardy,,,Windows-11-10.0.26200-SP0,3.13.13,3.2.6,32,13th Gen Intel(R) Core(TM) i9-13900HX,1,1 x NVIDIA GeForce RTX 4070 Laptop GPU,9.1922,45.4722,31.70067596435547,machine,6.25,54.25,24.1625,7.655607223510742,N,1.0,0.0
2026-05-03T11:19:19,Q463_gemma2:27b_HumanEval,dbaa2ea4-02b9-4912-99aa-20bbed6030ed,5b0fa12a-3dd7-45bb-9766-cc326314d9f1,30.986485600005835,0.0001655338220378,5.342129603681114e-06,13.295677357760002,25.71569003413695,20.0,0.0001105559371018,0.0002234207342919,0.000166551942222,0.0005005286136159,0.0,Italy,ITA,lombardy,,,Windows-11-10.0.26200-SP0,3.13.13,3.2.6,32,13th Gen Intel(R) Core(TM) i9-13900HX,1,1 x NVIDIA GeForce RTX 4070 Laptop GPU,9.1922,45.4722,31.70067596435547,machine,3.103448275862069,15.379310344827584,51.720689655172414,16.39832845227472,N,1.0,0.0
2026-05-03T11:20:16,Q464_llama3.2_HumanEval,651aafb6-1905-4039-8482-d1b1971f60d1,5b0fa12a-3dd7-45bb-9766-cc326314d9f1,10.055812100006731,7.652848551173148e-05,7.610373458716501e-06,12.8514029312,51.63734276475701,20.0,3.410492529865627e-05,0.0001442212264879,5.307487722214622e-05,0.0002314010290087,0.0,Italy,ITA,lombardy,,,Windows-11-10.0.26200-SP0,3.13.13,3.2.6,32,13th Gen Intel(R) Core(TM) i9-13900HX,1,1 x NVIDIA GeForce RTX 4070 Laptop GPU,9.1922,45.4722,31.70067596435547,machine,0.0,50.25,29.45,9.342734336853027,N,1.0,0.0
2026-05-03T11:20:55,Q464_llama3.1_HumanEval,45f93f47-58ae-4a3b-b398-c4b6dda5fb27,5b0fa12a-3dd7-45bb-9766-cc326314d9f1,14.348336399998516,0.0001206137817968,8.40611611230569e-06,12.856600436184616,59.809517011004175,20.0,4.9444211801999885e-05,0.00023834324623,7.69153455553654e-05,0.0003647028035873,0.0,Italy,ITA,lombardy,,,Windows-11-10.0.26200-SP0,3.13.13,3.2.6,32,13th Gen Intel(R) Core(TM) i9-13900HX,1,1 x NVIDIA GeForce RTX 4070 Laptop GPU,9.1922,45.4722,31.70067596435547,machine,0.0,61.583333333333336,24.141666666666666,7.661110242207845,N,1.0,0.0
2026-05-03T11:23:06,Q464_gemma2:27b_HumanEval,b65f5b3e-cb78-47d8-b6be-6610badd20aa,5b0fa12a-3dd7-45bb-9766-cc326314d9f1,95.3214266000432,0.0004991882865544,5.236894834242719e-06,13.598407249417145,24.30577283601876,20.0,0.0003465545666425,0.000652854966728,0.0005099981388892,0.0015094076722597,0.0,Italy,ITA,lombardy,,,Windows-11-10.0.26200-SP0,3.13.13,3.2.6,32,13th Gen Intel(R) Core(TM) i9-13900HX,1,1 x NVIDIA GeForce RTX 4070 Laptop GPU,9.1922,45.4722,31.70067596435547,machine,3.021505376344086,28.0752688172043,53.973118279569896,17.10863527687647,N,1.0,0.0
2026-05-03T11:24:19,Q465_llama3.2_GSM8K,40d0178e-b371-42d1-88a5-c44f8bf82992,5b0fa12a-3dd7-45bb-9766-cc326314d9f1,6.789801299979445,4.143822965185186e-05,6.103010650985812e-06,12.878491136,35.989163189938616,20.0,2.2494897671586747e-05,6.786977651801473e-05,3.493310111096233e-05,0.0001252977753005,0.0,Italy,ITA,lombardy,,,Windows-11-10.0.26200-SP0,3.13.13,3.2.6,32,13th Gen Intel(R) Core(TM) i9-13900HX,1,1 x NVIDIA GeForce RTX 4070 Laptop GPU,9.1922,45.4722,31.70067596435547,machine,0.0,23.4,33.22,10.529491424560549,N,1.0,0.0
2026-05-03T11:24:42,Q465_llama3.1_GSM8K,f3e15f52-fe08-434c-b292-066e2aeb4453,5b0fa12a-3dd7-45bb-9766-cc326314d9f1,7.949810600024648,4.988009576771948e-05,6.2743753627998174e-06,12.853935274057145,37.52535832428769,20.0,2.659105837090168e-05,8.285923295398012e-05,4.137335833349627e-05,0.0001508236496583,0.0,Italy,ITA,lombardy,,,Windows-11-10.0.26200-SP0,3.13.13,3.2.6,32,13th Gen Intel(R) Core(TM) i9-13900HX,1,1 x NVIDIA GeForce RTX 4070 Laptop GPU,9.1922,45.4722,31.70067596435547,machine,0.0,40.5,24.28333333333333,7.703277587890625,N,1.0,0.0
2026-05-03T11:25:24,Q465_gemma2:27b_GSM8K,f8224996-dc1c-4d48-9739-d1edb736cbff,5b0fa12a-3dd7-45bb-9766-cc326314d9f1,26.196914400032256,0.0001484338869311,5.666082831913855e-06,13.58989106711273,28.403508793306727,20.0,9.409319300354154e-05,0.0002147779496,0.0001399519844446,0.0004488231270482,0.0,Italy,ITA,lombardy,,,Windows-11-10.0.26200-SP0,3.13.13,3.2.6,32,13th Gen Intel(R) Core(TM) i9-13900HX,1,1 x NVIDIA GeForce RTX 4070 Laptop GPU,9.1922,45.4722,31.70067596435547,machine,0.0,16.041666666666668,51.1,16.198193073272705,N,1.0,0.0
2026-05-03T11:26:19,Q466_llama3.2_HellaSwag,84f8b23c-6e2a-4450-9d92-b5c575915296,5b0fa12a-3dd7-45bb-9766-cc326314d9f1,9.575659199967047,6.630234847299993e-05,6.924050562829981e-06,12.874010816,44.32403611908125,20.0,3.2345305613782155e-05,0.0001178873165319,5.0247389444201776e-05,0.0002004800115899,0.0,Italy,ITA,lombardy,,,Windows-11-10.0.26200-SP0,3.13.13,3.2.6,32,13th Gen Intel(R) Core(TM) i9-13900HX,1,1 x NVIDIA GeForce RTX 4070 Laptop GPU,9.1922,45.4722,31.70067596435547,machine,0.0,42.71428571428572,31.085714285714285,9.857496534075056,N,1.0,0.0
2026-05-03T11:27:07,Q466_llama3.1_HellaSwag,c08761c9-0f87-4f47-b7c4-d173a3a08706,5b0fa12a-3dd7-45bb-9766-cc326314d9f1,12.752953300019726,9.77549742679264e-05,7.665281285690524e-06,12.854445728000002,51.88128440760213,20.0,4.374527454901775e-05,0.0001837776470219,6.806115388883174e-05,0.0002955840754598,0.0,Italy,ITA,lombardy,,,Windows-11-10.0.26200-SP0,3.13.13,3.2.6,32,13th Gen Intel(R) Core(TM) i9-13900HX,1,1 x NVIDIA GeForce RTX 4070 Laptop GPU,9.1922,45.4722,31.70067596435547,machine,1.518181818181818,59.09090909090909,24.42727272727273,7.749516227028587,N,1.0,0.0
2026-05-03T11:28:01,Q466_gemma2:27b_HellaSwag,9dc49867-6f08-4f85-ae64-f227432ff8f7,5b0fa12a-3dd7-45bb-9766-cc326314d9f1,19.311957900004927,0.0001084789994464,5.6171932441078e-06,13.386539456,29.72522769891205,20.0,6.639761409890784e-05,0.0001599306835,0.0001016822716667,0.0003280105692656,0.0,Italy,ITA,lombardy,,,Windows-11-10.0.26200-SP0,3.13.13,3.2.6,32,13th Gen Intel(R) Core(TM) i9-13900HX,1,1 x NVIDIA GeForce RTX 4070 Laptop GPU,9.1922,45.4722,31.70067596435547,machine,12.011764705882351,15.352941176470589,49.76470588235294,15.774058173684512,N,1.0,0.0
2026-05-03T11:28:33,Q467_llama3.2_SQuAD,00c82377-0efd-4011-853e-1e32210c63d5,5b0fa12a-3dd7-45bb-9766-cc326314d9f1,6.711851000029128,3.873248533684296e-05,5.770760604887514e-06,12.8836374656,32.44261557138586,20.0,2.220717088370098e-05,6.043671501598791e-05,3.447246499999892e-05,0.0001171163508996,0.0,Italy,ITA,lombardy,,,Windows-11-10.0.26200-SP0,3.13.13,3.2.6,32,13th Gen Intel(R) Core(TM) i9-13900HX,1,1 x NVIDIA GeForce RTX 4070 Laptop GPU,9.1922,45.4722,31.70067596435547,machine,0.0,23.4,33.4,10.594677734375,N,1.0,0.0
2026-05-03T11:29:16,Q467_llama3.1_SQuAD,d6241757-9858-4d59-a46f-c02f651a44af,5b0fa12a-3dd7-45bb-9766-cc326314d9f1,6.997974300000351,3.607198738279335e-05,5.154632731759467e-06,12.871592115200002,25.646016945559875,20.0,2.320664250000573e-05,4.980753984601405e-05,3.605755666665371e-05,0.0001090717390126,0.0,Italy,ITA,lombardy,,,Windows-11-10.0.26200-SP0,3.13.13,3.2.6,32,13th Gen Intel(R) Core(TM) i9-13900HX,1,1 x NVIDIA GeForce RTX 4070 Laptop GPU,9.1922,45.4722,31.70067596435547,machine,0.0,13.6,24.32,7.702033996582031,N,1.0,0.0
2026-05-03T11:29:47,Q467_gemma2:27b_SQuAD,7757c5bd-d365-4bcb-8a0d-83478965c278,5b0fa12a-3dd7-45bb-9766-cc326314d9f1,16.53727870003786,0.0001312734054442,7.938029456079653e-06,6.453681007360001,17.60558881853353,20.0,5.740485794867294e-05,0.000161503462536,0.0001780262444446,0.0003969345649293,0.0,Italy,ITA,lombardy,,,Windows-11-10.0.26200-SP0,3.13.13,3.2.6,32,13th Gen Intel(R) Core(TM) i9-13900HX,1,1 x NVIDIA GeForce RTX 4070 Laptop GPU,9.1922,45.4722,31.70067596435547,machine,0.0,15.714285714285714,48.58571428571429,15.400166375296456,N,1.0,0.0
2026-05-03T11:30:24,Q468_llama3.2_GSM8K,ae073e51-c1c8-4e93-ab89-3e7ca1009f9a,5b0fa12a-3dd7-45bb-9766-cc326314d9f1,11.260695399949329,8.831573829156183e-05,7.842831650695325e-06,12.846702575360002,54.00206939569456,20.0,3.838806022089752e-05,0.000168892079558,5.976228999982899e-05,0.0002670424297787,0.0,Italy,ITA,lombardy,,,Windows-11-10.0.26200-SP0,3.13.13,3.2.6,32,13th Gen Intel(R) Core(TM) i9-13900HX,1,1 x NVIDIA GeForce RTX 4070 Laptop GPU,9.1922,45.4722,31.70067596435547,machine,0.0,56.0,29.422222222222224,9.329326629638672,N,1.0,0.0
2026-05-03T11:31:11,Q468_llama3.1_GSM8K,f3af7b38-ed41-4b56-a619-29b8ae4b8164,5b0fa12a-3dd7-45bb-9766-cc326314d9f1,12.147946600045543,9.275542678187192e-05,7.635481932520528e-06,12.851050911418184,51.62381971563159,20.0,4.157419813012368e-05,0.0001741920837979,6.470054111107149e-05,0.0002804668230391,0.0,Italy,ITA,lombardy,,,Windows-11-10.0.26200-SP0,3.13.13,3.2.6,32,13th Gen Intel(R) Core(TM) i9-13900HX,1,1 x NVIDIA GeForce RTX 4070 Laptop GPU,9.1922,45.4722,31.70067596435547,machine,0.0,63.6,24.43,7.749018859863281,N,1.0,0.0
2026-05-03T11:32:33,Q468_gemma2:27b_GSM8K,a82c45e9-04bc-4d0a-bf84-9d2fbb4dbf36,5b0fa12a-3dd7-45bb-9766-cc326314d9f1,56.50526289996924,0.0002967739021117,5.252146205162095e-06,13.508619517509093,24.36250571772493,20.0,0.000203812299726,0.00039081003487,0.0003027400772223,0.0008973624118184,0.0,Italy,ITA,lombardy,,,Windows-11-10.0.26200-SP0,3.13.13,3.2.6,32,13th Gen Intel(R) Core(TM) i9-13900HX,1,1 x NVIDIA GeForce RTX 4070 Laptop GPU,9.1922,45.4722,31.70067596435547,machine,4.055555555555555,22.5,53.62037037037037,16.99406842832212,N,1.0,0.0
2026-05-03T11:33:36,Q469_llama3.2_SQuAD,ad9cf270-fa1d-41e4-b5d7-643913aa29b4,5b0fa12a-3dd7-45bb-9766-cc326314d9f1,6.302221700025257,3.436638922395461e-05,5.453059390756895e-06,12.88486585856,29.10912253843152,20.0,2.075550993281475e-05,5.094281853201821e-05,3.2216152222503704e-05,0.0001039144806873,0.0,Italy,ITA,lombardy,,,Windows-11-10.0.26200-SP0,3.13.13,3.2.6,32,13th Gen Intel(R) Core(TM) i9-13900HX,1,1 x NVIDIA GeForce RTX 4070 Laptop GPU,9.1922,45.4722,31.70067596435547,machine,0.0,5.5,35.475,11.249080657958984,N,1.0,0.0
2026-05-03T11:33:59,Q469_llama3.1_SQuAD,8fddd6c4-abf6-4978-8cee-510e6a1e82b5,5b0fa12a-3dd7-45bb-9766-cc326314d9f1,8.22360430000117,5.1426995751554215e-05,6.253583450208918e-06,12.894872976457142,37.25472236653759,20.0,2.7628089907531795e-05,8.502256801795616e-05,4.285039055555696e-05,0.000155501048481,0.0,Italy,ITA,lombardy,,,Windows-11-10.0.26200-SP0,3.13.13,3.2.6,32,13th Gen Intel(R) Core(TM) i9-13900HX,1,1 x NVIDIA GeForce RTX 4070 Laptop GPU,9.1922,45.4722,31.70067596435547,machine,0.0,29.33333333333333,24.23333333333333,7.685197830200195,N,1.0,0.0
2026-05-03T11:34:35,Q469_gemma2:27b_SQuAD,5550a6ff-d283-46a3-a253-e870caac272c,5b0fa12a-3dd7-45bb-9766-cc326314d9f1,20.241144399973564,0.0001197798808807,5.917643711931318e-06,13.306574389760002,32.10663155186277,20.0,6.965983817205209e-05,0.000185662370752,0.0001068591083335,0.0003621813172575,0.0,Italy,ITA,lombardy,,,Windows-11-10.0.26200-SP0,3.13.13,3.2.6,32,13th Gen Intel(R) Core(TM) i9-13900HX,1,1 x NVIDIA GeForce RTX 4070 Laptop GPU,9.1922,45.4722,31.70067596435547,machine,0.0,16.27777777777778,49.84444444444445,15.802286359998917,N,1.0,0.0
2026-05-03T11:35:20,Q470_llama3.2_HumanEval,07834993-4303-4e00-bc04-e3673bb1f052,5b0fa12a-3dd7-45bb-9766-cc326314d9f1,10.0960224000155,7.326794163668661e-05,7.257109655043369e-06,12.8504003072,47.78246730274271,20.0,3.42469043675956e-05,0.000133994829418,5.330031000000114e-05,0.0002215420437856,0.0,Italy,ITA,lombardy,,,Windows-11-10.0.26200-SP0,3.13.13,3.2.6,32,13th Gen Intel(R) Core(TM) i9-13900HX,1,1 x NVIDIA GeForce RTX 4070 Laptop GPU,9.1922,45.4722,31.70067596435547,machine,0.0,51.125,29.7125,9.42202854156494,N,1.0,0.0
2026-05-03T11:36:00,Q470_llama3.1_HumanEval,a447a310-4ce2-459a-9d5e-c60d47840ef4,5b0fa12a-3dd7-45bb-9766-cc326314d9f1,14.323884699959308,0.0001129753183637,7.887198251749877e-06,12.927884406153847,54.08883747944971,20.0,4.963319849763701e-05,0.0002151893388179,7.67836599998797e-05,0.0003416061973154,0.0,Italy,ITA,lombardy,,,Windows-11-10.0.26200-SP0,3.13.13,3.2.6,32,13th Gen Intel(R) Core(TM) i9-13900HX,1,1 x NVIDIA GeForce RTX 4070 Laptop GPU,9.1922,45.4722,31.70067596435547,machine,0.0,68.66666666666667,25.13333333333333,7.97321351369222,N,1.0,0.0
2026-05-03T11:37:45,Q470_gemma2:27b_HumanEval,ef0c14d8-d7b1-44f3-a56e-3e00e51105ab,5b0fa12a-3dd7-45bb-9766-cc326314d9f1,60.18414969998412,0.0003227194227342,5.362199588147656e-06,13.57984054652,25.61788420542357,20.0,0.0002191997092671,0.0004334931245719,0.000323121675,0.0009758145088391,0.0,Italy,ITA,lombardy,,,Windows-11-10.0.26200-SP0,3.13.13,3.2.6,32,13th Gen Intel(R) Core(TM) i9-13900HX,1,1 x NVIDIA GeForce RTX 4070 Laptop GPU,9.1922,45.4722,31.70067596435547,machine,1.7241379310344829,22.155172413793103,54.17758620689656,17.175354201218177,N,1.0,0.0
2026-05-03T11:39:00,Q471_llama3.2_HellaSwag,fdcdd165-bb93-4c18-867f-631c2323b9a1,5b0fa12a-3dd7-45bb-9766-cc326314d9f1,8.408506800013129,5.5794770890022655e-05,6.635514749174674e-06,12.864105590857143,41.33312879143983,20.0,2.825243671160898e-05,9.653202166998164e-05,4.3923537221982977e-05,0.0001687079956035,0.0,Italy,ITA,lombardy,,,Windows-11-10.0.26200-SP0,3.13.13,3.2.6,32,13th Gen Intel(R) Core(TM) i9-13900HX,1,1 x NVIDIA GeForce RTX 4070 Laptop GPU,9.1922,45.4722,31.70067596435547,machine,0.0,35.166666666666664,32.86666666666667,10.429328282674154,N,1.0,0.0
2026-05-03T11:39:37,Q471_llama3.1_HellaSwag,d917908e-84ca-449a-b83d-071110f8a821,5b0fa12a-3dd7-45bb-9766-cc326314d9f1,11.291419300017878,8.431412575524231e-05,7.467097227990533e-06,12.88189741952,49.86786120988069,20.0,3.860594945822097e-05,0.0001563992917859,5.993741611115789e-05,0.0002549426573553,0.0,Italy,ITA,lombardy,,,Windows-11-10.0.26200-SP0,3.13.13,3.2.6,32,13th Gen Intel(R) Core(TM) i9-13900HX,1,1 x NVIDIA GeForce RTX 4070 Laptop GPU,9.1922,45.4722,31.70067596435547,machine,0.0,49.888888888888886,24.922222222222224,7.89773686726888,N,1.0,0.0
2026-05-03T11:40:35,Q471_gemma2:27b_HellaSwag,a37ca222-2f45-4cee-9c85-29c6bcf7bad4,5b0fa12a-3dd7-45bb-9766-cc326314d9f1,23.487826200027484,0.0001308452666465,5.570769535344262e-06,13.55145517424,27.17544425575181,20.0,8.338818142889047e-05,0.000187353483216,0.0001248983266666,0.0003956399913115,0.0,Italy,ITA,lombardy,,,Windows-11-10.0.26200-SP0,3.13.13,3.2.6,32,13th Gen Intel(R) Core(TM) i9-13900HX,1,1 x NVIDIA GeForce RTX 4070 Laptop GPU,9.1922,45.4722,31.70067596435547,machine,0.0,13.476190476190476,51.56666666666666,16.34997758411226,N,1.0,0.0
2026-05-03T11:41:19,Q472_llama3.2_HellaSwag,7c87a4df-1820-4b11-a3af-01c7de43bc35,5b0fa12a-3dd7-45bb-9766-cc326314d9f1,7.851642400026321,4.919707520504531e-05,6.265832382391789e-06,12.871196035657146,37.44054114433055,20.0,2.6277020795943065e-05,8.165173198798614e-05,4.0829631111248295e-05,0.0001487583838951,0.0,Italy,ITA,lombardy,,,Windows-11-10.0.26200-SP0,3.13.13,3.2.6,32,13th Gen Intel(R) Core(TM) i9-13900HX,1,1 x NVIDIA GeForce RTX 4070 Laptop GPU,9.1922,45.4722,31.70067596435547,machine,0.0,36.5,33.13333333333333,10.507595698038736,N,1.0,0.0
2026-05-03T11:41:51,Q472_llama3.1_HellaSwag,8e2dc69e-632f-42f5-98fe-c576c9d677f0,5b0fa12a-3dd7-45bb-9766-cc326314d9f1,7.439985000004526,4.286422090829997e-05,5.761331630140906e-06,12.9059017472,32.03285238762374,20.0,2.4872575419396964e-05,6.619366406601657e-05,3.8543340000129925e-05,0.0001296095794855,0.0,Italy,ITA,lombardy,,,Windows-11-10.0.26200-SP0,3.13.13,3.2.6,32,13th Gen Intel(R) Core(TM) i9-13900HX,1,1 x NVIDIA GeForce RTX 4070 Laptop GPU,9.1922,45.4722,31.70067596435547,machine,0.0,27.4,25.1,7.953018188476562,N,1.0,0.0
2026-05-03T11:42:26,Q472_gemma2:27b_HellaSwag,30ab35f2-a449-4466-901a-f7a0ea79f4b4,5b0fa12a-3dd7-45bb-9766-cc326314d9f1,19.6596643999801,0.0001189147821784,6.048667960914122e-06,13.363111750400002,31.76925420739441,20.0,6.764583123668354e-05,0.0001882954284139,0.0001036242377776,0.0003595654974282,0.0,Italy,ITA,lombardy,,,Windows-11-10.0.26200-SP0,3.13.13,3.2.6,32,13th Gen Intel(R) Core(TM) i9-13900HX,1,1 x NVIDIA GeForce RTX 4070 Laptop GPU,9.1922,45.4722,31.70067596435547,machine,0.0,15.38888888888889,50.70555555555555,16.074616962009006,N,1.0,0.0
2026-05-03T11:43:10,Q473_llama3.2_HellaSwag,4398cdb3-c4d1-4fef-bdcb-fa68708648eb,5b0fa12a-3dd7-45bb-9766-cc326314d9f1,8.363939000002574,5.736294185189925e-05,6.858364444298504e-06,12.865420286171432,43.80359644010588,20.0,2.8082137291935494e-05,0.0001017134147039,4.3654160000086353e-05,0.000173449711996,0.0,Italy,ITA,lombardy,,,Windows-11-10.0.26200-SP0,3.13.13,3.2.6,32,13th Gen Intel(R) Core(TM) i9-13900HX,1,1 x NVIDIA GeForce RTX 4070 Laptop GPU,9.1922,45.4722,31.70067596435547,machine,0.0,39.16666666666666,32.6,10.328309377034506,N,1.0,0.0
2026-05-03T11:43:56,Q473_llama3.1_HellaSwag,d1ed15c3-4024-4cd8-afcb-a386e0246ac3,5b0fa12a-3dd7-45bb-9766-cc326314d9f1,10.27395580004668,7.428893282935772e-05,7.230801287759112e-06,12.8767048576,47.44478686246234,20.0,3.4952365633619864e-05,0.000135390108312,5.428676555554072e-05,0.0002246292395011,0.0,Italy,ITA,lombardy,,,Windows-11-10.0.26200-SP0,3.13.13,3.2.6,32,13th Gen Intel(R) Core(TM) i9-13900HX,1,1 x NVIDIA GeForce RTX 4070 Laptop GPU,9.1922,45.4722,31.70067596435547,machine,0.0,42.625,24.9875,7.920765399932861,N,1.0,0.0
2026-05-03T11:44:40,Q473_gemma2:27b_HellaSwag,252320be-6485-4d79-962d-98747995bc10,5b0fa12a-3dd7-45bb-9766-cc326314d9f1,19.183069300022908,0.000116324032262,6.063890529858286e-06,13.438054723520002,32.231156787455724,20.0,6.608859497175444e-05,0.0001846598699499,0.0001009833194444,0.0003517317843662,0.0,Italy,ITA,lombardy,,,Windows-11-10.0.26200-SP0,3.13.13,3.2.6,32,13th Gen Intel(R) Core(TM) i9-13900HX,1,1 x NVIDIA GeForce RTX 4070 Laptop GPU,9.1922,45.4722,31.70067596435547,machine,5.882352941176471,18.058823529411764,50.36470588235294,15.970950855928308,N,1.0,0.0
2026-05-03T11:45:14,Q474_llama3.2_GSM8K,9e331164-8e4f-4b1a-9ae5-556ad0d67f68,5b0fa12a-3dd7-45bb-9766-cc326314d9f1,8.363229100010358,5.628137545549816e-05,6.7296225874558975e-06,12.86369947794286,42.367349143136,20.0,2.80907842864808e-05,9.841591206599663e-05,4.367265722216365e-05,0.0001701793535746,0.0,Italy,ITA,lombardy,,,Windows-11-10.0.26200-SP0,3.13.13,3.2.6,32,13th Gen Intel(R) Core(TM) i9-13900HX,1,1 x NVIDIA GeForce RTX 4070 Laptop GPU,9.1922,45.4722,31.70067596435547,machine,0.0,35.333333333333336,32.68333333333333,10.361944834391275,N,1.0,0.0
2026-05-03T11:46:06,Q474_llama3.1_GSM8K,a33ba4e4-085a-4d99-83fe-617e5c412aad,5b0fa12a-3dd7-45bb-9766-cc326314d9f1,17.193257400009315,0.0001505805638623,8.75811722927392e-06,12.83013802688,69.86290456313533,20.0,5.7781442610164944e-05,0.0003075910794059,8.99415638889574e-05,0.0004553140859051,0.0,Italy,ITA,lombardy,,,Windows-11-10.0.26200-SP0,3.13.13,3.2.6,32,13th Gen Intel(R) Core(TM) i9-13900HX,1,1 x NVIDIA GeForce RTX 4070 Laptop GPU,9.1922,45.4722,31.70067596435547,machine,0.0,71.4,25.01333333333333,7.928487141927083,N,1.0,0.0
2026-05-03T11:48:02,Q474_gemma2:27b_GSM8K,2316c16a-d9c1-4994-9562-f146513e335c,5b0fa12a-3dd7-45bb-9766-cc326314d9f1,80.56965920003131,0.0004112562787245,5.10435668721775e-06,13.633265950320002,23.03541527246901,20.0,0.0002930663373604,0.000519670415736,0.0004307887844447,0.0012435255375411,0.0,Italy,ITA,lombardy,,,Windows-11-10.0.26200-SP0,3.13.13,3.2.6,32,13th Gen Intel(R) Core(TM) i9-13900HX,1,1 x NVIDIA GeForce RTX 4070 Laptop GPU,9.1922,45.4722,31.70067596435547,machine,2.137179487179487,19.73076923076923,54.51025641025641,17.276328209118965,N,1.0,0.0
2026-05-03T11:49:16,Q475_llama3.2_SQuAD,66980686-903e-4225-a52e-ae5c849fee55,5b0fa12a-3dd7-45bb-9766-cc326314d9f1,7.009777100000065,4.164732784934663e-05,5.941319853001637e-06,12.879373529600002,34.15265855943607,20.0,2.32828223736666e-05,6.64931087500098e-05,3.615409944419904e-05,0.0001259300305678,0.0,Italy,ITA,lombardy,,,Windows-11-10.0.26200-SP0,3.13.13,3.2.6,32,13th Gen Intel(R) Core(TM) i9-13900HX,1,1 x NVIDIA GeForce RTX 4070 Laptop GPU,9.1922,45.4722,31.70067596435547,machine,0.0,32.0,34.7,11.002588653564452,N,1.0,0.0
2026-05-03T11:49:40,Q475_llama3.1_SQuAD,96aaa43e-cc37-4daf-b4d1-9172fb8b3ab6,5b0fa12a-3dd7-45bb-9766-cc326314d9f1,9.426730400009546,6.524173801442466e-05,6.920929659169906e-06,12.873191182400005,44.22443142698951,20.0,3.1910834403386586e-05,0.00011578620374,4.957598000021083e-05,0.0001972730181436,0.0,Italy,ITA,lombardy,,,Windows-11-10.0.26200-SP0,3.13.13,3.2.6,32,13th Gen Intel(R) Core(TM) i9-13900HX,1,1 x NVIDIA GeForce RTX 4070 Laptop GPU,9.1922,45.4722,31.70067596435547,machine,0.0,49.0,25.02857142857143,7.931689126150949,N,1.0,0.0
2026-05-03T11:50:28,Q475_gemma2:27b_SQuAD,39fd035e-04ad-4bff-9391-00359f73f904,5b0fa12a-3dd7-45bb-9766-cc326314d9f1,22.05475980002666,0.0001203824620142,5.458343827171768e-06,13.430688233325716,27.338481310226665,20.0,7.704355866337842e-05,0.0001700581916019,0.0001169016061114,0.0003640033563768,0.0,Italy,ITA,lombardy,,,Windows-11-10.0.26200-SP0,3.13.13,3.2.6,32,13th Gen Intel(R) Core(TM) i9-13900HX,1,1 x NVIDIA GeForce RTX 4070 Laptop GPU,9.1922,45.4722,31.70067596435547,machine,0.0,18.15,50.94,16.148047637939452,N,1.0,0.0
2026-05-03T11:51:11,Q476_llama3.2_MMLU,a24cc88f-9fd1-4b70-8ad2-5b00873e1390,5b0fa12a-3dd7-45bb-9766-cc326314d9f1,7.291818700032309,4.391033572308631e-05,6.021863341568235e-06,12.8759425856,34.94255169512331,20.0,2.4284622155802462e-05,7.076838994801715e-05,3.771972999998576e-05,0.0001327727421038,0.0,Italy,ITA,lombardy,,,Windows-11-10.0.26200-SP0,3.13.13,3.2.6,32,13th Gen Intel(R) Core(TM) i9-13900HX,1,1 x NVIDIA GeForce RTX 4070 Laptop GPU,9.1922,45.4722,31.70067596435547,machine,0.0,28.2,33.84,10.7311279296875,N,1.0,0.0
2026-05-03T11:51:48,Q476_llama3.1_MMLU,93bddb86-0fbb-47ce-bb9f-0d3697bda5ff,5b0fa12a-3dd7-45bb-9766-cc326314d9f1,12.673669699986933,9.867311772879643e-05,7.785678502328192e-06,12.8750447168,53.212838885734726,20.0,4.35143104262978e-05,0.000187252649802,6.759332777777065e-05,0.000298360288006,0.0,Italy,ITA,lombardy,,,Windows-11-10.0.26200-SP0,3.13.13,3.2.6,32,13th Gen Intel(R) Core(TM) i9-13900HX,1,1 x NVIDIA GeForce RTX 4070 Laptop GPU,9.1922,45.4722,31.70067596435547,machine,0.0,57.27272727272727,24.85454545454545,7.885286157781428,N,1.0,0.0
2026-05-03T11:52:39,Q476_gemma2:27b_MMLU,6c17ca53-c69e-4497-9587-902d2b222ba9,5b0fa12a-3dd7-45bb-9766-cc326314d9f1,25.402334699989296,0.0001354715417304,5.333035066676243e-06,13.39562739008,25.423894170583026,20.0,8.992186695692915e-05,0.00018416959178,0.0001355371122222,0.0004096285709592,0.0,Italy,ITA,lombardy,,,Windows-11-10.0.26200-SP0,3.13.13,3.2.6,32,13th Gen Intel(R) Core(TM) i9-13900HX,1,1 x NVIDIA GeForce RTX 4070 Laptop GPU,9.1922,45.4722,31.70067596435547,machine,0.0,20.47826086956522,51.62608695652175,16.363741335661516,N,1.0,0.0
2026-05-03T11:53:23,Q477_llama3.2_HellaSwag,912cf3e2-bdbe-4d23-b483-fb2d97817698,5b0fa12a-3dd7-45bb-9766-cc326314d9f1,8.531472000002395,5.783116322666939e-05,6.7785680157718566e-06,12.865017760914286,42.86283524097177,20.0,2.8692482459100115e-05,0.0001015686923659,4.460430944454856e-05,0.0001748654842695,0.0,Italy,ITA,lombardy,,,Windows-11-10.0.26200-SP0,3.13.13,3.2.6,32,13th Gen Intel(R) Core(TM) i9-13900HX,1,1 x NVIDIA GeForce RTX 4070 Laptop GPU,9.1922,45.4722,31.70067596435547,machine,0.0,34.833333333333336,32.300000000000004,10.24447758992513,N,1.0,0.0
2026-05-03T11:54:17,Q477_llama3.1_HellaSwag,80eb0d4d-bb06-4b6b-8818-f7e621a275af,5b0fa12a-3dd7-45bb-9766-cc326314d9f1,8.150633900018875,5.136124113328146e-05,6.301502651611247e-06,12.870185863314289,37.75457338857209,20.0,2.7343360168445577e-05,8.546867948594494e-05,4.249018500009293e-05,0.0001553022246544,0.0,Italy,ITA,lombardy,,,Windows-11-10.0.26200-SP0,3.13.13,3.2.6,32,13th Gen Intel(R) Core(TM) i9-13900HX,1,1 x NVIDIA GeForce RTX 4070 Laptop GPU,9.1922,45.4722,31.70067596435547,machine,0.0,28.0,24.816666666666663,7.8658873240153,N,1.0,0.0
2026-05-03T11:55:01,Q477_gemma2:27b_HellaSwag,54bd9902-075e-4658-8614-ed85e9271051,5b0fa12a-3dd7-45bb-9766-cc326314d9f1,29.12441150000086,0.0001654579800953,5.681075481830009e-06,13.283184744594289,29.04180549861587,20.0,0.0001033247581054,0.000240776025954,0.0001561985044442,0.0005002992885037,0.0,Italy,ITA,lombardy,,,Windows-11-10.0.26200-SP0,3.13.13,3.2.6,32,13th Gen Intel(R) Core(TM) i9-13900HX,1,1 x NVIDIA GeForce RTX 4070 Laptop GPU,9.1922,45.4722,31.70067596435547,machine,6.996296296296297,17.814814814814813,52.17037037037037,16.53564990008319,N,1.0,0.0
2026-05-03T11:55:53,Q478_llama3.2_SQuAD,a4ae1f1c-7e1f-4b9f-84a9-75b8c50ee97f,5b0fa12a-3dd7-45bb-9766-cc326314d9f1,6.202070300001651,3.091736147699268e-05,4.985006615772229e-06,12.883894952960002,24.0868650215918,20.0,2.038416850735602e-05,4.145947761202695e-05,3.1641926111317135e-05,9.348557223070012e-05,0.0,Italy,ITA,lombardy,,,Windows-11-10.0.26200-SP0,3.13.13,3.2.6,32,13th Gen Intel(R) Core(TM) i9-13900HX,1,1 x NVIDIA GeForce RTX 4070 Laptop GPU,9.1922,45.4722,31.70067596435547,machine,0.0,4.0,36.7,11.62740707397461,N,1.0,0.0
2026-05-03T11:56:16,Q478_llama3.1_SQuAD,b7d50384-b432-49d6-a0b5-6b51aa2aa83e,5b0fa12a-3dd7-45bb-9766-cc326314d9f1,7.22033320000628,4.304598677538305e-05,5.96177289648428e-06,12.8596090688,34.324708917089424,20.0,2.3999156479026648e-05,6.883616618003074e-05,3.73238666665404e-05,0.0001301591893255,0.0,Italy,ITA,lombardy,,,Windows-11-10.0.26200-SP0,3.13.13,3.2.6,32,13th Gen Intel(R) Core(TM) i9-13900HX,1,1 x NVIDIA GeForce RTX 4070 Laptop GPU,9.1922,45.4722,31.70067596435547,machine,0.0,14.4,24.880000000000003,7.888394927978515,N,1.0,0.0
2026-05-03T11:56:49,Q478_gemma2:27b_SQuAD,f3f2d8e1-26ba-45c0-8409-39fe9ead527a,5b0fa12a-3dd7-45bb-9766-cc326314d9f1,18.18357759999344,0.0001028056428333,5.653763252473457e-06,13.472480199680003,31.99015910266835,20.0,6.261671889242278e-05,0.000152815122252,9.542406277776336e-05,0.0003108559039222,0.0,Italy,ITA,lombardy,,,Windows-11-10.0.26200-SP0,3.13.13,3.2.6,32,13th Gen Intel(R) Core(TM) i9-13900HX,1,1 x NVIDIA GeForce RTX 4070 Laptop GPU,9.1922,45.4722,31.70067596435547,machine,0.0,16.4375,49.44375,15.669381380081177,N,1.0,0.0
2026-05-03T11:57:32,Q479_llama3.2_GSM8K,1b67e650-7b74-4800-8b4b-79daa998d738,5b0fa12a-3dd7-45bb-9766-cc326314d9f1,7.37924809998367,4.379563328372489e-05,5.934972329202729e-06,12.869129177600003,33.97632083788098,20.0,2.458402008208577e-05,6.96367223759764e-05,3.8205171110975145e-05,0.000132425913569,0.0,Italy,ITA,lombardy,,,Windows-11-10.0.26200-SP0,3.13.13,3.2.6,32,13th Gen Intel(R) Core(TM) i9-13900HX,1,1 x NVIDIA GeForce RTX 4070 Laptop GPU,9.1922,45.4722,31.70067596435547,machine,0.0,24.0,32.56,10.322109985351563,N,1.0,0.0
2026-05-03T11:57:57,Q479_llama3.1_GSM8K,db1caa9e-a4dc-409f-a34f-e75b90478d5d,5b0fa12a-3dd7-45bb-9766-cc326314d9f1,9.705350600008387,6.96082606230536e-05,7.172153123761799e-06,12.9013432704,46.90895387955744,20.0,3.29667601711806e-05,0.0001264045455679,5.1104872222317176e-05,0.0002104761779614,0.0,Italy,ITA,lombardy,,,Windows-11-10.0.26200-SP0,3.13.13,3.2.6,32,13th Gen Intel(R) Core(TM) i9-13900HX,1,1 x NVIDIA GeForce RTX 4070 Laptop GPU,9.1922,45.4722,31.70067596435547,machine,0.0,44.0,24.05,7.619798183441162,N,1.0,0.0
2026-05-03T11:58:57,Q479_gemma2:27b_GSM8K,c99122f4-2f75-45a0-b67d-b6959d83a702,5b0fa12a-3dd7-45bb-9766-cc326314d9f1,34.89387239998905,0.0001842156861213,5.279313342174451e-06,13.277024203200002,25.519899589983883,20.0,0.0001231459705107,0.000248412143174,0.0001854593033333,0.0005570174170181,0.0,Italy,ITA,lombardy,,,Windows-11-10.0.26200-SP0,3.13.13,3.2.6,32,13th Gen Intel(R) Core(TM) i9-13900HX,1,1 x NVIDIA GeForce RTX 4070 Laptop GPU,9.1922,45.4722,31.70067596435547,machine,0.0,20.60606060606061,52.09090909090909,16.517394094756156,N,1.0,0.0
2026-05-03T11:59:50,Q480_llama3.2_GSM8K,3d58b182-d20b-46b6-835c-c20ac390f929,5b0fa12a-3dd7-45bb-9766-cc326314d9f1,6.994906200037804,4.07242774642296e-05,5.821990502747487e-06,12.870913376,32.872854817405546,20.0,2.3211406969891365e-05,6.386060664403947e-05,3.6066967222399805e-05,0.0001231389808363,0.0,Italy,ITA,lombardy,,,Windows-11-10.0.26200-SP0,3.13.13,3.2.6,32,13th Gen Intel(R) Core(TM) i9-13900HX,1,1 x NVIDIA GeForce RTX 4070 Laptop GPU,9.1922,45.4722,31.70067596435547,machine,0.0,22.6,33.12,10.505531311035156,N,1.0,0.0
2026-05-03T12:00:37,Q480_llama3.1_GSM8K,fbd279ff-cfb2-4d71-abc2-534ae34e925e,5b0fa12a-3dd7-45bb-9766-cc326314d9f1,11.46079360001022,8.70907129340227e-05,7.599012422136721e-06,12.88054660736,51.29937964351548,20.0,3.9201175418116223e-05,0.0001632692972819,6.0867818333402586e-05,0.0002633382910335,0.0,Italy,ITA,lombardy,,,Windows-11-10.0.26200-SP0,3.13.13,3.2.6,32,13th Gen Intel(R) Core(TM) i9-13900HX,1,1 x NVIDIA GeForce RTX 4070 Laptop GPU,9.1922,45.4722,31.70067596435547,machine,0.0,57.888888888888886,24.044444444444444,7.620769500732422,N,1.0,0.0
2026-05-03T12:01:33,Q480_gemma2:27b_GSM8K,fafacf5d-ccbb-47dd-af7e-766fa015038c,5b0fa12a-3dd7-45bb-9766-cc326314d9f1,31.35017230000813,0.0001815931522298,5.792413212025189e-06,13.34543435384,30.43506264212892,20.0,0.0001123023306088,0.00026824604793,0.0001685392194443,0.0005490875979832,0.0,Italy,ITA,lombardy,,,Windows-11-10.0.26200-SP0,3.13.13,3.2.6,32,13th Gen Intel(R) Core(TM) i9-13900HX,1,1 x NVIDIA GeForce RTX 4070 Laptop GPU,9.1922,45.4722,31.70067596435547,machine,1.3793103448275863,16.862068965517242,51.665517241379305,16.386365430108434,N,1.0,0.0
2026-05-03T12:02:28,Q481_llama3.2_MMLU,4addde75-7ed0-421a-934b-fdc965cb6b20,5b0fa12a-3dd7-45bb-9766-cc326314d9f1,8.018246899999212,5.097058381607267e-05,6.356823935675724e-06,12.880770143085716,38.37818451062672,20.0,2.6893384650396263e-05,8.547117948803917e-05,4.1756420555692686e-05,0.0001541209846941,0.0,Italy,ITA,lombardy,,,Windows-11-10.0.26200-SP0,3.13.13,3.2.6,32,13th Gen Intel(R) Core(TM) i9-13900HX,1,1 x NVIDIA GeForce RTX 4070 Laptop GPU,9.1922,45.4722,31.70067596435547,machine,0.0,35.333333333333336,32.016666666666666,10.152809143066406,N,1.0,0.0
2026-05-03T12:02:50,Q481_llama3.1_MMLU,d35e2d2a-b186-468e-997f-51181032fceb,5b0fa12a-3dd7-45bb-9766-cc326314d9f1,6.71511129999999,3.723096491057693e-05,5.5443555955024885e-06,12.891560806400005,29.926523617834725,20.0,2.2247298799426688e-05,5.5815322430041725e-05,3.451354611121739e-05,0.0001125761673406,0.0,Italy,ITA,lombardy,,,Windows-11-10.0.26200-SP0,3.13.13,3.2.6,32,13th Gen Intel(R) Core(TM) i9-13900HX,1,1 x NVIDIA GeForce RTX 4070 Laptop GPU,9.1922,45.4722,31.70067596435547,machine,11.42,9.0,24.08,7.636751556396485,N,1.0,0.0
2026-05-03T12:03:31,Q481_gemma2:27b_MMLU,ab06d0f4-e33f-4c16-8574-9954b09551d9,5b0fa12a-3dd7-45bb-9766-cc326314d9f1,26.333067700034007,0.0001499119074556,5.69291467152048e-06,13.512403943796365,28.75878160703691,20.0,9.404606856479104e-05,0.0002185276748219,0.0001407185100002,0.000453292253387,0.0,Italy,ITA,lombardy,,,Windows-11-10.0.26200-SP0,3.13.13,3.2.6,32,13th Gen Intel(R) Core(TM) i9-13900HX,1,1 x NVIDIA GeForce RTX 4070 Laptop GPU,9.1922,45.4722,31.70067596435547,machine,11.804166666666667,14.583333333333334,51.12083333333334,16.206847349802654,N,1.0,0.0
2026-05-03T12:04:25,Q482_llama3.2_MMLU,4fe4c8ea-19c6-41dc-949c-b4a0d0691580,5b0fa12a-3dd7-45bb-9766-cc326314d9f1,7.950476200028788,5.273138116397164e-05,6.632480852377207e-06,12.844607875657143,41.43024888757251,20.0,2.6576469171273142e-05,9.14886843020324e-05,4.137999666660713e-05,0.0001594451501399,0.0,Italy,ITA,lombardy,,,Windows-11-10.0.26200-SP0,3.13.13,3.2.6,32,13th Gen Intel(R) Core(TM) i9-13900HX,1,1 x NVIDIA GeForce RTX 4070 Laptop GPU,9.1922,45.4722,31.70067596435547,machine,0.0,35.0,31.78333333333333,10.081179936726889,N,1.0,0.0
2026-05-03T12:04:47,Q482_llama3.1_MMLU,425f09ae-dcb7-467e-b0ae-72b518e7f9a7,5b0fa12a-3dd7-45bb-9766-cc326314d9f1,6.816119399969466,3.593222900667482e-05,5.2716548666732246e-06,12.870486310400002,26.93732484810393,20.0,2.257411188372901e-05,5.099726301999175e-05,3.5077773333371925e-05,0.000108649148237,0.0,Italy,ITA,lombardy,,,Windows-11-10.0.26200-SP0,3.13.13,3.2.6,32,13th Gen Intel(R) Core(TM) i9-13900HX,1,1 x NVIDIA GeForce RTX 4070 Laptop GPU,9.1922,45.4722,31.70067596435547,machine,0.0,9.2,24.16,7.662637329101562,N,1.0,0.0
2026-05-03T12:05:55,Q482_gemma2:27b_MMLU,045a0c0e-205f-42d0-a805-5d6e09b7daa8,5b0fa12a-3dd7-45bb-9766-cc326314d9f1,53.22322859999258,0.0002828297787048,5.314028970894359e-06,13.59479951432,25.116797434871067,20.0,0.0001928954698033,0.000377802524464,0.0002845012350001,0.0008551992292675,0.0,Italy,ITA,lombardy,,,Windows-11-10.0.26200-SP0,3.13.13,3.2.6,32,13th Gen Intel(R) Core(TM) i9-13900HX,1,1 x NVIDIA GeForce RTX 4070 Laptop GPU,9.1922,45.4722,31.70067596435547,machine,3.5294117647058822,19.686274509803923,53.19803921568627,16.871434230430452,N,1.0,0.0
2026-05-03T12:07:02,Q483_llama3.2_MMLU,dd89c004-2ebc-4575-b013-acf283ab2bfc,5b0fa12a-3dd7-45bb-9766-cc326314d9f1,11.001768900023308,8.387188604739588e-05,7.6234909867283425e-06,12.84937969664,51.6370716397838,20.0,3.747792746147895e-05,0.000157794848458,5.8332670555682856e-05,0.0002536054464752,0.0,Italy,ITA,lombardy,,,Windows-11-10.0.26200-SP0,3.13.13,3.2.6,32,13th Gen Intel(R) Core(TM) i9-13900HX,1,1 x NVIDIA GeForce RTX 4070 Laptop GPU,9.1922,45.4722,31.70067596435547,machine,0.0,55.0,29.72222222222222,9.432351006401907,N,1.0,0.0
2026-05-03T12:07:34,Q483_llama3.1_MMLU,c1bb036b-1fff-4b94-a16d-058985333174,5b0fa12a-3dd7-45bb-9766-cc326314d9f1,6.743429999973159,3.724785498157036e-05,5.523577019664862e-06,12.868915884800002,29.728970452405044,20.0,2.2302347057348844e-05,5.566504453197174e-05,3.4659846666747604e-05,0.000112627238256,0.0,Italy,ITA,lombardy,,,Windows-11-10.0.26200-SP0,3.13.13,3.2.6,32,13th Gen Intel(R) Core(TM) i9-13900HX,1,1 x NVIDIA GeForce RTX 4070 Laptop GPU,9.1922,45.4722,31.70067596435547,machine,0.0,16.2,24.6,7.790274047851563,N,1.0,0.0
2026-05-03T12:09:12,Q483_gemma2:27b_MMLU,53443e37-b1ab-4938-a9ac-f60378cc8b7f,5b0fa12a-3dd7-45bb-9766-cc326314d9f1,83.1816708999686,0.0004323534462937,5.197700907135271e-06,13.633346047840002,24.022704830934128,20.0,0.0003037226579529,0.000558334057778,0.0004452608366665,0.0013073175523974,0.0,Italy,ITA,lombardy,,,Windows-11-10.0.26200-SP0,3.13.13,3.2.6,32,13th Gen Intel(R) Core(TM) i9-13900HX,1,1 x NVIDIA GeForce RTX 4070 Laptop GPU,9.1922,45.4722,31.70067596435547,machine,0.0,26.40740740740741,54.10617283950618,17.143457389172212,N,1.0,0.0
2026-05-03T12:10:24,Q484_llama3.2_SQuAD,3c5909a9-b0ed-4004-865a-07be544a0070,5b0fa12a-3dd7-45bb-9766-cc326314d9f1,6.424893699993845,3.740883325346792e-05,5.822482830105618e-06,12.882812349440002,33.08044122042567,20.0,2.1192086035363217e-05,5.902310277400291e-05,3.289880333338968e-05,0.0001131139921427,0.0,Italy,ITA,lombardy,,,Windows-11-10.0.26200-SP0,3.13.13,3.2.6,32,13th Gen Intel(R) Core(TM) i9-13900HX,1,1 x NVIDIA GeForce RTX 4070 Laptop GPU,9.1922,45.4722,31.70067596435547,machine,0.0,8.75,35.95,11.404352188110352,N,1.0,0.0
2026-05-03T12:10:47,Q484_llama3.1_SQuAD,e166318c-9242-4a7a-b650-bcfcd89d2955,5b0fa12a-3dd7-45bb-9766-cc326314d9f1,7.351944599999115,4.465984724409805e-05,6.074562537386833e-06,12.863666624000002,35.51087921269351,20.0,2.4474957395324413e-05,7.251228023202883e-05,3.805182055544315e-05,0.0001350390581827,0.0,Italy,ITA,lombardy,,,Windows-11-10.0.26200-SP0,3.13.13,3.2.6,32,13th Gen Intel(R) Core(TM) i9-13900HX,1,1 x NVIDIA GeForce RTX 4070 Laptop GPU,9.1922,45.4722,31.70067596435547,machine,0.0,26.2,24.64,7.811913299560547,N,1.0,0.0
2026-05-03T12:11:22,Q484_gemma2:27b_SQuAD,7b96f212-abbb-4151-a852-bd3e380ec285,5b0fa12a-3dd7-45bb-9766-cc326314d9f1,19.5805943000014,0.0001166398937057,5.956912845375311e-06,13.26861712448,31.20832042871216,20.0,6.724200143607614e-05,0.000182253201358,0.0001031916594443,0.0003526868622384,0.0,Italy,ITA,lombardy,,,Windows-11-10.0.26200-SP0,3.13.13,3.2.6,32,13th Gen Intel(R) Core(TM) i9-13900HX,1,1 x NVIDIA GeForce RTX 4070 Laptop GPU,9.1922,45.4722,31.70067596435547,machine,0.0,17.941176470588236,49.8235294117647,15.79376086066751,N,1.0,0.0
2026-05-03T12:12:03,Q485_llama3.2_HellaSwag,b2c83b73-dc12-49fd-b098-2e057a53ee54,5b0fa12a-3dd7-45bb-9766-cc326314d9f1,6.2370726999943145,3.403597762284351e-05,5.457043594004369e-06,12.889207516160004,29.163487178501,20.0,2.0533606736166603e-05,5.052115152803793e-05,3.1860648888848825e-05,0.000102915407153,0.0,Italy,ITA,lombardy,,,Windows-11-10.0.26200-SP0,3.13.13,3.2.6,32,13th Gen Intel(R) Core(TM) i9-13900HX,1,1 x NVIDIA GeForce RTX 4070 Laptop GPU,9.1922,45.4722,31.70067596435547,machine,0.0,5.5,36.2,11.474087715148926,N,1.0,0.0
2026-05-03T12:12:36,Q485_llama3.1_HellaSwag,91157a81-13aa-4a7a-a387-480e3a41a06e,5b0fa12a-3dd7-45bb-9766-cc326314d9f1,7.111205300025176,3.985759160739811e-05,5.604899581124032e-06,12.8692833152,30.475408784859,20.0,2.362309596500604e-05,6.018365925797298e-05,3.671160666660096e-05,0.0001205183618895,0.0,Italy,ITA,lombardy,,,Windows-11-10.0.26200-SP0,3.13.13,3.2.6,32,13th Gen Intel(R) Core(TM) i9-13900HX,1,1 x NVIDIA GeForce RTX 4070 Laptop GPU,9.1922,45.4722,31.70067596435547,machine,0.0,28.8,24.52,7.774407196044922,N,1.0,0.0
2026-05-03T12:13:09,Q485_gemma2:27b_HellaSwag,cc9646ee-1335-4ee4-a662-bc1396c02e8a,5b0fa12a-3dd7-45bb-9766-cc326314d9f1,17.987322199973278,0.0001039311495096,5.778022340078402e-06,13.27758173696,29.07031397259096,20.0,6.153158225249363e-05,0.0001583867933759,9.434075000010328e-05,0.0003142591256285,0.0,Italy,ITA,lombardy,,,Windows-11-10.0.26200-SP0,3.13.13,3.2.6,32,13th Gen Intel(R) Core(TM) i9-13900HX,1,1 x NVIDIA GeForce RTX 4070 Laptop GPU,9.1922,45.4722,31.70067596435547,machine,6.25,5.1875,49.69375,15.74834966659546,N,1.0,0.0
2026-05-03T12:13:41,Q486_llama3.2_MMLU,b6e8e907-7b3a-4f67-8862-fcec217182ec,5b0fa12a-3dd7-45bb-9766-cc326314d9f1,6.480108399991877,3.475361623893631e-05,5.363122666123898e-06,12.863700162560002,28.06749291349828,20.0,2.13602873919639e-05,5.051587374593769e-05,3.320918722214022e-05,0.00010508534836,0.0,Italy,ITA,lombardy,,,Windows-11-10.0.26200-SP0,3.13.13,3.2.6,32,13th Gen Intel(R) Core(TM) i9-13900HX,1,1 x NVIDIA GeForce RTX 4070 Laptop GPU,9.1922,45.4722,31.70067596435547,machine,0.0,7.75,35.95,11.39689826965332,N,1.0,0.0
2026-05-03T12:14:23,Q486_llama3.1_MMLU,d2aa8e96-a2df-46e4-aed8-8453ed8021a8,5b0fa12a-3dd7-45bb-9766-cc326314d9f1,6.704822800005786,3.7249917104787886e-05,5.555690018348545e-06,12.871657721600002,30.074688447192795,20.0,2.21763820807104e-05,5.600060035604315e-05,3.4456491111066294e-05,0.0001126334735478,0.0,Italy,ITA,lombardy,,,Windows-11-10.0.26200-SP0,3.13.13,3.2.6,32,13th Gen Intel(R) Core(TM) i9-13900HX,1,1 x NVIDIA GeForce RTX 4070 Laptop GPU,9.1922,45.4722,31.70067596435547,machine,0.0,10.8,24.66,7.81408462524414,N,1.0,0.0
2026-05-03T12:14:54,Q486_gemma2:27b_MMLU,93008b61-4443-4068-af45-f6c342586711,5b0fa12a-3dd7-45bb-9766-cc326314d9f1,16.555383700004313,0.0001212728217281,7.3252800373427395e-06,6.4535930521600005,14.304325002551218,20.0,5.740317245112472e-05,0.0001312184383079,0.0001780739477777,0.0003666955585368,0.0,Italy,ITA,lombardy,,,Windows-11-10.0.26200-SP0,3.13.13,3.2.6,32,13th Gen Intel(R) Core(TM) i9-13900HX,1,1 x NVIDIA GeForce RTX 4070 Laptop GPU,9.1922,45.4722,31.70067596435547,machine,0.0,16.071428571428573,49.0,15.53538649422782,N,1.0,0.0
2026-05-03T12:15:26,Q487_llama3.2_SQuAD,504ebd73-c9b8-4783-8d49-c939e7aebee4,5b0fa12a-3dd7-45bb-9766-cc326314d9f1,6.255304999998771,3.486571868321666e-05,5.57378396148925e-06,12.91067902208,30.40819897629357,20.0,2.063238185102361e-05,5.283115337600952e-05,3.196077999988726e-05,0.0001054243152269,0.0,Italy,ITA,lombardy,,,Windows-11-10.0.26200-SP0,3.13.13,3.2.6,32,13th Gen Intel(R) Core(TM) i9-13900HX,1,1 x NVIDIA GeForce RTX 4070 Laptop GPU,9.1922,45.4722,31.70067596435547,machine,20.0,5.75,35.15,11.140212059020996,N,1.0,0.0
2026-05-03T12:15:48,Q487_llama3.1_SQuAD,965b2b76-f16a-470f-af89-366d30c9102e,5b0fa12a-3dd7-45bb-9766-cc326314d9f1,7.060012000030838,3.812134114516776e-05,5.399614213828708e-06,12.8645703296,28.25139890906297,20.0,2.343591235807021e-05,5.539837765200506e-05,3.643412944446835e-05,0.0001152684194545,0.0,Italy,ITA,lombardy,,,Windows-11-10.0.26200-SP0,3.13.13,3.2.6,32,13th Gen Intel(R) Core(TM) i9-13900HX,1,1 x NVIDIA GeForce RTX 4070 Laptop GPU,9.1922,45.4722,31.70067596435547,machine,0.0,8.8,24.78,7.852880096435546,N,1.0,0.0
2026-05-03T12:16:23,Q487_gemma2:27b_SQuAD,d010dff9-a814-4e82-94ff-c0f4258f9c5b,5b0fa12a-3dd7-45bb-9766-cc326314d9f1,19.404665799986105,0.0001188323026692,6.123903595874386e-06,13.430297649920002,32.839632378090315,20.0,6.67142753763441e-05,0.000190405985658,0.0001021958411108,0.0003593161021452,0.0,Italy,ITA,lombardy,,,Windows-11-10.0.26200-SP0,3.13.13,3.2.6,32,13th Gen Intel(R) Core(TM) i9-13900HX,1,1 x NVIDIA GeForce RTX 4070 Laptop GPU,9.1922,45.4722,31.70067596435547,machine,5.882352941176471,14.882352941176473,50.07647058823529,15.87814016903148,N,1.0,0.0
2026-05-03T12:17:08,Q488_llama3.2_HumanEval,c2c7e7a2-d553-4688-abd9-a9d8a2319c89,5b0fa12a-3dd7-45bb-9766-cc326314d9f1,9.318510800017975,6.503340927752719e-05,6.9789487476262565e-06,12.8778876992,44.8654466893416,20.0,3.1538904947142736e-05,0.00011612370401,4.8980480555716594e-05,0.0001966430895128,0.0,Italy,ITA,lombardy,,,Windows-11-10.0.26200-SP0,3.13.13,3.2.6,32,13th Gen Intel(R) Core(TM) i9-13900HX,1,1 x NVIDIA GeForce RTX 4070 Laptop GPU,9.1922,45.4722,31.70067596435547,machine,0.0,44.42857142857143,31.3,9.923797607421877,N,1.0,0.0
2026-05-03T12:17:44,Q488_llama3.1_HumanEval,7a686978-f836-49f2-87ea-25ab8c07cfbc,5b0fa12a-3dd7-45bb-9766-cc326314d9f1,11.02803559997119,7.972988352895826e-05,7.2297448449628275e-06,12.86280579584,47.33814310592795,20.0,3.760785747503061e-05,0.0001449987271099,5.847458888893016e-05,0.0002410811734739,0.0,Italy,ITA,lombardy,,,Windows-11-10.0.26200-SP0,3.13.13,3.2.6,32,13th Gen Intel(R) Core(TM) i9-13900HX,1,1 x NVIDIA GeForce RTX 4070 Laptop GPU,9.1922,45.4722,31.70067596435547,machine,0.0,48.888888888888886,24.58888888888889,7.796006096733941,N,1.0,0.0
2026-05-03T12:18:43,Q488_gemma2:27b_HumanEval,a027888c-b8f5-4aee-9e57-7db43595cd59,5b0fa12a-3dd7-45bb-9766-cc326314d9f1,33.45699459995376,0.0001751503185442,5.235088227097076e-06,13.7074089128,24.65972140099629,20.0,0.0001207502466904,0.0002313826851059,0.0001774733144443,0.0005296062462408,0.0,Italy,ITA,lombardy,,,Windows-11-10.0.26200-SP0,3.13.13,3.2.6,32,13th Gen Intel(R) Core(TM) i9-13900HX,1,1 x NVIDIA GeForce RTX 4070 Laptop GPU,9.1922,45.4722,31.70067596435547,machine,7.790322580645161,10.580645161290322,52.774193548387096,16.731488135553175,N,1.0,0.0
2026-05-03T12:19:39,Q489_llama3.2_HumanEval,346909d4-1366-462b-99d8-7a2a041a9443,5b0fa12a-3dd7-45bb-9766-cc326314d9f1,9.912706000031903,7.340597821095354e-05,7.405241133018299e-06,12.864778816000005,49.412618584440416,20.0,3.363017780203169e-05,0.000136048442172,5.22808083333075e-05,0.0002219594283073,0.0,Italy,ITA,lombardy,,,Windows-11-10.0.26200-SP0,3.13.13,3.2.6,32,13th Gen Intel(R) Core(TM) i9-13900HX,1,1 x NVIDIA GeForce RTX 4070 Laptop GPU,9.1922,45.4722,31.70067596435547,machine,0.0,50.125,30.5,9.673168182373049,N,1.0,0.0
2026-05-03T12:20:20,Q489_llama3.1_HumanEval,13b3a433-2d70-4ee1-81d7-1312bb611085,5b0fa12a-3dd7-45bb-9766-cc326314d9f1,15.905433299951255,0.0001352794507727,8.50523517477463e-06,12.864402967040002,60.76265624101278,20.0,5.5038994473406345e-05,0.000268442159198,8.556658722195102e-05,0.0004090477408933,0.0,Italy,ITA,lombardy,,,Windows-11-10.0.26200-SP0,3.13.13,3.2.6,32,13th Gen Intel(R) Core(TM) i9-13900HX,1,1 x NVIDIA GeForce RTX 4070 Laptop GPU,9.1922,45.4722,31.70067596435547,machine,9.521428571428572,65.64285714285714,24.87142857142857,7.876387187412807,N,1.0,0.0
2026-05-03T12:22:14,Q489_gemma2:27b_HumanEval,9e56453c-4297-49e0-aab2-d0a719e6ee24,5b0fa12a-3dd7-45bb-9766-cc326314d9f1,78.39047119999304,0.0003974872869185,5.070607190310851e-06,13.649851214000002,22.68522084830815,20.0,0.0002872483867733,0.000495944285644,0.000418699232222,0.0012018919046394,0.0,Italy,ITA,lombardy,,,Windows-11-10.0.26200-SP0,3.13.13,3.2.6,32,13th Gen Intel(R) Core(TM) i9-13900HX,1,1 x NVIDIA GeForce RTX 4070 Laptop GPU,9.1922,45.4722,31.70067596435547,machine,2.631578947368421,19.723684210526315,54.51447368421053,17.285026449906198,N,1.0,0.0
2026-05-03T12:23:28,Q490_llama3.2_HellaSwag,4fb28ce0-30e6-4cdd-a248-631c60045bc0,5b0fa12a-3dd7-45bb-9766-cc326314d9f1,7.266372099984437,4.5259870403824673e-05,6.228675022563407e-06,12.881033696,37.199194934327046,20.0,2.4202287636031305e-05,7.507394894801234e-05,3.7577126111136754e-05,0.0001368533626951,0.0,Italy,ITA,lombardy,,,Windows-11-10.0.26200-SP0,3.13.13,3.2.6,32,13th Gen Intel(R) Core(TM) i9-13900HX,1,1 x NVIDIA GeForce RTX 4070 Laptop GPU,9.1922,45.4722,31.70067596435547,machine,0.0,23.4,34.6,10.959975433349609,N,1.0,0.0
2026-05-03T12:24:01,Q490_llama3.1_HellaSwag,8ccccc7e-908e-4428-b08d-6f61154c7b7b,5b0fa12a-3dd7-45bb-9766-cc326314d9f1,8.19787340000039,4.908248565100401e-05,5.987221716671262e-06,12.866591327085716,34.32363331834187,20.0,2.750527361658708e-05,7.815284030004976e-05,4.275378277784007e-05,0.0001484118966944,0.0,Italy,ITA,lombardy,,,Windows-11-10.0.26200-SP0,3.13.13,3.2.6,32,13th Gen Intel(R) Core(TM) i9-13900HX,1,1 x NVIDIA GeForce RTX 4070 Laptop GPU,9.1922,45.4722,31.70067596435547,machine,0.0,40.66666666666666,25.066666666666663,7.947151184082031,N,1.0,0.0
2026-05-03T12:24:36,Q490_gemma2:27b_HellaSwag,2cd96d86-6ecf-4e14-b072-9f89ab80ccf9,5b0fa12a-3dd7-45bb-9766-cc326314d9f1,19.73224849998951,0.0001187867358961,6.019929046413962e-06,13.351181492480002,33.45528077332396,20.0,6.80356233354356e-05,0.00018710014968,0.0001040425477779,0.0003591783207933,0.0,Italy,ITA,lombardy,,,Windows-11-10.0.26200-SP0,3.13.13,3.2.6,32,13th Gen Intel(R) Core(TM) i9-13900HX,1,1 x NVIDIA GeForce RTX 4070 Laptop GPU,9.1922,45.4722,31.70067596435547,machine,2.7777777777777777,11.22222222222222,50.70555555555556,16.075525919596355,N,1.0,0.0
2026-05-03T12:25:20,Q491_llama3.2_MMLU,40018e6d-908f-46e8-b8d2-3d5275dd21a1,5b0fa12a-3dd7-45bb-9766-cc326314d9f1,8.232550999964587,5.574601115774511e-05,6.771414007393929e-06,12.876063877485716,42.84110587982679,20.0,2.7650476254172168e-05,9.796230059200273e-05,4.294778277787069e-05,0.000168560559624,0.0,Italy,ITA,lombardy,,,Windows-11-10.0.26200-SP0,3.13.13,3.2.6,32,13th Gen Intel(R) Core(TM) i9-13900HX,1,1 x NVIDIA GeForce RTX 4070 Laptop GPU,9.1922,45.4722,31.70067596435547,machine,0.0,35.166666666666664,32.65,10.348230997721354,N,1.0,0.0
2026-05-03T12:25:41,Q491_llama3.1_MMLU,bd6338db-ac54-4fdc-b047-17bfde679824,5b0fa12a-3dd7-45bb-9766-cc326314d9f1,6.731775299995206,3.832611779513775e-05,5.693315074727025e-06,12.863226944,31.56654921540757,20.0,2.2259312560772428e-05,5.902004721597409e-05,3.460824777753765e-05,0.0001158876075542,0.0,Italy,ITA,lombardy,,,Windows-11-10.0.26200-SP0,3.13.13,3.2.6,32,13th Gen Intel(R) Core(TM) i9-13900HX,1,1 x NVIDIA GeForce RTX 4070 Laptop GPU,9.1922,45.4722,31.70067596435547,machine,0.0,9.4,25.18,7.976611328125,N,1.0,0.0
2026-05-03T12:26:31,Q491_gemma2:27b_MMLU,1744c6b4-8a8d-4a0b-b67f-e622c2524c9a,5b0fa12a-3dd7-45bb-9766-cc326314d9f1,34.24005819996819,0.0001771344183777,5.173309500330691e-06,13.594427931360002,22.45794217483508,20.0,0.0001228095686942,0.000230969351442,0.0001818266966664,0.0005356056168027,0.0,Italy,ITA,lombardy,,,Windows-11-10.0.26200-SP0,3.13.13,3.2.6,32,13th Gen Intel(R) Core(TM) i9-13900HX,1,1 x NVIDIA GeForce RTX 4070 Laptop GPU,9.1922,45.4722,31.70067596435547,machine,0.0,19.90625,53.090625,16.830158472061157,N,1.0,0.0
2026-05-03T12:27:27,Q492_llama3.2_HellaSwag,2024896d-ea7a-45c6-b16b-cd86315c04a0,5b0fa12a-3dd7-45bb-9766-cc326314d9f1,10.646780300012324,7.980070204401353e-05,7.495289636428504e-06,12.8782213184,50.34782435718078,20.0,3.625210679879868e-05,0.0001487445634399,5.629863888866061e-05,0.0002412953091274,0.0,Italy,ITA,lombardy,,,Windows-11-10.0.26200-SP0,3.13.13,3.2.6,32,13th Gen Intel(R) Core(TM) i9-13900HX,1,1 x NVIDIA GeForce RTX 4070 Laptop GPU,9.1922,45.4722,31.70067596435547,machine,0.0,54.55555555555556,30.04444444444444,9.522954728868273,N,1.0,0.0
2026-05-03T12:28:05,Q492_llama3.1_HellaSwag,0ab0c864-4a06-427e-bf64-0111ad3fad79,5b0fa12a-3dd7-45bb-9766-cc326314d9f1,12.114221299998462,9.49540252788952e-05,7.838227726523968e-06,12.85947669178182,53.83064413393551,20.0,4.147817848635344e-05,0.000181127367124,6.450923277750715e-05,0.0002871147783879,0.0,Italy,ITA,lombardy,,,Windows-11-10.0.26200-SP0,3.13.13,3.2.6,32,13th Gen Intel(R) Core(TM) i9-13900HX,1,1 x NVIDIA GeForce RTX 4070 Laptop GPU,9.1922,45.4722,31.70067596435547,machine,0.0,53.3,24.83,7.869660186767578,N,1.0,0.0
2026-05-03T12:29:02,Q492_gemma2:27b_HellaSwag,70ded1fd-a86f-421e-a88f-b6e4e4f50d61,5b0fa12a-3dd7-45bb-9766-cc326314d9f1,32.08674850000534,0.0001705343480465,5.314790560549846e-06,13.435670764,26.11132066737764,20.0,0.0001151094536048,0.000230684628992,0.0001698547422222,0.0005156488248192,0.0,Italy,ITA,lombardy,,,Windows-11-10.0.26200-SP0,3.13.13,3.2.6,32,13th Gen Intel(R) Core(TM) i9-13900HX,1,1 x NVIDIA GeForce RTX 4070 Laptop GPU,9.1922,45.4722,31.70067596435547,machine,0.0,15.766666666666667,52.43,16.624952697753905,N,1.0,0.0
2026-05-03T12:29:54,Q493_llama3.2_MMLU,1929eb0a-351a-4023-bee8-8987c885b840,5b0fa12a-3dd7-45bb-9766-cc326314d9f1,6.570726600009948,3.6896572089013085e-05,5.615295588307878e-06,12.8758365248,30.773634396073167,20.0,2.170215021494306e-05,5.615421158999823e-05,3.37086938890732e-05,0.000111565055694,0.0,Italy,ITA,lombardy,,,Windows-11-10.0.26200-SP0,3.13.13,3.2.6,32,13th Gen Intel(R) Core(TM) i9-13900HX,1,1 x NVIDIA GeForce RTX 4070 Laptop GPU,9.1922,45.4722,31.70067596435547,machine,0.0,23.2,33.92,10.751457214355469,N,1.0,0.0
2026-05-03T12:30:36,Q493_llama3.1_MMLU,87e23b32-a616-4789-9bd6-834c3c81fb85,5b0fa12a-3dd7-45bb-9766-cc326314d9f1,6.845568899996579,3.896399694745245e-05,5.691856661828635e-06,12.8724438272,31.50568526296717,20.0,2.2679271891202485e-05,5.990115903198312e-05,3.523594722209964e-05,0.0001178163781452,0.0,Italy,ITA,lombardy,,,Windows-11-10.0.26200-SP0,3.13.13,3.2.6,32,13th Gen Intel(R) Core(TM) i9-13900HX,1,1 x NVIDIA GeForce RTX 4070 Laptop GPU,9.1922,45.4722,31.70067596435547,machine,0.0,11.6,24.98,7.912960052490234,N,1.0,0.0
2026-05-03T12:31:08,Q493_gemma2:27b_MMLU,84f24191-4861-418b-bcc1-08584739c731,5b0fa12a-3dd7-45bb-9766-cc326314d9f1,16.939339500037022,0.0001408944507704,8.317588225333207e-06,13.24452153728,45.733660310241554,20.0,0.0001193879852449,0.0001264123233519,0.0001802256433332,0.0004260259519301,0.0,Italy,ITA,lombardy,,,Windows-11-10.0.26200-SP0,3.13.13,3.2.6,32,13th Gen Intel(R) Core(TM) i9-13900HX,1,1 x NVIDIA GeForce RTX 4070 Laptop GPU,9.1922,45.4722,31.70067596435547,machine,0.0,15.266666666666667,49.79333333333333,15.779954020182291,N,1.0,0.0
2026-05-03T12:31:42,Q494_llama3.2_GSM8K,9ed29ccb-73f1-48ec-81e8-743ce9532726,5b0fa12a-3dd7-45bb-9766-cc326314d9f1,7.692856599984225,4.620669937392368e-05,6.006442310911973e-06,12.874003048228571,34.70196999653329,20.0,2.569766802927617e-05,7.40983926120764e-05,3.9920251666788114e-05,0.0001397163123081,0.0,Italy,ITA,lombardy,,,Windows-11-10.0.26200-SP0,3.13.13,3.2.6,32,13th Gen Intel(R) Core(TM) i9-13900HX,1,1 x NVIDIA GeForce RTX 4070 Laptop GPU,9.1922,45.4722,31.70067596435547,machine,0.0,36.16666666666666,32.4,10.275363286336264,N,1.0,0.0
2026-05-03T12:32:26,Q494_llama3.1_GSM8K,4ea65cdf-107c-4e64-854f-b3a5945f242c,5b0fa12a-3dd7-45bb-9766-cc326314d9f1,9.564361599972472,6.456583590628056e-05,6.750668639134931e-06,12.881589785600005,42.32916427127768,20.0,3.24281738824288e-05,0.000112453978852,5.034712388878688e-05,0.0001952292766232,0.0,Italy,ITA,lombardy,,,Windows-11-10.0.26200-SP0,3.13.13,3.2.6,32,13th Gen Intel(R) Core(TM) i9-13900HX,1,1 x NVIDIA GeForce RTX 4070 Laptop GPU,9.1922,45.4722,31.70067596435547,machine,0.0,34.142857142857146,25.1125,7.964075565338135,N,1.0,0.0
2026-05-03T12:33:34,Q494_gemma2:27b_GSM8K,3ca97dc0-6951-4ae9-8db8-37d68e7d3cd2,5b0fa12a-3dd7-45bb-9766-cc326314d9f1,41.84629670000868,0.0002201094023479,5.259949379173451e-06,13.347980542560002,24.69331972182037,20.0,0.0001492460116952,0.0002921994004259,0.0002241047011109,0.0006655501132321,0.0,Italy,ITA,lombardy,,,Windows-11-10.0.26200-SP0,3.13.13,3.2.6,32,13th Gen Intel(R) Core(TM) i9-13900HX,1,1 x NVIDIA GeForce RTX 4070 Laptop GPU,9.1922,45.4722,31.70067596435547,machine,3.555,20.25,53.625,16.99459571838379,N,1.0,0.0
2026-05-03T12:34:40,Q495_llama3.2_GSM8K,0dc17117-e3d6-41e0-ac6c-afc7723d8c12,5b0fa12a-3dd7-45bb-9766-cc326314d9f1,10.42356089997338,7.760139388129881e-05,7.444806494246796e-06,12.8505376384,49.774499598594375,20.0,3.541697877032859e-05,0.000144107893064,5.51203361110917e-05,0.0002346452079454,0.0,Italy,ITA,lombardy,,,Windows-11-10.0.26200-SP0,3.13.13,3.2.6,32,13th Gen Intel(R) Core(TM) i9-13900HX,1,1 x NVIDIA GeForce RTX 4070 Laptop GPU,9.1922,45.4722,31.70067596435547,machine,0.0,44.75,31.0875,9.843804359436035,N,1.0,0.0
2026-05-03T12:35:17,Q495_llama3.1_GSM8K,dc627de1-6e85-4a56-83ed-f0157c7a267a,5b0fa12a-3dd7-45bb-9766-cc326314d9f1,11.679922000039369,8.67896979436271e-05,7.430674446570325e-06,12.87056849338182,49.4311276313267,20.0,3.9963692560031794e-05,0.000160364572736,6.20998394445956e-05,0.0002624281047406,0.0,Italy,ITA,lombardy,,,Windows-11-10.0.26200-SP0,3.13.13,3.2.6,32,13th Gen Intel(R) Core(TM) i9-13900HX,1,1 x NVIDIA GeForce RTX 4070 Laptop GPU,9.1922,45.4722,31.70067596435547,machine,0.0,52.3,25.05,7.937218856811524,N,1.0,0.0
2026-05-03T12:36:34,Q495_gemma2:27b_GSM8K,948807ae-ff2b-4060-8a51-9d4b4e6fe0d6,5b0fa12a-3dd7-45bb-9766-cc326314d9f1,51.900553000043146,0.0002748651431592,5.295996425298329e-06,13.538806362354288,25.04228120467761,20.0,0.0001878645750561,0.00036611695956,0.0002771348338887,0.0008311163685049,0.0,Italy,ITA,lombardy,,,Windows-11-10.0.26200-SP0,3.13.13,3.2.6,32,13th Gen Intel(R) Core(TM) i9-13900HX,1,1 x NVIDIA GeForce RTX 4070 Laptop GPU,9.1922,45.4722,31.70067596435547,machine,0.0,20.8,53.892,17.09069091796875,N,1.0,0.0
2026-05-03T12:37:40,Q496_llama3.2_GSM8K,da830a98-8bf8-4784-b607-30c02e670227,5b0fa12a-3dd7-45bb-9766-cc326314d9f1,9.873956499970518,7.137424575731063e-05,7.228535568039392e-06,12.859309875200005,47.50511300191518,20.0,3.347508006349979e-05,0.000130278993112,5.206195666655225e-05,0.000215816029842,0.0,Italy,ITA,lombardy,,,Windows-11-10.0.26200-SP0,3.13.13,3.2.6,32,13th Gen Intel(R) Core(TM) i9-13900HX,1,1 x NVIDIA GeForce RTX 4070 Laptop GPU,9.1922,45.4722,31.70067596435547,machine,0.0,51.625,30.8875,9.786922931671144,N,1.0,0.0
2026-05-03T12:38:16,Q496_llama3.1_GSM8K,249b1de7-6bc1-4fcb-b339-3473a469a13c,5b0fa12a-3dd7-45bb-9766-cc326314d9f1,10.72867690003477,7.72294700826943e-05,7.1984151263278335e-06,12.8702614016,47.03081615451104,20.0,3.65609519716767e-05,0.00014014594545,5.681371555579568e-05,0.0002335206129775,0.0,Italy,ITA,lombardy,,,Windows-11-10.0.26200-SP0,3.13.13,3.2.6,32,13th Gen Intel(R) Core(TM) i9-13900HX,1,1 x NVIDIA GeForce RTX 4070 Laptop GPU,9.1922,45.4722,31.70067596435547,machine,0.0,50.0,25.07777777777778,7.942926194932726,N,1.0,0.0
2026-05-03T12:39:21,Q496_gemma2:27b_GSM8K,4536e26d-a338-4638-aebb-09328ca87fdd,5b0fa12a-3dd7-45bb-9766-cc326314d9f1,40.2721360999858,0.0002183215139653,5.421155545941474e-06,13.579901236640003,25.76566795171496,20.0,0.0001457218926977,0.000299092183718,0.0002153299555551,0.0006601440319708,0.0,Italy,ITA,lombardy,,,Windows-11-10.0.26200-SP0,3.13.13,3.2.6,32,13th Gen Intel(R) Core(TM) i9-13900HX,1,1 x NVIDIA GeForce RTX 4070 Laptop GPU,9.1922,45.4722,31.70067596435547,machine,0.0,18.026315789473685,53.38157894736842,16.926512969167607,N,1.0,0.0
2026-05-03T12:40:28,Q497_llama3.2_HellaSwag,acd2e709-47cc-4c53-9fcc-8047a2fdb14b,5b0fa12a-3dd7-45bb-9766-cc326314d9f1,10.03165760001866,7.553964287891941e-05,7.53012571708776e-06,12.847320576,50.8106176874092,20.0,3.3990576797678615e-05,0.0001415067798719,5.2913685000061786e-05,0.0002284110416696,0.0,Italy,ITA,lombardy,,,Windows-11-10.0.26200-SP0,3.13.13,3.2.6,32,13th Gen Intel(R) Core(TM) i9-13900HX,1,1 x NVIDIA GeForce RTX 4070 Laptop GPU,9.1922,45.4722,31.70067596435547,machine,0.0,51.125,30.725,9.74457311630249,N,1.0,0.0
2026-05-03T12:41:12,Q497_llama3.1_HellaSwag,6cb52347-ba9e-4a05-b3b6-bd18d316a7d5,5b0fa12a-3dd7-45bb-9766-cc326314d9f1,9.498449100006836,6.80270239969781e-05,7.161908568518742e-06,12.91056932,46.79460882179771,20.0,3.22630275085255e-05,0.0001234537098739,4.997821722224924e-05,0.0002056949546047,0.0,Italy,ITA,lombardy,,,Windows-11-10.0.26200-SP0,3.13.13,3.2.6,32,13th Gen Intel(R) Core(TM) i9-13900HX,1,1 x NVIDIA GeForce RTX 4070 Laptop GPU,9.1922,45.4722,31.70067596435547,machine,0.0,34.142857142857146,25.014285714285712,7.931110382080078,N,1.0,0.0
2026-05-03T12:42:14,Q497_gemma2:27b_HellaSwag,f8db271d-50ae-4ea2-9f4f-6f5afc0940a0,5b0fa12a-3dd7-45bb-9766-cc326314d9f1,36.14212790003512,0.0001923224502462,5.321281878537611e-06,13.463212122720002,25.0386291960704,20.0,0.0001286679075741,0.0002604724306,0.0001923896972222,0.0005815300353964,0.0,Italy,ITA,lombardy,,,Windows-11-10.0.26200-SP0,3.13.13,3.2.6,32,13th Gen Intel(R) Core(TM) i9-13900HX,1,1 x NVIDIA GeForce RTX 4070 Laptop GPU,9.1922,45.4722,31.70067596435547,machine,0.9794117647058824,18.264705882352946,53.1,16.831675248987533,N,1.0,0.0
2026-05-03T12:43:07,Q498_llama3.2_MMLU,472f3c2b-4e58-4c1d-99f5-b86f76edefd3,5b0fa12a-3dd7-45bb-9766-cc326314d9f1,6.5787041000439785,3.8036211244106856e-05,5.781717898491982e-06,12.852547635200002,32.59176662060314,20.0,2.169697580920701e-05,5.9552269863982765e-05,3.3761764444514286e-05,0.0001150110101177,0.0,Italy,ITA,lombardy,,,Windows-11-10.0.26200-SP0,3.13.13,3.2.6,32,13th Gen Intel(R) Core(TM) i9-13900HX,1,1 x NVIDIA GeForce RTX 4070 Laptop GPU,9.1922,45.4722,31.70067596435547,machine,0.0,4.8,33.660000000000004,10.671360778808594,N,1.0,0.0
2026-05-03T12:43:39,Q498_llama3.1_MMLU,bfcccb80-8d24-40c2-b4b1-00b96e4272d9,5b0fa12a-3dd7-45bb-9766-cc326314d9f1,6.73523039999418,3.3350203191432475e-05,4.951605395928444e-06,12.868178528000003,23.488102937193144,20.0,2.227922152355545e-05,4.3936701815905366e-05,3.462589111101504e-05,0.0001008418144504,0.0,Italy,ITA,lombardy,,,Windows-11-10.0.26200-SP0,3.13.13,3.2.6,32,13th Gen Intel(R) Core(TM) i9-13900HX,1,1 x NVIDIA GeForce RTX 4070 Laptop GPU,9.1922,45.4722,31.70067596435547,machine,0.0,9.0,24.96,7.904873657226562,N,1.0,0.0
2026-05-03T12:44:11,Q498_gemma2:27b_MMLU,e912447e-bada-4864-9a52-3207279d9397,5b0fa12a-3dd7-45bb-9766-cc326314d9f1,16.964083300030325,0.0001492914614001,8.800443782298196e-06,13.172907276800002,36.40767269901448,20.0,0.0001188628917323,0.0001521462328279,0.0001804070711113,0.0004514161956716,0.0,Italy,ITA,lombardy,,,Windows-11-10.0.26200-SP0,3.13.13,3.2.6,32,13th Gen Intel(R) Core(TM) i9-13900HX,1,1 x NVIDIA GeForce RTX 4070 Laptop GPU,9.1922,45.4722,31.70067596435547,machine,0.0,15.4,49.53333333333333,15.7043212890625,N,1.0,0.0
2026-05-03T12:44:43,Q499_llama3.2_MMLU,35051d93-acf9-4771-916f-80604a32bd3f,5b0fa12a-3dd7-45bb-9766-cc326314d9f1,6.763009499991313,3.621961393842801e-05,5.355546807745063e-06,12.843888281600002,27.89359858490312,20.0,2.233866240929561e-05,5.239559747205469e-05,3.47838611112416e-05,0.0001095181209925,0.0,Italy,ITA,lombardy,,,Windows-11-10.0.26200-SP0,3.13.13,3.2.6,32,13th Gen Intel(R) Core(TM) i9-13900HX,1,1 x NVIDIA GeForce RTX 4070 Laptop GPU,9.1922,45.4722,31.70067596435547,machine,0.0,26.2,34.2,10.833177947998047,N,1.0,0.0
2026-05-03T12:45:06,Q499_llama3.1_MMLU,914a3162-632e-4ec8-867f-e84bb7b7bfbf,5b0fa12a-3dd7-45bb-9766-cc326314d9f1,7.909597199992277,5.179766852965005e-05,6.548711295905261e-06,12.945876756114286,40.43673840656768,20.0,2.663689408469837e-05,8.883479328997135e-05,4.11501733333959e-05,0.000156621860708,0.0,Italy,ITA,lombardy,,,Windows-11-10.0.26200-SP0,3.13.13,3.2.6,32,13th Gen Intel(R) Core(TM) i9-13900HX,1,1 x NVIDIA GeForce RTX 4070 Laptop GPU,9.1922,45.4722,31.70067596435547,machine,0.0,24.33333333333333,25.383333333333336,8.041231155395508,N,1.0,0.0
2026-05-03T12:45:48,Q499_gemma2:27b_MMLU,7aeb4853-f367-4703-b1c5-de75824933d8,5b0fa12a-3dd7-45bb-9766-cc326314d9f1,27.080347300041467,0.0001558800186986,5.756204563093242e-06,13.33861822112,29.49651228901307,20.0,9.590174094203428e-05,0.0002305979622559,0.0001448384722222,0.0004713381754202,0.0,Italy,ITA,lombardy,,,Windows-11-10.0.26200-SP0,3.13.13,3.2.6,32,13th Gen Intel(R) Core(TM) i9-13900HX,1,1 x NVIDIA GeForce RTX 4070 Laptop GPU,9.1922,45.4722,31.70067596435547,machine,0.0,16.08,52.22,16.552326965332032,N,1.0,0.0
2026-05-03T12:46:43,Q500_llama3.2_HellaSwag,d76c41e2-661c-4128-a8d7-fc103e40266b,5b0fa12a-3dd7-45bb-9766-cc326314d9f1,9.34503260004567,6.437183515445758e-05,6.888347843125019e-06,12.8600418512,43.89103763924066,20.0,3.159009017165302e-05,0.000113924535584,4.9128046111177866e-05,0.0001946426718668,0.0,Italy,ITA,lombardy,,,Windows-11-10.0.26200-SP0,3.13.13,3.2.6,32,13th Gen Intel(R) Core(TM) i9-13900HX,1,1 x NVIDIA GeForce RTX 4070 Laptop GPU,9.1922,45.4722,31.70067596435547,machine,10.714285714285714,44.142857142857146,31.6,10.019318171909877,N,1.0,0.0
2026-05-03T12:47:06,Q500_llama3.1_HellaSwag,92403ddc-465e-4e10-ac4c-423533c1079d,5b0fa12a-3dd7-45bb-9766-cc326314d9f1,7.457554500026163,4.370825956120562e-05,5.860937330200172e-06,12.8632962176,33.15661662443434,20.0,2.485063126259951e-05,6.867394382797931e-05,3.863714444451034e-05,0.000132161719535,0.0,Italy,ITA,lombardy,,,Windows-11-10.0.26200-SP0,3.13.13,3.2.6,32,13th Gen Intel(R) Core(TM) i9-13900HX,1,1 x NVIDIA GeForce RTX 4070 Laptop GPU,9.1922,45.4722,31.70067596435547,machine,20.0,28.8,25.14,7.96659927368164,N,1.0,0.0
2026-05-03T12:47:59,Q500_gemma2:27b_HellaSwag,dbbbbf16-4d21-4c6a-8eb0-51d2462b1b4b,5b0fa12a-3dd7-45bb-9766-cc326314d9f1,37.85568629996851,0.00021008112298480575,5.549526201166257e-06,13.588851080800003,27.24242578655327,20.0,0.00013655451711956187,0.000296738848501954,0.00020193399722176969,0.0006352273628432856,0.0,Italy,ITA,lombardy,,,Windows-11-10.0.26200-SP0,3.13.13,3.2.6,32,13th Gen Intel(R) Core(TM) i9-13900HX,1,1 x NVIDIA GeForce RTX 4070 Laptop GPU,9.1922,45.4722,31.70067596435547,machine,0.0,21.47222222222222,53.42777777777778,16.942781024509006,N,1.0,0.0
