run,domanda,task,modello,temp_pre,temp_post,cooldown_ok
1,1,HellaSwag,llama3.2,44,47,in_attesa
1,1,HellaSwag,llama3.1,46,48,in_attesa
1,1,HellaSwag,gemma2:27b,47,52,in_attesa
1,1,HellaSwag,phi3:mini,47,51,in_attesa
1,1,HellaSwag,qwen2.5:7b,47,51,in_attesa
1,1,HellaSwag,mistral,47,50,in_attesa
1,1,HellaSwag,qwen2.5:14b,47,52,in_attesa
1,2,HumanEval,llama3.2,46,53,in_attesa
1,2,HumanEval,llama3.1,46,54,in_attesa
1,2,HumanEval,gemma2:27b,47,58,in_attesa
1,2,HumanEval,phi3:mini,47,51,in_attesa
1,2,HumanEval,qwen2.5:7b,47,58,in_attesa
1,2,HumanEval,mistral,47,52,in_attesa
1,2,HumanEval,qwen2.5:14b,47,58,in_attesa
1,3,GSM8K,llama3.2,47,52,in_attesa
1,3,GSM8K,llama3.1,47,54,in_attesa
1,3,GSM8K,gemma2:27b,47,59,in_attesa
1,3,GSM8K,phi3:mini,47,53,in_attesa
1,3,GSM8K,qwen2.5:7b,47,53,in_attesa
1,3,GSM8K,mistral,47,56,in_attesa
1,3,GSM8K,qwen2.5:14b,47,59,in_attesa
1,4,GSM8K,llama3.2,47,53,in_attesa
1,4,GSM8K,llama3.1,46,52,in_attesa
1,4,GSM8K,gemma2:27b,47,57,in_attesa
1,4,GSM8K,phi3:mini,47,53,in_attesa
1,4,GSM8K,qwen2.5:7b,47,52,in_attesa
1,4,GSM8K,mistral,47,52,in_attesa
1,4,GSM8K,qwen2.5:14b,47,58,in_attesa
1,5,GSM8K,llama3.2,46,49,in_attesa
1,5,GSM8K,llama3.1,47,54,in_attesa
1,5,GSM8K,gemma2:27b,47,58,in_attesa
1,5,GSM8K,phi3:mini,47,54,in_attesa
1,5,GSM8K,qwen2.5:7b,46,56,in_attesa
1,5,GSM8K,mistral,46,53,in_attesa
1,5,GSM8K,qwen2.5:14b,47,56,in_attesa
1,6,HumanEval,llama3.2,47,52,in_attesa
1,6,HumanEval,llama3.1,47,53,in_attesa
1,6,HumanEval,gemma2:27b,47,58,in_attesa
1,6,HumanEval,phi3:mini,47,53,in_attesa
1,6,HumanEval,qwen2.5:7b,46,53,in_attesa
1,6,HumanEval,mistral,47,52,in_attesa
1,6,HumanEval,qwen2.5:14b,47,59,in_attesa
1,7,HellaSwag,llama3.2,47,52,in_attesa
1,7,HellaSwag,llama3.1,47,51,in_attesa
1,7,HellaSwag,gemma2:27b,47,52,in_attesa
1,7,HellaSwag,phi3:mini,47,51,in_attesa
1,7,HellaSwag,qwen2.5:7b,47,50,in_attesa
1,7,HellaSwag,mistral,47,51,in_attesa
1,7,HellaSwag,qwen2.5:14b,47,50,in_attesa
1,8,HellaSwag,llama3.2,47,49,in_attesa
1,8,HellaSwag,llama3.1,47,50,in_attesa
1,8,HellaSwag,gemma2:27b,47,53,in_attesa
1,8,HellaSwag,phi3:mini,46,49,in_attesa
1,8,HellaSwag,qwen2.5:7b,47,50,in_attesa
1,8,HellaSwag,mistral,47,51,in_attesa
1,8,HellaSwag,qwen2.5:14b,46,50,in_attesa
1,9,GSM8K,llama3.2,47,51,in_attesa
1,9,GSM8K,llama3.1,46,53,in_attesa
1,9,GSM8K,gemma2:27b,46,56,in_attesa
1,9,GSM8K,phi3:mini,47,56,in_attesa
1,9,GSM8K,qwen2.5:7b,47,52,in_attesa
1,9,GSM8K,mistral,47,55,in_attesa
1,9,GSM8K,qwen2.5:14b,47,57,in_attesa
1,10,HumanEval,llama3.2,46,56,in_attesa
1,10,HumanEval,llama3.1,47,53,in_attesa
1,10,HumanEval,gemma2:27b,47,58,in_attesa
1,10,HumanEval,phi3:mini,47,52,in_attesa
1,10,HumanEval,qwen2.5:7b,47,52,in_attesa
1,10,HumanEval,mistral,47,52,in_attesa
1,10,HumanEval,qwen2.5:14b,46,58,in_attesa
1,11,GSM8K,llama3.2,47,50,in_attesa
1,11,GSM8K,llama3.1,47,57,in_attesa
1,11,GSM8K,gemma2:27b,47,56,in_attesa
1,11,GSM8K,phi3:mini,47,54,in_attesa
1,11,GSM8K,qwen2.5:7b,46,54,in_attesa
1,11,GSM8K,mistral,46,51,in_attesa
1,11,GSM8K,qwen2.5:14b,47,57,in_attesa
1,12,HumanEval,llama3.2,47,53,in_attesa
1,12,HumanEval,llama3.1,47,53,in_attesa
1,12,HumanEval,gemma2:27b,47,59,in_attesa
1,12,HumanEval,phi3:mini,47,51,in_attesa
1,12,HumanEval,qwen2.5:7b,47,53,in_attesa
1,12,HumanEval,mistral,47,53,in_attesa
1,12,HumanEval,qwen2.5:14b,47,61,in_attesa
1,13,HellaSwag,llama3.2,46,48,in_attesa
1,13,HellaSwag,llama3.1,47,49,in_attesa
1,13,HellaSwag,gemma2:27b,47,52,in_attesa
1,13,HellaSwag,phi3:mini,47,51,in_attesa
1,13,HellaSwag,qwen2.5:7b,47,49,in_attesa
1,13,HellaSwag,mistral,47,50,in_attesa
1,13,HellaSwag,qwen2.5:14b,47,51,in_attesa
1,14,HumanEval,llama3.2,46,51,in_attesa
1,14,HumanEval,llama3.1,46,53,in_attesa
1,14,HumanEval,gemma2:27b,47,58,in_attesa
1,14,HumanEval,phi3:mini,47,52,in_attesa
1,14,HumanEval,qwen2.5:7b,46,55,in_attesa
1,14,HumanEval,mistral,47,52,in_attesa
1,14,HumanEval,qwen2.5:14b,47,60,in_attesa
1,15,HumanEval,llama3.2,47,51,in_attesa
1,15,HumanEval,llama3.1,47,56,in_attesa
1,15,HumanEval,gemma2:27b,47,58,in_attesa
1,15,HumanEval,phi3:mini,47,52,in_attesa
1,15,HumanEval,qwen2.5:7b,47,51,in_attesa
1,15,HumanEval,mistral,46,51,in_attesa
1,15,HumanEval,qwen2.5:14b,47,59,in_attesa
1,16,HumanEval,llama3.2,47,52,in_attesa
1,16,HumanEval,llama3.1,47,53,in_attesa
1,16,HumanEval,gemma2:27b,47,57,in_attesa
1,16,HumanEval,phi3:mini,47,52,in_attesa
1,16,HumanEval,qwen2.5:7b,47,55,in_attesa
1,16,HumanEval,mistral,47,54,in_attesa
1,16,HumanEval,qwen2.5:14b,47,59,in_attesa
1,17,HumanEval,llama3.2,47,52,in_attesa
1,17,HumanEval,llama3.1,46,53,in_attesa
1,17,HumanEval,gemma2:27b,47,58,in_attesa
1,17,HumanEval,phi3:mini,47,51,in_attesa
1,17,HumanEval,qwen2.5:7b,47,54,in_attesa
1,17,HumanEval,mistral,47,55,in_attesa
1,17,HumanEval,qwen2.5:14b,47,61,in_attesa
1,18,GSM8K,llama3.2,47,50,in_attesa
1,18,GSM8K,llama3.1,47,51,in_attesa
1,18,GSM8K,gemma2:27b,46,56,in_attesa
1,18,GSM8K,phi3:mini,47,52,in_attesa
1,18,GSM8K,qwen2.5:7b,47,51,in_attesa
1,18,GSM8K,mistral,46,51,in_attesa
1,18,GSM8K,qwen2.5:14b,46,57,in_attesa
1,19,HellaSwag,llama3.2,47,49,in_attesa
1,19,HellaSwag,llama3.1,47,50,in_attesa
1,19,HellaSwag,gemma2:27b,47,53,in_attesa
1,19,HellaSwag,phi3:mini,47,50,in_attesa
1,19,HellaSwag,qwen2.5:7b,47,51,in_attesa
1,19,HellaSwag,mistral,47,51,in_attesa
1,19,HellaSwag,qwen2.5:14b,47,52,in_attesa
1,20,HellaSwag,llama3.2,47,50,in_attesa
1,20,HellaSwag,llama3.1,47,50,in_attesa
1,20,HellaSwag,gemma2:27b,47,53,in_attesa
1,20,HellaSwag,phi3:mini,47,52,in_attesa
1,20,HellaSwag,qwen2.5:7b,47,53,in_attesa
1,20,HellaSwag,mistral,47,50,in_attesa
1,20,HellaSwag,qwen2.5:14b,47,51,in_attesa
1,21,HumanEval,llama3.2,47,51,in_attesa
1,21,HumanEval,llama3.1,47,52,in_attesa
1,21,HumanEval,gemma2:27b,47,55,in_attesa
1,21,HumanEval,phi3:mini,47,51,in_attesa
1,21,HumanEval,qwen2.5:7b,47,51,in_attesa
1,21,HumanEval,mistral,47,53,in_attesa
1,21,HumanEval,qwen2.5:14b,47,56,in_attesa
1,22,GSM8K,llama3.2,47,51,in_attesa
1,22,GSM8K,llama3.1,47,62,in_attesa
1,22,GSM8K,gemma2:27b,47,60,in_attesa
1,22,GSM8K,phi3:mini,46,52,in_attesa
1,22,GSM8K,qwen2.5:7b,47,54,in_attesa
1,22,GSM8K,mistral,47,54,in_attesa
1,22,GSM8K,qwen2.5:14b,46,63,in_attesa
1,23,HumanEval,llama3.2,47,54,in_attesa
1,23,HumanEval,llama3.1,47,54,in_attesa
1,23,HumanEval,gemma2:27b,47,60,in_attesa
1,23,HumanEval,phi3:mini,47,57,in_attesa
1,23,HumanEval,qwen2.5:7b,47,54,in_attesa
1,23,HumanEval,mistral,47,57,in_attesa
1,23,HumanEval,qwen2.5:14b,47,59,in_attesa
1,24,HumanEval,llama3.2,46,50,in_attesa
1,24,HumanEval,llama3.1,47,53,in_attesa
1,24,HumanEval,gemma2:27b,47,57,in_attesa
1,24,HumanEval,phi3:mini,47,54,in_attesa
1,24,HumanEval,qwen2.5:7b,47,52,in_attesa
1,24,HumanEval,mistral,47,52,in_attesa
1,24,HumanEval,qwen2.5:14b,46,59,in_attesa
1,25,HellaSwag,llama3.2,46,48,in_attesa
1,25,HellaSwag,llama3.1,47,50,in_attesa
1,25,HellaSwag,gemma2:27b,47,53,in_attesa
1,25,HellaSwag,phi3:mini,47,48,in_attesa
1,25,HellaSwag,qwen2.5:7b,47,51,in_attesa
1,25,HellaSwag,mistral,47,55,in_attesa
1,25,HellaSwag,qwen2.5:14b,47,51,in_attesa
1,26,HellaSwag,llama3.2,47,50,in_attesa
1,26,HellaSwag,llama3.1,47,50,in_attesa
1,26,HellaSwag,gemma2:27b,47,52,in_attesa
1,26,HellaSwag,phi3:mini,47,51,in_attesa
1,26,HellaSwag,qwen2.5:7b,47,50,in_attesa
1,26,HellaSwag,mistral,47,51,in_attesa
1,26,HellaSwag,qwen2.5:14b,47,51,in_attesa
1,27,HumanEval,llama3.2,46,52,in_attesa
1,27,HumanEval,llama3.1,47,54,in_attesa
1,27,HumanEval,gemma2:27b,47,59,in_attesa
1,27,HumanEval,phi3:mini,47,52,in_attesa
1,27,HumanEval,qwen2.5:7b,47,54,in_attesa
1,27,HumanEval,mistral,47,52,in_attesa
1,27,HumanEval,qwen2.5:14b,47,60,in_attesa
1,28,HumanEval,llama3.2,47,51,in_attesa
1,28,HumanEval,llama3.1,47,56,in_attesa
1,28,HumanEval,gemma2:27b,46,56,in_attesa
1,28,HumanEval,phi3:mini,47,54,in_attesa
1,28,HumanEval,qwen2.5:7b,46,52,in_attesa
1,28,HumanEval,mistral,46,52,in_attesa
1,28,HumanEval,qwen2.5:14b,47,58,in_attesa
1,29,GSM8K,llama3.2,47,51,in_attesa
1,29,GSM8K,llama3.1,47,54,in_attesa
1,29,GSM8K,gemma2:27b,47,59,in_attesa
1,29,GSM8K,phi3:mini,47,54,in_attesa
1,29,GSM8K,qwen2.5:7b,46,53,in_attesa
1,29,GSM8K,mistral,47,57,in_attesa
1,29,GSM8K,qwen2.5:14b,47,61,in_attesa
1,30,GSM8K,llama3.2,47,52,in_attesa
1,30,GSM8K,llama3.1,47,54,in_attesa
1,30,GSM8K,gemma2:27b,47,59,in_attesa
1,30,GSM8K,phi3:mini,47,52,in_attesa
1,30,GSM8K,qwen2.5:7b,47,53,in_attesa
1,30,GSM8K,mistral,47,53,in_attesa
1,30,GSM8K,qwen2.5:14b,47,61,in_attesa
1,31,HumanEval,llama3.2,47,53,in_attesa
1,31,HumanEval,llama3.1,47,53,in_attesa
1,31,HumanEval,gemma2:27b,47,55,in_attesa
1,31,HumanEval,phi3:mini,47,53,in_attesa
1,31,HumanEval,qwen2.5:7b,47,54,in_attesa
1,31,HumanEval,mistral,47,53,in_attesa
1,31,HumanEval,qwen2.5:14b,47,61,in_attesa
1,32,HellaSwag,llama3.2,47,50,in_attesa
1,32,HellaSwag,llama3.1,47,49,in_attesa
1,32,HellaSwag,gemma2:27b,47,52,in_attesa
1,32,HellaSwag,phi3:mini,47,51,in_attesa
1,32,HellaSwag,qwen2.5:7b,47,49,in_attesa
1,32,HellaSwag,mistral,47,52,in_attesa
1,32,HellaSwag,qwen2.5:14b,47,51,in_attesa
1,33,HellaSwag,llama3.2,47,50,in_attesa
1,33,HellaSwag,llama3.1,47,52,in_attesa
1,33,HellaSwag,gemma2:27b,46,52,in_attesa
1,33,HellaSwag,phi3:mini,47,49,in_attesa
1,33,HellaSwag,qwen2.5:7b,47,49,in_attesa
1,33,HellaSwag,mistral,47,50,in_attesa
1,33,HellaSwag,qwen2.5:14b,47,51,in_attesa
1,34,GSM8K,llama3.2,47,52,in_attesa
1,34,GSM8K,llama3.1,47,53,in_attesa
1,34,GSM8K,gemma2:27b,47,59,in_attesa
1,34,GSM8K,phi3:mini,47,55,in_attesa
1,34,GSM8K,qwen2.5:7b,46,55,in_attesa
1,34,GSM8K,mistral,47,56,in_attesa
1,34,GSM8K,qwen2.5:14b,46,58,in_attesa
1,35,HumanEval,llama3.2,47,55,in_attesa
1,35,HumanEval,llama3.1,47,54,in_attesa
1,35,HumanEval,gemma2:27b,46,59,in_attesa
1,35,HumanEval,phi3:mini,47,52,in_attesa
1,35,HumanEval,qwen2.5:7b,46,53,in_attesa
1,35,HumanEval,mistral,47,56,in_attesa
1,35,HumanEval,qwen2.5:14b,47,60,in_attesa
1,36,HellaSwag,llama3.2,47,50,in_attesa
1,36,HellaSwag,llama3.1,47,49,in_attesa
1,36,HellaSwag,gemma2:27b,47,53,in_attesa
1,36,HellaSwag,phi3:mini,47,52,in_attesa
1,36,HellaSwag,qwen2.5:7b,47,49,in_attesa
1,36,HellaSwag,mistral,47,50,in_attesa
1,36,HellaSwag,qwen2.5:14b,47,51,in_attesa
1,37,HumanEval,llama3.2,47,53,in_attesa
1,37,HumanEval,llama3.1,47,54,in_attesa
1,37,HumanEval,gemma2:27b,47,60,in_attesa
1,37,HumanEval,phi3:mini,47,53,in_attesa
1,37,HumanEval,qwen2.5:7b,47,54,in_attesa
1,37,HumanEval,mistral,46,53,in_attesa
1,37,HumanEval,qwen2.5:14b,47,60,in_attesa
1,38,HellaSwag,llama3.2,47,49,in_attesa
1,38,HellaSwag,llama3.1,47,52,in_attesa
1,38,HellaSwag,gemma2:27b,47,53,in_attesa
1,38,HellaSwag,phi3:mini,46,50,in_attesa
1,38,HellaSwag,qwen2.5:7b,47,49,in_attesa
1,38,HellaSwag,mistral,47,53,in_attesa
1,38,HellaSwag,qwen2.5:14b,47,51,in_attesa
1,39,HellaSwag,llama3.2,47,49,in_attesa
1,39,HellaSwag,llama3.1,47,50,in_attesa
1,39,HellaSwag,gemma2:27b,47,52,in_attesa
1,39,HellaSwag,phi3:mini,47,51,in_attesa
1,39,HellaSwag,qwen2.5:7b,47,49,in_attesa
1,39,HellaSwag,mistral,47,50,in_attesa
1,39,HellaSwag,qwen2.5:14b,47,51,in_attesa
1,40,GSM8K,llama3.2,47,50,in_attesa
1,40,GSM8K,llama3.1,47,54,in_attesa
1,40,GSM8K,gemma2:27b,47,59,in_attesa
1,40,GSM8K,phi3:mini,47,53,in_attesa
1,40,GSM8K,qwen2.5:7b,47,54,in_attesa
1,40,GSM8K,mistral,47,54,in_attesa
1,40,GSM8K,qwen2.5:14b,47,60,in_attesa
1,41,HumanEval,llama3.2,47,52,in_attesa
1,41,HumanEval,llama3.1,46,54,in_attesa
1,41,HumanEval,gemma2:27b,46,59,in_attesa
1,41,HumanEval,phi3:mini,47,53,in_attesa
1,41,HumanEval,qwen2.5:7b,47,54,in_attesa
1,41,HumanEval,mistral,46,52,in_attesa
1,41,HumanEval,qwen2.5:14b,47,59,in_attesa
1,42,HumanEval,llama3.2,46,50,in_attesa
1,42,HumanEval,llama3.1,47,52,in_attesa
1,42,HumanEval,gemma2:27b,47,56,in_attesa
1,42,HumanEval,phi3:mini,47,55,in_attesa
1,42,HumanEval,qwen2.5:7b,47,51,in_attesa
1,42,HumanEval,mistral,46,51,in_attesa
1,42,HumanEval,qwen2.5:14b,47,60,in_attesa
1,43,HumanEval,llama3.2,47,52,in_attesa
1,43,HumanEval,llama3.1,46,52,in_attesa
1,43,HumanEval,gemma2:27b,47,55,in_attesa
1,43,HumanEval,phi3:mini,47,53,in_attesa
1,43,HumanEval,qwen2.5:7b,47,52,in_attesa
1,43,HumanEval,mistral,47,51,in_attesa
1,43,HumanEval,qwen2.5:14b,47,59,in_attesa
1,44,GSM8K,llama3.2,47,51,in_attesa
1,44,GSM8K,llama3.1,47,54,in_attesa
1,44,GSM8K,gemma2:27b,46,56,in_attesa
1,44,GSM8K,phi3:mini,47,51,in_attesa
1,44,GSM8K,qwen2.5:7b,47,52,in_attesa
1,44,GSM8K,mistral,47,52,in_attesa
1,44,GSM8K,qwen2.5:14b,47,57,in_attesa
1,45,HumanEval,llama3.2,47,52,in_attesa
1,45,HumanEval,llama3.1,47,54,in_attesa
1,45,HumanEval,gemma2:27b,47,59,in_attesa
1,45,HumanEval,phi3:mini,47,57,in_attesa
1,45,HumanEval,qwen2.5:7b,47,56,in_attesa
1,45,HumanEval,mistral,47,55,in_attesa
1,45,HumanEval,qwen2.5:14b,47,60,in_attesa
1,46,HellaSwag,llama3.2,47,49,in_attesa
1,46,HellaSwag,llama3.1,47,50,in_attesa
1,46,HellaSwag,gemma2:27b,47,52,in_attesa
1,46,HellaSwag,phi3:mini,47,51,in_attesa
1,46,HellaSwag,qwen2.5:7b,47,50,in_attesa
1,46,HellaSwag,mistral,47,50,in_attesa
1,46,HellaSwag,qwen2.5:14b,47,51,in_attesa
1,47,HumanEval,llama3.2,47,53,in_attesa
1,47,HumanEval,llama3.1,47,54,in_attesa
1,47,HumanEval,gemma2:27b,47,59,in_attesa
1,47,HumanEval,phi3:mini,47,53,in_attesa
1,47,HumanEval,qwen2.5:7b,46,54,in_attesa
1,47,HumanEval,mistral,47,53,in_attesa
1,47,HumanEval,qwen2.5:14b,47,60,in_attesa
1,48,HellaSwag,llama3.2,47,48,in_attesa
1,48,HellaSwag,llama3.1,47,49,in_attesa
1,48,HellaSwag,gemma2:27b,47,52,in_attesa
1,48,HellaSwag,phi3:mini,47,51,in_attesa
1,48,HellaSwag,qwen2.5:7b,47,50,in_attesa
1,48,HellaSwag,mistral,47,51,in_attesa
1,48,HellaSwag,qwen2.5:14b,47,51,in_attesa
1,49,HumanEval,llama3.2,47,52,in_attesa
1,49,HumanEval,llama3.1,47,53,in_attesa
1,49,HumanEval,gemma2:27b,47,59,in_attesa
1,49,HumanEval,phi3:mini,46,52,in_attesa
1,49,HumanEval,qwen2.5:7b,47,54,in_attesa
1,49,HumanEval,mistral,47,53,in_attesa
1,49,HumanEval,qwen2.5:14b,47,61,in_attesa
1,50,GSM8K,llama3.2,47,50,in_attesa
1,50,GSM8K,llama3.1,47,51,in_attesa
1,50,GSM8K,gemma2:27b,47,57,in_attesa
1,50,GSM8K,phi3:mini,47,50,in_attesa
1,50,GSM8K,qwen2.5:7b,47,52,in_attesa
1,50,GSM8K,mistral,47,54,in_attesa
1,50,GSM8K,qwen2.5:14b,47,56,in_attesa
1,51,GSM8K,llama3.2,47,51,in_attesa
1,51,GSM8K,llama3.1,46,52,in_attesa
1,51,GSM8K,gemma2:27b,46,58,in_attesa
1,51,GSM8K,phi3:mini,46,51,in_attesa
1,51,GSM8K,qwen2.5:7b,47,54,in_attesa
1,51,GSM8K,mistral,47,53,in_attesa
1,51,GSM8K,qwen2.5:14b,47,57,in_attesa
1,52,HumanEval,llama3.2,47,52,in_attesa
1,52,HumanEval,llama3.1,47,52,in_attesa
1,52,HumanEval,gemma2:27b,47,56,in_attesa
1,52,HumanEval,phi3:mini,47,52,in_attesa
1,52,HumanEval,qwen2.5:7b,47,52,in_attesa
1,52,HumanEval,mistral,47,52,in_attesa
1,52,HumanEval,qwen2.5:14b,47,59,in_attesa
1,53,GSM8K,llama3.2,47,51,in_attesa
1,53,GSM8K,llama3.1,46,52,in_attesa
1,53,GSM8K,gemma2:27b,47,59,in_attesa
1,53,GSM8K,phi3:mini,47,51,in_attesa
1,53,GSM8K,qwen2.5:7b,47,54,in_attesa
1,53,GSM8K,mistral,47,56,in_attesa
1,53,GSM8K,qwen2.5:14b,47,60,in_attesa
1,54,HumanEval,llama3.2,47,51,in_attesa
1,54,HumanEval,llama3.1,46,52,in_attesa
1,54,HumanEval,gemma2:27b,47,58,in_attesa
1,54,HumanEval,phi3:mini,47,52,in_attesa
1,54,HumanEval,qwen2.5:7b,46,53,in_attesa
1,54,HumanEval,mistral,47,54,in_attesa
1,54,HumanEval,qwen2.5:14b,47,60,in_attesa
1,55,HellaSwag,llama3.2,47,49,in_attesa
1,55,HellaSwag,llama3.1,47,51,in_attesa
1,55,HellaSwag,gemma2:27b,47,52,in_attesa
1,55,HellaSwag,phi3:mini,47,51,in_attesa
1,55,HellaSwag,qwen2.5:7b,47,50,in_attesa
1,55,HellaSwag,mistral,47,52,in_attesa
1,55,HellaSwag,qwen2.5:14b,47,51,in_attesa
1,56,HellaSwag,llama3.2,47,51,in_attesa
1,56,HellaSwag,llama3.1,46,49,in_attesa
1,56,HellaSwag,gemma2:27b,47,53,in_attesa
1,56,HellaSwag,phi3:mini,47,50,in_attesa
1,56,HellaSwag,qwen2.5:7b,47,51,in_attesa
1,56,HellaSwag,mistral,47,51,in_attesa
1,56,HellaSwag,qwen2.5:14b,47,52,in_attesa
1,57,HellaSwag,llama3.2,47,50,in_attesa
1,57,HellaSwag,llama3.1,46,50,in_attesa
1,57,HellaSwag,gemma2:27b,47,52,in_attesa
1,57,HellaSwag,phi3:mini,47,52,in_attesa
1,57,HellaSwag,qwen2.5:7b,47,50,in_attesa
1,57,HellaSwag,mistral,46,50,in_attesa
1,57,HellaSwag,qwen2.5:14b,47,51,in_attesa
1,58,HellaSwag,llama3.2,47,52,in_attesa
1,58,HellaSwag,llama3.1,46,49,in_attesa
1,58,HellaSwag,gemma2:27b,47,52,in_attesa
1,58,HellaSwag,phi3:mini,47,51,in_attesa
1,58,HellaSwag,qwen2.5:7b,47,49,in_attesa
1,58,HellaSwag,mistral,47,50,in_attesa
1,58,HellaSwag,qwen2.5:14b,47,51,in_attesa
1,59,HumanEval,llama3.2,47,52,in_attesa
1,59,HumanEval,llama3.1,47,54,in_attesa
1,59,HumanEval,gemma2:27b,47,59,in_attesa
1,59,HumanEval,phi3:mini,47,50,in_attesa
1,59,HumanEval,qwen2.5:7b,46,52,in_attesa
1,59,HumanEval,mistral,47,51,in_attesa
1,59,HumanEval,qwen2.5:14b,47,59,in_attesa
1,60,HellaSwag,llama3.2,47,50,in_attesa
1,60,HellaSwag,llama3.1,47,51,in_attesa
1,60,HellaSwag,gemma2:27b,47,53,in_attesa
1,60,HellaSwag,phi3:mini,47,53,in_attesa
1,60,HellaSwag,qwen2.5:7b,47,50,in_attesa
1,60,HellaSwag,mistral,47,51,in_attesa
1,60,HellaSwag,qwen2.5:14b,47,52,in_attesa
1,61,HumanEval,llama3.2,46,51,in_attesa
1,61,HumanEval,llama3.1,46,53,in_attesa
1,61,HumanEval,gemma2:27b,47,59,in_attesa
1,61,HumanEval,phi3:mini,46,49,in_attesa
1,61,HumanEval,qwen2.5:7b,47,56,in_attesa
1,61,HumanEval,mistral,46,52,in_attesa
1,61,HumanEval,qwen2.5:14b,46,60,in_attesa
1,62,HumanEval,llama3.2,47,52,in_attesa
1,62,HumanEval,llama3.1,46,52,in_attesa
1,62,HumanEval,gemma2:27b,47,59,in_attesa
1,62,HumanEval,phi3:mini,47,54,in_attesa
1,62,HumanEval,qwen2.5:7b,46,53,in_attesa
1,62,HumanEval,mistral,47,52,in_attesa
1,62,HumanEval,qwen2.5:14b,47,60,in_attesa
1,63,GSM8K,llama3.2,47,51,in_attesa
1,63,GSM8K,llama3.1,46,51,in_attesa
1,63,GSM8K,gemma2:27b,47,57,in_attesa
1,63,GSM8K,phi3:mini,47,51,in_attesa
1,63,GSM8K,qwen2.5:7b,47,53,in_attesa
1,63,GSM8K,mistral,47,52,in_attesa
1,63,GSM8K,qwen2.5:14b,47,58,in_attesa
1,64,HumanEval,llama3.2,47,51,in_attesa
1,64,HumanEval,llama3.1,46,53,in_attesa
1,64,HumanEval,gemma2:27b,46,55,in_attesa
1,64,HumanEval,phi3:mini,47,53,in_attesa
1,64,HumanEval,qwen2.5:7b,47,52,in_attesa
1,64,HumanEval,mistral,47,51,in_attesa
1,64,HumanEval,qwen2.5:14b,46,60,in_attesa
1,65,HumanEval,llama3.2,47,52,in_attesa
1,65,HumanEval,llama3.1,47,54,in_attesa
1,65,HumanEval,gemma2:27b,47,60,in_attesa
1,65,HumanEval,phi3:mini,46,52,in_attesa
1,65,HumanEval,qwen2.5:7b,46,53,in_attesa
1,65,HumanEval,mistral,46,52,in_attesa
1,65,HumanEval,qwen2.5:14b,47,60,in_attesa
1,66,HumanEval,llama3.2,47,52,in_attesa
1,66,HumanEval,llama3.1,46,53,in_attesa
1,66,HumanEval,gemma2:27b,47,59,in_attesa
1,66,HumanEval,phi3:mini,47,51,in_attesa
1,66,HumanEval,qwen2.5:7b,46,53,in_attesa
1,66,HumanEval,mistral,47,53,in_attesa
1,66,HumanEval,qwen2.5:14b,47,56,in_attesa
1,67,HumanEval,llama3.2,46,52,in_attesa
1,67,HumanEval,llama3.1,47,54,in_attesa
1,67,HumanEval,gemma2:27b,47,60,in_attesa
1,67,HumanEval,phi3:mini,47,50,in_attesa
1,67,HumanEval,qwen2.5:7b,47,54,in_attesa
1,67,HumanEval,mistral,47,53,in_attesa
1,67,HumanEval,qwen2.5:14b,47,60,in_attesa
1,68,HellaSwag,llama3.2,47,49,in_attesa
1,68,HellaSwag,llama3.1,47,50,in_attesa
1,68,HellaSwag,gemma2:27b,47,53,in_attesa
1,68,HellaSwag,phi3:mini,47,52,in_attesa
1,68,HellaSwag,qwen2.5:7b,47,50,in_attesa
1,68,HellaSwag,mistral,47,50,in_attesa
1,68,HellaSwag,qwen2.5:14b,47,52,in_attesa
1,69,GSM8K,llama3.2,47,51,in_attesa
1,69,GSM8K,llama3.1,46,51,in_attesa
1,69,GSM8K,gemma2:27b,46,56,in_attesa
1,69,GSM8K,phi3:mini,47,52,in_attesa
1,69,GSM8K,qwen2.5:7b,46,51,in_attesa
1,69,GSM8K,mistral,47,56,in_attesa
1,69,GSM8K,qwen2.5:14b,47,56,in_attesa
1,70,HumanEval,llama3.2,47,52,in_attesa
1,70,HumanEval,llama3.1,47,57,in_attesa
1,70,HumanEval,gemma2:27b,47,60,in_attesa
1,70,HumanEval,phi3:mini,47,52,in_attesa
1,70,HumanEval,qwen2.5:7b,47,54,in_attesa
1,70,HumanEval,mistral,47,52,in_attesa
1,70,HumanEval,qwen2.5:14b,47,61,in_attesa
1,71,GSM8K,llama3.2,47,51,in_attesa
1,71,GSM8K,llama3.1,47,50,in_attesa
1,71,GSM8K,gemma2:27b,47,54,in_attesa
1,71,GSM8K,phi3:mini,47,51,in_attesa
1,71,GSM8K,qwen2.5:7b,47,53,in_attesa
1,71,GSM8K,mistral,46,50,in_attesa
1,71,GSM8K,qwen2.5:14b,47,55,in_attesa
1,72,HellaSwag,llama3.2,47,49,in_attesa
1,72,HellaSwag,llama3.1,46,52,in_attesa
1,72,HellaSwag,gemma2:27b,47,53,in_attesa
1,72,HellaSwag,phi3:mini,47,51,in_attesa
1,72,HellaSwag,qwen2.5:7b,47,50,in_attesa
1,72,HellaSwag,mistral,47,51,in_attesa
1,72,HellaSwag,qwen2.5:14b,47,52,in_attesa
1,73,HumanEval,llama3.2,47,53,in_attesa
1,73,HumanEval,llama3.1,47,54,in_attesa
1,73,HumanEval,gemma2:27b,47,60,in_attesa
1,73,HumanEval,phi3:mini,47,53,in_attesa
1,73,HumanEval,qwen2.5:7b,47,55,in_attesa
1,73,HumanEval,mistral,47,52,in_attesa
1,73,HumanEval,qwen2.5:14b,47,61,in_attesa
1,74,HumanEval,llama3.2,47,52,in_attesa
1,74,HumanEval,llama3.1,46,53,in_attesa
1,74,HumanEval,gemma2:27b,47,60,in_attesa
1,74,HumanEval,phi3:mini,46,52,in_attesa
1,74,HumanEval,qwen2.5:7b,47,54,in_attesa
1,74,HumanEval,mistral,46,53,in_attesa
1,74,HumanEval,qwen2.5:14b,47,61,in_attesa
1,75,HumanEval,llama3.2,47,53,in_attesa
1,75,HumanEval,llama3.1,47,53,in_attesa
1,75,HumanEval,gemma2:27b,47,60,in_attesa
1,75,HumanEval,phi3:mini,47,51,in_attesa
1,75,HumanEval,qwen2.5:7b,46,54,in_attesa
1,75,HumanEval,mistral,47,53,in_attesa
1,75,HumanEval,qwen2.5:14b,47,61,in_attesa
1,76,GSM8K,llama3.2,46,52,in_attesa
1,76,GSM8K,llama3.1,47,53,in_attesa
1,76,GSM8K,gemma2:27b,47,59,in_attesa
1,76,GSM8K,phi3:mini,47,55,in_attesa
1,76,GSM8K,qwen2.5:7b,47,53,in_attesa
1,76,GSM8K,mistral,47,55,in_attesa
1,76,GSM8K,qwen2.5:14b,47,58,in_attesa
1,77,HellaSwag,llama3.2,47,49,in_attesa
1,77,HellaSwag,llama3.1,47,49,in_attesa
1,77,HellaSwag,gemma2:27b,47,52,in_attesa
1,77,HellaSwag,phi3:mini,47,53,in_attesa
1,77,HellaSwag,qwen2.5:7b,47,51,in_attesa
1,77,HellaSwag,mistral,47,52,in_attesa
1,77,HellaSwag,qwen2.5:14b,46,50,in_attesa
1,78,GSM8K,llama3.2,47,52,in_attesa
1,78,GSM8K,llama3.1,47,52,in_attesa
1,78,GSM8K,gemma2:27b,46,55,in_attesa
1,78,GSM8K,phi3:mini,47,53,in_attesa
1,78,GSM8K,qwen2.5:7b,47,51,in_attesa
1,78,GSM8K,mistral,47,54,in_attesa
1,78,GSM8K,qwen2.5:14b,47,55,in_attesa
1,79,HumanEval,llama3.2,47,52,in_attesa
1,79,HumanEval,llama3.1,47,55,in_attesa
1,79,HumanEval,gemma2:27b,47,59,in_attesa
1,79,HumanEval,phi3:mini,47,53,in_attesa
1,79,HumanEval,qwen2.5:7b,46,54,in_attesa
1,79,HumanEval,mistral,47,53,in_attesa
1,79,HumanEval,qwen2.5:14b,47,60,in_attesa
1,80,HellaSwag,llama3.2,46,49,in_attesa
1,80,HellaSwag,llama3.1,46,51,in_attesa
1,80,HellaSwag,gemma2:27b,47,52,in_attesa
1,80,HellaSwag,phi3:mini,47,54,in_attesa
1,80,HellaSwag,qwen2.5:7b,47,49,in_attesa
1,80,HellaSwag,mistral,47,56,in_attesa
1,80,HellaSwag,qwen2.5:14b,47,55,in_attesa
1,81,HumanEval,llama3.2,47,51,in_attesa
1,81,HumanEval,llama3.1,47,53,in_attesa
1,81,HumanEval,gemma2:27b,47,58,in_attesa
1,81,HumanEval,phi3:mini,47,53,in_attesa
1,81,HumanEval,qwen2.5:7b,47,53,in_attesa
1,81,HumanEval,mistral,47,54,in_attesa
1,81,HumanEval,qwen2.5:14b,47,59,in_attesa
1,82,HellaSwag,llama3.2,47,49,in_attesa
1,82,HellaSwag,llama3.1,47,51,in_attesa
1,82,HellaSwag,gemma2:27b,47,52,in_attesa
1,82,HellaSwag,phi3:mini,47,50,in_attesa
1,82,HellaSwag,qwen2.5:7b,47,50,in_attesa
1,82,HellaSwag,mistral,47,51,in_attesa
1,82,HellaSwag,qwen2.5:14b,47,51,in_attesa
1,83,HellaSwag,llama3.2,46,49,in_attesa
1,83,HellaSwag,llama3.1,47,51,in_attesa
1,83,HellaSwag,gemma2:27b,47,53,in_attesa
1,83,HellaSwag,phi3:mini,47,53,in_attesa
1,83,HellaSwag,qwen2.5:7b,47,50,in_attesa
1,83,HellaSwag,mistral,47,52,in_attesa
1,83,HellaSwag,qwen2.5:14b,47,51,in_attesa
1,84,HumanEval,llama3.2,47,53,in_attesa
1,84,HumanEval,llama3.1,47,54,in_attesa
1,84,HumanEval,gemma2:27b,47,59,in_attesa
1,84,HumanEval,phi3:mini,47,52,in_attesa
1,84,HumanEval,qwen2.5:7b,47,54,in_attesa
1,84,HumanEval,mistral,47,53,in_attesa
1,84,HumanEval,qwen2.5:14b,47,61,in_attesa
1,85,HellaSwag,llama3.2,47,49,in_attesa
1,85,HellaSwag,llama3.1,46,49,in_attesa
1,85,HellaSwag,gemma2:27b,47,52,in_attesa
1,85,HellaSwag,phi3:mini,47,51,in_attesa
1,85,HellaSwag,qwen2.5:7b,47,50,in_attesa
1,85,HellaSwag,mistral,47,51,in_attesa
1,85,HellaSwag,qwen2.5:14b,46,50,in_attesa
1,86,HumanEval,llama3.2,47,52,in_attesa
1,86,HumanEval,llama3.1,47,54,in_attesa
1,86,HumanEval,gemma2:27b,46,57,in_attesa
1,86,HumanEval,phi3:mini,47,54,in_attesa
1,86,HumanEval,qwen2.5:7b,47,54,in_attesa
1,86,HumanEval,mistral,46,54,in_attesa
1,86,HumanEval,qwen2.5:14b,46,60,in_attesa
1,87,GSM8K,llama3.2,47,51,in_attesa
1,87,GSM8K,llama3.1,47,51,in_attesa
1,87,GSM8K,gemma2:27b,47,57,in_attesa
1,87,GSM8K,phi3:mini,47,52,in_attesa
1,87,GSM8K,qwen2.5:7b,47,52,in_attesa
1,87,GSM8K,mistral,46,53,in_attesa
1,87,GSM8K,qwen2.5:14b,46,55,in_attesa
1,88,HumanEval,llama3.2,47,52,in_attesa
1,88,HumanEval,llama3.1,47,54,in_attesa
1,88,HumanEval,gemma2:27b,47,58,in_attesa
1,88,HumanEval,phi3:mini,47,52,in_attesa
1,88,HumanEval,qwen2.5:7b,47,53,in_attesa
1,88,HumanEval,mistral,47,53,in_attesa
1,88,HumanEval,qwen2.5:14b,47,60,in_attesa
1,89,HumanEval,llama3.2,46,52,in_attesa
1,89,HumanEval,llama3.1,46,53,in_attesa
1,89,HumanEval,gemma2:27b,47,59,in_attesa
1,89,HumanEval,phi3:mini,47,51,in_attesa
1,89,HumanEval,qwen2.5:7b,47,54,in_attesa
1,89,HumanEval,mistral,46,53,in_attesa
1,89,HumanEval,qwen2.5:14b,47,60,in_attesa
1,90,GSM8K,llama3.2,46,51,in_attesa
1,90,GSM8K,llama3.1,47,51,in_attesa
1,90,GSM8K,gemma2:27b,47,55,in_attesa
1,90,GSM8K,phi3:mini,47,51,in_attesa
1,90,GSM8K,qwen2.5:7b,47,53,in_attesa
1,90,GSM8K,mistral,47,52,in_attesa
1,90,GSM8K,qwen2.5:14b,47,56,in_attesa
1,91,HellaSwag,llama3.2,47,51,in_attesa
1,91,HellaSwag,llama3.1,47,50,in_attesa
1,91,HellaSwag,gemma2:27b,46,52,in_attesa
1,91,HellaSwag,phi3:mini,47,50,in_attesa
1,91,HellaSwag,qwen2.5:7b,47,50,in_attesa
1,91,HellaSwag,mistral,46,50,in_attesa
1,91,HellaSwag,qwen2.5:14b,46,50,in_attesa
1,92,HumanEval,llama3.2,47,52,in_attesa
1,92,HumanEval,llama3.1,47,55,in_attesa
1,92,HumanEval,gemma2:27b,47,58,in_attesa
1,92,HumanEval,phi3:mini,47,52,in_attesa
1,92,HumanEval,qwen2.5:7b,47,54,in_attesa
1,92,HumanEval,mistral,47,55,in_attesa
1,92,HumanEval,qwen2.5:14b,47,60,in_attesa
1,93,HumanEval,llama3.2,47,51,in_attesa
1,93,HumanEval,llama3.1,46,52,in_attesa
1,93,HumanEval,gemma2:27b,46,55,in_attesa
1,93,HumanEval,phi3:mini,47,52,in_attesa
1,93,HumanEval,qwen2.5:7b,47,54,in_attesa
1,93,HumanEval,mistral,47,53,in_attesa
1,93,HumanEval,qwen2.5:14b,47,57,in_attesa
1,94,GSM8K,llama3.2,47,50,in_attesa
1,94,GSM8K,llama3.1,47,51,in_attesa
1,94,GSM8K,gemma2:27b,47,55,in_attesa
1,94,GSM8K,phi3:mini,47,53,in_attesa
1,94,GSM8K,qwen2.5:7b,46,52,in_attesa
1,94,GSM8K,mistral,46,51,in_attesa
1,94,GSM8K,qwen2.5:14b,47,59,in_attesa
1,95,GSM8K,llama3.2,47,52,in_attesa
1,95,GSM8K,llama3.1,47,52,in_attesa
1,95,GSM8K,gemma2:27b,47,55,in_attesa
1,95,GSM8K,phi3:mini,47,51,in_attesa
1,95,GSM8K,qwen2.5:7b,47,52,in_attesa
1,95,GSM8K,mistral,47,52,in_attesa
1,95,GSM8K,qwen2.5:14b,47,59,in_attesa
1,96,HellaSwag,llama3.2,47,48,in_attesa
1,96,HellaSwag,llama3.1,47,50,in_attesa
1,96,HellaSwag,gemma2:27b,47,53,in_attesa
1,96,HellaSwag,phi3:mini,47,49,in_attesa
1,96,HellaSwag,qwen2.5:7b,47,50,in_attesa
1,96,HellaSwag,mistral,47,51,in_attesa
1,96,HellaSwag,qwen2.5:14b,47,52,in_attesa
1,97,GSM8K,llama3.2,46,50,in_attesa
1,97,GSM8K,llama3.1,47,52,in_attesa
1,97,GSM8K,gemma2:27b,46,57,in_attesa
1,97,GSM8K,phi3:mini,47,50,in_attesa
1,97,GSM8K,qwen2.5:7b,47,53,in_attesa
1,97,GSM8K,mistral,47,54,in_attesa
1,97,GSM8K,qwen2.5:14b,47,59,in_attesa
1,98,HumanEval,llama3.2,47,52,in_attesa
1,98,HumanEval,llama3.1,47,55,in_attesa
1,98,HumanEval,gemma2:27b,47,54,in_attesa
1,98,HumanEval,phi3:mini,47,53,in_attesa
1,98,HumanEval,qwen2.5:7b,47,53,in_attesa
1,98,HumanEval,mistral,47,54,in_attesa
1,98,HumanEval,qwen2.5:14b,47,59,in_attesa
1,99,GSM8K,llama3.2,47,51,in_attesa
1,99,GSM8K,llama3.1,47,53,in_attesa
1,99,GSM8K,gemma2:27b,46,59,in_attesa
1,99,GSM8K,phi3:mini,47,52,in_attesa
1,99,GSM8K,qwen2.5:7b,47,52,in_attesa
1,99,GSM8K,mistral,47,53,in_attesa
1,99,GSM8K,qwen2.5:14b,47,59,in_attesa
1,100,HellaSwag,llama3.2,47,49,in_attesa
1,100,HellaSwag,llama3.1,47,50,in_attesa
1,100,HellaSwag,gemma2:27b,47,52,in_attesa
1,100,HellaSwag,phi3:mini,47,51,in_attesa
1,100,HellaSwag,qwen2.5:7b,47,49,in_attesa
1,100,HellaSwag,mistral,47,50,in_attesa
1,100,HellaSwag,qwen2.5:14b,47,51,in_attesa
1,101,GSM8K,llama3.2,47,51,in_attesa
1,101,GSM8K,llama3.1,46,52,in_attesa
1,101,GSM8K,gemma2:27b,46,58,in_attesa
1,101,GSM8K,phi3:mini,47,53,in_attesa
1,101,GSM8K,qwen2.5:7b,47,52,in_attesa
1,101,GSM8K,mistral,47,54,in_attesa
1,101,GSM8K,qwen2.5:14b,47,58,in_attesa
1,102,HumanEval,llama3.2,47,52,in_attesa
1,102,HumanEval,llama3.1,47,52,in_attesa
1,102,HumanEval,gemma2:27b,47,57,in_attesa
1,102,HumanEval,phi3:mini,46,50,in_attesa
1,102,HumanEval,qwen2.5:7b,47,54,in_attesa
1,102,HumanEval,mistral,46,53,in_attesa
1,102,HumanEval,qwen2.5:14b,47,58,in_attesa
1,103,HumanEval,llama3.2,47,53,in_attesa
1,103,HumanEval,llama3.1,46,54,in_attesa
1,103,HumanEval,gemma2:27b,47,58,in_attesa
1,103,HumanEval,phi3:mini,47,52,in_attesa
1,103,HumanEval,qwen2.5:7b,46,57,in_attesa
1,103,HumanEval,mistral,47,53,in_attesa
1,103,HumanEval,qwen2.5:14b,47,59,in_attesa
1,104,HellaSwag,llama3.2,47,48,in_attesa
1,104,HellaSwag,llama3.1,47,49,in_attesa
1,104,HellaSwag,gemma2:27b,47,52,in_attesa
1,104,HellaSwag,phi3:mini,47,50,in_attesa
1,104,HellaSwag,qwen2.5:7b,47,54,in_attesa
1,104,HellaSwag,mistral,47,52,in_attesa
1,104,HellaSwag,qwen2.5:14b,46,50,in_attesa
1,105,GSM8K,llama3.2,47,51,in_attesa
1,105,GSM8K,llama3.1,47,53,in_attesa
1,105,GSM8K,gemma2:27b,47,58,in_attesa
1,105,GSM8K,phi3:mini,47,54,in_attesa
1,105,GSM8K,qwen2.5:7b,47,53,in_attesa
1,105,GSM8K,mistral,47,52,in_attesa
1,105,GSM8K,qwen2.5:14b,47,59,in_attesa
1,106,HellaSwag,llama3.2,47,49,in_attesa
1,106,HellaSwag,llama3.1,47,52,in_attesa
1,106,HellaSwag,gemma2:27b,47,55,in_attesa
1,106,HellaSwag,phi3:mini,47,52,in_attesa
1,106,HellaSwag,qwen2.5:7b,47,49,in_attesa
1,106,HellaSwag,mistral,47,50,in_attesa
1,106,HellaSwag,qwen2.5:14b,47,50,in_attesa
1,107,GSM8K,llama3.2,47,52,in_attesa
1,107,GSM8K,llama3.1,47,53,in_attesa
1,107,GSM8K,gemma2:27b,46,57,in_attesa
1,107,GSM8K,phi3:mini,47,51,in_attesa
1,107,GSM8K,qwen2.5:7b,46,52,in_attesa
1,107,GSM8K,mistral,47,53,in_attesa
1,107,GSM8K,qwen2.5:14b,46,57,in_attesa
1,108,GSM8K,llama3.2,47,51,in_attesa
1,108,GSM8K,llama3.1,46,51,in_attesa
1,108,GSM8K,gemma2:27b,47,56,in_attesa
1,108,GSM8K,phi3:mini,47,53,in_attesa
1,108,GSM8K,qwen2.5:7b,47,52,in_attesa
1,108,GSM8K,mistral,47,51,in_attesa
1,108,GSM8K,qwen2.5:14b,47,56,in_attesa
1,109,GSM8K,llama3.2,46,51,in_attesa
1,109,GSM8K,llama3.1,47,52,in_attesa
1,109,GSM8K,gemma2:27b,47,57,in_attesa
1,109,GSM8K,phi3:mini,47,52,in_attesa
1,109,GSM8K,qwen2.5:7b,46,54,in_attesa
1,109,GSM8K,mistral,47,53,in_attesa
1,109,GSM8K,qwen2.5:14b,47,59,in_attesa
1,110,GSM8K,llama3.2,47,50,in_attesa
1,110,GSM8K,llama3.1,47,51,in_attesa
1,110,GSM8K,gemma2:27b,47,58,in_attesa
1,110,GSM8K,phi3:mini,47,54,in_attesa
1,110,GSM8K,qwen2.5:7b,47,52,in_attesa
1,110,GSM8K,mistral,46,51,in_attesa
1,110,GSM8K,qwen2.5:14b,47,59,in_attesa
1,111,GSM8K,llama3.2,47,51,in_attesa
1,111,GSM8K,llama3.1,47,52,in_attesa
1,111,GSM8K,gemma2:27b,46,54,in_attesa
1,111,GSM8K,phi3:mini,47,51,in_attesa
1,111,GSM8K,qwen2.5:7b,46,52,in_attesa
1,111,GSM8K,mistral,46,51,in_attesa
1,111,GSM8K,qwen2.5:14b,47,56,in_attesa
1,112,HellaSwag,llama3.2,47,48,in_attesa
1,112,HellaSwag,llama3.1,46,50,in_attesa
1,112,HellaSwag,gemma2:27b,47,52,in_attesa
1,112,HellaSwag,phi3:mini,47,52,in_attesa
1,112,HellaSwag,qwen2.5:7b,47,50,in_attesa
1,112,HellaSwag,mistral,47,50,in_attesa
1,112,HellaSwag,qwen2.5:14b,47,51,in_attesa
1,113,HumanEval,llama3.2,47,52,in_attesa
1,113,HumanEval,llama3.1,47,53,in_attesa
1,113,HumanEval,gemma2:27b,47,58,in_attesa
1,113,HumanEval,phi3:mini,47,52,in_attesa
1,113,HumanEval,qwen2.5:7b,47,53,in_attesa
1,113,HumanEval,mistral,47,53,in_attesa
1,113,HumanEval,qwen2.5:14b,47,59,in_attesa
1,114,HellaSwag,llama3.2,47,48,in_attesa
1,114,HellaSwag,llama3.1,47,50,in_attesa
1,114,HellaSwag,gemma2:27b,47,52,in_attesa
1,114,HellaSwag,phi3:mini,47,51,in_attesa
1,114,HellaSwag,qwen2.5:7b,47,50,in_attesa
1,114,HellaSwag,mistral,47,51,in_attesa
1,114,HellaSwag,qwen2.5:14b,47,51,in_attesa
1,115,HellaSwag,llama3.2,46,48,in_attesa
1,115,HellaSwag,llama3.1,47,50,in_attesa
1,115,HellaSwag,gemma2:27b,47,53,in_attesa
1,115,HellaSwag,phi3:mini,47,54,in_attesa
1,115,HellaSwag,qwen2.5:7b,47,49,in_attesa
1,115,HellaSwag,mistral,47,52,in_attesa
1,115,HellaSwag,qwen2.5:14b,47,51,in_attesa
1,116,HumanEval,llama3.2,46,52,in_attesa
1,116,HumanEval,llama3.1,47,56,in_attesa
1,116,HumanEval,gemma2:27b,47,58,in_attesa
1,116,HumanEval,phi3:mini,47,52,in_attesa
1,116,HumanEval,qwen2.5:7b,47,57,in_attesa
1,116,HumanEval,mistral,47,54,in_attesa
1,116,HumanEval,qwen2.5:14b,47,59,in_attesa
1,117,HumanEval,llama3.2,47,54,in_attesa
1,117,HumanEval,llama3.1,46,54,in_attesa
1,117,HumanEval,gemma2:27b,47,59,in_attesa
1,117,HumanEval,phi3:mini,47,52,in_attesa
1,117,HumanEval,qwen2.5:7b,47,53,in_attesa
1,117,HumanEval,mistral,47,52,in_attesa
1,117,HumanEval,qwen2.5:14b,47,60,in_attesa
1,118,HellaSwag,llama3.2,47,50,in_attesa
1,118,HellaSwag,llama3.1,47,49,in_attesa
1,118,HellaSwag,gemma2:27b,47,52,in_attesa
1,118,HellaSwag,phi3:mini,47,48,in_attesa
1,118,HellaSwag,qwen2.5:7b,47,50,in_attesa
1,118,HellaSwag,mistral,47,51,in_attesa
1,118,HellaSwag,qwen2.5:14b,47,51,in_attesa
1,119,HumanEval,llama3.2,46,52,in_attesa
1,119,HumanEval,llama3.1,47,54,in_attesa
1,119,HumanEval,gemma2:27b,47,58,in_attesa
1,119,HumanEval,phi3:mini,46,53,in_attesa
1,119,HumanEval,qwen2.5:7b,47,53,in_attesa
1,119,HumanEval,mistral,47,55,in_attesa
1,119,HumanEval,qwen2.5:14b,46,58,in_attesa
1,120,HumanEval,llama3.2,47,52,in_attesa
1,120,HumanEval,llama3.1,46,52,in_attesa
1,120,HumanEval,gemma2:27b,47,58,in_attesa
1,120,HumanEval,phi3:mini,47,52,in_attesa
1,120,HumanEval,qwen2.5:7b,47,52,in_attesa
1,120,HumanEval,mistral,46,51,in_attesa
1,120,HumanEval,qwen2.5:14b,47,58,in_attesa
1,121,HellaSwag,llama3.2,47,50,in_attesa
1,121,HellaSwag,llama3.1,46,48,in_attesa
1,121,HellaSwag,gemma2:27b,47,52,in_attesa
1,121,HellaSwag,phi3:mini,47,51,in_attesa
1,121,HellaSwag,qwen2.5:7b,47,50,in_attesa
1,121,HellaSwag,mistral,47,51,in_attesa
1,121,HellaSwag,qwen2.5:14b,47,50,in_attesa
1,122,GSM8K,llama3.2,47,51,in_attesa
1,122,GSM8K,llama3.1,47,54,in_attesa
1,122,GSM8K,gemma2:27b,47,58,in_attesa
1,122,GSM8K,phi3:mini,47,56,in_attesa
1,122,GSM8K,qwen2.5:7b,47,54,in_attesa
1,122,GSM8K,mistral,47,52,in_attesa
1,122,GSM8K,qwen2.5:14b,47,59,in_attesa
1,123,HellaSwag,llama3.2,47,49,in_attesa
1,123,HellaSwag,llama3.1,47,49,in_attesa
1,123,HellaSwag,gemma2:27b,47,52,in_attesa
1,123,HellaSwag,phi3:mini,47,53,in_attesa
1,123,HellaSwag,qwen2.5:7b,47,49,in_attesa
1,123,HellaSwag,mistral,47,50,in_attesa
1,123,HellaSwag,qwen2.5:14b,47,52,in_attesa
1,124,GSM8K,llama3.2,46,50,in_attesa
1,124,GSM8K,llama3.1,47,51,in_attesa
1,124,GSM8K,gemma2:27b,47,56,in_attesa
1,124,GSM8K,phi3:mini,47,52,in_attesa
1,124,GSM8K,qwen2.5:7b,47,52,in_attesa
1,124,GSM8K,mistral,47,52,in_attesa
1,124,GSM8K,qwen2.5:14b,47,59,in_attesa
1,125,HumanEval,llama3.2,47,51,in_attesa
1,125,HumanEval,llama3.1,47,53,in_attesa
1,125,HumanEval,gemma2:27b,47,58,in_attesa
1,125,HumanEval,phi3:mini,47,54,in_attesa
1,125,HumanEval,qwen2.5:7b,47,54,in_attesa
1,125,HumanEval,mistral,47,53,in_attesa
1,125,HumanEval,qwen2.5:14b,47,59,in_attesa
1,126,GSM8K,llama3.2,47,51,in_attesa
1,126,GSM8K,llama3.1,47,51,in_attesa
1,126,GSM8K,gemma2:27b,47,55,in_attesa
1,126,GSM8K,phi3:mini,47,51,in_attesa
1,126,GSM8K,qwen2.5:7b,47,53,in_attesa
1,126,GSM8K,mistral,47,51,in_attesa
1,126,GSM8K,qwen2.5:14b,47,57,in_attesa
1,127,GSM8K,llama3.2,47,51,in_attesa
1,127,GSM8K,llama3.1,46,52,in_attesa
1,127,GSM8K,gemma2:27b,46,56,in_attesa
1,127,GSM8K,phi3:mini,47,51,in_attesa
1,127,GSM8K,qwen2.5:7b,47,53,in_attesa
1,127,GSM8K,mistral,47,52,in_attesa
1,127,GSM8K,qwen2.5:14b,47,58,in_attesa
1,128,GSM8K,llama3.2,47,50,in_attesa
1,128,GSM8K,llama3.1,47,51,in_attesa
1,128,GSM8K,gemma2:27b,46,55,in_attesa
1,128,GSM8K,phi3:mini,47,51,in_attesa
1,128,GSM8K,qwen2.5:7b,47,52,in_attesa
1,128,GSM8K,mistral,47,53,in_attesa
1,128,GSM8K,qwen2.5:14b,47,56,in_attesa
1,129,GSM8K,llama3.2,47,51,in_attesa
1,129,GSM8K,llama3.1,47,53,in_attesa
1,129,GSM8K,gemma2:27b,49,59,in_attesa
1,129,GSM8K,phi3:mini,53,60,in_attesa
1,129,GSM8K,qwen2.5:7b,53,61,in_attesa
1,129,GSM8K,mistral,51,55,in_attesa
1,129,GSM8K,qwen2.5:14b,51,60,in_attesa
1,130,HellaSwag,llama3.2,52,53,in_attesa
1,130,HellaSwag,llama3.1,53,53,in_attesa
1,130,HellaSwag,gemma2:27b,53,56,in_attesa
1,130,HellaSwag,phi3:mini,51,52,in_attesa
1,130,HellaSwag,qwen2.5:7b,52,53,in_attesa
1,130,HellaSwag,mistral,53,55,in_attesa
1,130,HellaSwag,qwen2.5:14b,50,54,in_attesa
1,131,HumanEval,llama3.2,51,57,in_attesa
1,131,HumanEval,llama3.1,53,59,in_attesa
1,131,HumanEval,gemma2:27b,53,59,in_attesa
1,131,HumanEval,phi3:mini,53,56,in_attesa
1,131,HumanEval,qwen2.5:7b,53,56,in_attesa
1,131,HumanEval,mistral,51,55,in_attesa
1,131,HumanEval,qwen2.5:14b,50,60,in_attesa
1,132,GSM8K,llama3.2,52,57,in_attesa
1,132,GSM8K,llama3.1,50,56,in_attesa
1,132,GSM8K,gemma2:27b,50,59,in_attesa
1,132,GSM8K,phi3:mini,52,56,in_attesa
1,132,GSM8K,qwen2.5:7b,51,56,in_attesa
1,132,GSM8K,mistral,50,55,in_attesa
1,132,GSM8K,qwen2.5:14b,50,60,in_attesa
1,133,HumanEval,llama3.2,53,57,in_attesa
1,133,HumanEval,llama3.1,52,61,in_attesa
1,133,HumanEval,gemma2:27b,51,60,in_attesa
1,133,HumanEval,phi3:mini,53,58,in_attesa
1,133,HumanEval,qwen2.5:7b,52,58,in_attesa
1,133,HumanEval,mistral,52,56,in_attesa
1,133,HumanEval,qwen2.5:14b,51,62,in_attesa
1,134,GSM8K,llama3.2,53,55,in_attesa
1,134,GSM8K,llama3.1,51,56,in_attesa
1,134,GSM8K,gemma2:27b,50,59,in_attesa
1,134,GSM8K,phi3:mini,52,55,in_attesa
1,134,GSM8K,qwen2.5:7b,51,55,in_attesa
1,134,GSM8K,mistral,51,56,in_attesa
1,134,GSM8K,qwen2.5:14b,49,59,in_attesa
1,135,HumanEval,llama3.2,51,55,in_attesa
1,135,HumanEval,llama3.1,51,57,in_attesa
1,135,HumanEval,gemma2:27b,51,60,in_attesa
1,135,HumanEval,phi3:mini,53,56,in_attesa
1,135,HumanEval,qwen2.5:7b,52,59,in_attesa
1,135,HumanEval,mistral,52,56,in_attesa
1,135,HumanEval,qwen2.5:14b,50,62,in_attesa
1,136,HumanEval,llama3.2,51,55,in_attesa
1,136,HumanEval,llama3.1,50,54,in_attesa
1,136,HumanEval,gemma2:27b,50,60,in_attesa
1,136,HumanEval,phi3:mini,52,56,in_attesa
1,136,HumanEval,qwen2.5:7b,51,57,in_attesa
1,136,HumanEval,mistral,51,56,in_attesa
1,136,HumanEval,qwen2.5:14b,50,60,in_attesa
1,137,HumanEval,llama3.2,52,56,in_attesa
1,137,HumanEval,llama3.1,51,61,in_attesa
1,137,HumanEval,gemma2:27b,51,60,in_attesa
1,137,HumanEval,phi3:mini,53,56,in_attesa
1,137,HumanEval,qwen2.5:7b,52,58,in_attesa
1,137,HumanEval,mistral,52,56,in_attesa
1,137,HumanEval,qwen2.5:14b,51,62,in_attesa
1,138,GSM8K,llama3.2,51,54,in_attesa
1,138,GSM8K,llama3.1,50,55,in_attesa
1,138,GSM8K,gemma2:27b,49,57,in_attesa
1,138,GSM8K,phi3:mini,53,56,in_attesa
1,138,GSM8K,qwen2.5:7b,52,56,in_attesa
1,138,GSM8K,mistral,52,56,in_attesa
1,138,GSM8K,qwen2.5:14b,50,60,in_attesa
1,139,HellaSwag,llama3.2,52,53,in_attesa
1,139,HellaSwag,llama3.1,53,54,in_attesa
1,139,HellaSwag,gemma2:27b,50,54,in_attesa
1,139,HellaSwag,phi3:mini,50,52,in_attesa
1,139,HellaSwag,qwen2.5:7b,51,52,in_attesa
1,139,HellaSwag,mistral,52,55,in_attesa
1,139,HellaSwag,qwen2.5:14b,49,52,in_attesa
1,140,GSM8K,llama3.2,52,53,in_attesa
1,140,GSM8K,llama3.1,53,55,in_attesa
1,140,GSM8K,gemma2:27b,50,59,in_attesa
1,140,GSM8K,phi3:mini,52,55,in_attesa
1,140,GSM8K,qwen2.5:7b,51,55,in_attesa
1,140,GSM8K,mistral,50,55,in_attesa
1,140,GSM8K,qwen2.5:14b,50,59,in_attesa
1,141,HumanEval,llama3.2,53,58,in_attesa
1,141,HumanEval,llama3.1,52,57,in_attesa
1,141,HumanEval,gemma2:27b,52,61,in_attesa
1,141,HumanEval,phi3:mini,53,57,in_attesa
1,141,HumanEval,qwen2.5:7b,52,59,in_attesa
1,141,HumanEval,mistral,52,57,in_attesa
1,141,HumanEval,qwen2.5:14b,52,62,in_attesa
1,142,GSM8K,llama3.2,53,60,in_attesa
1,142,GSM8K,llama3.1,51,55,in_attesa
1,142,GSM8K,gemma2:27b,51,59,in_attesa
1,142,GSM8K,phi3:mini,52,54,in_attesa
1,142,GSM8K,qwen2.5:7b,50,57,in_attesa
1,142,GSM8K,mistral,50,55,in_attesa
1,142,GSM8K,qwen2.5:14b,49,59,in_attesa
1,143,GSM8K,llama3.2,52,55,in_attesa
1,143,GSM8K,llama3.1,51,59,in_attesa
1,143,GSM8K,gemma2:27b,51,60,in_attesa
1,143,GSM8K,phi3:mini,53,56,in_attesa
1,143,GSM8K,qwen2.5:7b,52,58,in_attesa
1,143,GSM8K,mistral,52,57,in_attesa
1,143,GSM8K,qwen2.5:14b,51,63,in_attesa
1,144,HellaSwag,llama3.2,52,52,in_attesa
1,144,HellaSwag,llama3.1,52,53,in_attesa
1,144,HellaSwag,gemma2:27b,53,55,in_attesa
1,144,HellaSwag,phi3:mini,51,52,in_attesa
1,144,HellaSwag,qwen2.5:7b,52,52,in_attesa
1,144,HellaSwag,mistral,52,59,in_attesa
1,144,HellaSwag,qwen2.5:14b,53,57,in_attesa
1,145,GSM8K,llama3.2,50,53,in_attesa
1,145,GSM8K,llama3.1,53,55,in_attesa
1,145,GSM8K,gemma2:27b,51,58,in_attesa
1,145,GSM8K,phi3:mini,52,57,in_attesa
1,145,GSM8K,qwen2.5:7b,52,56,in_attesa
1,145,GSM8K,mistral,51,56,in_attesa
1,145,GSM8K,qwen2.5:14b,50,62,in_attesa
1,146,HellaSwag,llama3.2,52,52,in_attesa
1,146,HellaSwag,llama3.1,52,56,in_attesa
1,146,HellaSwag,gemma2:27b,50,54,in_attesa
1,146,HellaSwag,phi3:mini,50,52,in_attesa
1,146,HellaSwag,qwen2.5:7b,51,53,in_attesa
1,146,HellaSwag,mistral,53,56,in_attesa
1,146,HellaSwag,qwen2.5:14b,53,55,in_attesa
1,147,HumanEval,llama3.2,51,55,in_attesa
1,147,HumanEval,llama3.1,50,59,in_attesa
1,147,HumanEval,gemma2:27b,51,59,in_attesa
1,147,HumanEval,phi3:mini,52,56,in_attesa
1,147,HumanEval,qwen2.5:7b,51,57,in_attesa
1,147,HumanEval,mistral,52,55,in_attesa
1,147,HumanEval,qwen2.5:14b,50,60,in_attesa
1,148,GSM8K,llama3.2,52,56,in_attesa
1,148,GSM8K,llama3.1,51,55,in_attesa
1,148,GSM8K,gemma2:27b,50,60,in_attesa
1,148,GSM8K,phi3:mini,53,57,in_attesa
1,148,GSM8K,qwen2.5:7b,52,58,in_attesa
1,148,GSM8K,mistral,52,57,in_attesa
1,148,GSM8K,qwen2.5:14b,51,61,in_attesa
1,149,HumanEval,llama3.2,53,56,in_attesa
1,149,HumanEval,llama3.1,51,57,in_attesa
1,149,HumanEval,gemma2:27b,51,60,in_attesa
1,149,HumanEval,phi3:mini,51,56,in_attesa
1,149,HumanEval,qwen2.5:7b,51,58,in_attesa
1,149,HumanEval,mistral,52,57,in_attesa
1,149,HumanEval,qwen2.5:14b,51,63,in_attesa
1,150,HellaSwag,llama3.2,52,53,in_attesa
1,150,HellaSwag,llama3.1,53,55,in_attesa
1,150,HellaSwag,gemma2:27b,51,56,in_attesa
1,150,HellaSwag,phi3:mini,50,52,in_attesa
1,150,HellaSwag,qwen2.5:7b,52,53,in_attesa
1,150,HellaSwag,mistral,53,53,in_attesa
1,150,HellaSwag,qwen2.5:14b,53,55,in_attesa
1,151,HumanEval,llama3.2,50,55,in_attesa
1,151,HumanEval,llama3.1,50,58,in_attesa
1,151,HumanEval,gemma2:27b,51,60,in_attesa
1,151,HumanEval,phi3:mini,53,55,in_attesa
1,151,HumanEval,qwen2.5:7b,52,57,in_attesa
1,151,HumanEval,mistral,52,55,in_attesa
1,151,HumanEval,qwen2.5:14b,51,61,in_attesa
1,152,GSM8K,llama3.2,53,55,in_attesa
1,152,GSM8K,llama3.1,51,55,in_attesa
1,152,GSM8K,gemma2:27b,51,59,in_attesa
1,152,GSM8K,phi3:mini,52,59,in_attesa
1,152,GSM8K,qwen2.5:7b,52,57,in_attesa
1,152,GSM8K,mistral,51,55,in_attesa
1,152,GSM8K,qwen2.5:14b,50,59,in_attesa
1,153,HumanEval,llama3.2,52,56,in_attesa
1,153,HumanEval,llama3.1,51,56,in_attesa
1,153,HumanEval,gemma2:27b,51,61,in_attesa
1,153,HumanEval,phi3:mini,51,56,in_attesa
1,153,HumanEval,qwen2.5:7b,52,58,in_attesa
1,153,HumanEval,mistral,52,57,in_attesa
1,153,HumanEval,qwen2.5:14b,51,63,in_attesa
1,154,GSM8K,llama3.2,52,55,in_attesa
1,154,GSM8K,llama3.1,51,55,in_attesa
1,154,GSM8K,gemma2:27b,50,60,in_attesa
1,154,GSM8K,phi3:mini,53,56,in_attesa
1,154,GSM8K,qwen2.5:7b,52,56,in_attesa
1,154,GSM8K,mistral,51,55,in_attesa
1,154,GSM8K,qwen2.5:14b,50,60,in_attesa
1,155,HumanEval,llama3.2,53,58,in_attesa
1,155,HumanEval,llama3.1,51,56,in_attesa
1,155,HumanEval,gemma2:27b,51,61,in_attesa
1,155,HumanEval,phi3:mini,53,57,in_attesa
1,155,HumanEval,qwen2.5:7b,52,57,in_attesa
1,155,HumanEval,mistral,52,57,in_attesa
1,155,HumanEval,qwen2.5:14b,52,62,in_attesa
1,156,HellaSwag,llama3.2,52,52,in_attesa
1,156,HellaSwag,llama3.1,52,55,in_attesa
1,156,HellaSwag,gemma2:27b,51,54,in_attesa
1,156,HellaSwag,phi3:mini,50,52,in_attesa
1,156,HellaSwag,qwen2.5:7b,52,53,in_attesa
1,156,HellaSwag,mistral,53,55,in_attesa
1,156,HellaSwag,qwen2.5:14b,50,54,in_attesa
1,157,GSM8K,llama3.2,49,52,in_attesa
1,157,GSM8K,llama3.1,52,54,in_attesa
1,157,GSM8K,gemma2:27b,50,58,in_attesa
1,157,GSM8K,phi3:mini,52,55,in_attesa
1,157,GSM8K,qwen2.5:7b,52,56,in_attesa
1,157,GSM8K,mistral,51,55,in_attesa
1,157,GSM8K,qwen2.5:14b,50,62,in_attesa
1,158,GSM8K,llama3.2,53,56,in_attesa
1,158,GSM8K,llama3.1,52,55,in_attesa
1,158,GSM8K,gemma2:27b,51,58,in_attesa
1,158,GSM8K,phi3:mini,51,55,in_attesa
1,158,GSM8K,qwen2.5:7b,51,55,in_attesa
1,158,GSM8K,mistral,51,54,in_attesa
1,158,GSM8K,qwen2.5:14b,50,58,in_attesa
1,159,HellaSwag,llama3.2,53,54,in_attesa
1,159,HellaSwag,llama3.1,51,53,in_attesa
1,159,HellaSwag,gemma2:27b,53,56,in_attesa
1,159,HellaSwag,phi3:mini,51,54,in_attesa
1,159,HellaSwag,qwen2.5:7b,51,52,in_attesa
1,159,HellaSwag,mistral,52,54,in_attesa
1,159,HellaSwag,qwen2.5:14b,50,54,in_attesa
1,160,GSM8K,llama3.2,49,52,in_attesa
1,160,GSM8K,llama3.1,52,56,in_attesa
1,160,GSM8K,gemma2:27b,50,59,in_attesa
1,160,GSM8K,phi3:mini,52,56,in_attesa
1,160,GSM8K,qwen2.5:7b,51,56,in_attesa
1,160,GSM8K,mistral,51,56,in_attesa
1,160,GSM8K,qwen2.5:14b,50,60,in_attesa
1,161,HumanEval,llama3.2,52,55,in_attesa
1,161,HumanEval,llama3.1,51,56,in_attesa
1,161,HumanEval,gemma2:27b,51,59,in_attesa
1,161,HumanEval,phi3:mini,52,57,in_attesa
1,161,HumanEval,qwen2.5:7b,51,56,in_attesa
1,161,HumanEval,mistral,51,55,in_attesa
1,161,HumanEval,qwen2.5:14b,50,60,in_attesa
1,162,HumanEval,llama3.2,52,58,in_attesa
1,162,HumanEval,llama3.1,52,57,in_attesa
1,162,HumanEval,gemma2:27b,52,61,in_attesa
1,162,HumanEval,phi3:mini,53,60,in_attesa
1,162,HumanEval,qwen2.5:7b,53,58,in_attesa
1,162,HumanEval,mistral,52,57,in_attesa
1,162,HumanEval,qwen2.5:14b,52,62,in_attesa
1,163,HellaSwag,llama3.2,53,54,in_attesa
1,163,HellaSwag,llama3.1,51,53,in_attesa
1,163,HellaSwag,gemma2:27b,53,55,in_attesa
1,163,HellaSwag,phi3:mini,51,53,in_attesa
1,163,HellaSwag,qwen2.5:7b,53,54,in_attesa
1,163,HellaSwag,mistral,50,52,in_attesa
1,163,HellaSwag,qwen2.5:14b,52,53,in_attesa
1,164,HumanEval,llama3.2,53,55,in_attesa
1,164,HumanEval,llama3.1,50,54,in_attesa
1,164,HumanEval,gemma2:27b,50,61,in_attesa
1,164,HumanEval,phi3:mini,52,55,in_attesa
1,164,HumanEval,qwen2.5:7b,52,59,in_attesa
1,164,HumanEval,mistral,52,56,in_attesa
1,164,HumanEval,qwen2.5:14b,51,62,in_attesa
1,165,GSM8K,llama3.2,51,54,in_attesa
1,165,GSM8K,llama3.1,50,54,in_attesa
1,165,GSM8K,gemma2:27b,50,58,in_attesa
1,165,GSM8K,phi3:mini,51,56,in_attesa
1,165,GSM8K,qwen2.5:7b,51,55,in_attesa
1,165,GSM8K,mistral,51,55,in_attesa
1,165,GSM8K,qwen2.5:14b,50,60,in_attesa
1,166,HumanEval,llama3.2,52,55,in_attesa
1,166,HumanEval,llama3.1,51,55,in_attesa
1,166,HumanEval,gemma2:27b,50,59,in_attesa
1,166,HumanEval,phi3:mini,52,56,in_attesa
1,166,HumanEval,qwen2.5:7b,51,55,in_attesa
1,166,HumanEval,mistral,51,55,in_attesa
1,166,HumanEval,qwen2.5:14b,50,61,in_attesa
1,167,HellaSwag,llama3.2,53,55,in_attesa
1,167,HellaSwag,llama3.1,52,53,in_attesa
1,167,HellaSwag,gemma2:27b,53,55,in_attesa
1,167,HellaSwag,phi3:mini,51,55,in_attesa
1,167,HellaSwag,qwen2.5:7b,51,53,in_attesa
1,167,HellaSwag,mistral,53,55,in_attesa
1,167,HellaSwag,qwen2.5:14b,50,53,in_attesa
1,168,HellaSwag,llama3.2,53,53,in_attesa
1,168,HellaSwag,llama3.1,53,54,in_attesa
1,168,HellaSwag,gemma2:27b,51,55,in_attesa
1,168,HellaSwag,phi3:mini,51,53,in_attesa
1,168,HellaSwag,qwen2.5:7b,53,54,in_attesa
1,168,HellaSwag,mistral,51,55,in_attesa
1,168,HellaSwag,qwen2.5:14b,53,54,in_attesa
1,169,HumanEval,llama3.2,51,55,in_attesa
1,169,HumanEval,llama3.1,51,57,in_attesa
1,169,HumanEval,gemma2:27b,51,57,in_attesa
1,169,HumanEval,phi3:mini,53,59,in_attesa
1,169,HumanEval,qwen2.5:7b,53,64,in_attesa
1,169,HumanEval,mistral,52,57,in_attesa
1,169,HumanEval,qwen2.5:14b,52,62,in_attesa
1,170,HellaSwag,llama3.2,52,54,in_attesa
1,170,HellaSwag,llama3.1,50,53,in_attesa
1,170,HellaSwag,gemma2:27b,53,55,in_attesa
1,170,HellaSwag,phi3:mini,51,55,in_attesa
1,170,HellaSwag,qwen2.5:7b,53,53,in_attesa
1,170,HellaSwag,mistral,53,54,in_attesa
1,170,HellaSwag,qwen2.5:14b,50,53,in_attesa
1,171,GSM8K,llama3.2,53,54,in_attesa
1,171,GSM8K,llama3.1,50,55,in_attesa
1,171,GSM8K,gemma2:27b,53,60,in_attesa
1,171,GSM8K,phi3:mini,53,54,in_attesa
1,171,GSM8K,qwen2.5:7b,52,57,in_attesa
1,171,GSM8K,mistral,52,59,in_attesa
1,171,GSM8K,qwen2.5:14b,51,61,in_attesa
1,172,GSM8K,llama3.2,53,56,in_attesa
1,172,GSM8K,llama3.1,52,57,in_attesa
1,172,GSM8K,gemma2:27b,51,60,in_attesa
1,172,GSM8K,phi3:mini,53,56,in_attesa
1,172,GSM8K,qwen2.5:7b,52,59,in_attesa
1,172,GSM8K,mistral,52,56,in_attesa
1,172,GSM8K,qwen2.5:14b,51,61,in_attesa
1,173,HumanEval,llama3.2,52,56,in_attesa
1,173,HumanEval,llama3.1,51,58,in_attesa
1,173,HumanEval,gemma2:27b,52,58,in_attesa
1,173,HumanEval,phi3:mini,52,56,in_attesa
1,173,HumanEval,qwen2.5:7b,52,57,in_attesa
1,173,HumanEval,mistral,52,57,in_attesa
1,173,HumanEval,qwen2.5:14b,51,63,in_attesa
1,174,GSM8K,llama3.2,52,55,in_attesa
1,174,GSM8K,llama3.1,51,55,in_attesa
1,174,GSM8K,gemma2:27b,50,59,in_attesa
1,174,GSM8K,phi3:mini,52,55,in_attesa
1,174,GSM8K,qwen2.5:7b,51,56,in_attesa
1,174,GSM8K,mistral,50,54,in_attesa
1,174,GSM8K,qwen2.5:14b,50,58,in_attesa
1,175,HellaSwag,llama3.2,51,52,in_attesa
1,175,HellaSwag,llama3.1,52,53,in_attesa
1,175,HellaSwag,gemma2:27b,53,56,in_attesa
1,175,HellaSwag,phi3:mini,51,52,in_attesa
1,175,HellaSwag,qwen2.5:7b,52,53,in_attesa
1,175,HellaSwag,mistral,53,57,in_attesa
1,175,HellaSwag,qwen2.5:14b,50,53,in_attesa
1,176,HellaSwag,llama3.2,53,52,in_attesa
1,176,HellaSwag,llama3.1,52,53,in_attesa
1,176,HellaSwag,gemma2:27b,53,56,in_attesa
1,176,HellaSwag,phi3:mini,51,54,in_attesa
1,176,HellaSwag,qwen2.5:7b,51,53,in_attesa
1,176,HellaSwag,mistral,53,54,in_attesa
1,176,HellaSwag,qwen2.5:14b,50,54,in_attesa
1,177,HellaSwag,llama3.2,50,51,in_attesa
1,177,HellaSwag,llama3.1,51,55,in_attesa
1,177,HellaSwag,gemma2:27b,50,55,in_attesa
1,177,HellaSwag,phi3:mini,51,53,in_attesa
1,177,HellaSwag,qwen2.5:7b,52,55,in_attesa
1,177,HellaSwag,mistral,53,54,in_attesa
1,177,HellaSwag,qwen2.5:14b,51,54,in_attesa
1,178,HumanEval,llama3.2,50,56,in_attesa
1,178,HumanEval,llama3.1,50,58,in_attesa
1,178,HumanEval,gemma2:27b,51,61,in_attesa
1,178,HumanEval,phi3:mini,52,55,in_attesa
1,178,HumanEval,qwen2.5:7b,52,59,in_attesa
1,178,HumanEval,mistral,52,56,in_attesa
1,178,HumanEval,qwen2.5:14b,51,63,in_attesa
1,179,GSM8K,llama3.2,52,55,in_attesa
1,179,GSM8K,llama3.1,51,55,in_attesa
1,179,GSM8K,gemma2:27b,50,60,in_attesa
1,179,GSM8K,phi3:mini,53,56,in_attesa
1,179,GSM8K,qwen2.5:7b,53,59,in_attesa
1,179,GSM8K,mistral,53,56,in_attesa
1,179,GSM8K,qwen2.5:14b,52,61,in_attesa
1,180,HumanEval,llama3.2,53,57,in_attesa
1,180,HumanEval,llama3.1,52,56,in_attesa
1,180,HumanEval,gemma2:27b,51,60,in_attesa
1,180,HumanEval,phi3:mini,53,57,in_attesa
1,180,HumanEval,qwen2.5:7b,52,56,in_attesa
1,180,HumanEval,mistral,51,54,in_attesa
1,180,HumanEval,qwen2.5:14b,50,56,in_attesa
1,181,HellaSwag,llama3.2,52,52,in_attesa
1,181,HellaSwag,llama3.1,52,54,in_attesa
1,181,HellaSwag,gemma2:27b,50,54,in_attesa
1,181,HellaSwag,phi3:mini,50,54,in_attesa
1,181,HellaSwag,qwen2.5:7b,50,53,in_attesa
1,181,HellaSwag,mistral,53,55,in_attesa
1,181,HellaSwag,qwen2.5:14b,50,55,in_attesa
1,182,HellaSwag,llama3.2,51,52,in_attesa
1,182,HellaSwag,llama3.1,52,53,in_attesa
1,182,HellaSwag,gemma2:27b,53,55,in_attesa
1,182,HellaSwag,phi3:mini,51,52,in_attesa
1,182,HellaSwag,qwen2.5:7b,52,54,in_attesa
1,182,HellaSwag,mistral,51,53,in_attesa
1,182,HellaSwag,qwen2.5:14b,53,54,in_attesa
1,183,HellaSwag,llama3.2,51,52,in_attesa
1,183,HellaSwag,llama3.1,52,54,in_attesa
1,183,HellaSwag,gemma2:27b,50,55,in_attesa
1,183,HellaSwag,phi3:mini,51,52,in_attesa
1,183,HellaSwag,qwen2.5:7b,52,53,in_attesa
1,183,HellaSwag,mistral,53,58,in_attesa
1,183,HellaSwag,qwen2.5:14b,50,54,in_attesa
1,184,HellaSwag,llama3.2,50,52,in_attesa
1,184,HellaSwag,llama3.1,51,53,in_attesa
1,184,HellaSwag,gemma2:27b,53,55,in_attesa
1,184,HellaSwag,phi3:mini,51,54,in_attesa
1,184,HellaSwag,qwen2.5:7b,50,51,in_attesa
1,184,HellaSwag,mistral,51,52,in_attesa
1,184,HellaSwag,qwen2.5:14b,52,54,in_attesa
1,185,HellaSwag,llama3.2,50,51,in_attesa
1,185,HellaSwag,llama3.1,51,54,in_attesa
1,185,HellaSwag,gemma2:27b,50,54,in_attesa
1,185,HellaSwag,phi3:mini,50,51,in_attesa
1,185,HellaSwag,qwen2.5:7b,51,53,in_attesa
1,185,HellaSwag,mistral,52,54,in_attesa
1,185,HellaSwag,qwen2.5:14b,50,54,in_attesa
1,186,HellaSwag,llama3.2,53,52,in_attesa
1,186,HellaSwag,llama3.1,52,53,in_attesa
1,186,HellaSwag,gemma2:27b,53,55,in_attesa
1,186,HellaSwag,phi3:mini,51,53,in_attesa
1,186,HellaSwag,qwen2.5:7b,53,53,in_attesa
1,186,HellaSwag,mistral,53,55,in_attesa
1,186,HellaSwag,qwen2.5:14b,51,54,in_attesa
1,187,HumanEval,llama3.2,50,55,in_attesa
1,187,HumanEval,llama3.1,50,55,in_attesa
1,187,HumanEval,gemma2:27b,50,61,in_attesa
1,187,HumanEval,phi3:mini,53,60,in_attesa
1,187,HumanEval,qwen2.5:7b,52,58,in_attesa
1,187,HumanEval,mistral,52,57,in_attesa
1,187,HumanEval,qwen2.5:14b,51,63,in_attesa
1,188,GSM8K,llama3.2,52,54,in_attesa
1,188,GSM8K,llama3.1,50,59,in_attesa
1,188,GSM8K,gemma2:27b,50,60,in_attesa
1,188,GSM8K,phi3:mini,53,57,in_attesa
1,188,GSM8K,qwen2.5:7b,51,58,in_attesa
1,188,GSM8K,mistral,51,56,in_attesa
1,188,GSM8K,qwen2.5:14b,51,63,in_attesa
1,189,GSM8K,llama3.2,52,54,in_attesa
1,189,GSM8K,llama3.1,51,55,in_attesa
1,189,GSM8K,gemma2:27b,51,59,in_attesa
1,189,GSM8K,phi3:mini,52,55,in_attesa
1,189,GSM8K,qwen2.5:7b,51,55,in_attesa
1,189,GSM8K,mistral,51,55,in_attesa
1,189,GSM8K,qwen2.5:14b,50,60,in_attesa
1,190,GSM8K,llama3.2,53,56,in_attesa
1,190,GSM8K,llama3.1,51,54,in_attesa
1,190,GSM8K,gemma2:27b,50,59,in_attesa
1,190,GSM8K,phi3:mini,52,58,in_attesa
1,190,GSM8K,qwen2.5:7b,52,56,in_attesa
1,190,GSM8K,mistral,51,56,in_attesa
1,190,GSM8K,qwen2.5:14b,50,62,in_attesa
1,191,HellaSwag,llama3.2,52,52,in_attesa
1,191,HellaSwag,llama3.1,52,53,in_attesa
1,191,HellaSwag,gemma2:27b,53,55,in_attesa
1,191,HellaSwag,phi3:mini,51,54,in_attesa
1,191,HellaSwag,qwen2.5:7b,51,53,in_attesa
1,191,HellaSwag,mistral,53,56,in_attesa
1,191,HellaSwag,qwen2.5:14b,53,54,in_attesa
1,192,HellaSwag,llama3.2,50,51,in_attesa
1,192,HellaSwag,llama3.1,51,52,in_attesa
1,192,HellaSwag,gemma2:27b,52,55,in_attesa
1,192,HellaSwag,phi3:mini,51,56,in_attesa
1,192,HellaSwag,qwen2.5:7b,53,54,in_attesa
1,192,HellaSwag,mistral,50,53,in_attesa
1,192,HellaSwag,qwen2.5:14b,53,54,in_attesa
1,193,HumanEval,llama3.2,50,55,in_attesa
1,193,HumanEval,llama3.1,50,56,in_attesa
1,193,HumanEval,gemma2:27b,51,61,in_attesa
1,193,HumanEval,phi3:mini,52,56,in_attesa
1,193,HumanEval,qwen2.5:7b,51,58,in_attesa
1,193,HumanEval,mistral,52,56,in_attesa
1,193,HumanEval,qwen2.5:14b,51,63,in_attesa
1,194,HellaSwag,llama3.2,52,53,in_attesa
1,194,HellaSwag,llama3.1,53,54,in_attesa
1,194,HellaSwag,gemma2:27b,51,54,in_attesa
1,194,HellaSwag,phi3:mini,50,52,in_attesa
1,194,HellaSwag,qwen2.5:7b,52,53,in_attesa
1,194,HellaSwag,mistral,53,56,in_attesa
1,194,HellaSwag,qwen2.5:14b,50,53,in_attesa
1,195,HellaSwag,llama3.2,53,53,in_attesa
1,195,HellaSwag,llama3.1,52,53,in_attesa
1,195,HellaSwag,gemma2:27b,53,55,in_attesa
1,195,HellaSwag,phi3:mini,51,55,in_attesa
1,195,HellaSwag,qwen2.5:7b,53,53,in_attesa
1,195,HellaSwag,mistral,53,54,in_attesa
1,195,HellaSwag,qwen2.5:14b,50,55,in_attesa
1,196,HellaSwag,llama3.2,53,52,in_attesa
1,196,HellaSwag,llama3.1,52,54,in_attesa
1,196,HellaSwag,gemma2:27b,51,55,in_attesa
1,196,HellaSwag,phi3:mini,50,52,in_attesa
1,196,HellaSwag,qwen2.5:7b,51,52,in_attesa
1,196,HellaSwag,mistral,52,53,in_attesa
1,196,HellaSwag,qwen2.5:14b,53,56,in_attesa
1,197,HumanEval,llama3.2,51,55,in_attesa
1,197,HumanEval,llama3.1,50,60,in_attesa
1,197,HumanEval,gemma2:27b,51,60,in_attesa
1,197,HumanEval,phi3:mini,53,56,in_attesa
1,197,HumanEval,qwen2.5:7b,52,57,in_attesa
1,197,HumanEval,mistral,52,55,in_attesa
1,197,HumanEval,qwen2.5:14b,51,60,in_attesa
1,198,HumanEval,llama3.2,52,55,in_attesa
1,198,HumanEval,llama3.1,51,57,in_attesa
1,198,HumanEval,gemma2:27b,51,58,in_attesa
1,198,HumanEval,phi3:mini,52,54,in_attesa
1,198,HumanEval,qwen2.5:7b,51,58,in_attesa
1,198,HumanEval,mistral,52,55,in_attesa
1,198,HumanEval,qwen2.5:14b,51,61,in_attesa
1,199,HellaSwag,llama3.2,52,53,in_attesa
1,199,HellaSwag,llama3.1,53,54,in_attesa
1,199,HellaSwag,gemma2:27b,51,54,in_attesa
1,199,HellaSwag,phi3:mini,50,52,in_attesa
1,199,HellaSwag,qwen2.5:7b,52,53,in_attesa
1,199,HellaSwag,mistral,53,54,in_attesa
1,199,HellaSwag,qwen2.5:14b,50,53,in_attesa
1,200,GSM8K,llama3.2,53,54,in_attesa
1,200,GSM8K,llama3.1,50,54,in_attesa
1,200,GSM8K,gemma2:27b,50,56,in_attesa
1,200,GSM8K,phi3:mini,52,58,in_attesa
1,200,GSM8K,qwen2.5:7b,52,57,in_attesa
1,200,GSM8K,mistral,51,55,in_attesa
1,200,GSM8K,qwen2.5:14b,50,57,in_attesa
1,201,HumanEval,llama3.2,52,57,in_attesa
1,201,HumanEval,llama3.1,52,57,in_attesa
1,201,HumanEval,gemma2:27b,52,61,in_attesa
1,201,HumanEval,phi3:mini,52,57,in_attesa
1,201,HumanEval,qwen2.5:7b,53,59,in_attesa
1,201,HumanEval,mistral,53,56,in_attesa
1,201,HumanEval,qwen2.5:14b,52,63,in_attesa
1,202,HumanEval,llama3.2,52,55,in_attesa
1,202,HumanEval,llama3.1,51,57,in_attesa
1,202,HumanEval,gemma2:27b,52,60,in_attesa
1,202,HumanEval,phi3:mini,53,59,in_attesa
1,202,HumanEval,qwen2.5:7b,52,58,in_attesa
1,202,HumanEval,mistral,52,55,in_attesa
1,202,HumanEval,qwen2.5:14b,51,62,in_attesa
1,203,HellaSwag,llama3.2,53,53,in_attesa
1,203,HellaSwag,llama3.1,53,55,in_attesa
1,203,HellaSwag,gemma2:27b,51,55,in_attesa
1,203,HellaSwag,phi3:mini,51,53,in_attesa
1,203,HellaSwag,qwen2.5:7b,53,53,in_attesa
1,203,HellaSwag,mistral,53,55,in_attesa
1,203,HellaSwag,qwen2.5:14b,50,53,in_attesa
1,204,GSM8K,llama3.2,53,53,in_attesa
1,204,GSM8K,llama3.1,53,55,in_attesa
1,204,GSM8K,gemma2:27b,50,59,in_attesa
1,204,GSM8K,phi3:mini,52,57,in_attesa
1,204,GSM8K,qwen2.5:7b,52,56,in_attesa
1,204,GSM8K,mistral,51,55,in_attesa
1,204,GSM8K,qwen2.5:14b,50,61,in_attesa
1,205,GSM8K,llama3.2,52,56,in_attesa
1,205,GSM8K,llama3.1,51,55,in_attesa
1,205,GSM8K,gemma2:27b,50,58,in_attesa
1,205,GSM8K,phi3:mini,51,55,in_attesa
1,205,GSM8K,qwen2.5:7b,51,55,in_attesa
1,205,GSM8K,mistral,51,55,in_attesa
1,205,GSM8K,qwen2.5:14b,50,59,in_attesa
1,206,HumanEval,llama3.2,51,56,in_attesa
1,206,HumanEval,llama3.1,51,57,in_attesa
1,206,HumanEval,gemma2:27b,51,61,in_attesa
1,206,HumanEval,phi3:mini,53,59,in_attesa
1,206,HumanEval,qwen2.5:7b,53,60,in_attesa
1,206,HumanEval,mistral,53,58,in_attesa
1,206,HumanEval,qwen2.5:14b,52,63,in_attesa
1,207,GSM8K,llama3.2,52,55,in_attesa
1,207,GSM8K,llama3.1,51,56,in_attesa
1,207,GSM8K,gemma2:27b,51,59,in_attesa
1,207,GSM8K,phi3:mini,52,55,in_attesa
1,207,GSM8K,qwen2.5:7b,52,58,in_attesa
1,207,GSM8K,mistral,52,55,in_attesa
1,207,GSM8K,qwen2.5:14b,50,61,in_attesa
1,208,HellaSwag,llama3.2,53,55,in_attesa
1,208,HellaSwag,llama3.1,51,54,in_attesa
1,208,HellaSwag,gemma2:27b,49,54,in_attesa
1,208,HellaSwag,phi3:mini,50,53,in_attesa
1,208,HellaSwag,qwen2.5:7b,53,54,in_attesa
1,208,HellaSwag,mistral,53,54,in_attesa
1,208,HellaSwag,qwen2.5:14b,50,53,in_attesa
1,209,HellaSwag,llama3.2,53,52,in_attesa
1,209,HellaSwag,llama3.1,52,54,in_attesa
1,209,HellaSwag,gemma2:27b,50,55,in_attesa
1,209,HellaSwag,phi3:mini,51,52,in_attesa
1,209,HellaSwag,qwen2.5:7b,52,54,in_attesa
1,209,HellaSwag,mistral,50,53,in_attesa
1,209,HellaSwag,qwen2.5:14b,53,54,in_attesa
1,210,GSM8K,llama3.2,50,53,in_attesa
1,210,GSM8K,llama3.1,53,55,in_attesa
1,210,GSM8K,gemma2:27b,51,59,in_attesa
1,210,GSM8K,phi3:mini,52,59,in_attesa
1,210,GSM8K,qwen2.5:7b,52,56,in_attesa
1,210,GSM8K,mistral,51,55,in_attesa
1,210,GSM8K,qwen2.5:14b,50,59,in_attesa
1,211,HellaSwag,llama3.2,52,53,in_attesa
1,211,HellaSwag,llama3.1,52,54,in_attesa
1,211,HellaSwag,gemma2:27b,50,54,in_attesa
1,211,HellaSwag,phi3:mini,50,51,in_attesa
1,211,HellaSwag,qwen2.5:7b,51,52,in_attesa
1,211,HellaSwag,mistral,52,54,in_attesa
1,211,HellaSwag,qwen2.5:14b,50,53,in_attesa
1,212,GSM8K,llama3.2,53,53,in_attesa
1,212,GSM8K,llama3.1,53,56,in_attesa
1,212,GSM8K,gemma2:27b,50,58,in_attesa
1,212,GSM8K,phi3:mini,51,56,in_attesa
1,212,GSM8K,qwen2.5:7b,51,56,in_attesa
1,212,GSM8K,mistral,51,54,in_attesa
1,212,GSM8K,qwen2.5:14b,50,60,in_attesa
1,213,HumanEval,llama3.2,52,56,in_attesa
1,213,HumanEval,llama3.1,51,57,in_attesa
1,213,HumanEval,gemma2:27b,52,55,in_attesa
1,213,HumanEval,phi3:mini,52,54,in_attesa
1,213,HumanEval,qwen2.5:7b,51,60,in_attesa
1,213,HumanEval,mistral,51,54,in_attesa
1,213,HumanEval,qwen2.5:14b,51,62,in_attesa
1,214,HumanEval,llama3.2,52,55,in_attesa
1,214,HumanEval,llama3.1,51,57,in_attesa
1,214,HumanEval,gemma2:27b,51,61,in_attesa
1,214,HumanEval,phi3:mini,53,56,in_attesa
1,214,HumanEval,qwen2.5:7b,52,57,in_attesa
1,214,HumanEval,mistral,52,56,in_attesa
1,214,HumanEval,qwen2.5:14b,51,62,in_attesa
1,215,HellaSwag,llama3.2,52,52,in_attesa
1,215,HellaSwag,llama3.1,52,54,in_attesa
1,215,HellaSwag,gemma2:27b,50,55,in_attesa
1,215,HellaSwag,phi3:mini,50,54,in_attesa
1,215,HellaSwag,qwen2.5:7b,50,51,in_attesa
1,215,HellaSwag,mistral,51,52,in_attesa
1,215,HellaSwag,qwen2.5:14b,52,56,in_attesa
1,216,GSM8K,llama3.2,53,55,in_attesa
1,216,GSM8K,llama3.1,51,54,in_attesa
1,216,GSM8K,gemma2:27b,50,59,in_attesa
1,216,GSM8K,phi3:mini,52,58,in_attesa
1,216,GSM8K,qwen2.5:7b,52,58,in_attesa
1,216,GSM8K,mistral,52,55,in_attesa
1,216,GSM8K,qwen2.5:14b,51,60,in_attesa
1,217,HumanEval,llama3.2,51,55,in_attesa
1,217,HumanEval,llama3.1,51,56,in_attesa
1,217,HumanEval,gemma2:27b,51,61,in_attesa
1,217,HumanEval,phi3:mini,52,56,in_attesa
1,217,HumanEval,qwen2.5:7b,51,56,in_attesa
1,217,HumanEval,mistral,51,55,in_attesa
1,217,HumanEval,qwen2.5:14b,50,61,in_attesa
1,218,HellaSwag,llama3.2,53,53,in_attesa
1,218,HellaSwag,llama3.1,53,56,in_attesa
1,218,HellaSwag,gemma2:27b,51,55,in_attesa
1,218,HellaSwag,phi3:mini,51,53,in_attesa
1,218,HellaSwag,qwen2.5:7b,53,53,in_attesa
1,218,HellaSwag,mistral,53,54,in_attesa
1,218,HellaSwag,qwen2.5:14b,50,52,in_attesa
1,219,HumanEval,llama3.2,52,54,in_attesa
1,219,HumanEval,llama3.1,50,55,in_attesa
1,219,HumanEval,gemma2:27b,50,60,in_attesa
1,219,HumanEval,phi3:mini,53,56,in_attesa
1,219,HumanEval,qwen2.5:7b,52,59,in_attesa
1,219,HumanEval,mistral,52,57,in_attesa
1,219,HumanEval,qwen2.5:14b,51,61,in_attesa
1,220,GSM8K,llama3.2,53,55,in_attesa
1,220,GSM8K,llama3.1,51,54,in_attesa
1,220,GSM8K,gemma2:27b,50,57,in_attesa
1,220,GSM8K,phi3:mini,53,55,in_attesa
1,220,GSM8K,qwen2.5:7b,51,55,in_attesa
1,220,GSM8K,mistral,51,54,in_attesa
1,220,GSM8K,qwen2.5:14b,50,58,in_attesa
1,221,HellaSwag,llama3.2,53,53,in_attesa
1,221,HellaSwag,llama3.1,53,56,in_attesa
1,221,HellaSwag,gemma2:27b,51,55,in_attesa
1,221,HellaSwag,phi3:mini,51,55,in_attesa
1,221,HellaSwag,qwen2.5:7b,51,54,in_attesa
1,221,HellaSwag,mistral,50,53,in_attesa
1,221,HellaSwag,qwen2.5:14b,53,53,in_attesa
1,222,HellaSwag,llama3.2,53,54,in_attesa
1,222,HellaSwag,llama3.1,52,54,in_attesa
1,222,HellaSwag,gemma2:27b,50,54,in_attesa
1,222,HellaSwag,phi3:mini,50,55,in_attesa
1,222,HellaSwag,qwen2.5:7b,50,54,in_attesa
1,222,HellaSwag,mistral,52,54,in_attesa
1,222,HellaSwag,qwen2.5:14b,50,54,in_attesa
1,223,GSM8K,llama3.2,50,53,in_attesa
1,223,GSM8K,llama3.1,53,54,in_attesa
1,223,GSM8K,gemma2:27b,50,57,in_attesa
1,223,GSM8K,phi3:mini,53,58,in_attesa
1,223,GSM8K,qwen2.5:7b,52,56,in_attesa
1,223,GSM8K,mistral,51,56,in_attesa
1,223,GSM8K,qwen2.5:14b,51,58,in_attesa
1,224,HumanEval,llama3.2,52,55,in_attesa
1,224,HumanEval,llama3.1,51,56,in_attesa
1,224,HumanEval,gemma2:27b,51,61,in_attesa
1,224,HumanEval,phi3:mini,53,56,in_attesa
1,224,HumanEval,qwen2.5:7b,53,57,in_attesa
1,224,HumanEval,mistral,52,56,in_attesa
1,224,HumanEval,qwen2.5:14b,51,61,in_attesa
1,225,HellaSwag,llama3.2,53,53,in_attesa
1,225,HellaSwag,llama3.1,53,55,in_attesa
1,225,HellaSwag,gemma2:27b,51,54,in_attesa
1,225,HellaSwag,phi3:mini,50,53,in_attesa
1,225,HellaSwag,qwen2.5:7b,53,53,in_attesa
1,225,HellaSwag,mistral,53,56,in_attesa
1,225,HellaSwag,qwen2.5:14b,50,53,in_attesa
1,226,GSM8K,llama3.2,53,54,in_attesa
1,226,GSM8K,llama3.1,50,54,in_attesa
1,226,GSM8K,gemma2:27b,50,58,in_attesa
1,226,GSM8K,phi3:mini,52,55,in_attesa
1,226,GSM8K,qwen2.5:7b,51,54,in_attesa
1,226,GSM8K,mistral,50,53,in_attesa
1,226,GSM8K,qwen2.5:14b,53,58,in_attesa
1,227,HellaSwag,llama3.2,53,53,in_attesa
1,227,HellaSwag,llama3.1,53,54,in_attesa
1,227,HellaSwag,gemma2:27b,51,55,in_attesa
1,227,HellaSwag,phi3:mini,51,52,in_attesa
1,227,HellaSwag,qwen2.5:7b,52,53,in_attesa
1,227,HellaSwag,mistral,52,55,in_attesa
1,227,HellaSwag,qwen2.5:14b,50,53,in_attesa
1,228,HumanEval,llama3.2,53,55,in_attesa
1,228,HumanEval,llama3.1,50,55,in_attesa
1,228,HumanEval,gemma2:27b,50,59,in_attesa
1,228,HumanEval,phi3:mini,53,56,in_attesa
1,228,HumanEval,qwen2.5:7b,52,57,in_attesa
1,228,HumanEval,mistral,52,57,in_attesa
1,228,HumanEval,qwen2.5:14b,52,61,in_attesa
1,229,HellaSwag,llama3.2,53,54,in_attesa
1,229,HellaSwag,llama3.1,51,53,in_attesa
1,229,HellaSwag,gemma2:27b,53,55,in_attesa
1,229,HellaSwag,phi3:mini,51,54,in_attesa
1,229,HellaSwag,qwen2.5:7b,51,54,in_attesa
1,229,HellaSwag,mistral,53,55,in_attesa
1,229,HellaSwag,qwen2.5:14b,50,53,in_attesa
1,230,GSM8K,llama3.2,53,54,in_attesa
1,230,GSM8K,llama3.1,50,54,in_attesa
1,230,GSM8K,gemma2:27b,50,59,in_attesa
1,230,GSM8K,phi3:mini,52,56,in_attesa
1,230,GSM8K,qwen2.5:7b,53,57,in_attesa
1,230,GSM8K,mistral,52,55,in_attesa
1,230,GSM8K,qwen2.5:14b,51,58,in_attesa
1,231,HellaSwag,llama3.2,53,54,in_attesa
1,231,HellaSwag,llama3.1,51,52,in_attesa
1,231,HellaSwag,gemma2:27b,52,55,in_attesa
1,231,HellaSwag,phi3:mini,51,53,in_attesa
1,231,HellaSwag,qwen2.5:7b,53,54,in_attesa
1,231,HellaSwag,mistral,53,55,in_attesa
1,231,HellaSwag,qwen2.5:14b,51,54,in_attesa
1,232,GSM8K,llama3.2,53,54,in_attesa
1,232,GSM8K,llama3.1,51,54,in_attesa
1,232,GSM8K,gemma2:27b,50,58,in_attesa
1,232,GSM8K,phi3:mini,52,56,in_attesa
1,232,GSM8K,qwen2.5:7b,52,55,in_attesa
1,232,GSM8K,mistral,51,56,in_attesa
1,232,GSM8K,qwen2.5:14b,50,58,in_attesa
1,233,GSM8K,llama3.2,53,55,in_attesa
1,233,GSM8K,llama3.1,51,55,in_attesa
1,233,GSM8K,gemma2:27b,50,59,in_attesa
1,233,GSM8K,phi3:mini,53,59,in_attesa
1,233,GSM8K,qwen2.5:7b,53,57,in_attesa
1,233,GSM8K,mistral,52,57,in_attesa
1,233,GSM8K,qwen2.5:14b,51,60,in_attesa
1,234,GSM8K,llama3.2,52,56,in_attesa
1,234,GSM8K,llama3.1,51,54,in_attesa
1,234,GSM8K,gemma2:27b,50,60,in_attesa
1,234,GSM8K,phi3:mini,53,56,in_attesa
1,234,GSM8K,qwen2.5:7b,51,56,in_attesa
1,234,GSM8K,mistral,51,56,in_attesa
1,234,GSM8K,qwen2.5:14b,51,61,in_attesa
1,235,GSM8K,llama3.2,53,57,in_attesa
1,235,GSM8K,llama3.1,51,55,in_attesa
1,235,GSM8K,gemma2:27b,50,56,in_attesa
1,235,GSM8K,phi3:mini,52,54,in_attesa
1,235,GSM8K,qwen2.5:7b,52,55,in_attesa
1,235,GSM8K,mistral,51,56,in_attesa
1,235,GSM8K,qwen2.5:14b,51,63,in_attesa
1,236,GSM8K,llama3.2,52,56,in_attesa
1,236,GSM8K,llama3.1,52,57,in_attesa
1,236,GSM8K,gemma2:27b,52,61,in_attesa
1,236,GSM8K,phi3:mini,52,58,in_attesa
1,236,GSM8K,qwen2.5:7b,51,58,in_attesa
1,236,GSM8K,mistral,52,56,in_attesa
1,236,GSM8K,qwen2.5:14b,51,62,in_attesa
1,237,HumanEval,llama3.2,52,56,in_attesa
1,237,HumanEval,llama3.1,51,57,in_attesa
1,237,HumanEval,gemma2:27b,52,62,in_attesa
1,237,HumanEval,phi3:mini,52,55,in_attesa
1,237,HumanEval,qwen2.5:7b,51,58,in_attesa
1,237,HumanEval,mistral,52,57,in_attesa
1,237,HumanEval,qwen2.5:14b,51,63,in_attesa
1,238,HellaSwag,llama3.2,52,53,in_attesa
1,238,HellaSwag,llama3.1,53,54,in_attesa
1,238,HellaSwag,gemma2:27b,51,56,in_attesa
1,238,HellaSwag,phi3:mini,51,52,in_attesa
1,238,HellaSwag,qwen2.5:7b,52,54,in_attesa
1,238,HellaSwag,mistral,50,52,in_attesa
1,238,HellaSwag,qwen2.5:14b,52,54,in_attesa
1,239,HellaSwag,llama3.2,50,50,in_attesa
1,239,HellaSwag,llama3.1,50,51,in_attesa
1,239,HellaSwag,gemma2:27b,51,54,in_attesa
1,239,HellaSwag,phi3:mini,50,52,in_attesa
1,239,HellaSwag,qwen2.5:7b,52,53,in_attesa
1,239,HellaSwag,mistral,53,54,in_attesa
1,239,HellaSwag,qwen2.5:14b,50,53,in_attesa
1,240,HumanEval,llama3.2,53,56,in_attesa
1,240,HumanEval,llama3.1,51,57,in_attesa
1,240,HumanEval,gemma2:27b,52,58,in_attesa
1,240,HumanEval,phi3:mini,52,55,in_attesa
1,240,HumanEval,qwen2.5:7b,52,57,in_attesa
1,240,HumanEval,mistral,52,55,in_attesa
1,240,HumanEval,qwen2.5:14b,51,62,in_attesa
1,241,GSM8K,llama3.2,52,55,in_attesa
1,241,GSM8K,llama3.1,51,59,in_attesa
1,241,GSM8K,gemma2:27b,51,61,in_attesa
1,241,GSM8K,phi3:mini,53,59,in_attesa
1,241,GSM8K,qwen2.5:7b,52,59,in_attesa
1,241,GSM8K,mistral,53,57,in_attesa
1,241,GSM8K,qwen2.5:14b,52,61,in_attesa
1,242,GSM8K,llama3.2,53,56,in_attesa
1,242,GSM8K,llama3.1,52,55,in_attesa
1,242,GSM8K,gemma2:27b,51,60,in_attesa
1,242,GSM8K,phi3:mini,53,55,in_attesa
1,242,GSM8K,qwen2.5:7b,51,56,in_attesa
1,242,GSM8K,mistral,51,55,in_attesa
1,242,GSM8K,qwen2.5:14b,50,60,in_attesa
1,243,HumanEval,llama3.2,52,55,in_attesa
1,243,HumanEval,llama3.1,51,56,in_attesa
1,243,HumanEval,gemma2:27b,51,61,in_attesa
1,243,HumanEval,phi3:mini,52,55,in_attesa
1,243,HumanEval,qwen2.5:7b,52,57,in_attesa
1,243,HumanEval,mistral,52,55,in_attesa
1,243,HumanEval,qwen2.5:14b,51,61,in_attesa
1,244,GSM8K,llama3.2,53,55,in_attesa
1,244,GSM8K,llama3.1,51,55,in_attesa
1,244,GSM8K,gemma2:27b,53,57,in_attesa
1,244,GSM8K,phi3:mini,53,56,in_attesa
1,244,GSM8K,qwen2.5:7b,52,55,in_attesa
1,244,GSM8K,mistral,51,56,in_attesa
1,244,GSM8K,qwen2.5:14b,50,58,in_attesa
1,245,HumanEval,llama3.2,52,55,in_attesa
1,245,HumanEval,llama3.1,51,56,in_attesa
1,245,HumanEval,gemma2:27b,51,60,in_attesa
1,245,HumanEval,phi3:mini,53,59,in_attesa
1,245,HumanEval,qwen2.5:7b,52,56,in_attesa
1,245,HumanEval,mistral,51,58,in_attesa
1,245,HumanEval,qwen2.5:14b,51,60,in_attesa
1,246,GSM8K,llama3.2,52,54,in_attesa
1,246,GSM8K,llama3.1,50,56,in_attesa
1,246,GSM8K,gemma2:27b,50,59,in_attesa
1,246,GSM8K,phi3:mini,52,56,in_attesa
1,246,GSM8K,qwen2.5:7b,51,55,in_attesa
1,246,GSM8K,mistral,50,53,in_attesa
1,246,GSM8K,qwen2.5:14b,53,58,in_attesa
1,247,GSM8K,llama3.2,53,54,in_attesa
1,247,GSM8K,llama3.1,51,54,in_attesa
1,247,GSM8K,gemma2:27b,50,56,in_attesa
1,247,GSM8K,phi3:mini,53,55,in_attesa
1,247,GSM8K,qwen2.5:7b,51,55,in_attesa
1,247,GSM8K,mistral,51,54,in_attesa
1,247,GSM8K,qwen2.5:14b,50,59,in_attesa
1,248,HellaSwag,llama3.2,53,55,in_attesa
1,248,HellaSwag,llama3.1,51,54,in_attesa
1,248,HellaSwag,gemma2:27b,50,54,in_attesa
1,248,HellaSwag,phi3:mini,50,51,in_attesa
1,248,HellaSwag,qwen2.5:7b,51,53,in_attesa
1,248,HellaSwag,mistral,52,55,in_attesa
1,248,HellaSwag,qwen2.5:14b,53,54,in_attesa
1,249,GSM8K,llama3.2,50,54,in_attesa
1,249,GSM8K,llama3.1,50,55,in_attesa
1,249,GSM8K,gemma2:27b,50,60,in_attesa
1,249,GSM8K,phi3:mini,53,57,in_attesa
1,249,GSM8K,qwen2.5:7b,53,58,in_attesa
1,249,GSM8K,mistral,52,56,in_attesa
1,249,GSM8K,qwen2.5:14b,51,63,in_attesa
1,250,HellaSwag,llama3.2,52,54,in_attesa
1,250,HellaSwag,llama3.1,53,54,in_attesa
1,250,HellaSwag,gemma2:27b,51,54,in_attesa
1,250,HellaSwag,phi3:mini,50,52,in_attesa
1,250,HellaSwag,qwen2.5:7b,51,53,in_attesa
1,250,HellaSwag,mistral,53,54,in_attesa
1,250,HellaSwag,qwen2.5:14b,50,53,in_attesa
1,251,GSM8K,llama3.2,53,53,in_attesa
1,251,GSM8K,llama3.1,53,55,in_attesa
1,251,GSM8K,gemma2:27b,51,58,in_attesa
1,251,GSM8K,phi3:mini,51,54,in_attesa
1,251,GSM8K,qwen2.5:7b,51,55,in_attesa
1,251,GSM8K,mistral,50,55,in_attesa
1,251,GSM8K,qwen2.5:14b,53,58,in_attesa
1,252,GSM8K,llama3.2,53,55,in_attesa
1,252,GSM8K,llama3.1,51,54,in_attesa
1,252,GSM8K,gemma2:27b,50,57,in_attesa
1,252,GSM8K,phi3:mini,53,56,in_attesa
1,252,GSM8K,qwen2.5:7b,52,55,in_attesa
1,252,GSM8K,mistral,51,54,in_attesa
1,252,GSM8K,qwen2.5:14b,51,59,in_attesa
1,253,HellaSwag,llama3.2,53,53,in_attesa
1,253,HellaSwag,llama3.1,53,54,in_attesa
1,253,HellaSwag,gemma2:27b,51,55,in_attesa
1,253,HellaSwag,phi3:mini,51,53,in_attesa
1,253,HellaSwag,qwen2.5:7b,53,53,in_attesa
1,253,HellaSwag,mistral,53,54,in_attesa
1,253,HellaSwag,qwen2.5:14b,49,53,in_attesa
1,254,HumanEval,llama3.2,53,55,in_attesa
1,254,HumanEval,llama3.1,51,57,in_attesa
1,254,HumanEval,gemma2:27b,52,61,in_attesa
1,254,HumanEval,phi3:mini,52,57,in_attesa
1,254,HumanEval,qwen2.5:7b,51,57,in_attesa
1,254,HumanEval,mistral,52,58,in_attesa
1,254,HumanEval,qwen2.5:14b,52,63,in_attesa
1,255,HellaSwag,llama3.2,52,53,in_attesa
1,255,HellaSwag,llama3.1,53,54,in_attesa
1,255,HellaSwag,gemma2:27b,50,54,in_attesa
1,255,HellaSwag,phi3:mini,50,52,in_attesa
1,255,HellaSwag,qwen2.5:7b,51,52,in_attesa
1,255,HellaSwag,mistral,52,55,in_attesa
1,255,HellaSwag,qwen2.5:14b,50,53,in_attesa
1,256,HellaSwag,llama3.2,53,52,in_attesa
1,256,HellaSwag,llama3.1,52,53,in_attesa
1,256,HellaSwag,gemma2:27b,53,55,in_attesa
1,256,HellaSwag,phi3:mini,51,54,in_attesa
1,256,HellaSwag,qwen2.5:7b,51,54,in_attesa
1,256,HellaSwag,mistral,53,55,in_attesa
1,256,HellaSwag,qwen2.5:14b,51,53,in_attesa
1,257,HellaSwag,llama3.2,53,52,in_attesa
1,257,HellaSwag,llama3.1,52,54,in_attesa
1,257,HellaSwag,gemma2:27b,50,54,in_attesa
1,257,HellaSwag,phi3:mini,51,53,in_attesa
1,257,HellaSwag,qwen2.5:7b,53,54,in_attesa
1,257,HellaSwag,mistral,51,54,in_attesa
1,257,HellaSwag,qwen2.5:14b,50,53,in_attesa
1,258,GSM8K,llama3.2,53,55,in_attesa
1,258,GSM8K,llama3.1,51,55,in_attesa
1,258,GSM8K,gemma2:27b,51,59,in_attesa
1,258,GSM8K,phi3:mini,52,56,in_attesa
1,258,GSM8K,qwen2.5:7b,51,56,in_attesa
1,258,GSM8K,mistral,51,55,in_attesa
1,258,GSM8K,qwen2.5:14b,50,60,in_attesa
1,259,HellaSwag,llama3.2,52,53,in_attesa
1,259,HellaSwag,llama3.1,53,55,in_attesa
1,259,HellaSwag,gemma2:27b,51,54,in_attesa
1,259,HellaSwag,phi3:mini,50,55,in_attesa
1,259,HellaSwag,qwen2.5:7b,50,53,in_attesa
1,259,HellaSwag,mistral,52,54,in_attesa
1,259,HellaSwag,qwen2.5:14b,50,55,in_attesa
1,260,GSM8K,llama3.2,52,54,in_attesa
1,260,GSM8K,llama3.1,50,55,in_attesa
1,260,GSM8K,gemma2:27b,51,62,in_attesa
1,260,GSM8K,phi3:mini,52,56,in_attesa
1,260,GSM8K,qwen2.5:7b,52,57,in_attesa
1,260,GSM8K,mistral,52,56,in_attesa
1,260,GSM8K,qwen2.5:14b,51,62,in_attesa
1,261,HumanEval,llama3.2,52,56,in_attesa
1,261,HumanEval,llama3.1,51,56,in_attesa
1,261,HumanEval,gemma2:27b,51,61,in_attesa
1,261,HumanEval,phi3:mini,52,56,in_attesa
1,261,HumanEval,qwen2.5:7b,51,58,in_attesa
1,261,HumanEval,mistral,52,56,in_attesa
1,261,HumanEval,qwen2.5:14b,51,62,in_attesa
1,262,GSM8K,llama3.2,53,56,in_attesa
1,262,GSM8K,llama3.1,52,56,in_attesa
1,262,GSM8K,gemma2:27b,51,60,in_attesa
1,262,GSM8K,phi3:mini,53,56,in_attesa
1,262,GSM8K,qwen2.5:7b,52,57,in_attesa
1,262,GSM8K,mistral,52,56,in_attesa
1,262,GSM8K,qwen2.5:14b,51,61,in_attesa
1,263,HellaSwag,llama3.2,52,53,in_attesa
1,263,HellaSwag,llama3.1,53,54,in_attesa
1,263,HellaSwag,gemma2:27b,51,55,in_attesa
1,263,HellaSwag,phi3:mini,51,54,in_attesa
1,263,HellaSwag,qwen2.5:7b,51,53,in_attesa
1,263,HellaSwag,mistral,52,54,in_attesa
1,263,HellaSwag,qwen2.5:14b,50,53,in_attesa
1,264,HellaSwag,llama3.2,53,52,in_attesa
1,264,HellaSwag,llama3.1,52,54,in_attesa
1,264,HellaSwag,gemma2:27b,53,56,in_attesa
1,264,HellaSwag,phi3:mini,51,55,in_attesa
1,264,HellaSwag,qwen2.5:7b,51,53,in_attesa
1,264,HellaSwag,mistral,52,55,in_attesa
1,264,HellaSwag,qwen2.5:14b,51,57,in_attesa
1,265,HellaSwag,llama3.2,53,53,in_attesa
1,265,HellaSwag,llama3.1,53,56,in_attesa
1,265,HellaSwag,gemma2:27b,52,55,in_attesa
1,265,HellaSwag,phi3:mini,51,52,in_attesa
1,265,HellaSwag,qwen2.5:7b,52,54,in_attesa
1,265,HellaSwag,mistral,50,53,in_attesa
1,265,HellaSwag,qwen2.5:14b,53,54,in_attesa
1,266,GSM8K,llama3.2,50,53,in_attesa
1,266,GSM8K,llama3.1,53,56,in_attesa
1,266,GSM8K,gemma2:27b,51,59,in_attesa
1,266,GSM8K,phi3:mini,53,56,in_attesa
1,266,GSM8K,qwen2.5:7b,52,56,in_attesa
1,266,GSM8K,mistral,52,55,in_attesa
1,266,GSM8K,qwen2.5:14b,51,61,in_attesa
1,267,HellaSwag,llama3.2,53,54,in_attesa
1,267,HellaSwag,llama3.1,51,54,in_attesa
1,267,HellaSwag,gemma2:27b,53,55,in_attesa
1,267,HellaSwag,phi3:mini,51,52,in_attesa
1,267,HellaSwag,qwen2.5:7b,52,53,in_attesa
1,267,HellaSwag,mistral,53,55,in_attesa
1,267,HellaSwag,qwen2.5:14b,51,53,in_attesa
1,268,HumanEval,llama3.2,53,55,in_attesa
1,268,HumanEval,llama3.1,51,58,in_attesa
1,268,HumanEval,gemma2:27b,51,60,in_attesa
1,268,HumanEval,phi3:mini,53,60,in_attesa
1,268,HumanEval,qwen2.5:7b,53,58,in_attesa
1,268,HumanEval,mistral,53,57,in_attesa
1,268,HumanEval,qwen2.5:14b,52,63,in_attesa
1,269,HumanEval,llama3.2,52,57,in_attesa
1,269,HumanEval,llama3.1,51,55,in_attesa
1,269,HumanEval,gemma2:27b,51,60,in_attesa
1,269,HumanEval,phi3:mini,53,55,in_attesa
1,269,HumanEval,qwen2.5:7b,51,55,in_attesa
1,269,HumanEval,mistral,51,54,in_attesa
1,269,HumanEval,qwen2.5:14b,50,62,in_attesa
1,270,HellaSwag,llama3.2,53,54,in_attesa
1,270,HellaSwag,llama3.1,52,53,in_attesa
1,270,HellaSwag,gemma2:27b,53,55,in_attesa
1,270,HellaSwag,phi3:mini,51,53,in_attesa
1,270,HellaSwag,qwen2.5:7b,52,55,in_attesa
1,270,HellaSwag,mistral,53,55,in_attesa
1,270,HellaSwag,qwen2.5:14b,50,53,in_attesa
1,271,HellaSwag,llama3.2,53,54,in_attesa
1,271,HellaSwag,llama3.1,50,52,in_attesa
1,271,HellaSwag,gemma2:27b,52,55,in_attesa
1,271,HellaSwag,phi3:mini,51,54,in_attesa
1,271,HellaSwag,qwen2.5:7b,51,53,in_attesa
1,271,HellaSwag,mistral,53,56,in_attesa
1,271,HellaSwag,qwen2.5:14b,51,53,in_attesa
1,272,GSM8K,llama3.2,53,55,in_attesa
1,272,GSM8K,llama3.1,50,54,in_attesa
1,272,GSM8K,gemma2:27b,50,57,in_attesa
1,272,GSM8K,phi3:mini,51,57,in_attesa
1,272,GSM8K,qwen2.5:7b,52,55,in_attesa
1,272,GSM8K,mistral,51,54,in_attesa
1,272,GSM8K,qwen2.5:14b,51,58,in_attesa
1,273,HumanEval,llama3.2,53,58,in_attesa
1,273,HumanEval,llama3.1,52,56,in_attesa
1,273,HumanEval,gemma2:27b,51,61,in_attesa
1,273,HumanEval,phi3:mini,53,57,in_attesa
1,273,HumanEval,qwen2.5:7b,53,58,in_attesa
1,273,HumanEval,mistral,53,55,in_attesa
1,273,HumanEval,qwen2.5:14b,51,60,in_attesa
1,274,HellaSwag,llama3.2,52,53,in_attesa
1,274,HellaSwag,llama3.1,53,54,in_attesa
1,274,HellaSwag,gemma2:27b,51,55,in_attesa
1,274,HellaSwag,phi3:mini,52,53,in_attesa
1,274,HellaSwag,qwen2.5:7b,53,54,in_attesa
1,274,HellaSwag,mistral,51,56,in_attesa
1,274,HellaSwag,qwen2.5:14b,50,53,in_attesa
1,275,HumanEval,llama3.2,53,56,in_attesa
1,275,HumanEval,llama3.1,50,56,in_attesa
1,275,HumanEval,gemma2:27b,51,61,in_attesa
1,275,HumanEval,phi3:mini,51,55,in_attesa
1,275,HumanEval,qwen2.5:7b,51,57,in_attesa
1,275,HumanEval,mistral,52,56,in_attesa
1,275,HumanEval,qwen2.5:14b,51,62,in_attesa
1,276,GSM8K,llama3.2,52,56,in_attesa
1,276,GSM8K,llama3.1,53,56,in_attesa
1,276,GSM8K,gemma2:27b,51,57,in_attesa
1,276,GSM8K,phi3:mini,53,56,in_attesa
1,276,GSM8K,qwen2.5:7b,52,56,in_attesa
1,276,GSM8K,mistral,52,55,in_attesa
1,276,GSM8K,qwen2.5:14b,50,59,in_attesa
1,277,GSM8K,llama3.2,52,54,in_attesa
1,277,GSM8K,llama3.1,50,54,in_attesa
1,277,GSM8K,gemma2:27b,50,59,in_attesa
1,277,GSM8K,phi3:mini,52,55,in_attesa
1,277,GSM8K,qwen2.5:7b,51,56,in_attesa
1,277,GSM8K,mistral,51,57,in_attesa
1,277,GSM8K,qwen2.5:14b,50,61,in_attesa
1,278,HellaSwag,llama3.2,53,53,in_attesa
1,278,HellaSwag,llama3.1,53,54,in_attesa
1,278,HellaSwag,gemma2:27b,50,54,in_attesa
1,278,HellaSwag,phi3:mini,50,52,in_attesa
1,278,HellaSwag,qwen2.5:7b,51,52,in_attesa
1,278,HellaSwag,mistral,52,54,in_attesa
1,278,HellaSwag,qwen2.5:14b,50,52,in_attesa
1,279,HumanEval,llama3.2,52,55,in_attesa
1,279,HumanEval,llama3.1,51,56,in_attesa
1,279,HumanEval,gemma2:27b,51,61,in_attesa
1,279,HumanEval,phi3:mini,52,58,in_attesa
1,279,HumanEval,qwen2.5:7b,51,56,in_attesa
1,279,HumanEval,mistral,51,56,in_attesa
1,279,HumanEval,qwen2.5:14b,51,61,in_attesa
1,280,HellaSwag,llama3.2,53,53,in_attesa
1,280,HellaSwag,llama3.1,53,53,in_attesa
1,280,HellaSwag,gemma2:27b,53,56,in_attesa
1,280,HellaSwag,phi3:mini,52,54,in_attesa
1,280,HellaSwag,qwen2.5:7b,52,54,in_attesa
1,280,HellaSwag,mistral,51,52,in_attesa
1,280,HellaSwag,qwen2.5:14b,52,54,in_attesa
1,281,HumanEval,llama3.2,50,54,in_attesa
1,281,HumanEval,llama3.1,50,56,in_attesa
1,281,HumanEval,gemma2:27b,51,61,in_attesa
1,281,HumanEval,phi3:mini,52,55,in_attesa
1,281,HumanEval,qwen2.5:7b,52,58,in_attesa
1,281,HumanEval,mistral,52,57,in_attesa
1,281,HumanEval,qwen2.5:14b,51,63,in_attesa
1,282,HumanEval,llama3.2,52,56,in_attesa
1,282,HumanEval,llama3.1,52,57,in_attesa
1,282,HumanEval,gemma2:27b,51,61,in_attesa
1,282,HumanEval,phi3:mini,52,55,in_attesa
1,282,HumanEval,qwen2.5:7b,51,56,in_attesa
1,282,HumanEval,mistral,51,56,in_attesa
1,282,HumanEval,qwen2.5:14b,51,61,in_attesa
1,283,HellaSwag,llama3.2,53,54,in_attesa
1,283,HellaSwag,llama3.1,51,52,in_attesa
1,283,HellaSwag,gemma2:27b,52,55,in_attesa
1,283,HellaSwag,phi3:mini,51,55,in_attesa
1,283,HellaSwag,qwen2.5:7b,53,53,in_attesa
1,283,HellaSwag,mistral,53,54,in_attesa
1,283,HellaSwag,qwen2.5:14b,50,53,in_attesa
1,284,GSM8K,llama3.2,53,54,in_attesa
1,284,GSM8K,llama3.1,50,54,in_attesa
1,284,GSM8K,gemma2:27b,50,58,in_attesa
1,284,GSM8K,phi3:mini,52,55,in_attesa
1,284,GSM8K,qwen2.5:7b,52,58,in_attesa
1,284,GSM8K,mistral,52,56,in_attesa
1,284,GSM8K,qwen2.5:14b,51,59,in_attesa
1,285,HumanEval,llama3.2,51,56,in_attesa
1,285,HumanEval,llama3.1,50,56,in_attesa
1,285,HumanEval,gemma2:27b,51,58,in_attesa
1,285,HumanEval,phi3:mini,52,56,in_attesa
1,285,HumanEval,qwen2.5:7b,52,57,in_attesa
1,285,HumanEval,mistral,52,56,in_attesa
1,285,HumanEval,qwen2.5:14b,51,61,in_attesa
1,286,HellaSwag,llama3.2,53,55,in_attesa
1,286,HellaSwag,llama3.1,51,55,in_attesa
1,286,HellaSwag,gemma2:27b,50,54,in_attesa
1,286,HellaSwag,phi3:mini,50,54,in_attesa
1,286,HellaSwag,qwen2.5:7b,50,52,in_attesa
1,286,HellaSwag,mistral,52,54,in_attesa
1,286,HellaSwag,qwen2.5:14b,50,53,in_attesa
1,287,HellaSwag,llama3.2,53,52,in_attesa
1,287,HellaSwag,llama3.1,52,54,in_attesa
1,287,HellaSwag,gemma2:27b,53,56,in_attesa
1,287,HellaSwag,phi3:mini,51,52,in_attesa
1,287,HellaSwag,qwen2.5:7b,52,53,in_attesa
1,287,HellaSwag,mistral,53,54,in_attesa
1,287,HellaSwag,qwen2.5:14b,51,53,in_attesa
1,288,GSM8K,llama3.2,53,54,in_attesa
1,288,GSM8K,llama3.1,50,53,in_attesa
1,288,GSM8K,gemma2:27b,53,57,in_attesa
1,288,GSM8K,phi3:mini,53,56,in_attesa
1,288,GSM8K,qwen2.5:7b,52,56,in_attesa
1,288,GSM8K,mistral,51,55,in_attesa
1,288,GSM8K,qwen2.5:14b,51,57,in_attesa
1,289,GSM8K,llama3.2,53,55,in_attesa
1,289,GSM8K,llama3.1,51,54,in_attesa
1,289,GSM8K,gemma2:27b,50,57,in_attesa
1,289,GSM8K,phi3:mini,53,56,in_attesa
1,289,GSM8K,qwen2.5:7b,53,56,in_attesa
1,289,GSM8K,mistral,52,56,in_attesa
1,289,GSM8K,qwen2.5:14b,51,57,in_attesa
1,290,GSM8K,llama3.2,52,55,in_attesa
1,290,GSM8K,llama3.1,50,54,in_attesa
1,290,GSM8K,gemma2:27b,50,58,in_attesa
1,290,GSM8K,phi3:mini,52,57,in_attesa
1,290,GSM8K,qwen2.5:7b,53,57,in_attesa
1,290,GSM8K,mistral,52,55,in_attesa
1,290,GSM8K,qwen2.5:14b,51,58,in_attesa
1,291,HumanEval,llama3.2,53,56,in_attesa
1,291,HumanEval,llama3.1,52,57,in_attesa
1,291,HumanEval,gemma2:27b,52,61,in_attesa
1,291,HumanEval,phi3:mini,53,55,in_attesa
1,291,HumanEval,qwen2.5:7b,53,58,in_attesa
1,291,HumanEval,mistral,52,55,in_attesa
1,291,HumanEval,qwen2.5:14b,51,62,in_attesa
1,292,GSM8K,llama3.2,53,55,in_attesa
1,292,GSM8K,llama3.1,51,55,in_attesa
1,292,GSM8K,gemma2:27b,50,58,in_attesa
1,292,GSM8K,phi3:mini,52,55,in_attesa
1,292,GSM8K,qwen2.5:7b,52,56,in_attesa
1,292,GSM8K,mistral,51,56,in_attesa
1,292,GSM8K,qwen2.5:14b,50,60,in_attesa
1,293,HumanEval,llama3.2,52,57,in_attesa
1,293,HumanEval,llama3.1,51,57,in_attesa
1,293,HumanEval,gemma2:27b,51,60,in_attesa
1,293,HumanEval,phi3:mini,53,57,in_attesa
1,293,HumanEval,qwen2.5:7b,53,60,in_attesa
1,293,HumanEval,mistral,53,56,in_attesa
1,293,HumanEval,qwen2.5:14b,51,62,in_attesa
1,294,GSM8K,llama3.2,52,56,in_attesa
1,294,GSM8K,llama3.1,51,54,in_attesa
1,294,GSM8K,gemma2:27b,50,58,in_attesa
1,294,GSM8K,phi3:mini,51,57,in_attesa
1,294,GSM8K,qwen2.5:7b,52,56,in_attesa
1,294,GSM8K,mistral,52,54,in_attesa
1,294,GSM8K,qwen2.5:14b,50,59,in_attesa
1,295,GSM8K,llama3.2,52,54,in_attesa
1,295,GSM8K,llama3.1,51,54,in_attesa
1,295,GSM8K,gemma2:27b,50,58,in_attesa
1,295,GSM8K,phi3:mini,51,57,in_attesa
1,295,GSM8K,qwen2.5:7b,52,57,in_attesa
1,295,GSM8K,mistral,52,55,in_attesa
1,295,GSM8K,qwen2.5:14b,51,61,in_attesa
1,296,HellaSwag,llama3.2,53,54,in_attesa
1,296,HellaSwag,llama3.1,51,54,in_attesa
1,296,HellaSwag,gemma2:27b,50,55,in_attesa
1,296,HellaSwag,phi3:mini,50,52,in_attesa
1,296,HellaSwag,qwen2.5:7b,52,52,in_attesa
1,296,HellaSwag,mistral,52,54,in_attesa
1,296,HellaSwag,qwen2.5:14b,50,53,in_attesa
1,297,HellaSwag,llama3.2,53,54,in_attesa
1,297,HellaSwag,llama3.1,50,52,in_attesa
1,297,HellaSwag,gemma2:27b,52,55,in_attesa
1,297,HellaSwag,phi3:mini,51,51,in_attesa
1,297,HellaSwag,qwen2.5:7b,51,54,in_attesa
1,297,HellaSwag,mistral,53,54,in_attesa
1,297,HellaSwag,qwen2.5:14b,50,53,in_attesa
1,298,HellaSwag,llama3.2,53,52,in_attesa
1,298,HellaSwag,llama3.1,52,53,in_attesa
1,298,HellaSwag,gemma2:27b,53,56,in_attesa
1,298,HellaSwag,phi3:mini,51,53,in_attesa
1,298,HellaSwag,qwen2.5:7b,52,53,in_attesa
1,298,HellaSwag,mistral,53,55,in_attesa
1,298,HellaSwag,qwen2.5:14b,50,53,in_attesa
1,299,GSM8K,llama3.2,53,53,in_attesa
1,299,GSM8K,llama3.1,53,57,in_attesa
1,299,GSM8K,gemma2:27b,52,60,in_attesa
1,299,GSM8K,phi3:mini,53,58,in_attesa
1,299,GSM8K,qwen2.5:7b,52,59,in_attesa
1,299,GSM8K,mistral,52,56,in_attesa
1,299,GSM8K,qwen2.5:14b,51,61,in_attesa
1,300,GSM8K,llama3.2,53,55,in_attesa
1,300,GSM8K,llama3.1,51,54,in_attesa
1,300,GSM8K,gemma2:27b,50,58,in_attesa
1,300,GSM8K,phi3:mini,51,57,in_attesa
1,300,GSM8K,qwen2.5:7b,52,56,in_attesa
1,300,GSM8K,mistral,51,54,in_attesa
1,300,GSM8K,qwen2.5:14b,50,60,in_attesa
2,1,HellaSwag,llama3.2,51,53,in_attesa
2,1,HellaSwag,llama3.1,52,53,in_attesa
2,1,HellaSwag,gemma2:27b,53,56,in_attesa
2,1,HellaSwag,phi3:mini,51,54,in_attesa
2,1,HellaSwag,qwen2.5:7b,51,54,in_attesa
2,1,HellaSwag,mistral,50,52,in_attesa
2,1,HellaSwag,qwen2.5:14b,52,54,in_attesa
2,2,HumanEval,llama3.2,49,54,in_attesa
2,2,HumanEval,llama3.1,49,55,in_attesa
2,2,HumanEval,gemma2:27b,50,60,in_attesa
2,2,HumanEval,phi3:mini,53,57,in_attesa
2,2,HumanEval,qwen2.5:7b,52,56,in_attesa
2,2,HumanEval,mistral,51,55,in_attesa
2,2,HumanEval,qwen2.5:14b,50,60,in_attesa
2,3,GSM8K,llama3.2,52,56,in_attesa
2,3,GSM8K,llama3.1,51,57,in_attesa
2,3,GSM8K,gemma2:27b,50,61,in_attesa
2,3,GSM8K,phi3:mini,53,57,in_attesa
2,3,GSM8K,qwen2.5:7b,52,58,in_attesa
2,3,GSM8K,mistral,52,56,in_attesa
2,3,GSM8K,qwen2.5:14b,51,61,in_attesa
2,4,GSM8K,llama3.2,53,56,in_attesa
2,4,GSM8K,llama3.1,52,56,in_attesa
2,4,GSM8K,gemma2:27b,50,59,in_attesa
2,4,GSM8K,phi3:mini,52,59,in_attesa
2,4,GSM8K,qwen2.5:7b,52,56,in_attesa
2,4,GSM8K,mistral,51,55,in_attesa
2,4,GSM8K,qwen2.5:14b,50,59,in_attesa
2,5,GSM8K,llama3.2,52,54,in_attesa
2,5,GSM8K,llama3.1,50,54,in_attesa
2,5,GSM8K,gemma2:27b,49,59,in_attesa
2,5,GSM8K,phi3:mini,52,56,in_attesa
2,5,GSM8K,qwen2.5:7b,53,57,in_attesa
2,5,GSM8K,mistral,52,55,in_attesa
2,5,GSM8K,qwen2.5:14b,50,58,in_attesa
2,6,HumanEval,llama3.2,53,56,in_attesa
2,6,HumanEval,llama3.1,51,54,in_attesa
2,6,HumanEval,gemma2:27b,50,60,in_attesa
2,6,HumanEval,phi3:mini,53,56,in_attesa
2,6,HumanEval,qwen2.5:7b,53,57,in_attesa
2,6,HumanEval,mistral,52,56,in_attesa
2,6,HumanEval,qwen2.5:14b,51,60,in_attesa
2,7,HellaSwag,llama3.2,53,53,in_attesa
2,7,HellaSwag,llama3.1,53,53,in_attesa
2,7,HellaSwag,gemma2:27b,53,56,in_attesa
2,7,HellaSwag,phi3:mini,52,54,in_attesa
2,7,HellaSwag,qwen2.5:7b,50,52,in_attesa
2,7,HellaSwag,mistral,52,54,in_attesa
2,7,HellaSwag,qwen2.5:14b,50,53,in_attesa
2,8,HellaSwag,llama3.2,53,52,in_attesa
2,8,HellaSwag,llama3.1,52,53,in_attesa
2,8,HellaSwag,gemma2:27b,53,55,in_attesa
2,8,HellaSwag,phi3:mini,51,53,in_attesa
2,8,HellaSwag,qwen2.5:7b,53,54,in_attesa
2,8,HellaSwag,mistral,50,53,in_attesa
2,8,HellaSwag,qwen2.5:14b,53,55,in_attesa
2,9,GSM8K,llama3.2,51,54,in_attesa
2,9,GSM8K,llama3.1,50,54,in_attesa
2,9,GSM8K,gemma2:27b,50,58,in_attesa
2,9,GSM8K,phi3:mini,51,55,in_attesa
2,9,GSM8K,qwen2.5:7b,52,56,in_attesa
2,9,GSM8K,mistral,52,55,in_attesa
2,9,GSM8K,qwen2.5:14b,51,59,in_attesa
2,10,HumanEval,llama3.2,52,55,in_attesa
2,10,HumanEval,llama3.1,50,54,in_attesa
2,10,HumanEval,gemma2:27b,50,60,in_attesa
2,10,HumanEval,phi3:mini,53,55,in_attesa
2,10,HumanEval,qwen2.5:7b,52,58,in_attesa
2,10,HumanEval,mistral,52,55,in_attesa
2,10,HumanEval,qwen2.5:14b,50,60,in_attesa
2,11,GSM8K,llama3.2,52,55,in_attesa
2,11,GSM8K,llama3.1,51,54,in_attesa
2,11,GSM8K,gemma2:27b,50,58,in_attesa
2,11,GSM8K,phi3:mini,52,57,in_attesa
2,11,GSM8K,qwen2.5:7b,52,56,in_attesa
2,11,GSM8K,mistral,51,55,in_attesa
2,11,GSM8K,qwen2.5:14b,50,59,in_attesa
2,12,HumanEval,llama3.2,52,57,in_attesa
2,12,HumanEval,llama3.1,51,56,in_attesa
2,12,HumanEval,gemma2:27b,51,61,in_attesa
2,12,HumanEval,phi3:mini,53,56,in_attesa
2,12,HumanEval,qwen2.5:7b,51,57,in_attesa
2,12,HumanEval,mistral,52,56,in_attesa
2,12,HumanEval,qwen2.5:14b,51,62,in_attesa
2,13,HellaSwag,llama3.2,52,52,in_attesa
2,13,HellaSwag,llama3.1,52,53,in_attesa
2,13,HellaSwag,gemma2:27b,53,55,in_attesa
2,13,HellaSwag,phi3:mini,51,52,in_attesa
2,13,HellaSwag,qwen2.5:7b,52,53,in_attesa
2,13,HellaSwag,mistral,53,54,in_attesa
2,13,HellaSwag,qwen2.5:14b,50,52,in_attesa
2,14,HumanEval,llama3.2,52,54,in_attesa
2,14,HumanEval,llama3.1,50,54,in_attesa
2,14,HumanEval,gemma2:27b,50,60,in_attesa
2,14,HumanEval,phi3:mini,53,56,in_attesa
2,14,HumanEval,qwen2.5:7b,53,57,in_attesa
2,14,HumanEval,mistral,52,55,in_attesa
2,14,HumanEval,qwen2.5:14b,50,61,in_attesa
2,15,HumanEval,llama3.2,51,55,in_attesa
2,15,HumanEval,llama3.1,50,57,in_attesa
2,15,HumanEval,gemma2:27b,50,59,in_attesa
2,15,HumanEval,phi3:mini,52,55,in_attesa
2,15,HumanEval,qwen2.5:7b,51,54,in_attesa
2,15,HumanEval,mistral,50,53,in_attesa
2,15,HumanEval,qwen2.5:14b,53,61,in_attesa
2,16,HumanEval,llama3.2,53,56,in_attesa
2,16,HumanEval,llama3.1,52,56,in_attesa
2,16,HumanEval,gemma2:27b,51,59,in_attesa
2,16,HumanEval,phi3:mini,52,57,in_attesa
2,16,HumanEval,qwen2.5:7b,52,57,in_attesa
2,16,HumanEval,mistral,52,56,in_attesa
2,16,HumanEval,qwen2.5:14b,51,61,in_attesa
2,17,HumanEval,llama3.2,53,57,in_attesa
2,17,HumanEval,llama3.1,52,56,in_attesa
2,17,HumanEval,gemma2:27b,52,60,in_attesa
2,17,HumanEval,phi3:mini,53,57,in_attesa
2,17,HumanEval,qwen2.5:7b,52,57,in_attesa
2,17,HumanEval,mistral,52,56,in_attesa
2,17,HumanEval,qwen2.5:14b,51,63,in_attesa
2,18,GSM8K,llama3.2,52,54,in_attesa
2,18,GSM8K,llama3.1,50,53,in_attesa
2,18,GSM8K,gemma2:27b,53,58,in_attesa
2,18,GSM8K,phi3:mini,52,55,in_attesa
2,18,GSM8K,qwen2.5:7b,51,55,in_attesa
2,18,GSM8K,mistral,51,53,in_attesa
2,18,GSM8K,qwen2.5:14b,53,59,in_attesa
2,19,HellaSwag,llama3.2,53,53,in_attesa
2,19,HellaSwag,llama3.1,53,55,in_attesa
2,19,HellaSwag,gemma2:27b,51,55,in_attesa
2,19,HellaSwag,phi3:mini,51,55,in_attesa
2,19,HellaSwag,qwen2.5:7b,50,52,in_attesa
2,19,HellaSwag,mistral,52,53,in_attesa
2,19,HellaSwag,qwen2.5:14b,53,54,in_attesa
2,20,HellaSwag,llama3.2,50,51,in_attesa
2,20,HellaSwag,llama3.1,51,53,in_attesa
2,20,HellaSwag,gemma2:27b,53,55,in_attesa
2,20,HellaSwag,phi3:mini,51,53,in_attesa
2,20,HellaSwag,qwen2.5:7b,53,53,in_attesa
2,20,HellaSwag,mistral,53,55,in_attesa
2,20,HellaSwag,qwen2.5:14b,51,54,in_attesa
2,21,HumanEval,llama3.2,50,54,in_attesa
2,21,HumanEval,llama3.1,50,54,in_attesa
2,21,HumanEval,gemma2:27b,50,57,in_attesa
2,21,HumanEval,phi3:mini,53,58,in_attesa
2,21,HumanEval,qwen2.5:7b,52,56,in_attesa
2,21,HumanEval,mistral,51,56,in_attesa
2,21,HumanEval,qwen2.5:14b,51,58,in_attesa
2,22,GSM8K,llama3.2,53,56,in_attesa
2,22,GSM8K,llama3.1,51,56,in_attesa
2,22,GSM8K,gemma2:27b,52,62,in_attesa
2,22,GSM8K,phi3:mini,52,58,in_attesa
2,22,GSM8K,qwen2.5:7b,51,58,in_attesa
2,22,GSM8K,mistral,52,57,in_attesa
2,22,GSM8K,qwen2.5:14b,52,64,in_attesa
2,23,HumanEval,llama3.2,52,56,in_attesa
2,23,HumanEval,llama3.1,52,57,in_attesa
2,23,HumanEval,gemma2:27b,52,62,in_attesa
2,23,HumanEval,phi3:mini,52,56,in_attesa
2,23,HumanEval,qwen2.5:7b,52,57,in_attesa
2,23,HumanEval,mistral,52,57,in_attesa
2,23,HumanEval,qwen2.5:14b,51,63,in_attesa
2,24,HumanEval,llama3.2,52,55,in_attesa
2,24,HumanEval,llama3.1,51,55,in_attesa
2,24,HumanEval,gemma2:27b,51,59,in_attesa
2,24,HumanEval,phi3:mini,52,55,in_attesa
2,24,HumanEval,qwen2.5:7b,51,56,in_attesa
2,24,HumanEval,mistral,51,55,in_attesa
2,24,HumanEval,qwen2.5:14b,50,62,in_attesa
2,25,HellaSwag,llama3.2,53,54,in_attesa
2,25,HellaSwag,llama3.1,51,53,in_attesa
2,25,HellaSwag,gemma2:27b,53,55,in_attesa
2,25,HellaSwag,phi3:mini,51,54,in_attesa
2,25,HellaSwag,qwen2.5:7b,50,52,in_attesa
2,25,HellaSwag,mistral,52,53,in_attesa
2,25,HellaSwag,qwen2.5:14b,53,54,in_attesa
2,26,HellaSwag,llama3.2,50,51,in_attesa
2,26,HellaSwag,llama3.1,51,52,in_attesa
2,26,HellaSwag,gemma2:27b,52,55,in_attesa
2,26,HellaSwag,phi3:mini,51,53,in_attesa
2,26,HellaSwag,qwen2.5:7b,53,53,in_attesa
2,26,HellaSwag,mistral,53,55,in_attesa
2,26,HellaSwag,qwen2.5:14b,50,53,in_attesa
2,27,HumanEval,llama3.2,53,55,in_attesa
2,27,HumanEval,llama3.1,51,57,in_attesa
2,27,HumanEval,gemma2:27b,52,61,in_attesa
2,27,HumanEval,phi3:mini,52,56,in_attesa
2,27,HumanEval,qwen2.5:7b,53,60,in_attesa
2,27,HumanEval,mistral,53,56,in_attesa
2,27,HumanEval,qwen2.5:14b,52,64,in_attesa
2,28,HumanEval,llama3.2,53,56,in_attesa
2,28,HumanEval,llama3.1,51,58,in_attesa
2,28,HumanEval,gemma2:27b,52,59,in_attesa
2,28,HumanEval,phi3:mini,52,55,in_attesa
2,28,HumanEval,qwen2.5:7b,51,55,in_attesa
2,28,HumanEval,mistral,51,56,in_attesa
2,28,HumanEval,qwen2.5:14b,51,60,in_attesa
2,29,GSM8K,llama3.2,52,55,in_attesa
2,29,GSM8K,llama3.1,51,57,in_attesa
2,29,GSM8K,gemma2:27b,52,61,in_attesa
2,29,GSM8K,phi3:mini,53,59,in_attesa
2,29,GSM8K,qwen2.5:7b,52,57,in_attesa
2,29,GSM8K,mistral,52,56,in_attesa
2,29,GSM8K,qwen2.5:14b,51,63,in_attesa
2,30,GSM8K,llama3.2,53,57,in_attesa
2,30,GSM8K,llama3.1,52,57,in_attesa
2,30,GSM8K,gemma2:27b,52,61,in_attesa
2,30,GSM8K,phi3:mini,52,55,in_attesa
2,30,GSM8K,qwen2.5:7b,52,56,in_attesa
2,30,GSM8K,mistral,52,56,in_attesa
2,30,GSM8K,qwen2.5:14b,51,63,in_attesa
2,31,HumanEval,llama3.2,52,56,in_attesa
2,31,HumanEval,llama3.1,52,57,in_attesa
2,31,HumanEval,gemma2:27b,52,58,in_attesa
2,31,HumanEval,phi3:mini,52,57,in_attesa
2,31,HumanEval,qwen2.5:7b,52,58,in_attesa
2,31,HumanEval,mistral,52,56,in_attesa
2,31,HumanEval,qwen2.5:14b,51,63,in_attesa
2,32,HellaSwag,llama3.2,52,53,in_attesa
2,32,HellaSwag,llama3.1,53,54,in_attesa
2,32,HellaSwag,gemma2:27b,51,55,in_attesa
2,32,HellaSwag,phi3:mini,51,53,in_attesa
2,32,HellaSwag,qwen2.5:7b,53,54,in_attesa
2,32,HellaSwag,mistral,50,52,in_attesa
2,32,HellaSwag,qwen2.5:14b,52,53,in_attesa
2,33,HellaSwag,llama3.2,53,52,in_attesa
2,33,HellaSwag,llama3.1,52,53,in_attesa
2,33,HellaSwag,gemma2:27b,53,56,in_attesa
2,33,HellaSwag,phi3:mini,51,54,in_attesa
2,33,HellaSwag,qwen2.5:7b,51,53,in_attesa
2,33,HellaSwag,mistral,53,55,in_attesa
2,33,HellaSwag,qwen2.5:14b,50,53,in_attesa
2,34,GSM8K,llama3.2,53,56,in_attesa
2,34,GSM8K,llama3.1,50,56,in_attesa
2,34,GSM8K,gemma2:27b,51,61,in_attesa
2,34,GSM8K,phi3:mini,51,56,in_attesa
2,34,GSM8K,qwen2.5:7b,51,56,in_attesa
2,34,GSM8K,mistral,52,57,in_attesa
2,34,GSM8K,qwen2.5:14b,52,61,in_attesa
2,35,HumanEval,llama3.2,53,57,in_attesa
2,35,HumanEval,llama3.1,51,57,in_attesa
2,35,HumanEval,gemma2:27b,52,61,in_attesa
2,35,HumanEval,phi3:mini,52,56,in_attesa
2,35,HumanEval,qwen2.5:7b,52,59,in_attesa
2,35,HumanEval,mistral,52,56,in_attesa
2,35,HumanEval,qwen2.5:14b,51,63,in_attesa
2,36,HellaSwag,llama3.2,52,55,in_attesa
2,36,HellaSwag,llama3.1,51,52,in_attesa
2,36,HellaSwag,gemma2:27b,52,55,in_attesa
2,36,HellaSwag,phi3:mini,51,52,in_attesa
2,36,HellaSwag,qwen2.5:7b,52,54,in_attesa
2,36,HellaSwag,mistral,53,55,in_attesa
2,36,HellaSwag,qwen2.5:14b,51,53,in_attesa
2,37,HumanEval,llama3.2,53,56,in_attesa
2,37,HumanEval,llama3.1,51,56,in_attesa
2,37,HumanEval,gemma2:27b,52,62,in_attesa
2,37,HumanEval,phi3:mini,52,56,in_attesa
2,37,HumanEval,qwen2.5:7b,52,58,in_attesa
2,37,HumanEval,mistral,53,57,in_attesa
2,37,HumanEval,qwen2.5:14b,52,62,in_attesa
2,38,HellaSwag,llama3.2,52,53,in_attesa
2,38,HellaSwag,llama3.1,53,55,in_attesa
2,38,HellaSwag,gemma2:27b,51,55,in_attesa
2,38,HellaSwag,phi3:mini,51,52,in_attesa
2,38,HellaSwag,qwen2.5:7b,51,53,in_attesa
2,38,HellaSwag,mistral,53,55,in_attesa
2,38,HellaSwag,qwen2.5:14b,50,53,in_attesa
2,39,HellaSwag,llama3.2,53,52,in_attesa
2,39,HellaSwag,llama3.1,52,53,in_attesa
2,39,HellaSwag,gemma2:27b,53,55,in_attesa
2,39,HellaSwag,phi3:mini,51,53,in_attesa
2,39,HellaSwag,qwen2.5:7b,52,53,in_attesa
2,39,HellaSwag,mistral,53,55,in_attesa
2,39,HellaSwag,qwen2.5:14b,50,54,in_attesa
2,40,GSM8K,llama3.2,50,54,in_attesa
2,40,GSM8K,llama3.1,50,54,in_attesa
2,40,GSM8K,gemma2:27b,50,61,in_attesa
2,40,GSM8K,phi3:mini,52,58,in_attesa
2,40,GSM8K,qwen2.5:7b,52,57,in_attesa
2,40,GSM8K,mistral,53,56,in_attesa
2,40,GSM8K,qwen2.5:14b,51,63,in_attesa
2,41,HumanEval,llama3.2,52,57,in_attesa
2,41,HumanEval,llama3.1,51,57,in_attesa
2,41,HumanEval,gemma2:27b,52,61,in_attesa
2,41,HumanEval,phi3:mini,52,56,in_attesa
2,41,HumanEval,qwen2.5:7b,52,58,in_attesa
2,41,HumanEval,mistral,53,56,in_attesa
2,41,HumanEval,qwen2.5:14b,51,62,in_attesa
2,42,HumanEval,llama3.2,53,57,in_attesa
2,42,HumanEval,llama3.1,52,56,in_attesa
2,42,HumanEval,gemma2:27b,51,59,in_attesa
2,42,HumanEval,phi3:mini,52,54,in_attesa
2,42,HumanEval,qwen2.5:7b,51,55,in_attesa
2,42,HumanEval,mistral,50,54,in_attesa
2,42,HumanEval,qwen2.5:14b,50,62,in_attesa
2,43,HumanEval,llama3.2,51,54,in_attesa
2,43,HumanEval,llama3.1,51,56,in_attesa
2,43,HumanEval,gemma2:27b,51,57,in_attesa
2,43,HumanEval,phi3:mini,53,58,in_attesa
2,43,HumanEval,qwen2.5:7b,52,57,in_attesa
2,43,HumanEval,mistral,52,54,in_attesa
2,43,HumanEval,qwen2.5:14b,50,61,in_attesa
2,44,GSM8K,llama3.2,53,56,in_attesa
2,44,GSM8K,llama3.1,51,55,in_attesa
2,44,GSM8K,gemma2:27b,51,58,in_attesa
2,44,GSM8K,phi3:mini,51,54,in_attesa
2,44,GSM8K,qwen2.5:7b,51,57,in_attesa
2,44,GSM8K,mistral,51,56,in_attesa
2,44,GSM8K,qwen2.5:14b,51,59,in_attesa
2,45,HumanEval,llama3.2,52,55,in_attesa
2,45,HumanEval,llama3.1,51,57,in_attesa
2,45,HumanEval,gemma2:27b,52,61,in_attesa
2,45,HumanEval,phi3:mini,51,56,in_attesa
2,45,HumanEval,qwen2.5:7b,52,59,in_attesa
2,45,HumanEval,mistral,52,57,in_attesa
2,45,HumanEval,qwen2.5:14b,52,62,in_attesa
2,46,HellaSwag,llama3.2,52,55,in_attesa
2,46,HellaSwag,llama3.1,51,53,in_attesa
2,46,HellaSwag,gemma2:27b,53,55,in_attesa
2,46,HellaSwag,phi3:mini,51,54,in_attesa
2,46,HellaSwag,qwen2.5:7b,50,52,in_attesa
2,46,HellaSwag,mistral,52,53,in_attesa
2,46,HellaSwag,qwen2.5:14b,53,54,in_attesa
2,47,HumanEval,llama3.2,50,54,in_attesa
2,47,HumanEval,llama3.1,50,57,in_attesa
2,47,HumanEval,gemma2:27b,51,61,in_attesa
2,47,HumanEval,phi3:mini,52,57,in_attesa
2,47,HumanEval,qwen2.5:7b,52,58,in_attesa
2,47,HumanEval,mistral,53,58,in_attesa
2,47,HumanEval,qwen2.5:14b,52,64,in_attesa
2,48,HellaSwag,llama3.2,53,54,in_attesa
2,48,HellaSwag,llama3.1,51,53,in_attesa
2,48,HellaSwag,gemma2:27b,53,55,in_attesa
2,48,HellaSwag,phi3:mini,51,55,in_attesa
2,48,HellaSwag,qwen2.5:7b,51,52,in_attesa
2,48,HellaSwag,mistral,52,53,in_attesa
2,48,HellaSwag,qwen2.5:14b,53,54,in_attesa
2,49,HumanEval,llama3.2,50,54,in_attesa
2,49,HumanEval,llama3.1,50,55,in_attesa
2,49,HumanEval,gemma2:27b,50,60,in_attesa
2,49,HumanEval,phi3:mini,53,57,in_attesa
2,49,HumanEval,qwen2.5:7b,53,58,in_attesa
2,49,HumanEval,mistral,53,59,in_attesa
2,49,HumanEval,qwen2.5:14b,52,63,in_attesa
2,50,GSM8K,llama3.2,53,56,in_attesa
2,50,GSM8K,llama3.1,51,55,in_attesa
2,50,GSM8K,gemma2:27b,50,59,in_attesa
2,50,GSM8K,phi3:mini,52,55,in_attesa
2,50,GSM8K,qwen2.5:7b,51,56,in_attesa
2,50,GSM8K,mistral,51,56,in_attesa
2,50,GSM8K,qwen2.5:14b,50,58,in_attesa
2,51,GSM8K,llama3.2,53,55,in_attesa
2,51,GSM8K,llama3.1,51,56,in_attesa
2,51,GSM8K,gemma2:27b,50,60,in_attesa
2,51,GSM8K,phi3:mini,53,57,in_attesa
2,51,GSM8K,qwen2.5:7b,52,56,in_attesa
2,51,GSM8K,mistral,51,55,in_attesa
2,51,GSM8K,qwen2.5:14b,50,59,in_attesa
2,52,HumanEval,llama3.2,52,55,in_attesa
2,52,HumanEval,llama3.1,50,55,in_attesa
2,52,HumanEval,gemma2:27b,50,58,in_attesa
2,52,HumanEval,phi3:mini,52,56,in_attesa
2,52,HumanEval,qwen2.5:7b,51,55,in_attesa
2,52,HumanEval,mistral,50,55,in_attesa
2,52,HumanEval,qwen2.5:14b,50,60,in_attesa
2,53,GSM8K,llama3.2,52,55,in_attesa
2,53,GSM8K,llama3.1,51,56,in_attesa
2,53,GSM8K,gemma2:27b,51,61,in_attesa
2,53,GSM8K,phi3:mini,53,58,in_attesa
2,53,GSM8K,qwen2.5:7b,52,57,in_attesa
2,53,GSM8K,mistral,52,57,in_attesa
2,53,GSM8K,qwen2.5:14b,51,62,in_attesa
2,54,HumanEval,llama3.2,52,55,in_attesa
2,54,HumanEval,llama3.1,51,55,in_attesa
2,54,HumanEval,gemma2:27b,51,60,in_attesa
2,54,HumanEval,phi3:mini,53,56,in_attesa
2,54,HumanEval,qwen2.5:7b,52,57,in_attesa
2,54,HumanEval,mistral,52,56,in_attesa
2,54,HumanEval,qwen2.5:14b,51,63,in_attesa
2,55,HellaSwag,llama3.2,52,53,in_attesa
2,55,HellaSwag,llama3.1,53,55,in_attesa
2,55,HellaSwag,gemma2:27b,51,55,in_attesa
2,55,HellaSwag,phi3:mini,51,55,in_attesa
2,55,HellaSwag,qwen2.5:7b,50,52,in_attesa
2,55,HellaSwag,mistral,52,54,in_attesa
2,55,HellaSwag,qwen2.5:14b,50,53,in_attesa
2,56,HellaSwag,llama3.2,53,52,in_attesa
2,56,HellaSwag,llama3.1,52,54,in_attesa
2,56,HellaSwag,gemma2:27b,50,54,in_attesa
2,56,HellaSwag,phi3:mini,50,54,in_attesa
2,56,HellaSwag,qwen2.5:7b,51,52,in_attesa
2,56,HellaSwag,mistral,52,54,in_attesa
2,56,HellaSwag,qwen2.5:14b,50,53,in_attesa
2,57,HellaSwag,llama3.2,53,52,in_attesa
2,57,HellaSwag,llama3.1,52,53,in_attesa
2,57,HellaSwag,gemma2:27b,53,56,in_attesa
2,57,HellaSwag,phi3:mini,52,54,in_attesa
2,57,HellaSwag,qwen2.5:7b,51,52,in_attesa
2,57,HellaSwag,mistral,52,53,in_attesa
2,57,HellaSwag,qwen2.5:14b,53,54,in_attesa
2,58,HellaSwag,llama3.2,50,51,in_attesa
2,58,HellaSwag,llama3.1,51,52,in_attesa
2,58,HellaSwag,gemma2:27b,52,55,in_attesa
2,58,HellaSwag,phi3:mini,51,54,in_attesa
2,58,HellaSwag,qwen2.5:7b,51,53,in_attesa
2,58,HellaSwag,mistral,53,56,in_attesa
2,58,HellaSwag,qwen2.5:14b,50,53,in_attesa
2,59,HumanEval,llama3.2,53,56,in_attesa
2,59,HumanEval,llama3.1,51,56,in_attesa
2,59,HumanEval,gemma2:27b,51,61,in_attesa
2,59,HumanEval,phi3:mini,52,54,in_attesa
2,59,HumanEval,qwen2.5:7b,51,56,in_attesa
2,59,HumanEval,mistral,51,54,in_attesa
2,59,HumanEval,qwen2.5:14b,50,61,in_attesa
2,60,HellaSwag,llama3.2,53,53,in_attesa
2,60,HellaSwag,llama3.1,53,56,in_attesa
2,60,HellaSwag,gemma2:27b,51,56,in_attesa
2,60,HellaSwag,phi3:mini,51,52,in_attesa
2,60,HellaSwag,qwen2.5:7b,52,53,in_attesa
2,60,HellaSwag,mistral,53,54,in_attesa
2,60,HellaSwag,qwen2.5:14b,50,53,in_attesa
2,61,HumanEval,llama3.2,53,54,in_attesa
2,61,HumanEval,llama3.1,50,56,in_attesa
2,61,HumanEval,gemma2:27b,51,61,in_attesa
2,61,HumanEval,phi3:mini,51,55,in_attesa
2,61,HumanEval,qwen2.5:7b,51,57,in_attesa
2,61,HumanEval,mistral,52,55,in_attesa
2,61,HumanEval,qwen2.5:14b,51,62,in_attesa
2,62,HumanEval,llama3.2,52,55,in_attesa
2,62,HumanEval,llama3.1,51,55,in_attesa
2,62,HumanEval,gemma2:27b,51,61,in_attesa
2,62,HumanEval,phi3:mini,52,55,in_attesa
2,62,HumanEval,qwen2.5:7b,51,57,in_attesa
2,62,HumanEval,mistral,51,56,in_attesa
2,62,HumanEval,qwen2.5:14b,51,63,in_attesa
2,63,GSM8K,llama3.2,52,55,in_attesa
2,63,GSM8K,llama3.1,51,55,in_attesa
2,63,GSM8K,gemma2:27b,50,59,in_attesa
2,63,GSM8K,phi3:mini,52,55,in_attesa
2,63,GSM8K,qwen2.5:7b,52,57,in_attesa
2,63,GSM8K,mistral,52,55,in_attesa
2,63,GSM8K,qwen2.5:14b,51,59,in_attesa
2,64,HumanEval,llama3.2,52,56,in_attesa
2,64,HumanEval,llama3.1,50,54,in_attesa
2,64,HumanEval,gemma2:27b,50,57,in_attesa
2,64,HumanEval,phi3:mini,51,55,in_attesa
2,64,HumanEval,qwen2.5:7b,52,56,in_attesa
2,64,HumanEval,mistral,51,54,in_attesa
2,64,HumanEval,qwen2.5:14b,50,60,in_attesa
2,65,HumanEval,llama3.2,53,58,in_attesa
2,65,HumanEval,llama3.1,52,57,in_attesa
2,65,HumanEval,gemma2:27b,52,61,in_attesa
2,65,HumanEval,phi3:mini,52,56,in_attesa
2,65,HumanEval,qwen2.5:7b,52,58,in_attesa
2,65,HumanEval,mistral,53,56,in_attesa
2,65,HumanEval,qwen2.5:14b,51,63,in_attesa
2,66,HumanEval,llama3.2,52,56,in_attesa
2,66,HumanEval,llama3.1,51,56,in_attesa
2,66,HumanEval,gemma2:27b,51,61,in_attesa
2,66,HumanEval,phi3:mini,52,55,in_attesa
2,66,HumanEval,qwen2.5:7b,51,55,in_attesa
2,66,HumanEval,mistral,51,55,in_attesa
2,66,HumanEval,qwen2.5:14b,51,58,in_attesa
2,67,HumanEval,llama3.2,51,56,in_attesa
2,67,HumanEval,llama3.1,51,57,in_attesa
2,67,HumanEval,gemma2:27b,51,62,in_attesa
2,67,HumanEval,phi3:mini,52,55,in_attesa
2,67,HumanEval,qwen2.5:7b,51,57,in_attesa
2,67,HumanEval,mistral,52,56,in_attesa
2,67,HumanEval,qwen2.5:14b,51,63,in_attesa
2,68,HellaSwag,llama3.2,52,53,in_attesa
2,68,HellaSwag,llama3.1,53,55,in_attesa
2,68,HellaSwag,gemma2:27b,51,55,in_attesa
2,68,HellaSwag,phi3:mini,51,53,in_attesa
2,68,HellaSwag,qwen2.5:7b,53,54,in_attesa
2,68,HellaSwag,mistral,51,54,in_attesa
2,68,HellaSwag,qwen2.5:14b,53,56,in_attesa
2,69,GSM8K,llama3.2,51,54,in_attesa
2,69,GSM8K,llama3.1,50,54,in_attesa
2,69,GSM8K,gemma2:27b,49,57,in_attesa
2,69,GSM8K,phi3:mini,51,54,in_attesa
2,69,GSM8K,qwen2.5:7b,51,55,in_attesa
2,69,GSM8K,mistral,50,55,in_attesa
2,69,GSM8K,qwen2.5:14b,51,58,in_attesa
2,70,HumanEval,llama3.2,53,58,in_attesa
2,70,HumanEval,llama3.1,51,57,in_attesa
2,70,HumanEval,gemma2:27b,52,61,in_attesa
2,70,HumanEval,phi3:mini,52,56,in_attesa
2,70,HumanEval,qwen2.5:7b,52,56,in_attesa
2,70,HumanEval,mistral,51,56,in_attesa
2,70,HumanEval,qwen2.5:14b,51,63,in_attesa
2,71,GSM8K,llama3.2,52,54,in_attesa
2,71,GSM8K,llama3.1,50,53,in_attesa
2,71,GSM8K,gemma2:27b,53,57,in_attesa
2,71,GSM8K,phi3:mini,53,56,in_attesa
2,71,GSM8K,qwen2.5:7b,52,55,in_attesa
2,71,GSM8K,mistral,51,53,in_attesa
2,71,GSM8K,qwen2.5:14b,53,58,in_attesa
2,72,HellaSwag,llama3.2,52,53,in_attesa
2,72,HellaSwag,llama3.1,53,54,in_attesa
2,72,HellaSwag,gemma2:27b,50,54,in_attesa
2,72,HellaSwag,phi3:mini,50,53,in_attesa
2,72,HellaSwag,qwen2.5:7b,53,53,in_attesa
2,72,HellaSwag,mistral,53,54,in_attesa
2,72,HellaSwag,qwen2.5:14b,50,53,in_attesa
2,73,HumanEval,llama3.2,53,56,in_attesa
2,73,HumanEval,llama3.1,51,58,in_attesa
2,73,HumanEval,gemma2:27b,52,62,in_attesa
2,73,HumanEval,phi3:mini,52,56,in_attesa
2,73,HumanEval,qwen2.5:7b,52,57,in_attesa
2,73,HumanEval,mistral,52,56,in_attesa
2,73,HumanEval,qwen2.5:14b,51,63,in_attesa
2,74,HumanEval,llama3.2,52,56,in_attesa
2,74,HumanEval,llama3.1,52,58,in_attesa
2,74,HumanEval,gemma2:27b,52,61,in_attesa
2,74,HumanEval,phi3:mini,52,56,in_attesa
2,74,HumanEval,qwen2.5:7b,53,58,in_attesa
2,74,HumanEval,mistral,53,57,in_attesa
2,74,HumanEval,qwen2.5:14b,51,63,in_attesa
2,75,HumanEval,llama3.2,52,56,in_attesa
2,75,HumanEval,llama3.1,51,57,in_attesa
2,75,HumanEval,gemma2:27b,52,62,in_attesa
2,75,HumanEval,phi3:mini,52,57,in_attesa
2,75,HumanEval,qwen2.5:7b,53,58,in_attesa
2,75,HumanEval,mistral,53,57,in_attesa
2,75,HumanEval,qwen2.5:14b,52,63,in_attesa
2,76,GSM8K,llama3.2,52,55,in_attesa
2,76,GSM8K,llama3.1,51,55,in_attesa
2,76,GSM8K,gemma2:27b,51,61,in_attesa
2,76,GSM8K,phi3:mini,53,57,in_attesa
2,76,GSM8K,qwen2.5:7b,51,56,in_attesa
2,76,GSM8K,mistral,51,57,in_attesa
2,76,GSM8K,qwen2.5:14b,52,61,in_attesa
2,77,HellaSwag,llama3.2,53,53,in_attesa
2,77,HellaSwag,llama3.1,53,55,in_attesa
2,77,HellaSwag,gemma2:27b,50,55,in_attesa
2,77,HellaSwag,phi3:mini,51,55,in_attesa
2,77,HellaSwag,qwen2.5:7b,51,53,in_attesa
2,77,HellaSwag,mistral,53,54,in_attesa
2,77,HellaSwag,qwen2.5:14b,50,53,in_attesa
2,78,GSM8K,llama3.2,53,53,in_attesa
2,78,GSM8K,llama3.1,53,54,in_attesa
2,78,GSM8K,gemma2:27b,50,57,in_attesa
2,78,GSM8K,phi3:mini,53,59,in_attesa
2,78,GSM8K,qwen2.5:7b,52,56,in_attesa
2,78,GSM8K,mistral,51,56,in_attesa
2,78,GSM8K,qwen2.5:14b,50,57,in_attesa
2,79,HumanEval,llama3.2,52,56,in_attesa
2,79,HumanEval,llama3.1,51,56,in_attesa
2,79,HumanEval,gemma2:27b,51,61,in_attesa
2,79,HumanEval,phi3:mini,53,57,in_attesa
2,79,HumanEval,qwen2.5:7b,53,58,in_attesa
2,79,HumanEval,mistral,53,58,in_attesa
2,79,HumanEval,qwen2.5:14b,52,62,in_attesa
2,80,HellaSwag,llama3.2,52,52,in_attesa
2,80,HellaSwag,llama3.1,52,53,in_attesa
2,80,HellaSwag,gemma2:27b,53,56,in_attesa
2,80,HellaSwag,phi3:mini,51,54,in_attesa
2,80,HellaSwag,qwen2.5:7b,51,52,in_attesa
2,80,HellaSwag,mistral,52,53,in_attesa
2,80,HellaSwag,qwen2.5:14b,53,60,in_attesa
2,81,HumanEval,llama3.2,52,55,in_attesa
2,81,HumanEval,llama3.1,51,55,in_attesa
2,81,HumanEval,gemma2:27b,51,60,in_attesa
2,81,HumanEval,phi3:mini,53,56,in_attesa
2,81,HumanEval,qwen2.5:7b,52,57,in_attesa
2,81,HumanEval,mistral,52,55,in_attesa
2,81,HumanEval,qwen2.5:14b,51,60,in_attesa
2,82,HellaSwag,llama3.2,53,53,in_attesa
2,82,HellaSwag,llama3.1,53,55,in_attesa
2,82,HellaSwag,gemma2:27b,51,54,in_attesa
2,82,HellaSwag,phi3:mini,50,53,in_attesa
2,82,HellaSwag,qwen2.5:7b,53,54,in_attesa
2,82,HellaSwag,mistral,53,54,in_attesa
2,82,HellaSwag,qwen2.5:14b,50,53,in_attesa
2,83,HellaSwag,llama3.2,53,53,in_attesa
2,83,HellaSwag,llama3.1,53,53,in_attesa
2,83,HellaSwag,gemma2:27b,53,55,in_attesa
2,83,HellaSwag,phi3:mini,51,52,in_attesa
2,83,HellaSwag,qwen2.5:7b,52,54,in_attesa
2,83,HellaSwag,mistral,50,53,in_attesa
2,83,HellaSwag,qwen2.5:14b,53,54,in_attesa
2,84,HumanEval,llama3.2,50,56,in_attesa
2,84,HumanEval,llama3.1,50,56,in_attesa
2,84,HumanEval,gemma2:27b,51,61,in_attesa
2,84,HumanEval,phi3:mini,52,57,in_attesa
2,84,HumanEval,qwen2.5:7b,52,57,in_attesa
2,84,HumanEval,mistral,52,57,in_attesa
2,84,HumanEval,qwen2.5:14b,52,63,in_attesa
2,85,HellaSwag,llama3.2,52,53,in_attesa
2,85,HellaSwag,llama3.1,53,55,in_attesa
2,85,HellaSwag,gemma2:27b,51,55,in_attesa
2,85,HellaSwag,phi3:mini,51,51,in_attesa
2,85,HellaSwag,qwen2.5:7b,51,53,in_attesa
2,85,HellaSwag,mistral,53,53,in_attesa
2,85,HellaSwag,qwen2.5:14b,53,54,in_attesa
2,86,HumanEval,llama3.2,50,55,in_attesa
2,86,HumanEval,llama3.1,50,57,in_attesa
2,86,HumanEval,gemma2:27b,50,59,in_attesa
2,86,HumanEval,phi3:mini,53,56,in_attesa
2,86,HumanEval,qwen2.5:7b,52,58,in_attesa
2,86,HumanEval,mistral,52,57,in_attesa
2,86,HumanEval,qwen2.5:14b,52,63,in_attesa
2,87,GSM8K,llama3.2,52,55,in_attesa
2,87,GSM8K,llama3.1,51,54,in_attesa
2,87,GSM8K,gemma2:27b,50,59,in_attesa
2,87,GSM8K,phi3:mini,52,56,in_attesa
2,87,GSM8K,qwen2.5:7b,51,55,in_attesa
2,87,GSM8K,mistral,51,56,in_attesa
2,87,GSM8K,qwen2.5:14b,50,57,in_attesa
2,88,HumanEval,llama3.2,52,55,in_attesa
2,88,HumanEval,llama3.1,51,56,in_attesa
2,88,HumanEval,gemma2:27b,51,60,in_attesa
2,88,HumanEval,phi3:mini,53,56,in_attesa
2,88,HumanEval,qwen2.5:7b,53,57,in_attesa
2,88,HumanEval,mistral,52,56,in_attesa
2,88,HumanEval,qwen2.5:14b,51,63,in_attesa
2,89,HumanEval,llama3.2,52,56,in_attesa
2,89,HumanEval,llama3.1,51,56,in_attesa
2,89,HumanEval,gemma2:27b,51,61,in_attesa
2,89,HumanEval,phi3:mini,52,56,in_attesa
2,89,HumanEval,qwen2.5:7b,51,56,in_attesa
2,89,HumanEval,mistral,52,59,in_attesa
2,89,HumanEval,qwen2.5:14b,52,63,in_attesa
2,90,GSM8K,llama3.2,52,55,in_attesa
2,90,GSM8K,llama3.1,51,55,in_attesa
2,90,GSM8K,gemma2:27b,50,57,in_attesa
2,90,GSM8K,phi3:mini,53,56,in_attesa
2,90,GSM8K,qwen2.5:7b,53,57,in_attesa
2,90,GSM8K,mistral,51,55,in_attesa
2,90,GSM8K,qwen2.5:14b,51,59,in_attesa
2,91,HellaSwag,llama3.2,53,54,in_attesa
2,91,HellaSwag,llama3.1,51,53,in_attesa
2,91,HellaSwag,gemma2:27b,53,55,in_attesa
2,91,HellaSwag,phi3:mini,51,54,in_attesa
2,91,HellaSwag,qwen2.5:7b,50,52,in_attesa
2,91,HellaSwag,mistral,52,52,in_attesa
2,91,HellaSwag,qwen2.5:14b,52,54,in_attesa
2,92,HumanEval,llama3.2,50,53,in_attesa
2,92,HumanEval,llama3.1,53,56,in_attesa
2,92,HumanEval,gemma2:27b,51,60,in_attesa
2,92,HumanEval,phi3:mini,53,57,in_attesa
2,92,HumanEval,qwen2.5:7b,53,58,in_attesa
2,92,HumanEval,mistral,53,56,in_attesa
2,92,HumanEval,qwen2.5:14b,52,62,in_attesa
2,93,HumanEval,llama3.2,52,55,in_attesa
2,93,HumanEval,llama3.1,51,55,in_attesa
2,93,HumanEval,gemma2:27b,51,57,in_attesa
2,93,HumanEval,phi3:mini,51,55,in_attesa
2,93,HumanEval,qwen2.5:7b,51,56,in_attesa
2,93,HumanEval,mistral,51,57,in_attesa
2,93,HumanEval,qwen2.5:14b,51,58,in_attesa
2,94,GSM8K,llama3.2,51,53,in_attesa
2,94,GSM8K,llama3.1,53,56,in_attesa
2,94,GSM8K,gemma2:27b,50,57,in_attesa
2,94,GSM8K,phi3:mini,53,56,in_attesa
2,94,GSM8K,qwen2.5:7b,53,56,in_attesa
2,94,GSM8K,mistral,52,55,in_attesa
2,94,GSM8K,qwen2.5:14b,51,59,in_attesa
2,95,GSM8K,llama3.2,51,56,in_attesa
2,95,GSM8K,llama3.1,51,54,in_attesa
2,95,GSM8K,gemma2:27b,50,57,in_attesa
2,95,GSM8K,phi3:mini,53,55,in_attesa
2,95,GSM8K,qwen2.5:7b,52,55,in_attesa
2,95,GSM8K,mistral,51,55,in_attesa
2,95,GSM8K,qwen2.5:14b,50,61,in_attesa
2,96,HellaSwag,llama3.2,53,54,in_attesa
2,96,HellaSwag,llama3.1,51,53,in_attesa
2,96,HellaSwag,gemma2:27b,53,55,in_attesa
2,96,HellaSwag,phi3:mini,51,54,in_attesa
2,96,HellaSwag,qwen2.5:7b,50,52,in_attesa
2,96,HellaSwag,mistral,52,53,in_attesa
2,96,HellaSwag,qwen2.5:14b,53,53,in_attesa
2,97,GSM8K,llama3.2,53,55,in_attesa
2,97,GSM8K,llama3.1,51,54,in_attesa
2,97,GSM8K,gemma2:27b,50,59,in_attesa
2,97,GSM8K,phi3:mini,53,55,in_attesa
2,97,GSM8K,qwen2.5:7b,51,55,in_attesa
2,97,GSM8K,mistral,51,54,in_attesa
2,97,GSM8K,qwen2.5:14b,50,60,in_attesa
2,98,HumanEval,llama3.2,52,55,in_attesa
2,98,HumanEval,llama3.1,51,55,in_attesa
2,98,HumanEval,gemma2:27b,51,55,in_attesa
2,98,HumanEval,phi3:mini,52,56,in_attesa
2,98,HumanEval,qwen2.5:7b,52,56,in_attesa
2,98,HumanEval,mistral,51,56,in_attesa
2,98,HumanEval,qwen2.5:14b,51,61,in_attesa
2,99,GSM8K,llama3.2,53,55,in_attesa
2,99,GSM8K,llama3.1,52,55,in_attesa
2,99,GSM8K,gemma2:27b,51,61,in_attesa
2,99,GSM8K,phi3:mini,53,58,in_attesa
2,99,GSM8K,qwen2.5:7b,53,58,in_attesa
2,99,GSM8K,mistral,53,57,in_attesa
2,99,GSM8K,qwen2.5:14b,53,63,in_attesa
2,100,HellaSwag,llama3.2,52,54,in_attesa
2,100,HellaSwag,llama3.1,51,53,in_attesa
2,100,HellaSwag,gemma2:27b,53,55,in_attesa
2,100,HellaSwag,phi3:mini,51,51,in_attesa
2,100,HellaSwag,qwen2.5:7b,51,52,in_attesa
2,100,HellaSwag,mistral,52,53,in_attesa
2,100,HellaSwag,qwen2.5:14b,53,54,in_attesa
2,101,GSM8K,llama3.2,50,53,in_attesa
2,101,GSM8K,llama3.1,53,54,in_attesa
2,101,GSM8K,gemma2:27b,50,59,in_attesa
2,101,GSM8K,phi3:mini,52,56,in_attesa
2,101,GSM8K,qwen2.5:7b,52,55,in_attesa
2,101,GSM8K,mistral,51,55,in_attesa
2,101,GSM8K,qwen2.5:14b,50,59,in_attesa
2,102,HumanEval,llama3.2,51,55,in_attesa
2,102,HumanEval,llama3.1,50,53,in_attesa
2,102,HumanEval,gemma2:27b,53,59,in_attesa
2,102,HumanEval,phi3:mini,52,54,in_attesa
2,102,HumanEval,qwen2.5:7b,51,55,in_attesa
2,102,HumanEval,mistral,50,53,in_attesa
2,102,HumanEval,qwen2.5:14b,53,60,in_attesa
2,103,HumanEval,llama3.2,52,55,in_attesa
2,103,HumanEval,llama3.1,51,55,in_attesa
2,103,HumanEval,gemma2:27b,50,60,in_attesa
2,103,HumanEval,phi3:mini,53,56,in_attesa
2,103,HumanEval,qwen2.5:7b,52,57,in_attesa
2,103,HumanEval,mistral,52,55,in_attesa
2,103,HumanEval,qwen2.5:14b,51,61,in_attesa
2,104,HellaSwag,llama3.2,53,53,in_attesa
2,104,HellaSwag,llama3.1,53,54,in_attesa
2,104,HellaSwag,gemma2:27b,50,54,in_attesa
2,104,HellaSwag,phi3:mini,50,53,in_attesa
2,104,HellaSwag,qwen2.5:7b,53,52,in_attesa
2,104,HellaSwag,mistral,52,53,in_attesa
2,104,HellaSwag,qwen2.5:14b,53,53,in_attesa
2,105,GSM8K,llama3.2,53,55,in_attesa
2,105,GSM8K,llama3.1,50,53,in_attesa
2,105,GSM8K,gemma2:27b,53,59,in_attesa
2,105,GSM8K,phi3:mini,52,56,in_attesa
2,105,GSM8K,qwen2.5:7b,51,55,in_attesa
2,105,GSM8K,mistral,51,55,in_attesa
2,105,GSM8K,qwen2.5:14b,50,60,in_attesa
2,106,HellaSwag,llama3.2,52,52,in_attesa
2,106,HellaSwag,llama3.1,52,55,in_attesa
2,106,HellaSwag,gemma2:27b,50,54,in_attesa
2,106,HellaSwag,phi3:mini,49,50,in_attesa
2,106,HellaSwag,qwen2.5:7b,50,52,in_attesa
2,106,HellaSwag,mistral,52,52,in_attesa
2,106,HellaSwag,qwen2.5:14b,52,52,in_attesa
2,107,GSM8K,llama3.2,52,56,in_attesa
2,107,GSM8K,llama3.1,50,53,in_attesa
2,107,GSM8K,gemma2:27b,53,58,in_attesa
2,107,GSM8K,phi3:mini,52,54,in_attesa
2,107,GSM8K,qwen2.5:7b,51,56,in_attesa
2,107,GSM8K,mistral,51,54,in_attesa
2,107,GSM8K,qwen2.5:14b,49,58,in_attesa
2,108,GSM8K,llama3.2,51,53,in_attesa
2,108,GSM8K,llama3.1,53,55,in_attesa
2,108,GSM8K,gemma2:27b,51,57,in_attesa
2,108,GSM8K,phi3:mini,53,55,in_attesa
2,108,GSM8K,qwen2.5:7b,52,55,in_attesa
2,108,GSM8K,mistral,51,53,in_attesa
2,108,GSM8K,qwen2.5:14b,53,57,in_attesa
2,109,GSM8K,llama3.2,53,54,in_attesa
2,109,GSM8K,llama3.1,50,54,in_attesa
2,109,GSM8K,gemma2:27b,49,58,in_attesa
2,109,GSM8K,phi3:mini,51,56,in_attesa
2,109,GSM8K,qwen2.5:7b,50,55,in_attesa
2,109,GSM8K,mistral,50,54,in_attesa
2,109,GSM8K,qwen2.5:14b,50,61,in_attesa
2,110,GSM8K,llama3.2,53,54,in_attesa
2,110,GSM8K,llama3.1,51,54,in_attesa
2,110,GSM8K,gemma2:27b,53,60,in_attesa
2,110,GSM8K,phi3:mini,53,58,in_attesa
2,110,GSM8K,qwen2.5:7b,51,55,in_attesa
2,110,GSM8K,mistral,51,55,in_attesa
2,110,GSM8K,qwen2.5:14b,50,60,in_attesa
2,111,GSM8K,llama3.2,52,54,in_attesa
2,111,GSM8K,llama3.1,50,54,in_attesa
2,111,GSM8K,gemma2:27b,50,56,in_attesa
2,111,GSM8K,phi3:mini,52,54,in_attesa
2,111,GSM8K,qwen2.5:7b,51,55,in_attesa
2,111,GSM8K,mistral,50,53,in_attesa
2,111,GSM8K,qwen2.5:14b,53,59,in_attesa
2,112,HellaSwag,llama3.2,53,54,in_attesa
2,112,HellaSwag,llama3.1,50,53,in_attesa
2,112,HellaSwag,gemma2:27b,53,55,in_attesa
2,112,HellaSwag,phi3:mini,50,51,in_attesa
2,112,HellaSwag,qwen2.5:7b,51,53,in_attesa
2,112,HellaSwag,mistral,53,53,in_attesa
2,112,HellaSwag,qwen2.5:14b,53,53,in_attesa
2,113,HumanEval,llama3.2,53,55,in_attesa
2,113,HumanEval,llama3.1,50,55,in_attesa
2,113,HumanEval,gemma2:27b,50,60,in_attesa
2,113,HumanEval,phi3:mini,52,56,in_attesa
2,113,HumanEval,qwen2.5:7b,51,56,in_attesa
2,113,HumanEval,mistral,51,57,in_attesa
2,113,HumanEval,qwen2.5:14b,51,61,in_attesa
2,114,HellaSwag,llama3.2,53,53,in_attesa
2,114,HellaSwag,llama3.1,53,55,in_attesa
2,114,HellaSwag,gemma2:27b,51,54,in_attesa
2,114,HellaSwag,phi3:mini,50,54,in_attesa
2,114,HellaSwag,qwen2.5:7b,50,52,in_attesa
2,114,HellaSwag,mistral,52,53,in_attesa
2,114,HellaSwag,qwen2.5:14b,53,53,in_attesa
2,115,HellaSwag,llama3.2,53,52,in_attesa
2,115,HellaSwag,llama3.1,52,54,in_attesa
2,115,HellaSwag,gemma2:27b,49,54,in_attesa
2,115,HellaSwag,phi3:mini,50,53,in_attesa
2,115,HellaSwag,qwen2.5:7b,51,52,in_attesa
2,115,HellaSwag,mistral,52,54,in_attesa
2,115,HellaSwag,qwen2.5:14b,49,52,in_attesa
2,116,HumanEval,llama3.2,52,54,in_attesa
2,116,HumanEval,llama3.1,50,56,in_attesa
2,116,HumanEval,gemma2:27b,51,60,in_attesa
2,116,HumanEval,phi3:mini,51,56,in_attesa
2,116,HumanEval,qwen2.5:7b,51,57,in_attesa
2,116,HumanEval,mistral,52,56,in_attesa
2,116,HumanEval,qwen2.5:14b,51,62,in_attesa
2,117,HumanEval,llama3.2,52,57,in_attesa
2,117,HumanEval,llama3.1,51,58,in_attesa
2,117,HumanEval,gemma2:27b,52,61,in_attesa
2,117,HumanEval,phi3:mini,52,56,in_attesa
2,117,HumanEval,qwen2.5:7b,51,56,in_attesa
2,117,HumanEval,mistral,51,55,in_attesa
2,117,HumanEval,qwen2.5:14b,50,62,in_attesa
2,118,HellaSwag,llama3.2,52,53,in_attesa
2,118,HellaSwag,llama3.1,53,54,in_attesa
2,118,HellaSwag,gemma2:27b,50,54,in_attesa
2,118,HellaSwag,phi3:mini,50,52,in_attesa
2,118,HellaSwag,qwen2.5:7b,51,53,in_attesa
2,118,HellaSwag,mistral,53,53,in_attesa
2,118,HellaSwag,qwen2.5:14b,53,54,in_attesa
2,119,HumanEval,llama3.2,50,54,in_attesa
2,119,HumanEval,llama3.1,49,55,in_attesa
2,119,HumanEval,gemma2:27b,51,60,in_attesa
2,119,HumanEval,phi3:mini,53,57,in_attesa
2,119,HumanEval,qwen2.5:7b,52,57,in_attesa
2,119,HumanEval,mistral,52,57,in_attesa
2,119,HumanEval,qwen2.5:14b,52,61,in_attesa
2,120,HumanEval,llama3.2,53,57,in_attesa
2,120,HumanEval,llama3.1,51,56,in_attesa
2,120,HumanEval,gemma2:27b,51,60,in_attesa
2,120,HumanEval,phi3:mini,53,57,in_attesa
2,120,HumanEval,qwen2.5:7b,52,56,in_attesa
2,120,HumanEval,mistral,52,54,in_attesa
2,120,HumanEval,qwen2.5:14b,50,60,in_attesa
2,121,HellaSwag,llama3.2,52,52,in_attesa
2,121,HellaSwag,llama3.1,52,54,in_attesa
2,121,HellaSwag,gemma2:27b,50,55,in_attesa
2,121,HellaSwag,phi3:mini,50,53,in_attesa
2,121,HellaSwag,qwen2.5:7b,53,53,in_attesa
2,121,HellaSwag,mistral,53,54,in_attesa
2,121,HellaSwag,qwen2.5:14b,50,52,in_attesa
2,122,GSM8K,llama3.2,52,53,in_attesa
2,122,GSM8K,llama3.1,53,57,in_attesa
2,122,GSM8K,gemma2:27b,51,60,in_attesa
2,122,GSM8K,phi3:mini,53,56,in_attesa
2,122,GSM8K,qwen2.5:7b,52,56,in_attesa
2,122,GSM8K,mistral,52,56,in_attesa
2,122,GSM8K,qwen2.5:14b,51,62,in_attesa
2,123,HellaSwag,llama3.2,53,54,in_attesa
2,123,HellaSwag,llama3.1,51,53,in_attesa
2,123,HellaSwag,gemma2:27b,53,55,in_attesa
2,123,HellaSwag,phi3:mini,51,55,in_attesa
2,123,HellaSwag,qwen2.5:7b,53,53,in_attesa
2,123,HellaSwag,mistral,53,54,in_attesa
2,123,HellaSwag,qwen2.5:14b,50,52,in_attesa
2,124,GSM8K,llama3.2,52,53,in_attesa
2,124,GSM8K,llama3.1,53,55,in_attesa
2,124,GSM8K,gemma2:27b,50,58,in_attesa
2,124,GSM8K,phi3:mini,51,54,in_attesa
2,124,GSM8K,qwen2.5:7b,51,56,in_attesa
2,124,GSM8K,mistral,51,55,in_attesa
2,124,GSM8K,qwen2.5:14b,50,60,in_attesa
2,125,HumanEval,llama3.2,52,55,in_attesa
2,125,HumanEval,llama3.1,51,55,in_attesa
2,125,HumanEval,gemma2:27b,50,61,in_attesa
2,125,HumanEval,phi3:mini,51,57,in_attesa
2,125,HumanEval,qwen2.5:7b,51,56,in_attesa
2,125,HumanEval,mistral,51,55,in_attesa
2,125,HumanEval,qwen2.5:14b,50,61,in_attesa
2,126,GSM8K,llama3.2,53,56,in_attesa
2,126,GSM8K,llama3.1,51,55,in_attesa
2,126,GSM8K,gemma2:27b,50,57,in_attesa
2,126,GSM8K,phi3:mini,53,56,in_attesa
2,126,GSM8K,qwen2.5:7b,52,57,in_attesa
2,126,GSM8K,mistral,52,55,in_attesa
2,126,GSM8K,qwen2.5:14b,50,59,in_attesa
2,127,GSM8K,llama3.2,53,57,in_attesa
2,127,GSM8K,llama3.1,51,55,in_attesa
2,127,GSM8K,gemma2:27b,50,58,in_attesa
2,127,GSM8K,phi3:mini,51,54,in_attesa
2,127,GSM8K,qwen2.5:7b,50,55,in_attesa
2,127,GSM8K,mistral,51,55,in_attesa
2,127,GSM8K,qwen2.5:14b,50,59,in_attesa
2,128,GSM8K,llama3.2,51,53,in_attesa
2,128,GSM8K,llama3.1,53,54,in_attesa
2,128,GSM8K,gemma2:27b,50,56,in_attesa
2,128,GSM8K,phi3:mini,53,55,in_attesa
2,128,GSM8K,qwen2.5:7b,52,56,in_attesa
2,128,GSM8K,mistral,51,55,in_attesa
2,128,GSM8K,qwen2.5:14b,50,58,in_attesa
2,129,GSM8K,llama3.2,52,55,in_attesa
2,129,GSM8K,llama3.1,51,54,in_attesa
2,129,GSM8K,gemma2:27b,50,60,in_attesa
2,129,GSM8K,phi3:mini,53,56,in_attesa
2,129,GSM8K,qwen2.5:7b,51,56,in_attesa
2,129,GSM8K,mistral,51,56,in_attesa
2,129,GSM8K,qwen2.5:14b,50,60,in_attesa
2,130,HellaSwag,llama3.2,52,53,in_attesa
2,130,HellaSwag,llama3.1,52,53,in_attesa
2,130,HellaSwag,gemma2:27b,53,56,in_attesa
2,130,HellaSwag,phi3:mini,51,55,in_attesa
2,130,HellaSwag,qwen2.5:7b,51,53,in_attesa
2,130,HellaSwag,mistral,53,53,in_attesa
2,130,HellaSwag,qwen2.5:14b,53,54,in_attesa
2,131,HumanEval,llama3.2,50,54,in_attesa
2,131,HumanEval,llama3.1,50,54,in_attesa
2,131,HumanEval,gemma2:27b,50,60,in_attesa
2,131,HumanEval,phi3:mini,52,56,in_attesa
2,131,HumanEval,qwen2.5:7b,52,57,in_attesa
2,131,HumanEval,mistral,52,55,in_attesa
2,131,HumanEval,qwen2.5:14b,51,61,in_attesa
2,132,GSM8K,llama3.2,53,55,in_attesa
2,132,GSM8K,llama3.1,51,55,in_attesa
2,132,GSM8K,gemma2:27b,51,59,in_attesa
2,132,GSM8K,phi3:mini,52,55,in_attesa
2,132,GSM8K,qwen2.5:7b,51,56,in_attesa
2,132,GSM8K,mistral,50,55,in_attesa
2,132,GSM8K,qwen2.5:14b,50,58,in_attesa
2,133,HumanEval,llama3.2,53,56,in_attesa
2,133,HumanEval,llama3.1,51,56,in_attesa
2,133,HumanEval,gemma2:27b,51,61,in_attesa
2,133,HumanEval,phi3:mini,52,55,in_attesa
2,133,HumanEval,qwen2.5:7b,52,58,in_attesa
2,133,HumanEval,mistral,52,56,in_attesa
2,133,HumanEval,qwen2.5:14b,52,63,in_attesa
2,134,GSM8K,llama3.2,52,54,in_attesa
2,134,GSM8K,llama3.1,50,54,in_attesa
2,134,GSM8K,gemma2:27b,50,59,in_attesa
2,134,GSM8K,phi3:mini,52,55,in_attesa
2,134,GSM8K,qwen2.5:7b,52,56,in_attesa
2,134,GSM8K,mistral,51,55,in_attesa
2,134,GSM8K,qwen2.5:14b,50,59,in_attesa
2,135,HumanEval,llama3.2,52,54,in_attesa
2,135,HumanEval,llama3.1,50,56,in_attesa
2,135,HumanEval,gemma2:27b,51,60,in_attesa
2,135,HumanEval,phi3:mini,53,56,in_attesa
2,135,HumanEval,qwen2.5:7b,52,57,in_attesa
2,135,HumanEval,mistral,52,56,in_attesa
2,135,HumanEval,qwen2.5:14b,51,63,in_attesa
2,136,HumanEval,llama3.2,52,55,in_attesa
2,136,HumanEval,llama3.1,51,55,in_attesa
2,136,HumanEval,gemma2:27b,50,60,in_attesa
2,136,HumanEval,phi3:mini,53,56,in_attesa
2,136,HumanEval,qwen2.5:7b,52,56,in_attesa
2,136,HumanEval,mistral,52,56,in_attesa
2,136,HumanEval,qwen2.5:14b,51,61,in_attesa
2,137,HumanEval,llama3.2,53,56,in_attesa
2,137,HumanEval,llama3.1,52,58,in_attesa
2,137,HumanEval,gemma2:27b,52,61,in_attesa
2,137,HumanEval,phi3:mini,52,56,in_attesa
2,137,HumanEval,qwen2.5:7b,51,58,in_attesa
2,137,HumanEval,mistral,52,57,in_attesa
2,137,HumanEval,qwen2.5:14b,51,63,in_attesa
2,138,GSM8K,llama3.2,52,55,in_attesa
2,138,GSM8K,llama3.1,51,53,in_attesa
2,138,GSM8K,gemma2:27b,53,58,in_attesa
2,138,GSM8K,phi3:mini,52,54,in_attesa
2,138,GSM8K,qwen2.5:7b,51,55,in_attesa
2,138,GSM8K,mistral,51,54,in_attesa
2,138,GSM8K,qwen2.5:14b,50,60,in_attesa
2,139,HellaSwag,llama3.2,52,52,in_attesa
2,139,HellaSwag,llama3.1,52,53,in_attesa
2,139,HellaSwag,gemma2:27b,53,56,in_attesa
2,139,HellaSwag,phi3:mini,51,52,in_attesa
2,139,HellaSwag,qwen2.5:7b,52,53,in_attesa
2,139,HellaSwag,mistral,53,54,in_attesa
2,139,HellaSwag,qwen2.5:14b,50,53,in_attesa
2,140,GSM8K,llama3.2,53,53,in_attesa
2,140,GSM8K,llama3.1,53,55,in_attesa
2,140,GSM8K,gemma2:27b,50,59,in_attesa
2,140,GSM8K,phi3:mini,52,54,in_attesa
2,140,GSM8K,qwen2.5:7b,52,55,in_attesa
2,140,GSM8K,mistral,51,55,in_attesa
2,140,GSM8K,qwen2.5:14b,51,58,in_attesa
2,141,HumanEval,llama3.2,53,56,in_attesa
2,141,HumanEval,llama3.1,51,57,in_attesa
2,141,HumanEval,gemma2:27b,51,61,in_attesa
2,141,HumanEval,phi3:mini,53,57,in_attesa
2,141,HumanEval,qwen2.5:7b,53,58,in_attesa
2,141,HumanEval,mistral,53,57,in_attesa
2,141,HumanEval,qwen2.5:14b,52,62,in_attesa
2,142,GSM8K,llama3.2,52,54,in_attesa
2,142,GSM8K,llama3.1,51,55,in_attesa
2,142,GSM8K,gemma2:27b,50,59,in_attesa
2,142,GSM8K,phi3:mini,52,55,in_attesa
2,142,GSM8K,qwen2.5:7b,51,55,in_attesa
2,142,GSM8K,mistral,50,55,in_attesa
2,142,GSM8K,qwen2.5:14b,50,60,in_attesa
2,143,GSM8K,llama3.2,52,55,in_attesa
2,143,GSM8K,llama3.1,51,58,in_attesa
2,143,GSM8K,gemma2:27b,51,60,in_attesa
2,143,GSM8K,phi3:mini,53,57,in_attesa
2,143,GSM8K,qwen2.5:7b,52,57,in_attesa
2,143,GSM8K,mistral,52,56,in_attesa
2,143,GSM8K,qwen2.5:14b,51,63,in_attesa
2,144,HellaSwag,llama3.2,52,53,in_attesa
2,144,HellaSwag,llama3.1,53,54,in_attesa
2,144,HellaSwag,gemma2:27b,50,54,in_attesa
2,144,HellaSwag,phi3:mini,50,51,in_attesa
2,144,HellaSwag,qwen2.5:7b,51,52,in_attesa
2,144,HellaSwag,mistral,52,53,in_attesa
2,144,HellaSwag,qwen2.5:14b,53,54,in_attesa
2,145,GSM8K,llama3.2,50,53,in_attesa
2,145,GSM8K,llama3.1,53,54,in_attesa
2,145,GSM8K,gemma2:27b,50,58,in_attesa
2,145,GSM8K,phi3:mini,51,55,in_attesa
2,145,GSM8K,qwen2.5:7b,51,55,in_attesa
2,145,GSM8K,mistral,50,55,in_attesa
2,145,GSM8K,qwen2.5:14b,50,61,in_attesa
2,146,HellaSwag,llama3.2,53,54,in_attesa
2,146,HellaSwag,llama3.1,51,54,in_attesa
2,146,HellaSwag,gemma2:27b,50,54,in_attesa
2,146,HellaSwag,phi3:mini,50,51,in_attesa
2,146,HellaSwag,qwen2.5:7b,51,53,in_attesa
2,146,HellaSwag,mistral,52,55,in_attesa
2,146,HellaSwag,qwen2.5:14b,53,54,in_attesa
2,147,HumanEval,llama3.2,53,57,in_attesa
2,147,HumanEval,llama3.1,50,55,in_attesa
2,147,HumanEval,gemma2:27b,51,59,in_attesa
2,147,HumanEval,phi3:mini,52,56,in_attesa
2,147,HumanEval,qwen2.5:7b,51,57,in_attesa
2,147,HumanEval,mistral,51,55,in_attesa
2,147,HumanEval,qwen2.5:14b,50,60,in_attesa
2,148,GSM8K,llama3.2,52,54,in_attesa
2,148,GSM8K,llama3.1,51,54,in_attesa
2,148,GSM8K,gemma2:27b,50,60,in_attesa
2,148,GSM8K,phi3:mini,53,55,in_attesa
2,148,GSM8K,qwen2.5:7b,52,57,in_attesa
2,148,GSM8K,mistral,52,56,in_attesa
2,148,GSM8K,qwen2.5:14b,52,62,in_attesa
2,149,HumanEval,llama3.2,53,57,in_attesa
2,149,HumanEval,llama3.1,52,57,in_attesa
2,149,HumanEval,gemma2:27b,52,61,in_attesa
2,149,HumanEval,phi3:mini,52,55,in_attesa
2,149,HumanEval,qwen2.5:7b,52,57,in_attesa
2,149,HumanEval,mistral,52,58,in_attesa
2,149,HumanEval,qwen2.5:14b,52,63,in_attesa
2,150,HellaSwag,llama3.2,52,54,in_attesa
2,150,HellaSwag,llama3.1,50,53,in_attesa
2,150,HellaSwag,gemma2:27b,53,55,in_attesa
2,150,HellaSwag,phi3:mini,51,52,in_attesa
2,150,HellaSwag,qwen2.5:7b,52,53,in_attesa
2,150,HellaSwag,mistral,53,54,in_attesa
2,150,HellaSwag,qwen2.5:14b,50,53,in_attesa
2,151,HumanEval,llama3.2,53,55,in_attesa
2,151,HumanEval,llama3.1,50,56,in_attesa
2,151,HumanEval,gemma2:27b,50,60,in_attesa
2,151,HumanEval,phi3:mini,53,55,in_attesa
2,151,HumanEval,qwen2.5:7b,52,57,in_attesa
2,151,HumanEval,mistral,52,56,in_attesa
2,151,HumanEval,qwen2.5:14b,51,61,in_attesa
2,152,GSM8K,llama3.2,53,57,in_attesa
2,152,GSM8K,llama3.1,52,55,in_attesa
2,152,GSM8K,gemma2:27b,51,59,in_attesa
2,152,GSM8K,phi3:mini,52,56,in_attesa
2,152,GSM8K,qwen2.5:7b,52,57,in_attesa
2,152,GSM8K,mistral,51,55,in_attesa
2,152,GSM8K,qwen2.5:14b,50,59,in_attesa
2,153,HumanEval,llama3.2,52,56,in_attesa
2,153,HumanEval,llama3.1,51,56,in_attesa
2,153,HumanEval,gemma2:27b,51,61,in_attesa
2,153,HumanEval,phi3:mini,52,56,in_attesa
2,153,HumanEval,qwen2.5:7b,52,57,in_attesa
2,153,HumanEval,mistral,52,56,in_attesa
2,153,HumanEval,qwen2.5:14b,52,63,in_attesa
2,154,GSM8K,llama3.2,52,57,in_attesa
2,154,GSM8K,llama3.1,51,56,in_attesa
2,154,GSM8K,gemma2:27b,51,61,in_attesa
2,154,GSM8K,phi3:mini,53,56,in_attesa
2,154,GSM8K,qwen2.5:7b,53,57,in_attesa
2,154,GSM8K,mistral,52,56,in_attesa
2,154,GSM8K,qwen2.5:14b,51,62,in_attesa
2,155,HumanEval,llama3.2,53,56,in_attesa
2,155,HumanEval,llama3.1,52,56,in_attesa
2,155,HumanEval,gemma2:27b,51,61,in_attesa
2,155,HumanEval,phi3:mini,52,56,in_attesa
2,155,HumanEval,qwen2.5:7b,52,57,in_attesa
2,155,HumanEval,mistral,52,57,in_attesa
2,155,HumanEval,qwen2.5:14b,52,63,in_attesa
2,156,HellaSwag,llama3.2,52,53,in_attesa
2,156,HellaSwag,llama3.1,53,54,in_attesa
2,156,HellaSwag,gemma2:27b,50,54,in_attesa
2,156,HellaSwag,phi3:mini,51,51,in_attesa
2,156,HellaSwag,qwen2.5:7b,51,52,in_attesa
2,156,HellaSwag,mistral,52,53,in_attesa
2,156,HellaSwag,qwen2.5:14b,53,54,in_attesa
2,157,GSM8K,llama3.2,50,52,in_attesa
2,157,GSM8K,llama3.1,52,54,in_attesa
2,157,GSM8K,gemma2:27b,50,58,in_attesa
2,157,GSM8K,phi3:mini,52,54,in_attesa
2,157,GSM8K,qwen2.5:7b,51,56,in_attesa
2,157,GSM8K,mistral,51,55,in_attesa
2,157,GSM8K,qwen2.5:14b,50,58,in_attesa
2,158,GSM8K,llama3.2,51,53,in_attesa
2,158,GSM8K,llama3.1,53,55,in_attesa
2,158,GSM8K,gemma2:27b,50,58,in_attesa
2,158,GSM8K,phi3:mini,51,53,in_attesa
2,158,GSM8K,qwen2.5:7b,53,56,in_attesa
2,158,GSM8K,mistral,51,55,in_attesa
2,158,GSM8K,qwen2.5:14b,50,59,in_attesa
2,159,HellaSwag,llama3.2,53,54,in_attesa
2,159,HellaSwag,llama3.1,51,52,in_attesa
2,159,HellaSwag,gemma2:27b,52,54,in_attesa
2,159,HellaSwag,phi3:mini,50,53,in_attesa
2,159,HellaSwag,qwen2.5:7b,53,53,in_attesa
2,159,HellaSwag,mistral,53,53,in_attesa
2,159,HellaSwag,qwen2.5:14b,53,54,in_attesa
2,160,GSM8K,llama3.2,50,53,in_attesa
2,160,GSM8K,llama3.1,53,54,in_attesa
2,160,GSM8K,gemma2:27b,50,58,in_attesa
2,160,GSM8K,phi3:mini,51,54,in_attesa
2,160,GSM8K,qwen2.5:7b,51,56,in_attesa
2,160,GSM8K,mistral,50,54,in_attesa
2,160,GSM8K,qwen2.5:14b,50,60,in_attesa
2,161,HumanEval,llama3.2,52,54,in_attesa
2,161,HumanEval,llama3.1,50,55,in_attesa
2,161,HumanEval,gemma2:27b,50,59,in_attesa
2,161,HumanEval,phi3:mini,52,57,in_attesa
2,161,HumanEval,qwen2.5:7b,52,57,in_attesa
2,161,HumanEval,mistral,51,55,in_attesa
2,161,HumanEval,qwen2.5:14b,50,60,in_attesa
2,162,HumanEval,llama3.2,52,56,in_attesa
2,162,HumanEval,llama3.1,51,58,in_attesa
2,162,HumanEval,gemma2:27b,52,61,in_attesa
2,162,HumanEval,phi3:mini,53,57,in_attesa
2,162,HumanEval,qwen2.5:7b,52,57,in_attesa
2,162,HumanEval,mistral,52,57,in_attesa
2,162,HumanEval,qwen2.5:14b,52,61,in_attesa
2,163,HellaSwag,llama3.2,53,54,in_attesa
2,163,HellaSwag,llama3.1,51,53,in_attesa
2,163,HellaSwag,gemma2:27b,53,55,in_attesa
2,163,HellaSwag,phi3:mini,51,53,in_attesa
2,163,HellaSwag,qwen2.5:7b,53,54,in_attesa
2,163,HellaSwag,mistral,50,53,in_attesa
2,163,HellaSwag,qwen2.5:14b,53,53,in_attesa
2,164,HumanEval,llama3.2,53,54,in_attesa
2,164,HumanEval,llama3.1,50,54,in_attesa
2,164,HumanEval,gemma2:27b,49,61,in_attesa
2,164,HumanEval,phi3:mini,53,56,in_attesa
2,164,HumanEval,qwen2.5:7b,52,57,in_attesa
2,164,HumanEval,mistral,52,55,in_attesa
2,164,HumanEval,qwen2.5:14b,51,62,in_attesa
2,165,GSM8K,llama3.2,51,54,in_attesa
2,165,GSM8K,llama3.1,50,54,in_attesa
2,165,GSM8K,gemma2:27b,50,57,in_attesa
2,165,GSM8K,phi3:mini,51,55,in_attesa
2,165,GSM8K,qwen2.5:7b,51,54,in_attesa
2,165,GSM8K,mistral,50,55,in_attesa
2,165,GSM8K,qwen2.5:14b,50,59,in_attesa
2,166,HumanEval,llama3.2,51,54,in_attesa
2,166,HumanEval,llama3.1,50,55,in_attesa
2,166,HumanEval,gemma2:27b,50,58,in_attesa
2,166,HumanEval,phi3:mini,52,55,in_attesa
2,166,HumanEval,qwen2.5:7b,51,55,in_attesa
2,166,HumanEval,mistral,51,54,in_attesa
2,166,HumanEval,qwen2.5:14b,50,61,in_attesa
2,167,HellaSwag,llama3.2,53,54,in_attesa
2,167,HellaSwag,llama3.1,51,53,in_attesa
2,167,HellaSwag,gemma2:27b,53,55,in_attesa
2,167,HellaSwag,phi3:mini,50,54,in_attesa
2,167,HellaSwag,qwen2.5:7b,50,52,in_attesa
2,167,HellaSwag,mistral,52,52,in_attesa
2,167,HellaSwag,qwen2.5:14b,52,53,in_attesa
2,168,HellaSwag,llama3.2,53,52,in_attesa
2,168,HellaSwag,llama3.1,52,53,in_attesa
2,168,HellaSwag,gemma2:27b,53,55,in_attesa
2,168,HellaSwag,phi3:mini,50,53,in_attesa
2,168,HellaSwag,qwen2.5:7b,53,53,in_attesa
2,168,HellaSwag,mistral,53,54,in_attesa
2,168,HellaSwag,qwen2.5:14b,50,52,in_attesa
2,169,HumanEval,llama3.2,52,55,in_attesa
2,169,HumanEval,llama3.1,50,55,in_attesa
2,169,HumanEval,gemma2:27b,50,55,in_attesa
2,169,HumanEval,phi3:mini,52,57,in_attesa
2,169,HumanEval,qwen2.5:7b,51,57,in_attesa
2,169,HumanEval,mistral,51,56,in_attesa
2,169,HumanEval,qwen2.5:14b,51,62,in_attesa
2,170,HellaSwag,llama3.2,53,55,in_attesa
2,170,HellaSwag,llama3.1,51,53,in_attesa
2,170,HellaSwag,gemma2:27b,53,55,in_attesa
2,170,HellaSwag,phi3:mini,51,57,in_attesa
2,170,HellaSwag,qwen2.5:7b,51,53,in_attesa
2,170,HellaSwag,mistral,53,54,in_attesa
2,170,HellaSwag,qwen2.5:14b,50,52,in_attesa
2,171,GSM8K,llama3.2,52,53,in_attesa
2,171,GSM8K,llama3.1,53,54,in_attesa
2,171,GSM8K,gemma2:27b,50,59,in_attesa
2,171,GSM8K,phi3:mini,52,54,in_attesa
2,171,GSM8K,qwen2.5:7b,51,56,in_attesa
2,171,GSM8K,mistral,51,55,in_attesa
2,171,GSM8K,qwen2.5:14b,50,61,in_attesa
2,172,GSM8K,llama3.2,53,55,in_attesa
2,172,GSM8K,llama3.1,51,54,in_attesa
2,172,GSM8K,gemma2:27b,50,60,in_attesa
2,172,GSM8K,phi3:mini,52,55,in_attesa
2,172,GSM8K,qwen2.5:7b,51,55,in_attesa
2,172,GSM8K,mistral,51,55,in_attesa
2,172,GSM8K,qwen2.5:14b,50,60,in_attesa
2,173,HumanEval,llama3.2,52,56,in_attesa
2,173,HumanEval,llama3.1,51,56,in_attesa
2,173,HumanEval,gemma2:27b,51,58,in_attesa
2,173,HumanEval,phi3:mini,51,56,in_attesa
2,173,HumanEval,qwen2.5:7b,51,56,in_attesa
2,173,HumanEval,mistral,51,56,in_attesa
2,173,HumanEval,qwen2.5:14b,51,62,in_attesa
2,174,GSM8K,llama3.2,52,54,in_attesa
2,174,GSM8K,llama3.1,50,55,in_attesa
2,174,GSM8K,gemma2:27b,50,59,in_attesa
2,174,GSM8K,phi3:mini,52,55,in_attesa
2,174,GSM8K,qwen2.5:7b,51,56,in_attesa
2,174,GSM8K,mistral,51,54,in_attesa
2,174,GSM8K,qwen2.5:14b,50,60,in_attesa
2,175,HellaSwag,llama3.2,51,53,in_attesa
2,175,HellaSwag,llama3.1,53,53,in_attesa
2,175,HellaSwag,gemma2:27b,53,55,in_attesa
2,175,HellaSwag,phi3:mini,51,51,in_attesa
2,175,HellaSwag,qwen2.5:7b,51,53,in_attesa
2,175,HellaSwag,mistral,52,53,in_attesa
2,175,HellaSwag,qwen2.5:14b,53,53,in_attesa
2,176,HellaSwag,llama3.2,53,52,in_attesa
2,176,HellaSwag,llama3.1,52,55,in_attesa
2,176,HellaSwag,gemma2:27b,50,54,in_attesa
2,176,HellaSwag,phi3:mini,50,50,in_attesa
2,176,HellaSwag,qwen2.5:7b,50,52,in_attesa
2,176,HellaSwag,mistral,52,53,in_attesa
2,176,HellaSwag,qwen2.5:14b,53,53,in_attesa
2,177,HellaSwag,llama3.2,53,52,in_attesa
2,177,HellaSwag,llama3.1,52,54,in_attesa
2,177,HellaSwag,gemma2:27b,50,54,in_attesa
2,177,HellaSwag,phi3:mini,50,53,in_attesa
2,177,HellaSwag,qwen2.5:7b,53,52,in_attesa
2,177,HellaSwag,mistral,52,53,in_attesa
2,177,HellaSwag,qwen2.5:14b,53,53,in_attesa
2,178,HumanEval,llama3.2,53,56,in_attesa
2,178,HumanEval,llama3.1,51,56,in_attesa
2,178,HumanEval,gemma2:27b,52,62,in_attesa
2,178,HumanEval,phi3:mini,52,56,in_attesa
2,178,HumanEval,qwen2.5:7b,51,57,in_attesa
2,178,HumanEval,mistral,52,56,in_attesa
2,178,HumanEval,qwen2.5:14b,51,63,in_attesa
2,179,GSM8K,llama3.2,52,54,in_attesa
2,179,GSM8K,llama3.1,51,55,in_attesa
2,179,GSM8K,gemma2:27b,50,60,in_attesa
2,179,GSM8K,phi3:mini,53,55,in_attesa
2,179,GSM8K,qwen2.5:7b,52,58,in_attesa
2,179,GSM8K,mistral,52,55,in_attesa
2,179,GSM8K,qwen2.5:14b,50,62,in_attesa
2,180,HumanEval,llama3.2,53,56,in_attesa
2,180,HumanEval,llama3.1,51,55,in_attesa
2,180,HumanEval,gemma2:27b,51,60,in_attesa
2,180,HumanEval,phi3:mini,53,56,in_attesa
2,180,HumanEval,qwen2.5:7b,53,58,in_attesa
2,180,HumanEval,mistral,52,56,in_attesa
2,180,HumanEval,qwen2.5:14b,51,57,in_attesa
2,181,HellaSwag,llama3.2,52,53,in_attesa
2,181,HellaSwag,llama3.1,52,54,in_attesa
2,181,HellaSwag,gemma2:27b,50,54,in_attesa
2,181,HellaSwag,phi3:mini,50,52,in_attesa
2,181,HellaSwag,qwen2.5:7b,52,53,in_attesa
2,181,HellaSwag,mistral,53,53,in_attesa
2,181,HellaSwag,qwen2.5:14b,53,55,in_attesa
2,182,HellaSwag,llama3.2,51,53,in_attesa
2,182,HellaSwag,llama3.1,53,54,in_attesa
2,182,HellaSwag,gemma2:27b,49,53,in_attesa
2,182,HellaSwag,phi3:mini,53,52,in_attesa
2,182,HellaSwag,qwen2.5:7b,52,53,in_attesa
2,182,HellaSwag,mistral,53,54,in_attesa
2,182,HellaSwag,qwen2.5:14b,50,52,in_attesa
2,183,HellaSwag,llama3.2,52,51,in_attesa
2,183,HellaSwag,llama3.1,51,52,in_attesa
2,183,HellaSwag,gemma2:27b,52,54,in_attesa
2,183,HellaSwag,phi3:mini,50,53,in_attesa
2,183,HellaSwag,qwen2.5:7b,53,53,in_attesa
2,183,HellaSwag,mistral,52,53,in_attesa
2,183,HellaSwag,qwen2.5:14b,53,53,in_attesa
2,184,HellaSwag,llama3.2,53,52,in_attesa
2,184,HellaSwag,llama3.1,52,53,in_attesa
2,184,HellaSwag,gemma2:27b,53,55,in_attesa
2,184,HellaSwag,phi3:mini,51,53,in_attesa
2,184,HellaSwag,qwen2.5:7b,53,53,in_attesa
2,184,HellaSwag,mistral,52,53,in_attesa
2,184,HellaSwag,qwen2.5:14b,53,54,in_attesa
2,185,HellaSwag,llama3.2,53,52,in_attesa
2,185,HellaSwag,llama3.1,52,53,in_attesa
2,185,HellaSwag,gemma2:27b,53,55,in_attesa
2,185,HellaSwag,phi3:mini,51,51,in_attesa
2,185,HellaSwag,qwen2.5:7b,51,52,in_attesa
2,185,HellaSwag,mistral,52,54,in_attesa
2,185,HellaSwag,qwen2.5:14b,49,52,in_attesa
2,186,HellaSwag,llama3.2,52,51,in_attesa
2,186,HellaSwag,llama3.1,51,52,in_attesa
2,186,HellaSwag,gemma2:27b,52,55,in_attesa
2,186,HellaSwag,phi3:mini,50,55,in_attesa
2,186,HellaSwag,qwen2.5:7b,53,53,in_attesa
2,186,HellaSwag,mistral,53,55,in_attesa
2,186,HellaSwag,qwen2.5:14b,50,53,in_attesa
2,187,HumanEval,llama3.2,53,55,in_attesa
2,187,HumanEval,llama3.1,50,54,in_attesa
2,187,HumanEval,gemma2:27b,50,61,in_attesa
2,187,HumanEval,phi3:mini,53,56,in_attesa
2,187,HumanEval,qwen2.5:7b,51,56,in_attesa
2,187,HumanEval,mistral,52,55,in_attesa
2,187,HumanEval,qwen2.5:14b,51,63,in_attesa
2,188,GSM8K,llama3.2,52,54,in_attesa
2,188,GSM8K,llama3.1,50,56,in_attesa
2,188,GSM8K,gemma2:27b,51,60,in_attesa
2,188,GSM8K,phi3:mini,53,56,in_attesa
2,188,GSM8K,qwen2.5:7b,52,57,in_attesa
2,188,GSM8K,mistral,52,56,in_attesa
2,188,GSM8K,qwen2.5:14b,51,63,in_attesa
2,189,GSM8K,llama3.2,52,55,in_attesa
2,189,GSM8K,llama3.1,51,55,in_attesa
2,189,GSM8K,gemma2:27b,50,59,in_attesa
2,189,GSM8K,phi3:mini,52,56,in_attesa
2,189,GSM8K,qwen2.5:7b,51,55,in_attesa
2,189,GSM8K,mistral,51,55,in_attesa
2,189,GSM8K,qwen2.5:14b,50,60,in_attesa
2,190,GSM8K,llama3.2,52,55,in_attesa
2,190,GSM8K,llama3.1,51,54,in_attesa
2,190,GSM8K,gemma2:27b,53,60,in_attesa
2,190,GSM8K,phi3:mini,53,56,in_attesa
2,190,GSM8K,qwen2.5:7b,52,55,in_attesa
2,190,GSM8K,mistral,51,55,in_attesa
2,190,GSM8K,qwen2.5:14b,50,59,in_attesa
2,191,HellaSwag,llama3.2,52,52,in_attesa
2,191,HellaSwag,llama3.1,52,53,in_attesa
2,191,HellaSwag,gemma2:27b,53,55,in_attesa
2,191,HellaSwag,phi3:mini,51,52,in_attesa
2,191,HellaSwag,qwen2.5:7b,52,53,in_attesa
2,191,HellaSwag,mistral,53,54,in_attesa
2,191,HellaSwag,qwen2.5:14b,50,53,in_attesa
2,192,HellaSwag,llama3.2,52,52,in_attesa
2,192,HellaSwag,llama3.1,52,53,in_attesa
2,192,HellaSwag,gemma2:27b,53,54,in_attesa
2,192,HellaSwag,phi3:mini,50,52,in_attesa
2,192,HellaSwag,qwen2.5:7b,52,53,in_attesa
2,192,HellaSwag,mistral,52,54,in_attesa
2,192,HellaSwag,qwen2.5:14b,49,52,in_attesa
2,193,HumanEval,llama3.2,52,54,in_attesa
2,193,HumanEval,llama3.1,50,56,in_attesa
2,193,HumanEval,gemma2:27b,51,61,in_attesa
2,193,HumanEval,phi3:mini,52,56,in_attesa
2,193,HumanEval,qwen2.5:7b,52,58,in_attesa
2,193,HumanEval,mistral,53,57,in_attesa
2,193,HumanEval,qwen2.5:14b,52,63,in_attesa
2,194,HellaSwag,llama3.2,52,54,in_attesa
2,194,HellaSwag,llama3.1,51,52,in_attesa
2,194,HellaSwag,gemma2:27b,52,54,in_attesa
2,194,HellaSwag,phi3:mini,50,51,in_attesa
2,194,HellaSwag,qwen2.5:7b,51,52,in_attesa
2,194,HellaSwag,mistral,52,53,in_attesa
2,194,HellaSwag,qwen2.5:14b,53,53,in_attesa
2,195,HellaSwag,llama3.2,53,52,in_attesa
2,195,HellaSwag,llama3.1,52,54,in_attesa
2,195,HellaSwag,gemma2:27b,50,54,in_attesa
2,195,HellaSwag,phi3:mini,50,52,in_attesa
2,195,HellaSwag,qwen2.5:7b,52,53,in_attesa
2,195,HellaSwag,mistral,52,53,in_attesa
2,195,HellaSwag,qwen2.5:14b,53,54,in_attesa
2,196,HellaSwag,llama3.2,50,51,in_attesa
2,196,HellaSwag,llama3.1,51,52,in_attesa
2,196,HellaSwag,gemma2:27b,52,54,in_attesa
2,196,HellaSwag,phi3:mini,50,51,in_attesa
2,196,HellaSwag,qwen2.5:7b,51,52,in_attesa
2,196,HellaSwag,mistral,52,53,in_attesa
2,196,HellaSwag,qwen2.5:14b,53,53,in_attesa
2,197,HumanEval,llama3.2,53,56,in_attesa
2,197,HumanEval,llama3.1,51,57,in_attesa
2,197,HumanEval,gemma2:27b,51,60,in_attesa
2,197,HumanEval,phi3:mini,53,56,in_attesa
2,197,HumanEval,qwen2.5:7b,52,56,in_attesa
2,197,HumanEval,mistral,51,55,in_attesa
2,197,HumanEval,qwen2.5:14b,50,59,in_attesa
2,198,HumanEval,llama3.2,52,54,in_attesa
2,198,HumanEval,llama3.1,50,55,in_attesa
2,198,HumanEval,gemma2:27b,50,58,in_attesa
2,198,HumanEval,phi3:mini,51,53,in_attesa
2,198,HumanEval,qwen2.5:7b,53,58,in_attesa
2,198,HumanEval,mistral,52,56,in_attesa
2,198,HumanEval,qwen2.5:14b,51,60,in_attesa
2,199,HellaSwag,llama3.2,52,53,in_attesa
2,199,HellaSwag,llama3.1,53,53,in_attesa
2,199,HellaSwag,gemma2:27b,53,54,in_attesa
2,199,HellaSwag,phi3:mini,50,51,in_attesa
2,199,HellaSwag,qwen2.5:7b,51,53,in_attesa
2,199,HellaSwag,mistral,52,54,in_attesa
2,199,HellaSwag,qwen2.5:14b,50,53,in_attesa
2,200,GSM8K,llama3.2,53,53,in_attesa
2,200,GSM8K,llama3.1,53,54,in_attesa
2,200,GSM8K,gemma2:27b,50,56,in_attesa
2,200,GSM8K,phi3:mini,52,56,in_attesa
2,200,GSM8K,qwen2.5:7b,51,54,in_attesa
2,200,GSM8K,mistral,50,54,in_attesa
2,200,GSM8K,qwen2.5:14b,49,55,in_attesa
2,201,HumanEval,llama3.2,51,55,in_attesa
2,201,HumanEval,llama3.1,50,56,in_attesa
2,201,HumanEval,gemma2:27b,52,60,in_attesa
2,201,HumanEval,phi3:mini,53,58,in_attesa
2,201,HumanEval,qwen2.5:7b,52,58,in_attesa
2,201,HumanEval,mistral,52,56,in_attesa
2,201,HumanEval,qwen2.5:14b,51,62,in_attesa
2,202,HumanEval,llama3.2,51,54,in_attesa
2,202,HumanEval,llama3.1,50,55,in_attesa
2,202,HumanEval,gemma2:27b,50,59,in_attesa
2,202,HumanEval,phi3:mini,52,56,in_attesa
2,202,HumanEval,qwen2.5:7b,52,57,in_attesa
2,202,HumanEval,mistral,51,56,in_attesa
2,202,HumanEval,qwen2.5:14b,50,60,in_attesa
2,203,HellaSwag,llama3.2,52,53,in_attesa
2,203,HellaSwag,llama3.1,53,53,in_attesa
2,203,HellaSwag,gemma2:27b,53,55,in_attesa
2,203,HellaSwag,phi3:mini,50,52,in_attesa
2,203,HellaSwag,qwen2.5:7b,52,52,in_attesa
2,203,HellaSwag,mistral,51,54,in_attesa
2,203,HellaSwag,qwen2.5:14b,49,52,in_attesa
2,204,GSM8K,llama3.2,52,53,in_attesa
2,204,GSM8K,llama3.1,53,55,in_attesa
2,204,GSM8K,gemma2:27b,50,58,in_attesa
2,204,GSM8K,phi3:mini,52,55,in_attesa
2,204,GSM8K,qwen2.5:7b,51,55,in_attesa
2,204,GSM8K,mistral,51,54,in_attesa
2,204,GSM8K,qwen2.5:14b,50,59,in_attesa
2,205,GSM8K,llama3.2,51,54,in_attesa
2,205,GSM8K,llama3.1,50,54,in_attesa
2,205,GSM8K,gemma2:27b,49,57,in_attesa
2,205,GSM8K,phi3:mini,53,55,in_attesa
2,205,GSM8K,qwen2.5:7b,52,57,in_attesa
2,205,GSM8K,mistral,52,56,in_attesa
2,205,GSM8K,qwen2.5:14b,50,59,in_attesa
2,206,HumanEval,llama3.2,51,55,in_attesa
2,206,HumanEval,llama3.1,50,55,in_attesa
2,206,HumanEval,gemma2:27b,50,60,in_attesa
2,206,HumanEval,phi3:mini,53,56,in_attesa
2,206,HumanEval,qwen2.5:7b,52,57,in_attesa
2,206,HumanEval,mistral,52,56,in_attesa
2,206,HumanEval,qwen2.5:14b,51,62,in_attesa
2,207,GSM8K,llama3.2,52,54,in_attesa
2,207,GSM8K,llama3.1,50,55,in_attesa
2,207,GSM8K,gemma2:27b,50,58,in_attesa
2,207,GSM8K,phi3:mini,51,54,in_attesa
2,207,GSM8K,qwen2.5:7b,51,56,in_attesa
2,207,GSM8K,mistral,51,55,in_attesa
2,207,GSM8K,qwen2.5:14b,52,61,in_attesa
2,208,HellaSwag,llama3.2,52,53,in_attesa
2,208,HellaSwag,llama3.1,52,54,in_attesa
2,208,HellaSwag,gemma2:27b,50,53,in_attesa
2,208,HellaSwag,phi3:mini,53,53,in_attesa
2,208,HellaSwag,qwen2.5:7b,53,54,in_attesa
2,208,HellaSwag,mistral,53,54,in_attesa
2,208,HellaSwag,qwen2.5:14b,50,53,in_attesa
2,209,HellaSwag,llama3.2,53,52,in_attesa
2,209,HellaSwag,llama3.1,52,54,in_attesa
2,209,HellaSwag,gemma2:27b,49,53,in_attesa
2,209,HellaSwag,phi3:mini,53,52,in_attesa
2,209,HellaSwag,qwen2.5:7b,52,54,in_attesa
2,209,HellaSwag,mistral,50,53,in_attesa
2,209,HellaSwag,qwen2.5:14b,53,53,in_attesa
2,210,GSM8K,llama3.2,53,56,in_attesa
2,210,GSM8K,llama3.1,50,55,in_attesa
2,210,GSM8K,gemma2:27b,50,59,in_attesa
2,210,GSM8K,phi3:mini,52,56,in_attesa
2,210,GSM8K,qwen2.5:7b,52,55,in_attesa
2,210,GSM8K,mistral,51,55,in_attesa
2,210,GSM8K,qwen2.5:14b,50,60,in_attesa
2,211,HellaSwag,llama3.2,52,52,in_attesa
2,211,HellaSwag,llama3.1,52,54,in_attesa
2,211,HellaSwag,gemma2:27b,50,54,in_attesa
2,211,HellaSwag,phi3:mini,50,52,in_attesa
2,211,HellaSwag,qwen2.5:7b,52,52,in_attesa
2,211,HellaSwag,mistral,52,53,in_attesa
2,211,HellaSwag,qwen2.5:14b,53,53,in_attesa
2,212,GSM8K,llama3.2,53,54,in_attesa
2,212,GSM8K,llama3.1,50,53,in_attesa
2,212,GSM8K,gemma2:27b,53,57,in_attesa
2,212,GSM8K,phi3:mini,53,56,in_attesa
2,212,GSM8K,qwen2.5:7b,52,56,in_attesa
2,212,GSM8K,mistral,51,54,in_attesa
2,212,GSM8K,qwen2.5:14b,50,59,in_attesa
2,213,HumanEval,llama3.2,51,54,in_attesa
2,213,HumanEval,llama3.1,50,56,in_attesa
2,213,HumanEval,gemma2:27b,51,55,in_attesa
2,213,HumanEval,phi3:mini,51,54,in_attesa
2,213,HumanEval,qwen2.5:7b,50,56,in_attesa
2,213,HumanEval,mistral,51,54,in_attesa
2,213,HumanEval,qwen2.5:14b,50,61,in_attesa
2,214,HumanEval,llama3.2,53,57,in_attesa
2,214,HumanEval,llama3.1,52,57,in_attesa
2,214,HumanEval,gemma2:27b,52,60,in_attesa
2,214,HumanEval,phi3:mini,52,56,in_attesa
2,214,HumanEval,qwen2.5:7b,51,56,in_attesa
2,214,HumanEval,mistral,51,55,in_attesa
2,214,HumanEval,qwen2.5:14b,50,61,in_attesa
2,215,HellaSwag,llama3.2,52,53,in_attesa
2,215,HellaSwag,llama3.1,53,54,in_attesa
2,215,HellaSwag,gemma2:27b,50,54,in_attesa
2,215,HellaSwag,phi3:mini,50,52,in_attesa
2,215,HellaSwag,qwen2.5:7b,52,52,in_attesa
2,215,HellaSwag,mistral,52,53,in_attesa
2,215,HellaSwag,qwen2.5:14b,53,53,in_attesa
2,216,GSM8K,llama3.2,53,54,in_attesa
2,216,GSM8K,llama3.1,50,54,in_attesa
2,216,GSM8K,gemma2:27b,50,59,in_attesa
2,216,GSM8K,phi3:mini,52,56,in_attesa
2,216,GSM8K,qwen2.5:7b,51,56,in_attesa
2,216,GSM8K,mistral,51,55,in_attesa
2,216,GSM8K,qwen2.5:14b,50,59,in_attesa
2,217,HumanEval,llama3.2,51,55,in_attesa
2,217,HumanEval,llama3.1,50,56,in_attesa
2,217,HumanEval,gemma2:27b,51,60,in_attesa
2,217,HumanEval,phi3:mini,53,57,in_attesa
2,217,HumanEval,qwen2.5:7b,52,57,in_attesa
2,217,HumanEval,mistral,52,55,in_attesa
2,217,HumanEval,qwen2.5:14b,50,61,in_attesa
2,218,HellaSwag,llama3.2,53,53,in_attesa
2,218,HellaSwag,llama3.1,53,54,in_attesa
2,218,HellaSwag,gemma2:27b,50,54,in_attesa
2,218,HellaSwag,phi3:mini,50,52,in_attesa
2,218,HellaSwag,qwen2.5:7b,52,52,in_attesa
2,218,HellaSwag,mistral,52,53,in_attesa
2,218,HellaSwag,qwen2.5:14b,53,54,in_attesa
2,219,HumanEval,llama3.2,53,55,in_attesa
2,219,HumanEval,llama3.1,51,55,in_attesa
2,219,HumanEval,gemma2:27b,50,60,in_attesa
2,219,HumanEval,phi3:mini,53,56,in_attesa
2,219,HumanEval,qwen2.5:7b,52,57,in_attesa
2,219,HumanEval,mistral,52,55,in_attesa
2,219,HumanEval,qwen2.5:14b,51,61,in_attesa
2,220,GSM8K,llama3.2,53,55,in_attesa
2,220,GSM8K,llama3.1,51,54,in_attesa
2,220,GSM8K,gemma2:27b,50,56,in_attesa
2,220,GSM8K,phi3:mini,52,54,in_attesa
2,220,GSM8K,qwen2.5:7b,50,54,in_attesa
2,220,GSM8K,mistral,50,53,in_attesa
2,220,GSM8K,qwen2.5:14b,53,59,in_attesa
2,221,HellaSwag,llama3.2,53,54,in_attesa
2,221,HellaSwag,llama3.1,51,53,in_attesa
2,221,HellaSwag,gemma2:27b,53,55,in_attesa
2,221,HellaSwag,phi3:mini,51,54,in_attesa
2,221,HellaSwag,qwen2.5:7b,50,52,in_attesa
2,221,HellaSwag,mistral,52,53,in_attesa
2,221,HellaSwag,qwen2.5:14b,53,53,in_attesa
2,222,HellaSwag,llama3.2,53,53,in_attesa
2,222,HellaSwag,llama3.1,53,56,in_attesa
2,222,HellaSwag,gemma2:27b,50,54,in_attesa
2,222,HellaSwag,phi3:mini,50,54,in_attesa
2,222,HellaSwag,qwen2.5:7b,50,52,in_attesa
2,222,HellaSwag,mistral,52,53,in_attesa
2,222,HellaSwag,qwen2.5:14b,53,54,in_attesa
2,223,GSM8K,llama3.2,50,53,in_attesa
2,223,GSM8K,llama3.1,53,54,in_attesa
2,223,GSM8K,gemma2:27b,50,57,in_attesa
2,223,GSM8K,phi3:mini,53,56,in_attesa
2,223,GSM8K,qwen2.5:7b,52,56,in_attesa
2,223,GSM8K,mistral,52,55,in_attesa
2,223,GSM8K,qwen2.5:14b,51,57,in_attesa
2,224,HumanEval,llama3.2,53,56,in_attesa
2,224,HumanEval,llama3.1,52,57,in_attesa
2,224,HumanEval,gemma2:27b,51,61,in_attesa
2,224,HumanEval,phi3:mini,51,55,in_attesa
2,224,HumanEval,qwen2.5:7b,51,56,in_attesa
2,224,HumanEval,mistral,51,54,in_attesa
2,224,HumanEval,qwen2.5:14b,50,60,in_attesa
2,225,HellaSwag,llama3.2,52,53,in_attesa
2,225,HellaSwag,llama3.1,53,56,in_attesa
2,225,HellaSwag,gemma2:27b,51,54,in_attesa
2,225,HellaSwag,phi3:mini,50,54,in_attesa
2,225,HellaSwag,qwen2.5:7b,50,51,in_attesa
2,225,HellaSwag,mistral,51,52,in_attesa
2,225,HellaSwag,qwen2.5:14b,52,53,in_attesa
2,226,GSM8K,llama3.2,53,53,in_attesa
2,226,GSM8K,llama3.1,53,55,in_attesa
2,226,GSM8K,gemma2:27b,50,58,in_attesa
2,226,GSM8K,phi3:mini,51,54,in_attesa
2,226,GSM8K,qwen2.5:7b,51,56,in_attesa
2,226,GSM8K,mistral,50,54,in_attesa
2,226,GSM8K,qwen2.5:14b,50,58,in_attesa
2,227,HellaSwag,llama3.2,53,53,in_attesa
2,227,HellaSwag,llama3.1,53,55,in_attesa
2,227,HellaSwag,gemma2:27b,50,54,in_attesa
2,227,HellaSwag,phi3:mini,50,51,in_attesa
2,227,HellaSwag,qwen2.5:7b,51,52,in_attesa
2,227,HellaSwag,mistral,52,53,in_attesa
2,227,HellaSwag,qwen2.5:14b,53,53,in_attesa
2,228,HumanEval,llama3.2,53,54,in_attesa
2,228,HumanEval,llama3.1,50,54,in_attesa
2,228,HumanEval,gemma2:27b,50,59,in_attesa
2,228,HumanEval,phi3:mini,52,55,in_attesa
2,228,HumanEval,qwen2.5:7b,51,57,in_attesa
2,228,HumanEval,mistral,52,58,in_attesa
2,228,HumanEval,qwen2.5:14b,52,61,in_attesa
2,229,HellaSwag,llama3.2,53,54,in_attesa
2,229,HellaSwag,llama3.1,51,53,in_attesa
2,229,HellaSwag,gemma2:27b,53,54,in_attesa
2,229,HellaSwag,phi3:mini,50,54,in_attesa
2,229,HellaSwag,qwen2.5:7b,51,53,in_attesa
2,229,HellaSwag,mistral,53,54,in_attesa
2,229,HellaSwag,qwen2.5:14b,50,53,in_attesa
2,230,GSM8K,llama3.2,52,53,in_attesa
2,230,GSM8K,llama3.1,53,55,in_attesa
2,230,GSM8K,gemma2:27b,50,58,in_attesa
2,230,GSM8K,phi3:mini,52,56,in_attesa
2,230,GSM8K,qwen2.5:7b,51,55,in_attesa
2,230,GSM8K,mistral,51,55,in_attesa
2,230,GSM8K,qwen2.5:14b,50,58,in_attesa
2,231,HellaSwag,llama3.2,53,53,in_attesa
2,231,HellaSwag,llama3.1,53,54,in_attesa
2,231,HellaSwag,gemma2:27b,50,54,in_attesa
2,231,HellaSwag,phi3:mini,50,55,in_attesa
2,231,HellaSwag,qwen2.5:7b,50,52,in_attesa
2,231,HellaSwag,mistral,52,54,in_attesa
2,231,HellaSwag,qwen2.5:14b,53,54,in_attesa
2,232,GSM8K,llama3.2,50,52,in_attesa
2,232,GSM8K,llama3.1,52,54,in_attesa
2,232,GSM8K,gemma2:27b,49,58,in_attesa
2,232,GSM8K,phi3:mini,52,55,in_attesa
2,232,GSM8K,qwen2.5:7b,51,55,in_attesa
2,232,GSM8K,mistral,50,53,in_attesa
2,232,GSM8K,qwen2.5:14b,53,58,in_attesa
2,233,GSM8K,llama3.2,53,55,in_attesa
2,233,GSM8K,llama3.1,51,54,in_attesa
2,233,GSM8K,gemma2:27b,50,59,in_attesa
2,233,GSM8K,phi3:mini,52,56,in_attesa
2,233,GSM8K,qwen2.5:7b,51,57,in_attesa
2,233,GSM8K,mistral,52,56,in_attesa
2,233,GSM8K,qwen2.5:14b,51,60,in_attesa
2,234,GSM8K,llama3.2,52,55,in_attesa
2,234,GSM8K,llama3.1,50,54,in_attesa
2,234,GSM8K,gemma2:27b,53,59,in_attesa
2,234,GSM8K,phi3:mini,52,56,in_attesa
2,234,GSM8K,qwen2.5:7b,51,55,in_attesa
2,234,GSM8K,mistral,51,55,in_attesa
2,234,GSM8K,qwen2.5:14b,50,60,in_attesa
2,235,GSM8K,llama3.2,52,54,in_attesa
2,235,GSM8K,llama3.1,51,53,in_attesa
2,235,GSM8K,gemma2:27b,53,56,in_attesa
2,235,GSM8K,phi3:mini,52,54,in_attesa
2,235,GSM8K,qwen2.5:7b,50,53,in_attesa
2,235,GSM8K,mistral,53,56,in_attesa
2,235,GSM8K,qwen2.5:14b,51,63,in_attesa
2,236,GSM8K,llama3.2,52,55,in_attesa
2,236,GSM8K,llama3.1,51,56,in_attesa
2,236,GSM8K,gemma2:27b,51,61,in_attesa
2,236,GSM8K,phi3:mini,53,56,in_attesa
2,236,GSM8K,qwen2.5:7b,52,57,in_attesa
2,236,GSM8K,mistral,52,56,in_attesa
2,236,GSM8K,qwen2.5:14b,51,62,in_attesa
2,237,HumanEval,llama3.2,53,57,in_attesa
2,237,HumanEval,llama3.1,51,57,in_attesa
2,237,HumanEval,gemma2:27b,52,61,in_attesa
2,237,HumanEval,phi3:mini,53,56,in_attesa
2,237,HumanEval,qwen2.5:7b,52,58,in_attesa
2,237,HumanEval,mistral,53,57,in_attesa
2,237,HumanEval,qwen2.5:14b,51,63,in_attesa
2,238,HellaSwag,llama3.2,52,52,in_attesa
2,238,HellaSwag,llama3.1,52,54,in_attesa
2,238,HellaSwag,gemma2:27b,50,54,in_attesa
2,238,HellaSwag,phi3:mini,50,52,in_attesa
2,238,HellaSwag,qwen2.5:7b,51,52,in_attesa
2,238,HellaSwag,mistral,52,53,in_attesa
2,238,HellaSwag,qwen2.5:14b,53,53,in_attesa
2,239,HellaSwag,llama3.2,53,52,in_attesa
2,239,HellaSwag,llama3.1,52,53,in_attesa
2,239,HellaSwag,gemma2:27b,53,55,in_attesa
2,239,HellaSwag,phi3:mini,51,52,in_attesa
2,239,HellaSwag,qwen2.5:7b,52,53,in_attesa
2,239,HellaSwag,mistral,53,54,in_attesa
2,239,HellaSwag,qwen2.5:14b,50,53,in_attesa
2,240,HumanEval,llama3.2,53,56,in_attesa
2,240,HumanEval,llama3.1,50,56,in_attesa
2,240,HumanEval,gemma2:27b,52,57,in_attesa
2,240,HumanEval,phi3:mini,53,56,in_attesa
2,240,HumanEval,qwen2.5:7b,52,57,in_attesa
2,240,HumanEval,mistral,52,55,in_attesa
2,240,HumanEval,qwen2.5:14b,51,62,in_attesa
2,241,GSM8K,llama3.2,51,55,in_attesa
2,241,GSM8K,llama3.1,50,57,in_attesa
2,241,GSM8K,gemma2:27b,51,60,in_attesa
2,241,GSM8K,phi3:mini,53,56,in_attesa
2,241,GSM8K,qwen2.5:7b,52,57,in_attesa
2,241,GSM8K,mistral,52,56,in_attesa
2,241,GSM8K,qwen2.5:14b,51,61,in_attesa
2,242,GSM8K,llama3.2,53,55,in_attesa
2,242,GSM8K,llama3.1,51,55,in_attesa
2,242,GSM8K,gemma2:27b,50,59,in_attesa
2,242,GSM8K,phi3:mini,52,56,in_attesa
2,242,GSM8K,qwen2.5:7b,51,56,in_attesa
2,242,GSM8K,mistral,51,54,in_attesa
2,242,GSM8K,qwen2.5:14b,49,59,in_attesa
2,243,HumanEval,llama3.2,51,55,in_attesa
2,243,HumanEval,llama3.1,51,56,in_attesa
2,243,HumanEval,gemma2:27b,51,61,in_attesa
2,243,HumanEval,phi3:mini,53,57,in_attesa
2,243,HumanEval,qwen2.5:7b,52,58,in_attesa
2,243,HumanEval,mistral,52,55,in_attesa
2,243,HumanEval,qwen2.5:14b,50,60,in_attesa
2,244,GSM8K,llama3.2,52,54,in_attesa
2,244,GSM8K,llama3.1,50,53,in_attesa
2,244,GSM8K,gemma2:27b,53,57,in_attesa
2,244,GSM8K,phi3:mini,53,54,in_attesa
2,244,GSM8K,qwen2.5:7b,51,56,in_attesa
2,244,GSM8K,mistral,50,54,in_attesa
2,244,GSM8K,qwen2.5:14b,49,57,in_attesa
2,245,HumanEval,llama3.2,52,56,in_attesa
2,245,HumanEval,llama3.1,51,55,in_attesa
2,245,HumanEval,gemma2:27b,51,60,in_attesa
2,245,HumanEval,phi3:mini,53,57,in_attesa
2,245,HumanEval,qwen2.5:7b,52,57,in_attesa
2,245,HumanEval,mistral,52,56,in_attesa
2,245,HumanEval,qwen2.5:14b,51,59,in_attesa
2,246,GSM8K,llama3.2,51,53,in_attesa
2,246,GSM8K,llama3.1,53,56,in_attesa
2,246,GSM8K,gemma2:27b,51,58,in_attesa
2,246,GSM8K,phi3:mini,52,55,in_attesa
2,246,GSM8K,qwen2.5:7b,51,54,in_attesa
2,246,GSM8K,mistral,50,53,in_attesa
2,246,GSM8K,qwen2.5:14b,53,58,in_attesa
2,247,GSM8K,llama3.2,53,54,in_attesa
2,247,GSM8K,llama3.1,50,54,in_attesa
2,247,GSM8K,gemma2:27b,53,57,in_attesa
2,247,GSM8K,phi3:mini,53,55,in_attesa
2,247,GSM8K,qwen2.5:7b,52,56,in_attesa
2,247,GSM8K,mistral,51,54,in_attesa
2,247,GSM8K,qwen2.5:14b,50,58,in_attesa
2,248,HellaSwag,llama3.2,53,54,in_attesa
2,248,HellaSwag,llama3.1,50,54,in_attesa
2,248,HellaSwag,gemma2:27b,49,53,in_attesa
2,248,HellaSwag,phi3:mini,53,52,in_attesa
2,248,HellaSwag,qwen2.5:7b,52,53,in_attesa
2,248,HellaSwag,mistral,53,54,in_attesa
2,248,HellaSwag,qwen2.5:14b,50,52,in_attesa
2,249,GSM8K,llama3.2,52,54,in_attesa
2,249,GSM8K,llama3.1,50,54,in_attesa
2,249,GSM8K,gemma2:27b,51,60,in_attesa
2,249,GSM8K,phi3:mini,53,57,in_attesa
2,249,GSM8K,qwen2.5:7b,53,58,in_attesa
2,249,GSM8K,mistral,52,56,in_attesa
2,249,GSM8K,qwen2.5:14b,51,63,in_attesa
2,250,HellaSwag,llama3.2,52,52,in_attesa
2,250,HellaSwag,llama3.1,52,54,in_attesa
2,250,HellaSwag,gemma2:27b,50,54,in_attesa
2,250,HellaSwag,phi3:mini,50,51,in_attesa
2,250,HellaSwag,qwen2.5:7b,51,52,in_attesa
2,250,HellaSwag,mistral,52,53,in_attesa
2,250,HellaSwag,qwen2.5:14b,53,54,in_attesa
2,251,GSM8K,llama3.2,50,53,in_attesa
2,251,GSM8K,llama3.1,53,53,in_attesa
2,251,GSM8K,gemma2:27b,53,57,in_attesa
2,251,GSM8K,phi3:mini,51,54,in_attesa
2,251,GSM8K,qwen2.5:7b,51,56,in_attesa
2,251,GSM8K,mistral,51,53,in_attesa
2,251,GSM8K,qwen2.5:14b,53,58,in_attesa
2,252,GSM8K,llama3.2,53,55,in_attesa
2,252,GSM8K,llama3.1,51,54,in_attesa
2,252,GSM8K,gemma2:27b,50,56,in_attesa
2,252,GSM8K,phi3:mini,53,57,in_attesa
2,252,GSM8K,qwen2.5:7b,52,55,in_attesa
2,252,GSM8K,mistral,51,54,in_attesa
2,252,GSM8K,qwen2.5:14b,50,58,in_attesa
2,253,HellaSwag,llama3.2,53,53,in_attesa
2,253,HellaSwag,llama3.1,53,54,in_attesa
2,253,HellaSwag,gemma2:27b,50,55,in_attesa
2,253,HellaSwag,phi3:mini,51,53,in_attesa
2,253,HellaSwag,qwen2.5:7b,53,53,in_attesa
2,253,HellaSwag,mistral,52,54,in_attesa
2,253,HellaSwag,qwen2.5:14b,50,53,in_attesa
2,254,HumanEval,llama3.2,53,55,in_attesa
2,254,HumanEval,llama3.1,50,57,in_attesa
2,254,HumanEval,gemma2:27b,51,60,in_attesa
2,254,HumanEval,phi3:mini,53,57,in_attesa
2,254,HumanEval,qwen2.5:7b,53,58,in_attesa
2,254,HumanEval,mistral,52,57,in_attesa
2,254,HumanEval,qwen2.5:14b,52,63,in_attesa
2,255,HellaSwag,llama3.2,52,52,in_attesa
2,255,HellaSwag,llama3.1,52,53,in_attesa
2,255,HellaSwag,gemma2:27b,53,55,in_attesa
2,255,HellaSwag,phi3:mini,51,54,in_attesa
2,255,HellaSwag,qwen2.5:7b,52,53,in_attesa
2,255,HellaSwag,mistral,53,53,in_attesa
2,255,HellaSwag,qwen2.5:14b,53,53,in_attesa
2,256,HellaSwag,llama3.2,53,53,in_attesa
2,256,HellaSwag,llama3.1,53,55,in_attesa
2,256,HellaSwag,gemma2:27b,50,54,in_attesa
2,256,HellaSwag,phi3:mini,50,51,in_attesa
2,256,HellaSwag,qwen2.5:7b,51,53,in_attesa
2,256,HellaSwag,mistral,53,54,in_attesa
2,256,HellaSwag,qwen2.5:14b,50,53,in_attesa
2,257,HellaSwag,llama3.2,53,52,in_attesa
2,257,HellaSwag,llama3.1,52,54,in_attesa
2,257,HellaSwag,gemma2:27b,53,55,in_attesa
2,257,HellaSwag,phi3:mini,50,54,in_attesa
2,257,HellaSwag,qwen2.5:7b,53,53,in_attesa
2,257,HellaSwag,mistral,53,54,in_attesa
2,257,HellaSwag,qwen2.5:14b,50,53,in_attesa
2,258,GSM8K,llama3.2,53,55,in_attesa
2,258,GSM8K,llama3.1,50,55,in_attesa
2,258,GSM8K,gemma2:27b,50,58,in_attesa
2,258,GSM8K,phi3:mini,52,54,in_attesa
2,258,GSM8K,qwen2.5:7b,51,56,in_attesa
2,258,GSM8K,mistral,51,55,in_attesa
2,258,GSM8K,qwen2.5:14b,50,60,in_attesa
2,259,HellaSwag,llama3.2,52,52,in_attesa
2,259,HellaSwag,llama3.1,52,54,in_attesa
2,259,HellaSwag,gemma2:27b,50,54,in_attesa
2,259,HellaSwag,phi3:mini,50,53,in_attesa
2,259,HellaSwag,qwen2.5:7b,53,53,in_attesa
2,259,HellaSwag,mistral,53,53,in_attesa
2,259,HellaSwag,qwen2.5:14b,53,56,in_attesa
2,260,GSM8K,llama3.2,52,54,in_attesa
2,260,GSM8K,llama3.1,50,54,in_attesa
2,260,GSM8K,gemma2:27b,50,61,in_attesa
2,260,GSM8K,phi3:mini,53,56,in_attesa
2,260,GSM8K,qwen2.5:7b,53,57,in_attesa
2,260,GSM8K,mistral,52,56,in_attesa
2,260,GSM8K,qwen2.5:14b,51,62,in_attesa
2,261,HumanEval,llama3.2,53,57,in_attesa
2,261,HumanEval,llama3.1,52,56,in_attesa
2,261,HumanEval,gemma2:27b,51,61,in_attesa
2,261,HumanEval,phi3:mini,53,57,in_attesa
2,261,HumanEval,qwen2.5:7b,52,57,in_attesa
2,261,HumanEval,mistral,52,55,in_attesa
2,261,HumanEval,qwen2.5:14b,51,61,in_attesa
2,262,GSM8K,llama3.2,53,55,in_attesa
2,262,GSM8K,llama3.1,51,54,in_attesa
2,262,GSM8K,gemma2:27b,50,59,in_attesa
2,262,GSM8K,phi3:mini,52,55,in_attesa
2,262,GSM8K,qwen2.5:7b,51,56,in_attesa
2,262,GSM8K,mistral,51,54,in_attesa
2,262,GSM8K,qwen2.5:14b,50,60,in_attesa
2,263,HellaSwag,llama3.2,52,52,in_attesa
2,263,HellaSwag,llama3.1,52,53,in_attesa
2,263,HellaSwag,gemma2:27b,53,55,in_attesa
2,263,HellaSwag,phi3:mini,51,53,in_attesa
2,263,HellaSwag,qwen2.5:7b,53,53,in_attesa
2,263,HellaSwag,mistral,52,53,in_attesa
2,263,HellaSwag,qwen2.5:14b,53,54,in_attesa
2,264,HellaSwag,llama3.2,50,51,in_attesa
2,264,HellaSwag,llama3.1,51,53,in_attesa
2,264,HellaSwag,gemma2:27b,53,54,in_attesa
2,264,HellaSwag,phi3:mini,50,54,in_attesa
2,264,HellaSwag,qwen2.5:7b,51,52,in_attesa
2,264,HellaSwag,mistral,52,54,in_attesa
2,264,HellaSwag,qwen2.5:14b,50,57,in_attesa
2,265,HellaSwag,llama3.2,52,53,in_attesa
2,265,HellaSwag,llama3.1,53,55,in_attesa
2,265,HellaSwag,gemma2:27b,50,54,in_attesa
2,265,HellaSwag,phi3:mini,50,54,in_attesa
2,265,HellaSwag,qwen2.5:7b,53,53,in_attesa
2,265,HellaSwag,mistral,53,53,in_attesa
2,265,HellaSwag,qwen2.5:14b,53,54,in_attesa
2,266,GSM8K,llama3.2,50,53,in_attesa
2,266,GSM8K,llama3.1,53,55,in_attesa
2,266,GSM8K,gemma2:27b,50,58,in_attesa
2,266,GSM8K,phi3:mini,52,54,in_attesa
2,266,GSM8K,qwen2.5:7b,51,56,in_attesa
2,266,GSM8K,mistral,51,55,in_attesa
2,266,GSM8K,qwen2.5:14b,50,61,in_attesa
2,267,HellaSwag,llama3.2,53,54,in_attesa
2,267,HellaSwag,llama3.1,53,54,in_attesa
2,267,HellaSwag,gemma2:27b,50,54,in_attesa
2,267,HellaSwag,phi3:mini,50,51,in_attesa
2,267,HellaSwag,qwen2.5:7b,51,52,in_attesa
2,267,HellaSwag,mistral,52,53,in_attesa
2,267,HellaSwag,qwen2.5:14b,53,53,in_attesa
2,268,HumanEval,llama3.2,53,55,in_attesa
2,268,HumanEval,llama3.1,50,57,in_attesa
2,268,HumanEval,gemma2:27b,51,58,in_attesa
2,268,HumanEval,phi3:mini,53,57,in_attesa
2,268,HumanEval,qwen2.5:7b,52,57,in_attesa
2,268,HumanEval,mistral,52,56,in_attesa
2,268,HumanEval,qwen2.5:14b,51,62,in_attesa
2,269,HumanEval,llama3.2,52,55,in_attesa
2,269,HumanEval,llama3.1,50,54,in_attesa
2,269,HumanEval,gemma2:27b,50,59,in_attesa
2,269,HumanEval,phi3:mini,52,54,in_attesa
2,269,HumanEval,qwen2.5:7b,52,56,in_attesa
2,269,HumanEval,mistral,51,54,in_attesa
2,269,HumanEval,qwen2.5:14b,50,61,in_attesa
2,270,HellaSwag,llama3.2,53,53,in_attesa
2,270,HellaSwag,llama3.1,53,54,in_attesa
2,270,HellaSwag,gemma2:27b,50,54,in_attesa
2,270,HellaSwag,phi3:mini,50,52,in_attesa
2,270,HellaSwag,qwen2.5:7b,52,52,in_attesa
2,270,HellaSwag,mistral,52,52,in_attesa
2,270,HellaSwag,qwen2.5:14b,52,53,in_attesa
2,271,HellaSwag,llama3.2,53,53,in_attesa
2,271,HellaSwag,llama3.1,53,54,in_attesa
2,271,HellaSwag,gemma2:27b,50,54,in_attesa
2,271,HellaSwag,phi3:mini,50,51,in_attesa
2,271,HellaSwag,qwen2.5:7b,51,52,in_attesa
2,271,HellaSwag,mistral,52,54,in_attesa
2,271,HellaSwag,qwen2.5:14b,50,52,in_attesa
2,272,GSM8K,llama3.2,52,53,in_attesa
2,272,GSM8K,llama3.1,53,54,in_attesa
2,272,GSM8K,gemma2:27b,50,57,in_attesa
2,272,GSM8K,phi3:mini,53,57,in_attesa
2,272,GSM8K,qwen2.5:7b,53,55,in_attesa
2,272,GSM8K,mistral,51,54,in_attesa
2,272,GSM8K,qwen2.5:14b,50,58,in_attesa
2,273,HumanEval,llama3.2,53,55,in_attesa
2,273,HumanEval,llama3.1,51,55,in_attesa
2,273,HumanEval,gemma2:27b,51,60,in_attesa
2,273,HumanEval,phi3:mini,53,56,in_attesa
2,273,HumanEval,qwen2.5:7b,52,57,in_attesa
2,273,HumanEval,mistral,52,55,in_attesa
2,273,HumanEval,qwen2.5:14b,50,59,in_attesa
2,274,HellaSwag,llama3.2,52,53,in_attesa
2,274,HellaSwag,llama3.1,52,54,in_attesa
2,274,HellaSwag,gemma2:27b,50,54,in_attesa
2,274,HellaSwag,phi3:mini,50,53,in_attesa
2,274,HellaSwag,qwen2.5:7b,52,52,in_attesa
2,274,HellaSwag,mistral,52,54,in_attesa
2,274,HellaSwag,qwen2.5:14b,50,53,in_attesa
2,275,HumanEval,llama3.2,52,54,in_attesa
2,275,HumanEval,llama3.1,50,56,in_attesa
2,275,HumanEval,gemma2:27b,51,62,in_attesa
2,275,HumanEval,phi3:mini,52,56,in_attesa
2,275,HumanEval,qwen2.5:7b,52,56,in_attesa
2,275,HumanEval,mistral,51,55,in_attesa
2,275,HumanEval,qwen2.5:14b,51,61,in_attesa
2,276,GSM8K,llama3.2,53,55,in_attesa
2,276,GSM8K,llama3.1,51,55,in_attesa
2,276,GSM8K,gemma2:27b,50,56,in_attesa
2,276,GSM8K,phi3:mini,53,54,in_attesa
2,276,GSM8K,qwen2.5:7b,51,55,in_attesa
2,276,GSM8K,mistral,51,54,in_attesa
2,276,GSM8K,qwen2.5:14b,50,59,in_attesa
2,277,GSM8K,llama3.2,52,55,in_attesa
2,277,GSM8K,llama3.1,53,55,in_attesa
2,277,GSM8K,gemma2:27b,51,59,in_attesa
2,277,GSM8K,phi3:mini,52,55,in_attesa
2,277,GSM8K,qwen2.5:7b,52,56,in_attesa
2,277,GSM8K,mistral,51,55,in_attesa
2,277,GSM8K,qwen2.5:14b,50,60,in_attesa
2,278,HellaSwag,llama3.2,52,53,in_attesa
2,278,HellaSwag,llama3.1,53,55,in_attesa
2,278,HellaSwag,gemma2:27b,50,54,in_attesa
2,278,HellaSwag,phi3:mini,50,51,in_attesa
2,278,HellaSwag,qwen2.5:7b,51,53,in_attesa
2,278,HellaSwag,mistral,52,53,in_attesa
2,278,HellaSwag,qwen2.5:14b,53,54,in_attesa
2,279,HumanEval,llama3.2,50,53,in_attesa
2,279,HumanEval,llama3.1,53,57,in_attesa
2,279,HumanEval,gemma2:27b,52,60,in_attesa
2,279,HumanEval,phi3:mini,53,57,in_attesa
2,279,HumanEval,qwen2.5:7b,52,56,in_attesa
2,279,HumanEval,mistral,52,56,in_attesa
2,279,HumanEval,qwen2.5:14b,51,60,in_attesa
2,280,HellaSwag,llama3.2,53,53,in_attesa
2,280,HellaSwag,llama3.1,53,54,in_attesa
2,280,HellaSwag,gemma2:27b,53,55,in_attesa
2,280,HellaSwag,phi3:mini,51,55,in_attesa
2,280,HellaSwag,qwen2.5:7b,51,52,in_attesa
2,280,HellaSwag,mistral,52,53,in_attesa
2,280,HellaSwag,qwen2.5:14b,53,54,in_attesa
2,281,HumanEval,llama3.2,53,55,in_attesa
2,281,HumanEval,llama3.1,51,57,in_attesa
2,281,HumanEval,gemma2:27b,51,60,in_attesa
2,281,HumanEval,phi3:mini,51,55,in_attesa
2,281,HumanEval,qwen2.5:7b,51,56,in_attesa
2,281,HumanEval,mistral,51,56,in_attesa
2,281,HumanEval,qwen2.5:14b,51,62,in_attesa
2,282,HumanEval,llama3.2,51,56,in_attesa
2,282,HumanEval,llama3.1,51,55,in_attesa
2,282,HumanEval,gemma2:27b,51,61,in_attesa
2,282,HumanEval,phi3:mini,53,56,in_attesa
2,282,HumanEval,qwen2.5:7b,53,56,in_attesa
2,282,HumanEval,mistral,52,56,in_attesa
2,282,HumanEval,qwen2.5:14b,51,61,in_attesa
2,283,HellaSwag,llama3.2,53,53,in_attesa
2,283,HellaSwag,llama3.1,53,54,in_attesa
2,283,HellaSwag,gemma2:27b,50,54,in_attesa
2,283,HellaSwag,phi3:mini,50,51,in_attesa
2,283,HellaSwag,qwen2.5:7b,51,52,in_attesa
2,283,HellaSwag,mistral,52,53,in_attesa
2,283,HellaSwag,qwen2.5:14b,53,53,in_attesa
2,284,GSM8K,llama3.2,53,54,in_attesa
2,284,GSM8K,llama3.1,50,54,in_attesa
2,284,GSM8K,gemma2:27b,49,58,in_attesa
2,284,GSM8K,phi3:mini,51,55,in_attesa
2,284,GSM8K,qwen2.5:7b,52,56,in_attesa
2,284,GSM8K,mistral,51,55,in_attesa
2,284,GSM8K,qwen2.5:14b,50,58,in_attesa
2,285,HumanEval,llama3.2,53,57,in_attesa
2,285,HumanEval,llama3.1,52,57,in_attesa
2,285,HumanEval,gemma2:27b,52,58,in_attesa
2,285,HumanEval,phi3:mini,52,56,in_attesa
2,285,HumanEval,qwen2.5:7b,51,56,in_attesa
2,285,HumanEval,mistral,51,54,in_attesa
2,285,HumanEval,qwen2.5:14b,50,61,in_attesa
2,286,HellaSwag,llama3.2,53,53,in_attesa
2,286,HellaSwag,llama3.1,53,56,in_attesa
2,286,HellaSwag,gemma2:27b,51,54,in_attesa
2,286,HellaSwag,phi3:mini,50,56,in_attesa
2,286,HellaSwag,qwen2.5:7b,50,52,in_attesa
2,286,HellaSwag,mistral,51,52,in_attesa
2,286,HellaSwag,qwen2.5:14b,52,53,in_attesa
2,287,HellaSwag,llama3.2,53,52,in_attesa
2,287,HellaSwag,llama3.1,52,54,in_attesa
2,287,HellaSwag,gemma2:27b,50,54,in_attesa
2,287,HellaSwag,phi3:mini,50,51,in_attesa
2,287,HellaSwag,qwen2.5:7b,51,52,in_attesa
2,287,HellaSwag,mistral,52,53,in_attesa
2,287,HellaSwag,qwen2.5:14b,53,54,in_attesa
2,288,GSM8K,llama3.2,50,53,in_attesa
2,288,GSM8K,llama3.1,53,53,in_attesa
2,288,GSM8K,gemma2:27b,53,56,in_attesa
2,288,GSM8K,phi3:mini,53,55,in_attesa
2,288,GSM8K,qwen2.5:7b,52,55,in_attesa
2,288,GSM8K,mistral,51,55,in_attesa
2,288,GSM8K,qwen2.5:14b,50,57,in_attesa
2,289,GSM8K,llama3.2,52,54,in_attesa
2,289,GSM8K,llama3.1,50,53,in_attesa
2,289,GSM8K,gemma2:27b,53,57,in_attesa
2,289,GSM8K,phi3:mini,53,56,in_attesa
2,289,GSM8K,qwen2.5:7b,52,55,in_attesa
2,289,GSM8K,mistral,51,54,in_attesa
2,289,GSM8K,qwen2.5:14b,50,57,in_attesa
2,290,GSM8K,llama3.2,52,54,in_attesa
2,290,GSM8K,llama3.1,50,53,in_attesa
2,290,GSM8K,gemma2:27b,53,59,in_attesa
2,290,GSM8K,phi3:mini,52,56,in_attesa
2,290,GSM8K,qwen2.5:7b,51,55,in_attesa
2,290,GSM8K,mistral,50,54,in_attesa
2,290,GSM8K,qwen2.5:14b,50,57,in_attesa
2,291,HumanEval,llama3.2,52,55,in_attesa
2,291,HumanEval,llama3.1,51,56,in_attesa
2,291,HumanEval,gemma2:27b,51,60,in_attesa
2,291,HumanEval,phi3:mini,53,55,in_attesa
2,291,HumanEval,qwen2.5:7b,52,57,in_attesa
2,291,HumanEval,mistral,52,55,in_attesa
2,291,HumanEval,qwen2.5:14b,51,61,in_attesa
2,292,GSM8K,llama3.2,53,55,in_attesa
2,292,GSM8K,llama3.1,51,55,in_attesa
2,292,GSM8K,gemma2:27b,50,58,in_attesa
2,292,GSM8K,phi3:mini,52,55,in_attesa
2,292,GSM8K,qwen2.5:7b,51,55,in_attesa
2,292,GSM8K,mistral,50,54,in_attesa
2,292,GSM8K,qwen2.5:14b,50,60,in_attesa
2,293,HumanEval,llama3.2,52,56,in_attesa
2,293,HumanEval,llama3.1,51,56,in_attesa
2,293,HumanEval,gemma2:27b,51,60,in_attesa
2,293,HumanEval,phi3:mini,52,57,in_attesa
2,293,HumanEval,qwen2.5:7b,52,58,in_attesa
2,293,HumanEval,mistral,52,56,in_attesa
2,293,HumanEval,qwen2.5:14b,51,62,in_attesa
2,294,GSM8K,llama3.2,51,56,in_attesa
2,294,GSM8K,llama3.1,51,54,in_attesa
2,294,GSM8K,gemma2:27b,50,58,in_attesa
2,294,GSM8K,phi3:mini,52,56,in_attesa
2,294,GSM8K,qwen2.5:7b,51,56,in_attesa
2,294,GSM8K,mistral,51,54,in_attesa
2,294,GSM8K,qwen2.5:14b,49,58,in_attesa
2,295,GSM8K,llama3.2,51,54,in_attesa
2,295,GSM8K,llama3.1,50,53,in_attesa
2,295,GSM8K,gemma2:27b,53,58,in_attesa
2,295,GSM8K,phi3:mini,52,56,in_attesa
2,295,GSM8K,qwen2.5:7b,52,56,in_attesa
2,295,GSM8K,mistral,51,55,in_attesa
2,295,GSM8K,qwen2.5:14b,50,60,in_attesa
2,296,HellaSwag,llama3.2,53,53,in_attesa
2,296,HellaSwag,llama3.1,53,54,in_attesa
2,296,HellaSwag,gemma2:27b,50,54,in_attesa
2,296,HellaSwag,phi3:mini,50,54,in_attesa
2,296,HellaSwag,qwen2.5:7b,51,52,in_attesa
2,296,HellaSwag,mistral,52,53,in_attesa
2,296,HellaSwag,qwen2.5:14b,53,54,in_attesa
2,297,HellaSwag,llama3.2,50,51,in_attesa
2,297,HellaSwag,llama3.1,51,52,in_attesa
2,297,HellaSwag,gemma2:27b,52,55,in_attesa
2,297,HellaSwag,phi3:mini,51,52,in_attesa
2,297,HellaSwag,qwen2.5:7b,52,53,in_attesa
2,297,HellaSwag,mistral,53,54,in_attesa
2,297,HellaSwag,qwen2.5:14b,50,53,in_attesa
2,298,HellaSwag,llama3.2,53,52,in_attesa
2,298,HellaSwag,llama3.1,52,53,in_attesa
2,298,HellaSwag,gemma2:27b,53,55,in_attesa
2,298,HellaSwag,phi3:mini,51,51,in_attesa
2,298,HellaSwag,qwen2.5:7b,51,53,in_attesa
2,298,HellaSwag,mistral,53,56,in_attesa
2,298,HellaSwag,qwen2.5:14b,50,53,in_attesa
2,299,GSM8K,llama3.2,53,54,in_attesa
2,299,GSM8K,llama3.1,50,56,in_attesa
2,299,GSM8K,gemma2:27b,51,60,in_attesa
2,299,GSM8K,phi3:mini,53,57,in_attesa
2,299,GSM8K,qwen2.5:7b,51,56,in_attesa
2,299,GSM8K,mistral,52,57,in_attesa
2,299,GSM8K,qwen2.5:14b,51,61,in_attesa
2,300,GSM8K,llama3.2,53,56,in_attesa
2,300,GSM8K,llama3.1,51,54,in_attesa
2,300,GSM8K,gemma2:27b,50,58,in_attesa
2,300,GSM8K,phi3:mini,51,55,in_attesa
2,300,GSM8K,qwen2.5:7b,51,54,in_attesa
2,300,GSM8K,mistral,50,54,in_attesa
2,300,GSM8K,qwen2.5:14b,49,58,in_attesa
3,1,HellaSwag,llama3.2,53,54,in_attesa
3,1,HellaSwag,llama3.1,51,52,in_attesa
3,1,HellaSwag,gemma2:27b,52,55,in_attesa
3,1,HellaSwag,phi3:mini,51,53,in_attesa
3,1,HellaSwag,qwen2.5:7b,53,53,in_attesa
3,1,HellaSwag,mistral,53,54,in_attesa
3,1,HellaSwag,qwen2.5:14b,50,53,in_attesa
3,2,HumanEval,llama3.2,53,55,in_attesa
3,2,HumanEval,llama3.1,51,56,in_attesa
3,2,HumanEval,gemma2:27b,51,60,in_attesa
3,2,HumanEval,phi3:mini,53,56,in_attesa
3,2,HumanEval,qwen2.5:7b,52,57,in_attesa
3,2,HumanEval,mistral,52,56,in_attesa
3,2,HumanEval,qwen2.5:14b,51,61,in_attesa
3,3,GSM8K,llama3.2,53,57,in_attesa
3,3,GSM8K,llama3.1,51,55,in_attesa
3,3,GSM8K,gemma2:27b,51,61,in_attesa
3,3,GSM8K,phi3:mini,51,58,in_attesa
3,3,GSM8K,qwen2.5:7b,51,57,in_attesa
3,3,GSM8K,mistral,52,56,in_attesa
3,3,GSM8K,qwen2.5:14b,51,62,in_attesa
3,4,GSM8K,llama3.2,53,56,in_attesa
3,4,GSM8K,llama3.1,51,55,in_attesa
3,4,GSM8K,gemma2:27b,50,59,in_attesa
3,4,GSM8K,phi3:mini,52,56,in_attesa
3,4,GSM8K,qwen2.5:7b,52,56,in_attesa
3,4,GSM8K,mistral,51,55,in_attesa
3,4,GSM8K,qwen2.5:14b,50,59,in_attesa
3,5,GSM8K,llama3.2,52,53,in_attesa
3,5,GSM8K,llama3.1,53,55,in_attesa
3,5,GSM8K,gemma2:27b,50,59,in_attesa
3,5,GSM8K,phi3:mini,53,56,in_attesa
3,5,GSM8K,qwen2.5:7b,52,57,in_attesa
3,5,GSM8K,mistral,52,54,in_attesa
3,5,GSM8K,qwen2.5:14b,50,58,in_attesa
3,6,HumanEval,llama3.2,53,56,in_attesa
3,6,HumanEval,llama3.1,51,55,in_attesa
3,6,HumanEval,gemma2:27b,51,60,in_attesa
3,6,HumanEval,phi3:mini,53,57,in_attesa
3,6,HumanEval,qwen2.5:7b,52,56,in_attesa
3,6,HumanEval,mistral,52,55,in_attesa
3,6,HumanEval,qwen2.5:14b,51,60,in_attesa
3,7,HellaSwag,llama3.2,52,53,in_attesa
3,7,HellaSwag,llama3.1,53,55,in_attesa
3,7,HellaSwag,gemma2:27b,51,54,in_attesa
3,7,HellaSwag,phi3:mini,50,54,in_attesa
3,7,HellaSwag,qwen2.5:7b,50,52,in_attesa
3,7,HellaSwag,mistral,51,53,in_attesa
3,7,HellaSwag,qwen2.5:14b,53,54,in_attesa
3,8,HellaSwag,llama3.2,50,52,in_attesa
3,8,HellaSwag,llama3.1,51,52,in_attesa
3,8,HellaSwag,gemma2:27b,52,55,in_attesa
3,8,HellaSwag,phi3:mini,51,51,in_attesa
3,8,HellaSwag,qwen2.5:7b,51,53,in_attesa
3,8,HellaSwag,mistral,53,54,in_attesa
3,8,HellaSwag,qwen2.5:14b,50,53,in_attesa
3,9,GSM8K,llama3.2,53,55,in_attesa
3,9,GSM8K,llama3.1,50,53,in_attesa
3,9,GSM8K,gemma2:27b,53,58,in_attesa
3,9,GSM8K,phi3:mini,52,56,in_attesa
3,9,GSM8K,qwen2.5:7b,51,55,in_attesa
3,9,GSM8K,mistral,51,54,in_attesa
3,9,GSM8K,qwen2.5:14b,50,59,in_attesa
3,10,HumanEval,llama3.2,52,56,in_attesa
3,10,HumanEval,llama3.1,51,55,in_attesa
3,10,HumanEval,gemma2:27b,51,59,in_attesa
3,10,HumanEval,phi3:mini,53,55,in_attesa
3,10,HumanEval,qwen2.5:7b,51,56,in_attesa
3,10,HumanEval,mistral,51,55,in_attesa
3,10,HumanEval,qwen2.5:14b,50,60,in_attesa
3,11,GSM8K,llama3.2,52,54,in_attesa
3,11,GSM8K,llama3.1,50,54,in_attesa
3,11,GSM8K,gemma2:27b,50,58,in_attesa
3,11,GSM8K,phi3:mini,52,57,in_attesa
3,11,GSM8K,qwen2.5:7b,51,56,in_attesa
3,11,GSM8K,mistral,51,55,in_attesa
3,11,GSM8K,qwen2.5:14b,51,59,in_attesa
3,12,HumanEval,llama3.2,52,55,in_attesa
3,12,HumanEval,llama3.1,51,55,in_attesa
3,12,HumanEval,gemma2:27b,51,60,in_attesa
3,12,HumanEval,phi3:mini,53,57,in_attesa
3,12,HumanEval,qwen2.5:7b,51,56,in_attesa
3,12,HumanEval,mistral,51,55,in_attesa
3,12,HumanEval,qwen2.5:14b,51,62,in_attesa
3,13,HellaSwag,llama3.2,52,52,in_attesa
3,13,HellaSwag,llama3.1,52,53,in_attesa
3,13,HellaSwag,gemma2:27b,53,55,in_attesa
3,13,HellaSwag,phi3:mini,51,54,in_attesa
3,13,HellaSwag,qwen2.5:7b,51,52,in_attesa
3,13,HellaSwag,mistral,52,54,in_attesa
3,13,HellaSwag,qwen2.5:14b,50,53,in_attesa
3,14,HumanEval,llama3.2,53,55,in_attesa
3,14,HumanEval,llama3.1,50,55,in_attesa
3,14,HumanEval,gemma2:27b,50,60,in_attesa
3,14,HumanEval,phi3:mini,53,56,in_attesa
3,14,HumanEval,qwen2.5:7b,52,56,in_attesa
3,14,HumanEval,mistral,52,54,in_attesa
3,14,HumanEval,qwen2.5:14b,50,62,in_attesa
3,15,HumanEval,llama3.2,53,56,in_attesa
3,15,HumanEval,llama3.1,51,57,in_attesa
3,15,HumanEval,gemma2:27b,51,60,in_attesa
3,15,HumanEval,phi3:mini,53,54,in_attesa
3,15,HumanEval,qwen2.5:7b,51,54,in_attesa
3,15,HumanEval,mistral,50,54,in_attesa
3,15,HumanEval,qwen2.5:14b,53,61,in_attesa
3,16,HumanEval,llama3.2,53,56,in_attesa
3,16,HumanEval,llama3.1,52,57,in_attesa
3,16,HumanEval,gemma2:27b,51,59,in_attesa
3,16,HumanEval,phi3:mini,52,56,in_attesa
3,16,HumanEval,qwen2.5:7b,52,58,in_attesa
3,16,HumanEval,mistral,52,57,in_attesa
3,16,HumanEval,qwen2.5:14b,51,61,in_attesa
3,17,HumanEval,llama3.2,53,56,in_attesa
3,17,HumanEval,llama3.1,51,56,in_attesa
3,17,HumanEval,gemma2:27b,51,60,in_attesa
3,17,HumanEval,phi3:mini,53,56,in_attesa
3,17,HumanEval,qwen2.5:7b,52,56,in_attesa
3,17,HumanEval,mistral,52,56,in_attesa
3,17,HumanEval,qwen2.5:14b,52,63,in_attesa
3,18,GSM8K,llama3.2,52,54,in_attesa
3,18,GSM8K,llama3.1,51,54,in_attesa
3,18,GSM8K,gemma2:27b,50,57,in_attesa
3,18,GSM8K,phi3:mini,51,54,in_attesa
3,18,GSM8K,qwen2.5:7b,50,54,in_attesa
3,18,GSM8K,mistral,50,53,in_attesa
3,18,GSM8K,qwen2.5:14b,53,58,in_attesa
3,19,HellaSwag,llama3.2,53,54,in_attesa
3,19,HellaSwag,llama3.1,51,54,in_attesa
3,19,HellaSwag,gemma2:27b,53,56,in_attesa
3,19,HellaSwag,phi3:mini,51,54,in_attesa
3,19,HellaSwag,qwen2.5:7b,51,53,in_attesa
3,19,HellaSwag,mistral,53,54,in_attesa
3,19,HellaSwag,qwen2.5:14b,50,53,in_attesa
3,20,HellaSwag,llama3.2,53,52,in_attesa
3,20,HellaSwag,llama3.1,52,55,in_attesa
3,20,HellaSwag,gemma2:27b,53,55,in_attesa
3,20,HellaSwag,phi3:mini,51,53,in_attesa
3,20,HellaSwag,qwen2.5:7b,53,54,in_attesa
3,20,HellaSwag,mistral,53,55,in_attesa
3,20,HellaSwag,qwen2.5:14b,50,53,in_attesa
3,21,HumanEval,llama3.2,53,54,in_attesa
3,21,HumanEval,llama3.1,50,54,in_attesa
3,21,HumanEval,gemma2:27b,50,57,in_attesa
3,21,HumanEval,phi3:mini,53,56,in_attesa
3,21,HumanEval,qwen2.5:7b,51,55,in_attesa
3,21,HumanEval,mistral,50,55,in_attesa
3,21,HumanEval,qwen2.5:14b,50,57,in_attesa
3,22,GSM8K,llama3.2,53,56,in_attesa
3,22,GSM8K,llama3.1,51,56,in_attesa
3,22,GSM8K,gemma2:27b,52,61,in_attesa
3,22,GSM8K,phi3:mini,52,55,in_attesa
3,22,GSM8K,qwen2.5:7b,52,57,in_attesa
3,22,GSM8K,mistral,52,58,in_attesa
3,22,GSM8K,qwen2.5:14b,52,63,in_attesa
3,23,HumanEval,llama3.2,52,55,in_attesa
3,23,HumanEval,llama3.1,51,57,in_attesa
3,23,HumanEval,gemma2:27b,52,61,in_attesa
3,23,HumanEval,phi3:mini,52,55,in_attesa
3,23,HumanEval,qwen2.5:7b,51,56,in_attesa
3,23,HumanEval,mistral,52,56,in_attesa
3,23,HumanEval,qwen2.5:14b,51,61,in_attesa
3,24,HumanEval,llama3.2,53,55,in_attesa
3,24,HumanEval,llama3.1,51,55,in_attesa
3,24,HumanEval,gemma2:27b,50,58,in_attesa
3,24,HumanEval,phi3:mini,52,55,in_attesa
3,24,HumanEval,qwen2.5:7b,50,55,in_attesa
3,24,HumanEval,mistral,50,53,in_attesa
3,24,HumanEval,qwen2.5:14b,53,62,in_attesa
3,25,HellaSwag,llama3.2,52,53,in_attesa
3,25,HellaSwag,llama3.1,52,54,in_attesa
3,25,HellaSwag,gemma2:27b,50,54,in_attesa
3,25,HellaSwag,phi3:mini,50,51,in_attesa
3,25,HellaSwag,qwen2.5:7b,51,52,in_attesa
3,25,HellaSwag,mistral,52,55,in_attesa
3,25,HellaSwag,qwen2.5:14b,53,54,in_attesa
3,26,HellaSwag,llama3.2,50,51,in_attesa
3,26,HellaSwag,llama3.1,51,52,in_attesa
3,26,HellaSwag,gemma2:27b,52,54,in_attesa
3,26,HellaSwag,phi3:mini,50,53,in_attesa
3,26,HellaSwag,qwen2.5:7b,52,53,in_attesa
3,26,HellaSwag,mistral,53,54,in_attesa
3,26,HellaSwag,qwen2.5:14b,50,53,in_attesa
3,27,HumanEval,llama3.2,53,55,in_attesa
3,27,HumanEval,llama3.1,51,56,in_attesa
3,27,HumanEval,gemma2:27b,52,60,in_attesa
3,27,HumanEval,phi3:mini,51,56,in_attesa
3,27,HumanEval,qwen2.5:7b,52,58,in_attesa
3,27,HumanEval,mistral,52,55,in_attesa
3,27,HumanEval,qwen2.5:14b,51,62,in_attesa
3,28,HumanEval,llama3.2,52,55,in_attesa
3,28,HumanEval,llama3.1,50,56,in_attesa
3,28,HumanEval,gemma2:27b,51,58,in_attesa
3,28,HumanEval,phi3:mini,51,54,in_attesa
3,28,HumanEval,qwen2.5:7b,51,54,in_attesa
3,28,HumanEval,mistral,50,54,in_attesa
3,28,HumanEval,qwen2.5:14b,50,59,in_attesa
3,29,GSM8K,llama3.2,52,54,in_attesa
3,29,GSM8K,llama3.1,50,56,in_attesa
3,29,GSM8K,gemma2:27b,51,61,in_attesa
3,29,GSM8K,phi3:mini,53,57,in_attesa
3,29,GSM8K,qwen2.5:7b,52,57,in_attesa
3,29,GSM8K,mistral,52,56,in_attesa
3,29,GSM8K,qwen2.5:14b,51,63,in_attesa
3,30,GSM8K,llama3.2,52,56,in_attesa
3,30,GSM8K,llama3.1,51,57,in_attesa
3,30,GSM8K,gemma2:27b,52,61,in_attesa
3,30,GSM8K,phi3:mini,53,56,in_attesa
3,30,GSM8K,qwen2.5:7b,52,57,in_attesa
3,30,GSM8K,mistral,52,55,in_attesa
3,30,GSM8K,qwen2.5:14b,51,62,in_attesa
3,31,HumanEval,llama3.2,51,55,in_attesa
3,31,HumanEval,llama3.1,51,56,in_attesa
3,31,HumanEval,gemma2:27b,51,57,in_attesa
3,31,HumanEval,phi3:mini,53,57,in_attesa
3,31,HumanEval,qwen2.5:7b,51,56,in_attesa
3,31,HumanEval,mistral,51,56,in_attesa
3,31,HumanEval,qwen2.5:14b,51,62,in_attesa
3,32,HellaSwag,llama3.2,52,53,in_attesa
3,32,HellaSwag,llama3.1,53,53,in_attesa
3,32,HellaSwag,gemma2:27b,53,55,in_attesa
3,32,HellaSwag,phi3:mini,51,53,in_attesa
3,32,HellaSwag,qwen2.5:7b,53,52,in_attesa
3,32,HellaSwag,mistral,52,54,in_attesa
3,32,HellaSwag,qwen2.5:14b,50,52,in_attesa
3,33,HellaSwag,llama3.2,52,51,in_attesa
3,33,HellaSwag,llama3.1,51,53,in_attesa
3,33,HellaSwag,gemma2:27b,53,55,in_attesa
3,33,HellaSwag,phi3:mini,51,52,in_attesa
3,33,HellaSwag,qwen2.5:7b,52,53,in_attesa
3,33,HellaSwag,mistral,53,54,in_attesa
3,33,HellaSwag,qwen2.5:14b,50,54,in_attesa
3,34,GSM8K,llama3.2,53,55,in_attesa
3,34,GSM8K,llama3.1,51,56,in_attesa
3,34,GSM8K,gemma2:27b,51,60,in_attesa
3,34,GSM8K,phi3:mini,53,57,in_attesa
3,34,GSM8K,qwen2.5:7b,53,57,in_attesa
3,34,GSM8K,mistral,52,57,in_attesa
3,34,GSM8K,qwen2.5:14b,52,61,in_attesa
3,35,HumanEval,llama3.2,53,56,in_attesa
3,35,HumanEval,llama3.1,51,56,in_attesa
3,35,HumanEval,gemma2:27b,51,61,in_attesa
3,35,HumanEval,phi3:mini,53,56,in_attesa
3,35,HumanEval,qwen2.5:7b,52,57,in_attesa
3,35,HumanEval,mistral,52,56,in_attesa
3,35,HumanEval,qwen2.5:14b,51,62,in_attesa
3,36,HellaSwag,llama3.2,53,55,in_attesa
3,36,HellaSwag,llama3.1,51,52,in_attesa
3,36,HellaSwag,gemma2:27b,52,55,in_attesa
3,36,HellaSwag,phi3:mini,51,53,in_attesa
3,36,HellaSwag,qwen2.5:7b,53,52,in_attesa
3,36,HellaSwag,mistral,52,54,in_attesa
3,36,HellaSwag,qwen2.5:14b,50,53,in_attesa
3,37,HumanEval,llama3.2,52,56,in_attesa
3,37,HumanEval,llama3.1,50,56,in_attesa
3,37,HumanEval,gemma2:27b,51,61,in_attesa
3,37,HumanEval,phi3:mini,52,56,in_attesa
3,37,HumanEval,qwen2.5:7b,51,56,in_attesa
3,37,HumanEval,mistral,51,57,in_attesa
3,37,HumanEval,qwen2.5:14b,51,61,in_attesa
3,38,HellaSwag,llama3.2,53,54,in_attesa
3,38,HellaSwag,llama3.1,51,53,in_attesa
3,38,HellaSwag,gemma2:27b,53,54,in_attesa
3,38,HellaSwag,phi3:mini,50,51,in_attesa
3,38,HellaSwag,qwen2.5:7b,51,51,in_attesa
3,38,HellaSwag,mistral,51,54,in_attesa
3,38,HellaSwag,qwen2.5:14b,49,53,in_attesa
3,39,HellaSwag,llama3.2,52,51,in_attesa
3,39,HellaSwag,llama3.1,51,53,in_attesa
3,39,HellaSwag,gemma2:27b,52,54,in_attesa
3,39,HellaSwag,phi3:mini,50,51,in_attesa
3,39,HellaSwag,qwen2.5:7b,51,53,in_attesa
3,39,HellaSwag,mistral,53,54,in_attesa
3,39,HellaSwag,qwen2.5:14b,50,53,in_attesa
3,40,GSM8K,llama3.2,53,54,in_attesa
3,40,GSM8K,llama3.1,50,54,in_attesa
3,40,GSM8K,gemma2:27b,50,60,in_attesa
3,40,GSM8K,phi3:mini,53,57,in_attesa
3,40,GSM8K,qwen2.5:7b,53,58,in_attesa
3,40,GSM8K,mistral,53,56,in_attesa
3,40,GSM8K,qwen2.5:14b,51,62,in_attesa
3,41,HumanEval,llama3.2,53,56,in_attesa
3,41,HumanEval,llama3.1,51,57,in_attesa
3,41,HumanEval,gemma2:27b,52,60,in_attesa
3,41,HumanEval,phi3:mini,53,57,in_attesa
3,41,HumanEval,qwen2.5:7b,51,57,in_attesa
3,41,HumanEval,mistral,51,54,in_attesa
3,41,HumanEval,qwen2.5:14b,50,59,in_attesa
3,42,HumanEval,llama3.2,52,55,in_attesa
3,42,HumanEval,llama3.1,51,54,in_attesa
3,42,HumanEval,gemma2:27b,49,57,in_attesa
3,42,HumanEval,phi3:mini,53,56,in_attesa
3,42,HumanEval,qwen2.5:7b,52,55,in_attesa
3,42,HumanEval,mistral,51,54,in_attesa
3,42,HumanEval,qwen2.5:14b,50,61,in_attesa
3,43,HumanEval,llama3.2,53,56,in_attesa
3,43,HumanEval,llama3.1,51,55,in_attesa
3,43,HumanEval,gemma2:27b,50,56,in_attesa
3,43,HumanEval,phi3:mini,53,56,in_attesa
3,43,HumanEval,qwen2.5:7b,51,55,in_attesa
3,43,HumanEval,mistral,51,54,in_attesa
3,43,HumanEval,qwen2.5:14b,50,60,in_attesa
3,44,GSM8K,llama3.2,53,55,in_attesa
3,44,GSM8K,llama3.1,51,54,in_attesa
3,44,GSM8K,gemma2:27b,50,57,in_attesa
3,44,GSM8K,phi3:mini,53,55,in_attesa
3,44,GSM8K,qwen2.5:7b,52,55,in_attesa
3,44,GSM8K,mistral,51,55,in_attesa
3,44,GSM8K,qwen2.5:14b,50,59,in_attesa
3,45,HumanEval,llama3.2,51,55,in_attesa
3,45,HumanEval,llama3.1,50,56,in_attesa
3,45,HumanEval,gemma2:27b,51,60,in_attesa
3,45,HumanEval,phi3:mini,53,58,in_attesa
3,45,HumanEval,qwen2.5:7b,51,56,in_attesa
3,45,HumanEval,mistral,52,55,in_attesa
3,45,HumanEval,qwen2.5:14b,51,61,in_attesa
3,46,HellaSwag,llama3.2,53,54,in_attesa
3,46,HellaSwag,llama3.1,51,52,in_attesa
3,46,HellaSwag,gemma2:27b,52,54,in_attesa
3,46,HellaSwag,phi3:mini,50,51,in_attesa
3,46,HellaSwag,qwen2.5:7b,51,52,in_attesa
3,46,HellaSwag,mistral,52,53,in_attesa
3,46,HellaSwag,qwen2.5:14b,53,53,in_attesa
3,47,HumanEval,llama3.2,53,55,in_attesa
3,47,HumanEval,llama3.1,51,56,in_attesa
3,47,HumanEval,gemma2:27b,51,60,in_attesa
3,47,HumanEval,phi3:mini,53,58,in_attesa
3,47,HumanEval,qwen2.5:7b,52,57,in_attesa
3,47,HumanEval,mistral,52,57,in_attesa
3,47,HumanEval,qwen2.5:14b,51,62,in_attesa
3,48,HellaSwag,llama3.2,53,54,in_attesa
3,48,HellaSwag,llama3.1,53,54,in_attesa
3,48,HellaSwag,gemma2:27b,50,54,in_attesa
3,48,HellaSwag,phi3:mini,50,53,in_attesa
3,48,HellaSwag,qwen2.5:7b,53,53,in_attesa
3,48,HellaSwag,mistral,53,53,in_attesa
3,48,HellaSwag,qwen2.5:14b,53,53,in_attesa
3,49,HumanEval,llama3.2,53,55,in_attesa
3,49,HumanEval,llama3.1,51,55,in_attesa
3,49,HumanEval,gemma2:27b,51,60,in_attesa
3,49,HumanEval,phi3:mini,53,56,in_attesa
3,49,HumanEval,qwen2.5:7b,52,56,in_attesa
3,49,HumanEval,mistral,51,56,in_attesa
3,49,HumanEval,qwen2.5:14b,51,62,in_attesa
3,50,GSM8K,llama3.2,51,53,in_attesa
3,50,GSM8K,llama3.1,53,55,in_attesa
3,50,GSM8K,gemma2:27b,50,58,in_attesa
3,50,GSM8K,phi3:mini,51,54,in_attesa
3,50,GSM8K,qwen2.5:7b,50,54,in_attesa
3,50,GSM8K,mistral,50,54,in_attesa
3,50,GSM8K,qwen2.5:14b,49,58,in_attesa
3,51,GSM8K,llama3.2,52,56,in_attesa
3,51,GSM8K,llama3.1,50,54,in_attesa
3,51,GSM8K,gemma2:27b,50,59,in_attesa
3,51,GSM8K,phi3:mini,52,55,in_attesa
3,51,GSM8K,qwen2.5:7b,52,56,in_attesa
3,51,GSM8K,mistral,51,54,in_attesa
3,51,GSM8K,qwen2.5:14b,50,59,in_attesa
3,52,HumanEval,llama3.2,51,54,in_attesa
3,52,HumanEval,llama3.1,50,54,in_attesa
3,52,HumanEval,gemma2:27b,50,57,in_attesa
3,52,HumanEval,phi3:mini,53,55,in_attesa
3,52,HumanEval,qwen2.5:7b,51,55,in_attesa
3,52,HumanEval,mistral,51,55,in_attesa
3,52,HumanEval,qwen2.5:14b,50,59,in_attesa
3,53,GSM8K,llama3.2,52,54,in_attesa
3,53,GSM8K,llama3.1,50,54,in_attesa
3,53,GSM8K,gemma2:27b,50,60,in_attesa
3,53,GSM8K,phi3:mini,52,57,in_attesa
3,53,GSM8K,qwen2.5:7b,51,56,in_attesa
3,53,GSM8K,mistral,51,55,in_attesa
3,53,GSM8K,qwen2.5:14b,50,61,in_attesa
3,54,HumanEval,llama3.2,53,56,in_attesa
3,54,HumanEval,llama3.1,51,55,in_attesa
3,54,HumanEval,gemma2:27b,50,59,in_attesa
3,54,HumanEval,phi3:mini,52,55,in_attesa
3,54,HumanEval,qwen2.5:7b,51,55,in_attesa
3,54,HumanEval,mistral,50,55,in_attesa
3,54,HumanEval,qwen2.5:14b,50,61,in_attesa
3,55,HellaSwag,llama3.2,53,53,in_attesa
3,55,HellaSwag,llama3.1,53,54,in_attesa
3,55,HellaSwag,gemma2:27b,50,54,in_attesa
3,55,HellaSwag,phi3:mini,53,53,in_attesa
3,55,HellaSwag,qwen2.5:7b,53,53,in_attesa
3,55,HellaSwag,mistral,53,53,in_attesa
3,55,HellaSwag,qwen2.5:14b,53,54,in_attesa
3,56,HellaSwag,llama3.2,50,51,in_attesa
3,56,HellaSwag,llama3.1,51,52,in_attesa
3,56,HellaSwag,gemma2:27b,52,54,in_attesa
3,56,HellaSwag,phi3:mini,50,53,in_attesa
3,56,HellaSwag,qwen2.5:7b,53,53,in_attesa
3,56,HellaSwag,mistral,53,53,in_attesa
3,56,HellaSwag,qwen2.5:14b,53,54,in_attesa
3,57,HellaSwag,llama3.2,50,52,in_attesa
3,57,HellaSwag,llama3.1,52,53,in_attesa
3,57,HellaSwag,gemma2:27b,53,55,in_attesa
3,57,HellaSwag,phi3:mini,50,52,in_attesa
3,57,HellaSwag,qwen2.5:7b,52,53,in_attesa
3,57,HellaSwag,mistral,53,53,in_attesa
3,57,HellaSwag,qwen2.5:14b,53,54,in_attesa
3,58,HellaSwag,llama3.2,51,51,in_attesa
3,58,HellaSwag,llama3.1,51,53,in_attesa
3,58,HellaSwag,gemma2:27b,53,55,in_attesa
3,58,HellaSwag,phi3:mini,51,53,in_attesa
3,58,HellaSwag,qwen2.5:7b,53,53,in_attesa
3,58,HellaSwag,mistral,53,54,in_attesa
3,58,HellaSwag,qwen2.5:14b,50,53,in_attesa
3,59,HumanEval,llama3.2,53,54,in_attesa
3,59,HumanEval,llama3.1,50,56,in_attesa
3,59,HumanEval,gemma2:27b,51,60,in_attesa
3,59,HumanEval,phi3:mini,53,56,in_attesa
3,59,HumanEval,qwen2.5:7b,51,55,in_attesa
3,59,HumanEval,mistral,51,54,in_attesa
3,59,HumanEval,qwen2.5:14b,50,60,in_attesa
3,60,HellaSwag,llama3.2,52,53,in_attesa
3,60,HellaSwag,llama3.1,53,53,in_attesa
3,60,HellaSwag,gemma2:27b,53,55,in_attesa
3,60,HellaSwag,phi3:mini,51,52,in_attesa
3,60,HellaSwag,qwen2.5:7b,52,52,in_attesa
3,60,HellaSwag,mistral,52,53,in_attesa
3,60,HellaSwag,qwen2.5:14b,53,54,in_attesa
3,61,HumanEval,llama3.2,50,53,in_attesa
3,61,HumanEval,llama3.1,53,56,in_attesa
3,61,HumanEval,gemma2:27b,51,60,in_attesa
3,61,HumanEval,phi3:mini,53,55,in_attesa
3,61,HumanEval,qwen2.5:7b,52,56,in_attesa
3,61,HumanEval,mistral,51,55,in_attesa
3,61,HumanEval,qwen2.5:14b,50,61,in_attesa
3,62,HumanEval,llama3.2,53,56,in_attesa
3,62,HumanEval,llama3.1,51,55,in_attesa
3,62,HumanEval,gemma2:27b,50,60,in_attesa
3,62,HumanEval,phi3:mini,53,56,in_attesa
3,62,HumanEval,qwen2.5:7b,52,56,in_attesa
3,62,HumanEval,mistral,51,54,in_attesa
3,62,HumanEval,qwen2.5:14b,50,61,in_attesa
3,63,GSM8K,llama3.2,53,55,in_attesa
3,63,GSM8K,llama3.1,51,54,in_attesa
3,63,GSM8K,gemma2:27b,50,57,in_attesa
3,63,GSM8K,phi3:mini,53,55,in_attesa
3,63,GSM8K,qwen2.5:7b,51,55,in_attesa
3,63,GSM8K,mistral,51,55,in_attesa
3,63,GSM8K,qwen2.5:14b,50,58,in_attesa
3,64,HumanEval,llama3.2,53,55,in_attesa
3,64,HumanEval,llama3.1,51,54,in_attesa
3,64,HumanEval,gemma2:27b,50,57,in_attesa
3,64,HumanEval,phi3:mini,53,56,in_attesa
3,64,HumanEval,qwen2.5:7b,51,55,in_attesa
3,64,HumanEval,mistral,50,54,in_attesa
3,64,HumanEval,qwen2.5:14b,49,59,in_attesa
3,65,HumanEval,llama3.2,52,55,in_attesa
3,65,HumanEval,llama3.1,51,56,in_attesa
3,65,HumanEval,gemma2:27b,51,60,in_attesa
3,65,HumanEval,phi3:mini,53,57,in_attesa
3,65,HumanEval,qwen2.5:7b,52,57,in_attesa
3,65,HumanEval,mistral,52,55,in_attesa
3,65,HumanEval,qwen2.5:14b,50,61,in_attesa
3,66,HumanEval,llama3.2,53,56,in_attesa
3,66,HumanEval,llama3.1,52,56,in_attesa
3,66,HumanEval,gemma2:27b,51,60,in_attesa
3,66,HumanEval,phi3:mini,53,57,in_attesa
3,66,HumanEval,qwen2.5:7b,51,55,in_attesa
3,66,HumanEval,mistral,50,54,in_attesa
3,66,HumanEval,qwen2.5:14b,50,57,in_attesa
3,67,HumanEval,llama3.2,53,56,in_attesa
3,67,HumanEval,llama3.1,51,56,in_attesa
3,67,HumanEval,gemma2:27b,51,60,in_attesa
3,67,HumanEval,phi3:mini,53,54,in_attesa
3,67,HumanEval,qwen2.5:7b,50,56,in_attesa
3,67,HumanEval,mistral,51,55,in_attesa
3,67,HumanEval,qwen2.5:14b,50,61,in_attesa
3,68,HellaSwag,llama3.2,53,53,in_attesa
3,68,HellaSwag,llama3.1,53,55,in_attesa
3,68,HellaSwag,gemma2:27b,51,54,in_attesa
3,68,HellaSwag,phi3:mini,50,52,in_attesa
3,68,HellaSwag,qwen2.5:7b,52,52,in_attesa
3,68,HellaSwag,mistral,52,53,in_attesa
3,68,HellaSwag,qwen2.5:14b,53,53,in_attesa
3,69,GSM8K,llama3.2,53,54,in_attesa
3,69,GSM8K,llama3.1,50,53,in_attesa
3,69,GSM8K,gemma2:27b,53,58,in_attesa
3,69,GSM8K,phi3:mini,53,56,in_attesa
3,69,GSM8K,qwen2.5:7b,52,54,in_attesa
3,69,GSM8K,mistral,50,56,in_attesa
3,69,GSM8K,qwen2.5:14b,51,58,in_attesa
3,70,HumanEval,llama3.2,53,55,in_attesa
3,70,HumanEval,llama3.1,51,58,in_attesa
3,70,HumanEval,gemma2:27b,51,60,in_attesa
3,70,HumanEval,phi3:mini,53,57,in_attesa
3,70,HumanEval,qwen2.5:7b,52,56,in_attesa
3,70,HumanEval,mistral,51,55,in_attesa
3,70,HumanEval,qwen2.5:14b,50,62,in_attesa
3,71,GSM8K,llama3.2,53,54,in_attesa
3,71,GSM8K,llama3.1,51,53,in_attesa
3,71,GSM8K,gemma2:27b,53,55,in_attesa
3,71,GSM8K,phi3:mini,52,54,in_attesa
3,71,GSM8K,qwen2.5:7b,51,55,in_attesa
3,71,GSM8K,mistral,50,52,in_attesa
3,71,GSM8K,qwen2.5:14b,52,56,in_attesa
3,72,HellaSwag,llama3.2,52,52,in_attesa
3,72,HellaSwag,llama3.1,52,53,in_attesa
3,72,HellaSwag,gemma2:27b,53,55,in_attesa
3,72,HellaSwag,phi3:mini,50,52,in_attesa
3,72,HellaSwag,qwen2.5:7b,52,53,in_attesa
3,72,HellaSwag,mistral,53,54,in_attesa
3,72,HellaSwag,qwen2.5:14b,50,53,in_attesa
3,73,HumanEval,llama3.2,53,55,in_attesa
3,73,HumanEval,llama3.1,51,56,in_attesa
3,73,HumanEval,gemma2:27b,52,60,in_attesa
3,73,HumanEval,phi3:mini,53,56,in_attesa
3,73,HumanEval,qwen2.5:7b,52,57,in_attesa
3,73,HumanEval,mistral,51,54,in_attesa
3,73,HumanEval,qwen2.5:14b,50,61,in_attesa
3,74,HumanEval,llama3.2,53,57,in_attesa
3,74,HumanEval,llama3.1,52,56,in_attesa
3,74,HumanEval,gemma2:27b,51,60,in_attesa
3,74,HumanEval,phi3:mini,53,57,in_attesa
3,74,HumanEval,qwen2.5:7b,52,57,in_attesa
3,74,HumanEval,mistral,52,55,in_attesa
3,74,HumanEval,qwen2.5:14b,50,62,in_attesa
3,75,HumanEval,llama3.2,53,56,in_attesa
3,75,HumanEval,llama3.1,51,56,in_attesa
3,75,HumanEval,gemma2:27b,51,60,in_attesa
3,75,HumanEval,phi3:mini,53,56,in_attesa
3,75,HumanEval,qwen2.5:7b,51,56,in_attesa
3,75,HumanEval,mistral,51,54,in_attesa
3,75,HumanEval,qwen2.5:14b,50,62,in_attesa
3,76,GSM8K,llama3.2,53,55,in_attesa
3,76,GSM8K,llama3.1,51,55,in_attesa
3,76,GSM8K,gemma2:27b,50,59,in_attesa
3,76,GSM8K,phi3:mini,52,56,in_attesa
3,76,GSM8K,qwen2.5:7b,51,56,in_attesa
3,76,GSM8K,mistral,51,56,in_attesa
3,76,GSM8K,qwen2.5:14b,51,60,in_attesa
3,77,HellaSwag,llama3.2,52,52,in_attesa
3,77,HellaSwag,llama3.1,52,53,in_attesa
3,77,HellaSwag,gemma2:27b,53,55,in_attesa
3,77,HellaSwag,phi3:mini,51,51,in_attesa
3,77,HellaSwag,qwen2.5:7b,51,53,in_attesa
3,77,HellaSwag,mistral,53,54,in_attesa
3,77,HellaSwag,qwen2.5:14b,53,54,in_attesa
3,78,GSM8K,llama3.2,50,52,in_attesa
3,78,GSM8K,llama3.1,52,52,in_attesa
3,78,GSM8K,gemma2:27b,52,56,in_attesa
3,78,GSM8K,phi3:mini,53,57,in_attesa
3,78,GSM8K,qwen2.5:7b,51,54,in_attesa
3,78,GSM8K,mistral,50,55,in_attesa
3,78,GSM8K,qwen2.5:14b,50,56,in_attesa
3,79,HumanEval,llama3.2,52,56,in_attesa
3,79,HumanEval,llama3.1,51,57,in_attesa
3,79,HumanEval,gemma2:27b,51,59,in_attesa
3,79,HumanEval,phi3:mini,52,56,in_attesa
3,79,HumanEval,qwen2.5:7b,52,56,in_attesa
3,79,HumanEval,mistral,51,55,in_attesa
3,79,HumanEval,qwen2.5:14b,51,61,in_attesa
3,80,HellaSwag,llama3.2,53,53,in_attesa
3,80,HellaSwag,llama3.1,53,54,in_attesa
3,80,HellaSwag,gemma2:27b,50,54,in_attesa
3,80,HellaSwag,phi3:mini,50,53,in_attesa
3,80,HellaSwag,qwen2.5:7b,53,53,in_attesa
3,80,HellaSwag,mistral,53,55,in_attesa
3,80,HellaSwag,qwen2.5:14b,51,57,in_attesa
3,81,HumanEval,llama3.2,53,56,in_attesa
3,81,HumanEval,llama3.1,51,55,in_attesa
3,81,HumanEval,gemma2:27b,50,58,in_attesa
3,81,HumanEval,phi3:mini,52,54,in_attesa
3,81,HumanEval,qwen2.5:7b,50,54,in_attesa
3,81,HumanEval,mistral,50,54,in_attesa
3,81,HumanEval,qwen2.5:14b,50,59,in_attesa
3,82,HellaSwag,llama3.2,51,52,in_attesa
3,82,HellaSwag,llama3.1,52,53,in_attesa
3,82,HellaSwag,gemma2:27b,53,54,in_attesa
3,82,HellaSwag,phi3:mini,50,53,in_attesa
3,82,HellaSwag,qwen2.5:7b,52,52,in_attesa
3,82,HellaSwag,mistral,51,52,in_attesa
3,82,HellaSwag,qwen2.5:14b,52,53,in_attesa
3,83,HellaSwag,llama3.2,53,53,in_attesa
3,83,HellaSwag,llama3.1,53,54,in_attesa
3,83,HellaSwag,gemma2:27b,50,54,in_attesa
3,83,HellaSwag,phi3:mini,50,52,in_attesa
3,83,HellaSwag,qwen2.5:7b,52,53,in_attesa
3,83,HellaSwag,mistral,53,53,in_attesa
3,83,HellaSwag,qwen2.5:14b,53,54,in_attesa
3,84,HumanEval,llama3.2,50,54,in_attesa
3,84,HumanEval,llama3.1,50,56,in_attesa
3,84,HumanEval,gemma2:27b,51,60,in_attesa
3,84,HumanEval,phi3:mini,53,56,in_attesa
3,84,HumanEval,qwen2.5:7b,51,56,in_attesa
3,84,HumanEval,mistral,51,55,in_attesa
3,84,HumanEval,qwen2.5:14b,50,61,in_attesa
3,85,HellaSwag,llama3.2,53,53,in_attesa
3,85,HellaSwag,llama3.1,53,54,in_attesa
3,85,HellaSwag,gemma2:27b,50,53,in_attesa
3,85,HellaSwag,phi3:mini,53,53,in_attesa
3,85,HellaSwag,qwen2.5:7b,53,53,in_attesa
3,85,HellaSwag,mistral,53,53,in_attesa
3,85,HellaSwag,qwen2.5:14b,53,54,in_attesa
3,86,HumanEval,llama3.2,50,54,in_attesa
3,86,HumanEval,llama3.1,49,56,in_attesa
3,86,HumanEval,gemma2:27b,50,58,in_attesa
3,86,HumanEval,phi3:mini,51,56,in_attesa
3,86,HumanEval,qwen2.5:7b,51,57,in_attesa
3,86,HumanEval,mistral,52,58,in_attesa
3,86,HumanEval,qwen2.5:14b,51,61,in_attesa
3,87,GSM8K,llama3.2,53,55,in_attesa
3,87,GSM8K,llama3.1,51,54,in_attesa
3,87,GSM8K,gemma2:27b,49,58,in_attesa
3,87,GSM8K,phi3:mini,51,54,in_attesa
3,87,GSM8K,qwen2.5:7b,50,54,in_attesa
3,87,GSM8K,mistral,50,54,in_attesa
3,87,GSM8K,qwen2.5:14b,50,57,in_attesa
3,88,HumanEval,llama3.2,52,56,in_attesa
3,88,HumanEval,llama3.1,51,57,in_attesa
3,88,HumanEval,gemma2:27b,52,59,in_attesa
3,88,HumanEval,phi3:mini,52,56,in_attesa
3,88,HumanEval,qwen2.5:7b,52,56,in_attesa
3,88,HumanEval,mistral,51,56,in_attesa
3,88,HumanEval,qwen2.5:14b,51,61,in_attesa
3,89,HumanEval,llama3.2,53,57,in_attesa
3,89,HumanEval,llama3.1,52,56,in_attesa
3,89,HumanEval,gemma2:27b,51,60,in_attesa
3,89,HumanEval,phi3:mini,53,57,in_attesa
3,89,HumanEval,qwen2.5:7b,52,57,in_attesa
3,89,HumanEval,mistral,51,56,in_attesa
3,89,HumanEval,qwen2.5:14b,51,62,in_attesa
3,90,GSM8K,llama3.2,53,56,in_attesa
3,90,GSM8K,llama3.1,51,54,in_attesa
3,90,GSM8K,gemma2:27b,53,56,in_attesa
3,90,GSM8K,phi3:mini,52,56,in_attesa
3,90,GSM8K,qwen2.5:7b,51,55,in_attesa
3,90,GSM8K,mistral,50,54,in_attesa
3,90,GSM8K,qwen2.5:14b,50,57,in_attesa
3,91,HellaSwag,llama3.2,53,54,in_attesa
3,91,HellaSwag,llama3.1,50,53,in_attesa
3,91,HellaSwag,gemma2:27b,53,54,in_attesa
3,91,HellaSwag,phi3:mini,50,53,in_attesa
3,91,HellaSwag,qwen2.5:7b,53,53,in_attesa
3,91,HellaSwag,mistral,53,54,in_attesa
3,91,HellaSwag,qwen2.5:14b,50,52,in_attesa
3,92,HumanEval,llama3.2,52,54,in_attesa
3,92,HumanEval,llama3.1,50,55,in_attesa
3,92,HumanEval,gemma2:27b,50,59,in_attesa
3,92,HumanEval,phi3:mini,52,55,in_attesa
3,92,HumanEval,qwen2.5:7b,51,56,in_attesa
3,92,HumanEval,mistral,51,55,in_attesa
3,92,HumanEval,qwen2.5:14b,51,61,in_attesa
3,93,HumanEval,llama3.2,53,56,in_attesa
3,93,HumanEval,llama3.1,51,54,in_attesa
3,93,HumanEval,gemma2:27b,50,56,in_attesa
3,93,HumanEval,phi3:mini,52,56,in_attesa
3,93,HumanEval,qwen2.5:7b,51,57,in_attesa
3,93,HumanEval,mistral,52,57,in_attesa
3,93,HumanEval,qwen2.5:14b,51,58,in_attesa
3,94,GSM8K,llama3.2,53,55,in_attesa
3,94,GSM8K,llama3.1,51,54,in_attesa
3,94,GSM8K,gemma2:27b,49,56,in_attesa
3,94,GSM8K,phi3:mini,52,56,in_attesa
3,94,GSM8K,qwen2.5:7b,52,56,in_attesa
3,94,GSM8K,mistral,51,54,in_attesa
3,94,GSM8K,qwen2.5:14b,50,58,in_attesa
3,95,GSM8K,llama3.2,53,56,in_attesa
3,95,GSM8K,llama3.1,52,55,in_attesa
3,95,GSM8K,gemma2:27b,50,57,in_attesa
3,95,GSM8K,phi3:mini,53,56,in_attesa
3,95,GSM8K,qwen2.5:7b,52,56,in_attesa
3,95,GSM8K,mistral,51,55,in_attesa
3,95,GSM8K,qwen2.5:14b,50,60,in_attesa
3,96,HellaSwag,llama3.2,52,53,in_attesa
3,96,HellaSwag,llama3.1,53,54,in_attesa
3,96,HellaSwag,gemma2:27b,50,54,in_attesa
3,96,HellaSwag,phi3:mini,50,50,in_attesa
3,96,HellaSwag,qwen2.5:7b,50,51,in_attesa
3,96,HellaSwag,mistral,51,53,in_attesa
3,96,HellaSwag,qwen2.5:14b,53,53,in_attesa
3,97,GSM8K,llama3.2,53,53,in_attesa
3,97,GSM8K,llama3.1,53,55,in_attesa
3,97,GSM8K,gemma2:27b,50,58,in_attesa
3,97,GSM8K,phi3:mini,53,56,in_attesa
3,97,GSM8K,qwen2.5:7b,52,57,in_attesa
3,97,GSM8K,mistral,52,56,in_attesa
3,97,GSM8K,qwen2.5:14b,52,60,in_attesa
3,98,HumanEval,llama3.2,53,57,in_attesa
3,98,HumanEval,llama3.1,53,58,in_attesa
3,98,HumanEval,gemma2:27b,53,56,in_attesa
3,98,HumanEval,phi3:mini,53,56,in_attesa
3,98,HumanEval,qwen2.5:7b,51,55,in_attesa
3,98,HumanEval,mistral,50,54,in_attesa
3,98,HumanEval,qwen2.5:14b,50,60,in_attesa
3,99,GSM8K,llama3.2,52,56,in_attesa
3,99,GSM8K,llama3.1,51,54,in_attesa
3,99,GSM8K,gemma2:27b,49,59,in_attesa
3,99,GSM8K,phi3:mini,52,56,in_attesa
3,99,GSM8K,qwen2.5:7b,52,55,in_attesa
3,99,GSM8K,mistral,51,56,in_attesa
3,99,GSM8K,qwen2.5:14b,50,60,in_attesa
3,100,HellaSwag,llama3.2,52,53,in_attesa
3,100,HellaSwag,llama3.1,53,54,in_attesa
3,100,HellaSwag,gemma2:27b,53,55,in_attesa
3,100,HellaSwag,phi3:mini,50,52,in_attesa
3,100,HellaSwag,qwen2.5:7b,52,53,in_attesa
3,100,HellaSwag,mistral,52,53,in_attesa
3,100,HellaSwag,qwen2.5:14b,53,53,in_attesa
3,101,GSM8K,llama3.2,53,55,in_attesa
3,101,GSM8K,llama3.1,50,53,in_attesa
3,101,GSM8K,gemma2:27b,53,59,in_attesa
3,101,GSM8K,phi3:mini,52,56,in_attesa
3,101,GSM8K,qwen2.5:7b,51,55,in_attesa
3,101,GSM8K,mistral,50,55,in_attesa
3,101,GSM8K,qwen2.5:14b,50,58,in_attesa
3,102,HumanEval,llama3.2,53,56,in_attesa
3,102,HumanEval,llama3.1,52,55,in_attesa
3,102,HumanEval,gemma2:27b,50,58,in_attesa
3,102,HumanEval,phi3:mini,53,54,in_attesa
3,102,HumanEval,qwen2.5:7b,51,55,in_attesa
3,102,HumanEval,mistral,50,53,in_attesa
3,102,HumanEval,qwen2.5:14b,53,60,in_attesa
3,103,HumanEval,llama3.2,52,55,in_attesa
3,103,HumanEval,llama3.1,51,56,in_attesa
3,103,HumanEval,gemma2:27b,50,58,in_attesa
3,103,HumanEval,phi3:mini,52,56,in_attesa
3,103,HumanEval,qwen2.5:7b,51,57,in_attesa
3,103,HumanEval,mistral,52,56,in_attesa
3,103,HumanEval,qwen2.5:14b,50,60,in_attesa
3,104,HellaSwag,llama3.2,52,52,in_attesa
3,104,HellaSwag,llama3.1,52,53,in_attesa
3,104,HellaSwag,gemma2:27b,53,55,in_attesa
3,104,HellaSwag,phi3:mini,50,53,in_attesa
3,104,HellaSwag,qwen2.5:7b,53,53,in_attesa
3,104,HellaSwag,mistral,53,54,in_attesa
3,104,HellaSwag,qwen2.5:14b,50,52,in_attesa
3,105,GSM8K,llama3.2,52,54,in_attesa
3,105,GSM8K,llama3.1,53,55,in_attesa
3,105,GSM8K,gemma2:27b,50,58,in_attesa
3,105,GSM8K,phi3:mini,51,55,in_attesa
3,105,GSM8K,qwen2.5:7b,51,56,in_attesa
3,105,GSM8K,mistral,51,55,in_attesa
3,105,GSM8K,qwen2.5:14b,50,60,in_attesa
3,106,HellaSwag,llama3.2,52,53,in_attesa
3,106,HellaSwag,llama3.1,52,54,in_attesa
3,106,HellaSwag,gemma2:27b,50,53,in_attesa
3,106,HellaSwag,phi3:mini,53,55,in_attesa
3,106,HellaSwag,qwen2.5:7b,53,53,in_attesa
3,106,HellaSwag,mistral,53,53,in_attesa
3,106,HellaSwag,qwen2.5:14b,53,54,in_attesa
3,107,GSM8K,llama3.2,50,54,in_attesa
3,107,GSM8K,llama3.1,50,53,in_attesa
3,107,GSM8K,gemma2:27b,53,58,in_attesa
3,107,GSM8K,phi3:mini,53,55,in_attesa
3,107,GSM8K,qwen2.5:7b,52,57,in_attesa
3,107,GSM8K,mistral,52,55,in_attesa
3,107,GSM8K,qwen2.5:14b,50,59,in_attesa
3,108,GSM8K,llama3.2,51,53,in_attesa
3,108,GSM8K,llama3.1,53,54,in_attesa
3,108,GSM8K,gemma2:27b,50,57,in_attesa
3,108,GSM8K,phi3:mini,53,55,in_attesa
3,108,GSM8K,qwen2.5:7b,52,54,in_attesa
3,108,GSM8K,mistral,50,53,in_attesa
3,108,GSM8K,qwen2.5:14b,53,58,in_attesa
3,109,GSM8K,llama3.2,52,54,in_attesa
3,109,GSM8K,llama3.1,50,54,in_attesa
3,109,GSM8K,gemma2:27b,49,57,in_attesa
3,109,GSM8K,phi3:mini,53,57,in_attesa
3,109,GSM8K,qwen2.5:7b,52,58,in_attesa
3,109,GSM8K,mistral,52,56,in_attesa
3,109,GSM8K,qwen2.5:14b,51,61,in_attesa
3,110,GSM8K,llama3.2,53,55,in_attesa
3,110,GSM8K,llama3.1,51,54,in_attesa
3,110,GSM8K,gemma2:27b,49,58,in_attesa
3,110,GSM8K,phi3:mini,51,55,in_attesa
3,110,GSM8K,qwen2.5:7b,51,55,in_attesa
3,110,GSM8K,mistral,51,54,in_attesa
3,110,GSM8K,qwen2.5:14b,50,60,in_attesa
3,111,GSM8K,llama3.2,52,54,in_attesa
3,111,GSM8K,llama3.1,50,53,in_attesa
3,111,GSM8K,gemma2:27b,53,56,in_attesa
3,111,GSM8K,phi3:mini,52,54,in_attesa
3,111,GSM8K,qwen2.5:7b,51,55,in_attesa
3,111,GSM8K,mistral,50,53,in_attesa
3,111,GSM8K,qwen2.5:14b,53,58,in_attesa
3,112,HellaSwag,llama3.2,53,53,in_attesa
3,112,HellaSwag,llama3.1,53,54,in_attesa
3,112,HellaSwag,gemma2:27b,50,54,in_attesa
3,112,HellaSwag,phi3:mini,50,54,in_attesa
3,112,HellaSwag,qwen2.5:7b,50,51,in_attesa
3,112,HellaSwag,mistral,51,52,in_attesa
3,112,HellaSwag,qwen2.5:14b,52,53,in_attesa
3,113,HumanEval,llama3.2,53,55,in_attesa
3,113,HumanEval,llama3.1,50,54,in_attesa
3,113,HumanEval,gemma2:27b,50,59,in_attesa
3,113,HumanEval,phi3:mini,52,56,in_attesa
3,113,HumanEval,qwen2.5:7b,51,56,in_attesa
3,113,HumanEval,mistral,51,57,in_attesa
3,113,HumanEval,qwen2.5:14b,51,60,in_attesa
3,114,HellaSwag,llama3.2,52,52,in_attesa
3,114,HellaSwag,llama3.1,52,53,in_attesa
3,114,HellaSwag,gemma2:27b,53,54,in_attesa
3,114,HellaSwag,phi3:mini,50,54,in_attesa
3,114,HellaSwag,qwen2.5:7b,53,53,in_attesa
3,114,HellaSwag,mistral,52,53,in_attesa
3,114,HellaSwag,qwen2.5:14b,53,54,in_attesa
3,115,HellaSwag,llama3.2,50,51,in_attesa
3,115,HellaSwag,llama3.1,51,53,in_attesa
3,115,HellaSwag,gemma2:27b,53,54,in_attesa
3,115,HellaSwag,phi3:mini,50,52,in_attesa
3,115,HellaSwag,qwen2.5:7b,52,53,in_attesa
3,115,HellaSwag,mistral,52,54,in_attesa
3,115,HellaSwag,qwen2.5:14b,50,53,in_attesa
3,116,HumanEval,llama3.2,53,55,in_attesa
3,116,HumanEval,llama3.1,50,56,in_attesa
3,116,HumanEval,gemma2:27b,51,58,in_attesa
3,116,HumanEval,phi3:mini,52,55,in_attesa
3,116,HumanEval,qwen2.5:7b,52,57,in_attesa
3,116,HumanEval,mistral,51,55,in_attesa
3,116,HumanEval,qwen2.5:14b,50,60,in_attesa
3,117,HumanEval,llama3.2,53,55,in_attesa
3,117,HumanEval,llama3.1,51,57,in_attesa
3,117,HumanEval,gemma2:27b,51,58,in_attesa
3,117,HumanEval,phi3:mini,52,56,in_attesa
3,117,HumanEval,qwen2.5:7b,52,56,in_attesa
3,117,HumanEval,mistral,52,55,in_attesa
3,117,HumanEval,qwen2.5:14b,50,61,in_attesa
3,118,HellaSwag,llama3.2,53,55,in_attesa
3,118,HellaSwag,llama3.1,51,53,in_attesa
3,118,HellaSwag,gemma2:27b,53,54,in_attesa
3,118,HellaSwag,phi3:mini,50,52,in_attesa
3,118,HellaSwag,qwen2.5:7b,52,52,in_attesa
3,118,HellaSwag,mistral,52,53,in_attesa
3,118,HellaSwag,qwen2.5:14b,53,53,in_attesa
3,119,HumanEval,llama3.2,53,54,in_attesa
3,119,HumanEval,llama3.1,50,57,in_attesa
3,119,HumanEval,gemma2:27b,51,60,in_attesa
3,119,HumanEval,phi3:mini,52,57,in_attesa
3,119,HumanEval,qwen2.5:7b,51,55,in_attesa
3,119,HumanEval,mistral,51,56,in_attesa
3,119,HumanEval,qwen2.5:14b,51,60,in_attesa
3,120,HumanEval,llama3.2,52,54,in_attesa
3,120,HumanEval,llama3.1,50,55,in_attesa
3,120,HumanEval,gemma2:27b,50,59,in_attesa
3,120,HumanEval,phi3:mini,52,56,in_attesa
3,120,HumanEval,qwen2.5:7b,52,55,in_attesa
3,120,HumanEval,mistral,51,53,in_attesa
3,120,HumanEval,qwen2.5:14b,53,60,in_attesa
3,121,HellaSwag,llama3.2,52,52,in_attesa
3,121,HellaSwag,llama3.1,52,53,in_attesa
3,121,HellaSwag,gemma2:27b,53,54,in_attesa
3,121,HellaSwag,phi3:mini,50,52,in_attesa
3,121,HellaSwag,qwen2.5:7b,52,52,in_attesa
3,121,HellaSwag,mistral,52,54,in_attesa
3,121,HellaSwag,qwen2.5:14b,53,54,in_attesa
3,122,GSM8K,llama3.2,50,54,in_attesa
3,122,GSM8K,llama3.1,52,56,in_attesa
3,122,GSM8K,gemma2:27b,51,59,in_attesa
3,122,GSM8K,phi3:mini,52,55,in_attesa
3,122,GSM8K,qwen2.5:7b,51,56,in_attesa
3,122,GSM8K,mistral,51,55,in_attesa
3,122,GSM8K,qwen2.5:14b,51,60,in_attesa
3,123,HellaSwag,llama3.2,52,53,in_attesa
3,123,HellaSwag,llama3.1,53,54,in_attesa
3,123,HellaSwag,gemma2:27b,50,53,in_attesa
3,123,HellaSwag,phi3:mini,53,54,in_attesa
3,123,HellaSwag,qwen2.5:7b,50,52,in_attesa
3,123,HellaSwag,mistral,52,52,in_attesa
3,123,HellaSwag,qwen2.5:14b,52,53,in_attesa
3,124,GSM8K,llama3.2,53,53,in_attesa
3,124,GSM8K,llama3.1,53,54,in_attesa
3,124,GSM8K,gemma2:27b,50,57,in_attesa
3,124,GSM8K,phi3:mini,53,56,in_attesa
3,124,GSM8K,qwen2.5:7b,52,56,in_attesa
3,124,GSM8K,mistral,51,55,in_attesa
3,124,GSM8K,qwen2.5:14b,50,59,in_attesa
3,125,HumanEval,llama3.2,52,55,in_attesa
3,125,HumanEval,llama3.1,50,54,in_attesa
3,125,HumanEval,gemma2:27b,50,58,in_attesa
3,125,HumanEval,phi3:mini,52,55,in_attesa
3,125,HumanEval,qwen2.5:7b,51,57,in_attesa
3,125,HumanEval,mistral,51,55,in_attesa
3,125,HumanEval,qwen2.5:14b,50,60,in_attesa
3,126,GSM8K,llama3.2,52,54,in_attesa
3,126,GSM8K,llama3.1,50,53,in_attesa
3,126,GSM8K,gemma2:27b,53,56,in_attesa
3,126,GSM8K,phi3:mini,52,56,in_attesa
3,126,GSM8K,qwen2.5:7b,51,54,in_attesa
3,126,GSM8K,mistral,50,53,in_attesa
3,126,GSM8K,qwen2.5:14b,53,58,in_attesa
3,127,GSM8K,llama3.2,53,55,in_attesa
3,127,GSM8K,llama3.1,51,54,in_attesa
3,127,GSM8K,gemma2:27b,50,57,in_attesa
3,127,GSM8K,phi3:mini,53,55,in_attesa
3,127,GSM8K,qwen2.5:7b,51,56,in_attesa
3,127,GSM8K,mistral,51,55,in_attesa
3,127,GSM8K,qwen2.5:14b,50,58,in_attesa
3,128,GSM8K,llama3.2,53,54,in_attesa
3,128,GSM8K,llama3.1,51,53,in_attesa
3,128,GSM8K,gemma2:27b,53,56,in_attesa
3,128,GSM8K,phi3:mini,52,55,in_attesa
3,128,GSM8K,qwen2.5:7b,51,55,in_attesa
3,128,GSM8K,mistral,51,54,in_attesa
3,128,GSM8K,qwen2.5:14b,50,57,in_attesa
3,129,GSM8K,llama3.2,52,55,in_attesa
3,129,GSM8K,llama3.1,50,55,in_attesa
3,129,GSM8K,gemma2:27b,50,59,in_attesa
3,129,GSM8K,phi3:mini,51,55,in_attesa
3,129,GSM8K,qwen2.5:7b,51,55,in_attesa
3,129,GSM8K,mistral,50,54,in_attesa
3,129,GSM8K,qwen2.5:14b,50,59,in_attesa
3,130,HellaSwag,llama3.2,53,54,in_attesa
3,130,HellaSwag,llama3.1,51,52,in_attesa
3,130,HellaSwag,gemma2:27b,52,54,in_attesa
3,130,HellaSwag,phi3:mini,49,50,in_attesa
3,130,HellaSwag,qwen2.5:7b,50,51,in_attesa
3,130,HellaSwag,mistral,51,52,in_attesa
3,130,HellaSwag,qwen2.5:14b,52,53,in_attesa
3,131,HumanEval,llama3.2,53,54,in_attesa
3,131,HumanEval,llama3.1,50,54,in_attesa
3,131,HumanEval,gemma2:27b,50,59,in_attesa
3,131,HumanEval,phi3:mini,51,55,in_attesa
3,131,HumanEval,qwen2.5:7b,51,56,in_attesa
3,131,HumanEval,mistral,51,55,in_attesa
3,131,HumanEval,qwen2.5:14b,50,59,in_attesa
3,132,GSM8K,llama3.2,51,54,in_attesa
3,132,GSM8K,llama3.1,49,54,in_attesa
3,132,GSM8K,gemma2:27b,50,57,in_attesa
3,132,GSM8K,phi3:mini,53,56,in_attesa
3,132,GSM8K,qwen2.5:7b,51,55,in_attesa
3,132,GSM8K,mistral,50,54,in_attesa
3,132,GSM8K,qwen2.5:14b,50,58,in_attesa
3,133,HumanEval,llama3.2,53,56,in_attesa
3,133,HumanEval,llama3.1,51,56,in_attesa
3,133,HumanEval,gemma2:27b,51,58,in_attesa
3,133,HumanEval,phi3:mini,51,55,in_attesa
3,133,HumanEval,qwen2.5:7b,51,57,in_attesa
3,133,HumanEval,mistral,52,56,in_attesa
3,133,HumanEval,qwen2.5:14b,51,61,in_attesa
3,134,GSM8K,llama3.2,52,54,in_attesa
3,134,GSM8K,llama3.1,50,54,in_attesa
3,134,GSM8K,gemma2:27b,53,58,in_attesa
3,134,GSM8K,phi3:mini,51,55,in_attesa
3,134,GSM8K,qwen2.5:7b,50,54,in_attesa
3,134,GSM8K,mistral,50,53,in_attesa
3,134,GSM8K,qwen2.5:14b,53,59,in_attesa
3,135,HumanEval,llama3.2,51,54,in_attesa
3,135,HumanEval,llama3.1,50,57,in_attesa
3,135,HumanEval,gemma2:27b,50,59,in_attesa
3,135,HumanEval,phi3:mini,51,55,in_attesa
3,135,HumanEval,qwen2.5:7b,51,55,in_attesa
3,135,HumanEval,mistral,51,54,in_attesa
3,135,HumanEval,qwen2.5:14b,50,60,in_attesa
3,136,HumanEval,llama3.2,53,55,in_attesa
3,136,HumanEval,llama3.1,51,54,in_attesa
3,136,HumanEval,gemma2:27b,50,58,in_attesa
3,136,HumanEval,phi3:mini,51,54,in_attesa
3,136,HumanEval,qwen2.5:7b,51,56,in_attesa
3,136,HumanEval,mistral,51,55,in_attesa
3,136,HumanEval,qwen2.5:14b,50,59,in_attesa
3,137,HumanEval,llama3.2,51,55,in_attesa
3,137,HumanEval,llama3.1,50,55,in_attesa
3,137,HumanEval,gemma2:27b,50,58,in_attesa
3,137,HumanEval,phi3:mini,51,55,in_attesa
3,137,HumanEval,qwen2.5:7b,51,55,in_attesa
3,137,HumanEval,mistral,51,55,in_attesa
3,137,HumanEval,qwen2.5:14b,50,60,in_attesa
3,138,GSM8K,llama3.2,52,54,in_attesa
3,138,GSM8K,llama3.1,50,53,in_attesa
3,138,GSM8K,gemma2:27b,53,56,in_attesa
3,138,GSM8K,phi3:mini,52,55,in_attesa
3,138,GSM8K,qwen2.5:7b,50,55,in_attesa
3,138,GSM8K,mistral,50,53,in_attesa
3,138,GSM8K,qwen2.5:14b,53,59,in_attesa
3,139,HellaSwag,llama3.2,53,54,in_attesa
3,139,HellaSwag,llama3.1,53,54,in_attesa
3,139,HellaSwag,gemma2:27b,50,54,in_attesa
3,139,HellaSwag,phi3:mini,50,50,in_attesa
3,139,HellaSwag,qwen2.5:7b,50,51,in_attesa
3,139,HellaSwag,mistral,51,52,in_attesa
3,139,HellaSwag,qwen2.5:14b,52,53,in_attesa
3,140,GSM8K,llama3.2,53,53,in_attesa
3,140,GSM8K,llama3.1,53,55,in_attesa
3,140,GSM8K,gemma2:27b,50,58,in_attesa
3,140,GSM8K,phi3:mini,53,55,in_attesa
3,140,GSM8K,qwen2.5:7b,52,55,in_attesa
3,140,GSM8K,mistral,51,55,in_attesa
3,140,GSM8K,qwen2.5:14b,50,57,in_attesa
3,141,HumanEval,llama3.2,52,55,in_attesa
3,141,HumanEval,llama3.1,50,56,in_attesa
3,141,HumanEval,gemma2:27b,51,59,in_attesa
3,141,HumanEval,phi3:mini,51,55,in_attesa
3,141,HumanEval,qwen2.5:7b,51,57,in_attesa
3,141,HumanEval,mistral,51,55,in_attesa
3,141,HumanEval,qwen2.5:14b,51,60,in_attesa
3,142,GSM8K,llama3.2,52,54,in_attesa
3,142,GSM8K,llama3.1,50,54,in_attesa
3,142,GSM8K,gemma2:27b,49,57,in_attesa
3,142,GSM8K,phi3:mini,53,55,in_attesa
3,142,GSM8K,qwen2.5:7b,52,56,in_attesa
3,142,GSM8K,mistral,51,54,in_attesa
3,142,GSM8K,qwen2.5:14b,50,58,in_attesa
3,143,GSM8K,llama3.2,53,56,in_attesa
3,143,GSM8K,llama3.1,51,56,in_attesa
3,143,GSM8K,gemma2:27b,51,59,in_attesa
3,143,GSM8K,phi3:mini,51,54,in_attesa
3,143,GSM8K,qwen2.5:7b,50,57,in_attesa
3,143,GSM8K,mistral,51,55,in_attesa
3,143,GSM8K,qwen2.5:14b,50,60,in_attesa
3,144,HellaSwag,llama3.2,53,53,in_attesa
3,144,HellaSwag,llama3.1,53,53,in_attesa
3,144,HellaSwag,gemma2:27b,53,54,in_attesa
3,144,HellaSwag,phi3:mini,50,51,in_attesa
3,144,HellaSwag,qwen2.5:7b,51,51,in_attesa
3,144,HellaSwag,mistral,51,52,in_attesa
3,144,HellaSwag,qwen2.5:14b,52,53,in_attesa
3,145,GSM8K,llama3.2,53,53,in_attesa
3,145,GSM8K,llama3.1,53,55,in_attesa
3,145,GSM8K,gemma2:27b,50,57,in_attesa
3,145,GSM8K,phi3:mini,52,56,in_attesa
3,145,GSM8K,qwen2.5:7b,52,56,in_attesa
3,145,GSM8K,mistral,51,55,in_attesa
3,145,GSM8K,qwen2.5:14b,50,60,in_attesa
3,146,HellaSwag,llama3.2,52,54,in_attesa
3,146,HellaSwag,llama3.1,50,53,in_attesa
3,146,HellaSwag,gemma2:27b,52,54,in_attesa
3,146,HellaSwag,phi3:mini,49,53,in_attesa
3,146,HellaSwag,qwen2.5:7b,53,51,in_attesa
3,146,HellaSwag,mistral,51,53,in_attesa
3,146,HellaSwag,qwen2.5:14b,52,53,in_attesa
3,147,HumanEval,llama3.2,53,55,in_attesa
3,147,HumanEval,llama3.1,50,55,in_attesa
3,147,HumanEval,gemma2:27b,51,57,in_attesa
3,147,HumanEval,phi3:mini,53,57,in_attesa
3,147,HumanEval,qwen2.5:7b,52,58,in_attesa
3,147,HumanEval,mistral,52,55,in_attesa
3,147,HumanEval,qwen2.5:14b,51,59,in_attesa
3,148,GSM8K,llama3.2,51,53,in_attesa
3,148,GSM8K,llama3.1,53,54,in_attesa
3,148,GSM8K,gemma2:27b,50,58,in_attesa
3,148,GSM8K,phi3:mini,51,55,in_attesa
3,148,GSM8K,qwen2.5:7b,50,56,in_attesa
3,148,GSM8K,mistral,51,55,in_attesa
3,148,GSM8K,qwen2.5:14b,51,60,in_attesa
3,149,HumanEval,llama3.2,52,56,in_attesa
3,149,HumanEval,llama3.1,51,56,in_attesa
3,149,HumanEval,gemma2:27b,51,58,in_attesa
3,149,HumanEval,phi3:mini,52,55,in_attesa
3,149,HumanEval,qwen2.5:7b,51,56,in_attesa
3,149,HumanEval,mistral,51,56,in_attesa
3,149,HumanEval,qwen2.5:14b,51,60,in_attesa
3,150,HellaSwag,llama3.2,52,52,in_attesa
3,150,HellaSwag,llama3.1,52,53,in_attesa
3,150,HellaSwag,gemma2:27b,53,54,in_attesa
3,150,HellaSwag,phi3:mini,50,53,in_attesa
3,150,HellaSwag,qwen2.5:7b,53,52,in_attesa
3,150,HellaSwag,mistral,52,53,in_attesa
3,150,HellaSwag,qwen2.5:14b,53,53,in_attesa
3,151,HumanEval,llama3.2,53,54,in_attesa
3,151,HumanEval,llama3.1,50,55,in_attesa
3,151,HumanEval,gemma2:27b,50,58,in_attesa
3,151,HumanEval,phi3:mini,51,53,in_attesa
3,151,HumanEval,qwen2.5:7b,53,56,in_attesa
3,151,HumanEval,mistral,51,55,in_attesa
3,151,HumanEval,qwen2.5:14b,50,59,in_attesa
3,152,GSM8K,llama3.2,51,54,in_attesa
3,152,GSM8K,llama3.1,50,54,in_attesa
3,152,GSM8K,gemma2:27b,49,57,in_attesa
3,152,GSM8K,phi3:mini,53,56,in_attesa
3,152,GSM8K,qwen2.5:7b,52,55,in_attesa
3,152,GSM8K,mistral,51,54,in_attesa
3,152,GSM8K,qwen2.5:14b,50,59,in_attesa
3,153,HumanEval,llama3.2,53,56,in_attesa
3,153,HumanEval,llama3.1,51,57,in_attesa
3,153,HumanEval,gemma2:27b,51,58,in_attesa
3,153,HumanEval,phi3:mini,51,55,in_attesa
3,153,HumanEval,qwen2.5:7b,50,56,in_attesa
3,153,HumanEval,mistral,51,55,in_attesa
3,153,HumanEval,qwen2.5:14b,50,60,in_attesa
3,154,GSM8K,llama3.2,52,55,in_attesa
3,154,GSM8K,llama3.1,50,55,in_attesa
3,154,GSM8K,gemma2:27b,50,58,in_attesa
3,154,GSM8K,phi3:mini,51,55,in_attesa
3,154,GSM8K,qwen2.5:7b,50,54,in_attesa
3,154,GSM8K,mistral,50,53,in_attesa
3,154,GSM8K,qwen2.5:14b,53,59,in_attesa
3,155,HumanEval,llama3.2,51,55,in_attesa
3,155,HumanEval,llama3.1,51,54,in_attesa
3,155,HumanEval,gemma2:27b,50,59,in_attesa
3,155,HumanEval,phi3:mini,52,56,in_attesa
3,155,HumanEval,qwen2.5:7b,51,55,in_attesa
3,155,HumanEval,mistral,50,55,in_attesa
3,155,HumanEval,qwen2.5:14b,50,60,in_attesa
3,156,HellaSwag,llama3.2,52,53,in_attesa
3,156,HellaSwag,llama3.1,52,53,in_attesa
3,156,HellaSwag,gemma2:27b,53,54,in_attesa
3,156,HellaSwag,phi3:mini,50,51,in_attesa
3,156,HellaSwag,qwen2.5:7b,51,52,in_attesa
3,156,HellaSwag,mistral,51,52,in_attesa
3,156,HellaSwag,qwen2.5:14b,52,53,in_attesa
3,157,GSM8K,llama3.2,53,53,in_attesa
3,157,GSM8K,llama3.1,53,54,in_attesa
3,157,GSM8K,gemma2:27b,50,56,in_attesa
3,157,GSM8K,phi3:mini,52,56,in_attesa
3,157,GSM8K,qwen2.5:7b,51,56,in_attesa
3,157,GSM8K,mistral,50,53,in_attesa
3,157,GSM8K,qwen2.5:14b,53,59,in_attesa
3,158,GSM8K,llama3.2,53,54,in_attesa
3,158,GSM8K,llama3.1,51,53,in_attesa
3,158,GSM8K,gemma2:27b,53,57,in_attesa
3,158,GSM8K,phi3:mini,53,54,in_attesa
3,158,GSM8K,qwen2.5:7b,51,55,in_attesa
3,158,GSM8K,mistral,51,54,in_attesa
3,158,GSM8K,qwen2.5:14b,50,58,in_attesa
3,159,HellaSwag,llama3.2,53,54,in_attesa
3,159,HellaSwag,llama3.1,53,54,in_attesa
3,159,HellaSwag,gemma2:27b,53,55,in_attesa
3,159,HellaSwag,phi3:mini,50,53,in_attesa
3,159,HellaSwag,qwen2.5:7b,53,52,in_attesa
3,159,HellaSwag,mistral,52,53,in_attesa
3,159,HellaSwag,qwen2.5:14b,53,53,in_attesa
3,160,GSM8K,llama3.2,53,53,in_attesa
3,160,GSM8K,llama3.1,53,55,in_attesa
3,160,GSM8K,gemma2:27b,50,57,in_attesa
3,160,GSM8K,phi3:mini,53,55,in_attesa
3,160,GSM8K,qwen2.5:7b,51,55,in_attesa
3,160,GSM8K,mistral,51,54,in_attesa
3,160,GSM8K,qwen2.5:14b,50,59,in_attesa
3,161,HumanEval,llama3.2,53,55,in_attesa
3,161,HumanEval,llama3.1,51,56,in_attesa
3,161,HumanEval,gemma2:27b,51,58,in_attesa
3,161,HumanEval,phi3:mini,53,58,in_attesa
3,161,HumanEval,qwen2.5:7b,52,57,in_attesa
3,161,HumanEval,mistral,52,55,in_attesa
3,161,HumanEval,qwen2.5:14b,50,59,in_attesa
3,162,HumanEval,llama3.2,53,56,in_attesa
3,162,HumanEval,llama3.1,51,57,in_attesa
3,162,HumanEval,gemma2:27b,51,59,in_attesa
3,162,HumanEval,phi3:mini,51,55,in_attesa
3,162,HumanEval,qwen2.5:7b,51,56,in_attesa
3,162,HumanEval,mistral,51,55,in_attesa
3,162,HumanEval,qwen2.5:14b,50,59,in_attesa
3,163,HellaSwag,llama3.2,52,52,in_attesa
3,163,HellaSwag,llama3.1,52,52,in_attesa
3,163,HellaSwag,gemma2:27b,52,54,in_attesa
3,163,HellaSwag,phi3:mini,50,52,in_attesa
3,163,HellaSwag,qwen2.5:7b,52,51,in_attesa
3,163,HellaSwag,mistral,51,53,in_attesa
3,163,HellaSwag,qwen2.5:14b,52,53,in_attesa
3,164,HumanEval,llama3.2,53,53,in_attesa
3,164,HumanEval,llama3.1,53,55,in_attesa
3,164,HumanEval,gemma2:27b,50,58,in_attesa
3,164,HumanEval,phi3:mini,51,54,in_attesa
3,164,HumanEval,qwen2.5:7b,51,55,in_attesa
3,164,HumanEval,mistral,50,54,in_attesa
3,164,HumanEval,qwen2.5:14b,49,60,in_attesa
3,165,GSM8K,llama3.2,52,54,in_attesa
3,165,GSM8K,llama3.1,50,53,in_attesa
3,165,GSM8K,gemma2:27b,53,56,in_attesa
3,165,GSM8K,phi3:mini,52,56,in_attesa
3,165,GSM8K,qwen2.5:7b,51,54,in_attesa
3,165,GSM8K,mistral,50,55,in_attesa
3,165,GSM8K,qwen2.5:14b,50,58,in_attesa
3,166,HumanEval,llama3.2,53,56,in_attesa
3,166,HumanEval,llama3.1,51,54,in_attesa
3,166,HumanEval,gemma2:27b,50,57,in_attesa
3,166,HumanEval,phi3:mini,52,55,in_attesa
3,166,HumanEval,qwen2.5:7b,51,54,in_attesa
3,166,HumanEval,mistral,50,53,in_attesa
3,166,HumanEval,qwen2.5:14b,53,60,in_attesa
3,167,HellaSwag,llama3.2,52,53,in_attesa
3,167,HellaSwag,llama3.1,53,53,in_attesa
3,167,HellaSwag,gemma2:27b,53,54,in_attesa
3,167,HellaSwag,phi3:mini,50,53,in_attesa
3,167,HellaSwag,qwen2.5:7b,53,52,in_attesa
3,167,HellaSwag,mistral,52,52,in_attesa
3,167,HellaSwag,qwen2.5:14b,52,53,in_attesa
3,168,HellaSwag,llama3.2,53,51,in_attesa
3,168,HellaSwag,llama3.1,51,53,in_attesa
3,168,HellaSwag,gemma2:27b,53,54,in_attesa
3,168,HellaSwag,phi3:mini,50,53,in_attesa
3,168,HellaSwag,qwen2.5:7b,52,52,in_attesa
3,168,HellaSwag,mistral,52,53,in_attesa
3,168,HellaSwag,qwen2.5:14b,52,53,in_attesa
3,169,HumanEval,llama3.2,53,55,in_attesa
3,169,HumanEval,llama3.1,50,55,in_attesa
3,169,HumanEval,gemma2:27b,51,55,in_attesa
3,169,HumanEval,phi3:mini,51,55,in_attesa
3,169,HumanEval,qwen2.5:7b,51,56,in_attesa
3,169,HumanEval,mistral,51,55,in_attesa
3,169,HumanEval,qwen2.5:14b,51,60,in_attesa
3,170,HellaSwag,llama3.2,52,53,in_attesa
3,170,HellaSwag,llama3.1,53,53,in_attesa
3,170,HellaSwag,gemma2:27b,53,54,in_attesa
3,170,HellaSwag,phi3:mini,50,53,in_attesa
3,170,HellaSwag,qwen2.5:7b,52,52,in_attesa
3,170,HellaSwag,mistral,52,53,in_attesa
3,170,HellaSwag,qwen2.5:14b,53,53,in_attesa
3,171,GSM8K,llama3.2,53,54,in_attesa
3,171,GSM8K,llama3.1,50,53,in_attesa
3,171,GSM8K,gemma2:27b,53,58,in_attesa
3,171,GSM8K,phi3:mini,53,54,in_attesa
3,171,GSM8K,qwen2.5:7b,51,55,in_attesa
3,171,GSM8K,mistral,51,54,in_attesa
3,171,GSM8K,qwen2.5:14b,50,59,in_attesa
3,172,GSM8K,llama3.2,51,53,in_attesa
3,172,GSM8K,llama3.1,53,55,in_attesa
3,172,GSM8K,gemma2:27b,50,58,in_attesa
3,172,GSM8K,phi3:mini,53,55,in_attesa
3,172,GSM8K,qwen2.5:7b,52,56,in_attesa
3,172,GSM8K,mistral,51,55,in_attesa
3,172,GSM8K,qwen2.5:14b,50,59,in_attesa
3,173,HumanEval,llama3.2,51,55,in_attesa
3,173,HumanEval,llama3.1,50,56,in_attesa
3,173,HumanEval,gemma2:27b,50,56,in_attesa
3,173,HumanEval,phi3:mini,52,55,in_attesa
3,173,HumanEval,qwen2.5:7b,52,56,in_attesa
3,173,HumanEval,mistral,52,55,in_attesa
3,173,HumanEval,qwen2.5:14b,50,60,in_attesa
3,174,GSM8K,llama3.2,52,55,in_attesa
3,174,GSM8K,llama3.1,50,54,in_attesa
3,174,GSM8K,gemma2:27b,49,57,in_attesa
3,174,GSM8K,phi3:mini,53,55,in_attesa
3,174,GSM8K,qwen2.5:7b,51,55,in_attesa
3,174,GSM8K,mistral,51,54,in_attesa
3,174,GSM8K,qwen2.5:14b,50,58,in_attesa
3,175,HellaSwag,llama3.2,53,54,in_attesa
3,175,HellaSwag,llama3.1,50,52,in_attesa
3,175,HellaSwag,gemma2:27b,52,54,in_attesa
3,175,HellaSwag,phi3:mini,49,52,in_attesa
3,175,HellaSwag,qwen2.5:7b,51,52,in_attesa
3,175,HellaSwag,mistral,52,53,in_attesa
3,175,HellaSwag,qwen2.5:14b,53,53,in_attesa
3,176,HellaSwag,llama3.2,53,52,in_attesa
3,176,HellaSwag,llama3.1,51,52,in_attesa
3,176,HellaSwag,gemma2:27b,52,54,in_attesa
3,176,HellaSwag,phi3:mini,50,51,in_attesa
3,176,HellaSwag,qwen2.5:7b,51,52,in_attesa
3,176,HellaSwag,mistral,52,52,in_attesa
3,176,HellaSwag,qwen2.5:14b,52,53,in_attesa
3,177,HellaSwag,llama3.2,53,52,in_attesa
3,177,HellaSwag,llama3.1,52,54,in_attesa
3,177,HellaSwag,gemma2:27b,53,55,in_attesa
3,177,HellaSwag,phi3:mini,50,51,in_attesa
3,177,HellaSwag,qwen2.5:7b,51,52,in_attesa
3,177,HellaSwag,mistral,52,52,in_attesa
3,177,HellaSwag,qwen2.5:14b,52,53,in_attesa
3,178,HumanEval,llama3.2,53,54,in_attesa
3,178,HumanEval,llama3.1,50,55,in_attesa
3,178,HumanEval,gemma2:27b,51,58,in_attesa
3,178,HumanEval,phi3:mini,53,57,in_attesa
3,178,HumanEval,qwen2.5:7b,52,57,in_attesa
3,178,HumanEval,mistral,52,55,in_attesa
3,178,HumanEval,qwen2.5:14b,50,60,in_attesa
3,179,GSM8K,llama3.2,52,55,in_attesa
3,179,GSM8K,llama3.1,50,53,in_attesa
3,179,GSM8K,gemma2:27b,53,58,in_attesa
3,179,GSM8K,phi3:mini,53,56,in_attesa
3,179,GSM8K,qwen2.5:7b,52,56,in_attesa
3,179,GSM8K,mistral,51,54,in_attesa
3,179,GSM8K,qwen2.5:14b,50,59,in_attesa
3,180,HumanEval,llama3.2,51,54,in_attesa
3,180,HumanEval,llama3.1,50,54,in_attesa
3,180,HumanEval,gemma2:27b,50,58,in_attesa
3,180,HumanEval,phi3:mini,53,58,in_attesa
3,180,HumanEval,qwen2.5:7b,51,56,in_attesa
3,180,HumanEval,mistral,51,54,in_attesa
3,180,HumanEval,qwen2.5:14b,50,55,in_attesa
3,181,HellaSwag,llama3.2,51,52,in_attesa
3,181,HellaSwag,llama3.1,51,53,in_attesa
3,181,HellaSwag,gemma2:27b,52,54,in_attesa
3,181,HellaSwag,phi3:mini,50,52,in_attesa
3,181,HellaSwag,qwen2.5:7b,52,52,in_attesa
3,181,HellaSwag,mistral,52,53,in_attesa
3,181,HellaSwag,qwen2.5:14b,53,55,in_attesa
3,182,HellaSwag,llama3.2,50,51,in_attesa
3,182,HellaSwag,llama3.1,51,54,in_attesa
3,182,HellaSwag,gemma2:27b,53,54,in_attesa
3,182,HellaSwag,phi3:mini,50,51,in_attesa
3,182,HellaSwag,qwen2.5:7b,51,52,in_attesa
3,182,HellaSwag,mistral,52,53,in_attesa
3,182,HellaSwag,qwen2.5:14b,53,54,in_attesa
3,183,HellaSwag,llama3.2,53,52,in_attesa
3,183,HellaSwag,llama3.1,52,53,in_attesa
3,183,HellaSwag,gemma2:27b,53,54,in_attesa
3,183,HellaSwag,phi3:mini,50,53,in_attesa
3,183,HellaSwag,qwen2.5:7b,53,52,in_attesa
3,183,HellaSwag,mistral,52,54,in_attesa
3,183,HellaSwag,qwen2.5:14b,52,53,in_attesa
3,184,HellaSwag,llama3.2,53,52,in_attesa
3,184,HellaSwag,llama3.1,52,53,in_attesa
3,184,HellaSwag,gemma2:27b,53,54,in_attesa
3,184,HellaSwag,phi3:mini,50,52,in_attesa
3,184,HellaSwag,qwen2.5:7b,52,52,in_attesa
3,184,HellaSwag,mistral,52,52,in_attesa
3,184,HellaSwag,qwen2.5:14b,52,53,in_attesa
3,185,HellaSwag,llama3.2,53,52,in_attesa
3,185,HellaSwag,llama3.1,52,53,in_attesa
3,185,HellaSwag,gemma2:27b,52,54,in_attesa
3,185,HellaSwag,phi3:mini,50,52,in_attesa
3,185,HellaSwag,qwen2.5:7b,52,52,in_attesa
3,185,HellaSwag,mistral,51,54,in_attesa
3,185,HellaSwag,qwen2.5:14b,53,53,in_attesa
3,186,HellaSwag,llama3.2,53,53,in_attesa
3,186,HellaSwag,llama3.1,53,53,in_attesa
3,186,HellaSwag,gemma2:27b,53,54,in_attesa
3,186,HellaSwag,phi3:mini,50,54,in_attesa
3,186,HellaSwag,qwen2.5:7b,53,52,in_attesa
3,186,HellaSwag,mistral,52,54,in_attesa
3,186,HellaSwag,qwen2.5:14b,50,52,in_attesa
3,187,HumanEval,llama3.2,52,55,in_attesa
3,187,HumanEval,llama3.1,49,54,in_attesa
3,187,HumanEval,gemma2:27b,53,59,in_attesa
3,187,HumanEval,phi3:mini,51,56,in_attesa
3,187,HumanEval,qwen2.5:7b,51,55,in_attesa
3,187,HumanEval,mistral,51,55,in_attesa
3,187,HumanEval,qwen2.5:14b,50,60,in_attesa
3,188,GSM8K,llama3.2,52,54,in_attesa
3,188,GSM8K,llama3.1,50,55,in_attesa
3,188,GSM8K,gemma2:27b,50,58,in_attesa
3,188,GSM8K,phi3:mini,53,56,in_attesa
3,188,GSM8K,qwen2.5:7b,51,56,in_attesa
3,188,GSM8K,mistral,52,55,in_attesa
3,188,GSM8K,qwen2.5:14b,51,60,in_attesa
3,189,GSM8K,llama3.2,52,54,in_attesa
3,189,GSM8K,llama3.1,50,53,in_attesa
3,189,GSM8K,gemma2:27b,53,57,in_attesa
3,189,GSM8K,phi3:mini,53,56,in_attesa
3,189,GSM8K,qwen2.5:7b,51,54,in_attesa
3,189,GSM8K,mistral,50,54,in_attesa
3,189,GSM8K,qwen2.5:14b,53,60,in_attesa
3,190,GSM8K,llama3.2,51,53,in_attesa
3,190,GSM8K,llama3.1,53,54,in_attesa
3,190,GSM8K,gemma2:27b,49,57,in_attesa
3,190,GSM8K,phi3:mini,53,56,in_attesa
3,190,GSM8K,qwen2.5:7b,51,55,in_attesa
3,190,GSM8K,mistral,50,54,in_attesa
3,190,GSM8K,qwen2.5:14b,49,58,in_attesa
3,191,HellaSwag,llama3.2,53,53,in_attesa
3,191,HellaSwag,llama3.1,53,53,in_attesa
3,191,HellaSwag,gemma2:27b,53,54,in_attesa
3,191,HellaSwag,phi3:mini,50,52,in_attesa
3,191,HellaSwag,qwen2.5:7b,52,52,in_attesa
3,191,HellaSwag,mistral,52,53,in_attesa
3,191,HellaSwag,qwen2.5:14b,53,53,in_attesa
3,192,HellaSwag,llama3.2,53,52,in_attesa
3,192,HellaSwag,llama3.1,52,52,in_attesa
3,192,HellaSwag,gemma2:27b,52,54,in_attesa
3,192,HellaSwag,phi3:mini,49,52,in_attesa
3,192,HellaSwag,qwen2.5:7b,52,52,in_attesa
3,192,HellaSwag,mistral,52,53,in_attesa
3,192,HellaSwag,qwen2.5:14b,53,53,in_attesa
3,193,HumanEval,llama3.2,53,55,in_attesa
3,193,HumanEval,llama3.1,50,56,in_attesa
3,193,HumanEval,gemma2:27b,51,57,in_attesa
3,193,HumanEval,phi3:mini,53,56,in_attesa
3,193,HumanEval,qwen2.5:7b,52,56,in_attesa
3,193,HumanEval,mistral,52,55,in_attesa
3,193,HumanEval,qwen2.5:14b,50,60,in_attesa
3,194,HellaSwag,llama3.2,52,53,in_attesa
3,194,HellaSwag,llama3.1,53,54,in_attesa
3,194,HellaSwag,gemma2:27b,50,53,in_attesa
3,194,HellaSwag,phi3:mini,53,54,in_attesa
3,194,HellaSwag,qwen2.5:7b,50,51,in_attesa
3,194,HellaSwag,mistral,51,52,in_attesa
3,194,HellaSwag,qwen2.5:14b,52,53,in_attesa
3,195,HellaSwag,llama3.2,52,51,in_attesa
3,195,HellaSwag,llama3.1,51,52,in_attesa
3,195,HellaSwag,gemma2:27b,52,53,in_attesa
3,195,HellaSwag,phi3:mini,53,54,in_attesa
3,195,HellaSwag,qwen2.5:7b,53,53,in_attesa
3,195,HellaSwag,mistral,52,53,in_attesa
3,195,HellaSwag,qwen2.5:14b,53,54,in_attesa
3,196,HellaSwag,llama3.2,50,51,in_attesa
3,196,HellaSwag,llama3.1,51,51,in_attesa
3,196,HellaSwag,gemma2:27b,51,53,in_attesa
3,196,HellaSwag,phi3:mini,53,52,in_attesa
3,196,HellaSwag,qwen2.5:7b,51,53,in_attesa
3,196,HellaSwag,mistral,52,53,in_attesa
3,196,HellaSwag,qwen2.5:14b,53,54,in_attesa
3,197,HumanEval,llama3.2,50,54,in_attesa
3,197,HumanEval,llama3.1,53,57,in_attesa
3,197,HumanEval,gemma2:27b,51,58,in_attesa
3,197,HumanEval,phi3:mini,53,57,in_attesa
3,197,HumanEval,qwen2.5:7b,52,56,in_attesa
3,197,HumanEval,mistral,52,55,in_attesa
3,197,HumanEval,qwen2.5:14b,51,58,in_attesa
3,198,HumanEval,llama3.2,51,54,in_attesa
3,198,HumanEval,llama3.1,49,53,in_attesa
3,198,HumanEval,gemma2:27b,53,57,in_attesa
3,198,HumanEval,phi3:mini,52,54,in_attesa
3,198,HumanEval,qwen2.5:7b,50,56,in_attesa
3,198,HumanEval,mistral,51,55,in_attesa
3,198,HumanEval,qwen2.5:14b,50,58,in_attesa
3,199,HellaSwag,llama3.2,53,53,in_attesa
3,199,HellaSwag,llama3.1,53,54,in_attesa
3,199,HellaSwag,gemma2:27b,50,53,in_attesa
3,199,HellaSwag,phi3:mini,53,52,in_attesa
3,199,HellaSwag,qwen2.5:7b,52,53,in_attesa
3,199,HellaSwag,mistral,53,54,in_attesa
3,199,HellaSwag,qwen2.5:14b,49,52,in_attesa
3,200,GSM8K,llama3.2,52,53,in_attesa
3,200,GSM8K,llama3.1,53,53,in_attesa
3,200,GSM8K,gemma2:27b,53,55,in_attesa
3,200,GSM8K,phi3:mini,51,55,in_attesa
3,200,GSM8K,qwen2.5:7b,52,54,in_attesa
3,200,GSM8K,mistral,50,53,in_attesa
3,200,GSM8K,qwen2.5:14b,53,57,in_attesa
3,201,HumanEval,llama3.2,51,55,in_attesa
3,201,HumanEval,llama3.1,50,56,in_attesa
3,201,HumanEval,gemma2:27b,51,57,in_attesa
3,201,HumanEval,phi3:mini,53,56,in_attesa
3,201,HumanEval,qwen2.5:7b,51,57,in_attesa
3,201,HumanEval,mistral,51,55,in_attesa
3,201,HumanEval,qwen2.5:14b,50,60,in_attesa
3,202,HumanEval,llama3.2,52,55,in_attesa
3,202,HumanEval,llama3.1,50,56,in_attesa
3,202,HumanEval,gemma2:27b,51,58,in_attesa
3,202,HumanEval,phi3:mini,51,55,in_attesa
3,202,HumanEval,qwen2.5:7b,51,56,in_attesa
3,202,HumanEval,mistral,50,54,in_attesa
3,202,HumanEval,qwen2.5:14b,50,58,in_attesa
3,203,HellaSwag,llama3.2,53,53,in_attesa
3,203,HellaSwag,llama3.1,53,54,in_attesa
3,203,HellaSwag,gemma2:27b,53,55,in_attesa
3,203,HellaSwag,phi3:mini,50,53,in_attesa
3,203,HellaSwag,qwen2.5:7b,53,53,in_attesa
3,203,HellaSwag,mistral,52,54,in_attesa
3,203,HellaSwag,qwen2.5:14b,49,52,in_attesa
3,204,GSM8K,llama3.2,52,52,in_attesa
3,204,GSM8K,llama3.1,52,54,in_attesa
3,204,GSM8K,gemma2:27b,49,57,in_attesa
3,204,GSM8K,phi3:mini,52,55,in_attesa
3,204,GSM8K,qwen2.5:7b,51,54,in_attesa
3,204,GSM8K,mistral,50,54,in_attesa
3,204,GSM8K,qwen2.5:14b,49,58,in_attesa
3,205,GSM8K,llama3.2,53,54,in_attesa
3,205,GSM8K,llama3.1,51,54,in_attesa
3,205,GSM8K,gemma2:27b,53,57,in_attesa
3,205,GSM8K,phi3:mini,52,55,in_attesa
3,205,GSM8K,qwen2.5:7b,51,54,in_attesa
3,205,GSM8K,mistral,50,53,in_attesa
3,205,GSM8K,qwen2.5:14b,53,59,in_attesa
3,206,HumanEval,llama3.2,53,56,in_attesa
3,206,HumanEval,llama3.1,51,57,in_attesa
3,206,HumanEval,gemma2:27b,51,58,in_attesa
3,206,HumanEval,phi3:mini,51,55,in_attesa
3,206,HumanEval,qwen2.5:7b,51,57,in_attesa
3,206,HumanEval,mistral,52,57,in_attesa
3,206,HumanEval,qwen2.5:14b,51,60,in_attesa
3,207,GSM8K,llama3.2,52,54,in_attesa
3,207,GSM8K,llama3.1,50,54,in_attesa
3,207,GSM8K,gemma2:27b,50,57,in_attesa
3,207,GSM8K,phi3:mini,52,55,in_attesa
3,207,GSM8K,qwen2.5:7b,51,56,in_attesa
3,207,GSM8K,mistral,51,54,in_attesa
3,207,GSM8K,qwen2.5:14b,49,59,in_attesa
3,208,HellaSwag,llama3.2,51,52,in_attesa
3,208,HellaSwag,llama3.1,52,53,in_attesa
3,208,HellaSwag,gemma2:27b,53,54,in_attesa
3,208,HellaSwag,phi3:mini,50,51,in_attesa
3,208,HellaSwag,qwen2.5:7b,51,52,in_attesa
3,208,HellaSwag,mistral,52,53,in_attesa
3,208,HellaSwag,qwen2.5:14b,53,53,in_attesa
3,209,HellaSwag,llama3.2,53,51,in_attesa
3,209,HellaSwag,llama3.1,51,52,in_attesa
3,209,HellaSwag,gemma2:27b,52,54,in_attesa
3,209,HellaSwag,phi3:mini,49,50,in_attesa
3,209,HellaSwag,qwen2.5:7b,50,52,in_attesa
3,209,HellaSwag,mistral,52,53,in_attesa
3,209,HellaSwag,qwen2.5:14b,53,53,in_attesa
3,210,GSM8K,llama3.2,53,54,in_attesa
3,210,GSM8K,llama3.1,49,54,in_attesa
3,210,GSM8K,gemma2:27b,49,57,in_attesa
3,210,GSM8K,phi3:mini,52,56,in_attesa
3,210,GSM8K,qwen2.5:7b,51,55,in_attesa
3,210,GSM8K,mistral,51,54,in_attesa
3,210,GSM8K,qwen2.5:14b,50,58,in_attesa
3,211,HellaSwag,llama3.2,53,52,in_attesa
3,211,HellaSwag,llama3.1,52,53,in_attesa
3,211,HellaSwag,gemma2:27b,53,54,in_attesa
3,211,HellaSwag,phi3:mini,50,53,in_attesa
3,211,HellaSwag,qwen2.5:7b,52,52,in_attesa
3,211,HellaSwag,mistral,52,53,in_attesa
3,211,HellaSwag,qwen2.5:14b,53,53,in_attesa
3,212,GSM8K,llama3.2,53,53,in_attesa
3,212,GSM8K,llama3.1,53,53,in_attesa
3,212,GSM8K,gemma2:27b,53,56,in_attesa
3,212,GSM8K,phi3:mini,52,54,in_attesa
3,212,GSM8K,qwen2.5:7b,50,54,in_attesa
3,212,GSM8K,mistral,50,53,in_attesa
3,212,GSM8K,qwen2.5:14b,53,59,in_attesa
3,213,HumanEval,llama3.2,53,57,in_attesa
3,213,HumanEval,llama3.1,51,56,in_attesa
3,213,HumanEval,gemma2:27b,51,54,in_attesa
3,213,HumanEval,phi3:mini,51,53,in_attesa
3,213,HumanEval,qwen2.5:7b,53,56,in_attesa
3,213,HumanEval,mistral,51,53,in_attesa
3,213,HumanEval,qwen2.5:14b,53,60,in_attesa
3,214,HumanEval,llama3.2,52,56,in_attesa
3,214,HumanEval,llama3.1,50,57,in_attesa
3,214,HumanEval,gemma2:27b,50,58,in_attesa
3,214,HumanEval,phi3:mini,53,57,in_attesa
3,214,HumanEval,qwen2.5:7b,51,56,in_attesa
3,214,HumanEval,mistral,51,56,in_attesa
3,214,HumanEval,qwen2.5:14b,51,60,in_attesa
3,215,HellaSwag,llama3.2,52,53,in_attesa
3,215,HellaSwag,llama3.1,53,53,in_attesa
3,215,HellaSwag,gemma2:27b,53,54,in_attesa
3,215,HellaSwag,phi3:mini,50,53,in_attesa
3,215,HellaSwag,qwen2.5:7b,53,51,in_attesa
3,215,HellaSwag,mistral,51,52,in_attesa
3,215,HellaSwag,qwen2.5:14b,52,53,in_attesa
3,216,GSM8K,llama3.2,53,53,in_attesa
3,216,GSM8K,llama3.1,53,54,in_attesa
3,216,GSM8K,gemma2:27b,50,57,in_attesa
3,216,GSM8K,phi3:mini,53,57,in_attesa
3,216,GSM8K,qwen2.5:7b,52,56,in_attesa
3,216,GSM8K,mistral,51,55,in_attesa
3,216,GSM8K,qwen2.5:14b,50,57,in_attesa
3,217,HumanEval,llama3.2,52,56,in_attesa
3,217,HumanEval,llama3.1,50,55,in_attesa
3,217,HumanEval,gemma2:27b,51,57,in_attesa
3,217,HumanEval,phi3:mini,53,57,in_attesa
3,217,HumanEval,qwen2.5:7b,52,57,in_attesa
3,217,HumanEval,mistral,51,54,in_attesa
3,217,HumanEval,qwen2.5:14b,49,59,in_attesa
3,218,HellaSwag,llama3.2,51,51,in_attesa
3,218,HellaSwag,llama3.1,51,53,in_attesa
3,218,HellaSwag,gemma2:27b,52,54,in_attesa
3,218,HellaSwag,phi3:mini,50,52,in_attesa
3,218,HellaSwag,qwen2.5:7b,52,52,in_attesa
3,218,HellaSwag,mistral,52,52,in_attesa
3,218,HellaSwag,qwen2.5:14b,52,53,in_attesa
3,219,HumanEval,llama3.2,53,56,in_attesa
3,219,HumanEval,llama3.1,50,54,in_attesa
3,219,HumanEval,gemma2:27b,50,58,in_attesa
3,219,HumanEval,phi3:mini,51,54,in_attesa
3,219,HumanEval,qwen2.5:7b,50,56,in_attesa
3,219,HumanEval,mistral,50,53,in_attesa
3,219,HumanEval,qwen2.5:14b,53,60,in_attesa
3,220,GSM8K,llama3.2,52,53,in_attesa
3,220,GSM8K,llama3.1,53,55,in_attesa
3,220,GSM8K,gemma2:27b,50,55,in_attesa
3,220,GSM8K,phi3:mini,51,53,in_attesa
3,220,GSM8K,qwen2.5:7b,53,54,in_attesa
3,220,GSM8K,mistral,50,54,in_attesa
3,220,GSM8K,qwen2.5:14b,49,57,in_attesa
3,221,HellaSwag,llama3.2,52,52,in_attesa
3,221,HellaSwag,llama3.1,52,53,in_attesa
3,221,HellaSwag,gemma2:27b,53,54,in_attesa
3,221,HellaSwag,phi3:mini,50,52,in_attesa
3,221,HellaSwag,qwen2.5:7b,52,52,in_attesa
3,221,HellaSwag,mistral,52,53,in_attesa
3,221,HellaSwag,qwen2.5:14b,53,53,in_attesa
3,222,HellaSwag,llama3.2,53,53,in_attesa
3,222,HellaSwag,llama3.1,53,53,in_attesa
3,222,HellaSwag,gemma2:27b,53,54,in_attesa
3,222,HellaSwag,phi3:mini,50,52,in_attesa
3,222,HellaSwag,qwen2.5:7b,52,52,in_attesa
3,222,HellaSwag,mistral,52,53,in_attesa
3,222,HellaSwag,qwen2.5:14b,53,54,in_attesa
3,223,GSM8K,llama3.2,50,53,in_attesa
3,223,GSM8K,llama3.1,53,54,in_attesa
3,223,GSM8K,gemma2:27b,50,55,in_attesa
3,223,GSM8K,phi3:mini,51,55,in_attesa
3,223,GSM8K,qwen2.5:7b,51,55,in_attesa
3,223,GSM8K,mistral,50,54,in_attesa
3,223,GSM8K,qwen2.5:14b,50,56,in_attesa
3,224,HumanEval,llama3.2,51,54,in_attesa
3,224,HumanEval,llama3.1,50,54,in_attesa
3,224,HumanEval,gemma2:27b,50,58,in_attesa
3,224,HumanEval,phi3:mini,53,56,in_attesa
3,224,HumanEval,qwen2.5:7b,51,56,in_attesa
3,224,HumanEval,mistral,51,55,in_attesa
3,224,HumanEval,qwen2.5:14b,50,58,in_attesa
3,225,HellaSwag,llama3.2,53,53,in_attesa
3,225,HellaSwag,llama3.1,53,54,in_attesa
3,225,HellaSwag,gemma2:27b,50,54,in_attesa
3,225,HellaSwag,phi3:mini,50,52,in_attesa
3,225,HellaSwag,qwen2.5:7b,52,52,in_attesa
3,225,HellaSwag,mistral,52,53,in_attesa
3,225,HellaSwag,qwen2.5:14b,53,54,in_attesa
3,226,GSM8K,llama3.2,53,53,in_attesa
3,226,GSM8K,llama3.1,53,54,in_attesa
3,226,GSM8K,gemma2:27b,50,57,in_attesa
3,226,GSM8K,phi3:mini,52,55,in_attesa
3,226,GSM8K,qwen2.5:7b,51,54,in_attesa
3,226,GSM8K,mistral,50,53,in_attesa
3,226,GSM8K,qwen2.5:14b,53,58,in_attesa
3,227,HellaSwag,llama3.2,52,52,in_attesa
3,227,HellaSwag,llama3.1,52,53,in_attesa
3,227,HellaSwag,gemma2:27b,53,54,in_attesa
3,227,HellaSwag,phi3:mini,50,50,in_attesa
3,227,HellaSwag,qwen2.5:7b,50,51,in_attesa
3,227,HellaSwag,mistral,51,52,in_attesa
3,227,HellaSwag,qwen2.5:14b,52,53,in_attesa
3,228,HumanEval,llama3.2,53,53,in_attesa
3,228,HumanEval,llama3.1,53,55,in_attesa
3,228,HumanEval,gemma2:27b,50,57,in_attesa
3,228,HumanEval,phi3:mini,53,56,in_attesa
3,228,HumanEval,qwen2.5:7b,51,57,in_attesa
3,228,HumanEval,mistral,51,56,in_attesa
3,228,HumanEval,qwen2.5:14b,51,60,in_attesa
3,229,HellaSwag,llama3.2,52,52,in_attesa
3,229,HellaSwag,llama3.1,52,53,in_attesa
3,229,HellaSwag,gemma2:27b,53,54,in_attesa
3,229,HellaSwag,phi3:mini,50,53,in_attesa
3,229,HellaSwag,qwen2.5:7b,53,53,in_attesa
3,229,HellaSwag,mistral,52,53,in_attesa
3,229,HellaSwag,qwen2.5:14b,53,53,in_attesa
3,230,GSM8K,llama3.2,53,53,in_attesa
3,230,GSM8K,llama3.1,53,54,in_attesa
3,230,GSM8K,gemma2:27b,50,57,in_attesa
3,230,GSM8K,phi3:mini,53,56,in_attesa
3,230,GSM8K,qwen2.5:7b,52,55,in_attesa
3,230,GSM8K,mistral,50,54,in_attesa
3,230,GSM8K,qwen2.5:14b,50,57,in_attesa
3,231,HellaSwag,llama3.2,52,52,in_attesa
3,231,HellaSwag,llama3.1,52,53,in_attesa
3,231,HellaSwag,gemma2:27b,52,54,in_attesa
3,231,HellaSwag,phi3:mini,49,51,in_attesa
3,231,HellaSwag,qwen2.5:7b,51,51,in_attesa
3,231,HellaSwag,mistral,51,52,in_attesa
3,231,HellaSwag,qwen2.5:14b,52,52,in_attesa
3,232,GSM8K,llama3.2,52,52,in_attesa
3,232,GSM8K,llama3.1,52,54,in_attesa
3,232,GSM8K,gemma2:27b,49,56,in_attesa
3,232,GSM8K,phi3:mini,52,55,in_attesa
3,232,GSM8K,qwen2.5:7b,51,55,in_attesa
3,232,GSM8K,mistral,50,54,in_attesa
3,232,GSM8K,qwen2.5:14b,53,57,in_attesa
3,233,GSM8K,llama3.2,52,55,in_attesa
3,233,GSM8K,llama3.1,50,53,in_attesa
3,233,GSM8K,gemma2:27b,53,58,in_attesa
3,233,GSM8K,phi3:mini,53,57,in_attesa
3,233,GSM8K,qwen2.5:7b,52,57,in_attesa
3,233,GSM8K,mistral,51,55,in_attesa
3,233,GSM8K,qwen2.5:14b,50,59,in_attesa
3,234,GSM8K,llama3.2,53,55,in_attesa
3,234,GSM8K,llama3.1,51,53,in_attesa
3,234,GSM8K,gemma2:27b,53,58,in_attesa
3,234,GSM8K,phi3:mini,53,57,in_attesa
3,234,GSM8K,qwen2.5:7b,52,56,in_attesa
3,234,GSM8K,mistral,51,55,in_attesa
3,234,GSM8K,qwen2.5:14b,50,59,in_attesa
3,235,GSM8K,llama3.2,51,53,in_attesa
3,235,GSM8K,llama3.1,53,54,in_attesa
3,235,GSM8K,gemma2:27b,50,54,in_attesa
3,235,GSM8K,phi3:mini,51,53,in_attesa
3,235,GSM8K,qwen2.5:7b,53,54,in_attesa
3,235,GSM8K,mistral,50,55,in_attesa
3,235,GSM8K,qwen2.5:14b,50,61,in_attesa
3,236,GSM8K,llama3.2,52,56,in_attesa
3,236,GSM8K,llama3.1,51,56,in_attesa
3,236,GSM8K,gemma2:27b,51,59,in_attesa
3,236,GSM8K,phi3:mini,52,55,in_attesa
3,236,GSM8K,qwen2.5:7b,51,57,in_attesa
3,236,GSM8K,mistral,51,55,in_attesa
3,236,GSM8K,qwen2.5:14b,51,60,in_attesa
3,237,HumanEval,llama3.2,52,56,in_attesa
3,237,HumanEval,llama3.1,51,56,in_attesa
3,237,HumanEval,gemma2:27b,51,58,in_attesa
3,237,HumanEval,phi3:mini,52,54,in_attesa
3,237,HumanEval,qwen2.5:7b,51,56,in_attesa
3,237,HumanEval,mistral,51,56,in_attesa
3,237,HumanEval,qwen2.5:14b,51,60,in_attesa
3,238,HellaSwag,llama3.2,52,53,in_attesa
3,238,HellaSwag,llama3.1,53,53,in_attesa
3,238,HellaSwag,gemma2:27b,53,54,in_attesa
3,238,HellaSwag,phi3:mini,50,54,in_attesa
3,238,HellaSwag,qwen2.5:7b,50,51,in_attesa
3,238,HellaSwag,mistral,51,52,in_attesa
3,238,HellaSwag,qwen2.5:14b,52,53,in_attesa
3,239,HellaSwag,llama3.2,53,51,in_attesa
3,239,HellaSwag,llama3.1,51,53,in_attesa
3,239,HellaSwag,gemma2:27b,53,54,in_attesa
3,239,HellaSwag,phi3:mini,50,52,in_attesa
3,239,HellaSwag,qwen2.5:7b,52,53,in_attesa
3,239,HellaSwag,mistral,52,53,in_attesa
3,239,HellaSwag,qwen2.5:14b,53,54,in_attesa
3,240,HumanEval,llama3.2,50,54,in_attesa
3,240,HumanEval,llama3.1,50,56,in_attesa
3,240,HumanEval,gemma2:27b,51,56,in_attesa
3,240,HumanEval,phi3:mini,52,55,in_attesa
3,240,HumanEval,qwen2.5:7b,51,57,in_attesa
3,240,HumanEval,mistral,52,55,in_attesa
3,240,HumanEval,qwen2.5:14b,50,60,in_attesa
3,241,GSM8K,llama3.2,52,56,in_attesa
3,241,GSM8K,llama3.1,50,56,in_attesa
3,241,GSM8K,gemma2:27b,51,59,in_attesa
3,241,GSM8K,phi3:mini,52,55,in_attesa
3,241,GSM8K,qwen2.5:7b,50,56,in_attesa
3,241,GSM8K,mistral,51,55,in_attesa
3,241,GSM8K,qwen2.5:14b,51,60,in_attesa
3,242,GSM8K,llama3.2,52,54,in_attesa
3,242,GSM8K,llama3.1,50,54,in_attesa
3,242,GSM8K,gemma2:27b,49,58,in_attesa
3,242,GSM8K,phi3:mini,51,55,in_attesa
3,242,GSM8K,qwen2.5:7b,53,56,in_attesa
3,242,GSM8K,mistral,51,53,in_attesa
3,242,GSM8K,qwen2.5:14b,53,60,in_attesa
3,243,HumanEval,llama3.2,52,55,in_attesa
3,243,HumanEval,llama3.1,51,57,in_attesa
3,243,HumanEval,gemma2:27b,51,58,in_attesa
3,243,HumanEval,phi3:mini,52,55,in_attesa
3,243,HumanEval,qwen2.5:7b,51,56,in_attesa
3,243,HumanEval,mistral,51,54,in_attesa
3,243,HumanEval,qwen2.5:14b,50,59,in_attesa
3,244,GSM8K,llama3.2,52,53,in_attesa
3,244,GSM8K,llama3.1,53,55,in_attesa
3,244,GSM8K,gemma2:27b,50,56,in_attesa
3,244,GSM8K,phi3:mini,52,54,in_attesa
3,244,GSM8K,qwen2.5:7b,51,54,in_attesa
3,244,GSM8K,mistral,49,53,in_attesa
3,244,GSM8K,qwen2.5:14b,53,57,in_attesa
3,245,HumanEval,llama3.2,52,55,in_attesa
3,245,HumanEval,llama3.1,51,55,in_attesa
3,245,HumanEval,gemma2:27b,50,59,in_attesa
3,245,HumanEval,phi3:mini,51,56,in_attesa
3,245,HumanEval,qwen2.5:7b,51,56,in_attesa
3,245,HumanEval,mistral,51,55,in_attesa
3,245,HumanEval,qwen2.5:14b,51,58,in_attesa
3,246,GSM8K,llama3.2,53,55,in_attesa
3,246,GSM8K,llama3.1,51,54,in_attesa
3,246,GSM8K,gemma2:27b,50,58,in_attesa
3,246,GSM8K,phi3:mini,51,54,in_attesa
3,246,GSM8K,qwen2.5:7b,51,54,in_attesa
3,246,GSM8K,mistral,50,53,in_attesa
3,246,GSM8K,qwen2.5:14b,53,57,in_attesa
3,247,GSM8K,llama3.2,53,54,in_attesa
3,247,GSM8K,llama3.1,50,54,in_attesa
3,247,GSM8K,gemma2:27b,53,56,in_attesa
3,247,GSM8K,phi3:mini,52,54,in_attesa
3,247,GSM8K,qwen2.5:7b,50,54,in_attesa
3,247,GSM8K,mistral,50,53,in_attesa
3,247,GSM8K,qwen2.5:14b,53,58,in_attesa
3,248,HellaSwag,llama3.2,53,55,in_attesa
3,248,HellaSwag,llama3.1,50,52,in_attesa
3,248,HellaSwag,gemma2:27b,52,54,in_attesa
3,248,HellaSwag,phi3:mini,50,51,in_attesa
3,248,HellaSwag,qwen2.5:7b,51,53,in_attesa
3,248,HellaSwag,mistral,53,54,in_attesa
3,248,HellaSwag,qwen2.5:14b,50,52,in_attesa
3,249,GSM8K,llama3.2,52,53,in_attesa
3,249,GSM8K,llama3.1,53,55,in_attesa
3,249,GSM8K,gemma2:27b,51,59,in_attesa
3,249,GSM8K,phi3:mini,52,56,in_attesa
3,249,GSM8K,qwen2.5:7b,51,56,in_attesa
3,249,GSM8K,mistral,51,55,in_attesa
3,249,GSM8K,qwen2.5:14b,50,61,in_attesa
3,250,HellaSwag,llama3.2,53,53,in_attesa
3,250,HellaSwag,llama3.1,53,53,in_attesa
3,250,HellaSwag,gemma2:27b,53,55,in_attesa
3,250,HellaSwag,phi3:mini,50,51,in_attesa
3,250,HellaSwag,qwen2.5:7b,51,52,in_attesa
3,250,HellaSwag,mistral,52,53,in_attesa
3,250,HellaSwag,qwen2.5:14b,53,53,in_attesa
3,251,GSM8K,llama3.2,53,53,in_attesa
3,251,GSM8K,llama3.1,53,54,in_attesa
3,251,GSM8K,gemma2:27b,50,56,in_attesa
3,251,GSM8K,phi3:mini,52,54,in_attesa
3,251,GSM8K,qwen2.5:7b,51,55,in_attesa
3,251,GSM8K,mistral,50,53,in_attesa
3,251,GSM8K,qwen2.5:14b,52,57,in_attesa
3,252,GSM8K,llama3.2,52,54,in_attesa
3,252,GSM8K,llama3.1,50,53,in_attesa
3,252,GSM8K,gemma2:27b,53,56,in_attesa
3,252,GSM8K,phi3:mini,52,56,in_attesa
3,252,GSM8K,qwen2.5:7b,51,55,in_attesa
3,252,GSM8K,mistral,50,54,in_attesa
3,252,GSM8K,qwen2.5:14b,49,57,in_attesa
3,253,HellaSwag,llama3.2,52,52,in_attesa
3,253,HellaSwag,llama3.1,52,53,in_attesa
3,253,HellaSwag,gemma2:27b,53,55,in_attesa
3,253,HellaSwag,phi3:mini,51,53,in_attesa
3,253,HellaSwag,qwen2.5:7b,53,53,in_attesa
3,253,HellaSwag,mistral,53,54,in_attesa
3,253,HellaSwag,qwen2.5:14b,50,53,in_attesa
3,254,HumanEval,llama3.2,53,55,in_attesa
3,254,HumanEval,llama3.1,50,56,in_attesa
3,254,HumanEval,gemma2:27b,51,59,in_attesa
3,254,HumanEval,phi3:mini,52,56,in_attesa
3,254,HumanEval,qwen2.5:7b,51,57,in_attesa
3,254,HumanEval,mistral,52,56,in_attesa
3,254,HumanEval,qwen2.5:14b,51,61,in_attesa
3,255,HellaSwag,llama3.2,53,53,in_attesa
3,255,HellaSwag,llama3.1,53,56,in_attesa
3,255,HellaSwag,gemma2:27b,50,53,in_attesa
3,255,HellaSwag,phi3:mini,53,53,in_attesa
3,255,HellaSwag,qwen2.5:7b,53,53,in_attesa
3,255,HellaSwag,mistral,52,53,in_attesa
3,255,HellaSwag,qwen2.5:14b,53,54,in_attesa
3,256,HellaSwag,llama3.2,50,51,in_attesa
3,256,HellaSwag,llama3.1,51,53,in_attesa
3,256,HellaSwag,gemma2:27b,53,54,in_attesa
3,256,HellaSwag,phi3:mini,50,53,in_attesa
3,256,HellaSwag,qwen2.5:7b,53,52,in_attesa
3,256,HellaSwag,mistral,52,53,in_attesa
3,256,HellaSwag,qwen2.5:14b,53,54,in_attesa
3,257,HellaSwag,llama3.2,50,51,in_attesa
3,257,HellaSwag,llama3.1,51,54,in_attesa
3,257,HellaSwag,gemma2:27b,49,53,in_attesa
3,257,HellaSwag,phi3:mini,53,54,in_attesa
3,257,HellaSwag,qwen2.5:7b,50,52,in_attesa
3,257,HellaSwag,mistral,51,53,in_attesa
3,257,HellaSwag,qwen2.5:14b,53,54,in_attesa
3,258,GSM8K,llama3.2,50,54,in_attesa
3,258,GSM8K,llama3.1,49,54,in_attesa
3,258,GSM8K,gemma2:27b,50,57,in_attesa
3,258,GSM8K,phi3:mini,53,56,in_attesa
3,258,GSM8K,qwen2.5:7b,52,57,in_attesa
3,258,GSM8K,mistral,52,55,in_attesa
3,258,GSM8K,qwen2.5:14b,51,60,in_attesa
3,259,HellaSwag,llama3.2,52,52,in_attesa
3,259,HellaSwag,llama3.1,52,54,in_attesa
3,259,HellaSwag,gemma2:27b,50,53,in_attesa
3,259,HellaSwag,phi3:mini,53,54,in_attesa
3,259,HellaSwag,qwen2.5:7b,51,52,in_attesa
3,259,HellaSwag,mistral,52,53,in_attesa
3,259,HellaSwag,qwen2.5:14b,53,57,in_attesa
3,260,GSM8K,llama3.2,53,55,in_attesa
3,260,GSM8K,llama3.1,51,55,in_attesa
3,260,GSM8K,gemma2:27b,51,59,in_attesa
3,260,GSM8K,phi3:mini,52,54,in_attesa
3,260,GSM8K,qwen2.5:7b,51,56,in_attesa
3,260,GSM8K,mistral,51,55,in_attesa
3,260,GSM8K,qwen2.5:14b,50,60,in_attesa
3,261,HumanEval,llama3.2,52,56,in_attesa
3,261,HumanEval,llama3.1,51,56,in_attesa
3,261,HumanEval,gemma2:27b,51,60,in_attesa
3,261,HumanEval,phi3:mini,52,57,in_attesa
3,261,HumanEval,qwen2.5:7b,51,56,in_attesa
3,261,HumanEval,mistral,51,55,in_attesa
3,261,HumanEval,qwen2.5:14b,50,60,in_attesa
3,262,GSM8K,llama3.2,52,55,in_attesa
3,262,GSM8K,llama3.1,50,54,in_attesa
3,262,GSM8K,gemma2:27b,49,58,in_attesa
3,262,GSM8K,phi3:mini,51,55,in_attesa
3,262,GSM8K,qwen2.5:7b,51,55,in_attesa
3,262,GSM8K,mistral,51,56,in_attesa
3,262,GSM8K,qwen2.5:14b,51,59,in_attesa
3,263,HellaSwag,llama3.2,51,52,in_attesa
3,263,HellaSwag,llama3.1,52,53,in_attesa
3,263,HellaSwag,gemma2:27b,53,54,in_attesa
3,263,HellaSwag,phi3:mini,50,53,in_attesa
3,263,HellaSwag,qwen2.5:7b,53,52,in_attesa
3,263,HellaSwag,mistral,52,53,in_attesa
3,263,HellaSwag,qwen2.5:14b,53,54,in_attesa
3,264,HellaSwag,llama3.2,51,51,in_attesa
3,264,HellaSwag,llama3.1,51,52,in_attesa
3,264,HellaSwag,gemma2:27b,52,54,in_attesa
3,264,HellaSwag,phi3:mini,50,52,in_attesa
3,264,HellaSwag,qwen2.5:7b,52,53,in_attesa
3,264,HellaSwag,mistral,52,54,in_attesa
3,264,HellaSwag,qwen2.5:14b,50,56,in_attesa
3,265,HellaSwag,llama3.2,52,53,in_attesa
3,265,HellaSwag,llama3.1,52,54,in_attesa
3,265,HellaSwag,gemma2:27b,50,54,in_attesa
3,265,HellaSwag,phi3:mini,50,52,in_attesa
3,265,HellaSwag,qwen2.5:7b,52,53,in_attesa
3,265,HellaSwag,mistral,53,53,in_attesa
3,265,HellaSwag,qwen2.5:14b,53,54,in_attesa
3,266,GSM8K,llama3.2,50,52,in_attesa
3,266,GSM8K,llama3.1,52,55,in_attesa
3,266,GSM8K,gemma2:27b,51,58,in_attesa
3,266,GSM8K,phi3:mini,53,55,in_attesa
3,266,GSM8K,qwen2.5:7b,52,56,in_attesa
3,266,GSM8K,mistral,52,56,in_attesa
3,266,GSM8K,qwen2.5:14b,51,60,in_attesa
3,267,HellaSwag,llama3.2,52,52,in_attesa
3,267,HellaSwag,llama3.1,52,55,in_attesa
3,267,HellaSwag,gemma2:27b,50,54,in_attesa
3,267,HellaSwag,phi3:mini,50,51,in_attesa
3,267,HellaSwag,qwen2.5:7b,51,52,in_attesa
3,267,HellaSwag,mistral,52,53,in_attesa
3,267,HellaSwag,qwen2.5:14b,53,53,in_attesa
3,268,HumanEval,llama3.2,53,54,in_attesa
3,268,HumanEval,llama3.1,50,55,in_attesa
3,268,HumanEval,gemma2:27b,51,58,in_attesa
3,268,HumanEval,phi3:mini,51,55,in_attesa
3,268,HumanEval,qwen2.5:7b,51,56,in_attesa
3,268,HumanEval,mistral,52,55,in_attesa
3,268,HumanEval,qwen2.5:14b,51,61,in_attesa
3,269,HumanEval,llama3.2,53,57,in_attesa
3,269,HumanEval,llama3.1,52,55,in_attesa
3,269,HumanEval,gemma2:27b,50,58,in_attesa
3,269,HumanEval,phi3:mini,51,53,in_attesa
3,269,HumanEval,qwen2.5:7b,53,56,in_attesa
3,269,HumanEval,mistral,51,53,in_attesa
3,269,HumanEval,qwen2.5:14b,53,61,in_attesa
3,270,HellaSwag,llama3.2,53,53,in_attesa
3,270,HellaSwag,llama3.1,53,54,in_attesa
3,270,HellaSwag,gemma2:27b,50,54,in_attesa
3,270,HellaSwag,phi3:mini,50,52,in_attesa
3,270,HellaSwag,qwen2.5:7b,52,53,in_attesa
3,270,HellaSwag,mistral,52,53,in_attesa
3,270,HellaSwag,qwen2.5:14b,53,53,in_attesa
3,271,HellaSwag,llama3.2,53,52,in_attesa
3,271,HellaSwag,llama3.1,52,53,in_attesa
3,271,HellaSwag,gemma2:27b,53,55,in_attesa
3,271,HellaSwag,phi3:mini,51,51,in_attesa
3,271,HellaSwag,qwen2.5:7b,51,52,in_attesa
3,271,HellaSwag,mistral,52,54,in_attesa
3,271,HellaSwag,qwen2.5:14b,50,53,in_attesa
3,272,GSM8K,llama3.2,52,53,in_attesa
3,272,GSM8K,llama3.1,53,54,in_attesa
3,272,GSM8K,gemma2:27b,50,57,in_attesa
3,272,GSM8K,phi3:mini,53,56,in_attesa
3,272,GSM8K,qwen2.5:7b,51,55,in_attesa
3,272,GSM8K,mistral,51,54,in_attesa
3,272,GSM8K,qwen2.5:14b,50,57,in_attesa
3,273,HumanEval,llama3.2,52,55,in_attesa
3,273,HumanEval,llama3.1,51,55,in_attesa
3,273,HumanEval,gemma2:27b,50,59,in_attesa
3,273,HumanEval,phi3:mini,52,56,in_attesa
3,273,HumanEval,qwen2.5:7b,51,56,in_attesa
3,273,HumanEval,mistral,51,55,in_attesa
3,273,HumanEval,qwen2.5:14b,50,58,in_attesa
3,274,HellaSwag,llama3.2,51,52,in_attesa
3,274,HellaSwag,llama3.1,52,53,in_attesa
3,274,HellaSwag,gemma2:27b,53,54,in_attesa
3,274,HellaSwag,phi3:mini,50,51,in_attesa
3,274,HellaSwag,qwen2.5:7b,51,52,in_attesa
3,274,HellaSwag,mistral,52,54,in_attesa
3,274,HellaSwag,qwen2.5:14b,50,52,in_attesa
3,275,HumanEval,llama3.2,52,55,in_attesa
3,275,HumanEval,llama3.1,50,55,in_attesa
3,275,HumanEval,gemma2:27b,51,59,in_attesa
3,275,HumanEval,phi3:mini,53,56,in_attesa
3,275,HumanEval,qwen2.5:7b,52,56,in_attesa
3,275,HumanEval,mistral,52,55,in_attesa
3,275,HumanEval,qwen2.5:14b,51,60,in_attesa
3,276,GSM8K,llama3.2,52,54,in_attesa
3,276,GSM8K,llama3.1,50,54,in_attesa
3,276,GSM8K,gemma2:27b,49,55,in_attesa
3,276,GSM8K,phi3:mini,52,54,in_attesa
3,276,GSM8K,qwen2.5:7b,51,55,in_attesa
3,276,GSM8K,mistral,51,54,in_attesa
3,276,GSM8K,qwen2.5:14b,50,59,in_attesa
3,277,GSM8K,llama3.2,53,55,in_attesa
3,277,GSM8K,llama3.1,51,55,in_attesa
3,277,GSM8K,gemma2:27b,50,58,in_attesa
3,277,GSM8K,phi3:mini,51,54,in_attesa
3,277,GSM8K,qwen2.5:7b,51,55,in_attesa
3,277,GSM8K,mistral,50,54,in_attesa
3,277,GSM8K,qwen2.5:14b,50,60,in_attesa
3,278,HellaSwag,llama3.2,52,53,in_attesa
3,278,HellaSwag,llama3.1,53,54,in_attesa
3,278,HellaSwag,gemma2:27b,50,54,in_attesa
3,278,HellaSwag,phi3:mini,50,54,in_attesa
3,278,HellaSwag,qwen2.5:7b,52,53,in_attesa
3,278,HellaSwag,mistral,53,54,in_attesa
3,278,HellaSwag,qwen2.5:14b,50,52,in_attesa
3,279,HumanEval,llama3.2,52,54,in_attesa
3,279,HumanEval,llama3.1,50,55,in_attesa
3,279,HumanEval,gemma2:27b,51,59,in_attesa
3,279,HumanEval,phi3:mini,52,57,in_attesa
3,279,HumanEval,qwen2.5:7b,51,56,in_attesa
3,279,HumanEval,mistral,51,56,in_attesa
3,279,HumanEval,qwen2.5:14b,51,60,in_attesa
3,280,HellaSwag,llama3.2,52,52,in_attesa
3,280,HellaSwag,llama3.1,52,53,in_attesa
3,280,HellaSwag,gemma2:27b,53,54,in_attesa
3,280,HellaSwag,phi3:mini,50,52,in_attesa
3,280,HellaSwag,qwen2.5:7b,52,52,in_attesa
3,280,HellaSwag,mistral,52,53,in_attesa
3,280,HellaSwag,qwen2.5:14b,53,54,in_attesa
3,281,HumanEval,llama3.2,50,54,in_attesa
3,281,HumanEval,llama3.1,50,56,in_attesa
3,281,HumanEval,gemma2:27b,51,59,in_attesa
3,281,HumanEval,phi3:mini,52,55,in_attesa
3,281,HumanEval,qwen2.5:7b,50,55,in_attesa
3,281,HumanEval,mistral,50,55,in_attesa
3,281,HumanEval,qwen2.5:14b,50,61,in_attesa
3,282,HumanEval,llama3.2,53,56,in_attesa
3,282,HumanEval,llama3.1,52,56,in_attesa
3,282,HumanEval,gemma2:27b,51,60,in_attesa
3,282,HumanEval,phi3:mini,52,55,in_attesa
3,282,HumanEval,qwen2.5:7b,51,55,in_attesa
3,282,HumanEval,mistral,50,55,in_attesa
3,282,HumanEval,qwen2.5:14b,50,60,in_attesa
3,283,HellaSwag,llama3.2,52,53,in_attesa
3,283,HellaSwag,llama3.1,53,53,in_attesa
3,283,HellaSwag,gemma2:27b,53,55,in_attesa
3,283,HellaSwag,phi3:mini,51,53,in_attesa
3,283,HellaSwag,qwen2.5:7b,53,53,in_attesa
3,283,HellaSwag,mistral,52,53,in_attesa
3,283,HellaSwag,qwen2.5:14b,53,54,in_attesa
3,284,GSM8K,llama3.2,53,53,in_attesa
3,284,GSM8K,llama3.1,53,54,in_attesa
3,284,GSM8K,gemma2:27b,50,57,in_attesa
3,284,GSM8K,phi3:mini,53,56,in_attesa
3,284,GSM8K,qwen2.5:7b,52,55,in_attesa
3,284,GSM8K,mistral,51,55,in_attesa
3,284,GSM8K,qwen2.5:14b,50,57,in_attesa
3,285,HumanEval,llama3.2,53,56,in_attesa
3,285,HumanEval,llama3.1,52,57,in_attesa
3,285,HumanEval,gemma2:27b,52,57,in_attesa
3,285,HumanEval,phi3:mini,53,56,in_attesa
3,285,HumanEval,qwen2.5:7b,52,57,in_attesa
3,285,HumanEval,mistral,52,54,in_attesa
3,285,HumanEval,qwen2.5:14b,50,60,in_attesa
3,286,HellaSwag,llama3.2,52,53,in_attesa
3,286,HellaSwag,llama3.1,53,54,in_attesa
3,286,HellaSwag,gemma2:27b,50,54,in_attesa
3,286,HellaSwag,phi3:mini,50,52,in_attesa
3,286,HellaSwag,qwen2.5:7b,52,52,in_attesa
3,286,HellaSwag,mistral,52,53,in_attesa
3,286,HellaSwag,qwen2.5:14b,53,54,in_attesa
3,287,HellaSwag,llama3.2,50,52,in_attesa
3,287,HellaSwag,llama3.1,52,53,in_attesa
3,287,HellaSwag,gemma2:27b,53,55,in_attesa
3,287,HellaSwag,phi3:mini,50,51,in_attesa
3,287,HellaSwag,qwen2.5:7b,51,53,in_attesa
3,287,HellaSwag,mistral,53,53,in_attesa
3,287,HellaSwag,qwen2.5:14b,53,55,in_attesa
3,288,GSM8K,llama3.2,50,53,in_attesa
3,288,GSM8K,llama3.1,53,54,in_attesa
3,288,GSM8K,gemma2:27b,50,55,in_attesa
3,288,GSM8K,phi3:mini,52,54,in_attesa
3,288,GSM8K,qwen2.5:7b,50,53,in_attesa
3,288,GSM8K,mistral,53,55,in_attesa
3,288,GSM8K,qwen2.5:14b,50,57,in_attesa
3,289,GSM8K,llama3.2,52,54,in_attesa
3,289,GSM8K,llama3.1,50,53,in_attesa
3,289,GSM8K,gemma2:27b,53,56,in_attesa
3,289,GSM8K,phi3:mini,53,55,in_attesa
3,289,GSM8K,qwen2.5:7b,51,55,in_attesa
3,289,GSM8K,mistral,51,54,in_attesa
3,289,GSM8K,qwen2.5:14b,50,56,in_attesa
3,290,GSM8K,llama3.2,52,54,in_attesa
3,290,GSM8K,llama3.1,50,54,in_attesa
3,290,GSM8K,gemma2:27b,49,57,in_attesa
3,290,GSM8K,phi3:mini,53,57,in_attesa
3,290,GSM8K,qwen2.5:7b,52,56,in_attesa
3,290,GSM8K,mistral,52,55,in_attesa
3,290,GSM8K,qwen2.5:14b,51,57,in_attesa
3,291,HumanEval,llama3.2,52,55,in_attesa
3,291,HumanEval,llama3.1,51,56,in_attesa
3,291,HumanEval,gemma2:27b,51,59,in_attesa
3,291,HumanEval,phi3:mini,52,54,in_attesa
3,291,HumanEval,qwen2.5:7b,51,56,in_attesa
3,291,HumanEval,mistral,51,54,in_attesa
3,291,HumanEval,qwen2.5:14b,50,60,in_attesa
3,292,GSM8K,llama3.2,52,55,in_attesa
3,292,GSM8K,llama3.1,51,54,in_attesa
3,292,GSM8K,gemma2:27b,50,57,in_attesa
3,292,GSM8K,phi3:mini,51,55,in_attesa
3,292,GSM8K,qwen2.5:7b,51,54,in_attesa
3,292,GSM8K,mistral,50,54,in_attesa
3,292,GSM8K,qwen2.5:14b,50,60,in_attesa
3,293,HumanEval,llama3.2,52,55,in_attesa
3,293,HumanEval,llama3.1,51,56,in_attesa
3,293,HumanEval,gemma2:27b,51,59,in_attesa
3,293,HumanEval,phi3:mini,52,55,in_attesa
3,293,HumanEval,qwen2.5:7b,51,57,in_attesa
3,293,HumanEval,mistral,52,55,in_attesa
3,293,HumanEval,qwen2.5:14b,51,61,in_attesa
3,294,GSM8K,llama3.2,53,56,in_attesa
3,294,GSM8K,llama3.1,51,54,in_attesa
3,294,GSM8K,gemma2:27b,49,57,in_attesa
3,294,GSM8K,phi3:mini,53,56,in_attesa
3,294,GSM8K,qwen2.5:7b,52,55,in_attesa
3,294,GSM8K,mistral,51,54,in_attesa
3,294,GSM8K,qwen2.5:14b,50,58,in_attesa
3,295,GSM8K,llama3.2,51,53,in_attesa
3,295,GSM8K,llama3.1,53,55,in_attesa
3,295,GSM8K,gemma2:27b,50,57,in_attesa
3,295,GSM8K,phi3:mini,53,57,in_attesa
3,295,GSM8K,qwen2.5:7b,52,56,in_attesa
3,295,GSM8K,mistral,51,54,in_attesa
3,295,GSM8K,qwen2.5:14b,50,60,in_attesa
3,296,HellaSwag,llama3.2,52,53,in_attesa
3,296,HellaSwag,llama3.1,52,54,in_attesa
3,296,HellaSwag,gemma2:27b,50,54,in_attesa
3,296,HellaSwag,phi3:mini,50,52,in_attesa
3,296,HellaSwag,qwen2.5:7b,52,53,in_attesa
3,296,HellaSwag,mistral,52,53,in_attesa
3,296,HellaSwag,qwen2.5:14b,53,54,in_attesa
3,297,HellaSwag,llama3.2,50,51,in_attesa
3,297,HellaSwag,llama3.1,51,53,in_attesa
3,297,HellaSwag,gemma2:27b,53,55,in_attesa
3,297,HellaSwag,phi3:mini,52,53,in_attesa
3,297,HellaSwag,qwen2.5:7b,53,54,in_attesa
3,297,HellaSwag,mistral,51,53,in_attesa
3,297,HellaSwag,qwen2.5:14b,53,54,in_attesa
3,298,HellaSwag,llama3.2,50,51,in_attesa
3,298,HellaSwag,llama3.1,51,53,in_attesa
3,298,HellaSwag,gemma2:27b,52,54,in_attesa
3,298,HellaSwag,phi3:mini,50,51,in_attesa
3,298,HellaSwag,qwen2.5:7b,51,53,in_attesa
3,298,HellaSwag,mistral,53,54,in_attesa
3,298,HellaSwag,qwen2.5:14b,50,53,in_attesa
3,299,GSM8K,llama3.2,53,54,in_attesa
3,299,GSM8K,llama3.1,53,57,in_attesa
3,299,GSM8K,gemma2:27b,52,59,in_attesa
3,299,GSM8K,phi3:mini,52,57,in_attesa
3,299,GSM8K,qwen2.5:7b,52,57,in_attesa
3,299,GSM8K,mistral,52,56,in_attesa
3,299,GSM8K,qwen2.5:14b,51,60,in_attesa
3,300,GSM8K,llama3.2,52,54,in_attesa
3,300,GSM8K,llama3.1,53,54,in_attesa
3,300,GSM8K,gemma2:27b,50,57,in_attesa
3,300,GSM8K,phi3:mini,53,56,in_attesa
3,300,GSM8K,qwen2.5:7b,52,55,in_attesa
3,300,GSM8K,mistral,51,54,in_attesa
3,300,GSM8K,qwen2.5:14b,50,57,in_attesa
